Date,ToVol,SmVol,MeVol,LaVol,Speed,OccRate
2017-04-01 07:00:00,82,53,29,0,65.8,2.7
2017-04-01 07:05:00,90,43,46,1,66.7,2.76
2017-04-01 07:10:00,66,30,36,0,67.8,2.42
2017-04-01 07:15:00,81,40,41,0,63.9,2.95
2017-04-01 07:20:00,78,39,39,0,66.8,2.45
2017-04-01 07:25:00,85,44,39,2,68.0,2.9
2017-04-01 07:30:00,89,52,37,0,67.4,3.38
2017-04-01 07:35:00,85,52,32,1,62.3,2.98
2017-04-01 07:40:00,87,52,35,0,64.4,3.0
2017-04-01 07:45:00,102,59,42,1,68.0,3.34
2017-04-01 07:50:00,99,58,39,2,62.3,4.25
2017-04-01 07:55:00,101,50,50,1,70.4,3.37
2017-04-01 08:00:00,100,64,36,0,63.3,3.21
2017-04-01 08:05:00,122,75,45,2,61.1,4.95
2017-04-01 08:10:00,105,61,42,2,61.9,3.61
2017-04-01 08:15:00,96,56,40,0,64.8,3.13
2017-04-01 08:20:00,112,68,42,2,58.0,6.08
2017-04-01 08:25:00,121,72,45,4,62.8,8.1
2017-04-01 08:30:00,67,42,24,1,63.2,2.9
2017-04-01 08:35:00,54,40,14,0,60.8,1.97
2017-04-01 08:40:00,130,83,47,0,65.3,5.09
2017-04-01 08:45:00,132,92,37,3,63.3,5.15
2017-04-01 08:50:00,130,100,28,2,67.2,4.12
2017-04-01 08:55:00,115,82,31,2,65.0,4.1
2017-04-01 09:00:00,136,96,40,0,57.7,8.67
2017-04-01 09:05:00,131,87,43,1,64.3,5.91
2017-04-01 09:10:00,129,91,37,1,59.7,4.53
2017-04-01 09:15:00,118,82,34,2,61.1,4.99
2017-04-01 09:20:00,127,99,28,0,61.8,5.28
2017-04-01 09:25:00,150,97,53,0,66.0,5.13
2017-04-01 09:30:00,155,100,54,1,63.9,5.8
2017-04-01 09:35:00,169,120,48,1,63.9,5.64
2017-04-01 09:40:00,161,116,44,1,64.2,5.41
2017-04-01 09:45:00,109,79,29,1,62.9,7.61
2017-04-01 09:50:00,153,107,46,0,66.8,4.5
2017-04-01 09:55:00,131,86,44,1,64.1,4.15
2017-04-01 10:00:00,114,66,48,0,68.0,3.36
2017-04-01 10:05:00,142,93,45,4,64.7,4.38
2017-04-01 10:10:00,126,86,40,0,65.6,4.06
2017-04-01 10:15:00,159,97,60,2,59.4,6.55
2017-04-01 10:20:00,147,100,46,1,63.8,4.94
2017-04-01 10:25:00,137,97,38,2,64.1,5.49
2017-04-01 10:30:00,144,91,52,1,61.8,6.04
2017-04-01 10:35:00,131,81,48,2,64.0,5.19
2017-04-01 10:40:00,132,81,49,2,62.3,5.99
2017-04-01 10:45:00,140,93,44,3,65.1,4.55
2017-04-01 10:50:00,135,91,41,3,69.3,4.73
2017-04-01 10:55:00,160,102,58,0,64.0,5.67
2017-04-01 11:00:00,150,105,45,0,67.1,5.22
2017-04-01 11:05:00,144,95,47,2,63.3,6.02
2017-04-01 11:10:00,174,108,65,1,62.8,6.64
2017-04-01 11:15:00,157,101,54,2,60.3,6.63
2017-04-01 11:20:00,139,92,45,2,60.5,5.2
2017-04-01 11:25:00,150,98,52,0,61.1,5.35
2017-04-01 11:30:00,157,106,50,1,57.8,6.2
2017-04-01 11:35:00,184,128,54,2,59.1,10.21
2017-04-01 11:40:00,130,96,33,1,63.8,4.87
2017-04-01 11:45:00,155,98,56,1,54.6,9.22
2017-04-01 11:50:00,169,99,68,2,55.6,9.85
2017-04-01 11:55:00,145,91,53,1,56.8,14.1
2017-04-01 12:00:00,157,108,46,3,61.6,7.36
2017-04-01 12:05:00,147,98,49,0,59.2,7.6
2017-04-01 12:10:00,168,109,59,0,59.5,10.87
2017-04-01 12:15:00,175,108,66,1,59.9,6.55
2017-04-01 12:20:00,171,90,81,0,61.5,6.56
2017-04-01 12:25:00,156,94,62,0,56.1,13.32
2017-04-01 12:30:00,158,108,49,1,54.8,12.61
2017-04-01 12:35:00,185,129,53,3,56.5,16.54
2017-04-01 12:40:00,134,89,44,1,61.2,12.12
2017-04-01 12:45:00,168,109,59,0,58.2,9.95
2017-04-01 12:50:00,178,136,41,1,56.1,11.59
2017-04-01 12:55:00,166,126,39,1,55.8,12.63
2017-04-01 13:00:00,184,128,54,2,56.8,11.18
2017-04-01 13:05:00,175,112,62,1,54.6,12.91
2017-04-01 13:10:00,163,107,55,1,53.4,17.53
2017-04-01 13:15:00,157,112,44,1,57.0,15.25
2017-04-01 13:20:00,167,114,53,0,53.2,11.44
2017-04-01 13:25:00,149,103,45,1,55.1,13.05
2017-04-01 13:30:00,148,102,44,2,57.2,11.91
2017-04-01 13:35:00,131,87,44,0,53.7,20.16
2017-04-01 13:40:00,186,126,60,0,57.7,9.81
2017-04-01 13:45:00,181,109,72,0,56.8,9.79
2017-04-01 13:50:00,185,121,62,2,52.1,14.33
2017-04-01 13:55:00,196,143,52,1,55.2,15.03
2017-04-01 14:00:00,187,137,49,1,52.2,13.98
2017-04-01 14:05:00,186,140,46,0,55.2,13.6
2017-04-01 14:10:00,169,105,64,0,54.0,18.28
2017-04-01 14:15:00,180,106,74,0,55.9,13.37
2017-04-01 14:20:00,152,90,62,0,56.4,13.87
2017-04-01 14:25:00,164,98,65,1,53.6,15.37
2017-04-01 14:30:00,175,94,77,4,55.1,10.76
2017-04-01 14:35:00,186,132,53,1,56.0,8.55
2017-04-01 14:40:00,191,131,60,0,56.3,10.55
2017-04-01 14:45:00,187,125,58,4,51.7,15.21
2017-04-01 14:50:00,148,90,58,0,55.3,15.59
2017-04-01 14:55:00,190,128,61,1,53.6,16.0
2017-04-01 15:00:00,173,111,61,1,54.3,12.3
2017-04-01 15:05:00,176,102,74,0,55.1,10.07
2017-04-01 15:10:00,151,87,64,0,57.4,5.82
2017-04-01 15:15:00,167,104,61,2,54.8,8.92
2017-04-01 15:20:00,179,117,59,3,53.6,9.95
2017-04-01 15:25:00,165,114,49,2,54.9,9.21
2017-04-01 15:30:00,178,118,60,0,54.6,10.21
2017-04-01 15:35:00,163,107,54,2,50.2,16.82
2017-04-01 15:40:00,167,121,43,3,49.3,19.08
2017-04-01 15:45:00,175,122,53,0,49.0,15.37
2017-04-01 15:50:00,183,120,60,3,53.0,9.25
2017-04-01 15:55:00,158,89,67,2,57.3,6.92
2017-04-01 16:00:00,166,97,68,1,54.6,8.79
2017-04-01 16:05:00,179,121,58,0,53.3,10.15
2017-04-01 16:10:00,186,126,58,2,52.6,10.57
2017-04-01 16:15:00,165,103,59,3,53.5,14.85
2017-04-01 16:20:00,162,96,65,1,50.7,12.99
2017-04-01 16:25:00,148,94,54,0,50.0,23.11
2017-04-01 16:30:00,176,123,51,2,51.9,17.94
2017-04-01 16:35:00,177,114,62,1,53.1,11.52
2017-04-01 16:40:00,155,99,55,1,57.2,9.1
2017-04-01 16:45:00,172,108,62,2,58.0,8.76
2017-04-01 16:50:00,156,111,44,1,54.1,10.48
2017-04-01 16:55:00,165,118,46,1,53.4,9.67
2017-04-01 17:00:00,161,109,52,0,51.6,12.5
2017-04-01 17:05:00,174,138,36,0,48.5,19.81
2017-04-01 17:10:00,177,123,54,0,52.8,15.97
2017-04-01 17:15:00,166,121,44,1,54.3,18.19
2017-04-01 17:20:00,182,139,40,3,53.4,13.46
2017-04-01 17:25:00,141,112,27,2,59.8,11.06
2017-04-01 17:30:00,161,131,30,0,54.5,8.07
2017-04-01 17:35:00,179,136,42,1,56.3,12.01
2017-04-01 17:40:00,149,112,34,3,57.4,7.37
2017-04-01 17:45:00,171,142,28,1,46.9,16.19
2017-04-01 17:50:00,169,140,26,3,53.4,14.8
2017-04-01 17:55:00,185,163,20,2,52.4,13.07
2017-04-01 18:00:00,158,133,23,2,55.0,10.63
2017-04-01 18:05:00,172,151,20,1,55.2,7.56
2017-04-01 18:10:00,193,160,31,2,52.9,8.76
2017-04-01 18:15:00,184,161,21,2,54.6,7.89
2017-04-01 18:20:00,182,166,15,1,54.3,7.86
2017-04-01 18:25:00,161,133,26,2,54.3,7.06
2017-04-01 18:30:00,188,138,50,0,50.6,12.86
2017-04-01 18:35:00,160,116,43,1,50.0,10.68
2017-04-01 18:40:00,159,115,44,0,52.1,14.9
2017-04-01 18:45:00,139,102,36,1,56.8,6.94
2017-04-01 18:50:00,162,115,47,0,56.1,10.35
2017-04-01 18:55:00,163,126,36,1,56.6,8.54
2017-04-01 19:00:00,146,104,42,0,55.0,9.2
2017-04-01 19:05:00,127,105,21,1,59.2,5.46
2017-04-01 19:10:00,151,131,19,1,57.5,7.36
2017-04-01 19:15:00,164,128,35,1,58.3,9.43
2017-04-01 19:20:00,113,85,28,0,52.8,7.41
2017-04-01 19:25:00,115,94,21,0,57.4,5.87
2017-04-01 19:30:00,116,83,33,0,56.6,8.44
2017-04-01 19:35:00,151,122,28,1,55.0,10.72
2017-04-01 19:40:00,145,107,35,3,55.3,8.81
2017-04-01 19:45:00,131,97,34,0,60.3,7.4
2017-04-01 19:50:00,134,94,39,1,59.6,10.04
2017-04-01 19:55:00,157,122,34,1,57.6,10.97
2017-04-01 20:00:00,114,97,16,1,58.4,8.63
2017-04-01 20:05:00,98,56,41,1,64.8,3.97
2017-04-01 20:10:00,103,68,33,2,58.2,5.93
2017-04-01 20:15:00,124,99,25,0,60.8,7.65
2017-04-01 20:20:00,137,112,25,0,51.6,9.73
2017-04-01 20:25:00,128,101,25,2,58.4,8.06
2017-04-01 20:30:00,114,80,32,2,55.9,5.59
2017-04-01 20:35:00,127,91,35,1,57.1,7.91
2017-04-01 20:40:00,140,106,34,0,56.8,8.66
2017-04-01 20:45:00,128,93,33,2,58.6,7.1
2017-04-01 20:50:00,132,100,29,3,51.9,13.07
2017-04-01 20:55:00,100,84,15,1,54.2,8.7
2017-04-01 21:00:00,97,66,31,0,59.8,3.81
2017-04-01 21:05:00,112,86,26,0,55.8,10.83
2017-04-01 21:10:00,129,96,32,1,59.0,7.27
2017-04-01 21:15:00,107,80,27,0,63.4,5.59
2017-04-01 21:20:00,124,94,30,0,58.7,7.79
2017-04-01 21:25:00,119,85,33,1,54.1,6.05
2017-04-01 21:30:00,105,64,40,1,60.7,4.63
2017-04-01 21:35:00,109,78,31,0,59.2,6.45
2017-04-01 21:40:00,113,77,36,0,65.7,5.24
2017-04-01 21:45:00,105,78,24,3,63.0,5.23
2017-04-01 21:50:00,110,88,22,0,59.0,5.8
2017-04-01 21:55:00,100,65,35,0,64.7,5.25
2017-04-01 22:00:00,93,68,25,0,64.7,4.22
2017-04-01 22:05:00,86,60,26,0,60.6,3.86
2017-04-01 22:10:00,92,63,29,0,63.8,4.15
2017-04-01 22:15:00,80,65,13,2,61.5,3.48
2017-04-01 22:20:00,74,51,21,2,63.2,3.42
2017-04-01 22:25:00,72,46,26,0,61.4,3.84
2017-04-01 22:30:00,82,53,29,0,63.2,4.62
2017-04-01 22:35:00,67,46,21,0,62.7,2.68
2017-04-01 22:40:00,86,64,22,0,64.8,4.14
2017-04-01 22:45:00,59,37,22,0,63.1,2.24
2017-04-01 22:50:00,63,49,14,0,61.9,2.43
2017-04-01 22:55:00,67,53,14,0,59.8,2.93
2017-04-01 23:00:00,64,44,20,0,60.2,3.28
2017-04-01 23:05:00,49,27,22,0,66.9,2.04
2017-04-01 23:10:00,47,30,17,0,65.7,1.61
2017-04-01 23:15:00,56,33,22,1,69.6,1.99
2017-04-01 23:20:00,60,40,20,0,68.7,2.65
2017-04-01 23:25:00,38,24,14,0,60.6,1.39
2017-04-01 23:30:00,50,28,20,2,65.7,2.22
2017-04-01 23:35:00,31,14,16,1,63.2,1.3
2017-04-01 23:40:00,52,33,19,0,58.3,1.98
2017-04-01 23:45:00,43,30,13,0,65.6,1.88
2017-04-01 23:50:00,34,18,16,0,68.6,1.26
2017-04-01 23:55:00,46,32,14,0,63.6,1.64
2017-04-02 00:00:00,33,24,9,0,58.2,1.31
2017-04-02 00:05:00,22,16,6,0,69.5,0.92
2017-04-02 00:10:00,26,20,6,0,63.4,0.92
2017-04-02 00:15:00,32,16,16,0,57.6,1.07
2017-04-02 00:20:00,25,14,11,0,64.8,0.91
2017-04-02 00:25:00,34,19,15,0,65.4,1.2
2017-04-02 00:30:00,26,19,7,0,61.4,0.99
2017-04-02 00:35:00,22,13,9,0,64.2,0.78
2017-04-02 00:40:00,15,13,2,0,53.7,0.57
2017-04-02 00:45:00,17,9,8,0,61.7,0.7
2017-04-02 00:50:00,23,15,8,0,67.9,0.81
2017-04-02 00:55:00,25,17,8,0,62.1,0.84
2017-04-02 01:00:00,21,11,10,0,62.3,0.77
2017-04-02 01:05:00,24,17,7,0,69.3,0.76
2017-04-02 01:10:00,19,13,6,0,61.3,0.79
2017-04-02 01:15:00,17,10,7,0,69.9,0.56
2017-04-02 01:20:00,22,14,8,0,68.9,0.74
2017-04-02 01:25:00,20,14,6,0,62.3,0.7
2017-04-02 01:30:00,23,20,3,0,72.5,0.76
2017-04-02 01:35:00,17,11,6,0,58.8,0.68
2017-04-02 01:40:00,18,10,8,0,70.8,0.66
2017-04-02 01:45:00,17,11,6,0,68.3,0.59
2017-04-02 01:50:00,14,13,1,0,69.6,0.51
2017-04-02 01:55:00,11,7,4,0,67.4,0.4
2017-04-02 02:00:00,9,7,2,0,59.8,0.33
2017-04-02 02:05:00,10,9,1,0,69.8,0.3
2017-04-02 02:10:00,17,14,3,0,68.8,0.59
2017-04-02 02:15:00,14,4,10,0,72.8,0.43
2017-04-02 02:20:00,9,8,1,0,67.4,0.32
2017-04-02 02:25:00,17,9,8,0,66.5,0.62
2017-04-02 02:30:00,13,8,5,0,57.8,0.46
2017-04-02 02:35:00,9,6,3,0,73.3,0.21
2017-04-02 02:40:00,16,11,5,0,56.2,0.53
2017-04-02 02:45:00,12,8,4,0,62.1,0.45
2017-04-02 02:50:00,7,6,1,0,75.4,0.2
2017-04-02 02:55:00,5,4,1,0,53.0,0.21
2017-04-02 03:00:00,8,5,3,0,68.9,0.29
2017-04-02 03:05:00,7,5,2,0,74.9,0.23
2017-04-02 03:10:00,10,6,4,0,52.8,0.49
2017-04-02 03:15:00,9,6,3,0,65.3,0.37
2017-04-02 03:20:00,9,7,2,0,52.7,0.27
2017-04-02 03:25:00,7,4,3,0,60.4,0.23
2017-04-02 03:30:00,9,7,2,0,65.1,0.35
2017-04-02 03:35:00,11,10,1,0,58.8,0.47
2017-04-02 03:40:00,12,10,2,0,72.7,0.43
2017-04-02 03:45:00,15,10,5,0,55.7,0.5
2017-04-02 03:50:00,11,5,6,0,60.3,0.33
2017-04-02 03:55:00,10,7,3,0,68.9,0.31
2017-04-02 04:00:00,10,7,3,0,75.3,0.42
2017-04-02 04:05:00,5,3,2,0,70.1,0.19
2017-04-02 04:10:00,13,9,4,0,59.6,0.47
2017-04-02 04:15:00,9,6,3,0,68.8,0.34
2017-04-02 04:20:00,13,8,5,0,69.1,0.47
2017-04-02 04:25:00,11,6,5,0,51.6,0.51
2017-04-02 04:30:00,8,6,2,0,63.6,0.32
2017-04-02 04:35:00,13,5,8,0,79.0,0.45
2017-04-02 04:40:00,11,7,4,0,76.5,0.31
2017-04-02 04:45:00,13,8,5,0,66.2,0.38
2017-04-02 04:50:00,10,7,3,0,63.9,0.32
2017-04-02 04:55:00,9,8,1,0,68.2,0.34
2017-04-02 05:00:00,10,8,2,0,59.1,0.33
2017-04-02 05:05:00,11,7,4,0,63.6,0.33
2017-04-02 05:10:00,16,7,9,0,62.8,0.72
2017-04-02 05:15:00,15,7,8,0,68.4,0.59
2017-04-02 05:20:00,16,10,6,0,63.7,0.62
2017-04-02 05:25:00,20,12,7,1,61.2,3.53
2017-04-02 05:30:00,14,11,3,0,58.4,0.53
2017-04-02 05:35:00,18,10,8,0,72.0,0.58
2017-04-02 05:40:00,21,12,8,1,61.0,1.03
2017-04-02 05:45:00,19,12,7,0,67.8,0.83
2017-04-02 05:50:00,14,11,3,0,68.6,0.55
2017-04-02 05:55:00,14,11,3,0,72.1,0.52
2017-04-02 06:00:00,26,23,3,0,62.9,1.26
2017-04-02 06:05:00,23,16,7,0,63.2,0.84
2017-04-02 06:10:00,25,19,5,1,65.8,0.78
2017-04-02 06:15:00,30,21,9,0,65.5,1.02
2017-04-02 06:20:00,26,22,4,0,67.4,1.04
2017-04-02 06:25:00,37,24,12,1,67.1,1.18
2017-04-02 06:30:00,39,27,12,0,72.8,1.01
2017-04-02 06:35:00,22,17,5,0,60.3,0.78
2017-04-02 06:40:00,41,27,13,1,55.8,1.75
2017-04-02 06:45:00,40,28,12,0,69.2,1.13
2017-04-02 06:50:00,52,33,16,3,66.5,1.77
2017-04-02 06:55:00,32,23,9,0,61.1,1.2
2017-04-02 07:00:00,26,20,6,0,71.5,0.74
2017-04-02 07:05:00,43,34,8,1,74.8,1.16
2017-04-02 07:10:00,30,20,9,1,68.2,0.95
2017-04-02 07:15:00,38,30,7,1,65.5,1.11
2017-04-02 07:20:00,39,28,11,0,74.9,1.2
2017-04-02 07:25:00,30,21,9,0,65.5,3.52
2017-04-02 07:30:00,57,40,16,1,67.2,1.73
2017-04-02 07:35:00,56,46,9,1,68.2,1.66
2017-04-02 07:40:00,56,36,18,2,67.3,2.05
2017-04-02 07:45:00,60,27,32,1,70.9,1.89
2017-04-02 07:50:00,50,29,20,1,66.1,1.58
2017-04-02 07:55:00,43,25,18,0,71.4,1.22
2017-04-02 08:00:00,54,37,16,1,69.9,1.77
2017-04-02 08:05:00,57,45,12,0,71.0,1.7
2017-04-02 08:10:00,63,46,15,2,72.2,1.85
2017-04-02 08:15:00,55,39,16,0,67.3,1.94
2017-04-02 08:20:00,66,55,11,0,68.1,2.08
2017-04-02 08:25:00,74,65,9,0,67.5,2.13
2017-04-02 08:30:00,102,81,20,1,67.5,3.0
2017-04-02 08:35:00,82,60,22,0,64.3,2.72
2017-04-02 08:40:00,121,91,29,1,64.1,3.97
2017-04-02 08:45:00,110,87,22,1,67.4,3.37
2017-04-02 08:50:00,74,61,10,3,63.7,2.64
2017-04-02 08:55:00,102,77,25,0,64.9,3.2
2017-04-02 09:00:00,93,72,18,3,68.4,2.66
2017-04-02 09:05:00,87,62,24,1,66.2,2.5
2017-04-02 09:10:00,87,65,22,0,65.2,2.73
2017-04-02 09:15:00,85,67,18,0,66.4,2.38
2017-04-02 09:20:00,82,59,22,1,71.3,2.23
2017-04-02 09:25:00,98,77,21,0,70.1,2.67
2017-04-02 09:30:00,119,84,35,0,65.0,3.67
2017-04-02 09:35:00,95,66,28,1,66.1,2.85
2017-04-02 09:40:00,114,97,16,1,65.2,3.39
2017-04-02 09:45:00,94,63,29,2,63.8,2.81
2017-04-02 09:50:00,120,81,39,0,68.1,3.44
2017-04-02 09:55:00,107,82,25,0,64.3,3.67
2017-04-02 10:00:00,104,73,30,1,66.7,2.96
2017-04-02 10:05:00,93,58,32,3,65.2,2.83
2017-04-02 10:10:00,107,83,23,1,65.2,3.08
2017-04-02 10:15:00,129,92,37,0,61.4,4.12
2017-04-02 10:20:00,151,103,47,1,65.6,4.35
2017-04-02 10:25:00,133,87,45,1,60.6,4.49
2017-04-02 10:30:00,155,100,54,1,64.9,4.87
2017-04-02 10:35:00,163,112,49,2,60.0,5.76
2017-04-02 10:40:00,149,106,43,0,63.7,4.42
2017-04-02 10:45:00,123,88,34,1,66.3,4.04
2017-04-02 10:50:00,160,112,47,1,62.9,4.93
2017-04-02 10:55:00,152,106,46,0,58.4,5.59
2017-04-02 11:00:00,114,75,38,1,63.8,3.46
2017-04-02 11:05:00,127,85,41,1,64.7,4.54
2017-04-02 11:10:00,117,77,39,1,61.7,3.65
2017-04-02 11:15:00,125,83,39,3,66.4,3.66
2017-04-02 11:20:00,115,78,37,0,62.7,3.67
2017-04-02 11:25:00,122,84,38,0,62.7,3.92
2017-04-02 11:30:00,108,76,29,3,64.2,3.34
2017-04-02 11:35:00,113,70,42,1,62.6,3.55
2017-04-02 11:40:00,118,74,43,1,62.8,3.97
2017-04-02 11:45:00,105,68,35,2,64.5,3.3
2017-04-02 11:50:00,121,75,46,0,65.9,3.96
2017-04-02 11:55:00,141,93,47,1,60.6,4.97
2017-04-02 12:00:00,140,86,52,2,62.7,4.89
2017-04-02 12:05:00,133,87,46,0,61.9,5.0
2017-04-02 12:10:00,131,85,46,0,62.6,4.31
2017-04-02 12:15:00,149,91,58,0,63.0,5.46
2017-04-02 12:20:00,136,85,51,0,61.4,5.17
2017-04-02 12:25:00,159,103,55,1,58.5,6.22
2017-04-02 12:30:00,166,109,55,2,59.3,7.66
2017-04-02 12:35:00,191,140,51,0,54.2,12.27
2017-04-02 12:40:00,180,127,53,0,53.8,14.58
2017-04-02 12:45:00,173,106,64,3,56.5,9.73
2017-04-02 12:50:00,176,108,67,1,53.7,7.41
2017-04-02 12:55:00,172,120,51,1,57.7,7.4
2017-04-02 13:00:00,171,112,59,0,54.3,12.71
2017-04-02 13:05:00,169,103,63,3,56.3,6.8
2017-04-02 13:10:00,170,114,56,0,55.8,12.84
2017-04-02 13:15:00,139,92,47,0,58.5,10.55
2017-04-02 13:20:00,162,96,65,1,58.0,6.73
2017-04-02 13:25:00,195,129,65,1,54.7,8.46
2017-04-02 13:30:00,170,120,50,0,56.0,12.3
2017-04-02 13:35:00,192,122,70,0,54.5,8.32
2017-04-02 13:40:00,208,145,62,1,53.1,10.58
2017-04-02 13:45:00,197,115,80,2,53.5,13.07
2017-04-02 13:50:00,207,136,71,0,49.9,12.79
2017-04-02 13:55:00,213,135,77,1,47.9,15.25
2017-04-02 14:00:00,188,118,69,1,50.6,12.23
2017-04-02 14:05:00,211,128,82,1,47.4,12.34
2017-04-02 14:10:00,202,126,75,1,43.1,16.43
2017-04-02 14:15:00,233,155,76,2,43.1,18.54
2017-04-02 14:20:00,189,122,65,2,45.2,21.65
2017-04-02 14:25:00,192,124,66,2,47.2,12.61
2017-04-02 14:30:00,183,133,50,0,43.4,21.52
2017-04-02 14:35:00,191,105,85,1,47.7,13.7
2017-04-02 14:40:00,201,116,85,0,46.6,11.34
2017-04-02 14:45:00,183,108,72,3,47.6,12.27
2017-04-02 14:50:00,179,107,70,2,45.9,10.8
2017-04-02 14:55:00,169,103,63,3,52.2,8.81
2017-04-02 15:00:00,160,91,66,3,45.2,30.38
2017-04-02 15:05:00,194,111,79,4,37.5,36.47
2017-04-02 15:10:00,155,89,66,0,38.1,35.99
2017-04-02 15:15:00,173,94,77,2,38.2,38.41
2017-04-02 15:20:00,153,84,67,2,34.8,39.97
2017-04-02 15:25:00,167,81,84,2,35.7,39.22
2017-04-02 15:30:00,144,87,57,0,40.6,24.14
2017-04-02 15:35:00,236,149,86,1,47.0,26.45
2017-04-02 15:40:00,123,68,54,1,39.4,19.84
2017-04-02 15:45:00,199,139,59,1,47.4,24.44
2017-04-02 15:50:00,161,84,72,5,39.6,15.64
2017-04-02 15:55:00,187,119,67,1,51.3,14.91
2017-04-02 16:00:00,143,74,68,1,36.6,16.21
2017-04-02 16:05:00,141,78,62,1,38.6,14.17
2017-04-02 16:10:00,154,95,58,1,36.9,37.04
2017-04-02 16:15:00,142,78,63,1,37.4,42.1
2017-04-02 16:20:00,156,104,51,1,36.6,47.13
2017-04-02 16:25:00,139,90,48,1,37.4,39.46
2017-04-02 16:30:00,160,95,65,0,39.1,31.03
2017-04-02 16:35:00,126,68,57,1,41.0,20.03
2017-04-02 16:40:00,131,72,59,0,38.8,20.63
2017-04-02 16:45:00,153,96,57,0,38.6,16.95
2017-04-02 16:50:00,138,97,41,0,38.6,20.61
2017-04-02 16:55:00,120,79,40,1,37.5,27.02
2017-04-02 17:00:00,146,95,49,2,32.8,25.96
2017-04-02 17:05:00,156,108,45,3,36.7,39.89
2017-04-02 17:10:00,138,93,45,0,42.5,18.47
2017-04-02 17:15:00,135,76,57,2,37.3,33.09
2017-04-02 17:20:00,155,100,53,2,33.8,31.32
2017-04-02 17:25:00,140,102,38,0,36.5,33.63
2017-04-02 17:30:00,123,101,20,2,35.0,38.62
2017-04-02 17:35:00,153,132,18,3,37.0,34.93
2017-04-02 17:40:00,140,123,15,2,45.1,31.98
2017-04-02 17:45:00,155,133,21,1,48.2,10.27
2017-04-02 17:50:00,158,131,26,1,51.3,11.19
2017-04-02 17:55:00,148,124,19,5,50.6,8.43
2017-04-02 18:00:00,167,149,16,2,51.6,8.58
2017-04-02 18:05:00,145,122,23,0,54.2,6.56
2017-04-02 18:10:00,171,155,15,1,57.1,7.51
2017-04-02 18:15:00,170,142,26,2,51.3,6.92
2017-04-02 18:20:00,166,139,26,1,51.4,8.24
2017-04-02 18:25:00,185,148,36,1,54.1,10.74
2017-04-02 18:30:00,152,120,31,1,58.0,7.6
2017-04-02 18:35:00,116,92,23,1,59.2,5.28
2017-04-02 18:40:00,129,89,40,0,58.5,7.05
2017-04-02 18:45:00,143,97,44,2,61.7,6.7
2017-04-02 18:50:00,155,105,47,3,53.8,9.02
2017-04-02 18:55:00,155,109,46,0,60.0,7.84
2017-04-02 19:00:00,138,98,40,0,55.8,7.58
2017-04-02 19:05:00,137,122,15,0,60.5,5.64
2017-04-02 19:10:00,155,129,26,0,61.2,7.65
2017-04-02 19:15:00,141,114,26,1,55.6,7.55
2017-04-02 19:20:00,130,91,37,2,56.6,7.54
2017-04-02 19:25:00,116,82,34,0,61.0,6.13
2017-04-02 19:30:00,122,83,39,0,64.4,6.99
2017-04-02 19:35:00,142,100,41,1,57.5,9.55
2017-04-02 19:40:00,133,103,30,0,60.6,8.89
2017-04-02 19:45:00,127,96,30,1,54.9,7.61
2017-04-02 19:50:00,123,90,33,0,59.2,5.53
2017-04-02 19:55:00,142,105,37,0,57.7,8.17
2017-04-02 20:00:00,110,79,30,1,55.3,8.29
2017-04-02 20:05:00,126,91,35,0,56.0,8.59
2017-04-02 20:10:00,115,82,33,0,58.8,7.26
2017-04-02 20:15:00,84,53,31,0,61.6,3.74
2017-04-02 20:20:00,123,88,35,0,64.5,5.61
2017-04-02 20:25:00,112,79,33,0,58.6,7.44
2017-04-02 20:30:00,87,65,22,0,59.9,3.67
2017-04-02 20:35:00,104,80,22,2,57.4,6.22
2017-04-02 20:40:00,109,79,27,3,56.1,5.1
2017-04-02 20:45:00,99,66,33,0,60.9,5.04
2017-04-02 20:50:00,107,86,20,1,59.1,5.67
2017-04-02 20:55:00,133,105,27,1,57.9,6.9
2017-04-02 21:00:00,158,135,21,2,55.3,9.21
2017-04-02 21:05:00,141,111,27,3,53.1,10.4
2017-04-02 21:10:00,104,86,17,1,60.5,6.11
2017-04-02 21:15:00,113,88,24,1,64.1,5.38
2017-04-02 21:20:00,84,60,24,0,62.4,3.5
2017-04-02 21:25:00,78,50,28,0,65.8,3.59
2017-04-02 21:30:00,85,58,26,1,59.6,4.68
2017-04-02 21:35:00,89,59,29,1,63.6,4.1
2017-04-02 21:40:00,107,74,32,1,60.0,5.49
2017-04-02 21:45:00,76,45,31,0,65.1,5.89
2017-04-02 21:50:00,78,49,26,3,68.6,3.74
2017-04-02 21:55:00,64,38,25,1,63.6,2.7
2017-04-02 22:00:00,51,32,18,1,67.4,1.94
2017-04-02 22:05:00,49,36,12,1,67.3,2.22
2017-04-02 22:10:00,65,40,25,0,65.4,2.31
2017-04-02 22:15:00,88,64,24,0,62.6,4.75
2017-04-02 22:20:00,65,53,12,0,60.9,2.91
2017-04-02 22:25:00,44,33,11,0,64.0,1.82
2017-04-02 22:30:00,58,34,24,0,63.8,2.09
2017-04-02 22:35:00,50,28,22,0,69.2,1.87
2017-04-02 22:40:00,48,29,19,0,66.7,1.78
2017-04-02 22:45:00,58,33,25,0,69.9,2.29
2017-04-02 22:50:00,52,36,15,1,61.7,2.27
2017-04-02 22:55:00,51,35,15,1,66.6,2.17
2017-04-02 23:00:00,40,33,7,0,63.5,1.85
2017-04-02 23:05:00,43,26,17,0,63.9,1.61
2017-04-02 23:10:00,49,36,13,0,66.9,2.0
2017-04-02 23:15:00,43,23,19,1,64.1,1.4
2017-04-02 23:20:00,43,26,17,0,69.3,1.59
2017-04-02 23:25:00,41,28,13,0,68.3,1.51
2017-04-02 23:30:00,45,28,16,1,73.6,1.72
2017-04-02 23:35:00,35,16,19,0,59.0,1.46
2017-04-02 23:40:00,29,19,10,0,60.4,1.12
2017-04-02 23:45:00,29,19,10,0,65.5,1.16
2017-04-02 23:50:00,31,19,12,0,66.6,1.39
2017-04-02 23:55:00,17,14,3,0,63.3,0.64
2017-04-03 00:00:00,20,14,6,0,69.5,0.69
2017-04-03 00:05:00,21,13,8,0,74.1,0.75
2017-04-03 00:10:00,29,16,13,0,72.3,1.02
2017-04-03 00:15:00,25,16,9,0,67.8,0.8
2017-04-03 00:20:00,22,17,5,0,59.5,0.84
2017-04-03 00:25:00,15,11,4,0,56.9,0.49
2017-04-03 00:30:00,19,13,6,0,72.1,0.82
2017-04-03 00:35:00,15,9,6,0,74.7,0.53
2017-04-03 00:40:00,11,7,4,0,58.2,0.37
2017-04-03 00:45:00,16,10,6,0,58.8,0.53
2017-04-03 00:50:00,19,11,8,0,61.4,0.57
2017-04-03 00:55:00,14,11,3,0,66.5,0.57
2017-04-03 01:00:00,13,8,5,0,69.5,0.43
2017-04-03 01:05:00,15,10,5,0,62.3,0.54
2017-04-03 01:10:00,12,7,5,0,67.3,0.46
2017-04-03 01:15:00,19,15,4,0,56.5,6.45
2017-04-03 01:20:00,12,8,3,1,67.4,0.42
2017-04-03 01:25:00,14,10,4,0,74.0,2.94
2017-04-03 01:30:00,7,4,3,0,68.5,0.26
2017-04-03 01:35:00,9,6,3,0,57.5,0.36
2017-04-03 01:40:00,8,6,2,0,61.6,0.31
2017-04-03 01:45:00,10,5,4,1,60.1,0.47
2017-04-03 01:50:00,10,4,6,0,65.9,0.44
2017-04-03 01:55:00,10,5,5,0,69.2,3.25
2017-04-03 02:00:00,9,5,4,0,59.3,0.39
2017-04-03 02:05:00,10,8,2,0,68.0,0.37
2017-04-03 02:10:00,6,3,3,0,80.6,0.16
2017-04-03 02:15:00,12,8,4,0,66.3,2.92
2017-04-03 02:20:00,7,3,4,0,55.2,0.36
2017-04-03 02:25:00,13,8,5,0,65.1,0.69
2017-04-03 02:30:00,10,6,4,0,51.1,25.35
2017-04-03 02:35:00,12,8,4,0,55.5,2.94
2017-04-03 02:40:00,8,5,3,0,43.6,22.22
2017-04-03 02:45:00,6,5,1,0,67.2,0.2
2017-04-03 02:50:00,8,6,2,0,63.3,0.28
2017-04-03 02:55:00,10,6,4,0,68.1,0.36
2017-04-03 03:00:00,7,5,2,0,47.8,22.22
2017-04-03 03:05:00,9,5,4,0,62.7,0.27
2017-04-03 03:10:00,13,11,2,0,59.4,0.46
2017-04-03 03:15:00,8,5,2,1,51.3,0.31
2017-04-03 03:20:00,12,9,3,0,60.1,0.46
2017-04-03 03:25:00,22,18,4,0,75.3,0.71
2017-04-03 03:30:00,11,3,8,0,65.6,0.39
2017-04-03 03:35:00,9,3,6,0,59.5,0.32
2017-04-03 03:40:00,14,11,3,0,56.8,0.48
2017-04-03 03:45:00,11,9,2,0,66.4,0.44
2017-04-03 03:50:00,15,8,6,1,63.5,11.34
2017-04-03 03:55:00,11,6,5,0,61.4,0.44
2017-04-03 04:00:00,13,6,7,0,85.1,0.42
2017-04-03 04:05:00,9,7,2,0,54.8,0.46
2017-04-03 04:10:00,16,9,7,0,79.9,0.63
2017-04-03 04:15:00,13,7,6,0,68.8,0.51
2017-04-03 04:20:00,19,13,6,0,80.4,0.63
2017-04-03 04:25:00,15,10,5,0,61.7,0.71
2017-04-03 04:30:00,19,12,6,1,60.9,0.69
2017-04-03 04:35:00,15,11,4,0,73.6,0.46
2017-04-03 04:40:00,21,13,8,0,62.3,0.79
2017-04-03 04:45:00,17,12,5,0,66.3,0.6
2017-04-03 04:50:00,27,19,8,0,62.0,1.08
2017-04-03 04:55:00,21,14,7,0,62.8,0.85
2017-04-03 05:00:00,21,12,9,0,78.3,0.81
2017-04-03 05:05:00,21,10,11,0,62.4,0.78
2017-04-03 05:10:00,26,15,11,0,60.9,1.37
2017-04-03 05:15:00,32,20,12,0,69.2,1.22
2017-04-03 05:20:00,14,8,6,0,68.5,0.57
2017-04-03 05:25:00,25,14,11,0,60.2,1.52
2017-04-03 05:30:00,26,17,7,2,71.9,1.01
2017-04-03 05:35:00,37,27,9,1,62.1,1.46
2017-04-03 05:40:00,33,23,10,0,67.3,1.11
2017-04-03 05:45:00,34,22,12,0,58.0,3.99
2017-04-03 05:50:00,44,28,15,1,64.9,1.66
2017-04-03 05:55:00,40,32,8,0,63.7,1.55
2017-04-03 06:00:00,49,40,9,0,64.4,1.93
2017-04-03 06:05:00,50,36,14,0,59.8,2.4
2017-04-03 06:10:00,66,47,19,0,68.8,2.06
2017-04-03 06:15:00,49,33,16,0,74.7,4.72
2017-04-03 06:20:00,87,62,25,0,63.6,2.98
2017-04-03 06:25:00,77,46,31,0,63.9,2.39
2017-04-03 06:30:00,80,58,21,1,69.4,2.2
2017-04-03 06:35:00,81,57,24,0,63.6,2.92
2017-04-03 06:40:00,90,63,25,2,62.6,3.57
2017-04-03 06:45:00,88,64,21,3,69.7,2.42
2017-04-03 06:50:00,94,61,32,1,67.3,3.44
2017-04-03 06:55:00,128,85,42,1,65.5,4.29
2017-04-03 07:00:00,131,86,43,2,65.6,4.82
2017-04-03 07:05:00,119,86,32,1,68.5,3.81
2017-04-03 07:10:00,138,98,39,1,69.8,4.16
2017-04-03 07:15:00,167,116,48,3,63.0,8.64
2017-04-03 07:20:00,168,122,45,1,63.8,9.45
2017-04-03 07:25:00,165,106,56,3,63.4,12.89
2017-04-03 07:30:00,167,92,74,1,59.3,11.93
2017-04-03 07:35:00,157,75,80,2,63.0,6.5
2017-04-03 07:40:00,171,56,112,3,61.9,8.63
2017-04-03 07:45:00,146,65,79,2,66.1,6.37
2017-04-03 07:50:00,150,76,70,4,67.8,5.19
2017-04-03 07:55:00,184,103,81,0,61.2,6.92
2017-04-03 08:00:00,171,108,61,2,67.1,5.82
2017-04-03 08:05:00,185,145,38,2,65.2,7.01
2017-04-03 08:10:00,157,126,31,0,67.0,6.01
2017-04-03 08:15:00,173,137,35,1,61.4,7.06
2017-04-03 08:20:00,170,133,35,2,59.2,8.59
2017-04-03 08:25:00,226,170,55,1,53.1,18.17
2017-04-03 08:30:00,185,132,50,3,59.7,8.21
2017-04-03 08:35:00,194,146,48,0,59.2,12.03
2017-04-03 08:40:00,198,155,40,3,59.6,10.35
2017-04-03 08:45:00,195,159,35,1,61.0,12.82
2017-04-03 08:50:00,194,148,45,1,60.7,7.59
2017-04-03 08:55:00,175,128,46,1,59.7,9.33
2017-04-03 09:00:00,126,92,34,0,62.1,6.7
2017-04-03 09:05:00,131,93,36,2,56.0,7.51
2017-04-03 09:10:00,170,121,47,2,61.0,9.56
2017-04-03 09:15:00,153,117,34,2,65.5,5.08
2017-04-03 09:20:00,112,80,32,0,64.4,3.86
2017-04-03 09:25:00,162,109,50,3,61.8,5.2
2017-04-03 09:30:00,175,115,57,3,63.3,5.86
2017-04-03 09:35:00,142,94,46,2,60.0,8.09
2017-04-03 09:40:00,167,112,53,2,61.3,7.44
2017-04-03 09:45:00,138,90,47,1,63.1,5.15
2017-04-03 09:50:00,164,104,59,1,64.1,5.4
2017-04-03 09:55:00,143,91,50,2,62.1,5.28
2017-04-03 10:00:00,119,76,42,1,68.0,3.67
2017-04-03 10:05:00,107,66,41,0,67.5,3.2
2017-04-03 10:10:00,116,85,28,3,67.7,3.69
2017-04-03 10:15:00,126,89,36,1,64.8,4.39
2017-04-03 10:20:00,119,79,40,0,63.4,3.96
2017-04-03 10:25:00,110,72,37,1,66.0,3.56
2017-04-03 10:30:00,139,82,56,1,62.1,4.88
2017-04-03 10:35:00,128,76,50,2,63.3,4.6
2017-04-03 10:40:00,142,88,51,3,65.9,5.03
2017-04-03 10:45:00,115,71,44,0,66.3,4.68
2017-04-03 10:50:00,85,54,30,1,65.2,2.77
2017-04-03 10:55:00,95,63,30,2,64.6,3.15
2017-04-03 11:00:00,114,71,43,0,63.6,4.38
2017-04-03 11:05:00,126,77,49,0,64.9,4.28
2017-04-03 11:10:00,128,70,54,4,67.9,4.18
2017-04-03 11:15:00,117,78,38,1,65.1,3.82
2017-04-03 11:20:00,134,98,34,2,63.4,4.8
2017-04-03 11:25:00,109,69,40,0,66.6,3.64
2017-04-03 11:30:00,87,55,31,1,64.5,3.14
2017-04-03 11:35:00,116,71,44,1,63.1,4.64
2017-04-03 11:40:00,121,68,53,0,62.7,4.22
2017-04-03 11:45:00,130,71,58,1,62.2,4.64
2017-04-03 11:50:00,111,70,40,1,66.0,3.66
2017-04-03 11:55:00,145,90,54,1,65.6,6.09
2017-04-03 12:00:00,117,69,48,0,62.9,4.91
2017-04-03 12:05:00,112,72,40,0,59.7,4.48
2017-04-03 12:10:00,102,70,32,0,61.3,3.86
2017-04-03 12:15:00,94,67,26,1,64.3,3.53
2017-04-03 12:20:00,113,80,33,0,66.6,3.69
2017-04-03 12:25:00,114,70,40,4,62.9,4.54
2017-04-03 12:30:00,129,87,42,0,61.5,5.68
2017-04-03 12:35:00,130,81,48,1,60.3,5.07
2017-04-03 12:40:00,111,68,42,1,63.8,4.67
2017-04-03 12:45:00,116,72,41,3,66.9,3.99
2017-04-03 12:50:00,134,72,60,2,59.3,8.34
2017-04-03 12:55:00,143,92,49,2,61.3,6.47
2017-04-03 13:00:00,126,76,49,1,62.3,4.55
2017-04-03 13:05:00,160,92,64,4,61.0,6.63
2017-04-03 13:10:00,149,83,65,1,63.3,6.94
2017-04-03 13:15:00,148,91,54,3,60.2,6.44
2017-04-03 13:20:00,129,77,52,0,63.5,4.5
2017-04-03 13:25:00,127,81,46,0,61.2,5.28
2017-04-03 13:30:00,128,72,56,0,63.3,4.66
2017-04-03 13:35:00,145,84,60,1,58.5,5.81
2017-04-03 13:40:00,147,90,55,2,59.6,6.53
2017-04-03 13:45:00,154,84,68,2,59.7,7.08
2017-04-03 13:50:00,121,78,41,2,59.0,4.92
2017-04-03 13:55:00,158,93,64,1,61.4,8.23
2017-04-03 14:00:00,137,81,55,1,61.8,5.62
2017-04-03 14:05:00,131,79,52,0,60.2,6.01
2017-04-03 14:10:00,141,90,50,1,62.2,6.65
2017-04-03 14:15:00,133,82,51,0,64.6,6.97
2017-04-03 14:20:00,155,87,67,1,64.0,7.34
2017-04-03 14:25:00,143,86,54,3,60.1,5.97
2017-04-03 14:30:00,116,68,47,1,59.6,5.34
2017-04-03 14:35:00,119,73,45,1,62.2,6.07
2017-04-03 14:40:00,143,83,60,0,64.3,5.91
2017-04-03 14:45:00,155,96,55,4,58.9,7.95
2017-04-03 14:50:00,153,89,62,2,56.4,8.83
2017-04-03 14:55:00,149,74,72,3,58.1,8.06
2017-04-03 15:00:00,164,98,63,3,55.5,9.43
2017-04-03 15:05:00,148,96,52,0,58.1,8.03
2017-04-03 15:10:00,145,87,56,2,59.6,6.14
2017-04-03 15:15:00,123,74,47,2,61.7,6.97
2017-04-03 15:20:00,132,80,52,0,62.6,6.62
2017-04-03 15:25:00,131,76,53,2,61.6,5.05
2017-04-03 15:30:00,155,96,56,3,57.6,8.53
2017-04-03 15:35:00,163,98,64,1,53.5,14.18
2017-04-03 15:40:00,157,83,72,2,57.7,8.33
2017-04-03 15:45:00,156,93,63,0,58.9,7.79
2017-04-03 15:50:00,128,79,46,3,57.5,6.68
2017-04-03 15:55:00,143,94,49,0,60.6,6.6
2017-04-03 16:00:00,126,73,53,0,56.9,5.84
2017-04-03 16:05:00,138,78,60,0,60.1,5.71
2017-04-03 16:10:00,130,78,49,3,59.2,6.21
2017-04-03 16:15:00,150,87,62,1,59.9,9.44
2017-04-03 16:20:00,168,110,57,1,57.0,11.26
2017-04-03 16:25:00,170,93,75,2,59.5,8.34
2017-04-03 16:30:00,155,94,60,1,56.6,10.87
2017-04-03 16:35:00,160,99,61,0,59.1,9.32
2017-04-03 16:40:00,178,97,80,1,61.4,9.34
2017-04-03 16:45:00,152,89,63,0,59.9,6.59
2017-04-03 16:50:00,163,100,61,2,56.2,12.1
2017-04-03 16:55:00,146,89,57,0,63.7,6.08
2017-04-03 17:00:00,164,98,64,2,55.0,8.23
2017-04-03 17:05:00,157,97,59,1,53.0,12.85
2017-04-03 17:10:00,141,85,53,3,57.4,17.4
2017-04-03 17:15:00,185,102,77,6,55.5,19.39
2017-04-03 17:20:00,150,111,38,1,53.3,11.2
2017-04-03 17:25:00,164,128,35,1,51.7,11.19
2017-04-03 17:30:00,169,146,22,1,56.7,8.52
2017-04-03 17:35:00,168,144,23,1,52.1,12.72
2017-04-03 17:40:00,165,141,23,1,58.7,9.51
2017-04-03 17:45:00,194,164,30,0,58.3,9.42
2017-04-03 17:50:00,166,144,20,2,52.0,12.46
2017-04-03 17:55:00,164,136,26,2,54.2,20.0
2017-04-03 18:00:00,198,169,27,2,51.7,13.46
2017-04-03 18:05:00,259,222,33,4,49.5,16.39
2017-04-03 18:10:00,241,206,29,6,45.1,19.44
2017-04-03 18:15:00,219,185,33,1,50.2,12.11
2017-04-03 18:20:00,235,200,35,0,53.8,12.72
2017-04-03 18:25:00,187,146,41,0,49.5,15.5
2017-04-03 18:30:00,212,177,34,1,52.5,20.57
2017-04-03 18:35:00,235,174,59,2,48.1,20.8
2017-04-03 18:40:00,171,114,57,0,56.2,16.84
2017-04-03 18:45:00,143,100,43,0,54.5,19.25
2017-04-03 18:50:00,186,145,39,2,56.9,11.36
2017-04-03 18:55:00,161,117,44,0,55.9,10.75
2017-04-03 19:00:00,142,95,46,1,59.9,6.67
2017-04-03 19:05:00,178,143,35,0,55.6,8.47
2017-04-03 19:10:00,160,143,17,0,59.8,8.83
2017-04-03 19:15:00,161,123,35,3,54.3,13.67
2017-04-03 19:20:00,185,147,38,0,57.7,11.52
2017-04-03 19:25:00,134,101,32,1,58.8,10.94
2017-04-03 19:30:00,103,74,28,1,54.0,16.96
2017-04-03 19:35:00,144,103,37,4,54.8,13.58
2017-04-03 19:40:00,148,110,37,1,60.4,8.21
2017-04-03 19:45:00,109,88,20,1,58.7,6.86
2017-04-03 19:50:00,130,93,36,1,62.9,5.73
2017-04-03 19:55:00,119,85,34,0,61.5,5.69
2017-04-03 20:00:00,105,73,32,0,62.2,5.44
2017-04-03 20:05:00,103,73,30,0,62.1,5.85
2017-04-03 20:10:00,133,93,39,1,57.0,8.68
2017-04-03 20:15:00,108,84,24,0,48.3,12.31
2017-04-03 20:20:00,114,95,18,1,55.5,7.46
2017-04-03 20:25:00,125,93,31,1,60.0,7.39
2017-04-03 20:30:00,100,72,27,1,57.2,6.55
2017-04-03 20:35:00,115,85,30,0,59.9,6.07
2017-04-03 20:40:00,115,76,39,0,62.2,5.19
2017-04-03 20:45:00,97,65,32,0,65.6,5.24
2017-04-03 20:50:00,120,84,34,2,57.1,7.86
2017-04-03 20:55:00,111,83,27,1,53.8,9.38
2017-04-03 21:00:00,104,82,22,0,53.0,8.88
2017-04-03 21:05:00,129,99,29,1,58.4,8.49
2017-04-03 21:10:00,128,90,37,1,62.8,6.3
2017-04-03 21:15:00,116,89,26,1,59.3,6.89
2017-04-03 21:20:00,129,94,34,1,60.6,5.69
2017-04-03 21:25:00,181,129,48,4,61.6,9.59
2017-04-03 21:30:00,132,92,38,2,58.1,7.69
2017-04-03 21:35:00,108,77,31,0,61.1,5.51
2017-04-03 21:40:00,137,108,26,3,56.9,8.31
2017-04-03 21:45:00,119,86,33,0,58.6,8.6
2017-04-03 21:50:00,131,93,38,0,64.4,8.49
2017-04-03 21:55:00,123,86,37,0,61.2,5.98
2017-04-03 22:00:00,103,77,24,2,68.2,4.17
2017-04-03 22:05:00,110,75,32,3,64.4,5.58
2017-04-03 22:10:00,113,77,35,1,64.4,5.79
2017-04-03 22:15:00,98,68,29,1,56.3,6.64
2017-04-03 22:20:00,92,64,27,1,62.3,5.56
2017-04-03 22:25:00,87,65,21,1,63.8,4.82
2017-04-03 22:30:00,94,74,20,0,64.3,3.56
2017-04-03 22:35:00,61,31,30,0,64.6,2.79
2017-04-03 22:40:00,65,46,19,0,61.4,5.02
2017-04-03 22:45:00,84,49,31,4,64.8,4.14
2017-04-03 22:50:00,57,38,19,0,64.9,2.48
2017-04-03 22:55:00,69,46,22,1,63.3,3.33
2017-04-03 23:00:00,74,55,19,0,64.4,3.11
2017-04-03 23:05:00,63,44,19,0,62.1,3.19
2017-04-03 23:10:00,68,47,21,0,60.3,2.91
2017-04-03 23:15:00,71,39,32,0,61.8,2.79
2017-04-03 23:20:00,59,42,17,0,70.3,2.07
2017-04-03 23:25:00,36,22,13,1,68.5,1.78
2017-04-03 23:30:00,37,17,19,1,57.9,1.64
2017-04-03 23:35:00,39,23,16,0,56.4,1.66
2017-04-03 23:40:00,47,32,15,0,61.5,2.05
2017-04-03 23:45:00,55,37,18,0,64.0,2.66
2017-04-03 23:50:00,29,19,9,1,64.2,1.18
2017-04-03 23:55:00,41,24,17,0,61.2,1.95
2017-04-04 00:00:00,41,24,17,0,66.5,1.3
2017-04-04 00:05:00,34,22,12,0,63.4,1.05
2017-04-04 00:10:00,57,43,14,0,61.6,2.16
2017-04-04 00:15:00,30,18,12,0,60.9,1.17
2017-04-04 00:20:00,22,14,8,0,67.9,0.72
2017-04-04 00:25:00,19,13,6,0,65.7,0.74
2017-04-04 00:30:00,29,22,7,0,58.7,1.1
2017-04-04 00:35:00,21,12,9,0,60.6,0.91
2017-04-04 00:40:00,21,12,9,0,75.6,0.71
2017-04-04 00:45:00,18,11,7,0,60.7,0.72
2017-04-04 00:50:00,18,13,5,0,69.8,0.61
2017-04-04 00:55:00,17,9,8,0,69.6,0.64
2017-04-04 01:00:00,20,8,12,0,66.5,0.81
2017-04-04 01:05:00,10,4,6,0,53.1,0.38
2017-04-04 01:10:00,19,12,7,0,64.4,0.72
2017-04-04 01:15:00,17,11,5,1,62.7,0.64
2017-04-04 01:20:00,10,5,5,0,69.5,0.43
2017-04-04 01:25:00,14,9,5,0,64.9,0.5
2017-04-04 01:30:00,23,17,6,0,62.6,0.92
2017-04-04 01:35:00,19,14,5,0,62.0,0.66
2017-04-04 01:40:00,23,11,12,0,63.2,0.72
2017-04-04 01:45:00,23,15,8,0,66.7,0.96
2017-04-04 01:50:00,12,4,8,0,65.6,0.43
2017-04-04 01:55:00,17,10,7,0,69.9,0.51
2017-04-04 02:00:00,14,6,7,1,68.6,0.59
2017-04-04 02:05:00,6,4,2,0,71.0,0.18
2017-04-04 02:10:00,15,9,6,0,73.3,0.44
2017-04-04 02:15:00,10,6,4,0,55.1,0.57
2017-04-04 02:20:00,12,12,0,0,70.4,0.41
2017-04-04 02:25:00,16,8,6,2,64.5,0.77
2017-04-04 02:30:00,17,7,8,2,68.0,0.86
2017-04-04 02:35:00,10,7,3,0,75.3,0.35
2017-04-04 02:40:00,11,9,2,0,64.6,0.43
2017-04-04 02:45:00,14,6,8,0,69.1,0.45
2017-04-04 02:50:00,8,8,0,0,80.1,0.31
2017-04-04 02:55:00,12,6,6,0,60.1,0.46
2017-04-04 03:00:00,7,4,3,0,76.7,0.21
2017-04-04 03:05:00,10,4,5,1,60.7,0.43
2017-04-04 03:10:00,11,9,2,0,58.9,0.45
2017-04-04 03:15:00,10,6,4,0,58.6,0.39
2017-04-04 03:20:00,11,6,5,0,62.4,0.52
2017-04-04 03:25:00,13,6,6,1,61.0,0.58
2017-04-04 03:30:00,5,2,3,0,64.1,0.17
2017-04-04 03:35:00,12,7,3,2,59.2,0.55
2017-04-04 03:40:00,12,5,7,0,66.6,0.46
2017-04-04 03:45:00,17,10,7,0,69.8,0.68
2017-04-04 03:50:00,17,9,8,0,59.2,0.82
2017-04-04 03:55:00,14,8,5,1,59.9,0.66
2017-04-04 04:00:00,12,10,2,0,73.2,0.44
2017-04-04 04:05:00,11,9,2,0,62.5,0.39
2017-04-04 04:10:00,17,12,5,0,53.0,0.99
2017-04-04 04:15:00,19,16,3,0,69.9,0.76
2017-04-04 04:20:00,16,11,5,0,66.0,0.54
2017-04-04 04:25:00,13,7,6,0,52.3,0.56
2017-04-04 04:30:00,12,6,5,1,59.1,0.53
2017-04-04 04:35:00,15,8,7,0,68.3,0.64
2017-04-04 04:40:00,24,12,12,0,71.4,0.93
2017-04-04 04:45:00,20,12,8,0,44.9,0.9
2017-04-04 04:50:00,21,16,5,0,60.9,0.79
2017-04-04 04:55:00,14,10,4,0,56.9,0.57
2017-04-04 05:00:00,21,7,14,0,78.7,0.72
2017-04-04 05:05:00,13,5,8,0,65.2,0.49
2017-04-04 05:10:00,17,10,6,1,59.0,0.78
2017-04-04 05:15:00,23,14,9,0,69.4,0.89
2017-04-04 05:20:00,20,11,9,0,78.6,0.66
2017-04-04 05:25:00,24,14,10,0,63.7,0.95
2017-04-04 05:30:00,33,25,8,0,66.0,1.21
2017-04-04 05:35:00,42,32,9,1,65.0,1.6
2017-04-04 05:40:00,44,30,14,0,62.4,1.86
2017-04-04 05:45:00,35,24,11,0,61.3,1.52
2017-04-04 05:50:00,30,21,9,0,61.0,1.36
2017-04-04 05:55:00,45,35,10,0,67.3,1.68
2017-04-04 06:00:00,45,30,15,0,60.8,1.79
2017-04-04 06:05:00,48,36,11,1,63.1,2.08
2017-04-04 06:10:00,46,31,13,2,71.5,1.66
2017-04-04 06:15:00,53,35,14,4,72.2,1.74
2017-04-04 06:20:00,66,35,31,0,61.2,5.11
2017-04-04 06:25:00,76,47,25,4,70.7,2.35
2017-04-04 06:30:00,72,46,25,1,67.3,2.26
2017-04-04 06:35:00,80,65,15,0,65.8,2.47
2017-04-04 06:40:00,83,52,30,1,65.7,2.63
2017-04-04 06:45:00,99,65,33,1,66.7,3.12
2017-04-04 06:50:00,90,68,22,0,67.9,2.71
2017-04-04 06:55:00,108,66,37,5,67.6,3.9
2017-04-04 07:00:00,141,101,37,3,66.9,5.89
2017-04-04 07:05:00,123,100,23,0,68.7,3.38
2017-04-04 07:10:00,137,97,38,2,72.9,4.02
2017-04-04 07:15:00,186,144,42,0,62.7,7.0
2017-04-04 07:20:00,147,101,43,3,66.0,4.86
2017-04-04 07:25:00,165,129,36,0,65.9,10.25
2017-04-04 07:30:00,174,124,45,5,60.7,10.98
2017-04-04 07:35:00,172,112,59,1,62.4,11.88
2017-04-04 07:40:00,139,96,41,2,66.7,4.7
2017-04-04 07:45:00,173,113,57,3,64.3,6.92
2017-04-04 07:50:00,166,111,54,1,64.5,7.46
2017-04-04 07:55:00,167,113,53,1,66.8,5.23
2017-04-04 08:00:00,144,103,40,1,65.0,5.13
2017-04-04 08:05:00,171,133,36,2,62.3,8.61
2017-04-04 08:10:00,198,155,41,2,61.8,8.46
2017-04-04 08:15:00,196,150,46,0,62.0,9.69
2017-04-04 08:20:00,202,155,45,2,53.4,20.87
2017-04-04 08:25:00,190,140,48,2,60.3,7.84
2017-04-04 08:30:00,214,161,51,2,56.1,11.01
2017-04-04 08:35:00,189,143,42,4,58.7,10.51
2017-04-04 08:40:00,196,141,54,1,56.0,14.72
2017-04-04 08:45:00,189,135,53,1,58.2,16.15
2017-04-04 08:50:00,204,153,49,2,58.9,12.35
2017-04-04 08:55:00,129,98,30,1,58.8,6.31
2017-04-04 09:00:00,132,92,39,1,55.4,15.51
2017-04-04 09:05:00,131,101,29,1,59.2,5.49
2017-04-04 09:10:00,160,116,43,1,59.5,8.11
2017-04-04 09:15:00,143,101,40,2,64.1,5.54
2017-04-04 09:20:00,143,99,42,2,65.6,5.22
2017-04-04 09:25:00,166,125,40,1,60.8,5.82
2017-04-04 09:30:00,161,117,44,0,58.8,7.84
2017-04-04 09:35:00,138,93,43,2,59.7,7.75
2017-04-04 09:40:00,156,103,53,0,61.9,5.39
2017-04-04 09:45:00,136,94,42,0,62.7,4.52
2017-04-04 09:50:00,125,88,34,3,64.9,4.4
2017-04-04 09:55:00,114,66,47,1,63.7,3.72
2017-04-04 10:00:00,129,87,38,4,67.1,4.09
2017-04-04 10:05:00,113,78,35,0,63.5,4.12
2017-04-04 10:10:00,121,71,50,0,63.4,3.99
2017-04-04 10:15:00,142,98,42,2,63.0,4.86
2017-04-04 10:20:00,131,73,56,2,64.6,4.65
2017-04-04 10:25:00,137,92,45,0,60.4,5.38
2017-04-04 10:30:00,123,79,43,1,62.1,4.21
2017-04-04 10:35:00,135,86,47,2,62.4,4.69
2017-04-04 10:40:00,128,74,49,5,64.2,5.4
2017-04-04 10:45:00,129,82,44,3,65.6,4.62
2017-04-04 10:50:00,131,93,38,0,65.5,4.83
2017-04-04 10:55:00,118,89,29,0,60.8,4.75
2017-04-04 11:00:00,118,75,43,0,66.2,3.8
2017-04-04 11:05:00,131,88,39,4,63.4,4.64
2017-04-04 11:10:00,129,76,52,1,66.0,6.01
2017-04-04 11:15:00,116,76,38,2,67.8,3.65
2017-04-04 11:20:00,114,68,46,0,63.7,3.78
2017-04-04 11:25:00,106,65,41,0,65.1,3.54
2017-04-04 11:30:00,130,84,45,1,62.3,4.46
2017-04-04 11:35:00,143,98,44,1,62.7,5.24
2017-04-04 11:40:00,147,97,49,1,57.1,6.37
2017-04-04 11:45:00,120,66,54,0,64.2,3.79
2017-04-04 11:50:00,136,97,37,2,64.5,5.03
2017-04-04 11:55:00,133,81,49,3,62.8,7.04
2017-04-04 12:00:00,105,70,34,1,68.7,3.75
2017-04-04 12:05:00,122,73,42,7,61.6,6.64
2017-04-04 12:10:00,93,58,33,2,62.1,3.24
2017-04-04 12:15:00,109,74,32,3,62.3,4.26
2017-04-04 12:20:00,99,59,36,4,64.0,3.7
2017-04-04 12:25:00,109,74,32,3,61.0,3.88
2017-04-04 12:30:00,123,72,50,1,60.9,4.85
2017-04-04 12:35:00,129,76,53,0,63.2,5.07
2017-04-04 12:40:00,117,72,44,1,62.3,4.69
2017-04-04 12:45:00,136,81,55,0,63.7,5.62
2017-04-04 12:50:00,102,65,37,0,58.3,3.7
2017-04-04 12:55:00,125,68,56,1,62.8,4.89
2017-04-04 13:00:00,132,85,47,0,62.2,5.79
2017-04-04 13:05:00,141,88,50,3,59.9,5.31
2017-04-04 13:10:00,123,67,55,1,63.1,4.14
2017-04-04 13:15:00,147,91,56,0,58.6,8.0
2017-04-04 13:20:00,128,80,48,0,62.0,5.13
2017-04-04 13:25:00,140,95,44,1,62.0,6.18
2017-04-04 13:30:00,137,83,52,2,60.3,5.36
2017-04-04 13:35:00,124,73,51,0,66.9,5.2
2017-04-04 13:40:00,156,98,57,1,62.5,5.54
2017-04-04 13:45:00,141,88,53,0,61.5,7.61
2017-04-04 13:50:00,149,88,60,1,60.5,7.49
2017-04-04 13:55:00,158,101,56,1,62.7,6.66
2017-04-04 14:00:00,154,94,59,1,58.6,7.02
2017-04-04 14:05:00,128,85,42,1,61.9,6.02
2017-04-04 14:10:00,129,76,51,2,60.5,6.02
2017-04-04 14:15:00,153,107,46,0,59.5,5.52
2017-04-04 14:20:00,127,73,54,0,61.3,4.76
2017-04-04 14:25:00,140,86,53,1,60.2,10.51
2017-04-04 14:30:00,146,88,58,0,55.5,7.68
2017-04-04 14:35:00,144,85,58,1,58.3,6.35
2017-04-04 14:40:00,129,70,56,3,58.7,6.37
2017-04-04 14:45:00,131,79,51,1,61.8,4.84
2017-04-04 14:50:00,133,75,57,1,61.7,4.78
2017-04-04 14:55:00,152,90,62,0,57.9,7.0
2017-04-04 15:00:00,153,90,59,4,56.2,6.5
2017-04-04 15:05:00,149,81,67,1,57.6,9.33
2017-04-04 15:10:00,188,115,72,1,55.6,10.15
2017-04-04 15:15:00,161,90,71,0,56.0,8.96
2017-04-04 15:20:00,155,103,49,3,57.7,7.35
2017-04-04 15:25:00,154,99,54,1,58.7,8.11
2017-04-04 15:30:00,148,65,82,1,61.6,7.87
2017-04-04 15:35:00,117,69,47,1,60.0,6.36
2017-04-04 15:40:00,165,100,65,0,59.8,8.93
2017-04-04 15:45:00,141,81,59,1,56.4,6.97
2017-04-04 15:50:00,179,126,52,1,54.9,9.46
2017-04-04 15:55:00,153,86,66,1,55.7,8.84
2017-04-04 16:00:00,127,75,52,0,57.1,6.12
2017-04-04 16:05:00,174,105,67,2,52.3,10.51
2017-04-04 16:10:00,163,101,60,2,57.5,9.33
2017-04-04 16:15:00,159,84,75,0,57.3,10.87
2017-04-04 16:20:00,154,89,62,3,55.5,8.31
2017-04-04 16:25:00,172,94,78,0,57.8,9.05
2017-04-04 16:30:00,152,91,59,2,55.3,7.38
2017-04-04 16:35:00,157,88,69,0,58.5,8.62
2017-04-04 16:40:00,159,106,53,0,56.5,8.32
2017-04-04 16:45:00,182,109,72,1,53.6,14.72
2017-04-04 16:50:00,148,88,60,0,56.5,8.76
2017-04-04 16:55:00,191,134,57,0,53.2,11.97
2017-04-04 17:00:00,175,121,53,1,55.0,10.76
2017-04-04 17:05:00,154,102,50,2,53.6,8.33
2017-04-04 17:10:00,191,140,51,0,51.9,24.21
2017-04-04 17:15:00,158,121,35,2,52.5,21.62
2017-04-04 17:20:00,155,128,26,1,53.4,15.27
2017-04-04 17:25:00,170,126,43,1,56.4,10.26
2017-04-04 17:30:00,164,115,48,1,59.9,7.88
2017-04-04 17:35:00,201,135,66,0,57.5,10.86
2017-04-04 17:40:00,195,135,59,1,55.3,14.16
2017-04-04 17:45:00,154,108,46,0,60.9,6.19
2017-04-04 17:50:00,181,129,50,2,55.0,21.41
2017-04-04 17:55:00,173,110,60,3,52.6,20.83
2017-04-04 18:00:00,169,119,49,1,51.9,14.89
2017-04-04 18:05:00,207,146,59,2,50.0,20.95
2017-04-04 18:10:00,248,172,72,4,48.2,19.9
2017-04-04 18:15:00,229,165,62,2,47.2,19.82
2017-04-04 18:20:00,216,152,63,1,49.6,20.85
2017-04-04 18:25:00,202,142,59,1,44.9,24.51
2017-04-04 18:30:00,214,147,65,2,49.2,25.75
2017-04-04 18:35:00,207,145,60,2,50.1,24.36
2017-04-04 18:40:00,193,129,63,1,49.8,16.11
2017-04-04 18:45:00,166,110,55,1,51.3,17.66
2017-04-04 18:50:00,187,125,61,1,44.7,23.42
2017-04-04 18:55:00,184,121,60,3,46.7,21.84
2017-04-04 19:00:00,218,134,79,5,45.6,19.17
2017-04-04 19:05:00,192,165,26,1,47.5,12.3
2017-04-04 19:10:00,173,149,23,1,54.0,7.91
2017-04-04 19:15:00,183,145,37,1,51.1,14.28
2017-04-04 19:20:00,167,125,37,5,53.6,15.52
2017-04-04 19:25:00,149,115,32,2,54.1,12.65
2017-04-04 19:30:00,116,90,25,1,59.8,8.54
2017-04-04 19:35:00,150,107,42,1,52.5,16.29
2017-04-04 19:40:00,147,107,39,1,55.5,8.82
2017-04-04 19:45:00,133,87,46,0,59.7,7.13
2017-04-04 19:50:00,121,84,35,2,61.0,6.06
2017-04-04 19:55:00,150,113,35,2,62.3,8.2
2017-04-04 20:00:00,130,92,37,1,58.0,7.22
2017-04-04 20:05:00,122,92,30,0,61.6,5.69
2017-04-04 20:10:00,102,67,33,2,59.3,5.57
2017-04-04 20:15:00,120,90,29,1,58.9,8.15
2017-04-04 20:20:00,124,93,30,1,56.8,11.36
2017-04-04 20:25:00,147,115,32,0,57.9,9.48
2017-04-04 20:30:00,122,91,30,1,59.6,5.53
2017-04-04 20:35:00,101,71,30,0,59.9,4.74
2017-04-04 20:40:00,151,112,38,1,53.2,12.39
2017-04-04 20:45:00,131,99,31,1,62.3,8.16
2017-04-04 20:50:00,99,68,31,0,63.5,4.38
2017-04-04 20:55:00,115,83,31,1,58.2,12.84
2017-04-04 21:00:00,123,97,25,1,53.2,7.72
2017-04-04 21:05:00,143,110,30,3,60.1,10.21
2017-04-04 21:10:00,142,106,35,1,64.9,7.8
2017-04-04 21:15:00,135,102,33,0,63.0,8.58
2017-04-04 21:20:00,101,76,23,2,63.3,5.16
2017-04-04 21:25:00,115,74,39,2,61.1,7.34
2017-04-04 21:30:00,128,95,33,0,62.7,6.5
2017-04-04 21:35:00,136,113,22,1,58.3,7.98
2017-04-04 21:40:00,128,98,29,1,58.1,7.33
2017-04-04 21:45:00,131,98,31,2,61.1,7.58
2017-04-04 21:50:00,122,95,27,0,60.7,6.36
2017-04-04 21:55:00,139,100,38,1,57.9,7.92
2017-04-04 22:00:00,126,94,32,0,62.0,7.54
2017-04-04 22:05:00,145,105,39,1,57.1,8.48
2017-04-04 22:10:00,164,119,45,0,56.7,9.91
2017-04-04 22:15:00,150,109,37,4,57.9,11.61
2017-04-04 22:20:00,100,76,22,2,60.5,6.66
2017-04-04 22:25:00,120,86,34,0,57.7,7.32
2017-04-04 22:30:00,80,57,23,0,57.1,3.39
2017-04-04 22:35:00,70,41,29,0,62.5,2.56
2017-04-04 22:40:00,77,45,31,1,60.6,3.21
2017-04-04 22:45:00,62,40,19,3,61.2,2.96
2017-04-04 22:50:00,60,36,24,0,64.1,2.22
2017-04-04 22:55:00,69,44,25,0,63.2,2.89
2017-04-04 23:00:00,64,42,21,1,63.3,2.81
2017-04-04 23:05:00,66,43,22,1,61.4,3.18
2017-04-04 23:10:00,64,42,22,0,63.3,3.01
2017-04-04 23:15:00,71,51,20,0,69.5,3.14
2017-04-04 23:20:00,55,34,21,0,57.0,2.23
2017-04-04 23:25:00,43,21,21,1,63.6,1.67
2017-04-04 23:30:00,56,36,20,0,61.5,2.21
2017-04-04 23:35:00,45,33,12,0,60.3,2.5
2017-04-04 23:40:00,61,40,21,0,57.5,2.7
2017-04-04 23:45:00,50,38,12,0,58.6,2.06
2017-04-04 23:50:00,31,20,10,1,64.1,1.29
2017-04-04 23:55:00,51,31,20,0,70.0,1.61
2017-04-05 00:00:00,30,18,12,0,74.1,1.03
2017-04-05 00:05:00,29,20,9,0,62.1,1.23
2017-04-05 00:10:00,54,36,17,1,61.3,2.64
2017-04-05 00:15:00,35,26,9,0,65.9,1.24
2017-04-05 00:20:00,45,26,18,1,64.8,1.58
2017-04-05 00:25:00,38,28,10,0,61.6,1.57
2017-04-05 00:30:00,33,19,14,0,67.5,1.2
2017-04-05 00:35:00,29,21,7,1,64.4,0.95
2017-04-05 00:40:00,17,8,9,0,77.3,0.57
2017-04-05 00:45:00,25,16,9,0,60.0,0.89
2017-04-05 00:50:00,27,18,9,0,67.0,0.93
2017-04-05 00:55:00,27,15,12,0,62.5,0.88
2017-04-05 01:00:00,23,15,8,0,65.2,0.84
2017-04-05 01:05:00,42,25,17,0,57.2,2.21
2017-04-05 01:10:00,20,15,5,0,68.3,0.71
2017-04-05 01:15:00,14,7,7,0,62.6,0.61
2017-04-05 01:20:00,20,11,8,1,66.3,0.95
2017-04-05 01:25:00,17,13,4,0,64.0,0.66
2017-04-05 01:30:00,22,13,9,0,70.3,1.49
2017-04-05 01:35:00,18,14,3,1,58.5,3.46
2017-04-05 01:40:00,15,8,7,0,47.0,1.06
2017-04-05 01:45:00,14,12,2,0,63.9,0.52
2017-04-05 01:50:00,15,9,6,0,62.5,0.48
2017-04-05 01:55:00,19,11,8,0,68.2,0.77
2017-04-05 02:00:00,14,8,6,0,57.2,0.77
2017-04-05 02:05:00,14,9,5,0,65.2,0.59
2017-04-05 02:10:00,15,10,5,0,74.9,8.04
2017-04-05 02:15:00,19,16,3,0,66.1,0.58
2017-04-05 02:20:00,9,6,3,0,69.1,0.32
2017-04-05 02:25:00,12,7,4,1,65.0,0.59
2017-04-05 02:30:00,16,9,7,0,68.1,0.74
2017-04-05 02:35:00,12,7,5,0,62.4,0.39
2017-04-05 02:40:00,10,8,2,0,69.6,0.37
2017-04-05 02:45:00,9,6,3,0,68.8,0.31
2017-04-05 02:50:00,13,8,5,0,64.6,0.43
2017-04-05 02:55:00,12,7,5,0,61.7,0.46
2017-04-05 03:00:00,12,8,4,0,62.6,0.42
2017-04-05 03:05:00,7,5,2,0,62.8,0.38
2017-04-05 03:10:00,8,5,3,0,63.9,0.4
2017-04-05 03:15:00,13,9,4,0,51.3,0.61
2017-04-05 03:20:00,9,4,5,0,63.4,0.37
2017-04-05 03:25:00,14,8,6,0,63.8,0.55
2017-04-05 03:30:00,21,13,8,0,66.4,0.67
2017-04-05 03:35:00,13,8,5,0,56.2,0.51
2017-04-05 03:40:00,15,7,8,0,67.7,0.58
2017-04-05 03:45:00,20,14,6,0,57.1,0.93
2017-04-05 03:50:00,8,4,3,1,69.1,0.34
2017-04-05 03:55:00,17,11,6,0,68.7,0.57
2017-04-05 04:00:00,18,10,8,0,68.8,0.66
2017-04-05 04:05:00,17,11,4,2,61.6,0.65
2017-04-05 04:10:00,17,10,7,0,51.0,5.88
2017-04-05 04:15:00,16,10,6,0,68.4,0.6
2017-04-05 04:20:00,18,12,6,0,74.2,0.61
2017-04-05 04:25:00,12,5,7,0,70.1,0.48
2017-04-05 04:30:00,15,9,6,0,61.6,0.65
2017-04-05 04:35:00,23,15,8,0,66.3,0.77
2017-04-05 04:40:00,15,12,3,0,69.3,0.5
2017-04-05 04:45:00,26,23,3,0,59.9,0.99
2017-04-05 04:50:00,35,16,17,2,70.6,1.15
2017-04-05 04:55:00,16,10,6,0,68.8,0.58
2017-04-05 05:00:00,29,12,16,1,60.2,1.23
2017-04-05 05:05:00,25,13,12,0,54.5,1.29
2017-04-05 05:10:00,24,14,10,0,59.1,1.17
2017-04-05 05:15:00,19,11,8,0,64.2,0.78
2017-04-05 05:20:00,19,8,11,0,54.4,0.79
2017-04-05 05:25:00,24,19,5,0,58.3,1.09
2017-04-05 05:30:00,30,17,13,0,66.9,1.15
2017-04-05 05:35:00,43,26,17,0,64.0,1.58
2017-04-05 05:40:00,30,24,6,0,70.9,1.14
2017-04-05 05:45:00,43,31,11,1,58.9,2.07
2017-04-05 05:50:00,36,24,12,0,68.0,1.35
2017-04-05 05:55:00,44,29,15,0,65.4,1.65
2017-04-05 06:00:00,39,23,16,0,57.4,1.9
2017-04-05 06:05:00,59,35,24,0,57.4,2.53
2017-04-05 06:10:00,49,33,15,1,68.3,1.96
2017-04-05 06:15:00,66,37,26,3,65.9,2.21
2017-04-05 06:20:00,57,34,23,0,62.9,2.08
2017-04-05 06:25:00,84,52,30,2,67.1,2.65
2017-04-05 06:30:00,70,43,25,2,68.7,2.12
2017-04-05 06:35:00,71,46,25,0,69.0,2.1
2017-04-05 06:40:00,93,55,36,2,64.3,3.35
2017-04-05 06:45:00,92,50,41,1,66.7,3.1
2017-04-05 06:50:00,89,51,37,1,65.8,2.62
2017-04-05 06:55:00,108,64,44,0,68.1,4.51
2017-04-05 07:00:00,109,72,35,2,70.5,4.46
2017-04-05 07:05:00,134,79,53,2,67.4,4.96
2017-04-05 07:10:00,147,89,55,3,70.6,4.85
2017-04-05 07:15:00,165,112,53,0,59.4,8.03
2017-04-05 07:20:00,135,80,55,0,63.7,7.24
2017-04-05 07:25:00,153,98,54,1,62.8,6.82
2017-04-05 07:30:00,157,109,45,3,62.8,12.47
2017-04-05 07:35:00,184,127,57,0,59.6,7.54
2017-04-05 07:40:00,147,89,55,3,62.2,7.13
2017-04-05 07:45:00,169,102,65,2,57.9,8.33
2017-04-05 07:50:00,174,112,59,3,62.8,6.56
2017-04-05 07:55:00,160,104,53,3,62.4,6.29
2017-04-05 08:00:00,152,103,47,2,64.3,5.11
2017-04-05 08:05:00,189,123,65,1,61.1,7.08
2017-04-05 08:10:00,198,135,63,0,60.2,8.91
2017-04-05 08:15:00,182,124,57,1,60.1,10.63
2017-04-05 08:20:00,214,144,69,1,53.5,23.86
2017-04-05 08:25:00,174,113,56,5,55.6,9.69
2017-04-05 08:30:00,198,129,68,1,58.5,9.69
2017-04-05 08:35:00,191,145,45,1,60.3,8.52
2017-04-05 08:40:00,193,137,56,0,53.3,11.85
2017-04-05 08:45:00,213,134,77,2,54.2,15.18
2017-04-05 08:50:00,192,128,62,2,57.1,12.4
2017-04-05 08:55:00,110,71,39,0,54.7,14.76
2017-04-05 09:00:00,167,103,63,1,57.7,11.81
2017-04-05 09:05:00,171,114,56,1,52.9,13.26
2017-04-05 09:10:00,170,108,58,4,59.2,8.48
2017-04-05 09:15:00,140,98,39,3,61.8,6.45
2017-04-05 09:20:00,147,95,51,1,63.3,4.92
2017-04-05 09:25:00,166,110,54,2,61.0,7.09
2017-04-05 09:30:00,188,123,61,4,55.7,13.51
2017-04-05 09:35:00,146,91,53,2,58.3,7.4
2017-04-05 09:40:00,167,110,57,0,59.8,7.15
2017-04-05 09:45:00,171,109,60,2,56.3,9.3
2017-04-05 09:50:00,173,109,63,1,56.0,16.74
2017-04-05 09:55:00,147,104,41,2,63.9,5.99
2017-04-05 10:00:00,142,91,49,2,62.8,6.04
2017-04-05 10:05:00,140,91,47,2,61.4,6.37
2017-04-05 10:10:00,132,93,36,3,65.8,5.4
2017-04-05 10:15:00,144,89,50,5,59.8,6.59
2017-04-05 10:20:00,157,87,65,5,60.5,8.37
2017-04-05 10:25:00,123,81,39,3,61.2,5.27
2017-04-05 10:30:00,118,75,43,0,63.7,4.93
2017-04-05 10:35:00,133,78,53,2,58.0,6.27
2017-04-05 10:40:00,143,86,55,2,61.5,5.67
2017-04-05 10:45:00,138,91,47,0,63.7,5.75
2017-04-05 10:50:00,127,83,43,1,63.0,5.21
2017-04-05 10:55:00,128,85,43,0,59.7,5.54
2017-04-05 11:00:00,125,83,41,1,61.3,5.57
2017-04-05 11:05:00,111,67,41,3,58.9,5.08
2017-04-05 11:10:00,135,80,49,6,58.8,6.27
2017-04-05 11:15:00,127,73,50,4,60.4,5.57
2017-04-05 11:20:00,120,76,40,4,57.6,5.83
2017-04-05 11:25:00,129,73,55,1,58.7,5.41
2017-04-05 11:30:00,127,73,53,1,58.3,6.02
2017-04-05 11:35:00,135,90,42,3,59.9,4.98
2017-04-05 11:40:00,126,82,44,0,57.8,5.59
2017-04-05 11:45:00,139,96,41,2,59.7,5.85
2017-04-05 11:50:00,118,79,39,0,62.0,4.93
2017-04-05 11:55:00,125,90,34,1,62.7,5.42
2017-04-05 12:00:00,121,74,46,1,60.2,5.5
2017-04-05 12:05:00,115,71,42,2,61.7,6.27
2017-04-05 12:10:00,101,65,34,2,64.5,3.77
2017-04-05 12:15:00,113,73,37,3,58.6,5.26
2017-04-05 12:20:00,100,64,35,1,62.9,4.18
2017-04-05 12:25:00,110,73,35,2,61.0,4.79
2017-04-05 12:30:00,128,74,49,5,60.2,6.39
2017-04-05 12:35:00,117,82,34,1,59.9,5.38
2017-04-05 12:40:00,124,87,37,0,59.9,5.95
2017-04-05 12:45:00,130,78,52,0,56.9,5.93
2017-04-05 12:50:00,132,94,37,1,57.3,6.22
2017-04-05 12:55:00,111,76,33,2,60.7,4.65
2017-04-05 13:00:00,130,85,44,1,61.9,5.99
2017-04-05 13:05:00,137,99,37,1,59.2,7.49
2017-04-05 13:10:00,137,84,52,1,61.6,5.57
2017-04-05 13:15:00,144,86,56,2,57.0,6.48
2017-04-05 13:20:00,125,80,43,2,58.0,5.62
2017-04-05 13:25:00,150,107,43,0,58.8,7.93
2017-04-05 13:30:00,121,78,42,1,59.1,5.74
2017-04-05 13:35:00,131,87,43,1,57.8,6.35
2017-04-05 13:40:00,140,89,49,2,58.2,7.13
2017-04-05 13:45:00,142,101,39,2,56.9,6.55
2017-04-05 13:50:00,160,116,42,2,57.7,8.72
2017-04-05 13:55:00,133,91,41,1,59.8,5.99
2017-04-05 14:00:00,128,88,38,2,59.7,5.26
2017-04-05 14:05:00,125,92,33,0,56.4,6.25
2017-04-05 14:10:00,136,92,43,1,60.1,5.05
2017-04-05 14:15:00,148,97,50,1,56.1,8.02
2017-04-05 14:20:00,157,113,43,1,58.6,6.97
2017-04-05 14:25:00,127,83,43,1,61.2,5.11
2017-04-05 14:30:00,106,65,41,0,54.9,5.57
2017-04-05 14:35:00,130,84,45,1,59.5,6.6
2017-04-05 14:40:00,149,96,53,0,57.1,7.58
2017-04-05 14:45:00,151,84,65,2,58.4,7.05
2017-04-05 14:50:00,122,79,40,3,57.8,5.93
2017-04-05 14:55:00,142,91,48,3,54.4,8.36
2017-04-05 15:00:00,133,79,52,2,57.5,7.36
2017-04-05 15:05:00,144,89,53,2,60.6,6.2
2017-04-05 15:10:00,156,99,54,3,56.4,9.26
2017-04-05 15:15:00,157,97,59,1,55.0,7.81
2017-04-05 15:20:00,124,85,39,0,60.1,5.48
2017-04-05 15:25:00,145,86,58,1,56.9,7.36
2017-04-05 15:30:00,130,60,68,2,54.9,7.98
2017-04-05 15:35:00,162,86,74,2,56.5,9.57
2017-04-05 15:40:00,142,76,64,2,56.7,8.11
2017-04-05 15:45:00,153,97,56,0,58.5,7.84
2017-04-05 15:50:00,122,66,56,0,60.2,5.53
2017-04-05 15:55:00,148,91,57,0,59.2,7.65
2017-04-05 16:00:00,158,95,62,1,57.3,10.78
2017-04-05 16:05:00,140,91,47,2,59.8,6.43
2017-04-05 16:10:00,155,102,53,0,54.6,8.3
2017-04-05 16:15:00,149,97,51,1,58.8,11.02
2017-04-05 16:20:00,150,84,64,2,60.0,7.94
2017-04-05 16:25:00,167,84,81,2,58.2,7.72
2017-04-05 16:30:00,130,78,52,0,59.9,5.71
2017-04-05 16:35:00,155,82,71,2,53.9,10.06
2017-04-05 16:40:00,159,88,69,2,56.7,11.3
2017-04-05 16:45:00,137,63,72,2,57.2,10.09
2017-04-05 16:50:00,156,89,66,1,57.5,8.9
2017-04-05 16:55:00,165,99,64,2,57.4,9.72
2017-04-05 17:00:00,160,87,70,3,55.4,8.96
2017-04-05 17:05:00,134,75,56,3,55.3,8.03
2017-04-05 17:10:00,171,98,69,4,50.3,23.26
2017-04-05 17:15:00,168,88,74,6,49.9,17.26
2017-04-05 17:20:00,129,74,53,2,57.5,11.13
2017-04-05 17:25:00,181,97,82,2,55.3,12.91
2017-04-05 17:30:00,147,80,67,0,56.2,8.65
2017-04-05 17:35:00,168,83,83,2,56.6,9.21
2017-04-05 17:40:00,167,96,69,2,56.9,9.78
2017-04-05 17:45:00,157,96,60,1,50.4,16.12
2017-04-05 17:50:00,185,121,64,0,50.8,14.57
2017-04-05 17:55:00,149,81,68,0,51.7,24.35
2017-04-05 18:00:00,173,99,70,4,49.7,16.56
2017-04-05 18:05:00,206,120,84,2,52.2,15.73
2017-04-05 18:10:00,217,117,100,0,49.2,19.08
2017-04-05 18:15:00,221,124,95,2,47.4,23.17
2017-04-05 18:20:00,222,137,82,3,44.6,22.08
2017-04-05 18:25:00,213,132,78,3,45.9,23.71
2017-04-05 18:30:00,201,122,79,0,46.9,22.03
2017-04-05 18:35:00,195,110,84,1,44.8,23.22
2017-04-05 18:40:00,189,111,78,0,50.8,18.75
2017-04-05 18:45:00,148,102,45,1,54.4,15.71
2017-04-05 18:50:00,162,106,51,5,50.9,19.06
2017-04-05 18:55:00,180,125,54,1,46.9,19.64
2017-04-05 19:00:00,171,119,46,6,43.0,23.86
2017-04-05 19:05:00,134,91,38,5,48.5,34.52
2017-04-05 19:10:00,167,129,38,0,45.7,31.45
2017-04-05 19:15:00,165,124,39,2,48.4,26.32
2017-04-05 19:20:00,139,95,43,1,50.9,34.98
2017-04-05 19:25:00,145,100,42,3,48.3,27.59
2017-04-05 19:30:00,100,63,33,4,48.8,39.68
2017-04-05 19:35:00,112,75,33,4,50.4,33.61
2017-04-05 19:40:00,145,104,41,0,53.9,33.3
2017-04-05 19:45:00,119,88,30,1,52.0,19.83
2017-04-05 19:50:00,86,59,26,1,61.8,22.0
2017-04-05 19:55:00,117,80,35,2,53.8,14.34
2017-04-05 20:00:00,106,72,33,1,47.1,16.55
2017-04-05 20:05:00,95,75,19,1,55.4,16.68
2017-04-05 20:10:00,102,83,17,2,51.7,15.23
2017-04-05 20:15:00,103,72,28,3,52.2,30.38
2017-04-05 20:20:00,105,75,30,0,53.2,22.99
2017-04-05 20:25:00,103,77,26,0,56.8,23.09
2017-04-05 20:30:00,101,66,30,5,56.8,20.6
2017-04-05 20:35:00,86,62,23,1,53.8,25.51
2017-04-05 20:40:00,113,78,32,3,58.7,17.88
2017-04-05 20:45:00,115,78,36,1,58.2,13.06
2017-04-05 20:50:00,104,71,33,0,60.8,22.13
2017-04-05 20:55:00,96,65,27,4,49.4,31.34
2017-04-05 21:00:00,123,84,37,2,52.1,17.16
2017-04-05 21:05:00,146,103,41,2,56.0,19.0
2017-04-05 21:10:00,113,74,37,2,54.4,17.98
2017-04-05 21:15:00,106,74,31,1,59.8,14.01
2017-04-05 21:20:00,125,97,26,2,58.4,17.49
2017-04-05 21:25:00,114,87,27,0,51.2,25.75
2017-04-05 21:30:00,96,76,19,1,56.3,20.32
2017-04-05 21:35:00,92,70,22,0,52.9,32.83
2017-04-05 21:40:00,108,79,28,1,56.1,25.94
2017-04-05 21:45:00,104,81,22,1,58.7,23.31
2017-04-05 21:50:00,103,77,25,1,57.0,19.08
2017-04-05 21:55:00,84,46,34,4,57.7,22.27
2017-04-05 22:00:00,87,59,27,1,59.2,37.74
2017-04-05 22:05:00,92,62,29,1,57.9,31.37
2017-04-05 22:10:00,102,77,23,2,56.1,30.18
2017-04-05 22:15:00,109,84,24,1,58.8,14.42
2017-04-05 22:20:00,70,50,19,1,63.6,24.62
2017-04-05 22:25:00,106,78,26,2,54.0,24.38
2017-04-05 22:30:00,79,57,22,0,61.2,15.86
2017-04-05 22:35:00,72,45,22,5,60.4,22.33
2017-04-05 22:40:00,78,50,22,6,59.6,20.85
2017-04-05 22:45:00,57,42,12,3,43.7,29.44
2017-04-05 22:50:00,55,43,12,0,62.4,35.49
2017-04-05 22:55:00,60,43,15,2,61.0,15.45
2017-04-05 23:00:00,63,49,13,1,57.5,11.14
2017-04-05 23:05:00,60,43,13,4,65.1,19.33
2017-04-05 23:10:00,58,45,12,1,62.7,31.39
2017-04-05 23:15:00,71,45,21,5,58.8,26.7
2017-04-05 23:20:00,51,40,9,2,54.7,18.06
2017-04-05 23:25:00,34,20,13,1,56.0,33.65
2017-04-05 23:30:00,52,29,21,2,55.8,20.89
2017-04-05 23:35:00,39,30,9,0,51.8,40.0
2017-04-05 23:40:00,48,38,8,2,60.7,26.56
2017-04-05 23:45:00,40,31,9,0,57.6,30.24
2017-04-05 23:50:00,22,16,5,1,56.2,46.48
2017-04-05 23:55:00,37,27,10,0,54.4,30.41
2017-04-06 00:00:00,41,35,6,0,69.4,24.77
2017-04-06 00:05:00,38,33,4,1,67.2,26.13
2017-04-06 00:10:00,32,23,9,0,68.3,31.8
2017-04-06 00:15:00,30,21,7,2,60.1,35.05
2017-04-06 00:20:00,44,34,8,2,56.0,26.91
2017-04-06 00:25:00,31,27,4,0,61.2,27.85
2017-04-06 00:30:00,24,19,4,1,64.0,27.77
2017-04-06 00:35:00,20,16,3,1,61.3,19.8
2017-04-06 00:40:00,15,13,2,0,43.3,33.89
2017-04-06 00:45:00,18,14,4,0,53.6,31.56
2017-04-06 00:50:00,11,5,5,1,52.6,25.5
2017-04-06 00:55:00,18,14,4,0,57.6,25.05
2017-04-06 01:00:00,9,6,2,1,38.9,29.84
2017-04-06 01:05:00,19,16,3,0,48.7,26.43
2017-04-06 01:10:00,17,12,5,0,55.4,30.59
2017-04-06 01:15:00,16,13,3,0,61.0,24.41
2017-04-06 01:20:00,10,7,3,0,39.2,25.42
2017-04-06 01:25:00,21,12,8,1,50.3,24.94
2017-04-06 01:30:00,15,10,5,0,70.1,21.11
2017-04-06 01:35:00,8,6,1,1,39.3,25.58
2017-04-06 01:40:00,22,16,4,2,68.7,32.55
2017-04-06 01:45:00,13,9,4,0,35.5,33.49
2017-04-06 01:50:00,19,15,4,0,58.5,23.17
2017-04-06 01:55:00,14,11,2,1,63.7,32.72
2017-04-06 02:00:00,13,12,1,0,41.5,37.05
2017-04-06 02:05:00,22,13,8,1,60.6,37.65
2017-04-06 02:10:00,21,11,9,1,57.8,33.03
2017-04-06 02:15:00,10,7,3,0,42.9,42.19
2017-04-06 02:20:00,11,8,2,1,41.5,45.9
2017-04-06 02:25:00,16,13,1,2,56.5,36.59
2017-04-06 02:30:00,14,8,6,0,49.7,14.14
2017-04-06 02:35:00,11,5,5,1,62.3,27.27
2017-04-06 02:40:00,20,15,4,1,61.1,18.92
2017-04-06 02:45:00,9,5,3,1,64.8,25.39
2017-04-06 02:50:00,10,6,3,1,58.2,49.04
2017-04-06 02:55:00,17,14,3,0,46.0,38.65
2017-04-06 03:00:00,9,4,5,0,55.1,38.41
2017-04-06 03:05:00,7,5,2,0,38.8,49.75
2017-04-06 03:10:00,12,8,4,0,30.7,50.77
2017-04-06 03:15:00,6,3,3,0,29.2,50.24
2017-04-06 03:20:00,13,12,1,0,60.2,19.41
2017-04-06 03:25:00,9,7,2,0,45.3,1.6
2017-04-06 03:30:00,13,10,3,0,40.8,3.82
2017-04-06 03:35:00,12,8,4,0,40.6,0.96
2017-04-06 03:40:00,18,10,5,3,44.1,4.74
2017-04-06 03:45:00,9,7,1,1,30.3,1.65
2017-04-06 03:50:00,12,9,3,0,46.6,0.84
2017-04-06 03:55:00,6,5,1,0,29.9,0.46
2017-04-06 04:00:00,8,6,2,0,41.0,23.98
2017-04-06 04:05:00,10,7,2,1,30.4,44.26
2017-04-06 04:10:00,18,13,5,0,37.4,17.76
2017-04-06 04:15:00,15,11,4,0,42.4,2.11
2017-04-06 04:20:00,16,12,4,0,66.7,14.29
2017-04-06 04:25:00,12,9,3,0,44.9,1.65
2017-04-06 04:30:00,14,9,5,0,59.5,4.24
2017-04-06 04:35:00,18,13,5,0,61.1,32.87
2017-04-06 04:40:00,27,27,0,0,53.7,18.77
2017-04-06 04:45:00,22,14,8,0,45.8,44.03
2017-04-06 04:50:00,23,16,7,0,40.3,35.54
2017-04-06 04:55:00,21,16,5,0,46.2,47.05
2017-04-06 05:00:00,13,9,4,0,61.5,8.18
2017-04-06 05:05:00,31,19,11,1,54.4,24.51
2017-04-06 05:10:00,19,11,7,1,65.4,22.78
2017-04-06 05:15:00,26,17,7,2,52.9,4.14
2017-04-06 05:20:00,20,16,3,1,63.7,10.97
2017-04-06 05:25:00,26,16,10,0,61.6,11.35
2017-04-06 05:30:00,27,23,4,0,61.0,8.22
2017-04-06 05:35:00,28,18,9,1,61.9,9.12
2017-04-06 05:40:00,22,18,3,1,58.0,16.73
2017-04-06 05:45:00,31,27,4,0,58.2,15.57
2017-04-06 05:50:00,36,20,12,4,57.6,12.91
2017-04-06 05:55:00,44,30,14,0,52.0,19.86
2017-04-06 06:00:00,44,24,17,3,41.1,14.34
2017-04-06 06:05:00,44,25,19,0,49.0,20.02
2017-04-06 06:10:00,44,30,13,1,53.3,19.03
2017-04-06 06:15:00,53,44,9,0,60.3,9.3
2017-04-06 06:20:00,64,48,15,1,62.5,4.21
2017-04-06 06:25:00,71,52,18,1,57.1,3.22
2017-04-06 06:30:00,73,49,23,1,65.3,3.18
2017-04-06 06:35:00,59,44,15,0,58.4,2.7
2017-04-06 06:40:00,64,47,17,0,61.8,2.69
2017-04-06 06:45:00,105,73,30,2,62.8,4.26
2017-04-06 06:50:00,89,60,29,0,62.6,3.34
2017-04-06 06:55:00,98,66,29,3,63.0,4.55
2017-04-06 07:00:00,125,86,37,2,61.2,5.91
2017-04-06 07:05:00,124,100,22,2,69.5,4.71
2017-04-06 07:10:00,133,90,43,0,68.2,4.94
2017-04-06 07:15:00,144,110,32,2,61.6,7.57
2017-04-06 07:20:00,133,103,29,1,67.8,4.44
2017-04-06 07:25:00,145,107,37,1,60.0,10.64
2017-04-06 07:30:00,132,102,29,1,60.8,4.76
2017-04-06 07:35:00,168,138,29,1,59.3,9.42
2017-04-06 07:40:00,137,109,27,1,59.0,7.31
2017-04-06 07:45:00,153,118,34,1,61.7,7.63
2017-04-06 07:50:00,146,110,35,1,63.6,5.96
2017-04-06 07:55:00,180,140,40,0,63.4,7.61
2017-04-06 08:00:00,141,109,31,1,62.9,5.9
2017-04-06 08:05:00,185,147,36,2,60.1,8.09
2017-04-06 08:10:00,153,120,32,1,58.7,8.19
2017-04-06 08:15:00,177,133,42,2,55.0,11.13
2017-04-06 08:20:00,194,155,37,2,47.0,25.09
2017-04-06 08:25:00,180,141,38,1,51.8,17.5
2017-04-06 08:30:00,210,161,46,3,56.8,12.3
2017-04-06 08:35:00,209,176,31,2,56.0,14.22
2017-04-06 08:40:00,182,148,32,2,56.8,14.09
2017-04-06 08:45:00,203,150,52,1,55.9,15.78
2017-04-06 08:50:00,206,160,43,3,53.7,16.95
2017-04-06 08:55:00,168,122,46,0,53.8,9.94
2017-04-06 09:00:00,143,106,35,2,55.1,9.12
2017-04-06 09:05:00,154,117,33,4,58.5,7.24
2017-04-06 09:10:00,165,122,42,1,58.9,9.1
2017-04-06 09:15:00,137,96,40,1,61.6,4.97
2017-04-06 09:20:00,162,116,41,5,54.8,9.33
2017-04-06 09:25:00,164,131,32,1,62.4,6.84
2017-04-06 09:30:00,138,110,28,0,64.1,5.43
2017-04-06 09:35:00,193,136,56,1,55.4,14.98
2017-04-06 09:40:00,145,110,32,3,57.7,7.19
2017-04-06 09:45:00,152,114,38,0,57.8,7.71
2017-04-06 09:50:00,164,132,31,1,59.5,6.78
2017-04-06 09:55:00,154,109,43,2,61.5,6.75
2017-04-06 10:00:00,135,103,30,2,60.3,5.57
2017-04-06 10:05:00,129,100,28,1,61.7,5.02
2017-04-06 10:10:00,146,109,37,0,61.6,5.35
2017-04-06 10:15:00,132,91,39,2,63.0,5.16
2017-04-06 10:20:00,126,92,34,0,60.9,4.76
2017-04-06 10:25:00,150,122,28,0,58.1,7.33
2017-04-06 10:30:00,135,96,34,5,60.2,6.59
2017-04-06 10:35:00,126,88,37,1,66.0,4.89
2017-04-06 10:40:00,131,100,31,0,67.5,4.61
2017-04-06 10:45:00,133,93,40,0,63.5,5.2
2017-04-06 10:50:00,123,86,37,0,60.6,4.28
2017-04-06 10:55:00,126,88,35,3,62.0,5.48
2017-04-06 11:00:00,125,91,33,1,64.5,4.93
2017-04-06 11:05:00,133,93,38,2,64.7,5.04
2017-04-06 11:10:00,131,98,31,2,60.4,5.29
2017-04-06 11:15:00,139,98,38,3,66.3,6.02
2017-04-06 11:20:00,108,76,31,1,61.6,3.78
2017-04-06 11:25:00,112,81,30,1,62.7,6.04
2017-04-06 11:30:00,123,89,33,1,63.7,4.39
2017-04-06 11:35:00,125,91,32,2,62.3,4.27
2017-04-06 11:40:00,129,102,25,2,59.9,4.58
2017-04-06 11:45:00,142,101,41,0,63.2,4.65
2017-04-06 11:50:00,118,88,28,2,65.6,3.75
2017-04-06 11:55:00,122,82,37,3,64.1,4.09
2017-04-06 12:00:00,108,86,21,1,63.0,3.49
2017-04-06 12:05:00,104,74,29,1,63.0,3.43
2017-04-06 12:10:00,105,86,19,0,61.8,3.28
2017-04-06 12:15:00,125,94,30,1,65.2,3.79
2017-04-06 12:20:00,91,55,36,0,62.6,3.21
2017-04-06 12:25:00,114,81,33,0,56.2,4.29
2017-04-06 12:30:00,129,92,35,2,59.9,4.45
2017-04-06 12:35:00,127,89,33,5,61.9,4.73
2017-04-06 12:40:00,134,109,24,1,63.3,4.51
2017-04-06 12:45:00,128,87,41,0,63.4,4.05
2017-04-06 12:50:00,107,80,27,0,63.6,3.4
2017-04-06 12:55:00,143,106,34,3,62.4,5.28
2017-04-06 13:00:00,131,101,30,0,61.6,4.08
2017-04-06 13:05:00,147,118,26,3,62.0,4.94
2017-04-06 13:10:00,121,91,30,0,62.9,3.92
2017-04-06 13:15:00,144,116,28,0,63.4,4.63
2017-04-06 13:20:00,134,99,33,2,64.5,4.43
2017-04-06 13:25:00,126,97,29,0,67.0,3.72
2017-04-06 13:30:00,141,104,36,1,63.5,4.53
2017-04-06 13:35:00,127,87,39,1,64.2,4.23
2017-04-06 13:40:00,140,102,36,2,63.4,4.75
2017-04-06 13:45:00,156,106,48,2,59.9,6.06
2017-04-06 13:50:00,136,109,27,0,61.6,4.37
2017-04-06 13:55:00,123,88,33,2,62.8,4.26
2017-04-06 14:00:00,111,85,25,1,63.6,3.59
2017-04-06 14:05:00,124,82,42,0,63.6,4.07
2017-04-06 14:10:00,128,79,49,0,61.7,5.07
2017-04-06 14:15:00,136,84,51,1,63.5,4.42
2017-04-06 14:20:00,152,95,57,0,61.3,5.1
2017-04-06 14:25:00,143,86,57,0,62.7,4.81
2017-04-06 14:30:00,155,106,47,2,60.9,5.44
2017-04-06 14:35:00,134,92,41,1,60.8,4.64
2017-04-06 14:40:00,140,82,58,0,64.7,4.77
2017-04-06 14:45:00,142,86,56,0,62.7,4.81
2017-04-06 14:50:00,135,91,44,0,61.8,4.57
2017-04-06 14:55:00,155,106,48,1,60.0,5.14
2017-04-06 15:00:00,151,98,52,1,58.9,5.68
2017-04-06 15:05:00,146,97,48,1,60.8,5.48
2017-04-06 15:10:00,161,108,52,1,63.7,6.23
2017-04-06 15:15:00,158,100,58,0,56.1,6.33
2017-04-06 15:20:00,143,68,74,1,61.5,5.68
2017-04-06 15:25:00,146,85,60,1,62.7,5.13
2017-04-06 15:30:00,141,89,52,0,63.3,5.13
2017-04-06 15:35:00,142,86,56,0,55.7,5.54
2017-04-06 15:40:00,157,93,63,1,59.7,5.7
2017-04-06 15:45:00,157,95,60,2,60.5,5.44
2017-04-06 15:50:00,138,94,43,1,62.7,5.92
2017-04-06 15:55:00,134,88,43,3,59.6,5.48
2017-04-06 16:00:00,156,97,56,3,61.0,6.08
2017-04-06 16:05:00,148,113,35,0,59.7,5.15
2017-04-06 16:10:00,151,123,25,3,61.7,5.21
2017-04-06 16:15:00,156,118,37,1,57.0,6.24
2017-04-06 16:20:00,154,117,36,1,57.0,5.98
2017-04-06 16:25:00,147,123,24,0,56.6,5.46
2017-04-06 16:30:00,148,122,25,1,59.3,5.49
2017-04-06 16:35:00,215,153,62,0,56.1,10.12
2017-04-06 16:40:00,168,127,41,0,57.7,5.81
2017-04-06 16:45:00,137,95,40,2,62.6,4.55
2017-04-06 16:50:00,160,107,52,1,59.7,6.09
2017-04-06 16:55:00,177,133,43,1,58.2,6.36
2017-04-06 17:00:00,167,127,39,1,59.8,6.02
2017-04-06 17:05:00,156,121,33,2,55.5,7.6
2017-04-06 17:10:00,160,120,37,3,54.1,8.91
2017-04-06 17:15:00,195,145,50,0,53.5,11.6
2017-04-06 17:20:00,182,136,42,4,56.7,8.5
2017-04-06 17:25:00,158,127,30,1,56.7,6.01
2017-04-06 17:30:00,161,120,41,0,63.0,5.64
2017-04-06 17:35:00,191,158,30,3,61.7,6.3
2017-04-06 17:40:00,183,145,37,1,62.5,5.61
2017-04-06 17:45:00,171,137,32,2,60.3,7.06
2017-04-06 17:50:00,195,161,33,1,51.1,9.75
2017-04-06 17:55:00,184,138,43,3,54.5,10.72
2017-04-06 18:00:00,185,140,41,4,53.4,10.01
2017-04-06 18:05:00,250,206,43,1,53.0,12.94
2017-04-06 18:10:00,217,181,31,5,55.6,8.28
2017-04-06 18:15:00,215,180,33,2,53.4,9.06
2017-04-06 18:20:00,232,194,36,2,49.4,13.73
2017-04-06 18:25:00,233,186,45,2,47.3,13.88
2017-04-06 18:30:00,224,183,36,5,50.2,11.33
2017-04-06 18:35:00,215,178,33,4,51.1,12.43
2017-04-06 18:40:00,192,160,32,0,52.9,10.05
2017-04-06 18:45:00,165,131,32,2,55.6,7.31
2017-04-06 18:50:00,171,137,30,4,55.4,8.08
2017-04-06 18:55:00,175,139,36,0,54.8,7.01
2017-04-06 19:00:00,174,144,27,3,58.5,6.36
2017-04-06 19:05:00,130,108,21,1,58.7,4.87
2017-04-06 19:10:00,138,108,29,1,58.7,5.09
2017-04-06 19:15:00,162,127,31,4,59.6,6.44
2017-04-06 19:20:00,175,138,36,1,50.5,7.47
2017-04-06 19:25:00,153,109,42,2,59.7,6.6
2017-04-06 19:30:00,152,111,36,5,52.4,9.4
2017-04-06 19:35:00,158,115,39,4,57.8,8.08
2017-04-06 19:40:00,129,86,43,0,63.1,5.24
2017-04-06 19:45:00,146,99,44,3,57.8,5.39
2017-04-06 19:50:00,116,74,40,2,57.9,4.27
2017-04-06 19:55:00,112,88,24,0,61.4,4.17
2017-04-06 20:00:00,113,92,21,0,58.2,4.03
2017-04-06 20:05:00,115,78,36,1,54.9,4.25
2017-04-06 20:10:00,114,80,33,1,64.3,4.16
2017-04-06 20:15:00,99,70,29,0,59.2,4.5
2017-04-06 20:20:00,99,75,21,3,54.0,3.51
2017-04-06 20:25:00,115,80,34,1,58.6,4.06
2017-04-06 20:30:00,118,82,36,0,65.7,4.34
2017-04-06 20:35:00,122,90,31,1,59.5,4.57
2017-04-06 20:40:00,130,99,31,0,58.4,4.66
2017-04-06 20:45:00,114,78,34,2,67.6,4.16
2017-04-06 20:50:00,115,79,35,1,62.7,3.99
2017-04-06 20:55:00,109,86,22,1,53.0,4.61
2017-04-06 21:00:00,104,70,34,0,52.1,5.2
2017-04-06 21:05:00,116,82,33,1,56.9,4.29
2017-04-06 21:10:00,134,95,37,2,63.5,5.04
2017-04-06 21:15:00,118,76,40,2,65.2,3.93
2017-04-06 21:20:00,117,86,30,1,60.0,4.2
2017-04-06 21:25:00,155,117,38,0,56.1,5.74
2017-04-06 21:30:00,136,102,31,3,60.6,5.08
2017-04-06 21:35:00,120,90,28,2,63.6,4.6
2017-04-06 21:40:00,127,93,33,1,62.3,4.74
2017-04-06 21:45:00,143,106,35,2,60.8,5.54
2017-04-06 21:50:00,98,64,32,2,64.8,3.56
2017-04-06 21:55:00,110,77,31,2,63.1,3.82
2017-04-06 22:00:00,106,80,26,0,64.2,3.64
2017-04-06 22:05:00,106,70,36,0,64.1,3.76
2017-04-06 22:10:00,127,91,36,0,64.2,4.6
2017-04-06 22:15:00,117,82,32,3,65.1,3.98
2017-04-06 22:20:00,104,72,30,2,58.0,3.79
2017-04-06 22:25:00,124,81,43,0,62.5,4.59
2017-04-06 22:30:00,96,61,29,6,70.3,3.65
2017-04-06 22:35:00,83,61,21,1,61.5,3.2
2017-04-06 22:40:00,84,52,31,1,67.2,3.23
2017-04-06 22:45:00,62,43,19,0,68.8,2.14
2017-04-06 22:50:00,63,44,18,1,61.1,2.32
2017-04-06 22:55:00,68,46,21,1,68.8,2.49
2017-04-06 23:00:00,65,52,13,0,61.8,2.39
2017-04-06 23:05:00,69,46,21,2,62.7,2.63
2017-04-06 23:10:00,66,42,23,1,68.9,2.35
2017-04-06 23:15:00,53,36,17,0,67.6,1.75
2017-04-06 23:20:00,65,45,19,1,60.8,2.68
2017-04-06 23:25:00,43,26,17,0,66.9,1.62
2017-04-06 23:30:00,50,34,16,0,70.4,1.75
2017-04-06 23:35:00,49,36,12,1,65.3,1.75
2017-04-06 23:40:00,41,33,8,0,69.7,1.52
2017-04-06 23:45:00,44,29,14,1,64.0,1.37
2017-04-06 23:50:00,47,36,11,0,63.0,1.56
2017-04-06 23:55:00,22,10,12,0,72.4,0.93
2017-04-07 00:00:00,37,30,7,0,65.4,1.12
2017-04-07 00:05:00,31,20,11,0,67.6,1.11
2017-04-07 00:10:00,39,24,15,0,63.6,1.36
2017-04-07 00:15:00,40,24,16,0,63.5,1.37
2017-04-07 00:20:00,47,34,13,0,65.7,1.6
2017-04-07 00:25:00,45,21,24,0,61.1,1.48
2017-04-07 00:30:00,28,21,7,0,58.0,0.93
2017-04-07 00:35:00,32,18,14,0,66.2,1.06
2017-04-07 00:40:00,29,18,10,1,64.6,0.98
2017-04-07 00:45:00,35,22,12,1,63.6,1.16
2017-04-07 00:50:00,33,26,7,0,64.1,1.13
2017-04-07 00:55:00,27,22,5,0,62.3,0.89
2017-04-07 01:00:00,20,16,4,0,68.1,0.65
2017-04-07 01:05:00,17,12,5,0,65.4,0.54
2017-04-07 01:10:00,18,13,5,0,64.0,0.58
2017-04-07 01:15:00,21,13,8,0,73.4,0.7
2017-04-07 01:20:00,22,13,9,0,63.4,0.81
2017-04-07 01:25:00,27,20,7,0,57.8,0.88
2017-04-07 01:30:00,10,6,4,0,67.7,0.48
2017-04-07 01:35:00,17,8,9,0,67.5,0.67
2017-04-07 01:40:00,23,19,3,1,66.5,0.85
2017-04-07 01:45:00,12,8,4,0,57.6,0.45
2017-04-07 01:50:00,18,12,6,0,67.9,0.68
2017-04-07 01:55:00,20,13,7,0,67.7,0.73
2017-04-07 02:00:00,10,8,2,0,65.3,0.32
2017-04-07 02:05:00,13,9,4,0,61.6,0.6
2017-04-07 02:10:00,11,7,4,0,69.9,0.4
2017-04-07 02:15:00,9,4,5,0,79.1,0.27
2017-04-07 02:20:00,8,7,1,0,54.4,0.33
2017-04-07 02:25:00,10,4,6,0,74.5,0.27
2017-04-07 02:30:00,9,6,3,0,67.4,0.29
2017-04-07 02:35:00,13,7,6,0,58.6,0.46
2017-04-07 02:40:00,7,4,3,0,77.0,0.28
2017-04-07 02:45:00,13,7,6,0,72.5,0.42
2017-04-07 02:50:00,13,8,5,0,56.5,0.49
2017-04-07 02:55:00,13,8,4,1,64.0,0.45
2017-04-07 03:00:00,12,7,5,0,64.7,0.52
2017-04-07 03:05:00,11,7,4,0,69.1,0.3
2017-04-07 03:10:00,12,8,4,0,63.4,0.38
2017-04-07 03:15:00,11,6,5,0,62.7,0.5
2017-04-07 03:20:00,16,8,8,0,69.9,0.56
2017-04-07 03:25:00,18,11,7,0,58.4,0.72
2017-04-07 03:30:00,13,6,7,0,61.9,0.51
2017-04-07 03:35:00,12,11,1,0,70.3,0.41
2017-04-07 03:40:00,14,8,6,0,60.1,0.69
2017-04-07 03:45:00,20,9,10,1,72.5,0.85
2017-04-07 03:50:00,16,9,7,0,61.0,0.67
2017-04-07 03:55:00,12,7,5,0,74.0,0.46
2017-04-07 04:00:00,15,7,8,0,76.9,0.59
2017-04-07 04:05:00,9,5,4,0,65.5,0.3
2017-04-07 04:10:00,18,10,8,0,63.1,0.66
2017-04-07 04:15:00,14,10,4,0,66.6,0.57
2017-04-07 04:20:00,19,12,7,0,64.8,0.67
2017-04-07 04:25:00,17,9,8,0,65.6,0.63
2017-04-07 04:30:00,19,11,6,2,56.0,0.77
2017-04-07 04:35:00,18,12,6,0,63.0,0.68
2017-04-07 04:40:00,22,13,9,0,60.0,0.89
2017-04-07 04:45:00,31,18,12,1,72.3,1.1
2017-04-07 04:50:00,19,11,8,0,63.2,0.65
2017-04-07 04:55:00,19,10,9,0,63.1,0.65
2017-04-07 05:00:00,20,14,6,0,73.2,0.78
2017-04-07 05:05:00,30,18,12,0,61.1,1.27
2017-04-07 05:10:00,21,14,7,0,69.1,0.96
2017-04-07 05:15:00,29,19,10,0,61.0,1.18
2017-04-07 05:20:00,26,21,5,0,67.0,1.02
2017-04-07 05:25:00,18,12,6,0,57.2,0.8
2017-04-07 05:30:00,33,21,12,0,65.4,1.26
2017-04-07 05:35:00,32,17,15,0,65.6,1.35
2017-04-07 05:40:00,35,23,12,0,61.8,1.42
2017-04-07 05:45:00,34,19,15,0,67.9,1.31
2017-04-07 05:50:00,33,21,12,0,67.7,1.16
2017-04-07 05:55:00,41,31,10,0,63.6,1.62
2017-04-07 06:00:00,45,30,15,0,71.7,1.71
2017-04-07 06:05:00,49,26,21,2,62.4,1.9
2017-04-07 06:10:00,56,38,18,0,63.8,2.05
2017-04-07 06:15:00,72,41,29,2,63.5,2.55
2017-04-07 06:20:00,55,43,12,0,66.2,1.82
2017-04-07 06:25:00,83,47,33,3,62.2,2.77
2017-04-07 06:30:00,79,59,19,1,70.2,2.44
2017-04-07 06:35:00,75,46,29,0,68.5,2.33
2017-04-07 06:40:00,86,47,38,1,67.9,2.99
2017-04-07 06:45:00,92,62,30,0,67.7,3.16
2017-04-07 06:50:00,105,59,43,3,67.1,3.26
2017-04-07 06:55:00,111,77,32,2,68.4,3.7
2017-04-07 07:00:00,143,95,47,1,61.8,5.41
2017-04-07 07:05:00,131,82,49,0,68.7,3.81
2017-04-07 07:10:00,128,90,38,0,70.4,3.68
2017-04-07 07:15:00,144,95,47,2,63.2,4.94
2017-04-07 07:20:00,155,106,47,2,63.2,6.46
2017-04-07 07:25:00,163,111,50,2,63.2,7.8
2017-04-07 07:30:00,163,121,42,0,66.5,7.17
2017-04-07 07:35:00,157,112,44,1,64.3,5.37
2017-04-07 07:40:00,174,115,58,1,62.0,6.39
2017-04-07 07:45:00,168,114,52,2,65.5,5.57
2017-04-07 07:50:00,165,116,47,2,65.3,5.32
2017-04-07 07:55:00,191,123,66,2,61.6,7.49
2017-04-07 08:00:00,154,113,40,1,63.0,5.22
2017-04-07 08:05:00,174,129,43,2,65.2,5.68
2017-04-07 08:10:00,171,124,47,0,61.2,6.22
2017-04-07 08:15:00,173,117,55,1,58.3,6.87
2017-04-07 08:20:00,220,144,73,3,49.8,11.79
2017-04-07 08:25:00,190,136,52,2,60.3,7.49
2017-04-07 08:30:00,221,156,64,1,56.0,9.82
2017-04-07 08:35:00,168,112,54,2,59.5,5.91
2017-04-07 08:40:00,183,124,58,1,58.4,6.85
2017-04-07 08:45:00,209,140,68,1,58.7,7.68
2017-04-07 08:50:00,185,135,48,2,59.0,7.21
2017-04-07 08:55:00,129,98,30,1,62.0,6.94
2017-04-07 09:00:00,162,103,58,1,59.6,7.39
2017-04-07 09:05:00,140,94,44,2,60.8,4.97
2017-04-07 09:10:00,162,115,46,1,57.4,7.74
2017-04-07 09:15:00,152,103,48,1,69.4,4.45
2017-04-07 09:20:00,124,90,32,2,61.5,4.05
2017-04-07 09:25:00,164,109,54,1,61.5,5.55
2017-04-07 09:30:00,157,106,51,0,62.4,4.79
2017-04-07 09:35:00,166,120,45,1,58.0,6.94
2017-04-07 09:40:00,151,108,42,1,63.9,4.63
2017-04-07 09:45:00,168,108,56,4,65.5,5.34
2017-04-07 09:50:00,151,106,45,0,64.7,4.7
2017-04-07 09:55:00,150,96,51,3,63.2,5.34
2017-04-07 10:00:00,130,83,45,2,62.3,4.64
2017-04-07 10:05:00,167,113,52,2,66.3,5.35
2017-04-07 10:10:00,123,77,46,0,67.6,3.67
2017-04-07 10:15:00,142,96,42,4,65.8,4.49
2017-04-07 10:20:00,141,86,51,4,66.3,4.73
2017-04-07 10:25:00,116,82,33,1,66.4,3.68
2017-04-07 10:30:00,142,96,45,1,66.5,4.43
2017-04-07 10:35:00,153,102,50,1,60.4,5.43
2017-04-07 10:40:00,129,83,46,0,64.0,4.49
2017-04-07 10:45:00,143,93,49,1,66.3,4.42
2017-04-07 10:50:00,128,73,55,0,62.9,4.15
2017-04-07 10:55:00,137,80,55,2,65.0,4.33
2017-04-07 11:00:00,118,76,40,2,62.3,3.79
2017-04-07 11:05:00,133,77,55,1,65.2,4.18
2017-04-07 11:10:00,128,84,43,1,64.8,4.45
2017-04-07 11:15:00,122,76,46,0,62.9,4.07
2017-04-07 11:20:00,121,80,41,0,61.8,4.02
2017-04-07 11:25:00,129,83,45,1,62.9,4.23
2017-04-07 11:30:00,147,79,66,2,63.7,5.13
2017-04-07 11:35:00,147,90,56,1,64.4,4.96
2017-04-07 11:40:00,144,92,49,3,63.6,4.73
2017-04-07 11:45:00,115,81,33,1,62.9,3.82
2017-04-07 11:50:00,110,65,44,1,67.3,3.52
2017-04-07 11:55:00,148,96,52,0,63.5,4.94
2017-04-07 12:00:00,108,64,43,1,66.5,3.5
2017-04-07 12:05:00,103,66,34,3,64.2,3.91
2017-04-07 12:10:00,120,79,41,0,65.6,3.95
2017-04-07 12:15:00,130,77,52,1,65.2,4.05
2017-04-07 12:20:00,128,78,50,0,65.8,4.41
2017-04-07 12:25:00,97,69,28,0,65.1,3.17
2017-04-07 12:30:00,117,64,52,1,62.5,3.88
2017-04-07 12:35:00,130,74,53,3,61.4,4.83
2017-04-07 12:40:00,130,69,59,2,62.1,4.67
2017-04-07 12:45:00,123,69,53,1,64.0,4.14
2017-04-07 12:50:00,127,73,53,1,67.5,4.42
2017-04-07 12:55:00,130,73,57,0,63.4,4.36
2017-04-07 13:00:00,129,83,46,0,63.7,4.26
2017-04-07 13:05:00,149,107,41,1,63.3,4.98
2017-04-07 13:10:00,150,96,54,0,62.6,5.28
2017-04-07 13:15:00,137,84,51,2,67.1,4.52
2017-04-07 13:20:00,124,79,45,0,61.8,4.33
2017-04-07 13:25:00,131,69,60,2,61.4,4.57
2017-04-07 13:30:00,165,100,63,2,56.4,7.17
2017-04-07 13:35:00,192,122,69,1,52.3,10.15
2017-04-07 13:40:00,149,94,53,2,65.1,5.05
2017-04-07 13:45:00,145,76,68,1,61.8,5.39
2017-04-07 13:50:00,167,109,56,2,60.8,5.73
2017-04-07 13:55:00,137,96,41,0,61.2,5.16
2017-04-07 14:00:00,135,81,52,2,61.1,4.6
2017-04-07 14:05:00,127,65,61,1,57.2,4.76
2017-04-07 14:10:00,156,96,60,0,59.3,6.09
2017-04-07 14:15:00,160,96,63,1,56.3,7.21
2017-04-07 14:20:00,161,102,59,0,60.9,5.97
2017-04-07 14:25:00,144,94,50,0,61.1,5.24
2017-04-07 14:30:00,169,114,55,0,60.9,6.08
2017-04-07 14:35:00,174,107,65,2,58.4,7.09
2017-04-07 14:40:00,155,93,61,1,63.1,5.44
2017-04-07 14:45:00,137,88,49,0,59.1,5.36
2017-04-07 14:50:00,161,93,67,1,57.1,6.7
2017-04-07 14:55:00,152,93,58,1,56.7,6.1
2017-04-07 15:00:00,146,84,61,1,57.4,5.72
2017-04-07 15:05:00,159,86,73,0,57.2,6.67
2017-04-07 15:10:00,163,101,62,0,58.3,7.23
2017-04-07 15:15:00,168,103,64,1,58.1,6.73
2017-04-07 15:20:00,207,126,80,1,56.4,9.55
2017-04-07 15:25:00,162,91,69,2,55.7,6.99
2017-04-07 15:30:00,175,113,62,0,59.2,6.69
2017-04-07 15:35:00,154,100,52,2,55.8,7.16
2017-04-07 15:40:00,173,105,67,1,54.7,7.59
2017-04-07 15:45:00,153,87,66,0,56.9,5.79
2017-04-07 15:50:00,187,119,64,4,54.1,7.97
2017-04-07 15:55:00,161,95,65,1,59.6,6.23
2017-04-07 16:00:00,152,100,52,0,60.4,5.78
2017-04-07 16:05:00,146,89,55,2,60.8,5.4
2017-04-07 16:10:00,165,94,71,0,59.9,6.51
2017-04-07 16:15:00,177,112,61,4,55.9,7.78
2017-04-07 16:20:00,202,124,77,1,54.9,10.21
2017-04-07 16:25:00,173,109,61,3,58.4,6.85
2017-04-07 16:30:00,163,109,54,0,60.4,6.5
2017-04-07 16:35:00,171,106,63,2,56.6,7.26
2017-04-07 16:40:00,169,105,64,0,57.2,6.59
2017-04-07 16:45:00,148,91,57,0,59.4,5.7
2017-04-07 16:50:00,166,110,53,3,57.9,7.24
2017-04-07 16:55:00,176,118,56,2,60.2,7.69
2017-04-07 17:00:00,206,143,62,1,53.8,9.49
2017-04-07 17:05:00,135,87,48,0,59.9,5.32
2017-04-07 17:10:00,219,144,73,2,51.4,13.11
2017-04-07 17:15:00,216,142,68,6,47.5,15.07
2017-04-07 17:20:00,195,124,69,2,53.0,10.16
2017-04-07 17:25:00,187,136,51,0,55.0,8.22
2017-04-07 17:30:00,197,136,59,2,55.3,8.97
2017-04-07 17:35:00,218,169,47,2,54.0,9.68
2017-04-07 17:40:00,197,153,43,1,53.6,9.81
2017-04-07 17:45:00,183,150,32,1,51.4,8.85
2017-04-07 17:50:00,202,171,28,3,47.2,12.58
2017-04-07 17:55:00,201,171,28,2,53.0,10.15
2017-04-07 18:00:00,207,182,22,3,50.6,10.33
2017-04-07 18:05:00,258,219,36,3,50.6,11.15
2017-04-07 18:10:00,277,240,34,3,45.6,15.95
2017-04-07 18:15:00,266,232,30,4,44.2,16.22
2017-04-07 18:20:00,231,197,32,2,45.5,13.18
2017-04-07 18:25:00,212,162,48,2,50.2,11.26
2017-04-07 18:30:00,202,162,39,1,50.9,10.5
2017-04-07 18:35:00,208,148,54,6,51.7,12.55
2017-04-07 18:40:00,196,141,55,0,52.1,9.51
2017-04-07 18:45:00,179,131,47,1,53.5,8.69
2017-04-07 18:50:00,221,166,54,1,49.8,11.36
2017-04-07 18:55:00,194,149,45,0,57.5,6.89
2017-04-07 19:00:00,180,121,56,3,54.2,7.54
2017-04-07 19:05:00,196,141,53,2,51.6,10.62
2017-04-07 19:10:00,213,192,21,0,50.2,9.57
2017-04-07 19:15:00,200,178,21,1,53.6,9.8
2017-04-07 19:20:00,174,138,33,3,55.6,9.21
2017-04-07 19:25:00,172,133,34,5,53.6,9.16
2017-04-07 19:30:00,179,126,51,2,50.0,11.13
2017-04-07 19:35:00,176,134,39,3,52.6,7.81
2017-04-07 19:40:00,192,150,40,2,57.2,7.69
2017-04-07 19:45:00,188,145,43,0,54.7,8.21
2017-04-07 19:50:00,155,112,41,2,55.8,6.49
2017-04-07 19:55:00,159,115,44,0,62.4,6.0
2017-04-07 20:00:00,162,119,42,1,58.3,6.08
2017-04-07 20:05:00,156,113,39,4,57.0,8.88
2017-04-07 20:10:00,144,104,36,4,53.0,10.22
2017-04-07 20:15:00,126,98,27,1,55.4,5.45
2017-04-07 20:20:00,143,106,34,3,53.7,7.88
2017-04-07 20:25:00,145,105,40,0,59.2,6.07
2017-04-07 20:30:00,150,101,47,2,61.9,6.09
2017-04-07 20:35:00,119,84,34,1,60.2,4.63
2017-04-07 20:40:00,153,116,36,1,54.4,6.45
2017-04-07 20:45:00,160,128,31,1,56.7,6.25
2017-04-07 20:50:00,136,96,40,0,60.8,5.75
2017-04-07 20:55:00,145,117,25,3,55.3,7.23
2017-04-07 21:00:00,155,111,39,5,51.2,9.97
2017-04-07 21:05:00,150,123,24,3,55.8,6.78
2017-04-07 21:10:00,150,103,46,1,61.2,6.01
2017-04-07 21:15:00,156,122,32,2,63.9,5.6
2017-04-07 21:20:00,151,104,47,0,62.5,5.68
2017-04-07 21:25:00,147,108,38,1,57.5,6.37
2017-04-07 21:30:00,147,109,37,1,54.9,5.73
2017-04-07 21:35:00,165,125,39,1,57.2,7.31
2017-04-07 21:40:00,168,136,29,3,53.9,8.87
2017-04-07 21:45:00,160,120,36,4,62.4,6.38
2017-04-07 21:50:00,174,138,35,1,61.6,6.72
2017-04-07 21:55:00,131,101,30,0,60.7,4.79
2017-04-07 22:00:00,120,81,37,2,62.2,4.57
2017-04-07 22:05:00,141,106,33,2,62.7,5.02
2017-04-07 22:10:00,150,108,41,1,57.2,5.78
2017-04-07 22:15:00,149,112,35,2,55.6,6.0
2017-04-07 22:20:00,139,98,39,2,59.2,5.85
2017-04-07 22:25:00,126,89,36,1,61.6,5.21
2017-04-07 22:30:00,151,121,29,1,58.7,5.77
2017-04-07 22:35:00,99,75,23,1,61.1,3.8
2017-04-07 22:40:00,120,67,52,1,65.4,4.48
2017-04-07 22:45:00,103,67,36,0,65.0,3.57
2017-04-07 22:50:00,111,78,31,2,62.5,4.02
2017-04-07 22:55:00,103,67,35,1,65.3,3.97
2017-04-07 23:00:00,86,57,28,1,59.7,3.31
2017-04-07 23:05:00,90,61,27,2,62.2,3.88
2017-04-07 23:10:00,98,76,21,1,64.2,3.88
2017-04-07 23:15:00,86,62,23,1,59.9,3.08
2017-04-07 23:20:00,70,43,27,0,65.2,2.53
2017-04-07 23:25:00,66,39,24,3,61.2,3.16
2017-04-07 23:30:00,76,45,31,0,65.1,2.82
2017-04-07 23:35:00,75,51,23,1,56.8,3.09
2017-04-07 23:40:00,65,47,18,0,58.4,2.52
2017-04-07 23:45:00,64,44,20,0,62.4,2.6
2017-04-07 23:50:00,66,49,15,2,61.2,2.5
2017-04-07 23:55:00,69,47,22,0,65.9,2.52
2017-04-08 00:00:00,45,30,15,0,63.9,1.44
2017-04-08 00:05:00,48,35,13,0,61.9,1.9
2017-04-08 00:10:00,40,29,10,1,60.7,1.57
2017-04-08 00:15:00,46,31,14,1,70.5,1.72
2017-04-08 00:20:00,53,29,24,0,65.4,1.94
2017-04-08 00:25:00,38,26,10,2,61.1,1.5
2017-04-08 00:30:00,49,30,19,0,68.8,1.77
2017-04-08 00:35:00,36,26,9,1,63.6,1.19
2017-04-08 00:40:00,28,18,10,0,63.7,0.98
2017-04-08 00:45:00,26,20,6,0,59.3,0.86
2017-04-08 00:50:00,38,23,14,1,61.1,1.29
2017-04-08 00:55:00,28,19,9,0,64.8,1.02
2017-04-08 01:00:00,34,19,15,0,72.6,1.25
2017-04-08 01:05:00,35,23,11,1,66.3,1.37
2017-04-08 01:10:00,29,19,10,0,61.7,1.08
2017-04-08 01:15:00,19,13,6,0,73.3,0.6
2017-04-08 01:20:00,26,21,5,0,55.4,1.14
2017-04-08 01:25:00,26,14,12,0,64.3,0.96
2017-04-08 01:30:00,25,16,9,0,62.0,0.95
2017-04-08 01:35:00,23,11,12,0,72.3,0.9
2017-04-08 01:40:00,23,18,5,0,69.9,0.82
2017-04-08 01:45:00,17,11,6,0,70.4,0.55
2017-04-08 01:50:00,18,11,7,0,78.9,0.61
2017-04-08 01:55:00,30,19,11,0,67.2,1.09
2017-04-08 02:00:00,16,12,4,0,66.2,0.56
2017-04-08 02:05:00,20,14,5,1,62.3,0.82
2017-04-08 02:10:00,16,12,4,0,73.3,0.5
2017-04-08 02:15:00,18,13,5,0,68.3,0.68
2017-04-08 02:20:00,11,7,4,0,69.3,0.41
2017-04-08 02:25:00,13,9,4,0,69.0,0.44
2017-04-08 02:30:00,15,9,6,0,68.2,0.53
2017-04-08 02:35:00,18,8,9,1,67.0,0.78
2017-04-08 02:40:00,16,14,1,1,60.5,0.6
2017-04-08 02:45:00,18,12,6,0,68.4,0.61
2017-04-08 02:50:00,15,7,8,0,72.4,0.51
2017-04-08 02:55:00,15,12,3,0,62.7,0.51
2017-04-08 03:00:00,15,11,4,0,58.0,0.57
2017-04-08 03:05:00,13,6,7,0,69.8,0.49
2017-04-08 03:10:00,13,5,8,0,63.1,0.44
2017-04-08 03:15:00,10,4,6,0,54.3,0.46
2017-04-08 03:20:00,15,8,7,0,81.8,0.5
2017-04-08 03:25:00,20,13,7,0,63.2,0.74
2017-04-08 03:30:00,17,11,6,0,68.4,0.59
2017-04-08 03:35:00,15,10,5,0,67.2,0.52
2017-04-08 03:40:00,17,9,8,0,74.3,0.57
2017-04-08 03:45:00,17,10,7,0,61.4,0.7
2017-04-08 03:50:00,13,6,7,0,63.0,0.53
2017-04-08 03:55:00,16,11,5,0,41.8,25.6
2017-04-08 04:00:00,17,9,8,0,71.2,0.63
2017-04-08 04:05:00,20,11,9,0,70.7,0.78
2017-04-08 04:10:00,11,6,5,0,65.0,0.37
2017-04-08 04:15:00,20,12,8,0,73.1,0.67
2017-04-08 04:20:00,16,6,10,0,63.8,0.5
2017-04-08 04:25:00,22,13,8,1,62.5,0.87
2017-04-08 04:30:00,15,8,6,1,58.8,0.6
2017-04-08 04:35:00,19,9,10,0,66.5,0.65
2017-04-08 04:40:00,19,15,4,0,62.6,0.57
2017-04-08 04:45:00,13,11,2,0,59.7,0.4
2017-04-08 04:50:00,26,15,11,0,63.3,1.03
2017-04-08 04:55:00,20,10,10,0,57.1,0.8
2017-04-08 05:00:00,23,11,11,1,67.4,0.78
2017-04-08 05:05:00,28,18,10,0,59.1,1.06
2017-04-08 05:10:00,19,11,8,0,70.7,0.73
2017-04-08 05:15:00,20,11,9,0,59.2,0.83
2017-04-08 05:20:00,17,8,9,0,62.8,0.52
2017-04-08 05:25:00,27,17,9,1,64.9,0.91
2017-04-08 05:30:00,29,18,11,0,65.1,1.08
2017-04-08 05:35:00,33,23,9,1,71.7,1.29
2017-04-08 05:40:00,21,12,9,0,60.5,1.13
2017-04-08 05:45:00,37,24,13,0,58.7,1.62
2017-04-08 05:50:00,33,28,5,0,64.0,1.22
2017-04-08 05:55:00,33,21,12,0,61.7,1.26
2017-04-08 06:00:00,42,28,13,1,61.0,1.99
2017-04-08 06:05:00,40,25,13,2,62.1,1.54
2017-04-08 06:10:00,57,37,19,1,65.2,1.9
2017-04-08 06:15:00,55,33,22,0,63.8,1.8
2017-04-08 06:20:00,64,41,19,4,67.0,2.25
2017-04-08 06:25:00,70,46,23,1,65.4,2.26
2017-04-08 06:30:00,74,46,28,0,72.7,2.27
2017-04-08 06:35:00,65,39,26,0,65.7,2.11
2017-04-08 06:40:00,93,59,32,2,65.1,3.27
2017-04-08 06:45:00,91,57,31,3,66.1,2.87
2017-04-08 06:50:00,85,56,28,1,70.8,2.38
2017-04-08 06:55:00,74,40,31,3,66.3,2.36
2017-04-08 07:00:00,72,46,26,0,61.6,2.3
2017-04-08 07:05:00,64,50,13,1,65.0,1.97
2017-04-08 07:10:00,97,73,24,0,72.2,2.77
2017-04-08 07:15:00,110,80,27,3,65.1,3.69
2017-04-08 07:20:00,91,63,27,1,70.5,2.54
2017-04-08 07:25:00,74,52,21,1,66.4,2.65
2017-04-08 07:30:00,88,71,17,0,69.9,2.72
2017-04-08 07:35:00,97,70,26,1,69.3,2.85
2017-04-08 07:40:00,83,63,20,0,68.7,2.43
2017-04-08 07:45:00,109,75,30,4,68.0,3.54
2017-04-08 07:50:00,106,76,29,1,65.7,3.23
2017-04-08 07:55:00,117,81,35,1,66.1,3.79
2017-04-08 08:00:00,119,92,27,0,64.7,3.81
2017-04-08 08:05:00,102,68,31,3,67.0,3.26
2017-04-08 08:10:00,113,90,23,0,70.5,3.75
2017-04-08 08:15:00,115,78,34,3,62.3,4.7
2017-04-08 08:20:00,131,98,33,0,68.9,4.26
2017-04-08 08:25:00,162,112,46,4,66.1,5.58
2017-04-08 08:30:00,166,129,37,0,59.2,6.38
2017-04-08 08:35:00,135,104,31,0,63.0,4.67
2017-04-08 08:40:00,134,109,25,0,67.4,3.88
2017-04-08 08:45:00,149,119,29,1,66.8,4.43
2017-04-08 08:50:00,152,117,34,1,68.0,4.55
2017-04-08 08:55:00,130,94,35,1,66.9,3.96
2017-04-08 09:00:00,157,113,43,1,68.2,5.9
2017-04-08 09:05:00,168,124,42,2,58.9,6.63
2017-04-08 09:10:00,162,120,41,1,58.8,5.99
2017-04-08 09:15:00,152,110,40,2,66.9,5.35
2017-04-08 09:20:00,119,89,29,1,66.1,3.65
2017-04-08 09:25:00,150,117,32,1,65.8,4.2
2017-04-08 09:30:00,177,126,51,0,62.2,5.78
2017-04-08 09:35:00,165,116,47,2,63.2,5.4
2017-04-08 09:40:00,161,119,41,1,60.8,5.05
2017-04-08 09:45:00,185,120,61,4,63.1,5.9
2017-04-08 09:50:00,155,118,35,2,65.8,4.5
2017-04-08 09:55:00,131,92,36,3,66.1,3.9
2017-04-08 10:00:00,143,106,35,2,64.9,4.63
2017-04-08 10:05:00,126,88,38,0,61.8,4.12
2017-04-08 10:10:00,148,113,35,0,65.6,4.31
2017-04-08 10:15:00,153,106,46,1,61.0,5.06
2017-04-08 10:20:00,152,98,54,0,62.4,4.84
2017-04-08 10:25:00,171,116,55,0,60.0,5.79
2017-04-08 10:30:00,176,125,50,1,62.2,5.67
2017-04-08 10:35:00,176,121,53,2,62.1,5.64
2017-04-08 10:40:00,153,104,46,3,59.6,5.31
2017-04-08 10:45:00,167,109,58,0,59.5,5.63
2017-04-08 10:50:00,174,117,55,2,64.6,5.38
2017-04-08 10:55:00,185,131,54,0,63.4,5.63
2017-04-08 11:00:00,193,128,65,0,61.2,6.57
2017-04-08 11:05:00,178,122,53,3,60.7,6.1
2017-04-08 11:10:00,210,139,69,2,59.1,9.31
2017-04-08 11:15:00,158,115,42,1,63.7,5.01
2017-04-08 11:20:00,188,135,51,2,60.5,7.34
2017-04-08 11:25:00,173,114,59,0,63.4,5.56
2017-04-08 11:30:00,177,112,65,0,61.4,6.26
2017-04-08 11:35:00,157,101,53,3,59.9,5.78
2017-04-08 11:40:00,164,104,59,1,58.9,7.39
2017-04-08 11:45:00,194,129,62,3,55.3,11.26
2017-04-08 11:50:00,214,141,69,4,51.9,12.05
2017-04-08 11:55:00,190,127,61,2,54.1,11.4
2017-04-08 12:00:00,171,109,62,0,59.9,7.14
2017-04-08 12:05:00,193,126,67,0,57.6,7.69
2017-04-08 12:10:00,212,158,52,2,58.1,7.63
2017-04-08 12:15:00,201,133,67,1,55.4,9.48
2017-04-08 12:20:00,175,112,63,0,58.9,7.33
2017-04-08 12:25:00,202,143,58,1,53.3,9.43
2017-04-08 12:30:00,181,124,57,0,58.7,6.56
2017-04-08 12:35:00,168,112,54,2,57.7,6.74
2017-04-08 12:40:00,178,121,55,2,56.8,7.57
2017-04-08 12:45:00,172,117,54,1,57.8,7.53
2017-04-08 12:50:00,194,129,65,0,56.1,7.79
2017-04-08 12:55:00,221,146,74,1,51.7,10.51
2017-04-08 13:00:00,198,130,68,0,55.7,7.4
2017-04-08 13:05:00,176,113,61,2,56.8,7.26
2017-04-08 13:10:00,178,113,63,2,54.0,7.39
2017-04-08 13:15:00,197,132,64,1,56.2,9.19
2017-04-08 13:20:00,175,109,65,1,55.4,8.14
2017-04-08 13:25:00,180,120,59,1,56.1,7.8
2017-04-08 13:30:00,187,116,71,0,50.4,9.86
2017-04-08 13:35:00,201,128,70,3,53.6,8.43
2017-04-08 13:40:00,216,142,72,2,57.0,9.29
2017-04-08 13:45:00,188,121,67,0,57.5,6.82
2017-04-08 13:50:00,226,145,81,0,50.7,10.46
2017-04-08 13:55:00,217,133,83,1,48.5,12.29
2017-04-08 14:00:00,146,96,49,1,55.6,8.43
2017-04-08 14:05:00,205,131,70,4,49.2,12.86
2017-04-08 14:10:00,209,131,78,0,52.6,10.55
2017-04-08 14:15:00,226,129,97,0,52.0,11.05
2017-04-08 14:20:00,217,130,85,2,49.1,11.06
2017-04-08 14:25:00,202,123,76,3,52.3,8.55
2017-04-08 14:30:00,202,121,78,3,51.0,9.33
2017-04-08 14:35:00,217,123,93,1,53.5,9.91
2017-04-08 14:40:00,161,98,62,1,52.6,7.92
2017-04-08 14:45:00,197,108,88,1,50.2,9.74
2017-04-08 14:50:00,171,107,61,3,50.6,8.69
2017-04-08 14:55:00,183,117,65,1,52.1,9.87
2017-04-08 15:00:00,212,134,78,0,48.0,11.37
2017-04-08 15:05:00,210,128,81,1,51.5,8.89
2017-04-08 15:10:00,196,111,85,0,54.8,7.11
2017-04-08 15:15:00,171,102,65,4,52.3,7.69
2017-04-08 15:20:00,199,137,62,0,51.0,9.24
2017-04-08 15:25:00,166,106,57,3,55.4,7.0
2017-04-08 15:30:00,182,110,70,2,52.3,10.24
2017-04-08 15:35:00,195,132,59,4,47.2,13.46
2017-04-08 15:40:00,191,119,70,2,49.4,12.63
2017-04-08 15:45:00,201,124,77,0,49.6,12.04
2017-04-08 15:50:00,211,142,68,1,48.2,12.05
2017-04-08 15:55:00,182,107,73,2,56.4,6.84
2017-04-08 16:00:00,167,112,55,0,56.6,6.65
2017-04-08 16:05:00,202,132,70,0,52.6,9.12
2017-04-08 16:10:00,194,127,67,0,50.3,9.44
2017-04-08 16:15:00,208,145,62,1,48.1,12.87
2017-04-08 16:20:00,190,130,55,5,44.0,14.46
2017-04-08 16:25:00,178,122,53,3,53.2,10.11
2017-04-08 16:30:00,205,142,60,3,47.6,10.56
2017-04-08 16:35:00,201,145,53,3,53.3,8.79
2017-04-08 16:40:00,162,113,48,1,56.5,6.62
2017-04-08 16:45:00,169,126,42,1,54.5,7.13
2017-04-08 16:50:00,208,167,40,1,52.8,10.58
2017-04-08 16:55:00,200,166,31,3,50.8,12.07
2017-04-08 17:00:00,198,160,34,4,44.6,12.47
2017-04-08 17:05:00,221,176,41,4,42.8,17.8
2017-04-08 17:10:00,217,158,54,5,44.1,14.3
2017-04-08 17:15:00,189,159,29,1,51.6,10.15
2017-04-08 17:20:00,210,169,38,3,48.1,10.88
2017-04-08 17:25:00,208,166,41,1,52.6,9.93
2017-04-08 17:30:00,201,161,39,1,54.0,8.3
2017-04-08 17:35:00,214,175,39,0,51.8,9.62
2017-04-08 17:40:00,219,158,59,2,47.9,12.1
2017-04-08 17:45:00,217,169,44,4,46.6,15.97
2017-04-08 17:50:00,189,152,34,3,48.2,11.93
2017-04-08 17:55:00,180,142,38,0,49.3,9.51
2017-04-08 18:00:00,177,137,38,2,53.8,7.53
2017-04-08 18:05:00,200,157,42,1,51.5,8.44
2017-04-08 18:10:00,194,142,51,1,53.5,8.64
2017-04-08 18:15:00,201,158,43,0,52.2,8.21
2017-04-08 18:20:00,209,152,56,1,48.7,9.99
2017-04-08 18:25:00,188,147,41,0,52.7,8.43
2017-04-08 18:30:00,184,131,52,1,44.8,11.84
2017-04-08 18:35:00,205,158,46,1,47.8,12.69
2017-04-08 18:40:00,172,117,54,1,53.8,8.0
2017-04-08 18:45:00,161,114,46,1,52.7,7.36
2017-04-08 18:50:00,176,129,45,2,53.4,8.73
2017-04-08 18:55:00,181,134,46,1,59.1,6.11
2017-04-08 19:00:00,158,125,32,1,58.0,5.81
2017-04-08 19:05:00,165,132,32,1,55.2,6.45
2017-04-08 19:10:00,159,140,19,0,55.8,6.26
2017-04-08 19:15:00,161,131,29,1,52.7,7.19
2017-04-08 19:20:00,125,101,23,1,54.1,5.29
2017-04-08 19:25:00,137,98,38,1,57.0,6.48
2017-04-08 19:30:00,143,112,30,1,58.7,5.57
2017-04-08 19:35:00,152,115,36,1,51.7,6.58
2017-04-08 19:40:00,148,116,32,0,53.9,6.17
2017-04-08 19:45:00,149,121,27,1,52.7,6.32
2017-04-08 19:50:00,128,89,38,1,54.9,5.64
2017-04-08 19:55:00,154,113,40,1,57.1,6.17
2017-04-08 20:00:00,128,87,41,0,56.7,5.15
2017-04-08 20:05:00,126,100,26,0,53.9,5.68
2017-04-08 20:10:00,111,82,28,1,56.4,4.51
2017-04-08 20:15:00,145,92,52,1,54.7,6.16
2017-04-08 20:20:00,122,95,27,0,52.3,5.44
2017-04-08 20:25:00,153,113,37,3,52.7,6.81
2017-04-08 20:30:00,155,126,27,2,56.2,6.13
2017-04-08 20:35:00,153,119,33,1,55.6,6.44
2017-04-08 20:40:00,161,134,27,0,52.7,7.51
2017-04-08 20:45:00,146,114,31,1,54.1,6.05
2017-04-08 20:50:00,194,148,43,3,44.8,11.63
2017-04-08 20:55:00,172,148,22,2,49.9,8.06
2017-04-08 21:00:00,149,114,32,3,54.7,6.67
2017-04-08 21:05:00,160,123,35,2,56.1,6.61
2017-04-08 21:10:00,152,119,32,1,58.8,6.22
2017-04-08 21:15:00,129,100,29,0,61.2,5.0
2017-04-08 21:20:00,132,101,29,2,56.0,4.9
2017-04-08 21:25:00,135,103,31,1,53.3,5.69
2017-04-08 21:30:00,107,74,33,0,62.6,4.01
2017-04-08 21:35:00,139,100,39,0,56.4,6.54
2017-04-08 21:40:00,148,118,29,1,59.5,6.54
2017-04-08 21:45:00,135,99,35,1,57.5,5.36
2017-04-08 21:50:00,121,75,44,2,62.3,5.05
2017-04-08 21:55:00,106,72,33,1,62.8,4.06
2017-04-08 22:00:00,96,68,25,3,58.4,3.7
2017-04-08 22:05:00,103,62,40,1,61.1,4.1
2017-04-08 22:10:00,101,68,33,0,63.9,3.76
2017-04-08 22:15:00,116,80,35,1,62.7,4.46
2017-04-08 22:20:00,105,79,26,0,57.4,4.23
2017-04-08 22:25:00,116,93,22,1,56.6,4.8
2017-04-08 22:30:00,86,56,30,0,60.1,3.33
2017-04-08 22:35:00,73,42,31,0,64.8,2.6
2017-04-08 22:40:00,101,75,25,1,62.1,3.76
2017-04-08 22:45:00,80,57,22,1,62.4,2.79
2017-04-08 22:50:00,85,57,26,2,61.5,3.31
2017-04-08 22:55:00,97,67,30,0,59.3,3.81
2017-04-08 23:00:00,73,48,25,0,57.0,3.02
2017-04-08 23:05:00,63,47,16,0,66.0,2.54
2017-04-08 23:10:00,76,55,20,1,65.0,2.76
2017-04-08 23:15:00,51,32,19,0,64.0,1.9
2017-04-08 23:20:00,55,35,20,0,72.5,1.83
2017-04-08 23:25:00,56,37,19,0,68.2,1.95
2017-04-08 23:30:00,62,45,17,0,70.2,2.26
2017-04-08 23:35:00,54,34,20,0,61.4,2.12
2017-04-08 23:40:00,59,45,14,0,58.0,2.32
2017-04-08 23:45:00,61,40,21,0,61.3,2.29
2017-04-08 23:50:00,45,33,12,0,62.1,1.46
2017-04-08 23:55:00,52,34,18,0,68.5,1.8
2017-04-09 00:00:00,52,39,13,0,59.9,1.97
2017-04-09 00:05:00,25,20,5,0,64.4,1.01
2017-04-09 00:10:00,51,36,15,0,62.7,1.7
2017-04-09 00:15:00,35,23,12,0,57.6,1.03
2017-04-09 00:20:00,33,17,15,1,58.7,1.39
2017-04-09 00:25:00,29,20,9,0,55.1,0.9
2017-04-09 00:30:00,39,26,13,0,61.2,1.41
2017-04-09 00:35:00,31,21,10,0,63.3,1.23
2017-04-09 00:40:00,34,16,15,3,62.1,1.12
2017-04-09 00:45:00,34,23,11,0,64.5,1.06
2017-04-09 00:50:00,17,8,9,0,63.6,0.65
2017-04-09 00:55:00,26,15,11,0,70.6,0.91
2017-04-09 01:00:00,35,24,11,0,59.2,1.17
2017-04-09 01:05:00,21,12,9,0,70.3,0.8
2017-04-09 01:10:00,22,16,6,0,76.2,0.78
2017-04-09 01:15:00,37,23,13,1,70.8,1.12
2017-04-09 01:20:00,26,20,6,0,77.0,0.84
2017-04-09 01:25:00,28,18,10,0,64.4,1.09
2017-04-09 01:30:00,22,13,9,0,66.5,0.71
2017-04-09 01:35:00,14,8,6,0,56.1,0.56
2017-04-09 01:40:00,17,11,6,0,60.1,0.77
2017-04-09 01:45:00,21,17,4,0,72.1,0.69
2017-04-09 01:50:00,12,10,2,0,68.1,0.33
2017-04-09 01:55:00,14,7,7,0,71.0,0.51
2017-04-09 02:00:00,11,9,2,0,64.1,0.47
2017-04-09 02:05:00,16,14,2,0,60.8,0.48
2017-04-09 02:10:00,13,9,3,1,75.5,0.43
2017-04-09 02:15:00,23,17,6,0,62.8,0.76
2017-04-09 02:20:00,19,12,7,0,70.4,0.64
2017-04-09 02:25:00,13,7,6,0,68.6,0.48
2017-04-09 02:30:00,12,9,3,0,61.5,0.4
2017-04-09 02:35:00,12,9,3,0,67.5,0.37
2017-04-09 02:40:00,10,6,4,0,56.1,0.42
2017-04-09 02:45:00,9,8,1,0,71.9,0.33
2017-04-09 02:50:00,13,8,5,0,91.4,0.32
2017-04-09 02:55:00,16,10,6,0,75.9,0.54
2017-04-09 03:00:00,7,7,0,0,63.6,0.28
2017-04-09 03:05:00,10,7,3,0,71.9,0.37
2017-04-09 03:10:00,14,11,3,0,60.2,0.59
2017-04-09 03:15:00,10,6,4,0,64.0,0.3
2017-04-09 03:20:00,10,7,3,0,56.4,0.35
2017-04-09 03:25:00,6,3,3,0,61.3,0.17
2017-04-09 03:30:00,9,8,1,0,62.0,0.39
2017-04-09 03:35:00,8,6,2,0,64.1,0.31
2017-04-09 03:40:00,11,9,2,0,59.5,0.39
2017-04-09 03:45:00,12,7,5,0,59.1,0.42
2017-04-09 03:50:00,12,8,4,0,67.9,0.36
2017-04-09 03:55:00,7,5,2,0,61.8,0.3
2017-04-09 04:00:00,15,9,6,0,77.9,0.44
2017-04-09 04:05:00,8,5,3,0,73.1,0.31
2017-04-09 04:10:00,8,7,1,0,72.3,0.27
2017-04-09 04:15:00,14,9,4,1,67.0,0.64
2017-04-09 04:20:00,7,4,3,0,74.5,0.26
2017-04-09 04:25:00,18,11,7,0,65.2,0.77
2017-04-09 04:30:00,14,11,3,0,53.4,0.6
2017-04-09 04:35:00,14,8,6,0,71.6,0.47
2017-04-09 04:40:00,26,17,9,0,67.2,0.93
2017-04-09 04:45:00,17,13,4,0,65.5,0.56
2017-04-09 04:50:00,16,10,6,0,49.7,0.53
2017-04-09 04:55:00,12,9,3,0,58.7,0.44
2017-04-09 05:00:00,18,14,4,0,60.1,0.61
2017-04-09 05:05:00,13,8,5,0,62.0,0.49
2017-04-09 05:10:00,12,9,3,0,61.5,0.51
2017-04-09 05:15:00,8,4,4,0,55.3,0.3
2017-04-09 05:20:00,17,9,7,1,62.2,0.63
2017-04-09 05:25:00,17,10,7,0,59.6,0.81
2017-04-09 05:30:00,20,14,6,0,64.1,0.85
2017-04-09 05:35:00,20,13,7,0,57.8,0.71
2017-04-09 05:40:00,21,14,7,0,63.1,0.73
2017-04-09 05:45:00,27,16,11,0,63.2,1.0
2017-04-09 05:50:00,24,13,10,1,66.4,0.82
2017-04-09 05:55:00,29,19,9,1,59.3,1.5
2017-04-09 06:00:00,23,13,10,0,59.7,0.96
2017-04-09 06:05:00,41,30,9,2,64.7,1.46
2017-04-09 06:10:00,28,22,6,0,65.1,1.01
2017-04-09 06:15:00,45,32,12,1,67.0,1.33
2017-04-09 06:20:00,52,35,15,2,59.6,2.11
2017-04-09 06:25:00,36,28,8,0,71.8,1.15
2017-04-09 06:30:00,51,35,14,2,68.6,1.4
2017-04-09 06:35:00,51,35,15,1,64.6,1.85
2017-04-09 06:40:00,48,35,13,0,63.7,1.81
2017-04-09 06:45:00,58,36,22,0,69.3,1.52
2017-04-09 06:50:00,57,46,11,0,63.6,1.81
2017-04-09 06:55:00,60,43,16,1,67.3,2.14
2017-04-09 07:00:00,39,31,8,0,64.3,1.14
2017-04-09 07:05:00,59,43,16,0,66.0,1.66
2017-04-09 07:10:00,54,44,10,0,68.5,1.73
2017-04-09 07:15:00,66,47,18,1,60.6,2.06
2017-04-09 07:20:00,32,24,8,0,72.2,0.96
2017-04-09 07:25:00,30,24,6,0,67.4,0.92
2017-04-09 07:30:00,74,57,17,0,65.4,2.01
2017-04-09 07:35:00,63,49,13,1,65.5,1.89
2017-04-09 07:40:00,58,50,7,1,66.7,2.06
2017-04-09 07:45:00,68,55,13,0,63.5,2.1
2017-04-09 07:50:00,58,47,10,1,68.1,1.57
2017-04-09 07:55:00,48,40,7,1,66.7,1.52
2017-04-09 08:00:00,69,52,15,2,65.2,1.86
2017-04-09 08:05:00,67,51,16,0,59.2,2.71
2017-04-09 08:10:00,91,77,12,2,63.4,2.69
2017-04-09 08:15:00,107,88,18,1,62.2,3.11
2017-04-09 08:20:00,130,105,23,2,55.3,5.42
2017-04-09 08:25:00,106,78,28,0,64.1,3.17
2017-04-09 08:30:00,132,96,35,1,57.9,4.34
2017-04-09 08:35:00,124,98,26,0,53.2,4.79
2017-04-09 08:40:00,161,126,34,1,58.7,5.16
2017-04-09 08:45:00,132,101,29,2,65.3,3.59
2017-04-09 08:50:00,105,83,20,2,63.6,3.52
2017-04-09 08:55:00,145,112,33,0,56.6,5.39
2017-04-09 09:00:00,116,87,24,5,63.5,3.45
2017-04-09 09:05:00,124,96,27,1,61.2,3.85
2017-04-09 09:10:00,88,71,17,0,61.0,3.19
2017-04-09 09:15:00,120,92,26,2,65.1,3.38
2017-04-09 09:20:00,95,77,18,0,63.5,2.78
2017-04-09 09:25:00,89,68,20,1,66.0,2.84
2017-04-09 09:30:00,114,94,19,1,64.0,3.58
2017-04-09 09:35:00,110,91,19,0,65.7,2.89
2017-04-09 09:40:00,115,92,21,2,65.6,3.92
2017-04-09 09:45:00,122,94,27,1,63.4,3.75
2017-04-09 09:50:00,116,86,29,1,66.0,3.01
2017-04-09 09:55:00,111,84,26,1,62.5,3.62
2017-04-09 10:00:00,101,75,26,0,65.0,3.19
2017-04-09 10:05:00,124,93,30,1,64.0,3.54
2017-04-09 10:10:00,91,71,19,1,67.4,2.48
2017-04-09 10:15:00,112,78,33,1,63.3,5.73
2017-04-09 10:20:00,127,97,29,1,61.2,3.82
2017-04-09 10:25:00,160,114,44,2,59.2,5.75
2017-04-09 10:30:00,170,115,54,1,59.0,5.64
2017-04-09 10:35:00,198,138,57,3,58.5,6.17
2017-04-09 10:40:00,139,104,35,0,62.9,4.69
2017-04-09 10:45:00,159,107,52,0,60.8,5.26
2017-04-09 10:50:00,152,105,47,0,61.4,4.71
2017-04-09 10:55:00,163,110,53,0,60.3,4.83
2017-04-09 11:00:00,124,86,36,2,60.1,4.42
2017-04-09 11:05:00,118,90,27,1,61.6,3.74
2017-04-09 11:10:00,140,96,43,1,60.8,4.12
2017-04-09 11:15:00,116,72,43,1,61.0,4.07
2017-04-09 11:20:00,126,91,34,1,59.5,3.88
2017-04-09 11:25:00,121,80,40,1,61.5,3.31
2017-04-09 11:30:00,132,93,38,1,58.3,4.98
2017-04-09 11:35:00,120,92,27,1,60.5,3.95
2017-04-09 11:40:00,127,102,23,2,62.2,3.65
2017-04-09 11:45:00,117,82,34,1,61.3,4.19
2017-04-09 11:50:00,139,100,36,3,60.1,4.57
2017-04-09 11:55:00,142,97,43,2,56.8,4.79
2017-04-09 12:00:00,115,85,29,1,59.3,4.69
2017-04-09 12:05:00,138,101,37,0,59.4,4.64
2017-04-09 12:10:00,132,106,25,1,57.9,3.9
2017-04-09 12:15:00,134,87,47,0,61.1,4.89
2017-04-09 12:20:00,140,99,41,0,56.5,4.94
2017-04-09 12:25:00,149,101,46,2,59.9,5.13
2017-04-09 12:30:00,179,124,52,3,55.7,5.73
2017-04-09 12:35:00,128,90,36,2,54.8,5.25
2017-04-09 12:40:00,166,114,52,0,56.4,6.06
2017-04-09 12:45:00,197,133,62,2,53.3,6.91
2017-04-09 12:50:00,156,97,56,3,55.4,6.11
2017-04-09 12:55:00,161,111,49,1,56.0,5.77
2017-04-09 13:00:00,191,132,57,2,54.8,6.29
2017-04-09 13:05:00,157,106,50,1,53.2,6.1
2017-04-09 13:10:00,151,105,45,1,55.7,5.89
2017-04-09 13:15:00,176,118,54,4,55.5,6.04
2017-04-09 13:20:00,143,102,41,0,56.6,5.5
2017-04-09 13:25:00,195,131,63,1,57.0,6.28
2017-04-09 13:30:00,180,118,58,4,53.5,7.89
2017-04-09 13:35:00,159,98,61,0,56.0,6.52
2017-04-09 13:40:00,170,99,70,1,57.9,5.92
2017-04-09 13:45:00,162,87,74,1,58.6,5.02
2017-04-09 13:50:00,158,95,63,0,55.4,6.42
2017-04-09 13:55:00,170,104,66,0,54.3,6.29
2017-04-09 14:00:00,199,135,64,0,56.7,6.72
2017-04-09 14:05:00,155,96,57,2,55.1,6.61
2017-04-09 14:10:00,192,129,63,0,55.0,7.25
2017-04-09 14:15:00,153,93,59,1,54.1,6.08
2017-04-09 14:20:00,166,106,60,0,51.5,8.34
2017-04-09 14:25:00,158,103,55,0,53.7,6.2
2017-04-09 14:30:00,214,139,75,0,50.7,8.13
2017-04-09 14:35:00,174,111,61,2,49.8,8.04
2017-04-09 14:40:00,186,126,59,1,48.9,10.0
2017-04-09 14:45:00,200,118,79,3,55.8,6.59
2017-04-09 14:50:00,192,120,71,1,58.2,6.98
2017-04-09 14:55:00,169,106,61,2,54.9,7.16
2017-04-09 15:00:00,187,109,76,2,50.3,7.98
2017-04-09 15:05:00,167,101,66,0,57.1,5.55
2017-04-09 15:10:00,153,94,58,1,52.7,6.99
2017-04-09 15:15:00,182,116,66,0,58.5,6.72
2017-04-09 15:20:00,210,119,88,3,53.9,8.21
2017-04-09 15:25:00,141,93,45,3,56.1,6.26
2017-04-09 15:30:00,176,115,60,1,56.6,6.93
2017-04-09 15:35:00,181,116,65,0,55.7,6.54
2017-04-09 15:40:00,168,99,69,0,55.0,7.4
2017-04-09 15:45:00,167,108,58,1,55.5,6.87
2017-04-09 15:50:00,181,103,76,2,53.8,6.88
2017-04-09 15:55:00,127,85,41,1,52.7,6.08
2017-04-09 16:00:00,159,104,53,2,55.4,6.42
2017-04-09 16:05:00,193,118,75,0,54.0,6.99
2017-04-09 16:10:00,150,93,54,3,54.2,6.9
2017-04-09 16:15:00,162,96,65,1,53.9,6.68
2017-04-09 16:20:00,188,127,58,3,55.3,7.1
2017-04-09 16:25:00,184,121,62,1,44.3,10.09
2017-04-09 16:30:00,146,95,51,0,54.6,6.38
2017-04-09 16:35:00,180,114,65,1,53.3,6.66
2017-04-09 16:40:00,181,130,49,2,51.3,8.55
2017-04-09 16:45:00,179,125,54,0,49.0,9.41
2017-04-09 16:50:00,181,129,47,5,50.7,8.35
2017-04-09 16:55:00,203,147,55,1,53.6,8.03
2017-04-09 17:00:00,170,121,46,3,51.1,8.56
2017-04-09 17:05:00,172,131,41,0,57.6,6.3
2017-04-09 17:10:00,183,145,38,0,55.4,6.42
2017-04-09 17:15:00,163,133,28,2,51.2,9.1
2017-04-09 17:20:00,182,143,39,0,54.4,7.58
2017-04-09 17:25:00,220,159,59,2,49.9,9.74
2017-04-09 17:30:00,141,115,22,4,55.2,6.64
2017-04-09 17:35:00,167,135,30,2,52.0,7.74
2017-04-09 17:40:00,174,131,41,2,55.5,5.89
2017-04-09 17:45:00,159,122,35,2,57.2,5.58
2017-04-09 17:50:00,143,112,29,2,57.8,6.35
2017-04-09 17:55:00,172,130,42,0,59.0,5.93
2017-04-09 18:00:00,136,104,31,1,60.0,5.32
2017-04-09 18:05:00,153,116,36,1,55.4,6.34
2017-04-09 18:10:00,128,86,42,0,61.6,4.25
2017-04-09 18:15:00,156,110,45,1,58.6,5.8
2017-04-09 18:20:00,141,97,44,0,55.2,6.64
2017-04-09 18:25:00,169,117,51,1,58.5,5.13
2017-04-09 18:30:00,142,97,44,1,60.0,5.73
2017-04-09 18:35:00,182,131,49,2,59.2,5.69
2017-04-09 18:40:00,111,82,29,0,62.1,4.13
2017-04-09 18:45:00,142,97,45,0,62.2,5.06
2017-04-09 18:50:00,149,107,42,0,56.3,6.1
2017-04-09 18:55:00,133,107,26,0,61.0,4.48
2017-04-09 19:00:00,143,100,40,3,57.1,6.03
2017-04-09 19:05:00,129,86,42,1,56.0,4.79
2017-04-09 19:10:00,145,127,18,0,56.3,6.09
2017-04-09 19:15:00,133,111,22,0,57.9,5.42
2017-04-09 19:20:00,165,122,41,2,59.8,6.08
2017-04-09 19:25:00,139,112,27,0,56.9,5.99
2017-04-09 19:30:00,135,101,33,1,52.2,5.07
2017-04-09 19:35:00,148,105,43,0,56.6,6.77
2017-04-09 19:40:00,163,121,40,2,57.1,6.59
2017-04-09 19:45:00,162,120,42,0,53.4,6.02
2017-04-09 19:50:00,116,89,27,0,56.2,5.6
2017-04-09 19:55:00,112,89,23,0,57.9,4.39
2017-04-09 20:00:00,136,105,31,0,60.2,4.79
2017-04-09 20:05:00,123,93,29,1,56.1,5.28
2017-04-09 20:10:00,126,92,34,0,55.5,5.26
2017-04-09 20:15:00,115,81,33,1,58.1,3.69
2017-04-09 20:20:00,114,86,28,0,55.9,4.87
2017-04-09 20:25:00,124,91,33,0,61.8,5.21
2017-04-09 20:30:00,185,135,50,0,56.9,6.53
2017-04-09 20:35:00,138,107,30,1,59.3,6.0
2017-04-09 20:40:00,128,94,34,0,55.0,5.68
2017-04-09 20:45:00,131,82,46,3,57.7,4.93
2017-04-09 20:50:00,111,79,31,1,62.6,4.57
2017-04-09 20:55:00,103,68,31,4,62.1,4.31
2017-04-09 21:00:00,90,69,21,0,55.9,3.54
2017-04-09 21:05:00,117,81,36,0,61.1,4.13
2017-04-09 21:10:00,110,78,31,1,61.5,4.55
2017-04-09 21:15:00,115,95,20,0,60.7,4.05
2017-04-09 21:20:00,90,60,29,1,61.1,3.25
2017-04-09 21:25:00,68,51,17,0,60.8,2.96
2017-04-09 21:30:00,67,40,26,1,61.5,2.44
2017-04-09 21:35:00,73,47,26,0,60.1,2.75
2017-04-09 21:40:00,84,59,24,1,61.8,3.54
2017-04-09 21:45:00,85,59,26,0,59.6,3.42
2017-04-09 21:50:00,80,51,29,0,68.6,2.81
2017-04-09 21:55:00,79,55,22,2,63.6,3.25
2017-04-09 22:00:00,76,45,30,1,59.7,3.06
2017-04-09 22:05:00,77,49,28,0,64.7,2.81
2017-04-09 22:10:00,63,46,17,0,58.1,2.98
2017-04-09 22:15:00,74,51,22,1,58.2,2.84
2017-04-09 22:20:00,63,47,15,1,61.0,2.48
2017-04-09 22:25:00,77,52,25,0,54.8,3.51
2017-04-09 22:30:00,80,51,29,0,58.6,2.93
2017-04-09 22:35:00,55,34,21,0,66.6,1.94
2017-04-09 22:40:00,27,14,13,0,59.8,1.11
2017-04-09 22:45:00,61,38,22,1,65.0,2.3
2017-04-09 22:50:00,60,44,16,0,64.7,2.18
2017-04-09 22:55:00,40,26,13,1,60.8,1.97
2017-04-09 23:00:00,42,29,13,0,65.9,1.65
2017-04-09 23:05:00,44,34,10,0,60.8,1.52
2017-04-09 23:10:00,47,27,20,0,64.0,2.14
2017-04-09 23:15:00,48,33,15,0,66.2,1.65
2017-04-09 23:20:00,46,28,18,0,67.5,1.51
2017-04-09 23:25:00,42,29,13,0,61.7,1.82
2017-04-09 23:30:00,40,24,16,0,64.2,1.57
2017-04-09 23:35:00,39,22,16,1,58.6,1.47
2017-04-09 23:40:00,36,26,8,2,63.1,1.36
2017-04-09 23:45:00,49,31,18,0,68.9,1.98
2017-04-09 23:50:00,27,18,9,0,64.6,1.04
2017-04-09 23:55:00,24,13,11,0,63.6,0.78
2017-04-10 00:00:00,23,15,8,0,68.2,0.81
2017-04-10 00:05:00,26,17,9,0,67.8,0.93
2017-04-10 00:10:00,23,14,9,0,67.3,0.82
2017-04-10 00:15:00,33,22,10,1,56.8,1.17
2017-04-10 00:20:00,37,17,20,0,55.8,1.63
2017-04-10 00:25:00,18,9,9,0,64.1,0.68
2017-04-10 00:30:00,26,18,8,0,64.6,0.94
2017-04-10 00:35:00,27,17,10,0,63.4,1.18
2017-04-10 00:40:00,20,11,9,0,67.8,0.74
2017-04-10 00:45:00,15,9,6,0,60.5,0.55
2017-04-10 00:50:00,18,8,10,0,62.7,0.55
2017-04-10 00:55:00,13,11,2,0,69.3,0.38
2017-04-10 01:00:00,20,13,7,0,65.5,0.76
2017-04-10 01:05:00,20,14,6,0,58.2,0.75
2017-04-10 01:10:00,14,11,3,0,65.2,0.5
2017-04-10 01:15:00,15,8,7,0,59.5,0.6
2017-04-10 01:20:00,9,6,2,1,59.5,0.39
2017-04-10 01:25:00,7,5,2,0,65.3,0.32
2017-04-10 01:30:00,12,7,5,0,64.5,0.52
2017-04-10 01:35:00,14,7,7,0,57.4,0.51
2017-04-10 01:40:00,6,6,0,0,64.0,0.21
2017-04-10 01:45:00,11,6,4,1,63.8,0.44
2017-04-10 01:50:00,10,4,6,0,67.1,0.43
2017-04-10 01:55:00,7,5,2,0,56.8,3.14
2017-04-10 02:00:00,11,8,3,0,60.4,0.41
2017-04-10 02:05:00,11,8,3,0,64.3,0.38
2017-04-10 02:10:00,17,11,6,0,82.2,0.62
2017-04-10 02:15:00,7,3,4,0,62.3,2.78
2017-04-10 02:20:00,13,9,4,0,57.5,0.44
2017-04-10 02:25:00,9,5,4,0,76.0,0.31
2017-04-10 02:30:00,8,6,2,0,48.5,25.26
2017-04-10 02:35:00,9,7,2,0,63.8,0.34
2017-04-10 02:40:00,7,4,3,0,47.9,22.21
2017-04-10 02:45:00,10,7,3,0,68.7,0.42
2017-04-10 02:50:00,6,5,1,0,59.6,0.22
2017-04-10 02:55:00,16,10,6,0,66.4,0.57
2017-04-10 03:00:00,13,8,5,0,43.3,22.49
2017-04-10 03:05:00,9,5,3,1,59.8,0.37
2017-04-10 03:10:00,13,8,5,0,54.9,0.57
2017-04-10 03:15:00,6,3,3,0,60.1,0.22
2017-04-10 03:20:00,12,5,7,0,57.3,0.44
2017-04-10 03:25:00,7,4,3,0,77.3,0.29
2017-04-10 03:30:00,13,8,5,0,64.4,0.35
2017-04-10 03:35:00,8,4,4,0,53.2,0.4
2017-04-10 03:40:00,12,6,6,0,54.8,0.46
2017-04-10 03:45:00,12,9,3,0,70.8,0.5
2017-04-10 03:50:00,9,4,4,1,65.4,11.15
2017-04-10 03:55:00,13,9,4,0,57.1,0.59
2017-04-10 04:00:00,11,7,4,0,61.3,0.36
2017-04-10 04:05:00,13,8,5,0,61.4,0.45
2017-04-10 04:10:00,20,11,9,0,60.2,0.73
2017-04-10 04:15:00,12,8,4,0,56.3,0.49
2017-04-10 04:20:00,23,14,9,0,72.3,0.86
2017-04-10 04:25:00,20,14,6,0,66.2,0.93
2017-04-10 04:30:00,18,7,10,1,56.1,0.65
2017-04-10 04:35:00,21,12,9,0,70.0,0.7
2017-04-10 04:40:00,17,10,7,0,62.3,0.61
2017-04-10 04:45:00,28,15,13,0,70.3,0.9
2017-04-10 04:50:00,33,19,14,0,60.5,1.23
2017-04-10 04:55:00,17,8,9,0,62.0,0.65
2017-04-10 05:00:00,21,11,10,0,85.5,0.81
2017-04-10 05:05:00,19,10,9,0,56.9,0.85
2017-04-10 05:10:00,23,13,10,0,65.2,0.97
2017-04-10 05:15:00,29,17,12,0,62.6,1.14
2017-04-10 05:20:00,25,15,10,0,62.6,0.94
2017-04-10 05:25:00,42,24,18,0,59.8,1.87
2017-04-10 05:30:00,40,26,14,0,65.0,1.41
2017-04-10 05:35:00,38,21,15,2,65.0,1.68
2017-04-10 05:40:00,35,28,7,0,64.1,1.27
2017-04-10 05:45:00,30,22,7,1,60.9,1.32
2017-04-10 05:50:00,26,20,6,0,63.0,0.85
2017-04-10 05:55:00,51,22,27,2,65.1,2.11
2017-04-10 06:00:00,40,28,12,0,62.1,1.67
2017-04-10 06:05:00,47,32,15,0,61.4,1.69
2017-04-10 06:10:00,69,48,20,1,70.4,2.06
2017-04-10 06:15:00,73,51,21,1,74.3,2.0
2017-04-10 06:20:00,100,69,29,2,62.7,3.42
2017-04-10 06:25:00,128,94,31,3,63.9,4.27
2017-04-10 06:30:00,92,69,22,1,66.2,2.69
2017-04-10 06:35:00,109,73,35,1,62.6,3.49
2017-04-10 06:40:00,100,70,29,1,62.0,3.42
2017-04-10 06:45:00,106,68,38,0,66.4,3.28
2017-04-10 06:50:00,117,74,42,1,64.1,3.66
2017-04-10 06:55:00,103,69,33,1,67.5,3.31
2017-04-10 07:00:00,145,93,52,0,59.2,6.45
2017-04-10 07:05:00,159,117,42,0,67.6,4.63
2017-04-10 07:10:00,149,104,45,0,66.0,4.34
2017-04-10 07:15:00,180,122,57,1,63.0,6.36
2017-04-10 07:20:00,179,122,55,2,63.4,6.93
2017-04-10 07:25:00,186,122,62,2,61.1,9.71
2017-04-10 07:30:00,166,109,54,3,62.5,9.7
2017-04-10 07:35:00,168,70,96,2,63.9,5.85
2017-04-10 07:40:00,142,64,77,1,63.9,5.11
2017-04-10 07:45:00,160,82,76,2,66.3,5.51
2017-04-10 07:50:00,176,113,60,3,66.4,5.57
2017-04-10 07:55:00,173,128,42,3,65.1,6.23
2017-04-10 08:00:00,178,134,44,0,60.8,6.16
2017-04-10 08:05:00,170,123,47,0,61.7,6.12
2017-04-10 08:10:00,171,133,38,0,58.8,6.71
2017-04-10 08:15:00,182,134,47,1,60.7,7.17
2017-04-10 08:20:00,208,166,41,1,54.3,8.8
2017-04-10 08:25:00,225,166,53,6,51.3,14.51
2017-04-10 08:30:00,205,142,60,3,55.9,10.47
2017-04-10 08:35:00,214,171,42,1,58.3,8.07
2017-04-10 08:40:00,197,147,46,4,56.1,8.99
2017-04-10 08:45:00,231,164,65,2,58.1,10.27
2017-04-10 08:50:00,176,124,48,4,61.7,6.94
2017-04-10 08:55:00,154,109,44,1,62.6,5.38
2017-04-10 09:00:00,129,91,37,1,63.6,4.59
2017-04-10 09:05:00,152,93,58,1,58.0,6.17
2017-04-10 09:10:00,150,102,48,0,59.7,6.05
2017-04-10 09:15:00,142,107,33,2,60.3,4.96
2017-04-10 09:20:00,150,113,35,2,61.7,4.65
2017-04-10 09:25:00,156,118,35,3,62.4,4.83
2017-04-10 09:30:00,152,106,45,1,61.1,5.48
2017-04-10 09:35:00,140,97,41,2,63.1,4.67
2017-04-10 09:40:00,157,102,55,0,58.2,5.48
2017-04-10 09:45:00,141,87,52,2,62.6,4.57
2017-04-10 09:50:00,138,94,40,4,62.1,4.41
2017-04-10 09:55:00,137,93,44,0,64.5,4.81
2017-04-10 10:00:00,131,87,43,1,64.7,4.32
2017-04-10 10:05:00,140,93,46,1,64.7,4.42
2017-04-10 10:10:00,134,96,37,1,64.8,4.45
2017-04-10 10:15:00,146,99,46,1,63.0,4.76
2017-04-10 10:20:00,121,80,41,0,62.0,3.88
2017-04-10 10:25:00,145,98,46,1,57.4,5.27
2017-04-10 10:30:00,87,64,23,0,67.8,3.35
2017-04-10 10:35:00,121,71,50,0,65.1,3.82
2017-04-10 10:40:00,132,86,45,1,62.0,4.51
2017-04-10 10:45:00,109,72,35,2,68.8,3.39
2017-04-10 10:50:00,128,86,42,0,65.0,4.31
2017-04-10 10:55:00,133,89,42,2,65.6,4.35
2017-04-10 11:00:00,131,84,46,1,66.5,4.3
2017-04-10 11:05:00,103,60,43,0,66.1,3.35
2017-04-10 11:10:00,124,86,35,3,67.4,3.83
2017-04-10 11:15:00,121,74,46,1,63.4,4.36
2017-04-10 11:20:00,124,84,40,0,62.8,3.98
2017-04-10 11:25:00,120,69,49,2,64.4,4.1
2017-04-10 11:30:00,138,84,53,1,65.2,4.43
2017-04-10 11:35:00,131,82,48,1,65.3,4.2
2017-04-10 11:40:00,143,90,50,3,61.2,4.52
2017-04-10 11:45:00,121,78,43,0,65.6,3.72
2017-04-10 11:50:00,145,92,51,2,65.0,4.57
2017-04-10 11:55:00,126,86,39,1,64.3,4.04
2017-04-10 12:00:00,117,80,37,0,62.6,4.04
2017-04-10 12:05:00,123,70,51,2,63.8,4.25
2017-04-10 12:10:00,103,62,39,2,63.0,3.42
2017-04-10 12:15:00,111,68,42,1,63.4,3.41
2017-04-10 12:20:00,109,69,39,1,62.8,3.53
2017-04-10 12:25:00,109,72,37,0,62.9,3.93
2017-04-10 12:30:00,133,81,52,0,60.4,4.55
2017-04-10 12:35:00,83,47,36,0,67.7,2.77
2017-04-10 12:40:00,123,71,49,3,58.3,4.48
2017-04-10 12:45:00,124,70,52,2,63.4,4.28
2017-04-10 12:50:00,126,76,49,1,64.1,4.63
2017-04-10 12:55:00,140,84,55,1,60.9,4.81
2017-04-10 13:00:00,132,75,51,6,62.2,4.63
2017-04-10 13:05:00,130,72,53,5,61.1,4.92
2017-04-10 13:10:00,127,75,52,0,60.3,4.42
2017-04-10 13:15:00,133,77,56,0,63.5,4.43
2017-04-10 13:20:00,89,49,39,1,62.8,3.09
2017-04-10 13:25:00,146,91,50,5,63.9,5.34
2017-04-10 13:30:00,142,93,48,1,63.3,4.64
2017-04-10 13:35:00,131,77,51,3,62.1,4.7
2017-04-10 13:40:00,153,100,53,0,62.4,5.36
2017-04-10 13:45:00,147,86,60,1,64.3,4.87
2017-04-10 13:50:00,139,78,61,0,61.6,5.24
2017-04-10 13:55:00,131,80,50,1,62.5,4.71
2017-04-10 14:00:00,139,85,53,1,61.2,5.1
2017-04-10 14:05:00,138,72,62,4,58.9,5.25
2017-04-10 14:10:00,121,64,57,0,61.4,4.43
2017-04-10 14:15:00,163,90,73,0,63.8,5.66
2017-04-10 14:20:00,146,79,66,1,60.6,5.28
2017-04-10 14:25:00,153,88,64,1,56.6,6.09
2017-04-10 14:30:00,143,86,57,0,60.7,5.37
2017-04-10 14:35:00,154,94,60,0,55.4,7.05
2017-04-10 14:40:00,147,74,70,3,59.4,5.92
2017-04-10 14:45:00,125,73,51,1,62.0,4.56
2017-04-10 14:50:00,148,84,63,1,61.2,5.73
2017-04-10 14:55:00,129,68,60,1,57.9,5.15
2017-04-10 15:00:00,158,97,61,0,58.2,6.61
2017-04-10 15:05:00,132,79,51,2,62.0,5.53
2017-04-10 15:10:00,131,74,55,2,64.5,4.77
2017-04-10 15:15:00,135,70,63,2,59.6,5.45
2017-04-10 15:20:00,150,87,60,3,58.6,5.93
2017-04-10 15:25:00,159,83,73,3,58.8,6.25
2017-04-10 15:30:00,133,69,64,0,61.7,5.44
2017-04-10 15:35:00,145,86,57,2,54.7,7.75
2017-04-10 15:40:00,145,83,62,0,57.3,5.84
2017-04-10 15:45:00,147,83,63,1,56.9,6.66
2017-04-10 15:50:00,135,74,60,1,57.8,5.55
2017-04-10 15:55:00,118,65,53,0,62.0,4.72
2017-04-10 16:00:00,132,84,48,0,60.5,5.24
2017-04-10 16:05:00,148,92,55,1,57.9,5.32
2017-04-10 16:10:00,168,103,65,0,55.1,8.12
2017-04-10 16:15:00,151,91,59,1,57.9,6.29
2017-04-10 16:20:00,150,89,60,1,61.5,5.71
2017-04-10 16:25:00,174,97,75,2,55.7,7.54
2017-04-10 16:30:00,157,97,60,0,58.5,6.56
2017-04-10 16:35:00,164,98,66,0,58.6,7.38
2017-04-10 16:40:00,193,119,72,2,58.3,8.29
2017-04-10 16:45:00,168,103,61,4,57.9,8.34
2017-04-10 16:50:00,163,91,70,2,58.1,7.03
2017-04-10 16:55:00,157,106,51,0,59.6,6.64
2017-04-10 17:00:00,180,115,61,4,56.3,9.69
2017-04-10 17:05:00,191,124,66,1,53.5,10.58
2017-04-10 17:10:00,195,125,68,2,52.0,12.66
2017-04-10 17:15:00,156,99,52,5,50.7,17.41
2017-04-10 17:20:00,171,103,65,3,56.4,11.44
2017-04-10 17:25:00,149,74,74,1,58.5,6.55
2017-04-10 17:30:00,158,105,51,2,55.2,6.97
2017-04-10 17:35:00,214,171,39,4,52.8,10.75
2017-04-10 17:40:00,173,127,46,0,58.5,7.08
2017-04-10 17:45:00,207,165,37,5,49.5,12.15
2017-04-10 17:50:00,210,170,34,6,48.1,12.63
2017-04-10 17:55:00,195,164,29,2,55.9,10.77
2017-04-10 18:00:00,175,141,30,4,53.7,9.59
2017-04-10 18:05:00,213,166,45,2,52.5,10.2
2017-04-10 18:10:00,244,208,34,2,48.6,12.8
2017-04-10 18:15:00,198,163,34,1,54.3,8.53
2017-04-10 18:20:00,224,169,54,1,48.9,12.89
2017-04-10 18:25:00,224,167,57,0,47.3,12.43
2017-04-10 18:30:00,210,144,65,1,45.3,12.52
2017-04-10 18:35:00,186,113,69,4,49.6,14.43
2017-04-10 18:40:00,188,133,53,2,53.1,11.43
2017-04-10 18:45:00,194,135,58,1,54.6,8.98
2017-04-10 18:50:00,181,136,45,0,57.3,8.47
2017-04-10 18:55:00,171,126,43,2,59.2,6.43
2017-04-10 19:00:00,153,105,47,1,61.7,5.27
2017-04-10 19:05:00,131,85,44,2,59.0,5.28
2017-04-10 19:10:00,152,117,33,2,57.1,6.15
2017-04-10 19:15:00,172,146,25,1,53.1,7.98
2017-04-10 19:20:00,146,114,30,2,55.1,6.64
2017-04-10 19:25:00,140,105,35,0,53.1,6.97
2017-04-10 19:30:00,149,110,38,1,53.7,8.26
2017-04-10 19:35:00,170,133,37,0,58.3,7.08
2017-04-10 19:40:00,163,122,41,0,54.2,7.07
2017-04-10 19:45:00,144,104,40,0,60.6,5.24
2017-04-10 19:50:00,133,97,34,2,57.5,5.29
2017-04-10 19:55:00,136,91,45,0,59.5,5.57
2017-04-10 20:00:00,134,87,47,0,57.8,5.09
2017-04-10 20:05:00,131,92,37,2,61.5,5.33
2017-04-10 20:10:00,124,98,25,1,52.9,5.77
2017-04-10 20:15:00,122,87,35,0,54.4,5.3
2017-04-10 20:20:00,152,105,44,3,51.9,7.83
2017-04-10 20:25:00,151,117,33,1,50.8,11.45
2017-04-10 20:30:00,131,97,32,2,58.5,5.25
2017-04-10 20:35:00,116,80,36,0,61.8,4.43
2017-04-10 20:40:00,120,87,33,0,59.1,4.83
2017-04-10 20:45:00,134,91,42,1,59.7,5.32
2017-04-10 20:50:00,134,93,41,0,57.4,7.86
2017-04-10 20:55:00,133,104,27,2,55.4,6.75
2017-04-10 21:00:00,118,90,25,3,51.1,5.37
2017-04-10 21:05:00,144,100,42,2,57.7,6.58
2017-04-10 21:10:00,133,96,37,0,58.1,5.49
2017-04-10 21:15:00,119,82,37,0,54.6,4.29
2017-04-10 21:20:00,123,82,40,1,61.2,4.72
2017-04-10 21:25:00,140,98,40,2,56.0,5.56
2017-04-10 21:30:00,128,95,30,3,59.7,5.53
2017-04-10 21:35:00,128,98,30,0,58.1,5.19
2017-04-10 21:40:00,121,75,44,2,62.1,4.48
2017-04-10 21:45:00,124,83,40,1,58.7,5.03
2017-04-10 21:50:00,150,109,41,0,58.8,5.88
2017-04-10 21:55:00,169,119,49,1,64.0,6.66
2017-04-10 22:00:00,92,58,32,2,65.2,3.44
2017-04-10 22:05:00,106,75,28,3,64.1,4.11
2017-04-10 22:10:00,128,88,39,1,56.7,5.14
2017-04-10 22:15:00,95,60,35,0,65.5,3.72
2017-04-10 22:20:00,103,64,39,0,59.1,4.3
2017-04-10 22:25:00,109,76,33,0,54.6,4.67
2017-04-10 22:30:00,98,62,36,0,59.4,3.8
2017-04-10 22:35:00,114,79,32,3,62.6,3.97
2017-04-10 22:40:00,81,53,28,0,62.3,3.21
2017-04-10 22:45:00,62,43,19,0,59.0,2.58
2017-04-10 22:50:00,72,49,22,1,63.2,3.11
2017-04-10 22:55:00,92,60,32,0,62.2,3.85
2017-04-10 23:00:00,73,46,27,0,62.1,2.63
2017-04-10 23:05:00,57,38,19,0,55.8,2.19
2017-04-10 23:10:00,72,49,22,1,65.3,3.01
2017-04-10 23:15:00,56,31,25,0,65.2,2.3
2017-04-10 23:20:00,66,37,29,0,68.0,2.37
2017-04-10 23:25:00,60,37,21,2,67.5,2.68
2017-04-10 23:30:00,54,35,19,0,57.7,1.94
2017-04-10 23:35:00,57,43,14,0,63.9,2.16
2017-04-10 23:40:00,64,39,24,1,58.4,2.54
2017-04-10 23:45:00,48,33,15,0,66.3,1.76
2017-04-10 23:50:00,39,22,17,0,63.1,1.41
2017-04-10 23:55:00,36,21,15,0,68.1,1.17
2017-04-11 00:00:00,39,27,12,0,62.3,1.34
2017-04-11 00:05:00,39,25,14,0,59.4,1.39
2017-04-11 00:10:00,43,32,11,0,59.7,1.53
2017-04-11 00:15:00,35,23,12,0,60.5,1.36
2017-04-11 00:20:00,24,16,8,0,63.8,0.95
2017-04-11 00:25:00,23,17,6,0,66.0,0.83
2017-04-11 00:30:00,35,22,13,0,59.8,1.33
2017-04-11 00:35:00,38,23,14,1,66.6,1.37
2017-04-11 00:40:00,17,10,7,0,73.1,0.55
2017-04-11 00:45:00,25,20,5,0,62.3,1.12
2017-04-11 00:50:00,37,25,12,0,70.2,1.6
2017-04-11 00:55:00,26,19,7,0,50.1,1.07
2017-04-11 01:00:00,24,17,7,0,60.8,1.14
2017-04-11 01:05:00,21,15,6,0,44.8,1.05
2017-04-11 01:10:00,26,17,9,0,53.4,1.27
2017-04-11 01:15:00,26,13,12,1,57.7,1.12
2017-04-11 01:20:00,19,11,7,1,54.0,0.92
2017-04-11 01:25:00,20,16,4,0,60.1,0.7
2017-04-11 01:30:00,21,17,4,0,56.3,0.98
2017-04-11 01:35:00,11,10,1,0,54.8,0.49
2017-04-11 01:40:00,17,14,2,1,65.1,0.79
2017-04-11 01:45:00,17,15,2,0,64.1,0.65
2017-04-11 01:50:00,17,13,3,1,59.6,0.75
2017-04-11 01:55:00,16,14,2,0,69.2,0.75
2017-04-11 02:00:00,13,8,3,2,66.6,0.68
2017-04-11 02:05:00,15,11,4,0,64.5,0.55
2017-04-11 02:10:00,13,10,3,0,68.5,0.7
2017-04-11 02:15:00,13,12,1,0,42.5,0.7
2017-04-11 02:20:00,14,11,3,0,65.7,0.65
2017-04-11 02:25:00,11,9,2,0,67.6,0.43
2017-04-11 02:30:00,16,12,4,0,59.5,0.86
2017-04-11 02:35:00,10,6,3,1,62.0,0.43
2017-04-11 02:40:00,11,10,1,0,61.8,0.54
2017-04-11 02:45:00,12,9,3,0,57.7,0.67
2017-04-11 02:50:00,11,10,1,0,58.6,0.43
2017-04-11 02:55:00,15,8,4,3,56.8,0.96
2017-04-11 03:00:00,11,6,5,0,75.3,0.7
2017-04-11 03:05:00,15,9,6,0,63.5,0.86
2017-04-11 03:10:00,10,9,1,0,65.0,0.59
2017-04-11 03:15:00,16,12,2,2,51.4,1.08
2017-04-11 03:20:00,14,12,2,0,54.4,0.87
2017-04-11 03:25:00,11,9,1,1,66.1,0.76
2017-04-11 03:30:00,15,12,3,0,59.8,0.75
2017-04-11 03:35:00,15,10,4,1,54.2,0.79
2017-04-11 03:40:00,15,10,4,1,67.6,1.09
2017-04-11 03:45:00,9,7,2,0,78.1,0.56
2017-04-11 03:50:00,12,10,2,0,61.9,0.63
2017-04-11 03:55:00,15,10,4,1,59.5,0.85
2017-04-11 04:00:00,9,9,0,0,73.1,0.4
2017-04-11 04:05:00,15,12,3,0,62.9,0.58
2017-04-11 04:10:00,13,10,3,0,54.2,0.76
2017-04-11 04:15:00,14,12,1,1,56.8,0.81
2017-04-11 04:20:00,30,26,4,0,64.2,2.0
2017-04-11 04:25:00,17,12,3,2,61.6,0.97
2017-04-11 04:30:00,26,20,5,1,65.1,1.48
2017-04-11 04:35:00,21,15,6,0,55.9,1.04
2017-04-11 04:40:00,20,18,2,0,60.5,1.21
2017-04-11 04:45:00,42,26,16,0,55.0,2.19
2017-04-11 04:50:00,19,16,3,0,57.8,0.92
2017-04-11 04:55:00,22,18,3,1,57.9,1.06
2017-04-11 05:00:00,17,14,3,0,50.7,0.89
2017-04-11 05:05:00,27,22,5,0,57.9,1.45
2017-04-11 05:10:00,16,13,3,0,52.3,0.88
2017-04-11 05:15:00,27,14,13,0,62.2,1.69
2017-04-11 05:20:00,20,13,7,0,65.3,0.99
2017-04-11 05:25:00,22,18,3,1,62.1,1.32
2017-04-11 05:30:00,35,23,10,2,62.5,1.83
2017-04-11 05:35:00,37,30,6,1,53.2,2.24
2017-04-11 05:40:00,41,25,13,3,56.0,2.61
2017-04-11 05:45:00,29,19,9,1,56.7,1.56
2017-04-11 05:50:00,44,26,12,6,49.0,2.27
2017-04-11 05:55:00,52,36,13,3,52.2,2.68
2017-04-11 06:00:00,36,20,15,1,52.7,1.55
2017-04-11 06:05:00,54,36,18,0,52.1,2.63
2017-04-11 06:10:00,64,44,18,2,61.6,2.81
2017-04-11 06:15:00,96,60,34,2,63.1,4.1
2017-04-11 06:20:00,68,46,22,0,59.0,3.0
2017-04-11 06:25:00,90,59,29,2,57.9,3.57
2017-04-11 06:30:00,93,58,34,1,59.1,3.34
2017-04-11 06:35:00,81,56,24,1,59.8,3.15
2017-04-11 06:40:00,78,53,25,0,62.3,2.94
2017-04-11 06:45:00,116,73,41,2,61.8,4.23
2017-04-11 06:50:00,87,65,21,1,60.4,3.17
2017-04-11 06:55:00,105,58,44,3,60.7,4.06
2017-04-11 07:00:00,106,74,32,0,64.1,3.79
2017-04-11 07:05:00,132,88,44,0,63.7,4.68
2017-04-11 07:10:00,155,105,50,0,60.8,5.64
2017-04-11 07:15:00,131,91,37,3,58.9,5.13
2017-04-11 07:20:00,184,125,59,0,56.9,8.31
2017-04-11 07:25:00,153,94,59,0,57.9,6.43
2017-04-11 07:30:00,149,102,47,0,52.5,8.46
2017-04-11 07:35:00,167,120,45,2,58.6,6.83
2017-04-11 07:40:00,165,125,37,3,59.4,6.11
2017-04-11 07:45:00,165,112,53,0,57.5,6.25
2017-04-11 07:50:00,171,113,57,1,59.6,6.46
2017-04-11 07:55:00,138,94,40,4,61.3,4.9
2017-04-11 08:00:00,168,117,51,0,58.4,5.68
2017-04-11 08:05:00,209,140,68,1,55.5,7.99
2017-04-11 08:10:00,160,109,50,1,61.2,5.38
2017-04-11 08:15:00,170,124,43,3,57.0,6.98
2017-04-11 08:20:00,201,133,67,1,51.9,9.56
2017-04-11 08:25:00,230,149,78,3,47.2,13.07
2017-04-11 08:30:00,199,133,65,1,54.9,7.47
2017-04-11 08:35:00,167,111,55,1,59.7,5.99
2017-04-11 08:40:00,190,130,57,3,57.8,7.17
2017-04-11 08:45:00,205,116,89,0,56.2,8.01
2017-04-11 08:50:00,218,145,71,2,52.9,11.72
2017-04-11 08:55:00,208,134,72,2,55.7,8.69
2017-04-11 09:00:00,161,99,60,2,53.3,10.6
2017-04-11 09:05:00,144,84,58,2,56.3,6.18
2017-04-11 09:10:00,173,107,63,3,56.5,7.46
2017-04-11 09:15:00,150,90,57,3,59.3,5.33
2017-04-11 09:20:00,143,94,49,0,64.8,4.56
2017-04-11 09:25:00,179,121,57,1,61.4,6.26
2017-04-11 09:30:00,167,107,57,3,60.5,7.6
2017-04-11 09:35:00,155,105,49,1,59.5,5.22
2017-04-11 09:40:00,177,117,58,2,65.3,5.85
2017-04-11 09:45:00,157,92,63,2,62.2,5.44
2017-04-11 09:50:00,182,112,69,1,59.4,7.52
2017-04-11 09:55:00,131,80,48,3,61.4,4.82
2017-04-11 10:00:00,141,95,43,3,61.0,5.28
2017-04-11 10:05:00,150,93,56,1,64.1,5.04
2017-04-11 10:10:00,154,102,50,2,59.8,5.74
2017-04-11 10:15:00,175,111,63,1,57.8,6.37
2017-04-11 10:20:00,148,94,54,0,57.7,5.25
2017-04-11 10:25:00,159,91,68,0,60.5,5.52
2017-04-11 10:30:00,157,101,53,3,57.5,5.95
2017-04-11 10:35:00,149,83,62,4,54.0,8.68
2017-04-11 10:40:00,153,94,58,1,60.7,5.44
2017-04-11 10:45:00,130,73,56,1,65.9,4.12
2017-04-11 10:50:00,123,78,43,2,62.9,3.97
2017-04-11 10:55:00,135,90,44,1,66.0,4.28
2017-04-11 11:00:00,134,81,51,2,62.8,4.97
2017-04-11 11:05:00,140,89,50,1,66.9,4.49
2017-04-11 11:10:00,138,81,57,0,61.5,4.89
2017-04-11 11:15:00,131,81,49,1,64.2,4.42
2017-04-11 11:20:00,118,76,40,2,63.3,3.89
2017-04-11 11:25:00,117,81,35,1,63.7,3.68
2017-04-11 11:30:00,107,66,39,2,62.3,3.5
2017-04-11 11:35:00,121,71,48,2,63.7,4.24
2017-04-11 11:40:00,131,83,48,0,63.1,4.11
2017-04-11 11:45:00,126,79,45,2,62.3,4.38
2017-04-11 11:50:00,134,73,58,3,61.2,4.97
2017-04-11 11:55:00,95,65,27,3,64.6,2.99
2017-04-11 12:00:00,104,63,40,1,66.2,3.56
2017-04-11 12:05:00,116,76,38,2,60.9,4.26
2017-04-11 12:10:00,129,78,50,1,65.2,4.21
2017-04-11 12:15:00,104,68,36,0,62.9,3.37
2017-04-11 12:20:00,103,63,40,0,62.4,3.64
2017-04-11 12:25:00,104,66,36,2,60.9,3.79
2017-04-11 12:30:00,137,74,59,4,64.5,4.55
2017-04-11 12:35:00,104,65,39,0,66.5,3.37
2017-04-11 12:40:00,116,69,46,1,61.9,4.01
2017-04-11 12:45:00,135,79,55,1,62.7,4.81
2017-04-11 12:50:00,136,79,54,3,60.5,4.64
2017-04-11 12:55:00,86,58,28,0,61.5,4.17
2017-04-11 13:00:00,127,77,48,2,63.1,4.2
2017-04-11 13:05:00,156,86,64,6,59.7,5.95
2017-04-11 13:10:00,118,66,52,0,65.3,4.03
2017-04-11 13:15:00,140,73,67,0,60.7,5.11
2017-04-11 13:20:00,131,71,59,1,60.2,5.3
2017-04-11 13:25:00,148,87,61,0,60.6,5.39
2017-04-11 13:30:00,161,102,56,3,59.2,5.65
2017-04-11 13:35:00,146,85,59,2,60.4,5.39
2017-04-11 13:40:00,172,106,64,2,56.0,6.7
2017-04-11 13:45:00,140,88,51,1,60.2,4.89
2017-04-11 13:50:00,130,80,48,2,60.9,4.78
2017-04-11 13:55:00,151,101,49,1,59.7,5.39
2017-04-11 14:00:00,133,74,56,3,62.7,4.69
2017-04-11 14:05:00,140,92,48,0,60.6,5.36
2017-04-11 14:10:00,138,85,52,1,64.1,5.32
2017-04-11 14:15:00,123,66,57,0,62.3,4.36
2017-04-11 14:20:00,157,95,58,4,56.1,6.72
2017-04-11 14:25:00,198,115,82,1,54.4,9.24
2017-04-11 14:30:00,169,100,68,1,57.1,7.39
2017-04-11 14:35:00,158,96,59,3,60.1,5.73
2017-04-11 14:40:00,169,85,83,1,57.0,6.89
2017-04-11 14:45:00,147,85,60,2,57.9,5.67
2017-04-11 14:50:00,159,102,55,2,60.1,5.73
2017-04-11 14:55:00,157,98,57,2,53.8,7.07
2017-04-11 15:00:00,123,83,35,5,61.7,4.06
2017-04-11 15:05:00,140,88,52,0,59.7,5.35
2017-04-11 15:10:00,172,98,72,2,59.5,7.49
2017-04-11 15:15:00,149,82,65,2,58.4,6.14
2017-04-11 15:20:00,126,76,48,2,60.1,6.69
2017-04-11 15:25:00,132,91,40,1,59.7,4.51
2017-04-11 15:30:00,146,103,41,2,60.9,6.0
2017-04-11 15:35:00,151,106,44,1,59.9,5.88
2017-04-11 15:40:00,154,102,51,1,61.0,5.41
2017-04-11 15:45:00,152,93,56,3,59.3,5.37
2017-04-11 15:50:00,144,85,59,0,55.8,6.78
2017-04-11 15:55:00,144,81,63,0,60.8,5.27
2017-04-11 16:00:00,152,93,57,2,58.8,5.98
2017-04-11 16:05:00,154,102,52,0,59.2,5.9
2017-04-11 16:10:00,158,97,60,1,60.9,5.9
2017-04-11 16:15:00,157,90,65,2,59.1,6.05
2017-04-11 16:20:00,165,110,54,1,59.9,6.01
2017-04-11 16:25:00,163,110,52,1,57.8,6.31
2017-04-11 16:30:00,155,87,67,1,57.7,6.42
2017-04-11 16:35:00,140,94,45,1,58.5,5.73
2017-04-11 16:40:00,171,114,57,0,59.5,6.92
2017-04-11 16:45:00,170,106,63,1,56.7,8.59
2017-04-11 16:50:00,159,91,66,2,59.5,7.19
2017-04-11 16:55:00,162,88,72,2,58.2,6.47
2017-04-11 17:00:00,158,77,81,0,60.1,6.12
2017-04-11 17:05:00,177,115,62,0,56.1,8.06
2017-04-11 17:10:00,199,128,69,2,50.2,13.27
2017-04-11 17:15:00,190,125,62,3,50.0,12.32
2017-04-11 17:20:00,151,95,54,2,60.7,7.26
2017-04-11 17:25:00,165,111,54,0,60.3,7.42
2017-04-11 17:30:00,172,139,33,0,57.5,6.81
2017-04-11 17:35:00,189,148,38,3,60.7,7.23
2017-04-11 17:40:00,94,72,21,1,53.9,4.74
2017-04-11 17:45:00,154,108,46,0,60.9,6.19
2017-04-11 17:50:00,480,387,87,6,52.5,17.71
2017-04-11 17:55:00,192,163,27,2,53.0,11.87
2017-04-11 18:00:00,183,155,25,3,53.7,10.93
2017-04-11 18:05:00,220,192,24,4,50.7,9.88
2017-04-11 18:10:00,269,235,28,6,46.0,13.12
2017-04-11 18:15:00,218,190,28,0,53.0,8.87
2017-04-11 18:20:00,241,198,42,1,49.9,11.26
2017-04-11 18:25:00,223,174,45,4,47.8,13.18
2017-04-11 18:30:00,220,176,41,3,55.5,9.85
2017-04-11 18:35:00,197,144,52,1,50.1,12.7
2017-04-11 18:40:00,184,132,51,1,52.7,10.69
2017-04-11 18:45:00,169,113,54,2,56.4,9.58
2017-04-11 18:50:00,156,119,35,2,60.8,8.51
2017-04-11 18:55:00,154,115,39,0,62.1,5.59
2017-04-11 19:00:00,146,107,38,1,64.6,4.87
2017-04-11 19:05:00,156,112,42,2,60.0,5.77
2017-04-11 19:10:00,161,129,31,1,55.2,6.96
2017-04-11 19:15:00,167,138,29,0,63.0,6.13
2017-04-11 19:20:00,139,114,23,2,59.1,6.69
2017-04-11 19:25:00,155,125,30,0,53.3,9.58
2017-04-11 19:30:00,154,118,35,1,53.4,9.68
2017-04-11 19:35:00,152,118,32,2,55.0,6.83
2017-04-11 19:40:00,139,103,35,1,56.0,5.64
2017-04-11 19:45:00,111,81,30,0,57.6,4.24
2017-04-11 19:50:00,113,76,36,1,56.7,4.78
2017-04-11 19:55:00,136,100,36,0,60.7,5.08
2017-04-11 20:00:00,123,84,38,1,54.4,5.1
2017-04-11 20:05:00,97,69,26,2,58.9,3.61
2017-04-11 20:10:00,111,73,38,0,57.4,4.86
2017-04-11 20:15:00,128,100,25,3,57.0,5.98
2017-04-11 20:20:00,130,103,27,0,52.6,6.6
2017-04-11 20:25:00,149,109,39,1,56.2,6.71
2017-04-11 20:30:00,137,99,38,0,63.3,5.37
2017-04-11 20:35:00,122,93,27,2,59.6,4.71
2017-04-11 20:40:00,125,82,42,1,61.1,4.95
2017-04-11 20:45:00,124,88,34,2,66.0,4.42
2017-04-11 20:50:00,100,72,25,3,58.0,5.38
2017-04-11 20:55:00,114,74,38,2,56.9,5.49
2017-04-11 21:00:00,154,115,38,1,45.2,8.46
2017-04-11 21:05:00,133,99,33,1,52.2,6.3
2017-04-11 21:10:00,162,113,49,0,60.4,6.32
2017-04-11 21:15:00,122,79,42,1,64.4,5.06
2017-04-11 21:20:00,140,101,38,1,61.8,5.35
2017-04-11 21:25:00,131,94,34,3,59.5,5.01
2017-04-11 21:30:00,106,69,37,0,63.3,3.71
2017-04-11 21:35:00,129,93,35,1,62.7,4.96
2017-04-11 21:40:00,142,95,44,3,62.2,5.68
2017-04-11 21:45:00,150,103,45,2,58.0,5.97
2017-04-11 21:50:00,136,99,37,0,61.0,5.63
2017-04-11 21:55:00,102,71,31,0,62.0,4.01
2017-04-11 22:00:00,109,72,36,1,65.2,4.17
2017-04-11 22:05:00,107,73,34,0,64.2,4.19
2017-04-11 22:10:00,127,92,35,0,57.3,5.37
2017-04-11 22:15:00,138,103,34,1,61.9,5.7
2017-04-11 22:20:00,102,68,30,4,63.0,4.24
2017-04-11 22:25:00,119,94,24,1,59.9,4.76
2017-04-11 22:30:00,113,82,29,2,62.7,4.35
2017-04-11 22:35:00,77,42,33,2,68.1,3.21
2017-04-11 22:40:00,92,64,28,0,66.7,3.42
2017-04-11 22:45:00,68,52,15,1,68.0,2.37
2017-04-11 22:50:00,70,52,18,0,63.4,2.82
2017-04-11 22:55:00,78,54,24,0,60.4,3.47
2017-04-11 23:00:00,65,52,13,0,62.5,2.7
2017-04-11 23:05:00,65,41,24,0,70.8,2.45
2017-04-11 23:10:00,69,42,27,0,66.9,2.83
2017-04-11 23:15:00,58,42,13,3,74.1,2.26
2017-04-11 23:20:00,63,43,20,0,66.5,2.54
2017-04-11 23:25:00,62,43,19,0,68.5,2.49
2017-04-11 23:30:00,63,37,26,0,65.2,2.6
2017-04-11 23:35:00,49,32,17,0,64.2,1.7
2017-04-11 23:40:00,61,39,21,1,57.8,2.95
2017-04-11 23:45:00,48,36,12,0,58.4,1.7
2017-04-11 23:50:00,47,29,17,1,68.8,1.76
2017-04-11 23:55:00,42,26,16,0,69.2,1.58
2017-04-12 00:00:00,42,28,14,0,67.8,1.45
2017-04-12 00:05:00,31,12,18,1,59.6,1.08
2017-04-12 00:10:00,46,31,15,0,66.8,1.77
2017-04-12 00:15:00,27,13,13,1,69.7,0.85
2017-04-12 00:20:00,30,18,12,0,68.4,1.11
2017-04-12 00:25:00,36,29,7,0,61.0,1.37
2017-04-12 00:30:00,34,19,15,0,63.1,1.26
2017-04-12 00:35:00,21,9,12,0,68.2,0.69
2017-04-12 00:40:00,14,8,6,0,63.4,0.46
2017-04-12 00:45:00,24,11,13,0,55.1,0.95
2017-04-12 00:50:00,15,9,6,0,65.2,0.61
2017-04-12 00:55:00,21,14,7,0,62.8,0.7
2017-04-12 01:00:00,23,18,5,0,62.5,0.75
2017-04-12 01:05:00,27,18,8,1,51.2,1.04
2017-04-12 01:10:00,26,14,12,0,63.5,1.17
2017-04-12 01:15:00,20,11,9,0,64.9,0.76
2017-04-12 01:20:00,25,12,13,0,62.2,1.23
2017-04-12 01:25:00,17,11,6,0,65.5,0.64
2017-04-12 01:30:00,18,12,6,0,61.4,0.6
2017-04-12 01:35:00,19,9,9,1,59.2,3.41
2017-04-12 01:40:00,17,11,6,0,47.5,0.63
2017-04-12 01:45:00,20,14,6,0,64.5,0.73
2017-04-12 01:50:00,20,14,6,0,67.4,0.74
2017-04-12 01:55:00,15,7,8,0,64.8,0.6
2017-04-12 02:00:00,12,10,2,0,64.4,0.45
2017-04-12 02:05:00,16,10,6,0,67.1,0.56
2017-04-12 02:10:00,15,11,4,0,71.9,0.51
2017-04-12 02:15:00,12,9,3,0,61.5,0.48
2017-04-12 02:20:00,17,11,6,0,64.8,0.72
2017-04-12 02:25:00,11,4,5,2,69.1,0.53
2017-04-12 02:30:00,12,5,7,0,73.2,0.48
2017-04-12 02:35:00,17,12,5,0,54.8,0.64
2017-04-12 02:40:00,13,9,4,0,70.9,0.44
2017-04-12 02:45:00,10,5,5,0,74.1,0.4
2017-04-12 02:50:00,12,7,5,0,59.4,0.5
2017-04-12 02:55:00,14,7,7,0,66.6,0.45
2017-04-12 03:00:00,13,7,6,0,64.1,0.43
2017-04-12 03:05:00,7,3,4,0,62.2,0.3
2017-04-12 03:10:00,12,10,2,0,62.3,0.49
2017-04-12 03:15:00,11,8,3,0,54.1,0.46
2017-04-12 03:20:00,11,5,6,0,65.4,0.49
2017-04-12 03:25:00,16,7,9,0,67.9,0.61
2017-04-12 03:30:00,17,10,7,0,64.0,0.57
2017-04-12 03:35:00,16,11,5,0,63.9,0.66
2017-04-12 03:40:00,13,9,4,0,64.3,0.43
2017-04-12 03:45:00,16,8,8,0,57.0,0.72
2017-04-12 03:50:00,18,8,9,1,69.5,0.64
2017-04-12 03:55:00,13,7,5,1,63.7,0.55
2017-04-12 04:00:00,14,8,6,0,69.7,0.5
2017-04-12 04:05:00,18,11,5,2,63.2,0.67
2017-04-12 04:10:00,14,12,2,0,62.0,0.54
2017-04-12 04:15:00,17,11,6,0,65.2,0.59
2017-04-12 04:20:00,19,10,8,1,70.5,0.85
2017-04-12 04:25:00,15,11,4,0,81.0,0.5
2017-04-12 04:30:00,15,11,4,0,54.4,0.6
2017-04-12 04:35:00,23,16,7,0,69.2,0.89
2017-04-12 04:40:00,31,21,10,0,72.4,0.97
2017-04-12 04:45:00,30,22,8,0,59.9,1.11
2017-04-12 04:50:00,25,15,10,0,61.2,0.96
2017-04-12 04:55:00,19,14,5,0,58.0,0.7
2017-04-12 05:00:00,20,11,9,0,68.9,0.67
2017-04-12 05:05:00,24,19,5,0,67.2,0.91
2017-04-12 05:10:00,18,11,7,0,60.0,0.74
2017-04-12 05:15:00,26,20,6,0,71.1,1.06
2017-04-12 05:20:00,31,21,10,0,56.9,1.18
2017-04-12 05:25:00,35,20,15,0,64.9,1.82
2017-04-12 05:30:00,37,24,13,0,62.2,1.61
2017-04-12 05:35:00,38,21,17,0,66.2,1.68
2017-04-12 05:40:00,40,29,11,0,62.5,1.46
2017-04-12 05:45:00,38,25,12,1,62.9,1.66
2017-04-12 05:50:00,45,26,18,1,66.7,1.74
2017-04-12 05:55:00,42,27,15,0,64.8,1.47
2017-04-12 06:00:00,38,21,17,0,67.6,1.36
2017-04-12 06:05:00,52,30,22,0,62.8,1.88
2017-04-12 06:10:00,71,46,25,0,65.3,2.23
2017-04-12 06:15:00,77,56,21,0,65.0,2.23
2017-04-12 06:20:00,90,61,28,1,65.4,3.05
2017-04-12 06:25:00,90,58,31,1,62.3,2.9
2017-04-12 06:30:00,81,55,24,2,63.1,2.5
2017-04-12 06:35:00,73,49,24,0,66.3,2.37
2017-04-12 06:40:00,100,61,37,2,67.2,3.65
2017-04-12 06:45:00,107,74,33,0,65.8,3.67
2017-04-12 06:50:00,97,67,30,0,64.7,3.15
2017-04-12 06:55:00,125,80,43,2,62.1,4.68
2017-04-12 07:00:00,141,87,53,1,66.9,4.98
2017-04-12 07:05:00,121,64,55,2,68.4,4.07
2017-04-12 07:10:00,136,54,81,1,67.8,4.8
2017-04-12 07:15:00,155,49,104,2,64.0,6.6
2017-04-12 07:20:00,159,44,114,1,64.4,6.29
2017-04-12 07:25:00,147,31,113,3,65.7,6.07
2017-04-12 07:30:00,157,40,115,2,64.0,6.44
2017-04-12 07:35:00,174,53,121,0,64.7,6.51
2017-04-12 07:40:00,155,66,88,1,63.2,6.13
2017-04-12 07:45:00,161,84,76,1,63.3,6.56
2017-04-12 07:50:00,169,98,68,3,64.4,6.08
2017-04-12 07:55:00,162,95,66,1,64.1,5.6
2017-04-12 08:00:00,169,131,37,1,61.8,5.88
2017-04-12 08:05:00,142,114,26,2,62.6,4.94
2017-04-12 08:10:00,222,171,51,0,60.0,9.01
2017-04-12 08:15:00,182,147,33,2,61.4,7.49
2017-04-12 08:20:00,200,153,46,1,54.6,11.14
2017-04-12 08:25:00,221,140,76,5,56.6,11.38
2017-04-12 08:30:00,206,144,58,4,58.3,9.45
2017-04-12 08:35:00,189,145,41,3,61.2,6.38
2017-04-12 08:40:00,206,152,53,1,61.9,6.93
2017-04-12 08:45:00,216,147,69,0,61.5,7.82
2017-04-12 08:50:00,203,149,49,5,56.0,11.25
2017-04-12 08:55:00,158,116,41,1,60.1,5.97
2017-04-12 09:00:00,132,88,44,0,61.5,5.57
2017-04-12 09:05:00,151,118,30,3,63.0,5.61
2017-04-12 09:10:00,148,107,41,0,63.1,4.75
2017-04-12 09:15:00,149,97,49,3,63.6,5.46
2017-04-12 09:20:00,138,85,52,1,61.4,4.66
2017-04-12 09:25:00,160,115,44,1,63.5,5.49
2017-04-12 09:30:00,170,110,58,2,60.7,6.26
2017-04-12 09:35:00,161,105,55,1,59.9,6.47
2017-04-12 09:40:00,190,127,61,2,63.1,6.07
2017-04-12 09:45:00,157,109,47,1,64.0,4.95
2017-04-12 09:50:00,161,110,50,1,62.7,5.03
2017-04-12 09:55:00,147,86,59,2,62.6,5.18
2017-04-12 10:00:00,150,98,50,2,63.9,5.38
2017-04-12 10:05:00,135,85,49,1,63.9,5.08
2017-04-12 10:10:00,130,83,43,4,62.0,4.33
2017-04-12 10:15:00,150,93,57,0,63.4,4.64
2017-04-12 10:20:00,141,88,53,0,62.5,4.81
2017-04-12 10:25:00,132,93,39,0,61.2,4.24
2017-04-12 10:30:00,161,101,57,3,62.1,5.88
2017-04-12 10:35:00,125,78,46,1,63.1,4.0
2017-04-12 10:40:00,147,98,48,1,64.1,4.92
2017-04-12 10:45:00,126,75,51,0,63.6,4.2
2017-04-12 10:50:00,129,85,41,3,65.7,4.29
2017-04-12 10:55:00,137,91,43,3,61.5,4.45
2017-04-12 11:00:00,109,68,40,1,65.6,3.48
2017-04-12 11:05:00,108,64,41,3,60.2,3.84
2017-04-12 11:10:00,123,82,40,1,66.8,3.82
2017-04-12 11:15:00,135,76,58,1,63.4,5.43
2017-04-12 11:20:00,110,67,42,1,64.3,3.3
2017-04-12 11:25:00,120,74,44,2,67.5,3.64
2017-04-12 11:30:00,143,89,52,2,60.0,5.28
2017-04-12 11:35:00,119,75,44,0,59.1,4.21
2017-04-12 11:40:00,144,84,60,0,58.7,5.44
2017-04-12 11:45:00,153,87,64,2,62.0,5.27
2017-04-12 11:50:00,123,75,45,3,64.7,4.07
2017-04-12 11:55:00,111,71,38,2,61.3,3.76
2017-04-12 12:00:00,100,66,33,1,61.3,3.36
2017-04-12 12:05:00,121,69,51,1,60.8,4.35
2017-04-12 12:10:00,115,62,52,1,62.0,3.97
2017-04-12 12:15:00,87,55,30,2,66.3,2.81
2017-04-12 12:20:00,110,67,41,2,66.4,3.69
2017-04-12 12:25:00,113,62,51,0,62.1,3.98
2017-04-12 12:30:00,108,68,40,0,62.9,3.6
2017-04-12 12:35:00,110,64,45,1,61.4,3.86
2017-04-12 12:40:00,129,69,60,0,61.1,4.44
2017-04-12 12:45:00,116,70,45,1,62.4,4.13
2017-04-12 12:50:00,118,75,42,1,64.5,4.11
2017-04-12 12:55:00,140,86,53,1,59.4,5.34
2017-04-12 13:00:00,112,71,40,1,65.2,3.5
2017-04-12 13:05:00,131,82,48,1,62.1,4.77
2017-04-12 13:10:00,154,94,60,0,61.8,5.18
2017-04-12 13:15:00,145,79,64,2,62.2,5.15
2017-04-12 13:20:00,141,83,57,1,59.7,5.25
2017-04-12 13:25:00,131,86,43,2,61.1,4.83
2017-04-12 13:30:00,150,97,50,3,57.4,5.52
2017-04-12 13:35:00,176,108,67,1,58.2,6.87
2017-04-12 13:40:00,155,93,62,0,60.9,5.31
2017-04-12 13:45:00,159,87,70,2,59.9,5.45
2017-04-12 13:50:00,148,81,65,2,61.0,5.79
2017-04-12 13:55:00,154,92,60,2,60.4,5.94
2017-04-12 14:00:00,148,78,68,2,61.8,5.86
2017-04-12 14:05:00,138,78,59,1,59.4,5.75
2017-04-12 14:10:00,143,93,49,1,59.3,5.53
2017-04-12 14:15:00,151,87,63,1,60.3,5.35
2017-04-12 14:20:00,143,76,67,0,58.5,5.58
2017-04-12 14:25:00,148,73,73,2,58.6,5.83
2017-04-12 14:30:00,174,104,68,2,57.2,6.76
2017-04-12 14:35:00,165,93,72,0,57.5,7.58
2017-04-12 14:40:00,166,88,77,1,58.2,6.83
2017-04-12 14:45:00,145,76,69,0,58.0,5.65
2017-04-12 14:50:00,123,61,60,2,61.5,4.75
2017-04-12 14:55:00,145,81,61,3,62.7,6.07
2017-04-12 15:00:00,138,71,65,2,58.0,5.53
2017-04-12 15:05:00,154,75,75,4,59.3,6.3
2017-04-12 15:10:00,144,80,61,3,59.4,5.82
2017-04-12 15:15:00,142,66,75,1,59.6,5.89
2017-04-12 15:20:00,129,64,65,0,66.0,4.79
2017-04-12 15:25:00,149,68,78,3,60.4,6.02
2017-04-12 15:30:00,140,68,71,1,56.6,5.72
2017-04-12 15:35:00,146,86,59,1,55.0,6.0
2017-04-12 15:40:00,157,92,65,0,61.7,5.58
2017-04-12 15:45:00,147,81,64,2,59.9,5.74
2017-04-12 15:50:00,117,59,56,2,58.2,5.01
2017-04-12 15:55:00,162,91,70,1,56.7,6.95
2017-04-12 16:00:00,142,84,56,2,60.8,5.64
2017-04-12 16:05:00,175,97,75,3,57.0,7.5
2017-04-12 16:10:00,182,124,56,2,53.7,10.26
2017-04-12 16:15:00,195,111,83,1,58.2,8.98
2017-04-12 16:20:00,158,96,61,1,57.7,6.35
2017-04-12 16:25:00,166,105,60,1,55.4,7.39
2017-04-12 16:30:00,166,107,59,0,57.9,7.36
2017-04-12 16:35:00,171,102,67,2,56.0,8.65
2017-04-12 16:40:00,158,103,54,1,60.1,6.55
2017-04-12 16:45:00,138,83,54,1,58.8,5.81
2017-04-12 16:50:00,142,90,50,2,58.7,6.17
2017-04-12 16:55:00,186,117,67,2,61.8,7.58
2017-04-12 17:00:00,178,116,61,1,58.8,7.65
2017-04-12 17:05:00,145,95,47,3,57.5,6.42
2017-04-12 17:10:00,206,131,73,2,52.0,13.35
2017-04-12 17:15:00,202,127,74,1,59.7,12.96
2017-04-12 17:20:00,145,90,54,1,58.2,7.55
2017-04-12 17:25:00,158,86,69,3,61.4,6.77
2017-04-12 17:30:00,172,109,60,3,58.7,6.51
2017-04-12 17:35:00,199,145,52,2,56.9,8.51
2017-04-12 17:40:00,189,151,35,3,52.0,10.77
2017-04-12 17:45:00,169,123,42,4,56.6,10.09
2017-04-12 17:50:00,202,163,37,2,50.9,11.36
2017-04-12 17:55:00,172,134,35,3,59.9,7.33
2017-04-12 18:00:00,173,139,28,6,51.2,7.84
2017-04-12 18:05:00,238,188,45,5,49.0,10.88
2017-04-12 18:10:00,274,236,32,6,49.7,11.05
2017-04-12 18:15:00,237,200,33,4,45.2,12.75
2017-04-12 18:20:00,255,217,35,3,47.9,10.25
2017-04-12 18:25:00,209,173,36,0,51.0,9.66
2017-04-12 18:30:00,251,198,48,5,44.6,17.28
2017-04-12 18:35:00,207,150,54,3,52.3,14.78
2017-04-12 18:40:00,209,152,51,6,51.3,13.73
2017-04-12 18:45:00,213,141,67,5,48.0,12.41
2017-04-12 18:50:00,179,123,53,3,57.6,7.65
2017-04-12 18:55:00,190,125,62,3,58.6,7.92
2017-04-12 19:00:00,163,110,51,2,61.9,6.32
2017-04-12 19:05:00,181,122,57,2,54.3,8.31
2017-04-12 19:10:00,161,123,37,1,55.1,6.68
2017-04-12 19:15:00,159,134,23,2,55.6,9.47
2017-04-12 19:20:00,154,118,35,1,51.2,8.27
2017-04-12 19:25:00,140,115,25,0,53.3,7.82
2017-04-12 19:30:00,130,102,24,4,54.8,6.4
2017-04-12 19:35:00,139,100,36,3,55.8,7.75
2017-04-12 19:40:00,151,107,43,1,54.5,7.11
2017-04-12 19:45:00,141,104,37,0,60.3,5.24
2017-04-12 19:50:00,125,92,33,0,58.9,4.66
2017-04-12 19:55:00,161,112,49,0,58.8,5.82
2017-04-12 20:00:00,123,78,44,1,58.8,5.31
2017-04-12 20:05:00,130,94,35,1,56.7,6.49
2017-04-12 20:10:00,120,86,34,0,56.1,4.95
2017-04-12 20:15:00,107,79,28,0,56.8,4.44
2017-04-12 20:20:00,129,101,27,1,50.1,5.5
2017-04-12 20:25:00,135,92,42,1,58.1,5.17
2017-04-12 20:30:00,117,84,32,1,61.6,4.29
2017-04-12 20:35:00,128,91,35,2,59.3,5.32
2017-04-12 20:40:00,158,116,42,0,59.4,6.45
2017-04-12 20:45:00,136,101,34,1,58.3,5.25
2017-04-12 20:50:00,122,82,40,0,63.1,4.91
2017-04-12 20:55:00,146,113,31,2,51.9,7.25
2017-04-12 21:00:00,152,112,39,1,51.1,7.76
2017-04-12 21:05:00,130,107,23,0,56.1,4.75
2017-04-12 21:10:00,153,112,39,2,58.1,6.27
2017-04-12 21:15:00,92,62,30,0,62.0,3.59
2017-04-12 21:20:00,120,80,37,3,63.4,4.87
2017-04-12 21:25:00,137,94,43,0,59.5,5.43
2017-04-12 21:30:00,126,77,49,0,60.0,5.26
2017-04-12 21:35:00,114,68,43,3,59.5,4.38
2017-04-12 21:40:00,120,85,34,1,59.6,4.57
2017-04-12 21:45:00,122,82,40,0,59.0,4.52
2017-04-12 21:50:00,120,77,43,0,61.6,4.84
2017-04-12 21:55:00,135,89,45,1,64.7,5.58
2017-04-12 22:00:00,120,74,46,0,64.9,4.63
2017-04-12 22:05:00,130,91,39,0,59.7,5.04
2017-04-12 22:10:00,122,74,48,0,58.4,5.39
2017-04-12 22:15:00,99,63,36,0,62.6,4.26
2017-04-12 22:20:00,116,83,31,2,63.4,4.79
2017-04-12 22:25:00,121,91,30,0,59.2,5.33
2017-04-12 22:30:00,100,71,28,1,62.8,4.02
2017-04-12 22:35:00,80,54,24,2,65.4,3.39
2017-04-12 22:40:00,80,43,36,1,61.3,3.21
2017-04-12 22:45:00,73,48,24,1,66.4,2.75
2017-04-12 22:50:00,74,45,28,1,65.7,2.81
2017-04-12 22:55:00,74,50,24,0,60.0,3.17
2017-04-12 23:00:00,66,44,22,0,62.1,2.91
2017-04-12 23:05:00,59,35,24,0,58.2,2.51
2017-04-12 23:10:00,64,40,24,0,55.6,2.64
2017-04-12 23:15:00,67,38,29,0,65.8,2.54
2017-04-12 23:20:00,63,42,21,0,68.3,2.3
2017-04-12 23:25:00,53,32,20,1,62.0,2.07
2017-04-12 23:30:00,68,43,25,0,64.4,2.63
2017-04-12 23:35:00,46,30,16,0,53.6,4.57
2017-04-12 23:40:00,43,25,18,0,66.0,1.8
2017-04-12 23:45:00,51,30,21,0,60.4,2.03
2017-04-12 23:50:00,43,17,26,0,63.6,1.64
2017-04-12 23:55:00,41,19,22,0,73.2,1.5
2017-04-13 00:00:00,41,20,21,0,65.5,1.27
2017-04-13 00:05:00,31,17,14,0,64.8,1.1
2017-04-13 00:10:00,44,31,13,0,65.5,1.75
2017-04-13 00:15:00,41,27,14,0,64.6,1.38
2017-04-13 00:20:00,37,22,15,0,78.8,1.35
2017-04-13 00:25:00,34,22,12,0,70.8,1.23
2017-04-13 00:30:00,40,22,18,0,62.8,1.45
2017-04-13 00:35:00,29,22,7,0,64.3,1.05
2017-04-13 00:40:00,15,8,7,0,70.9,0.61
2017-04-13 00:45:00,28,12,16,0,54.1,1.09
2017-04-13 00:50:00,19,12,7,0,62.3,0.77
2017-04-13 00:55:00,14,9,5,0,61.2,0.59
2017-04-13 01:00:00,22,13,9,0,57.2,0.8
2017-04-13 01:05:00,22,13,9,0,53.2,0.66
2017-04-13 01:10:00,32,20,12,0,70.8,1.27
2017-04-13 01:15:00,20,7,13,0,66.1,0.64
2017-04-13 01:20:00,17,11,6,0,69.5,0.61
2017-04-13 01:25:00,17,12,5,0,62.2,0.58
2017-04-13 01:30:00,9,5,4,0,60.7,0.35
2017-04-13 01:35:00,19,11,8,0,69.9,0.75
2017-04-13 01:40:00,26,9,17,0,60.4,0.9
2017-04-13 01:45:00,20,13,7,0,60.8,0.85
2017-04-13 01:50:00,14,6,8,0,69.2,0.44
2017-04-13 01:55:00,15,7,7,1,67.0,25.17
2017-04-13 02:00:00,12,6,6,0,67.8,0.42
2017-04-13 02:05:00,14,11,3,0,65.7,0.49
2017-04-13 02:10:00,10,7,3,0,66.6,0.37
2017-04-13 02:15:00,16,8,8,0,68.4,0.53
2017-04-13 02:20:00,11,5,6,0,67.2,0.53
2017-04-13 02:25:00,15,9,6,0,57.7,0.56
2017-04-13 02:30:00,15,9,6,0,68.6,0.61
2017-04-13 02:35:00,11,7,4,0,63.8,0.42
2017-04-13 02:40:00,11,7,3,1,70.5,0.48
2017-04-13 02:45:00,11,6,5,0,76.8,0.4
2017-04-13 02:50:00,8,4,4,0,61.0,10.31
2017-04-13 02:55:00,14,8,6,0,41.3,25.62
2017-04-13 03:00:00,5,4,1,0,47.4,25.22
2017-04-13 03:05:00,12,7,5,0,70.2,0.42
2017-04-13 03:10:00,15,10,5,0,43.7,25.54
2017-04-13 03:15:00,11,8,3,0,59.3,0.42
2017-04-13 03:20:00,17,12,5,0,57.3,4.71
2017-04-13 03:25:00,16,8,8,0,72.1,0.68
2017-04-13 03:30:00,21,10,11,0,65.9,0.76
2017-04-13 03:35:00,9,3,6,0,42.7,0.63
2017-04-13 03:40:00,16,6,10,0,47.4,0.85
2017-04-13 03:45:00,16,12,4,0,43.4,1.08
2017-04-13 03:50:00,16,10,6,0,51.4,0.76
2017-04-13 03:55:00,14,6,8,0,46.9,0.71
2017-04-13 04:00:00,14,6,8,0,46.1,16.06
2017-04-13 04:05:00,11,5,6,0,67.3,0.4
2017-04-13 04:10:00,13,10,3,0,46.7,0.69
2017-04-13 04:15:00,14,9,5,0,45.0,0.7
2017-04-13 04:20:00,15,3,12,0,64.6,0.63
2017-04-13 04:25:00,16,11,5,0,53.9,0.72
2017-04-13 04:30:00,17,11,6,0,60.9,0.72
2017-04-13 04:35:00,16,9,7,0,62.4,0.64
2017-04-13 04:40:00,31,20,11,0,68.2,1.11
2017-04-13 04:45:00,18,9,9,0,42.7,11.94
2017-04-13 04:50:00,27,13,14,0,69.9,1.02
2017-04-13 04:55:00,18,9,9,0,58.9,21.11
2017-04-13 05:00:00,24,10,14,0,65.6,0.86
2017-04-13 05:05:00,28,19,9,0,53.4,1.26
2017-04-13 05:10:00,26,10,16,0,62.0,1.21
2017-04-13 05:15:00,34,21,13,0,66.7,1.37
2017-04-13 05:20:00,21,11,10,0,64.4,0.93
2017-04-13 05:25:00,29,14,13,2,65.0,1.3
2017-04-13 05:30:00,37,28,9,0,66.8,1.28
2017-04-13 05:35:00,37,20,15,2,74.7,1.44
2017-04-13 05:40:00,40,30,10,0,69.2,1.55
2017-04-13 05:45:00,36,30,5,1,65.9,1.38
2017-04-13 05:50:00,29,20,8,1,69.4,1.01
2017-04-13 05:55:00,46,27,19,0,66.4,1.51
2017-04-13 06:00:00,45,26,18,1,64.2,1.56
2017-04-13 06:05:00,56,31,25,0,62.3,1.97
2017-04-13 06:10:00,79,50,29,0,68.1,2.44
2017-04-13 06:15:00,80,61,19,0,68.0,2.22
2017-04-13 06:20:00,83,55,26,2,70.3,2.83
2017-04-13 06:25:00,77,51,26,0,63.6,2.47
2017-04-13 06:30:00,107,75,28,4,66.5,3.17
2017-04-13 06:35:00,82,53,28,1,62.3,2.83
2017-04-13 06:40:00,100,65,35,0,63.7,3.66
2017-04-13 06:45:00,121,90,31,0,67.0,3.74
2017-04-13 06:50:00,94,61,32,1,71.3,2.89
2017-04-13 06:55:00,102,64,36,2,68.5,3.63
2017-04-13 07:00:00,129,98,31,0,64.4,4.62
2017-04-13 07:05:00,119,84,34,1,73.2,3.82
2017-04-13 07:10:00,121,83,38,0,72.1,3.95
2017-04-13 07:15:00,148,76,69,3,66.9,5.26
2017-04-13 07:20:00,158,59,99,0,66.5,5.44
2017-04-13 07:25:00,158,60,96,2,61.1,8.09
2017-04-13 07:30:00,151,39,108,4,64.8,8.35
2017-04-13 07:35:00,139,43,93,3,63.9,5.1
2017-04-13 07:40:00,131,59,72,0,64.3,4.97
2017-04-13 07:45:00,186,102,80,4,61.5,7.66
2017-04-13 07:50:00,200,144,54,2,66.8,6.87
2017-04-13 07:55:00,181,119,59,3,61.1,8.15
2017-04-13 08:00:00,182,127,51,4,58.4,7.95
2017-04-13 08:05:00,187,138,46,3,62.0,6.91
2017-04-13 08:10:00,193,151,41,1,59.9,9.12
2017-04-13 08:15:00,177,127,50,0,56.7,8.13
2017-04-13 08:20:00,211,164,47,0,54.9,9.95
2017-04-13 08:25:00,206,144,60,2,57.8,9.74
2017-04-13 08:30:00,242,175,65,2,56.6,10.43
2017-04-13 08:35:00,202,150,50,2,58.2,7.86
2017-04-13 08:40:00,197,144,53,0,57.5,7.11
2017-04-13 08:45:00,205,144,59,2,58.0,11.04
2017-04-13 08:50:00,213,154,56,3,56.2,10.38
2017-04-13 08:55:00,155,113,40,2,58.3,9.69
2017-04-13 09:00:00,171,121,50,0,58.0,6.06
2017-04-13 09:05:00,174,128,44,2,58.4,7.29
2017-04-13 09:10:00,162,111,50,1,62.9,5.93
2017-04-13 09:15:00,139,103,34,2,67.4,4.39
2017-04-13 09:20:00,136,97,38,1,61.1,4.46
2017-04-13 09:25:00,152,107,43,2,65.1,4.49
2017-04-13 09:30:00,174,112,62,0,60.6,6.0
2017-04-13 09:35:00,152,101,47,4,61.3,6.37
2017-04-13 09:40:00,170,114,55,1,62.5,5.34
2017-04-13 09:45:00,170,109,58,3,60.2,5.6
2017-04-13 09:50:00,146,101,44,1,65.5,4.63
2017-04-13 09:55:00,129,82,45,2,61.8,4.45
2017-04-13 10:00:00,154,105,48,1,64.9,4.99
2017-04-13 10:05:00,151,99,51,1,62.6,4.92
2017-04-13 10:10:00,131,81,48,2,61.7,4.51
2017-04-13 10:15:00,140,91,46,3,67.4,4.17
2017-04-13 10:20:00,159,95,63,1,60.5,5.99
2017-04-13 10:25:00,128,88,40,0,56.6,4.75
2017-04-13 10:30:00,129,75,52,2,64.4,4.38
2017-04-13 10:35:00,131,86,42,3,66.3,4.26
2017-04-13 10:40:00,120,77,43,0,63.0,3.83
2017-04-13 10:45:00,122,82,40,0,64.1,3.76
2017-04-13 10:50:00,124,76,45,3,64.0,4.18
2017-04-13 10:55:00,123,77,46,0,64.7,3.89
2017-04-13 11:00:00,95,64,31,0,66.1,2.91
2017-04-13 11:05:00,108,66,42,0,65.0,3.45
2017-04-13 11:10:00,138,84,51,3,60.8,4.8
2017-04-13 11:15:00,136,88,45,3,65.1,4.88
2017-04-13 11:20:00,123,67,55,1,59.8,4.3
2017-04-13 11:25:00,104,69,34,1,67.3,3.1
2017-04-13 11:30:00,105,56,48,1,67.3,3.42
2017-04-13 11:35:00,138,83,53,2,61.6,5.08
2017-04-13 11:40:00,155,93,58,4,64.7,5.1
2017-04-13 11:45:00,135,84,50,1,61.2,4.81
2017-04-13 11:50:00,109,58,51,0,63.2,3.91
2017-04-13 11:55:00,119,71,47,1,61.6,4.01
2017-04-13 12:00:00,110,68,42,0,63.7,3.67
2017-04-13 12:05:00,110,65,44,1,60.4,4.23
2017-04-13 12:10:00,102,64,37,1,66.4,3.27
2017-04-13 12:15:00,122,67,53,2,63.2,4.27
2017-04-13 12:20:00,113,67,43,3,62.3,3.9
2017-04-13 12:25:00,116,85,31,0,61.2,3.67
2017-04-13 12:30:00,110,61,48,1,67.1,3.72
2017-04-13 12:35:00,120,69,47,4,65.1,4.13
2017-04-13 12:40:00,102,68,34,0,60.7,3.51
2017-04-13 12:45:00,130,86,42,2,67.1,3.93
2017-04-13 12:50:00,133,81,51,1,63.2,4.8
2017-04-13 12:55:00,147,81,65,1,61.0,5.86
2017-04-13 13:00:00,116,68,46,2,64.8,3.64
2017-04-13 13:05:00,129,75,54,0,58.5,4.64
2017-04-13 13:10:00,148,89,57,2,58.7,5.46
2017-04-13 13:15:00,121,70,51,0,56.3,4.65
2017-04-13 13:20:00,134,77,55,2,61.7,5.16
2017-04-13 13:25:00,143,84,55,4,63.2,5.19
2017-04-13 13:30:00,135,78,56,1,58.8,4.97
2017-04-13 13:35:00,156,85,69,2,58.0,6.06
2017-04-13 13:40:00,142,78,64,0,61.0,4.7
2017-04-13 13:45:00,140,88,52,0,61.6,4.8
2017-04-13 13:50:00,145,80,64,1,57.9,5.46
2017-04-13 13:55:00,148,93,53,2,58.6,5.49
2017-04-13 14:00:00,139,86,52,1,62.0,4.93
2017-04-13 14:05:00,175,93,82,0,58.4,7.39
2017-04-13 14:10:00,143,84,57,2,59.4,5.33
2017-04-13 14:15:00,155,93,60,2,56.5,5.89
2017-04-13 14:20:00,150,86,64,0,57.7,6.04
2017-04-13 14:25:00,156,94,60,2,55.2,6.6
2017-04-13 14:30:00,126,69,55,2,58.5,4.74
2017-04-13 14:35:00,139,79,60,0,58.0,5.21
2017-04-13 14:40:00,147,77,70,0,57.7,6.33
2017-04-13 14:45:00,153,97,54,2,56.5,6.29
2017-04-13 14:50:00,143,74,67,2,59.5,5.51
2017-04-13 14:55:00,128,67,60,1,58.4,6.23
2017-04-13 15:00:00,137,76,59,2,61.9,4.9
2017-04-13 15:05:00,142,68,72,2,56.2,5.39
2017-04-13 15:10:00,147,84,63,0,58.3,5.91
2017-04-13 15:15:00,141,76,65,0,62.3,4.89
2017-04-13 15:20:00,132,61,69,2,59.2,5.15
2017-04-13 15:25:00,124,70,52,2,61.9,4.55
2017-04-13 15:30:00,156,88,68,0,61.0,6.02
2017-04-13 15:35:00,142,80,61,1,59.5,6.11
2017-04-13 15:40:00,163,93,67,3,60.7,6.45
2017-04-13 15:45:00,140,82,57,1,59.2,5.31
2017-04-13 15:50:00,154,90,62,2,57.3,6.36
2017-04-13 15:55:00,133,77,56,0,60.8,5.02
2017-04-13 16:00:00,136,77,57,2,59.8,5.35
2017-04-13 16:05:00,163,96,66,1,57.6,6.31
2017-04-13 16:10:00,179,91,86,2,58.4,8.28
2017-04-13 16:15:00,163,102,58,3,58.4,6.91
2017-04-13 16:20:00,173,106,66,1,56.4,7.71
2017-04-13 16:25:00,144,87,56,1,59.6,5.59
2017-04-13 16:30:00,162,96,64,2,57.9,6.63
2017-04-13 16:35:00,168,106,62,0,60.6,6.51
2017-04-13 16:40:00,147,99,47,1,58.1,5.96
2017-04-13 16:45:00,158,94,64,0,58.6,6.38
2017-04-13 16:50:00,172,119,51,2,54.1,7.67
2017-04-13 16:55:00,176,128,47,1,52.8,8.09
2017-04-13 17:00:00,156,100,55,1,61.6,6.25
2017-04-13 17:05:00,150,118,30,2,56.0,7.01
2017-04-13 17:10:00,184,135,48,1,51.0,10.18
2017-04-13 17:15:00,209,150,53,6,51.2,14.05
2017-04-13 17:20:00,180,142,37,1,50.5,9.33
2017-04-13 17:25:00,163,130,32,1,56.2,7.61
2017-04-13 17:30:00,171,124,47,0,54.9,7.05
2017-04-13 17:35:00,184,140,43,1,54.8,9.44
2017-04-13 17:40:00,201,163,38,0,52.7,9.08
2017-04-13 17:45:00,162,132,29,1,53.4,7.26
2017-04-13 17:50:00,192,154,37,1,48.9,10.4
2017-04-13 17:55:00,207,176,29,2,52.7,12.31
2017-04-13 18:00:00,179,143,35,1,54.5,9.12
2017-04-13 18:05:00,210,162,46,2,51.2,9.51
2017-04-13 18:10:00,236,176,58,2,51.3,11.08
2017-04-13 18:15:00,222,169,50,3,52.0,10.3
2017-04-13 18:20:00,250,181,68,1,49.5,12.81
2017-04-13 18:25:00,215,147,66,2,48.5,12.78
2017-04-13 18:30:00,221,151,67,3,48.8,12.25
2017-04-13 18:35:00,189,136,53,0,53.7,9.7
2017-04-13 18:40:00,184,116,68,0,53.2,9.97
2017-04-13 18:45:00,193,138,54,1,49.9,10.59
2017-04-13 18:50:00,165,115,49,1,57.0,7.83
2017-04-13 18:55:00,186,133,52,1,58.3,7.99
2017-04-13 19:00:00,146,100,44,2,60.1,5.19
2017-04-13 19:05:00,152,104,47,1,58.7,5.72
2017-04-13 19:10:00,139,93,43,3,55.9,5.79
2017-04-13 19:15:00,157,131,26,0,56.9,6.46
2017-04-13 19:20:00,153,122,29,2,56.0,6.93
2017-04-13 19:25:00,139,101,34,4,54.7,5.64
2017-04-13 19:30:00,134,104,30,0,53.6,6.95
2017-04-13 19:35:00,160,131,28,1,54.9,8.14
2017-04-13 19:40:00,134,97,36,1,57.4,5.55
2017-04-13 19:45:00,146,97,48,1,67.1,5.62
2017-04-13 19:50:00,129,93,36,0,60.0,4.97
2017-04-13 19:55:00,114,85,29,0,58.7,4.5
2017-04-13 20:00:00,131,92,39,0,57.2,5.16
2017-04-13 20:05:00,108,80,27,1,58.6,4.5
2017-04-13 20:10:00,122,90,32,0,54.6,5.87
2017-04-13 20:15:00,99,77,21,1,55.8,4.92
2017-04-13 20:20:00,103,76,27,0,54.9,4.55
2017-04-13 20:25:00,146,98,44,4,54.7,7.44
2017-04-13 20:30:00,106,68,38,0,63.9,4.09
2017-04-13 20:35:00,95,75,20,0,57.1,3.94
2017-04-13 20:40:00,149,107,41,1,58.7,5.61
2017-04-13 20:45:00,148,106,42,0,59.9,6.19
2017-04-13 20:50:00,124,83,39,2,57.5,5.49
2017-04-13 20:55:00,114,88,25,1,62.0,4.71
2017-04-13 21:00:00,151,105,43,3,57.5,7.39
2017-04-13 21:05:00,127,87,39,1,60.8,5.53
2017-04-13 21:10:00,129,93,36,0,61.7,5.38
2017-04-13 21:15:00,129,87,38,4,66.4,4.76
2017-04-13 21:20:00,126,97,28,1,56.2,5.23
2017-04-13 21:25:00,159,118,40,1,56.2,6.38
2017-04-13 21:30:00,118,87,31,0,57.6,4.52
2017-04-13 21:35:00,129,83,45,1,59.5,5.49
2017-04-13 21:40:00,146,101,39,6,59.8,5.89
2017-04-13 21:45:00,135,96,39,0,61.9,5.6
2017-04-13 21:50:00,128,90,38,0,58.9,5.35
2017-04-13 21:55:00,110,78,31,1,60.9,4.13
2017-04-13 22:00:00,114,69,45,0,65.3,4.3
2017-04-13 22:05:00,104,77,26,1,59.2,3.82
2017-04-13 22:10:00,146,110,35,1,58.7,6.29
2017-04-13 22:15:00,124,96,26,2,57.3,5.13
2017-04-13 22:20:00,128,88,39,1,59.6,5.42
2017-04-13 22:25:00,107,82,25,0,63.0,4.37
2017-04-13 22:30:00,91,60,30,1,65.0,3.43
2017-04-13 22:35:00,100,70,29,1,71.5,3.75
2017-04-13 22:40:00,81,43,38,0,63.8,3.07
2017-04-13 22:45:00,69,47,21,1,62.8,2.55
2017-04-13 22:50:00,80,49,31,0,67.6,2.75
2017-04-13 22:55:00,71,48,21,2,59.6,2.88
2017-04-13 23:00:00,62,44,18,0,60.7,2.41
2017-04-13 23:05:00,66,42,24,0,58.7,2.65
2017-04-13 23:10:00,61,44,17,0,65.7,2.44
2017-04-13 23:15:00,72,46,26,0,65.6,2.73
2017-04-13 23:20:00,57,33,24,0,63.6,2.25
2017-04-13 23:25:00,56,39,16,1,64.6,2.4
2017-04-13 23:30:00,58,33,25,0,68.8,2.18
2017-04-13 23:35:00,55,39,15,1,65.6,2.16
2017-04-13 23:40:00,44,28,15,1,67.6,1.85
2017-04-13 23:45:00,45,30,15,0,76.1,1.85
2017-04-13 23:50:00,49,26,23,0,61.8,1.7
2017-04-13 23:55:00,48,27,21,0,71.9,1.86
2017-04-14 00:00:00,66,45,21,0,67.9,2.36
2017-04-14 00:05:00,35,20,15,0,68.6,1.38
2017-04-14 00:10:00,44,25,17,2,61.9,1.73
2017-04-14 00:15:00,44,26,18,0,73.3,1.57
2017-04-14 00:20:00,41,23,18,0,63.1,1.56
2017-04-14 00:25:00,44,24,20,0,59.7,1.53
2017-04-14 00:30:00,27,20,7,0,61.7,1.02
2017-04-14 00:35:00,24,10,14,0,80.0,0.79
2017-04-14 00:40:00,30,17,12,1,58.8,1.16
2017-04-14 00:45:00,28,15,13,0,66.8,0.91
2017-04-14 00:50:00,24,18,6,0,62.8,0.92
2017-04-14 00:55:00,27,17,10,0,68.3,0.98
2017-04-14 01:00:00,20,14,6,0,72.8,0.6
2017-04-14 01:05:00,21,11,10,0,59.3,0.75
2017-04-14 01:10:00,23,15,8,0,64.6,0.89
2017-04-14 01:15:00,24,16,8,0,71.9,0.92
2017-04-14 01:20:00,21,11,10,0,67.0,0.62
2017-04-14 01:25:00,11,6,5,0,65.0,0.44
2017-04-14 01:30:00,12,7,5,0,59.1,0.67
2017-04-14 01:35:00,21,13,7,1,68.6,0.77
2017-04-14 01:40:00,11,8,3,0,63.8,0.44
2017-04-14 01:45:00,13,7,6,0,61.9,0.49
2017-04-14 01:50:00,18,7,11,0,75.4,0.66
2017-04-14 01:55:00,17,7,10,0,57.1,0.65
2017-04-14 02:00:00,8,6,2,0,58.9,0.27
2017-04-14 02:05:00,16,9,7,0,64.7,0.6
2017-04-14 02:10:00,16,8,8,0,68.3,0.53
2017-04-14 02:15:00,25,16,9,0,69.7,0.88
2017-04-14 02:20:00,13,10,3,0,59.3,0.47
2017-04-14 02:25:00,16,10,6,0,59.5,0.59
2017-04-14 02:30:00,19,11,7,1,62.2,0.7
2017-04-14 02:35:00,17,11,4,2,60.9,0.64
2017-04-14 02:40:00,24,18,5,1,61.7,1.0
2017-04-14 02:45:00,13,6,7,0,76.0,0.46
2017-04-14 02:50:00,18,14,4,0,55.9,0.56
2017-04-14 02:55:00,10,5,5,0,56.3,0.39
2017-04-14 03:00:00,12,7,5,0,64.8,0.4
2017-04-14 03:05:00,8,7,1,0,70.8,0.31
2017-04-14 03:10:00,15,7,8,0,59.1,0.73
2017-04-14 03:15:00,13,8,5,0,50.4,0.63
2017-04-14 03:20:00,17,12,5,0,60.7,0.69
2017-04-14 03:25:00,14,7,7,0,60.4,0.57
2017-04-14 03:30:00,14,9,5,0,55.7,0.7
2017-04-14 03:35:00,14,6,8,0,65.4,0.57
2017-04-14 03:40:00,21,13,8,0,66.1,0.75
2017-04-14 03:45:00,15,8,7,0,69.0,0.64
2017-04-14 03:50:00,14,9,5,0,59.1,0.6
2017-04-14 03:55:00,12,6,6,0,67.6,0.4
2017-04-14 04:00:00,18,13,5,0,63.6,0.71
2017-04-14 04:05:00,8,6,2,0,64.0,0.33
2017-04-14 04:10:00,21,16,5,0,62.2,0.83
2017-04-14 04:15:00,19,11,8,0,66.2,0.67
2017-04-14 04:20:00,15,7,6,2,66.2,0.68
2017-04-14 04:25:00,12,6,6,0,58.8,0.65
2017-04-14 04:30:00,26,16,9,1,60.4,0.97
2017-04-14 04:35:00,19,12,7,0,59.9,0.79
2017-04-14 04:40:00,23,14,9,0,71.2,0.83
2017-04-14 04:45:00,20,9,11,0,69.6,0.74
2017-04-14 04:50:00,25,16,9,0,58.0,0.88
2017-04-14 04:55:00,20,12,8,0,60.5,0.8
2017-04-14 05:00:00,25,14,11,0,56.6,1.04
2017-04-14 05:05:00,24,12,12,0,58.3,0.99
2017-04-14 05:10:00,28,14,14,0,60.4,1.24
2017-04-14 05:15:00,29,15,13,1,70.3,1.24
2017-04-14 05:20:00,25,18,7,0,66.7,1.02
2017-04-14 05:25:00,27,15,12,0,64.1,1.35
2017-04-14 05:30:00,31,19,12,0,70.1,1.46
2017-04-14 05:35:00,37,26,11,0,68.4,1.56
2017-04-14 05:40:00,29,25,4,0,64.7,1.24
2017-04-14 05:45:00,33,20,12,1,62.3,1.39
2017-04-14 05:50:00,34,16,17,1,65.9,1.21
2017-04-14 05:55:00,34,19,15,0,73.6,1.14
2017-04-14 06:00:00,46,26,18,2,66.2,1.64
2017-04-14 06:05:00,45,27,16,2,69.0,1.59
2017-04-14 06:10:00,50,33,17,0,72.5,1.48
2017-04-14 06:15:00,73,49,23,1,68.8,2.15
2017-04-14 06:20:00,97,71,26,0,66.2,3.36
2017-04-14 06:25:00,113,84,27,2,64.2,3.88
2017-04-14 06:30:00,101,66,31,4,68.3,3.2
2017-04-14 06:35:00,77,55,20,2,65.5,2.24
2017-04-14 06:40:00,111,66,43,2,62.9,4.04
2017-04-14 06:45:00,115,77,38,0,62.1,3.78
2017-04-14 06:50:00,106,74,32,0,69.5,3.11
2017-04-14 06:55:00,108,71,35,2,71.0,3.26
2017-04-14 07:00:00,125,79,44,2,63.3,3.96
2017-04-14 07:05:00,129,85,44,0,65.8,3.92
2017-04-14 07:10:00,124,90,33,1,72.4,3.76
2017-04-14 07:15:00,147,72,75,0,68.4,4.72
2017-04-14 07:20:00,174,51,122,1,63.7,6.06
2017-04-14 07:25:00,147,41,106,0,58.9,7.65
2017-04-14 07:30:00,169,61,106,2,61.4,8.59
2017-04-14 07:35:00,171,64,105,2,62.4,7.67
2017-04-14 07:40:00,151,71,75,5,66.0,5.48
2017-04-14 07:45:00,187,110,77,0,66.2,6.19
2017-04-14 07:50:00,189,111,76,2,65.4,7.0
2017-04-14 07:55:00,167,127,40,0,64.9,5.61
2017-04-14 08:00:00,146,106,39,1,62.3,5.2
2017-04-14 08:05:00,182,139,41,2,62.6,6.74
2017-04-14 08:10:00,196,154,42,0,61.3,7.33
2017-04-14 08:15:00,174,133,41,0,58.6,6.42
2017-04-14 08:20:00,217,166,50,1,56.5,8.35
2017-04-14 08:25:00,207,158,48,1,56.8,9.52
2017-04-14 08:30:00,231,175,53,3,54.1,9.72
2017-04-14 08:35:00,185,140,44,1,59.4,5.99
2017-04-14 08:40:00,192,147,45,0,56.2,8.83
2017-04-14 08:45:00,191,142,48,1,62.5,7.0
2017-04-14 08:50:00,179,130,48,1,62.0,7.66
2017-04-14 08:55:00,150,111,32,7,60.3,5.43
2017-04-14 09:00:00,146,87,56,3,60.3,6.33
2017-04-14 09:05:00,152,110,42,0,58.8,7.55
2017-04-14 09:10:00,180,119,57,4,62.9,7.44
2017-04-14 09:15:00,141,102,37,2,63.6,4.69
2017-04-14 09:20:00,130,79,49,2,62.3,4.52
2017-04-14 09:25:00,163,125,38,0,61.4,5.55
2017-04-14 09:30:00,168,111,57,0,63.1,5.72
2017-04-14 09:35:00,149,104,42,3,59.9,5.19
2017-04-14 09:40:00,185,117,67,1,62.7,6.01
2017-04-14 09:45:00,167,107,60,0,60.9,6.15
2017-04-14 09:50:00,161,108,47,6,60.8,5.59
2017-04-14 09:55:00,136,86,49,1,65.1,4.42
2017-04-14 10:00:00,134,89,45,0,63.0,4.73
2017-04-14 10:05:00,116,73,38,5,60.7,4.22
2017-04-14 10:10:00,147,84,62,1,60.6,5.32
2017-04-14 10:15:00,147,96,49,2,66.0,4.8
2017-04-14 10:20:00,124,88,35,1,64.6,4.01
2017-04-14 10:25:00,165,108,54,3,59.3,6.05
2017-04-14 10:30:00,146,101,44,1,63.1,5.04
2017-04-14 10:35:00,150,89,57,4,62.0,5.13
2017-04-14 10:40:00,120,73,45,2,59.4,5.33
2017-04-14 10:45:00,134,82,50,2,60.5,5.0
2017-04-14 10:50:00,106,58,46,2,61.1,3.97
2017-04-14 10:55:00,135,87,45,3,62.1,4.8
2017-04-14 11:00:00,123,73,47,3,62.1,4.78
2017-04-14 11:05:00,134,77,52,5,65.1,4.35
2017-04-14 11:10:00,122,73,47,2,61.4,4.49
2017-04-14 11:15:00,122,72,49,1,67.1,4.1
2017-04-14 11:20:00,105,69,35,1,67.3,3.45
2017-04-14 11:25:00,127,80,47,0,62.7,4.47
2017-04-14 11:30:00,116,75,40,1,63.9,3.67
2017-04-14 11:35:00,126,82,41,3,63.1,4.36
2017-04-14 11:40:00,186,111,74,1,57.9,7.27
2017-04-14 11:45:00,111,63,47,1,63.4,4.19
2017-04-14 11:50:00,131,84,44,3,64.0,4.2
2017-04-14 11:55:00,121,81,40,0,65.5,3.8
2017-04-14 12:00:00,124,78,45,1,63.3,4.07
2017-04-14 12:05:00,105,73,28,4,60.8,3.78
2017-04-14 12:10:00,125,74,49,2,61.2,4.28
2017-04-14 12:15:00,109,68,40,1,61.8,3.5
2017-04-14 12:20:00,128,79,46,3,69.1,4.06
2017-04-14 12:25:00,115,65,47,3,59.8,4.14
2017-04-14 12:30:00,139,85,52,2,62.7,4.86
2017-04-14 12:35:00,142,96,45,1,60.5,4.61
2017-04-14 12:40:00,124,86,36,2,60.5,3.96
2017-04-14 12:45:00,138,88,49,1,58.4,4.71
2017-04-14 12:50:00,141,86,54,1,59.0,5.51
2017-04-14 12:55:00,132,83,44,5,59.3,5.02
2017-04-14 13:00:00,121,85,35,1,64.3,4.16
2017-04-14 13:05:00,179,100,77,2,54.9,8.31
2017-04-14 13:10:00,158,102,54,2,60.7,6.27
2017-04-14 13:15:00,168,103,64,1,61.2,5.81
2017-04-14 13:20:00,164,110,52,2,58.9,5.68
2017-04-14 13:25:00,149,94,54,1,60.0,5.24
2017-04-14 13:30:00,138,75,61,2,61.6,4.95
2017-04-14 13:35:00,152,94,58,0,57.6,5.85
2017-04-14 13:40:00,192,122,67,3,59.9,7.35
2017-04-14 13:45:00,137,75,58,4,58.9,4.85
2017-04-14 13:50:00,140,85,53,2,56.7,5.41
2017-04-14 13:55:00,143,83,58,2,63.0,5.29
2017-04-14 14:00:00,142,91,50,1,64.0,5.23
2017-04-14 14:05:00,145,79,66,0,60.4,5.28
2017-04-14 14:10:00,170,108,60,2,61.3,6.8
2017-04-14 14:15:00,144,91,51,2,60.2,5.43
2017-04-14 14:20:00,169,110,54,5,60.5,5.94
2017-04-14 14:25:00,164,115,45,4,60.4,6.08
2017-04-14 14:30:00,160,99,59,2,60.7,6.28
2017-04-14 14:35:00,167,99,68,0,57.6,6.27
2017-04-14 14:40:00,144,81,62,1,61.5,5.29
2017-04-14 14:45:00,144,78,63,3,59.0,5.75
2017-04-14 14:50:00,171,97,73,1,60.9,6.07
2017-04-14 14:55:00,145,73,70,2,60.1,5.52
2017-04-14 15:00:00,158,84,74,0,57.2,6.6
2017-04-14 15:05:00,162,100,61,1,59.7,5.95
2017-04-14 15:10:00,151,76,73,2,58.9,5.95
2017-04-14 15:15:00,143,84,59,0,58.2,5.42
2017-04-14 15:20:00,151,80,69,2,60.7,5.88
2017-04-14 15:25:00,142,85,54,3,58.7,5.32
2017-04-14 15:30:00,184,110,68,6,58.2,9.14
2017-04-14 15:35:00,180,103,77,0,56.9,8.24
2017-04-14 15:40:00,163,99,64,0,60.3,6.82
2017-04-14 15:45:00,174,121,52,1,57.2,7.13
2017-04-14 15:50:00,157,105,51,1,60.3,5.29
2017-04-14 15:55:00,157,98,57,2,61.9,5.23
2017-04-14 16:00:00,128,87,41,0,62.0,4.4
2017-04-14 16:05:00,150,95,53,2,62.2,5.43
2017-04-14 16:10:00,148,106,42,0,57.4,5.61
2017-04-14 16:15:00,194,125,68,1,57.5,7.62
2017-04-14 16:20:00,159,79,80,0,59.9,5.86
2017-04-14 16:25:00,185,131,53,1,60.5,6.52
2017-04-14 16:30:00,177,127,46,4,57.1,8.71
2017-04-14 16:35:00,189,122,65,2,59.5,7.52
2017-04-14 16:40:00,182,111,70,1,55.2,8.78
2017-04-14 16:45:00,159,95,62,2,57.8,6.07
2017-04-14 16:50:00,173,108,65,0,57.8,6.94
2017-04-14 16:55:00,180,113,67,0,56.1,7.91
2017-04-14 17:00:00,192,127,64,1,56.9,8.69
2017-04-14 17:05:00,146,97,49,0,58.3,5.49
2017-04-14 17:10:00,204,145,58,1,47.8,13.03
2017-04-14 17:15:00,217,171,45,1,51.8,12.19
2017-04-14 17:20:00,201,142,53,6,49.0,11.47
2017-04-14 17:25:00,192,149,42,1,51.5,9.24
2017-04-14 17:30:00,196,148,47,1,52.2,9.08
2017-04-14 17:35:00,218,174,41,3,54.1,11.52
2017-04-14 17:40:00,188,148,37,3,51.6,9.64
2017-04-14 17:45:00,197,154,39,4,49.6,14.68
2017-04-14 17:50:00,220,175,44,1,50.0,13.81
2017-04-14 17:55:00,192,142,42,8,50.4,15.06
2017-04-14 18:00:00,219,179,40,0,51.5,11.16
2017-04-14 18:05:00,254,194,58,2,49.4,12.0
2017-04-14 18:10:00,284,218,63,3,41.3,17.75
2017-04-14 18:15:00,266,194,67,5,42.9,17.2
2017-04-14 18:20:00,175,122,51,2,53.3,9.57
2017-04-14 18:25:00,272,174,95,3,45.3,20.12
2017-04-14 18:30:00,232,159,72,1,47.0,14.66
2017-04-14 18:35:00,217,148,68,1,52.8,11.05
2017-04-14 18:40:00,241,163,75,3,48.0,13.01
2017-04-14 18:45:00,210,138,71,1,47.3,11.07
2017-04-14 18:50:00,220,132,86,2,50.5,11.69
2017-04-14 18:55:00,181,123,56,2,57.7,6.68
2017-04-14 19:00:00,205,145,59,1,54.7,7.95
2017-04-14 19:05:00,182,121,61,0,52.9,7.73
2017-04-14 19:10:00,216,167,43,6,46.9,13.38
2017-04-14 19:15:00,189,150,37,2,53.0,9.41
2017-04-14 19:20:00,178,150,25,3,49.6,11.71
2017-04-14 19:25:00,170,130,38,2,54.7,7.64
2017-04-14 19:30:00,153,111,41,1,52.9,8.62
2017-04-14 19:35:00,186,139,45,2,48.3,9.85
2017-04-14 19:40:00,146,113,32,1,55.8,6.18
2017-04-14 19:45:00,162,119,42,1,56.9,6.12
2017-04-14 19:50:00,135,93,40,2,59.1,4.85
2017-04-14 19:55:00,118,80,38,0,57.7,4.54
2017-04-14 20:00:00,126,99,27,0,65.1,4.77
2017-04-14 20:05:00,153,118,34,1,58.5,6.54
2017-04-14 20:10:00,122,84,36,2,56.4,5.77
2017-04-14 20:15:00,162,114,47,1,55.8,7.35
2017-04-14 20:20:00,138,104,34,0,56.2,6.65
2017-04-14 20:25:00,147,106,41,0,62.6,6.16
2017-04-14 20:30:00,148,103,44,1,61.0,5.89
2017-04-14 20:35:00,103,71,32,0,61.3,3.79
2017-04-14 20:40:00,130,85,43,2,58.8,5.13
2017-04-14 20:45:00,119,85,34,0,65.0,4.5
2017-04-14 20:50:00,115,77,37,1,58.3,4.52
2017-04-14 20:55:00,121,96,24,1,54.3,5.13
2017-04-14 21:00:00,139,94,44,1,58.9,5.83
2017-04-14 21:05:00,159,119,37,3,54.4,6.59
2017-04-14 21:10:00,152,117,35,0,56.5,5.9
2017-04-14 21:15:00,151,107,44,0,56.7,5.86
2017-04-14 21:20:00,136,104,31,1,60.5,5.39
2017-04-14 21:25:00,150,115,34,1,56.2,5.91
2017-04-14 21:30:00,113,82,29,2,67.9,4.48
2017-04-14 21:35:00,149,96,50,3,61.9,5.98
2017-04-14 21:40:00,110,79,29,2,59.8,5.01
2017-04-14 21:45:00,99,63,36,0,64.4,3.73
2017-04-14 21:50:00,125,86,39,0,65.8,4.6
2017-04-14 21:55:00,94,65,29,0,63.1,3.62
2017-04-14 22:00:00,104,74,30,0,64.8,3.51
2017-04-14 22:05:00,117,87,30,0,61.5,4.54
2017-04-14 22:10:00,110,72,35,3,56.9,4.63
2017-04-14 22:15:00,145,104,41,0,58.2,6.4
2017-04-14 22:20:00,163,123,36,4,58.1,7.3
2017-04-14 22:25:00,149,114,31,4,55.3,5.98
2017-04-14 22:30:00,117,82,34,1,61.2,4.43
2017-04-14 22:35:00,97,65,32,0,62.3,3.83
2017-04-14 22:40:00,117,90,27,0,61.3,4.67
2017-04-14 22:45:00,75,48,27,0,63.9,2.91
2017-04-14 22:50:00,74,48,26,0,69.3,2.77
2017-04-14 22:55:00,93,59,32,2,60.9,3.52
2017-04-14 23:00:00,69,44,25,0,63.0,2.51
2017-04-14 23:05:00,75,49,26,0,61.2,3.09
2017-04-14 23:10:00,79,45,34,0,64.4,3.2
2017-04-14 23:15:00,64,40,23,1,64.1,2.4
2017-04-14 23:20:00,68,44,22,2,65.7,2.61
2017-04-14 23:25:00,52,36,16,0,62.9,1.88
2017-04-14 23:30:00,55,33,21,1,75.5,2.28
2017-04-14 23:35:00,52,35,17,0,70.6,1.9
2017-04-14 23:40:00,55,37,17,1,64.6,2.35
2017-04-14 23:45:00,61,43,18,0,63.5,2.37
2017-04-14 23:50:00,53,39,14,0,62.5,1.75
2017-04-14 23:55:00,47,30,16,1,67.2,1.77
2017-04-15 00:00:00,46,28,18,0,65.4,1.69
2017-04-15 00:05:00,40,27,13,0,60.5,1.51
2017-04-15 00:10:00,44,29,15,0,62.0,1.46
2017-04-15 00:15:00,35,21,14,0,67.8,1.28
2017-04-15 00:20:00,39,27,12,0,65.1,1.41
2017-04-15 00:25:00,42,32,10,0,67.9,1.45
2017-04-15 00:30:00,42,29,11,2,59.9,1.44
2017-04-15 00:35:00,35,21,14,0,61.8,1.23
2017-04-15 00:40:00,32,21,11,0,59.2,1.18
2017-04-15 00:45:00,24,19,5,0,60.5,0.86
2017-04-15 00:50:00,31,20,10,1,62.4,1.16
2017-04-15 00:55:00,13,6,7,0,67.4,0.42
2017-04-15 01:00:00,25,15,10,0,67.3,0.87
2017-04-15 01:05:00,31,26,5,0,61.7,1.25
2017-04-15 01:10:00,29,22,7,0,60.1,1.25
2017-04-15 01:15:00,23,14,9,0,62.0,0.9
2017-04-15 01:20:00,20,11,9,0,65.1,0.68
2017-04-15 01:25:00,26,18,7,1,68.4,1.01
2017-04-15 01:30:00,20,12,8,0,63.5,0.71
2017-04-15 01:35:00,22,13,9,0,69.9,0.83
2017-04-15 01:40:00,24,15,9,0,59.2,0.86
2017-04-15 01:45:00,25,14,11,0,71.8,0.88
2017-04-15 01:50:00,19,11,8,0,70.8,0.74
2017-04-15 01:55:00,20,14,6,0,60.9,0.66
2017-04-15 02:00:00,30,14,16,0,68.7,1.14
2017-04-15 02:05:00,13,9,4,0,64.8,0.5
2017-04-15 02:10:00,17,9,8,0,62.1,0.58
2017-04-15 02:15:00,19,11,8,0,68.0,0.66
2017-04-15 02:20:00,27,15,12,0,64.3,1.09
2017-04-15 02:25:00,21,11,10,0,61.7,0.91
2017-04-15 02:30:00,17,12,5,0,60.2,0.64
2017-04-15 02:35:00,20,10,10,0,70.0,0.78
2017-04-15 02:40:00,15,7,8,0,61.8,0.62
2017-04-15 02:45:00,15,11,4,0,56.8,0.7
2017-04-15 02:50:00,6,4,2,0,58.4,0.27
2017-04-15 02:55:00,14,9,4,1,64.5,0.5
2017-04-15 03:00:00,19,12,7,0,57.2,0.72
2017-04-15 03:05:00,18,10,8,0,69.2,0.59
2017-04-15 03:10:00,17,14,3,0,57.5,0.6
2017-04-15 03:15:00,14,10,4,0,59.9,0.66
2017-04-15 03:20:00,19,10,9,0,70.1,0.77
2017-04-15 03:25:00,16,8,8,0,67.7,0.52
2017-04-15 03:30:00,19,10,9,0,63.8,0.8
2017-04-15 03:35:00,25,16,9,0,63.2,0.91
2017-04-15 03:40:00,17,9,8,0,63.0,0.6
2017-04-15 03:45:00,14,10,4,0,64.0,0.61
2017-04-15 03:50:00,20,8,12,0,63.3,0.77
2017-04-15 03:55:00,11,6,5,0,48.2,25.42
2017-04-15 04:00:00,17,8,9,0,67.5,0.61
2017-04-15 04:05:00,17,8,9,0,81.2,0.66
2017-04-15 04:10:00,19,13,6,0,67.5,0.68
2017-04-15 04:15:00,19,14,5,0,53.2,0.68
2017-04-15 04:20:00,23,13,10,0,70.0,0.82
2017-04-15 04:25:00,19,11,8,0,60.0,0.74
2017-04-15 04:30:00,18,10,8,0,58.8,0.71
2017-04-15 04:35:00,17,10,7,0,65.8,0.58
2017-04-15 04:40:00,31,21,10,0,69.8,1.16
2017-04-15 04:45:00,33,22,11,0,65.7,1.04
2017-04-15 04:50:00,18,12,6,0,64.6,0.76
2017-04-15 04:55:00,19,10,9,0,58.5,0.76
2017-04-15 05:00:00,15,7,8,0,78.8,0.49
2017-04-15 05:05:00,27,18,8,1,60.4,1.0
2017-04-15 05:10:00,16,5,11,0,70.9,0.68
2017-04-15 05:15:00,22,14,7,1,63.5,1.06
2017-04-15 05:20:00,23,16,7,0,63.5,0.91
2017-04-15 05:25:00,23,14,8,1,59.4,1.06
2017-04-15 05:30:00,32,24,8,0,59.4,1.35
2017-04-15 05:35:00,39,22,17,0,68.3,1.48
2017-04-15 05:40:00,36,29,7,0,65.0,1.27
2017-04-15 05:45:00,37,26,10,1,59.8,1.49
2017-04-15 05:50:00,35,22,10,3,64.3,1.35
2017-04-15 05:55:00,35,22,13,0,70.5,1.12
2017-04-15 06:00:00,35,21,14,0,65.4,1.15
2017-04-15 06:05:00,42,29,12,1,68.2,1.4
2017-04-15 06:10:00,49,34,13,2,68.2,1.56
2017-04-15 06:15:00,82,47,33,2,66.8,2.51
2017-04-15 06:20:00,43,31,12,0,70.5,1.37
2017-04-15 06:25:00,67,40,25,2,67.0,2.33
2017-04-15 06:30:00,79,51,28,0,68.3,2.31
2017-04-15 06:35:00,88,63,25,0,63.8,3.0
2017-04-15 06:40:00,74,54,17,3,63.4,2.44
2017-04-15 06:45:00,88,61,27,0,64.8,2.8
2017-04-15 06:50:00,71,47,23,1,65.2,2.31
2017-04-15 06:55:00,81,60,21,0,71.5,2.43
2017-04-15 07:00:00,80,59,20,1,69.2,2.36
2017-04-15 07:05:00,86,61,25,0,64.0,2.6
2017-04-15 07:10:00,62,50,11,1,69.9,1.85
2017-04-15 07:15:00,104,74,30,0,71.6,3.5
2017-04-15 07:20:00,72,49,22,1,66.9,2.37
2017-04-15 07:25:00,94,51,42,1,68.1,3.12
2017-04-15 07:30:00,88,33,53,2,66.4,3.55
2017-04-15 07:35:00,85,44,41,0,66.5,3.13
2017-04-15 07:40:00,81,35,44,2,70.3,2.77
2017-04-15 07:45:00,115,69,46,0,63.2,4.18
2017-04-15 07:50:00,100,55,41,4,67.8,3.62
2017-04-15 07:55:00,81,55,26,0,69.9,2.47
2017-04-15 08:00:00,90,68,22,0,72.8,2.83
2017-04-15 08:05:00,96,69,27,0,67.1,3.38
2017-04-15 08:10:00,100,77,23,0,68.3,3.19
2017-04-15 08:15:00,123,93,28,2,65.9,4.95
2017-04-15 08:20:00,108,70,35,3,63.3,5.25
2017-04-15 08:25:00,151,114,35,2,62.4,6.78
2017-04-15 08:30:00,126,92,34,0,67.8,4.21
2017-04-15 08:35:00,123,91,32,0,68.0,3.83
2017-04-15 08:40:00,148,113,34,1,64.5,5.75
2017-04-15 08:45:00,101,75,25,1,71.2,3.02
2017-04-15 08:50:00,151,114,37,0,64.5,4.73
2017-04-15 08:55:00,141,100,41,0,64.4,5.34
2017-04-15 09:00:00,132,92,40,0,61.7,6.29
2017-04-15 09:05:00,177,118,59,0,56.8,12.27
2017-04-15 09:10:00,143,109,33,1,61.2,5.17
2017-04-15 09:15:00,146,105,41,0,64.6,5.46
2017-04-15 09:20:00,140,92,48,0,60.8,5.08
2017-04-15 09:25:00,152,108,42,2,62.0,4.98
2017-04-15 09:30:00,177,131,46,0,64.8,5.79
2017-04-15 09:35:00,161,110,49,2,62.1,6.22
2017-04-15 09:40:00,150,112,37,1,64.7,4.73
2017-04-15 09:45:00,159,106,52,1,65.7,4.54
2017-04-15 09:50:00,168,110,58,0,65.7,6.01
2017-04-15 09:55:00,142,89,53,0,66.6,4.53
2017-04-15 10:00:00,148,89,58,1,66.0,4.51
2017-04-15 10:05:00,153,112,40,1,64.7,4.87
2017-04-15 10:10:00,144,91,53,0,64.7,5.14
2017-04-15 10:15:00,168,110,57,1,62.6,7.14
2017-04-15 10:20:00,148,103,44,1,63.6,5.55
2017-04-15 10:25:00,156,96,59,1,64.6,5.37
2017-04-15 10:30:00,160,106,52,2,60.6,5.17
2017-04-15 10:35:00,159,113,46,0,62.1,6.47
2017-04-15 10:40:00,167,93,70,4,56.3,10.85
2017-04-15 10:45:00,186,119,66,1,57.7,6.82
2017-04-15 10:50:00,146,98,47,1,64.5,4.36
2017-04-15 10:55:00,178,120,57,1,65.4,6.18
2017-04-15 11:00:00,189,127,60,2,60.6,8.11
2017-04-15 11:05:00,183,113,68,2,58.9,7.73
2017-04-15 11:10:00,166,117,48,1,61.4,6.3
2017-04-15 11:15:00,143,91,50,2,64.5,4.79
2017-04-15 11:20:00,168,108,60,0,61.3,5.93
2017-04-15 11:25:00,151,85,62,4,63.9,5.19
2017-04-15 11:30:00,175,115,60,0,60.4,7.14
2017-04-15 11:35:00,157,91,65,1,63.5,5.37
2017-04-15 11:40:00,174,110,64,0,57.1,8.23
2017-04-15 11:45:00,177,107,67,3,53.5,13.26
2017-04-15 11:50:00,181,106,70,5,57.0,8.53
2017-04-15 11:55:00,173,104,66,3,58.7,9.83
2017-04-15 12:00:00,177,101,74,2,57.6,8.23
2017-04-15 12:05:00,180,105,72,3,58.2,12.21
2017-04-15 12:10:00,195,115,80,0,60.8,8.28
2017-04-15 12:15:00,199,125,72,2,59.3,11.36
2017-04-15 12:20:00,169,103,66,0,61.1,7.79
2017-04-15 12:25:00,182,105,76,1,58.8,12.73
2017-04-15 12:30:00,185,123,60,2,52.2,19.61
2017-04-15 12:35:00,217,132,83,2,56.3,17.62
2017-04-15 12:40:00,175,96,78,1,59.8,9.49
2017-04-15 12:45:00,161,95,63,3,59.5,7.25
2017-04-15 12:50:00,196,120,74,2,58.2,10.86
2017-04-15 12:55:00,171,118,51,2,59.5,8.73
2017-04-15 13:00:00,181,104,76,1,56.9,13.37
2017-04-15 13:05:00,181,115,63,3,60.0,6.77
2017-04-15 13:10:00,172,109,62,1,56.2,12.45
2017-04-15 13:15:00,199,119,77,3,53.4,17.67
2017-04-15 13:20:00,190,123,65,2,54.1,18.51
2017-04-15 13:25:00,184,112,70,2,58.1,10.06
2017-04-15 13:30:00,185,118,67,0,55.0,16.69
2017-04-15 13:35:00,219,123,95,1,50.2,12.41
2017-04-15 13:40:00,216,125,86,5,52.1,16.61
2017-04-15 13:45:00,216,139,75,2,53.8,10.96
2017-04-15 13:50:00,199,124,74,1,55.1,10.15
2017-04-15 13:55:00,205,128,75,2,53.6,17.27
2017-04-15 14:00:00,186,121,65,0,52.6,16.21
2017-04-15 14:05:00,195,122,73,0,51.0,20.55
2017-04-15 14:10:00,208,131,76,1,53.7,17.03
2017-04-15 14:15:00,191,116,74,1,52.4,23.25
2017-04-15 14:20:00,194,111,83,0,49.6,16.97
2017-04-15 14:25:00,177,110,65,2,55.2,11.17
2017-04-15 14:30:00,203,119,82,2,49.1,17.23
2017-04-15 14:35:00,208,110,97,1,49.3,13.91
2017-04-15 14:40:00,197,125,70,2,47.8,19.45
2017-04-15 14:45:00,188,123,65,0,53.8,15.66
2017-04-15 14:50:00,193,119,72,2,54.7,10.58
2017-04-15 14:55:00,174,100,74,0,52.9,13.43
2017-04-15 15:00:00,201,125,76,0,54.1,10.73
2017-04-15 15:05:00,186,119,66,1,55.9,9.12
2017-04-15 15:10:00,183,118,63,2,53.7,9.98
2017-04-15 15:15:00,201,117,83,1,53.7,12.39
2017-04-15 15:20:00,176,97,75,4,51.8,11.21
2017-04-15 15:25:00,205,116,89,0,51.2,17.55
2017-04-15 15:30:00,195,109,85,1,51.2,14.18
2017-04-15 15:35:00,194,115,76,3,46.9,16.98
2017-04-15 15:40:00,175,100,73,2,48.0,23.11
2017-04-15 15:45:00,173,98,72,3,49.6,20.1
2017-04-15 15:50:00,181,120,61,0,52.3,21.7
2017-04-15 15:55:00,176,101,74,1,51.2,13.32
2017-04-15 16:00:00,181,109,71,1,54.4,10.15
2017-04-15 16:05:00,185,116,67,2,52.7,13.03
2017-04-15 16:10:00,207,129,76,2,48.6,21.26
2017-04-15 16:15:00,148,90,56,2,50.0,17.33
2017-04-15 16:20:00,209,119,88,2,41.1,26.33
2017-04-15 16:25:00,202,118,83,1,42.4,23.29
2017-04-15 16:30:00,235,141,92,2,41.2,27.44
2017-04-15 16:35:00,201,123,75,3,49.0,20.13
2017-04-15 16:40:00,204,128,72,4,44.4,23.69
2017-04-15 16:45:00,204,127,74,3,46.1,23.18
2017-04-15 16:50:00,200,131,65,4,47.8,15.99
2017-04-15 16:55:00,207,129,76,2,49.3,16.55
2017-04-15 17:00:00,208,134,72,2,48.4,26.75
2017-04-15 17:05:00,177,118,56,3,46.7,17.88
2017-04-15 17:10:00,182,130,51,1,48.0,20.92
2017-04-15 17:15:00,185,123,60,2,53.6,16.9
2017-04-15 17:20:00,165,102,60,3,53.4,14.32
2017-04-15 17:25:00,167,84,81,2,54.2,12.96
2017-04-15 17:30:00,173,120,51,2,51.1,16.48
2017-04-15 17:35:00,185,128,51,6,52.1,13.45
2017-04-15 17:40:00,160,113,42,5,50.9,11.65
2017-04-15 17:45:00,165,138,25,2,42.7,25.28
2017-04-15 17:50:00,168,126,39,3,51.2,13.35
2017-04-15 17:55:00,137,109,23,5,52.8,20.42
2017-04-15 18:00:00,133,111,21,1,52.8,13.62
2017-04-15 18:05:00,173,142,29,2,53.4,27.26
2017-04-15 18:10:00,183,155,26,2,51.0,14.46
2017-04-15 18:15:00,154,138,14,2,51.9,7.34
2017-04-15 18:20:00,184,161,22,1,54.3,7.37
2017-04-15 18:25:00,159,125,32,2,51.2,9.94
2017-04-15 18:30:00,179,140,38,1,53.5,12.83
2017-04-15 18:35:00,141,109,30,2,55.0,16.53
2017-04-15 18:40:00,150,115,34,1,54.5,12.7
2017-04-15 18:45:00,153,108,43,2,57.2,13.88
2017-04-15 18:50:00,169,122,45,2,53.3,14.76
2017-04-15 18:55:00,194,148,42,4,52.4,14.44
2017-04-15 19:00:00,153,102,46,5,54.9,10.61
2017-04-15 19:05:00,145,103,40,2,57.6,9.0
2017-04-15 19:10:00,159,115,42,2,54.7,12.34
2017-04-15 19:15:00,142,115,26,1,56.6,6.58
2017-04-15 19:20:00,149,128,19,2,56.7,8.87
2017-04-15 19:25:00,115,92,23,0,52.1,9.62
2017-04-15 19:30:00,113,80,32,1,54.3,13.1
2017-04-15 19:35:00,147,119,25,3,55.7,12.03
2017-04-15 19:40:00,138,110,28,0,53.9,11.9
2017-04-15 19:45:00,146,110,34,2,53.5,7.71
2017-04-15 19:50:00,142,112,29,1,52.4,10.48
2017-04-15 19:55:00,150,125,25,0,54.0,9.56
2017-04-15 20:00:00,131,100,31,0,57.1,9.37
2017-04-15 20:05:00,129,99,30,0,49.6,9.68
2017-04-15 20:10:00,138,106,30,2,57.9,8.98
2017-04-15 20:15:00,140,108,31,1,49.3,9.98
2017-04-15 20:20:00,125,91,32,2,55.3,11.49
2017-04-15 20:25:00,138,106,31,1,54.9,11.53
2017-04-15 20:30:00,152,122,28,2,55.1,9.91
2017-04-15 20:35:00,139,114,24,1,53.4,9.31
2017-04-15 20:40:00,138,109,27,2,55.7,9.71
2017-04-15 20:45:00,124,83,39,2,51.9,7.92
2017-04-15 20:50:00,101,76,25,0,54.5,5.29
2017-04-15 20:55:00,127,94,33,0,62.7,9.04
2017-04-15 21:00:00,128,103,25,0,58.0,9.31
2017-04-15 21:05:00,140,102,37,1,56.6,8.85
2017-04-15 21:10:00,134,98,35,1,60.9,7.66
2017-04-15 21:15:00,128,97,31,0,58.2,6.61
2017-04-15 21:20:00,126,83,42,1,60.3,5.93
2017-04-15 21:25:00,119,87,30,2,58.8,5.91
2017-04-15 21:30:00,110,74,35,1,57.5,5.56
2017-04-15 21:35:00,114,89,24,1,60.5,4.98
2017-04-15 21:40:00,134,95,39,0,58.3,9.59
2017-04-15 21:45:00,125,87,38,0,58.0,10.03
2017-04-15 21:50:00,111,84,26,1,56.9,6.82
2017-04-15 21:55:00,115,82,30,3,59.9,5.54
2017-04-15 22:00:00,111,76,34,1,60.6,4.96
2017-04-15 22:05:00,108,75,31,2,60.0,4.96
2017-04-15 22:10:00,95,64,31,0,61.6,3.78
2017-04-15 22:15:00,98,68,28,2,59.5,5.4
2017-04-15 22:20:00,100,76,22,2,58.1,6.05
2017-04-15 22:25:00,87,56,31,0,61.7,4.02
2017-04-15 22:30:00,70,49,21,0,62.4,2.95
2017-04-15 22:35:00,74,51,22,1,57.9,3.14
2017-04-15 22:40:00,65,42,22,1,61.7,2.59
2017-04-15 22:45:00,71,52,18,1,60.0,3.2
2017-04-15 22:50:00,57,40,17,0,58.6,2.65
2017-04-15 22:55:00,65,54,11,0,61.3,3.02
2017-04-15 23:00:00,56,38,18,0,60.0,2.49
2017-04-15 23:05:00,59,41,18,0,62.6,2.52
2017-04-15 23:10:00,73,42,31,0,62.9,3.05
2017-04-15 23:15:00,68,44,24,0,63.9,3.25
2017-04-15 23:20:00,51,35,16,0,67.2,2.28
2017-04-15 23:25:00,59,41,17,1,65.5,2.73
2017-04-15 23:30:00,49,34,14,1,63.3,2.04
2017-04-15 23:35:00,57,41,16,0,55.9,2.35
2017-04-15 23:40:00,43,27,15,1,61.8,1.84
2017-04-15 23:45:00,38,29,9,0,63.0,1.67
2017-04-15 23:50:00,29,17,12,0,67.0,1.21
2017-04-15 23:55:00,51,31,20,0,65.6,1.95
2017-04-16 00:00:00,48,27,21,0,64.9,2.03
2017-04-16 00:05:00,43,26,17,0,62.2,2.03
2017-04-16 00:10:00,38,20,17,1,68.8,1.6
2017-04-16 00:15:00,28,17,11,0,62.5,1.12
2017-04-16 00:20:00,36,22,14,0,59.9,1.36
2017-04-16 00:25:00,40,30,10,0,59.6,1.43
2017-04-16 00:30:00,35,21,14,0,64.5,1.41
2017-04-16 00:35:00,25,18,7,0,66.8,0.82
2017-04-16 00:40:00,24,15,9,0,64.8,0.92
2017-04-16 00:45:00,25,16,8,1,64.5,0.88
2017-04-16 00:50:00,29,14,15,0,68.1,1.11
2017-04-16 00:55:00,27,17,10,0,71.3,0.99
2017-04-16 01:00:00,20,17,3,0,63.5,0.76
2017-04-16 01:05:00,26,17,9,0,60.7,1.07
2017-04-16 01:10:00,27,17,10,0,70.9,0.92
2017-04-16 01:15:00,23,20,2,1,65.2,0.91
2017-04-16 01:20:00,21,12,9,0,60.8,0.84
2017-04-16 01:25:00,19,13,6,0,67.9,0.68
2017-04-16 01:30:00,17,13,4,0,70.6,0.78
2017-04-16 01:35:00,16,11,5,0,54.9,0.63
2017-04-16 01:40:00,19,13,6,0,61.3,0.72
2017-04-16 01:45:00,14,11,3,0,61.9,0.42
2017-04-16 01:50:00,9,6,3,0,71.2,0.28
2017-04-16 01:55:00,14,8,6,0,65.5,0.49
2017-04-16 02:00:00,19,14,5,0,63.9,0.74
2017-04-16 02:05:00,16,15,1,0,60.5,0.61
2017-04-16 02:10:00,17,12,5,0,75.2,0.48
2017-04-16 02:15:00,8,6,2,0,56.8,0.26
2017-04-16 02:20:00,12,7,5,0,64.0,0.4
2017-04-16 02:25:00,8,6,2,0,69.4,0.28
2017-04-16 02:30:00,9,4,5,0,59.3,0.3
2017-04-16 02:35:00,23,14,8,1,70.0,0.77
2017-04-16 02:40:00,11,7,4,0,57.7,0.5
2017-04-16 02:45:00,10,7,3,0,75.0,0.36
2017-04-16 02:50:00,10,7,3,0,86.1,0.34
2017-04-16 02:55:00,12,9,3,0,80.6,0.48
2017-04-16 03:00:00,11,10,1,0,54.1,0.39
2017-04-16 03:05:00,15,10,5,0,62.9,0.5
2017-04-16 03:10:00,17,9,8,0,55.8,0.67
2017-04-16 03:15:00,10,5,5,0,64.6,0.36
2017-04-16 03:20:00,9,7,2,0,70.0,0.31
2017-04-16 03:25:00,10,5,5,0,83.6,0.35
2017-04-16 03:30:00,7,5,2,0,59.9,0.35
2017-04-16 03:35:00,10,8,2,0,58.0,5.55
2017-04-16 03:40:00,10,9,1,0,59.8,0.41
2017-04-16 03:45:00,8,6,2,0,70.7,0.34
2017-04-16 03:50:00,5,4,1,0,57.8,0.17
2017-04-16 03:55:00,8,4,4,0,63.8,0.3
2017-04-16 04:00:00,8,5,3,0,79.5,0.26
2017-04-16 04:05:00,13,9,4,0,56.2,0.4
2017-04-16 04:10:00,12,10,2,0,62.5,0.45
2017-04-16 04:15:00,16,6,10,0,64.9,0.56
2017-04-16 04:20:00,12,8,4,0,65.0,0.48
2017-04-16 04:25:00,17,6,11,0,58.5,0.81
2017-04-16 04:30:00,17,12,5,0,59.5,0.62
2017-04-16 04:35:00,13,10,3,0,60.2,0.44
2017-04-16 04:40:00,16,11,5,0,69.9,0.54
2017-04-16 04:45:00,20,13,7,0,67.2,0.71
2017-04-16 04:50:00,13,8,5,0,51.1,0.44
2017-04-16 04:55:00,10,10,0,0,57.4,0.37
2017-04-16 05:00:00,11,9,2,0,48.7,0.32
2017-04-16 05:05:00,13,9,3,1,66.0,0.43
2017-04-16 05:10:00,17,12,5,0,61.0,0.73
2017-04-16 05:15:00,10,6,4,0,86.7,0.33
2017-04-16 05:20:00,27,15,11,1,65.6,1.07
2017-04-16 05:25:00,34,21,11,2,63.9,1.3
2017-04-16 05:30:00,31,22,9,0,54.6,1.43
2017-04-16 05:35:00,22,17,5,0,63.9,0.78
2017-04-16 05:40:00,20,14,6,0,62.2,0.7
2017-04-16 05:45:00,16,7,9,0,60.2,0.73
2017-04-16 05:50:00,24,16,8,0,67.4,0.81
2017-04-16 05:55:00,25,18,6,1,69.3,0.75
2017-04-16 06:00:00,17,10,7,0,59.7,0.68
2017-04-16 06:05:00,35,22,12,1,67.0,1.13
2017-04-16 06:10:00,32,24,8,0,64.6,0.96
2017-04-16 06:15:00,29,18,11,0,71.7,0.8
2017-04-16 06:20:00,31,15,13,3,66.5,1.27
2017-04-16 06:25:00,34,20,13,1,73.4,6.04
2017-04-16 06:30:00,36,23,13,0,61.2,1.1
2017-04-16 06:35:00,40,19,20,1,67.9,1.3
2017-04-16 06:40:00,49,29,19,1,63.7,1.68
2017-04-16 06:45:00,41,30,11,0,64.3,1.28
2017-04-16 06:50:00,43,26,17,0,73.3,1.31
2017-04-16 06:55:00,39,24,15,0,67.3,1.21
2017-04-16 07:00:00,47,37,9,1,65.4,1.49
2017-04-16 07:05:00,54,37,17,0,67.3,1.65
2017-04-16 07:10:00,46,22,24,0,65.7,1.5
2017-04-16 07:15:00,44,13,31,0,68.7,1.44
2017-04-16 07:20:00,70,27,42,1,64.7,2.44
2017-04-16 07:25:00,57,16,40,1,61.5,1.98
2017-04-16 07:30:00,71,26,44,1,61.4,2.6
2017-04-16 07:35:00,104,46,55,3,58.8,3.91
2017-04-16 07:40:00,109,61,48,0,59.3,8.76
2017-04-16 07:45:00,127,80,46,1,59.1,6.16
2017-04-16 07:50:00,133,93,39,1,55.0,10.61
2017-04-16 07:55:00,128,90,37,1,53.2,10.66
2017-04-16 08:00:00,130,84,46,0,57.8,5.9
2017-04-16 08:05:00,84,71,13,0,63.8,3.52
2017-04-16 08:10:00,113,89,23,1,65.0,3.67
2017-04-16 08:15:00,116,82,34,0,59.6,4.16
2017-04-16 08:20:00,122,79,43,0,59.3,4.52
2017-04-16 08:25:00,111,86,25,0,58.8,3.91
2017-04-16 08:30:00,113,84,27,2,63.1,3.57
2017-04-16 08:35:00,148,122,24,2,62.4,4.99
2017-04-16 08:40:00,144,109,34,1,62.1,4.72
2017-04-16 08:45:00,106,75,31,0,65.7,3.19
2017-04-16 08:50:00,105,85,20,0,68.6,3.3
2017-04-16 08:55:00,102,79,23,0,62.5,3.48
2017-04-16 09:00:00,98,71,25,2,62.7,3.14
2017-04-16 09:05:00,106,87,18,1,65.7,3.03
2017-04-16 09:10:00,109,86,23,0,65.4,3.35
2017-04-16 09:15:00,87,63,24,0,67.0,5.23
2017-04-16 09:20:00,101,71,30,0,62.3,3.15
2017-04-16 09:25:00,105,72,32,1,64.3,3.29
2017-04-16 09:30:00,120,82,37,1,62.4,4.14
2017-04-16 09:35:00,99,76,23,0,63.9,3.25
2017-04-16 09:40:00,115,81,34,0,63.6,3.35
2017-04-16 09:45:00,134,98,36,0,59.9,4.54
2017-04-16 09:50:00,106,67,37,2,59.3,3.83
2017-04-16 09:55:00,97,71,26,0,61.4,2.93
2017-04-16 10:00:00,118,78,38,2,65.3,3.71
2017-04-16 10:05:00,111,82,28,1,58.9,4.34
2017-04-16 10:10:00,117,84,33,0,62.5,3.81
2017-04-16 10:15:00,121,83,37,1,63.2,3.67
2017-04-16 10:20:00,139,98,38,3,60.9,4.46
2017-04-16 10:25:00,152,105,45,2,60.2,7.52
2017-04-16 10:30:00,166,127,38,1,58.4,7.0
2017-04-16 10:35:00,171,120,51,0,57.6,7.92
2017-04-16 10:40:00,183,133,50,0,55.5,8.43
2017-04-16 10:45:00,153,110,43,0,55.8,6.46
2017-04-16 10:50:00,99,66,33,0,60.2,4.26
2017-04-16 10:55:00,205,151,52,2,60.6,6.88
2017-04-16 11:00:00,159,107,52,0,57.5,5.56
2017-04-16 11:05:00,146,95,47,4,57.2,5.54
2017-04-16 11:10:00,146,95,49,2,63.6,4.24
2017-04-16 11:15:00,144,96,45,3,58.2,4.89
2017-04-16 11:20:00,138,92,44,2,58.1,4.47
2017-04-16 11:25:00,134,89,45,0,60.3,5.18
2017-04-16 11:30:00,120,74,45,1,65.1,3.69
2017-04-16 11:35:00,128,75,49,4,61.1,4.21
2017-04-16 11:40:00,119,82,36,1,63.5,3.71
2017-04-16 11:45:00,128,92,34,2,62.7,4.06
2017-04-16 11:50:00,135,94,41,0,60.6,4.33
2017-04-16 11:55:00,128,85,43,0,63.4,3.81
2017-04-16 12:00:00,123,86,37,0,62.4,3.72
2017-04-16 12:05:00,118,79,38,1,63.4,4.25
2017-04-16 12:10:00,116,76,39,1,61.9,3.83
2017-04-16 12:15:00,149,101,48,0,63.3,5.29
2017-04-16 12:20:00,148,100,48,0,55.2,6.84
2017-04-16 12:25:00,140,97,42,1,63.7,4.22
2017-04-16 12:30:00,164,113,50,1,57.6,6.13
2017-04-16 12:35:00,156,112,43,1,56.7,7.46
2017-04-16 12:40:00,179,118,61,0,57.5,9.28
2017-04-16 12:45:00,167,107,57,3,58.1,8.6
2017-04-16 12:50:00,204,142,60,2,57.0,9.02
2017-04-16 12:55:00,170,119,51,0,59.3,6.75
2017-04-16 13:00:00,168,103,64,1,56.8,7.14
2017-04-16 13:05:00,191,137,53,1,55.9,9.55
2017-04-16 13:10:00,183,123,59,1,57.8,10.12
2017-04-16 13:15:00,153,98,53,2,60.6,6.05
2017-04-16 13:20:00,190,123,67,0,58.1,6.45
2017-04-16 13:25:00,164,108,53,3,57.0,7.37
2017-04-16 13:30:00,190,120,70,0,59.4,8.51
2017-04-16 13:35:00,181,113,67,1,57.0,11.8
2017-04-16 13:40:00,179,117,61,1,53.6,8.06
2017-04-16 13:45:00,178,115,62,1,53.7,8.99
2017-04-16 13:50:00,177,112,63,2,54.6,7.41
2017-04-16 13:55:00,175,121,52,2,57.2,6.87
2017-04-16 14:00:00,167,104,61,2,55.7,7.86
2017-04-16 14:05:00,179,123,55,1,56.7,8.43
2017-04-16 14:10:00,183,122,60,1,54.4,9.23
2017-04-16 14:15:00,180,104,75,1,51.6,9.54
2017-04-16 14:20:00,174,114,58,2,54.5,9.27
2017-04-16 14:25:00,204,116,88,0,53.0,11.68
2017-04-16 14:30:00,184,125,58,1,53.6,9.52
2017-04-16 14:35:00,179,109,70,0,55.2,8.05
2017-04-16 14:40:00,183,123,60,0,54.6,10.87
2017-04-16 14:45:00,194,123,71,0,52.5,11.37
2017-04-16 14:50:00,123,77,45,1,52.4,31.73
2017-04-16 14:55:00,145,90,55,0,52.7,7.93
2017-04-16 15:00:00,174,99,75,0,53.5,10.2
2017-04-16 15:05:00,159,91,68,0,52.9,7.0
2017-04-16 15:10:00,178,107,68,3,50.2,9.94
2017-04-16 15:15:00,180,103,75,2,51.6,10.99
2017-04-16 15:20:00,166,92,73,1,53.1,9.47
2017-04-16 15:25:00,173,101,71,1,54.7,9.18
2017-04-16 15:30:00,176,104,72,0,51.6,9.3
2017-04-16 15:35:00,182,103,73,6,50.4,9.15
2017-04-16 15:40:00,162,91,71,0,47.8,14.31
2017-04-16 15:45:00,196,125,71,0,47.4,16.41
2017-04-16 15:50:00,166,96,70,0,51.5,8.8
2017-04-16 15:55:00,165,92,70,3,49.5,11.47
2017-04-16 16:00:00,173,98,71,4,46.7,11.53
2017-04-16 16:05:00,147,96,49,2,52.6,8.83
2017-04-16 16:10:00,160,100,59,1,53.1,8.4
2017-04-16 16:15:00,153,93,58,2,51.5,6.89
2017-04-16 16:20:00,182,128,53,1,49.0,11.89
2017-04-16 16:25:00,166,110,56,0,47.4,9.96
2017-04-16 16:30:00,174,102,72,0,51.9,9.36
2017-04-16 16:35:00,161,108,51,2,49.9,10.59
2017-04-16 16:40:00,171,140,30,1,51.5,9.0
2017-04-16 16:45:00,150,98,52,0,54.8,7.69
2017-04-16 16:50:00,187,111,74,2,52.6,11.14
2017-04-16 16:55:00,169,112,56,1,53.4,10.72
2017-04-16 17:00:00,174,127,45,2,50.0,11.88
2017-04-16 17:05:00,174,122,49,3,51.8,10.9
2017-04-16 17:10:00,175,127,45,3,47.7,13.25
2017-04-16 17:15:00,166,127,36,3,56.3,9.26
2017-04-16 17:20:00,166,112,52,2,56.3,9.79
2017-04-16 17:25:00,171,112,58,1,54.0,10.59
2017-04-16 17:30:00,145,110,35,0,52.5,8.22
2017-04-16 17:35:00,161,124,33,4,53.7,9.44
2017-04-16 17:40:00,164,142,22,0,53.3,8.64
2017-04-16 17:45:00,136,119,15,2,54.3,7.49
2017-04-16 17:50:00,158,131,24,3,53.9,9.48
2017-04-16 17:55:00,142,111,29,2,53.7,8.53
2017-04-16 18:00:00,134,109,24,1,55.6,5.78
2017-04-16 18:05:00,170,137,32,1,55.7,8.38
2017-04-16 18:10:00,152,128,21,3,54.5,7.3
2017-04-16 18:15:00,168,142,26,0,54.5,6.07
2017-04-16 18:20:00,159,125,33,1,55.0,6.51
2017-04-16 18:25:00,143,111,32,0,55.6,9.76
2017-04-16 18:30:00,149,103,46,0,54.8,8.61
2017-04-16 18:35:00,139,112,26,1,53.8,8.64
2017-04-16 18:40:00,138,102,32,4,52.4,9.11
2017-04-16 18:45:00,133,95,38,0,55.7,7.66
2017-04-16 18:50:00,153,110,41,2,57.4,7.46
2017-04-16 18:55:00,138,85,53,0,54.6,7.54
2017-04-16 19:00:00,126,89,36,1,55.7,6.08
2017-04-16 19:05:00,127,91,36,0,56.7,5.57
2017-04-16 19:10:00,152,108,44,0,58.5,8.07
2017-04-16 19:15:00,160,134,22,4,56.9,8.3
2017-04-16 19:20:00,142,112,30,0,57.7,6.86
2017-04-16 19:25:00,118,95,23,0,54.1,6.33
2017-04-16 19:30:00,127,94,33,0,60.1,6.37
2017-04-16 19:35:00,139,108,29,2,51.9,9.33
2017-04-16 19:40:00,113,75,38,0,53.1,8.9
2017-04-16 19:45:00,137,94,43,0,57.3,7.93
2017-04-16 19:50:00,148,107,41,0,55.4,7.92
2017-04-16 19:55:00,127,92,33,2,57.8,6.56
2017-04-16 20:00:00,123,90,32,1,55.1,7.42
2017-04-16 20:05:00,108,74,34,0,60.5,6.41
2017-04-16 20:10:00,110,79,30,1,56.0,6.32
2017-04-16 20:15:00,130,96,34,0,56.1,7.4
2017-04-16 20:20:00,126,100,26,0,56.8,7.92
2017-04-16 20:25:00,146,105,40,1,55.0,12.99
2017-04-16 20:30:00,100,74,25,1,60.0,4.91
2017-04-16 20:35:00,133,97,36,0,60.0,10.82
2017-04-16 20:40:00,112,81,31,0,58.1,6.63
2017-04-16 20:45:00,103,69,33,1,55.5,5.69
2017-04-16 20:50:00,104,74,30,0,58.0,5.3
2017-04-16 20:55:00,159,124,35,0,54.3,10.06
2017-04-16 21:00:00,153,125,28,0,59.1,9.98
2017-04-16 21:05:00,115,80,34,1,54.2,6.82
2017-04-16 21:10:00,95,71,24,0,58.1,5.55
2017-04-16 21:15:00,107,80,27,0,59.6,4.88
2017-04-16 21:20:00,106,71,35,0,59.7,4.51
2017-04-16 21:25:00,93,64,29,0,64.2,4.29
2017-04-16 21:30:00,88,53,35,0,64.5,3.76
2017-04-16 21:35:00,80,48,32,0,57.7,4.35
2017-04-16 21:40:00,93,67,26,0,59.2,5.1
2017-04-16 21:45:00,141,98,40,3,60.1,8.57
2017-04-16 21:50:00,94,66,28,0,61.0,5.23
2017-04-16 21:55:00,83,62,20,1,60.5,4.7
2017-04-16 22:00:00,76,46,29,1,67.9,3.72
2017-04-16 22:05:00,76,49,27,0,58.9,3.86
2017-04-16 22:10:00,76,54,21,1,64.0,3.07
2017-04-16 22:15:00,81,54,27,0,59.0,3.82
2017-04-16 22:20:00,62,43,16,3,55.3,4.19
2017-04-16 22:25:00,60,37,23,0,62.0,3.28
2017-04-16 22:30:00,63,38,25,0,62.0,2.98
2017-04-16 22:35:00,47,29,18,0,60.2,1.92
2017-04-16 22:40:00,63,39,24,0,59.9,2.55
2017-04-16 22:45:00,46,29,17,0,65.3,1.89
2017-04-16 22:50:00,46,22,24,0,64.3,1.89
2017-04-16 22:55:00,67,46,20,1,60.4,2.71
2017-04-16 23:00:00,53,35,18,0,60.2,3.42
2017-04-16 23:05:00,47,32,15,0,57.2,1.81
2017-04-16 23:10:00,55,33,22,0,62.9,2.5
2017-04-16 23:15:00,46,28,18,0,65.5,1.58
2017-04-16 23:20:00,48,33,15,0,64.5,1.94
2017-04-16 23:25:00,34,19,15,0,68.0,1.34
2017-04-16 23:30:00,41,28,13,0,66.4,1.89
2017-04-16 23:35:00,27,14,13,0,56.7,1.13
2017-04-16 23:40:00,36,21,15,0,62.6,1.38
2017-04-16 23:45:00,28,15,13,0,70.6,1.41
2017-04-16 23:50:00,22,10,12,0,63.2,0.71
2017-04-16 23:55:00,30,20,10,0,65.6,1.22
2017-04-17 00:00:00,31,17,14,0,71.7,1.27
2017-04-17 00:05:00,33,21,12,0,73.4,1.11
2017-04-17 00:10:00,28,18,10,0,62.7,1.19
2017-04-17 00:15:00,29,15,14,0,62.9,1.0
2017-04-17 00:20:00,31,15,16,0,60.0,1.31
2017-04-17 00:25:00,19,11,8,0,60.9,0.63
2017-04-17 00:30:00,18,13,5,0,69.5,0.51
2017-04-17 00:35:00,21,14,7,0,58.2,0.9
2017-04-17 00:40:00,17,12,5,0,59.7,0.87
2017-04-17 00:45:00,13,8,5,0,62.6,0.38
2017-04-17 00:50:00,13,8,5,0,58.7,0.4
2017-04-17 00:55:00,12,9,3,0,67.0,0.46
2017-04-17 01:00:00,12,9,3,0,73.7,0.36
2017-04-17 01:05:00,11,8,3,0,54.6,0.42
2017-04-17 01:10:00,17,11,6,0,64.6,0.6
2017-04-17 01:15:00,11,3,8,0,59.8,0.41
2017-04-17 01:20:00,17,9,8,0,63.1,0.66
2017-04-17 01:25:00,12,7,5,0,52.9,0.51
2017-04-17 01:30:00,14,8,6,0,59.9,0.41
2017-04-17 01:35:00,10,8,2,0,54.4,0.35
2017-04-17 01:40:00,15,8,7,0,61.9,0.61
2017-04-17 01:45:00,12,6,5,1,63.8,0.42
2017-04-17 01:50:00,9,5,4,0,64.5,0.27
2017-04-17 01:55:00,6,3,3,0,61.0,3.09
2017-04-17 02:00:00,8,6,2,0,57.7,0.29
2017-04-17 02:05:00,19,9,10,0,68.8,0.65
2017-04-17 02:10:00,15,9,5,1,64.6,0.58
2017-04-17 02:15:00,9,5,4,0,59.0,0.41
2017-04-17 02:20:00,11,8,3,0,58.9,0.4
2017-04-17 02:25:00,11,5,6,0,62.7,0.76
2017-04-17 02:30:00,8,4,4,0,52.7,25.3
2017-04-17 02:35:00,9,7,2,0,54.5,0.4
2017-04-17 02:40:00,7,3,4,0,59.0,0.2
2017-04-17 02:45:00,8,6,2,0,71.1,0.24
2017-04-17 02:50:00,12,8,4,0,67.3,0.42
2017-04-17 02:55:00,13,5,8,0,65.3,0.39
2017-04-17 03:00:00,15,8,7,0,50.1,22.47
2017-04-17 03:05:00,10,6,4,0,66.5,0.37
2017-04-17 03:10:00,9,5,4,0,51.5,0.34
2017-04-17 03:15:00,13,8,5,0,62.1,0.51
2017-04-17 03:20:00,11,6,5,0,55.7,0.46
2017-04-17 03:25:00,13,6,7,0,70.8,0.46
2017-04-17 03:30:00,11,7,4,0,61.3,0.36
2017-04-17 03:35:00,16,9,7,0,62.5,0.53
2017-04-17 03:40:00,8,3,5,0,66.7,0.36
2017-04-17 03:45:00,15,6,8,1,65.3,0.73
2017-04-17 03:50:00,16,12,3,1,62.5,11.44
2017-04-17 03:55:00,11,10,1,0,63.7,0.37
2017-04-17 04:00:00,15,8,7,0,67.1,0.53
2017-04-17 04:05:00,12,10,2,0,50.8,0.49
2017-04-17 04:10:00,11,8,3,0,43.0,1.0
2017-04-17 04:15:00,9,4,5,0,53.9,0.83
2017-04-17 04:20:00,9,8,1,0,39.5,0.86
2017-04-17 04:25:00,13,10,3,0,45.3,1.01
2017-04-17 04:30:00,14,6,8,0,43.0,1.23
2017-04-17 04:35:00,18,14,3,1,66.2,0.67
2017-04-17 04:40:00,17,11,6,0,64.7,0.62
2017-04-17 04:45:00,28,19,9,0,61.0,0.94
2017-04-17 04:50:00,11,6,5,0,66.8,0.34
2017-04-17 04:55:00,17,8,9,0,62.4,0.59
2017-04-17 05:00:00,22,13,9,0,74.5,0.89
2017-04-17 05:05:00,28,16,12,0,61.8,1.3
2017-04-17 05:10:00,20,11,9,0,63.1,0.79
2017-04-17 05:15:00,27,14,13,0,66.4,1.14
2017-04-17 05:20:00,23,15,8,0,62.5,0.86
2017-04-17 05:25:00,16,13,3,0,69.3,0.59
2017-04-17 05:30:00,35,20,15,0,58.2,1.36
2017-04-17 05:35:00,42,28,14,0,63.3,1.77
2017-04-17 05:40:00,23,16,7,0,63.7,21.82
2017-04-17 05:45:00,41,31,9,1,72.6,1.82
2017-04-17 05:50:00,41,28,13,0,61.0,1.43
2017-04-17 05:55:00,33,19,14,0,69.6,1.26
2017-04-17 06:00:00,40,24,16,0,64.6,1.48
2017-04-17 06:05:00,58,37,21,0,65.8,2.08
2017-04-17 06:10:00,57,33,23,1,69.4,1.75
2017-04-17 06:15:00,76,52,23,1,70.4,2.33
2017-04-17 06:20:00,65,39,25,1,68.8,2.36
2017-04-17 06:25:00,76,42,33,1,68.1,2.26
2017-04-17 06:30:00,82,53,29,0,71.8,2.53
2017-04-17 06:35:00,82,56,25,1,66.7,2.84
2017-04-17 06:40:00,93,62,30,1,62.3,3.34
2017-04-17 06:45:00,102,65,36,1,62.9,3.28
2017-04-17 06:50:00,94,58,33,3,67.2,2.91
2017-04-17 06:55:00,113,63,49,1,67.5,4.94
2017-04-17 07:00:00,125,82,43,0,65.6,4.78
2017-04-17 07:05:00,122,79,43,0,69.1,3.84
2017-04-17 07:10:00,125,85,35,5,70.3,3.89
2017-04-17 07:15:00,169,111,55,3,61.9,9.81
2017-04-17 07:20:00,166,108,57,1,67.0,6.18
2017-04-17 07:25:00,139,92,45,2,63.6,10.98
2017-04-17 07:30:00,166,116,48,2,61.0,7.79
2017-04-17 07:35:00,153,89,64,0,65.0,6.22
2017-04-17 07:40:00,161,113,46,2,63.0,7.75
2017-04-17 07:45:00,152,100,52,0,66.1,4.82
2017-04-17 07:50:00,147,106,39,2,69.9,4.64
2017-04-17 07:55:00,181,108,72,1,60.5,8.93
2017-04-17 08:00:00,190,126,62,2,57.0,11.13
2017-04-17 08:05:00,170,112,58,0,54.3,8.78
2017-04-17 08:10:00,166,118,48,0,61.8,7.16
2017-04-17 08:15:00,152,106,46,0,58.5,17.23
2017-04-17 08:20:00,172,126,44,2,53.3,13.19
2017-04-17 08:25:00,184,127,55,2,50.9,15.72
2017-04-17 08:30:00,186,139,47,0,57.6,13.08
2017-04-17 08:35:00,180,138,42,0,55.3,10.42
2017-04-17 08:40:00,198,150,46,2,49.0,23.3
2017-04-17 08:45:00,198,146,51,1,51.8,22.75
2017-04-17 08:50:00,172,113,58,1,51.7,23.52
2017-04-17 08:55:00,173,114,55,4,58.0,11.04
2017-04-17 09:00:00,161,122,38,1,55.4,9.35
2017-04-17 09:05:00,142,106,35,1,58.1,12.26
2017-04-17 09:10:00,158,118,39,1,59.8,8.87
2017-04-17 09:15:00,128,91,37,0,60.2,6.01
2017-04-17 09:20:00,139,86,49,4,62.0,5.94
2017-04-17 09:25:00,158,114,43,1,59.6,7.61
2017-04-17 09:30:00,163,121,40,2,58.7,7.95
2017-04-17 09:35:00,156,112,43,1,53.7,15.44
2017-04-17 09:40:00,154,107,45,2,60.6,7.18
2017-04-17 09:45:00,151,105,44,2,55.4,8.94
2017-04-17 09:50:00,166,118,45,3,56.3,10.38
2017-04-17 09:55:00,156,109,45,2,58.8,8.34
2017-04-17 10:00:00,145,92,51,2,57.5,7.93
2017-04-17 10:05:00,110,80,28,2,55.2,5.15
2017-04-17 10:10:00,123,88,32,3,59.7,5.99
2017-04-17 10:15:00,149,102,45,2,56.3,8.81
2017-04-17 10:20:00,145,94,50,1,56.7,8.32
2017-04-17 10:25:00,118,90,27,1,58.1,5.25
2017-04-17 10:30:00,125,83,38,4,62.2,5.5
2017-04-17 10:35:00,143,113,27,3,59.0,7.02
2017-04-17 10:40:00,118,76,42,0,54.8,6.59
2017-04-17 10:45:00,111,72,38,1,58.2,5.09
2017-04-17 10:50:00,121,94,25,2,57.2,6.47
2017-04-17 10:55:00,124,93,31,0,60.4,5.93
2017-04-17 11:00:00,112,82,30,0,62.8,5.99
2017-04-17 11:05:00,103,78,25,0,59.2,4.26
2017-04-17 11:10:00,126,86,39,1,58.5,5.34
2017-04-17 11:15:00,127,99,28,0,60.4,5.58
2017-04-17 11:20:00,137,98,37,2,59.5,6.36
2017-04-17 11:25:00,118,83,35,0,56.8,5.68
2017-04-17 11:30:00,115,87,26,2,56.1,4.61
2017-04-17 11:35:00,108,82,25,1,59.4,4.93
2017-04-17 11:40:00,135,101,32,2,54.6,6.67
2017-04-17 11:45:00,134,97,37,0,56.7,6.17
2017-04-17 11:50:00,126,99,26,1,58.4,5.37
2017-04-17 11:55:00,116,80,34,2,59.3,4.47
2017-04-17 12:00:00,113,84,27,2,59.9,5.98
2017-04-17 12:05:00,138,113,24,1,58.9,7.7
2017-04-17 12:10:00,122,98,21,3,57.8,5.67
2017-04-17 12:15:00,108,86,22,0,60.4,4.13
2017-04-17 12:20:00,110,80,27,3,55.9,6.2
2017-04-17 12:25:00,114,78,36,0,55.9,5.82
2017-04-17 12:30:00,113,80,32,1,57.6,6.15
2017-04-17 12:35:00,108,85,22,1,59.1,5.39
2017-04-17 12:40:00,110,83,25,2,58.1,5.83
2017-04-17 12:45:00,103,79,23,1,59.7,4.62
2017-04-17 12:50:00,122,93,28,1,57.3,5.86
2017-04-17 12:55:00,109,89,19,1,57.5,5.06
2017-04-17 13:00:00,125,105,19,1,56.1,6.6
2017-04-17 13:05:00,123,89,31,3,60.9,5.91
2017-04-17 13:10:00,131,102,26,3,53.6,6.71
2017-04-17 13:15:00,115,89,23,3,59.3,4.92
2017-04-17 13:20:00,122,92,29,1,59.4,4.9
2017-04-17 13:25:00,151,120,29,2,55.7,7.72
2017-04-17 13:30:00,121,91,28,2,58.4,5.39
2017-04-17 13:35:00,113,84,29,0,58.8,6.15
2017-04-17 13:40:00,122,95,27,0,60.9,6.19
2017-04-17 13:45:00,138,110,28,0,57.5,7.0
2017-04-17 13:50:00,150,117,33,0,58.3,7.59
2017-04-17 13:55:00,129,98,29,2,59.5,7.17
2017-04-17 14:00:00,118,90,27,1,55.8,6.49
2017-04-17 14:05:00,122,93,28,1,61.5,5.22
2017-04-17 14:10:00,132,105,25,2,56.6,6.78
2017-04-17 14:15:00,120,91,29,0,61.1,5.15
2017-04-17 14:20:00,156,129,26,1,59.3,7.95
2017-04-17 14:25:00,131,100,30,1,55.4,7.03
2017-04-17 14:30:00,136,105,31,0,55.6,7.6
2017-04-17 14:35:00,138,107,30,1,57.2,7.36
2017-04-17 14:40:00,129,94,35,0,53.3,5.29
2017-04-17 14:45:00,136,105,27,4,59.0,8.07
2017-04-17 14:50:00,126,93,31,2,57.5,6.64
2017-04-17 14:55:00,158,108,48,2,58.8,8.93
2017-04-17 15:00:00,123,94,28,1,53.1,7.02
2017-04-17 15:05:00,146,111,34,1,55.1,7.33
2017-04-17 15:10:00,150,112,35,3,58.1,6.55
2017-04-17 15:15:00,142,105,32,5,55.6,7.43
2017-04-17 15:20:00,126,97,29,0,57.7,7.8
2017-04-17 15:25:00,145,107,38,0,62.6,6.5
2017-04-17 15:30:00,134,108,26,0,60.6,7.51
2017-04-17 15:35:00,146,107,36,3,59.6,6.62
2017-04-17 15:40:00,159,126,32,1,59.6,8.88
2017-04-17 15:45:00,135,111,24,0,59.7,6.42
2017-04-17 15:50:00,127,93,34,0,58.3,6.39
2017-04-17 15:55:00,138,106,32,0,58.3,6.1
2017-04-17 16:00:00,143,97,42,4,59.2,8.04
2017-04-17 16:05:00,144,114,30,0,58.0,7.51
2017-04-17 16:10:00,140,106,34,0,59.8,5.76
2017-04-17 16:15:00,140,106,32,2,61.9,6.02
2017-04-17 16:20:00,142,110,32,0,64.0,6.87
2017-04-17 16:25:00,101,83,18,0,58.0,5.59
2017-04-17 16:30:00,146,104,40,2,58.1,7.63
2017-04-17 16:35:00,160,120,40,0,59.0,7.71
2017-04-17 16:40:00,129,97,30,2,64.0,5.41
2017-04-17 16:45:00,140,89,51,0,63.5,5.53
2017-04-17 16:50:00,133,88,43,2,61.9,6.73
2017-04-17 16:55:00,150,115,33,2,64.1,7.42
2017-04-17 17:00:00,104,77,27,0,60.1,22.31
2017-04-17 17:05:00,113,78,33,2,57.0,6.15
2017-04-17 17:10:00,167,127,38,2,51.1,18.42
2017-04-17 17:15:00,164,113,42,9,53.8,14.32
2017-04-17 17:20:00,134,93,39,2,57.7,10.05
2017-04-17 17:25:00,129,85,43,1,59.1,7.59
2017-04-17 17:30:00,132,82,49,1,64.2,10.82
2017-04-17 17:35:00,164,111,52,1,60.8,7.74
2017-04-17 17:40:00,148,107,40,1,57.6,6.79
2017-04-17 17:45:00,184,135,44,5,50.2,15.91
2017-04-17 17:50:00,181,132,44,5,55.9,19.13
2017-04-17 17:55:00,160,128,29,3,55.8,22.04
2017-04-17 18:00:00,134,113,19,2,39.9,44.51
2017-04-17 18:05:00,145,108,30,7,56.3,46.09
2017-04-17 18:10:00,215,163,50,2,49.5,22.23
2017-04-17 18:15:00,223,173,49,1,50.1,14.33
2017-04-17 18:20:00,200,149,51,0,55.5,12.73
2017-04-17 18:25:00,210,157,52,1,54.0,13.61
2017-04-17 18:30:00,175,135,39,1,55.1,13.97
2017-04-17 18:35:00,165,119,44,2,54.6,28.08
2017-04-17 18:40:00,157,128,29,0,56.8,12.27
2017-04-17 18:45:00,120,80,39,1,60.1,17.22
2017-04-17 18:50:00,117,92,25,0,62.3,9.65
2017-04-17 18:55:00,170,140,29,1,59.5,9.42
2017-04-17 19:00:00,152,113,39,0,60.5,6.42
2017-04-17 19:05:00,153,120,32,1,59.4,7.07
2017-04-17 19:10:00,138,107,28,3,55.7,7.67
2017-04-17 19:15:00,136,110,22,4,56.0,6.21
2017-04-17 19:20:00,130,108,21,1,61.3,6.38
2017-04-17 19:25:00,141,106,35,0,61.1,8.55
2017-04-17 19:30:00,114,84,29,1,58.5,15.39
2017-04-17 19:35:00,139,101,38,0,57.6,9.98
2017-04-17 19:40:00,146,107,38,1,53.4,11.48
2017-04-17 19:45:00,118,81,36,1,63.6,6.47
2017-04-17 19:50:00,104,79,25,0,61.5,5.01
2017-04-17 19:55:00,122,92,30,0,67.0,5.18
2017-04-17 20:00:00,112,77,34,1,56.9,6.5
2017-04-17 20:05:00,100,74,26,0,59.5,5.67
2017-04-17 20:10:00,86,56,29,1,62.3,4.98
2017-04-17 20:15:00,105,80,24,1,59.1,7.22
2017-04-17 20:20:00,131,94,36,1,53.8,10.42
2017-04-17 20:25:00,123,96,27,0,57.8,11.42
2017-04-17 20:30:00,94,66,28,0,68.8,4.61
2017-04-17 20:35:00,111,91,19,1,63.6,5.79
2017-04-17 20:40:00,108,85,22,1,60.6,5.36
2017-04-17 20:45:00,110,86,23,1,61.0,5.81
2017-04-17 20:50:00,115,83,31,1,61.3,7.12
2017-04-17 20:55:00,98,77,20,1,62.2,4.63
2017-04-17 21:00:00,96,76,19,1,57.0,5.91
2017-04-17 21:05:00,103,71,32,0,58.1,9.63
2017-04-17 21:10:00,124,95,29,0,63.3,6.01
2017-04-17 21:15:00,106,77,29,0,64.9,5.12
2017-04-17 21:20:00,119,87,31,1,65.1,5.61
2017-04-17 21:25:00,112,90,22,0,64.3,4.79
2017-04-17 21:30:00,111,89,21,1,63.3,5.27
2017-04-17 21:35:00,103,81,22,0,59.2,5.62
2017-04-17 21:40:00,112,81,31,0,57.6,9.3
2017-04-17 21:45:00,147,115,31,1,60.9,10.55
2017-04-17 21:50:00,106,82,24,0,59.8,5.53
2017-04-17 21:55:00,107,75,32,0,63.9,4.99
2017-04-17 22:00:00,100,77,23,0,63.5,4.72
2017-04-17 22:05:00,104,80,24,0,59.3,4.93
2017-04-17 22:10:00,121,99,21,1,58.5,7.52
2017-04-17 22:15:00,100,70,28,2,64.9,5.15
2017-04-17 22:20:00,81,58,23,0,62.6,5.25
2017-04-17 22:25:00,97,72,24,1,61.3,4.92
2017-04-17 22:30:00,76,50,26,0,66.7,3.67
2017-04-17 22:35:00,74,55,17,2,67.5,2.99
2017-04-17 22:40:00,85,62,22,1,63.2,4.55
2017-04-17 22:45:00,78,57,21,0,68.5,2.64
2017-04-17 22:50:00,54,42,12,0,64.5,2.14
2017-04-17 22:55:00,65,40,25,0,74.5,2.44
2017-04-17 23:00:00,52,35,16,1,66.5,2.34
2017-04-17 23:05:00,71,47,24,0,59.7,4.42
2017-04-17 23:10:00,71,54,16,1,61.7,3.56
2017-04-17 23:15:00,52,37,15,0,66.0,1.98
2017-04-17 23:20:00,42,29,13,0,59.5,1.54
2017-04-17 23:25:00,53,28,24,1,64.3,2.53
2017-04-17 23:30:00,61,44,17,0,68.3,2.41
2017-04-17 23:35:00,49,32,17,0,63.5,2.26
2017-04-17 23:40:00,38,19,19,0,71.0,1.46
2017-04-17 23:45:00,37,27,10,0,64.8,1.64
2017-04-17 23:50:00,43,26,17,0,61.8,1.73
2017-04-17 23:55:00,39,28,11,0,71.1,1.54
2017-04-18 00:00:00,37,22,15,0,74.3,1.24
2017-04-18 00:05:00,33,17,16,0,62.0,1.1
2017-04-18 00:10:00,40,28,12,0,72.8,1.81
2017-04-18 00:15:00,38,21,17,0,69.4,1.62
2017-04-18 00:20:00,30,24,6,0,61.6,1.07
2017-04-18 00:25:00,23,13,9,1,62.7,0.9
2017-04-18 00:30:00,29,16,12,1,61.8,1.05
2017-04-18 00:35:00,31,18,12,1,65.0,1.09
2017-04-18 00:40:00,17,11,6,0,78.9,0.57
2017-04-18 00:45:00,20,18,2,0,69.1,0.74
2017-04-18 00:50:00,20,12,8,0,78.6,0.66
2017-04-18 00:55:00,17,12,5,0,62.2,0.7
2017-04-18 01:00:00,27,16,11,0,67.7,0.98
2017-04-18 01:05:00,19,10,9,0,65.3,0.7
2017-04-18 01:10:00,17,13,4,0,62.7,0.62
2017-04-18 01:15:00,19,13,5,1,66.2,0.66
2017-04-18 01:20:00,20,13,7,0,53.6,8.29
2017-04-18 01:25:00,15,12,3,0,63.2,0.56
2017-04-18 01:30:00,15,8,7,0,55.6,0.62
2017-04-18 01:35:00,12,11,1,0,43.6,1.03
2017-04-18 01:40:00,13,7,6,0,51.6,1.1
2017-04-18 01:45:00,15,11,4,0,49.0,1.06
2017-04-18 01:50:00,12,8,4,0,49.9,1.02
2017-04-18 01:55:00,19,12,7,0,61.1,0.67
2017-04-18 02:00:00,10,8,1,1,58.8,0.42
2017-04-18 02:05:00,19,13,6,0,46.7,1.01
2017-04-18 02:10:00,14,10,4,0,73.6,0.42
2017-04-18 02:15:00,13,9,4,0,50.6,0.62
2017-04-18 02:20:00,16,11,4,1,59.5,0.63
2017-04-18 02:25:00,16,14,2,0,83.2,0.53
2017-04-18 02:30:00,12,9,3,0,61.6,3.39
2017-04-18 02:35:00,15,9,6,0,58.6,0.58
2017-04-18 02:40:00,6,3,3,0,70.1,0.19
2017-04-18 02:45:00,15,10,4,1,58.8,0.65
2017-04-18 02:50:00,13,9,4,0,60.1,0.47
2017-04-18 02:55:00,10,8,2,0,58.2,0.43
2017-04-18 03:00:00,11,9,2,0,74.9,0.41
2017-04-18 03:05:00,19,7,10,2,74.8,0.74
2017-04-18 03:10:00,11,10,1,0,61.5,0.61
2017-04-18 03:15:00,20,14,6,0,55.0,0.83
2017-04-18 03:20:00,15,10,5,0,60.8,0.68
2017-04-18 03:25:00,11,6,5,0,72.0,0.38
2017-04-18 03:30:00,15,10,5,0,67.8,0.5
2017-04-18 03:35:00,18,10,8,0,56.7,0.73
2017-04-18 03:40:00,12,8,4,0,71.6,0.37
2017-04-18 03:45:00,12,7,5,0,73.0,0.49
2017-04-18 03:50:00,10,4,5,1,58.3,0.48
2017-04-18 03:55:00,17,11,5,1,62.1,0.9
2017-04-18 04:00:00,9,4,5,0,73.4,0.35
2017-04-18 04:05:00,9,6,3,0,61.3,0.29
2017-04-18 04:10:00,15,9,6,0,70.2,0.61
2017-04-18 04:15:00,19,11,8,0,62.1,0.7
2017-04-18 04:20:00,15,7,8,0,68.8,0.6
2017-04-18 04:25:00,10,8,2,0,65.2,0.4
2017-04-18 04:30:00,14,10,4,0,65.9,3.12
2017-04-18 04:35:00,12,9,3,0,59.2,0.48
2017-04-18 04:40:00,10,7,3,0,62.1,0.34
2017-04-18 04:45:00,22,20,2,0,58.7,0.88
2017-04-18 04:50:00,19,13,6,0,60.4,0.71
2017-04-18 04:55:00,22,14,8,0,63.2,0.73
2017-04-18 05:00:00,17,7,10,0,64.6,0.67
2017-04-18 05:05:00,24,8,16,0,67.0,0.95
2017-04-18 05:10:00,18,11,7,0,53.9,0.66
2017-04-18 05:15:00,35,18,17,0,64.1,1.68
2017-04-18 05:20:00,17,12,5,0,71.3,0.66
2017-04-18 05:25:00,20,15,5,0,60.1,0.88
2017-04-18 05:30:00,42,27,14,1,63.5,1.75
2017-04-18 05:35:00,39,22,16,1,71.9,1.52
2017-04-18 05:40:00,23,18,5,0,70.8,0.98
2017-04-18 05:45:00,29,17,11,1,66.1,1.1
2017-04-18 05:50:00,36,22,14,0,67.7,1.24
2017-04-18 05:55:00,43,25,17,1,66.6,1.41
2017-04-18 06:00:00,42,27,15,0,62.4,1.71
2017-04-18 06:05:00,49,31,18,0,66.5,1.55
2017-04-18 06:10:00,62,31,29,2,67.9,1.94
2017-04-18 06:15:00,74,41,31,2,71.0,2.55
2017-04-18 06:20:00,64,35,28,1,65.9,2.22
2017-04-18 06:25:00,69,37,31,1,67.1,2.26
2017-04-18 06:30:00,72,46,26,0,71.9,2.24
2017-04-18 06:35:00,93,55,36,2,70.4,2.95
2017-04-18 06:40:00,84,47,37,0,63.1,3.03
2017-04-18 06:45:00,113,76,36,1,72.4,3.33
2017-04-18 06:50:00,95,56,37,2,68.9,2.74
2017-04-18 06:55:00,111,62,47,2,71.0,3.62
2017-04-18 07:00:00,103,65,38,0,63.1,3.35
2017-04-18 07:05:00,152,100,50,2,68.4,4.65
2017-04-18 07:10:00,128,79,48,1,68.2,4.43
2017-04-18 07:15:00,154,102,51,1,65.7,5.42
2017-04-18 07:20:00,167,112,53,2,67.6,7.39
2017-04-18 07:25:00,161,109,50,2,64.9,6.61
2017-04-18 07:30:00,166,116,49,1,64.5,9.88
2017-04-18 07:35:00,160,107,53,0,62.3,6.49
2017-04-18 07:40:00,166,118,46,2,67.7,7.27
2017-04-18 07:45:00,165,119,44,2,68.2,5.36
2017-04-18 07:50:00,184,127,55,2,64.2,7.53
2017-04-18 07:55:00,167,131,36,0,64.0,5.41
2017-04-18 08:00:00,170,121,48,1,65.9,6.1
2017-04-18 08:05:00,175,132,43,0,65.9,7.49
2017-04-18 08:10:00,167,120,47,0,65.6,5.57
2017-04-18 08:15:00,157,114,40,3,57.4,9.8
2017-04-18 08:20:00,194,144,47,3,54.7,14.38
2017-04-18 08:25:00,237,167,68,2,56.5,12.52
2017-04-18 08:30:00,202,151,48,3,58.8,9.87
2017-04-18 08:35:00,197,149,47,1,57.6,9.82
2017-04-18 08:40:00,206,158,45,3,56.1,11.91
2017-04-18 08:45:00,203,140,62,1,63.6,9.67
2017-04-18 08:50:00,190,130,59,1,53.2,13.87
2017-04-18 08:55:00,154,111,42,1,63.8,5.87
2017-04-18 09:00:00,139,97,42,0,61.6,5.76
2017-04-18 09:05:00,152,116,32,4,63.4,6.2
2017-04-18 09:10:00,166,130,35,1,66.6,6.06
2017-04-18 09:15:00,158,118,38,2,65.1,5.09
2017-04-18 09:20:00,135,94,41,0,64.8,4.05
2017-04-18 09:25:00,184,114,70,0,63.1,6.93
2017-04-18 09:30:00,155,112,38,5,62.3,6.15
2017-04-18 09:35:00,129,92,36,1,61.4,4.97
2017-04-18 09:40:00,174,129,44,1,62.2,5.79
2017-04-18 09:45:00,172,110,60,2,63.8,6.48
2017-04-18 09:50:00,152,107,45,0,65.2,4.91
2017-04-18 09:55:00,171,108,60,3,64.1,5.65
2017-04-18 10:00:00,121,88,30,3,70.2,4.2
2017-04-18 10:05:00,120,73,45,2,63.1,4.14
2017-04-18 10:10:00,130,76,54,0,64.9,4.64
2017-04-18 10:15:00,107,72,33,2,67.2,3.61
2017-04-18 10:20:00,139,81,58,0,67.7,4.73
2017-04-18 10:25:00,155,106,47,2,62.7,7.33
2017-04-18 10:30:00,140,84,55,1,66.7,4.95
2017-04-18 10:35:00,139,93,42,4,63.9,4.69
2017-04-18 10:40:00,143,81,60,2,59.7,5.85
2017-04-18 10:45:00,112,69,41,2,64.5,3.95
2017-04-18 10:50:00,120,80,39,1,63.7,3.62
2017-04-18 10:55:00,135,81,49,5,60.2,5.78
2017-04-18 11:00:00,130,88,42,0,64.1,4.28
2017-04-18 11:05:00,116,73,39,4,63.7,4.75
2017-04-18 11:10:00,129,80,48,1,62.7,4.29
2017-04-18 11:15:00,114,69,42,3,62.4,4.51
2017-04-18 11:20:00,119,71,46,2,63.9,4.51
2017-04-18 11:25:00,132,81,49,2,63.9,4.72
2017-04-18 11:30:00,122,81,38,3,64.2,5.1
2017-04-18 11:35:00,138,81,56,1,60.3,9.12
2017-04-18 11:40:00,127,76,50,1,62.3,4.47
2017-04-18 11:45:00,161,107,53,1,60.3,8.14
2017-04-18 11:50:00,141,98,39,4,62.5,5.69
2017-04-18 11:55:00,134,97,36,1,62.1,4.59
2017-04-18 12:00:00,127,79,47,1,62.4,5.32
2017-04-18 12:05:00,109,65,41,3,62.9,4.25
2017-04-18 12:10:00,112,74,37,1,64.0,3.65
2017-04-18 12:15:00,116,53,63,0,61.0,4.66
2017-04-18 12:20:00,132,82,48,2,61.5,5.05
2017-04-18 12:25:00,110,59,50,1,59.8,4.38
2017-04-18 12:30:00,126,82,44,0,59.3,5.11
2017-04-18 12:35:00,114,68,44,2,61.9,4.7
2017-04-18 12:40:00,122,72,49,1,60.1,4.7
2017-04-18 12:45:00,110,61,49,0,63.0,4.12
2017-04-18 12:50:00,115,65,49,1,62.1,5.44
2017-04-18 12:55:00,127,89,38,0,64.8,4.32
2017-04-18 13:00:00,113,76,37,0,63.4,3.72
2017-04-18 13:05:00,139,75,64,0,59.4,6.28
2017-04-18 13:10:00,137,88,49,0,64.0,4.57
2017-04-18 13:15:00,132,85,47,0,59.1,4.69
2017-04-18 13:20:00,112,74,37,1,65.3,4.3
2017-04-18 13:25:00,134,88,45,1,65.4,5.2
2017-04-18 13:30:00,132,76,54,2,63.6,5.99
2017-04-18 13:35:00,163,109,54,0,59.9,6.76
2017-04-18 13:40:00,140,92,47,1,62.5,5.93
2017-04-18 13:45:00,147,93,52,2,63.8,5.65
2017-04-18 13:50:00,124,75,46,3,64.8,5.86
2017-04-18 13:55:00,138,77,58,3,63.6,6.13
2017-04-18 14:00:00,140,86,51,3,63.6,5.41
2017-04-18 14:05:00,116,72,44,0,61.5,4.47
2017-04-18 14:10:00,122,71,50,1,62.9,4.63
2017-04-18 14:15:00,143,95,48,0,59.6,6.0
2017-04-18 14:20:00,124,82,41,1,61.2,4.25
2017-04-18 14:25:00,115,65,50,0,61.3,3.94
2017-04-18 14:30:00,152,86,63,3,59.0,7.5
2017-04-18 14:35:00,136,68,65,3,61.9,5.26
2017-04-18 14:40:00,115,70,42,3,60.7,4.74
2017-04-18 14:45:00,150,83,64,3,60.6,6.31
2017-04-18 14:50:00,130,80,47,3,60.8,6.75
2017-04-18 14:55:00,148,100,46,2,59.1,6.91
2017-04-18 15:00:00,144,82,59,3,56.9,6.63
2017-04-18 15:05:00,156,95,61,0,58.7,7.24
2017-04-18 15:10:00,159,98,60,1,58.7,8.48
2017-04-18 15:15:00,135,95,39,1,63.0,5.24
2017-04-18 15:20:00,141,86,55,0,56.9,6.61
2017-04-18 15:25:00,124,73,51,0,57.4,5.31
2017-04-18 15:30:00,147,83,62,2,59.5,5.88
2017-04-18 15:35:00,139,94,43,2,60.5,5.8
2017-04-18 15:40:00,144,108,35,1,58.9,5.64
2017-04-18 15:45:00,147,113,31,3,63.7,5.62
2017-04-18 15:50:00,153,106,42,5,57.6,13.7
2017-04-18 15:55:00,157,120,34,3,59.3,8.84
2017-04-18 16:00:00,163,121,41,1,57.9,9.17
2017-04-18 16:05:00,153,119,33,1,56.3,8.65
2017-04-18 16:10:00,133,102,30,1,58.8,5.82
2017-04-18 16:15:00,162,120,41,1,60.8,8.46
2017-04-18 16:20:00,164,127,37,0,57.6,9.33
2017-04-18 16:25:00,161,129,32,0,57.5,9.17
2017-04-18 16:30:00,170,133,35,2,58.5,8.99
2017-04-18 16:35:00,187,145,39,3,55.7,11.69
2017-04-18 16:40:00,169,123,46,0,58.5,7.48
2017-04-18 16:45:00,164,130,33,1,60.6,9.23
2017-04-18 16:50:00,170,127,38,5,57.4,9.71
2017-04-18 16:55:00,154,118,34,2,63.6,6.95
2017-04-18 17:00:00,173,133,39,1,60.8,7.56
2017-04-18 17:05:00,162,128,34,0,59.6,7.61
2017-04-18 17:10:00,172,130,41,1,49.3,23.07
2017-04-18 17:15:00,136,107,25,4,59.1,20.21
2017-04-18 17:20:00,143,105,37,1,55.8,14.42
2017-04-18 17:25:00,144,110,33,1,60.5,9.81
2017-04-18 17:30:00,151,118,30,3,64.7,7.21
2017-04-18 17:35:00,189,151,37,1,56.7,11.14
2017-04-18 17:40:00,162,133,28,1,57.7,10.42
2017-04-18 17:45:00,150,116,32,2,56.9,11.62
2017-04-18 17:50:00,161,134,25,2,58.4,11.19
2017-04-18 17:55:00,151,129,20,2,58.2,18.6
2017-04-18 18:00:00,168,143,23,2,55.8,13.49
2017-04-18 18:05:00,178,144,34,0,52.8,20.23
2017-04-18 18:10:00,232,178,54,0,49.9,20.08
2017-04-18 18:15:00,220,163,54,3,50.5,21.47
2017-04-18 18:20:00,196,134,62,0,56.1,11.89
2017-04-18 18:25:00,189,141,45,3,51.2,15.03
2017-04-18 18:30:00,209,163,46,0,53.6,11.6
2017-04-18 18:35:00,191,134,56,1,53.4,20.72
2017-04-18 18:40:00,163,120,43,0,56.0,15.54
2017-04-18 18:45:00,139,89,50,0,55.9,12.97
2017-04-18 18:50:00,133,94,36,3,56.8,14.31
2017-04-18 18:55:00,162,118,44,0,56.9,9.57
2017-04-18 19:00:00,138,105,30,3,62.0,4.84
2017-04-18 19:05:00,141,109,30,2,60.7,6.27
2017-04-18 19:10:00,145,108,32,5,57.0,7.76
2017-04-18 19:15:00,168,139,27,2,59.4,9.49
2017-04-18 19:20:00,136,121,14,1,56.7,7.96
2017-04-18 19:25:00,127,111,16,0,58.1,10.51
2017-04-18 19:30:00,143,113,29,1,56.9,12.85
2017-04-18 19:35:00,122,97,24,1,54.6,14.47
2017-04-18 19:40:00,156,119,36,1,58.2,9.12
2017-04-18 19:45:00,130,93,35,2,59.0,7.29
2017-04-18 19:50:00,106,81,25,0,60.4,4.94
2017-04-18 19:55:00,106,75,31,0,65.0,4.7
2017-04-18 20:00:00,111,79,32,0,61.6,5.9
2017-04-18 20:05:00,108,75,33,0,62.5,6.39
2017-04-18 20:10:00,100,69,31,0,60.4,5.81
2017-04-18 20:15:00,111,91,20,0,63.0,8.66
2017-04-18 20:20:00,106,77,28,1,58.6,7.44
2017-04-18 20:25:00,126,89,37,0,53.8,7.22
2017-04-18 20:30:00,92,64,28,0,62.1,3.95
2017-04-18 20:35:00,101,67,34,0,63.6,5.86
2017-04-18 20:40:00,118,87,31,0,56.9,5.8
2017-04-18 20:45:00,104,75,29,0,66.3,4.26
2017-04-18 20:50:00,93,66,26,1,59.9,4.76
2017-04-18 20:55:00,101,73,28,0,58.6,5.85
2017-04-18 21:00:00,109,86,22,1,56.9,9.98
2017-04-18 21:05:00,142,107,34,1,55.8,11.61
2017-04-18 21:10:00,130,92,37,1,61.4,6.8
2017-04-18 21:15:00,109,77,32,0,63.6,5.3
2017-04-18 21:20:00,109,73,35,1,63.1,5.64
2017-04-18 21:25:00,121,87,33,1,61.2,6.28
2017-04-18 21:30:00,137,91,46,0,70.1,7.63
2017-04-18 21:35:00,129,90,37,2,59.3,7.37
2017-04-18 21:40:00,104,79,25,0,62.3,6.2
2017-04-18 21:45:00,108,72,34,2,65.8,6.29
2017-04-18 21:50:00,93,64,27,2,61.0,4.86
2017-04-18 21:55:00,120,81,39,0,70.3,5.61
2017-04-18 22:00:00,95,66,28,1,64.7,4.43
2017-04-18 22:05:00,122,89,32,1,68.6,6.0
2017-04-18 22:10:00,117,84,32,1,62.1,7.6
2017-04-18 22:15:00,110,82,27,1,56.0,9.42
2017-04-18 22:20:00,111,78,32,1,68.1,6.57
2017-04-18 22:25:00,97,73,23,1,59.7,4.91
2017-04-18 22:30:00,90,67,22,1,58.3,4.23
2017-04-18 22:35:00,94,61,30,3,61.2,4.87
2017-04-18 22:40:00,86,49,34,3,66.7,3.11
2017-04-18 22:45:00,63,44,19,0,58.5,2.75
2017-04-18 22:50:00,66,44,22,0,70.7,2.45
2017-04-18 22:55:00,59,37,22,0,68.1,2.27
2017-04-18 23:00:00,60,40,20,0,66.6,2.4
2017-04-18 23:05:00,55,38,17,0,61.6,3.17
2017-04-18 23:10:00,104,83,21,0,68.2,5.87
2017-04-18 23:15:00,53,33,19,1,64.7,2.18
2017-04-18 23:20:00,49,31,18,0,63.3,2.39
2017-04-18 23:25:00,42,31,11,0,69.1,1.41
2017-04-18 23:30:00,53,29,23,1,58.1,2.91
2017-04-18 23:35:00,40,24,13,3,56.6,1.87
2017-04-18 23:40:00,50,27,23,0,65.4,2.13
2017-04-18 23:45:00,45,22,23,0,66.6,2.31
2017-04-18 23:50:00,44,32,12,0,60.9,1.71
2017-04-18 23:55:00,39,24,15,0,74.7,1.36
2017-04-19 00:00:00,42,27,15,0,69.7,1.46
2017-04-19 00:05:00,36,23,13,0,59.6,1.26
2017-04-19 00:10:00,38,20,17,1,65.0,1.43
2017-04-19 00:15:00,44,32,12,0,62.6,1.57
2017-04-19 00:20:00,28,16,12,0,65.5,0.88
2017-04-19 00:25:00,30,24,5,1,64.9,1.14
2017-04-19 00:30:00,32,23,9,0,63.3,1.01
2017-04-19 00:35:00,17,8,9,0,65.6,0.6
2017-04-19 00:40:00,17,9,8,0,69.5,0.61
2017-04-19 00:45:00,19,12,7,0,53.0,0.75
2017-04-19 00:50:00,25,16,9,0,64.3,0.96
2017-04-19 00:55:00,25,14,11,0,64.1,0.82
2017-04-19 01:00:00,20,13,7,0,63.3,0.73
2017-04-19 01:05:00,19,13,6,0,55.3,0.95
2017-04-19 01:10:00,20,9,11,0,62.1,0.84
2017-04-19 01:15:00,20,18,2,0,65.2,0.61
2017-04-19 01:20:00,19,11,8,0,62.6,0.77
2017-04-19 01:25:00,23,16,5,2,65.3,0.98
2017-04-19 01:30:00,11,9,2,0,62.6,0.41
2017-04-19 01:35:00,13,11,2,0,61.8,0.43
2017-04-19 01:40:00,10,6,4,0,68.3,0.32
2017-04-19 01:45:00,23,15,8,0,71.1,0.81
2017-04-19 01:50:00,20,14,6,0,69.5,0.66
2017-04-19 01:55:00,11,6,5,0,63.2,0.46
2017-04-19 02:00:00,15,11,4,0,64.1,0.5
2017-04-19 02:05:00,7,5,2,0,64.9,0.22
2017-04-19 02:10:00,13,7,6,0,68.1,0.55
2017-04-19 02:15:00,19,11,8,0,59.1,0.74
2017-04-19 02:20:00,9,1,7,1,76.7,0.38
2017-04-19 02:25:00,11,3,7,1,72.8,0.37
2017-04-19 02:30:00,11,6,5,0,59.7,0.51
2017-04-19 02:35:00,14,8,6,0,64.8,0.53
2017-04-19 02:40:00,11,5,6,0,76.2,0.39
2017-04-19 02:45:00,6,5,1,0,60.5,0.23
2017-04-19 02:50:00,8,4,4,0,61.8,0.29
2017-04-19 02:55:00,12,7,5,0,60.6,0.56
2017-04-19 03:00:00,10,7,3,0,66.2,0.29
2017-04-19 03:05:00,5,5,0,0,53.8,0.26
2017-04-19 03:10:00,10,6,4,0,60.6,0.37
2017-04-19 03:15:00,16,12,4,0,59.3,0.67
2017-04-19 03:20:00,13,6,7,0,60.1,0.51
2017-04-19 03:25:00,14,10,4,0,67.3,0.53
2017-04-19 03:30:00,14,11,3,0,61.7,0.54
2017-04-19 03:35:00,18,10,8,0,60.9,0.73
2017-04-19 03:40:00,16,11,5,0,57.3,0.54
2017-04-19 03:45:00,9,4,5,0,57.0,0.39
2017-04-19 03:50:00,20,9,10,1,68.7,0.92
2017-04-19 03:55:00,12,8,4,0,67.5,0.42
2017-04-19 04:00:00,11,6,5,0,73.0,0.45
2017-04-19 04:05:00,15,7,8,0,60.0,0.53
2017-04-19 04:10:00,16,11,4,1,74.4,0.59
2017-04-19 04:15:00,14,11,3,0,58.2,0.5
2017-04-19 04:20:00,19,14,5,0,71.6,0.67
2017-04-19 04:25:00,13,7,6,0,74.3,0.57
2017-04-19 04:30:00,11,8,3,0,54.6,0.53
2017-04-19 04:35:00,15,11,4,0,67.3,0.55
2017-04-19 04:40:00,23,17,6,0,71.6,0.84
2017-04-19 04:45:00,17,10,7,0,61.8,0.63
2017-04-19 04:50:00,20,14,6,0,56.0,0.79
2017-04-19 04:55:00,17,14,3,0,68.7,0.7
2017-04-19 05:00:00,34,17,17,0,73.2,1.18
2017-04-19 05:05:00,23,18,4,1,63.4,0.86
2017-04-19 05:10:00,24,15,9,0,70.2,0.85
2017-04-19 05:15:00,17,7,9,1,64.0,0.69
2017-04-19 05:20:00,24,16,8,0,65.7,0.93
2017-04-19 05:25:00,31,17,14,0,66.5,1.22
2017-04-19 05:30:00,28,20,8,0,66.0,11.09
2017-04-19 05:35:00,33,20,11,2,60.6,10.24
2017-04-19 05:40:00,26,19,7,0,63.6,0.91
2017-04-19 05:45:00,42,27,13,2,61.5,1.59
2017-04-19 05:50:00,35,16,19,0,71.5,1.25
2017-04-19 05:55:00,37,24,13,0,62.7,1.07
2017-04-19 06:00:00,45,27,18,0,67.4,1.37
2017-04-19 06:05:00,56,28,27,1,67.0,1.94
2017-04-19 06:10:00,57,40,16,1,64.8,1.88
2017-04-19 06:15:00,76,45,29,2,64.7,2.69
2017-04-19 06:20:00,60,35,25,0,66.7,2.32
2017-04-19 06:25:00,81,53,28,0,63.6,2.51
2017-04-19 06:30:00,62,42,20,0,68.9,1.85
2017-04-19 06:35:00,84,64,18,2,69.1,2.76
2017-04-19 06:40:00,101,72,27,2,63.6,4.05
2017-04-19 06:45:00,82,60,20,2,68.4,2.87
2017-04-19 06:50:00,119,85,33,1,64.0,4.31
2017-04-19 06:55:00,121,80,38,3,71.1,3.88
2017-04-19 07:00:00,127,72,54,1,67.3,4.46
2017-04-19 07:05:00,139,64,73,2,68.5,5.33
2017-04-19 07:10:00,154,52,100,2,69.0,5.53
2017-04-19 07:15:00,127,34,90,3,67.3,4.8
2017-04-19 07:20:00,156,41,113,2,67.6,5.42
2017-04-19 07:25:00,124,43,81,0,70.4,5.88
2017-04-19 07:30:00,145,55,89,1,65.0,9.79
2017-04-19 07:35:00,161,80,78,3,59.4,9.52
2017-04-19 07:40:00,166,86,78,2,63.3,7.81
2017-04-19 07:45:00,157,102,52,3,63.9,6.35
2017-04-19 07:50:00,165,119,44,2,66.3,6.85
2017-04-19 07:55:00,166,130,35,1,65.2,11.12
2017-04-19 08:00:00,153,112,39,2,62.6,6.48
2017-04-19 08:05:00,150,118,32,0,63.2,6.5
2017-04-19 08:10:00,197,152,44,1,63.4,7.25
2017-04-19 08:15:00,188,143,45,0,56.6,15.31
2017-04-19 08:20:00,202,138,60,4,55.7,13.11
2017-04-19 08:25:00,201,147,53,1,53.4,11.37
2017-04-19 08:30:00,209,148,59,2,57.3,10.44
2017-04-19 08:35:00,178,120,54,4,56.1,9.05
2017-04-19 08:40:00,185,135,49,1,54.8,14.17
2017-04-19 08:45:00,205,151,52,2,57.8,13.7
2017-04-19 08:50:00,186,117,67,2,60.7,14.97
2017-04-19 08:55:00,160,116,42,2,59.7,6.31
2017-04-19 09:00:00,145,97,45,3,60.5,8.84
2017-04-19 09:05:00,150,107,41,2,65.0,5.14
2017-04-19 09:10:00,174,117,54,3,60.6,9.43
2017-04-19 09:15:00,132,89,42,1,64.9,4.36
2017-04-19 09:20:00,153,108,43,2,61.8,5.55
2017-04-19 09:25:00,183,120,62,1,62.5,7.0
2017-04-19 09:30:00,159,98,58,3,58.7,6.76
2017-04-19 09:35:00,140,93,46,1,63.7,5.06
2017-04-19 09:40:00,176,108,63,5,60.0,6.27
2017-04-19 09:45:00,201,124,76,1,57.8,8.19
2017-04-19 09:50:00,180,118,61,1,62.3,7.65
2017-04-19 09:55:00,148,110,37,1,63.9,5.26
2017-04-19 10:00:00,152,114,38,0,61.7,6.33
2017-04-19 10:05:00,121,76,44,1,64.0,4.16
2017-04-19 10:10:00,130,81,47,2,66.4,3.95
2017-04-19 10:15:00,123,86,34,3,64.1,4.37
2017-04-19 10:20:00,145,92,51,2,59.4,5.87
2017-04-19 10:25:00,125,69,55,1,62.0,4.31
2017-04-19 10:30:00,115,70,45,0,63.2,3.91
2017-04-19 10:35:00,150,88,60,2,63.6,5.42
2017-04-19 10:40:00,152,103,49,0,60.4,5.19
2017-04-19 10:45:00,113,71,41,1,68.4,3.91
2017-04-19 10:50:00,113,62,50,1,68.0,3.62
2017-04-19 10:55:00,144,82,60,2,61.1,5.8
2017-04-19 11:00:00,78,51,25,2,67.8,2.75
2017-04-19 11:05:00,119,62,55,2,62.8,4.82
2017-04-19 11:10:00,150,86,60,4,62.2,7.34
2017-04-19 11:15:00,138,80,57,1,63.8,5.09
2017-04-19 11:20:00,116,74,41,1,65.3,3.72
2017-04-19 11:25:00,129,72,57,0,62.2,4.33
2017-04-19 11:30:00,135,89,42,4,64.3,4.86
2017-04-19 11:35:00,138,83,53,2,64.2,5.58
2017-04-19 11:40:00,158,90,67,1,63.7,5.93
2017-04-19 11:45:00,128,82,46,0,62.4,6.94
2017-04-19 11:50:00,131,85,46,0,65.1,4.85
2017-04-19 11:55:00,123,76,46,1,65.4,4.04
2017-04-19 12:00:00,118,71,45,2,65.4,4.4
2017-04-19 12:05:00,105,61,42,2,66.7,4.16
2017-04-19 12:10:00,117,73,44,0,65.9,3.83
2017-04-19 12:15:00,125,75,49,1,65.1,4.29
2017-04-19 12:20:00,118,68,50,0,64.7,4.59
2017-04-19 12:25:00,113,72,40,1,61.6,4.13
2017-04-19 12:30:00,118,78,37,3,59.2,4.52
2017-04-19 12:35:00,108,66,41,1,63.2,6.19
2017-04-19 12:40:00,120,66,49,5,61.4,5.73
2017-04-19 12:45:00,116,76,39,1,63.4,4.57
2017-04-19 12:50:00,139,84,55,0,61.1,5.6
2017-04-19 12:55:00,129,72,55,2,60.4,5.33
2017-04-19 13:00:00,147,89,56,2,59.1,7.4
2017-04-19 13:05:00,136,74,60,2,61.7,5.38
2017-04-19 13:10:00,130,77,52,1,64.8,4.96
2017-04-19 13:15:00,152,89,63,0,59.7,7.67
2017-04-19 13:20:00,133,81,51,1,64.8,4.52
2017-04-19 13:25:00,151,89,62,0,61.5,6.3
2017-04-19 13:30:00,140,89,48,3,59.0,7.53
2017-04-19 13:35:00,132,80,48,4,59.9,5.67
2017-04-19 13:40:00,168,104,63,1,60.6,7.41
2017-04-19 13:45:00,175,101,74,0,59.4,9.2
2017-04-19 13:50:00,147,82,65,0,59.9,8.27
2017-04-19 13:55:00,144,88,56,0,62.0,7.33
2017-04-19 14:00:00,135,73,61,1,60.8,5.72
2017-04-19 14:05:00,140,85,52,3,58.8,7.34
2017-04-19 14:10:00,124,80,41,3,64.4,4.61
2017-04-19 14:15:00,156,85,68,3,59.6,7.27
2017-04-19 14:20:00,146,82,63,1,58.4,7.18
2017-04-19 14:25:00,157,84,73,0,54.6,9.05
2017-04-19 14:30:00,143,88,55,0,51.3,8.97
2017-04-19 14:35:00,189,108,81,0,46.1,14.2
2017-04-19 14:40:00,133,78,55,0,52.1,10.82
2017-04-19 14:45:00,166,85,80,1,55.5,9.68
2017-04-19 14:50:00,146,82,62,2,56.4,8.35
2017-04-19 14:55:00,153,83,69,1,55.4,10.34
2017-04-19 15:00:00,145,89,55,1,60.8,6.64
2017-04-19 15:05:00,140,87,52,1,59.4,5.78
2017-04-19 15:10:00,176,102,72,2,60.1,8.63
2017-04-19 15:15:00,160,100,58,2,62.9,7.64
2017-04-19 15:20:00,147,83,63,1,59.3,7.14
2017-04-19 15:25:00,153,90,61,2,59.5,7.82
2017-04-19 15:30:00,159,95,64,0,58.0,7.47
2017-04-19 15:35:00,140,93,46,1,55.0,10.15
2017-04-19 15:40:00,174,98,76,0,59.6,7.71
2017-04-19 15:45:00,163,99,62,2,55.7,9.63
2017-04-19 15:50:00,170,93,76,1,61.7,7.7
2017-04-19 15:55:00,161,97,64,0,64.3,7.68
2017-04-19 16:00:00,146,93,53,0,62.6,7.02
2017-04-19 16:05:00,135,85,49,1,59.6,6.53
2017-04-19 16:10:00,134,74,57,3,56.9,10.31
2017-04-19 16:15:00,179,100,79,0,57.6,12.9
2017-04-19 16:20:00,156,95,60,1,58.7,6.97
2017-04-19 16:25:00,151,95,55,1,57.8,10.88
2017-04-19 16:30:00,180,119,61,0,57.0,12.6
2017-04-19 16:35:00,170,107,62,1,53.8,10.33
2017-04-19 16:40:00,183,112,69,2,55.0,10.73
2017-04-19 16:45:00,174,101,72,1,58.3,9.42
2017-04-19 16:50:00,157,95,58,4,60.0,8.5
2017-04-19 16:55:00,177,116,60,1,56.3,12.32
2017-04-19 17:00:00,163,108,52,3,60.2,8.36
2017-04-19 17:05:00,153,100,52,1,55.5,10.42
2017-04-19 17:10:00,169,123,44,2,49.4,25.17
2017-04-19 17:15:00,153,107,46,0,56.1,20.89
2017-04-19 17:20:00,151,102,46,3,59.6,12.65
2017-04-19 17:25:00,158,83,73,2,57.1,9.94
2017-04-19 17:30:00,159,84,75,0,58.4,11.84
2017-04-19 17:35:00,182,118,64,0,57.1,11.38
2017-04-19 17:40:00,177,129,45,3,55.0,14.81
2017-04-19 17:45:00,152,114,38,0,51.1,12.38
2017-04-19 17:50:00,183,149,33,1,50.3,20.22
2017-04-19 17:55:00,151,126,24,1,55.8,24.0
2017-04-19 18:00:00,173,135,33,5,53.5,24.83
2017-04-19 18:05:00,188,162,24,2,48.6,28.16
2017-04-19 18:10:00,251,220,28,3,42.9,29.5
2017-04-19 18:15:00,229,201,23,5,48.1,12.1
2017-04-19 18:20:00,239,209,30,0,46.4,13.43
2017-04-19 18:25:00,203,151,50,2,48.7,16.76
2017-04-19 18:30:00,190,149,40,1,51.3,20.24
2017-04-19 18:35:00,170,130,39,1,55.4,19.42
2017-04-19 18:40:00,159,125,32,2,50.6,21.28
2017-04-19 18:45:00,154,110,44,0,56.8,18.66
2017-04-19 18:50:00,177,128,47,2,58.4,12.93
2017-04-19 18:55:00,174,129,45,0,57.2,9.66
2017-04-19 19:00:00,157,112,43,2,61.2,5.49
2017-04-19 19:05:00,143,106,37,0,58.4,6.61
2017-04-19 19:10:00,181,132,47,2,53.8,12.88
2017-04-19 19:15:00,153,113,39,1,56.5,7.81
2017-04-19 19:20:00,151,125,23,3,55.8,8.48
2017-04-19 19:25:00,160,130,30,0,54.3,11.67
2017-04-19 19:30:00,134,89,43,2,51.5,17.1
2017-04-19 19:35:00,147,113,32,2,61.3,15.79
2017-04-19 19:40:00,141,110,30,1,56.5,9.93
2017-04-19 19:45:00,161,125,36,0,57.3,9.59
2017-04-19 19:50:00,119,83,36,0,60.4,5.36
2017-04-19 19:55:00,106,64,40,2,60.9,5.37
2017-04-19 20:00:00,110,74,36,0,60.4,4.67
2017-04-19 20:05:00,110,72,38,0,60.1,5.11
2017-04-19 20:10:00,114,90,24,0,57.9,9.36
2017-04-19 20:15:00,113,74,38,1,58.4,9.8
2017-04-19 20:20:00,139,103,35,1,57.0,8.68
2017-04-19 20:25:00,115,81,34,0,59.3,5.24
2017-04-19 20:30:00,97,69,28,0,62.3,4.87
2017-04-19 20:35:00,128,100,26,2,62.1,6.04
2017-04-19 20:40:00,117,75,42,0,60.0,5.73
2017-04-19 20:45:00,124,92,32,0,60.7,5.3
2017-04-19 20:50:00,134,96,38,0,62.3,5.75
2017-04-19 20:55:00,109,73,35,1,56.5,12.35
2017-04-19 21:00:00,149,110,38,1,55.3,10.32
2017-04-19 21:05:00,130,96,32,2,60.2,7.8
2017-04-19 21:10:00,156,105,49,2,57.6,8.7
2017-04-19 21:15:00,119,89,30,0,61.7,6.8
2017-04-19 21:20:00,125,94,31,0,65.1,7.47
2017-04-19 21:25:00,121,79,41,1,64.1,5.93
2017-04-19 21:30:00,128,93,34,1,58.8,7.06
2017-04-19 21:35:00,142,102,39,1,63.8,12.4
2017-04-19 21:40:00,127,97,30,0,58.1,6.82
2017-04-19 21:45:00,110,76,33,1,60.6,5.31
2017-04-19 21:50:00,134,94,39,1,59.9,7.92
2017-04-19 21:55:00,96,69,27,0,59.8,5.46
2017-04-19 22:00:00,89,62,27,0,61.4,4.95
2017-04-19 22:05:00,100,69,31,0,63.7,5.05
2017-04-19 22:10:00,108,69,38,1,60.2,6.13
2017-04-19 22:15:00,100,70,29,1,61.1,6.43
2017-04-19 22:20:00,95,61,32,2,66.1,4.86
2017-04-19 22:25:00,94,71,22,1,59.6,6.55
2017-04-19 22:30:00,65,44,21,0,57.6,4.13
2017-04-19 22:35:00,96,66,29,1,63.9,7.11
2017-04-19 22:40:00,75,48,27,0,63.4,3.06
2017-04-19 22:45:00,64,40,23,1,67.5,2.36
2017-04-19 22:50:00,70,45,25,0,62.7,2.98
2017-04-19 22:55:00,65,44,21,0,60.0,2.7
2017-04-19 23:00:00,61,45,16,0,61.4,2.53
2017-04-19 23:05:00,65,37,27,1,61.8,2.82
2017-04-19 23:10:00,42,31,11,0,64.5,1.59
2017-04-19 23:15:00,75,45,28,2,61.6,3.17
2017-04-19 23:20:00,52,37,15,0,61.6,1.92
2017-04-19 23:25:00,64,32,30,2,60.7,2.8
2017-04-19 23:30:00,62,36,26,0,66.8,2.55
2017-04-19 23:35:00,50,26,23,1,56.9,4.35
2017-04-19 23:40:00,43,28,15,0,61.3,1.84
2017-04-19 23:45:00,48,28,19,1,52.8,1.95
2017-04-19 23:50:00,33,22,11,0,61.6,1.57
2017-04-19 23:55:00,42,24,18,0,69.3,1.66
2017-04-20 00:00:00,39,25,12,2,66.8,1.43
2017-04-20 00:05:00,33,24,9,0,69.4,1.15
2017-04-20 00:10:00,41,24,16,1,62.3,2.01
2017-04-20 00:15:00,38,27,11,0,67.3,1.38
2017-04-20 00:20:00,43,28,15,0,63.6,1.54
2017-04-20 00:25:00,28,19,9,0,62.8,1.08
2017-04-20 00:30:00,28,15,13,0,60.0,1.16
2017-04-20 00:35:00,36,20,16,0,65.3,1.32
2017-04-20 00:40:00,32,23,9,0,55.0,1.24
2017-04-20 00:45:00,25,18,7,0,57.7,1.02
2017-04-20 00:50:00,15,7,8,0,70.4,0.57
2017-04-20 00:55:00,18,12,6,0,61.2,0.65
2017-04-20 01:00:00,23,14,9,0,67.2,0.91
2017-04-20 01:05:00,23,16,7,0,50.0,1.24
2017-04-20 01:10:00,25,17,8,0,58.1,0.82
2017-04-20 01:15:00,22,13,9,0,66.6,0.81
2017-04-20 01:20:00,25,14,11,0,59.0,1.05
2017-04-20 01:25:00,18,11,7,0,63.1,0.57
2017-04-20 01:30:00,9,5,4,0,60.8,0.35
2017-04-20 01:35:00,13,6,7,0,74.7,0.48
2017-04-20 01:40:00,22,14,8,0,60.6,0.82
2017-04-20 01:45:00,17,13,4,0,68.5,0.56
2017-04-20 01:50:00,16,13,3,0,62.7,0.51
2017-04-20 01:55:00,15,11,4,0,65.5,0.54
2017-04-20 02:00:00,15,11,4,0,65.0,0.54
2017-04-20 02:05:00,12,10,2,0,52.8,0.48
2017-04-20 02:10:00,16,5,9,2,71.3,0.66
2017-04-20 02:15:00,15,8,7,0,64.2,0.53
2017-04-20 02:20:00,16,8,8,0,66.7,0.66
2017-04-20 02:25:00,12,7,5,0,68.8,0.46
2017-04-20 02:30:00,11,7,4,0,64.8,0.39
2017-04-20 02:35:00,10,7,3,0,63.0,0.37
2017-04-20 02:40:00,15,8,6,1,62.6,0.61
2017-04-20 02:45:00,9,5,4,0,83.8,0.27
2017-04-20 02:50:00,12,7,5,0,61.4,10.47
2017-04-20 02:55:00,11,7,4,0,44.3,25.51
2017-04-20 03:00:00,8,4,4,0,38.5,25.31
2017-04-20 03:05:00,9,4,5,0,73.8,0.26
2017-04-20 03:10:00,15,8,7,0,66.3,0.57
2017-04-20 03:15:00,16,9,7,0,59.8,0.64
2017-04-20 03:20:00,16,12,4,0,56.9,4.61
2017-04-20 03:25:00,20,13,7,0,63.8,0.92
2017-04-20 03:30:00,16,11,5,0,54.3,0.75
2017-04-20 03:35:00,12,7,5,0,53.0,0.73
2017-04-20 03:40:00,14,11,3,0,67.9,0.54
2017-04-20 03:45:00,16,11,5,0,46.7,0.96
2017-04-20 03:50:00,13,7,6,0,44.5,0.67
2017-04-20 03:55:00,7,3,4,0,47.4,0.5
2017-04-20 04:00:00,14,7,7,0,53.8,0.73
2017-04-20 04:05:00,9,6,3,0,68.1,0.34
2017-04-20 04:10:00,15,10,5,0,69.3,0.6
2017-04-20 04:15:00,15,9,6,0,70.4,0.54
2017-04-20 04:20:00,14,9,5,0,60.1,0.49
2017-04-20 04:25:00,12,6,6,0,56.9,0.59
2017-04-20 04:30:00,14,11,3,0,57.2,0.56
2017-04-20 04:35:00,23,12,11,0,74.6,0.89
2017-04-20 04:40:00,17,12,5,0,59.4,0.66
2017-04-20 04:45:00,22,11,11,0,69.9,0.74
2017-04-20 04:50:00,24,15,9,0,47.1,0.98
2017-04-20 04:55:00,21,11,10,0,67.8,0.86
2017-04-20 05:00:00,16,10,6,0,64.1,0.8
2017-04-20 05:05:00,21,12,9,0,52.3,1.51
2017-04-20 05:10:00,23,11,12,0,62.3,0.98
2017-04-20 05:15:00,30,14,16,0,64.0,1.25
2017-04-20 05:20:00,18,10,8,0,61.2,0.84
2017-04-20 05:25:00,20,15,5,0,66.0,0.87
2017-04-20 05:30:00,26,18,7,1,59.0,11.1
2017-04-20 05:35:00,35,23,12,0,70.2,14.42
2017-04-20 05:40:00,33,14,19,0,55.3,1.61
2017-04-20 05:45:00,42,21,21,0,62.5,1.87
2017-04-20 05:50:00,37,24,12,1,71.9,1.29
2017-04-20 05:55:00,38,25,12,1,71.4,1.27
2017-04-20 06:00:00,44,31,13,0,62.5,1.54
2017-04-20 06:05:00,53,26,27,0,65.8,1.78
2017-04-20 06:10:00,53,29,24,0,72.0,1.63
2017-04-20 06:15:00,74,43,30,1,65.9,2.36
2017-04-20 06:20:00,54,30,24,0,67.0,2.0
2017-04-20 06:25:00,77,48,29,0,66.5,2.8
2017-04-20 06:30:00,78,47,30,1,66.9,2.34
2017-04-20 06:35:00,87,53,33,1,68.2,2.77
2017-04-20 06:40:00,104,65,37,2,62.4,4.19
2017-04-20 06:45:00,94,53,41,0,65.3,3.22
2017-04-20 06:50:00,104,68,36,0,68.0,3.06
2017-04-20 06:55:00,113,74,38,1,64.1,3.89
2017-04-20 07:00:00,122,76,44,2,66.4,4.31
2017-04-20 07:05:00,105,60,44,1,69.8,3.25
2017-04-20 07:10:00,150,91,59,0,67.5,5.29
2017-04-20 07:15:00,154,100,53,1,65.3,6.4
2017-04-20 07:20:00,152,94,56,2,63.4,7.44
2017-04-20 07:25:00,153,108,44,1,63.4,8.68
2017-04-20 07:30:00,154,108,45,1,60.1,10.91
2017-04-20 07:35:00,178,128,50,0,62.8,8.99
2017-04-20 07:40:00,148,94,53,1,63.2,15.97
2017-04-20 07:45:00,177,116,61,0,62.5,6.71
2017-04-20 07:50:00,169,113,55,1,67.9,5.92
2017-04-20 07:55:00,199,131,68,0,61.5,7.13
2017-04-20 08:00:00,191,133,57,1,61.2,8.71
2017-04-20 08:05:00,201,139,61,1,55.5,10.67
2017-04-20 08:10:00,182,126,56,0,56.8,11.28
2017-04-20 08:15:00,177,128,48,1,59.0,8.15
2017-04-20 08:20:00,203,138,64,1,52.6,16.96
2017-04-20 08:25:00,185,126,55,4,57.4,11.83
2017-04-20 08:30:00,187,124,63,0,58.3,14.74
2017-04-20 08:35:00,204,128,75,1,55.8,13.48
2017-04-20 08:40:00,181,119,60,2,57.2,12.43
2017-04-20 08:45:00,219,144,75,0,56.0,11.31
2017-04-20 08:50:00,191,129,60,2,59.2,11.57
2017-04-20 08:55:00,169,106,62,1,56.3,12.36
2017-04-20 09:00:00,149,101,46,2,54.4,17.38
2017-04-20 09:05:00,154,101,53,0,60.1,7.89
2017-04-20 09:10:00,142,90,51,1,62.0,9.72
2017-04-20 09:15:00,169,113,54,2,60.4,11.5
2017-04-20 09:20:00,164,98,63,3,64.1,5.93
2017-04-20 09:25:00,185,107,74,4,60.4,7.25
2017-04-20 09:30:00,190,115,73,2,55.3,10.27
2017-04-20 09:35:00,164,103,60,1,54.8,7.91
2017-04-20 09:40:00,203,122,81,0,56.5,8.9
2017-04-20 09:45:00,204,117,86,1,56.4,9.1
2017-04-20 09:50:00,180,108,69,3,58.5,8.52
2017-04-20 09:55:00,160,115,45,0,62.8,5.25
2017-04-20 10:00:00,147,83,60,4,54.3,8.36
2017-04-20 10:05:00,124,79,45,0,58.2,4.97
2017-04-20 10:10:00,145,95,49,1,59.3,5.46
2017-04-20 10:15:00,142,89,50,3,58.8,6.07
2017-04-20 10:20:00,137,86,51,0,60.7,6.69
2017-04-20 10:25:00,142,83,53,6,59.5,5.71
2017-04-20 10:30:00,133,82,50,1,60.1,5.5
2017-04-20 10:35:00,142,94,48,0,55.3,6.45
2017-04-20 10:40:00,142,88,51,3,57.8,5.76
2017-04-20 10:45:00,139,67,71,1,61.7,5.06
2017-04-20 10:50:00,114,62,50,2,60.8,5.26
2017-04-20 10:55:00,145,81,62,2,58.7,6.05
2017-04-20 11:00:00,172,108,62,2,57.9,7.33
2017-04-20 11:05:00,148,100,45,3,58.5,5.84
2017-04-20 11:10:00,129,86,40,3,63.2,5.13
2017-04-20 11:15:00,117,66,50,1,59.4,5.1
2017-04-20 11:20:00,148,97,50,1,58.8,6.73
2017-04-20 11:25:00,128,79,48,1,63.6,4.73
2017-04-20 11:30:00,134,81,52,1,61.2,4.96
2017-04-20 11:35:00,151,91,58,2,62.4,5.2
2017-04-20 11:40:00,158,103,55,0,54.3,8.4
2017-04-20 11:45:00,144,89,55,0,62.2,5.2
2017-04-20 11:50:00,132,82,49,1,63.2,5.24
2017-04-20 11:55:00,104,65,38,1,62.6,3.92
2017-04-20 12:00:00,109,71,38,0,63.3,3.68
2017-04-20 12:05:00,116,64,44,8,62.8,5.43
2017-04-20 12:10:00,99,63,35,1,62.8,3.18
2017-04-20 12:15:00,131,75,54,2,57.1,6.98
2017-04-20 12:20:00,110,78,32,0,62.8,4.32
2017-04-20 12:25:00,128,78,43,7,60.2,5.72
2017-04-20 12:30:00,147,99,46,2,57.4,8.95
2017-04-20 12:35:00,114,88,26,0,61.7,3.79
2017-04-20 12:40:00,128,83,44,1,60.9,5.3
2017-04-20 12:45:00,131,87,43,1,62.1,4.72
2017-04-20 12:50:00,115,78,36,1,58.4,4.63
2017-04-20 12:55:00,143,88,53,2,60.0,5.17
2017-04-20 13:00:00,141,94,46,1,56.5,5.85
2017-04-20 13:05:00,149,99,49,1,54.2,8.2
2017-04-20 13:10:00,140,97,41,2,59.0,6.2
2017-04-20 13:15:00,137,88,48,1,54.9,9.31
2017-04-20 13:20:00,154,88,62,4,58.3,8.42
2017-04-20 13:25:00,141,101,39,1,56.7,8.54
2017-04-20 13:30:00,141,96,44,1,57.7,7.06
2017-04-20 13:35:00,136,96,40,0,61.4,5.66
2017-04-20 13:40:00,154,98,52,4,58.8,8.15
2017-04-20 13:45:00,160,105,54,1,57.5,8.3
2017-04-20 13:50:00,139,86,50,3,58.8,7.13
2017-04-20 13:55:00,134,88,44,2,60.3,6.45
2017-04-20 14:00:00,131,72,59,0,57.9,6.37
2017-04-20 14:05:00,151,86,62,3,55.7,7.91
2017-04-20 14:10:00,157,99,57,1,59.1,9.68
2017-04-20 14:15:00,146,89,55,2,57.6,9.14
2017-04-20 14:20:00,166,89,76,1,56.4,9.86
2017-04-20 14:25:00,165,88,74,3,56.4,9.99
2017-04-20 14:30:00,146,86,58,2,56.1,8.52
2017-04-20 14:35:00,146,89,55,2,55.6,7.64
2017-04-20 14:40:00,139,79,60,0,57.1,7.45
2017-04-20 14:45:00,153,88,61,4,53.1,10.43
2017-04-20 14:50:00,150,70,79,1,58.9,6.83
2017-04-20 14:55:00,162,88,74,0,57.6,8.78
2017-04-20 15:00:00,158,80,75,3,56.7,7.78
2017-04-20 15:05:00,133,85,48,0,57.1,5.61
2017-04-20 15:10:00,158,86,70,2,54.5,11.56
2017-04-20 15:15:00,133,78,51,4,56.1,10.17
2017-04-20 15:20:00,147,77,68,2,59.4,7.53
2017-04-20 15:25:00,174,114,57,3,57.7,10.68
2017-04-20 15:30:00,143,82,59,2,56.0,8.74
2017-04-20 15:35:00,151,96,53,2,57.3,8.07
2017-04-20 15:40:00,161,104,56,1,61.9,8.31
2017-04-20 15:45:00,162,97,64,1,58.9,8.81
2017-04-20 15:50:00,151,97,52,2,60.7,7.02
2017-04-20 15:55:00,159,86,71,2,54.0,8.94
2017-04-20 16:00:00,156,101,55,0,57.9,10.43
2017-04-20 16:05:00,132,90,41,1,59.7,5.99
2017-04-20 16:10:00,167,112,52,3,58.8,8.02
2017-04-20 16:15:00,173,100,72,1,55.9,8.69
2017-04-20 16:20:00,145,97,47,1,58.5,6.81
2017-04-20 16:25:00,150,99,50,1,61.1,6.75
2017-04-20 16:30:00,138,91,44,3,61.1,6.39
2017-04-20 16:35:00,156,100,54,2,55.8,9.64
2017-04-20 16:40:00,164,101,61,2,61.4,7.01
2017-04-20 16:45:00,128,82,45,1,64.3,4.29
2017-04-20 16:50:00,130,88,41,1,59.6,6.63
2017-04-20 16:55:00,170,123,47,0,60.6,8.97
2017-04-20 17:00:00,160,97,61,2,63.9,6.25
2017-04-20 17:05:00,169,108,61,0,58.2,12.17
2017-04-20 17:10:00,153,108,45,0,57.4,13.43
2017-04-20 17:15:00,140,91,46,3,55.2,24.06
2017-04-20 17:20:00,157,95,61,1,60.2,11.36
2017-04-20 17:25:00,179,118,59,2,56.9,11.95
2017-04-20 17:30:00,157,111,46,0,55.7,8.33
2017-04-20 17:35:00,161,100,57,4,64.0,5.94
2017-04-20 17:40:00,160,116,43,1,56.9,11.7
2017-04-20 17:45:00,171,114,54,3,58.7,12.75
2017-04-20 17:50:00,150,107,43,0,58.6,10.22
2017-04-20 17:55:00,145,101,42,2,57.0,21.56
2017-04-20 18:00:00,167,113,54,0,57.1,15.05
2017-04-20 18:05:00,210,138,72,0,55.7,12.0
2017-04-20 18:10:00,224,151,70,3,49.9,22.59
2017-04-20 18:15:00,252,172,78,2,53.0,15.39
2017-04-20 18:20:00,210,129,79,2,49.9,24.92
2017-04-20 18:25:00,193,129,62,2,54.1,17.89
2017-04-20 18:30:00,178,131,46,1,52.0,19.11
2017-04-20 18:35:00,185,123,61,1,54.1,15.34
2017-04-20 18:40:00,155,84,66,5,57.7,12.91
2017-04-20 18:45:00,164,108,56,0,58.4,11.81
2017-04-20 18:50:00,163,111,48,4,56.2,13.4
2017-04-20 18:55:00,169,113,55,1,61.5,8.69
2017-04-20 19:00:00,152,103,48,1,65.3,5.64
2017-04-20 19:05:00,164,110,52,2,58.2,9.84
2017-04-20 19:10:00,165,110,53,2,56.6,10.54
2017-04-20 19:15:00,153,90,60,3,58.4,7.89
2017-04-20 19:20:00,143,116,25,2,56.6,8.15
2017-04-20 19:25:00,127,96,31,0,59.2,6.95
2017-04-20 19:30:00,91,68,23,0,57.3,6.07
2017-04-20 19:35:00,129,96,32,1,56.5,9.14
2017-04-20 19:40:00,133,105,27,1,56.8,8.09
2017-04-20 19:45:00,122,89,32,1,58.7,6.26
2017-04-20 19:50:00,136,99,37,0,59.1,7.71
2017-04-20 19:55:00,109,76,33,0,64.0,4.89
2017-04-20 20:00:00,134,99,33,2,56.7,8.28
2017-04-20 20:05:00,111,81,29,1,56.9,5.74
2017-04-20 20:10:00,118,88,30,0,62.2,7.57
2017-04-20 20:15:00,100,77,22,1,59.7,9.22
2017-04-20 20:20:00,118,87,31,0,55.8,7.97
2017-04-20 20:25:00,141,98,42,1,58.1,9.17
2017-04-20 20:30:00,104,70,33,1,59.9,5.28
2017-04-20 20:35:00,103,66,37,0,67.3,4.64
2017-04-20 20:40:00,101,69,31,1,66.7,4.23
2017-04-20 20:45:00,114,84,30,0,61.6,5.73
2017-04-20 20:50:00,91,68,23,0,67.1,3.81
2017-04-20 20:55:00,117,85,32,0,58.7,8.74
2017-04-20 21:00:00,149,118,30,1,55.6,13.27
2017-04-20 21:05:00,107,78,28,1,55.4,6.18
2017-04-20 21:10:00,128,84,44,0,60.9,7.99
2017-04-20 21:15:00,140,101,39,0,62.3,7.83
2017-04-20 21:20:00,121,87,34,0,63.2,5.97
2017-04-20 21:25:00,135,91,43,1,57.5,8.87
2017-04-20 21:30:00,106,75,31,0,64.7,5.53
2017-04-20 21:35:00,97,66,31,0,65.1,4.3
2017-04-20 21:40:00,119,78,41,0,61.3,7.63
2017-04-20 21:45:00,126,89,37,0,60.4,7.17
2017-04-20 21:50:00,101,74,27,0,64.5,4.78
2017-04-20 21:55:00,114,84,30,0,62.9,5.99
2017-04-20 22:00:00,112,73,37,2,65.0,5.29
2017-04-20 22:05:00,94,66,28,0,59.2,4.26
2017-04-20 22:10:00,129,91,38,0,58.8,7.64
2017-04-20 22:15:00,139,106,33,0,62.1,9.19
2017-04-20 22:20:00,91,71,20,0,67.8,6.34
2017-04-20 22:25:00,125,93,32,0,60.4,8.75
2017-04-20 22:30:00,81,51,29,1,61.9,3.45
2017-04-20 22:35:00,71,44,27,0,68.7,3.09
2017-04-20 22:40:00,76,44,32,0,67.6,3.44
2017-04-20 22:45:00,71,47,23,1,64.8,2.82
2017-04-20 22:50:00,70,39,31,0,61.7,3.3
2017-04-20 22:55:00,65,40,25,0,66.8,2.22
2017-04-20 23:00:00,81,47,32,2,60.3,4.52
2017-04-20 23:05:00,65,40,24,1,60.1,3.31
2017-04-20 23:10:00,64,34,30,0,66.8,3.26
2017-04-20 23:15:00,68,39,29,0,66.7,3.47
2017-04-20 23:20:00,57,35,22,0,63.6,2.19
2017-04-20 23:25:00,39,34,5,0,60.6,1.45
2017-04-20 23:30:00,35,20,15,0,61.6,1.36
2017-04-20 23:35:00,55,39,16,0,60.6,2.6
2017-04-20 23:40:00,49,31,17,1,64.3,2.38
2017-04-20 23:45:00,49,26,21,2,70.7,2.16
2017-04-20 23:50:00,37,22,15,0,60.0,1.34
2017-04-20 23:55:00,38,22,16,0,70.9,1.68
2017-04-21 00:00:00,42,29,13,0,71.1,1.49
2017-04-21 00:05:00,36,24,12,0,61.6,1.43
2017-04-21 00:10:00,29,23,6,0,56.5,1.28
2017-04-21 00:15:00,40,25,15,0,67.9,1.29
2017-04-21 00:20:00,38,23,15,0,72.3,1.35
2017-04-21 00:25:00,34,23,11,0,57.5,1.21
2017-04-21 00:30:00,22,16,6,0,72.1,0.65
2017-04-21 00:35:00,27,14,13,0,72.0,0.99
2017-04-21 00:40:00,23,10,13,0,71.6,0.88
2017-04-21 00:45:00,29,17,12,0,67.7,1.05
2017-04-21 00:50:00,25,17,8,0,62.2,0.91
2017-04-21 00:55:00,18,7,11,0,64.8,0.73
2017-04-21 01:00:00,19,13,6,0,67.4,0.73
2017-04-21 01:05:00,18,12,6,0,62.9,0.67
2017-04-21 01:10:00,17,7,9,1,70.2,0.58
2017-04-21 01:15:00,21,9,12,0,74.0,0.9
2017-04-21 01:20:00,27,16,11,0,62.0,1.27
2017-04-21 01:25:00,16,10,5,1,68.1,0.65
2017-04-21 01:30:00,25,19,6,0,59.4,1.13
2017-04-21 01:35:00,18,8,10,0,65.9,0.72
2017-04-21 01:40:00,14,10,4,0,57.0,0.5
2017-04-21 01:45:00,16,14,2,0,68.2,0.5
2017-04-21 01:50:00,16,11,5,0,63.6,3.37
2017-04-21 01:55:00,20,14,5,1,64.0,0.83
2017-04-21 02:00:00,9,7,2,0,50.8,0.35
2017-04-21 02:05:00,12,9,3,0,68.6,0.42
2017-04-21 02:10:00,13,9,4,0,65.7,0.47
2017-04-21 02:15:00,19,12,7,0,67.3,0.74
2017-04-21 02:20:00,14,8,6,0,67.8,0.52
2017-04-21 02:25:00,14,11,3,0,65.9,0.51
2017-04-21 02:30:00,10,6,4,0,58.3,0.34
2017-04-21 02:35:00,12,7,4,1,63.4,0.38
2017-04-21 02:40:00,14,11,3,0,65.3,0.52
2017-04-21 02:45:00,18,11,7,0,63.6,0.57
2017-04-21 02:50:00,13,9,4,0,51.5,0.53
2017-04-21 02:55:00,8,8,0,0,65.8,0.29
2017-04-21 03:00:00,8,4,4,0,61.6,0.27
2017-04-21 03:05:00,17,8,9,0,68.3,0.66
2017-04-21 03:10:00,13,7,6,0,59.0,0.58
2017-04-21 03:15:00,11,7,4,0,61.8,0.46
2017-04-21 03:20:00,12,9,3,0,69.7,0.5
2017-04-21 03:25:00,11,7,4,0,64.6,0.39
2017-04-21 03:30:00,11,10,1,0,56.6,0.45
2017-04-21 03:35:00,15,7,8,0,63.9,0.59
2017-04-21 03:40:00,10,6,4,0,50.6,0.47
2017-04-21 03:45:00,9,4,5,0,72.8,0.42
2017-04-21 03:50:00,13,7,6,0,59.4,0.57
2017-04-21 03:55:00,13,9,4,0,63.8,0.6
2017-04-21 04:00:00,9,4,5,0,66.6,0.32
2017-04-21 04:05:00,13,6,7,0,67.2,0.52
2017-04-21 04:10:00,17,8,8,1,84.1,0.71
2017-04-21 04:15:00,16,6,10,0,75.0,0.57
2017-04-21 04:20:00,21,11,10,0,64.6,0.78
2017-04-21 04:25:00,23,17,6,0,58.9,0.85
2017-04-21 04:30:00,12,6,6,0,63.5,0.46
2017-04-21 04:35:00,16,13,3,0,62.5,0.65
2017-04-21 04:40:00,17,7,10,0,68.6,0.65
2017-04-21 04:45:00,21,12,9,0,63.4,0.77
2017-04-21 04:50:00,20,12,8,0,59.4,0.73
2017-04-21 04:55:00,33,18,15,0,64.2,1.28
2017-04-21 05:00:00,14,9,5,0,54.2,0.65
2017-04-21 05:05:00,25,15,10,0,58.2,1.23
2017-04-21 05:10:00,15,5,10,0,68.0,0.66
2017-04-21 05:15:00,27,17,10,0,69.9,1.09
2017-04-21 05:20:00,19,12,7,0,73.3,0.65
2017-04-21 05:25:00,26,17,9,0,61.7,1.0
2017-04-21 05:30:00,34,21,13,0,61.9,1.46
2017-04-21 05:35:00,35,23,11,1,61.4,1.58
2017-04-21 05:40:00,36,21,14,1,64.0,1.56
2017-04-21 05:45:00,47,25,22,0,66.5,1.87
2017-04-21 05:50:00,39,22,16,1,73.4,1.28
2017-04-21 05:55:00,43,29,12,2,66.3,1.41
2017-04-21 06:00:00,46,28,18,0,64.8,1.5
2017-04-21 06:05:00,54,32,21,1,63.9,2.08
2017-04-21 06:10:00,58,36,20,2,65.0,1.79
2017-04-21 06:15:00,94,55,39,0,66.9,2.87
2017-04-21 06:20:00,71,44,27,0,68.1,2.46
2017-04-21 06:25:00,70,38,31,1,66.6,2.2
2017-04-21 06:30:00,79,49,27,3,61.6,2.78
2017-04-21 06:35:00,82,48,33,1,70.8,2.45
2017-04-21 06:40:00,89,53,33,3,64.2,3.61
2017-04-21 06:45:00,94,56,36,2,70.2,3.07
2017-04-21 06:50:00,100,63,36,1,68.0,3.07
2017-04-21 06:55:00,118,71,45,2,69.2,3.78
2017-04-21 07:00:00,94,54,39,1,64.3,3.14
2017-04-21 07:05:00,136,98,38,0,69.3,3.76
2017-04-21 07:10:00,122,68,54,0,69.7,3.68
2017-04-21 07:15:00,164,109,53,2,69.0,5.78
2017-04-21 07:20:00,156,108,48,0,61.9,15.03
2017-04-21 07:25:00,151,109,42,0,64.1,5.79
2017-04-21 07:30:00,154,104,49,1,60.4,11.45
2017-04-21 07:35:00,153,101,50,2,64.3,6.8
2017-04-21 07:40:00,149,94,51,4,65.1,6.15
2017-04-21 07:45:00,173,115,56,2,63.8,6.55
2017-04-21 07:50:00,169,120,48,1,65.4,5.79
2017-04-21 07:55:00,154,113,38,3,67.8,4.9
2017-04-21 08:00:00,165,115,48,2,64.9,6.22
2017-04-21 08:05:00,175,135,38,2,63.1,7.2
2017-04-21 08:10:00,170,124,45,1,62.2,6.33
2017-04-21 08:15:00,185,132,53,0,59.5,8.63
2017-04-21 08:20:00,194,132,61,1,52.8,11.34
2017-04-21 08:25:00,199,153,45,1,58.2,8.41
2017-04-21 08:30:00,222,156,66,0,56.1,14.18
2017-04-21 08:35:00,198,139,57,2,57.2,13.69
2017-04-21 08:40:00,163,125,37,1,61.9,6.96
2017-04-21 08:45:00,188,134,54,0,59.5,8.37
2017-04-21 08:50:00,131,94,36,1,62.0,18.84
2017-04-21 08:55:00,142,102,36,4,64.0,6.33
2017-04-21 09:00:00,159,122,36,1,55.7,12.14
2017-04-21 09:05:00,136,87,48,1,60.8,6.62
2017-04-21 09:10:00,153,111,40,2,60.1,8.21
2017-04-21 09:15:00,172,123,48,1,61.5,7.55
2017-04-21 09:20:00,156,105,50,1,66.1,5.15
2017-04-21 09:25:00,162,106,56,0,62.1,6.17
2017-04-21 09:30:00,169,109,56,4,60.7,6.25
2017-04-21 09:35:00,137,93,42,2,63.3,5.38
2017-04-21 09:40:00,161,102,59,0,60.8,5.43
2017-04-21 09:45:00,171,105,65,1,63.9,6.0
2017-04-21 09:50:00,130,85,43,2,66.3,4.27
2017-04-21 09:55:00,134,78,56,0,65.5,4.17
2017-04-21 10:00:00,112,75,37,0,61.6,5.2
2017-04-21 10:05:00,143,99,43,1,65.7,4.91
2017-04-21 10:10:00,132,85,45,2,65.2,4.42
2017-04-21 10:15:00,133,84,47,2,62.8,4.85
2017-04-21 10:20:00,146,95,48,3,61.0,5.88
2017-04-21 10:25:00,141,89,52,0,59.0,5.77
2017-04-21 10:30:00,139,84,54,1,62.7,7.36
2017-04-21 10:35:00,140,86,47,7,63.6,6.96
2017-04-21 10:40:00,153,98,55,0,62.4,5.84
2017-04-21 10:45:00,119,76,42,1,61.4,4.42
2017-04-21 10:50:00,115,71,44,0,64.9,3.93
2017-04-21 10:55:00,112,65,46,1,59.4,5.42
2017-04-21 11:00:00,114,67,47,0,62.8,4.32
2017-04-21 11:05:00,139,86,51,2,59.7,5.16
2017-04-21 11:10:00,139,80,57,2,63.6,5.2
2017-04-21 11:15:00,118,62,55,1,67.7,3.84
2017-04-21 11:20:00,119,72,47,0,61.1,3.85
2017-04-21 11:25:00,120,70,49,1,63.9,4.91
2017-04-21 11:30:00,134,77,55,2,61.4,6.03
2017-04-21 11:35:00,104,68,35,1,60.5,3.87
2017-04-21 11:40:00,135,92,42,1,59.5,8.21
2017-04-21 11:45:00,131,76,51,4,57.9,5.31
2017-04-21 11:50:00,145,95,48,2,63.8,4.8
2017-04-21 11:55:00,130,85,42,3,57.7,4.96
2017-04-21 12:00:00,120,75,45,0,63.7,4.34
2017-04-21 12:05:00,102,62,38,2,61.2,3.62
2017-04-21 12:10:00,120,73,45,2,60.1,4.91
2017-04-21 12:15:00,115,74,41,0,65.2,3.96
2017-04-21 12:20:00,135,91,42,2,62.8,5.6
2017-04-21 12:25:00,125,73,52,0,58.8,4.69
2017-04-21 12:30:00,129,76,51,2,60.8,5.26
2017-04-21 12:35:00,131,79,48,4,61.8,4.5
2017-04-21 12:40:00,102,66,35,1,58.1,4.9
2017-04-21 12:45:00,119,72,45,2,65.0,4.08
2017-04-21 12:50:00,143,78,63,2,60.4,6.27
2017-04-21 12:55:00,132,76,54,2,63.5,4.58
2017-04-21 13:00:00,129,78,50,1,59.7,4.59
2017-04-21 13:05:00,156,90,65,1,61.3,7.17
2017-04-21 13:10:00,159,83,74,2,63.8,6.43
2017-04-21 13:15:00,128,94,34,0,62.1,5.65
2017-04-21 13:20:00,115,74,40,1,63.0,4.61
2017-04-21 13:25:00,120,67,53,0,62.7,4.54
2017-04-21 13:30:00,162,100,59,3,53.0,11.44
2017-04-21 13:35:00,163,105,56,2,58.9,8.42
2017-04-21 13:40:00,137,75,62,0,60.0,6.41
2017-04-21 13:45:00,202,116,86,0,55.1,12.24
2017-04-21 13:50:00,145,83,58,4,61.7,7.28
2017-04-21 13:55:00,162,105,55,2,57.3,8.39
2017-04-21 14:00:00,133,89,43,1,63.4,5.46
2017-04-21 14:05:00,137,80,56,1,58.4,6.0
2017-04-21 14:10:00,136,80,54,2,60.5,5.41
2017-04-21 14:15:00,163,87,72,4,56.6,8.83
2017-04-21 14:20:00,159,95,63,1,57.3,7.69
2017-04-21 14:25:00,188,106,82,0,57.7,9.95
2017-04-21 14:30:00,171,98,71,2,60.6,8.55
2017-04-21 14:35:00,162,89,71,2,53.7,8.46
2017-04-21 14:40:00,146,84,61,1,59.1,6.02
2017-04-21 14:45:00,148,85,62,1,59.7,6.98
2017-04-21 14:50:00,157,74,78,5,55.4,10.05
2017-04-21 14:55:00,184,83,101,0,55.7,9.67
2017-04-21 15:00:00,128,67,59,2,58.7,4.91
2017-04-21 15:05:00,161,71,86,4,56.2,8.01
2017-04-21 15:10:00,157,72,85,0,57.3,7.38
2017-04-21 15:15:00,155,80,73,2,58.4,7.2
2017-04-21 15:20:00,151,77,74,0,55.6,8.33
2017-04-21 15:25:00,156,79,76,1,56.8,8.19
2017-04-21 15:30:00,155,78,75,2,57.9,8.65
2017-04-21 15:35:00,182,95,86,1,56.4,10.01
2017-04-21 15:40:00,187,99,85,3,58.4,10.39
2017-04-21 15:45:00,175,101,71,3,56.8,9.89
2017-04-21 15:50:00,139,81,58,0,62.6,5.56
2017-04-21 15:55:00,164,91,71,2,56.1,9.54
2017-04-21 16:00:00,167,99,67,1,61.2,8.04
2017-04-21 16:05:00,158,88,69,1,60.7,6.29
2017-04-21 16:10:00,173,90,80,3,56.8,8.68
2017-04-21 16:15:00,193,98,95,0,55.9,10.59
2017-04-21 16:20:00,180,114,63,3,55.8,9.47
2017-04-21 16:25:00,178,106,71,1,58.6,10.23
2017-04-21 16:30:00,184,113,71,0,57.9,10.3
2017-04-21 16:35:00,168,109,59,0,54.7,12.17
2017-04-21 16:40:00,180,114,66,0,58.9,8.7
2017-04-21 16:45:00,190,134,56,0,60.8,10.34
2017-04-21 16:50:00,161,102,59,0,57.7,8.09
2017-04-21 16:55:00,166,98,68,0,59.3,7.89
2017-04-21 17:00:00,186,126,56,4,59.1,9.26
2017-04-21 17:05:00,164,120,43,1,55.5,9.76
2017-04-21 17:10:00,186,118,66,2,52.3,20.41
2017-04-21 17:15:00,173,115,58,0,53.4,17.85
2017-04-21 17:20:00,198,125,71,2,53.5,15.74
2017-04-21 17:25:00,179,116,62,1,54.4,13.98
2017-04-21 17:30:00,210,143,67,0,60.5,13.99
2017-04-21 17:35:00,202,132,68,2,59.1,9.48
2017-04-21 17:40:00,194,135,59,0,58.0,14.42
2017-04-21 17:45:00,183,122,60,1,53.9,21.3
2017-04-21 17:50:00,189,118,69,2,54.5,23.08
2017-04-21 17:55:00,191,119,69,3,54.4,22.4
2017-04-21 18:00:00,200,127,70,3,50.2,20.33
2017-04-21 18:05:00,209,133,75,1,51.1,15.69
2017-04-21 18:10:00,245,175,68,2,45.1,36.85
2017-04-21 18:15:00,258,167,89,2,43.6,23.04
2017-04-21 18:20:00,225,151,73,1,44.4,28.01
2017-04-21 18:25:00,228,155,72,1,44.5,26.1
2017-04-21 18:30:00,241,158,79,4,43.0,35.38
2017-04-21 18:35:00,183,114,65,4,45.9,31.08
2017-04-21 18:40:00,188,112,75,1,47.9,20.47
2017-04-21 18:45:00,201,129,69,3,51.6,18.17
2017-04-21 18:50:00,212,135,76,1,48.4,27.78
2017-04-21 18:55:00,193,115,78,0,47.8,24.92
2017-04-21 19:00:00,178,121,55,2,43.3,31.86
2017-04-21 19:05:00,224,150,72,2,45.2,17.49
2017-04-21 19:10:00,218,131,83,4,43.5,26.57
2017-04-21 19:15:00,201,118,78,5,53.7,21.27
2017-04-21 19:20:00,171,130,36,5,50.9,12.15
2017-04-21 19:25:00,166,143,21,2,55.7,17.17
2017-04-21 19:30:00,145,110,33,2,50.6,12.13
2017-04-21 19:35:00,162,121,40,1,51.6,14.68
2017-04-21 19:40:00,162,129,32,1,53.5,15.89
2017-04-21 19:45:00,168,127,40,1,54.8,10.95
2017-04-21 19:50:00,166,138,28,0,53.8,10.69
2017-04-21 19:55:00,158,112,46,0,59.5,8.84
2017-04-21 20:00:00,158,125,33,0,54.8,12.24
2017-04-21 20:05:00,132,98,33,1,54.6,12.49
2017-04-21 20:10:00,133,95,35,3,55.3,9.56
2017-04-21 20:15:00,109,74,35,0,54.9,7.39
2017-04-21 20:20:00,105,75,30,0,54.7,12.87
2017-04-21 20:25:00,126,95,30,1,56.1,10.33
2017-04-21 20:30:00,136,94,41,1,63.6,7.31
2017-04-21 20:35:00,133,100,32,1,54.8,8.38
2017-04-21 20:40:00,151,104,47,0,55.1,11.97
2017-04-21 20:45:00,127,90,37,0,63.9,7.03
2017-04-21 20:50:00,171,121,49,1,57.8,12.43
2017-04-21 20:55:00,121,92,26,3,53.6,11.13
2017-04-21 21:00:00,139,108,30,1,52.5,15.23
2017-04-21 21:05:00,150,110,38,2,56.1,13.7
2017-04-21 21:10:00,106,68,37,1,61.4,8.71
2017-04-21 21:15:00,147,109,38,0,64.4,9.51
2017-04-21 21:20:00,137,104,32,1,62.1,8.12
2017-04-21 21:25:00,132,97,34,1,59.2,6.9
2017-04-21 21:30:00,121,87,32,2,59.5,5.54
2017-04-21 21:35:00,98,66,31,1,60.6,7.33
2017-04-21 21:40:00,158,122,35,1,54.4,11.89
2017-04-21 21:45:00,150,115,35,0,59.4,9.1
2017-04-21 21:50:00,131,103,27,1,62.9,7.88
2017-04-21 21:55:00,135,85,49,1,63.1,6.68
2017-04-21 22:00:00,116,87,29,0,60.5,6.97
2017-04-21 22:05:00,128,97,31,0,58.4,7.28
2017-04-21 22:10:00,136,97,37,2,59.6,10.68
2017-04-21 22:15:00,127,94,32,1,59.8,8.67
2017-04-21 22:20:00,103,79,24,0,64.5,7.53
2017-04-21 22:25:00,126,102,24,0,57.8,9.19
2017-04-21 22:30:00,102,75,26,1,60.7,6.76
2017-04-21 22:35:00,102,76,26,0,63.0,5.02
2017-04-21 22:40:00,84,54,30,0,66.8,4.17
2017-04-21 22:45:00,94,67,27,0,57.3,4.0
2017-04-21 22:50:00,61,39,20,2,70.8,3.15
2017-04-21 22:55:00,80,63,17,0,56.6,3.98
2017-04-21 23:00:00,66,40,26,0,66.6,2.98
2017-04-21 23:05:00,68,44,24,0,64.2,2.81
2017-04-21 23:10:00,86,63,23,0,68.5,4.04
2017-04-21 23:15:00,72,48,24,0,62.2,3.56
2017-04-21 23:20:00,55,36,18,1,61.9,2.1
2017-04-21 23:25:00,49,32,16,1,63.9,1.99
2017-04-21 23:30:00,69,45,24,0,65.4,2.74
2017-04-21 23:35:00,48,30,18,0,61.1,2.14
2017-04-21 23:40:00,54,37,17,0,60.5,2.87
2017-04-21 23:45:00,71,40,30,1,71.4,4.21
2017-04-21 23:50:00,45,26,19,0,74.3,1.71
2017-04-21 23:55:00,40,24,16,0,65.6,1.4
2017-04-22 00:00:00,44,32,11,1,73.5,1.64
2017-04-22 00:05:00,38,26,12,0,67.3,1.34
2017-04-22 00:10:00,51,37,14,0,67.9,2.07
2017-04-22 00:15:00,50,31,19,0,71.9,1.81
2017-04-22 00:20:00,44,30,14,0,69.7,1.42
2017-04-22 00:25:00,35,20,15,0,69.8,1.27
2017-04-22 00:30:00,33,19,14,0,61.5,1.35
2017-04-22 00:35:00,28,18,10,0,65.7,0.94
2017-04-22 00:40:00,42,26,16,0,60.7,1.49
2017-04-22 00:45:00,33,22,10,1,62.3,1.26
2017-04-22 00:50:00,32,21,11,0,62.5,1.37
2017-04-22 00:55:00,28,15,13,0,66.6,0.97
2017-04-22 01:00:00,37,24,13,0,63.9,1.45
2017-04-22 01:05:00,34,24,10,0,64.1,1.45
2017-04-22 01:10:00,24,18,6,0,58.3,0.81
2017-04-22 01:15:00,28,14,14,0,64.0,1.04
2017-04-22 01:20:00,25,12,13,0,65.1,0.98
2017-04-22 01:25:00,27,14,12,1,72.7,1.07
2017-04-22 01:30:00,27,18,9,0,63.9,0.97
2017-04-22 01:35:00,21,14,7,0,68.4,0.86
2017-04-22 01:40:00,11,5,6,0,66.3,0.5
2017-04-22 01:45:00,20,9,11,0,69.3,0.74
2017-04-22 01:50:00,24,17,7,0,65.9,0.85
2017-04-22 01:55:00,20,13,7,0,59.1,0.71
2017-04-22 02:00:00,30,23,7,0,67.4,1.11
2017-04-22 02:05:00,16,10,6,0,70.6,0.59
2017-04-22 02:10:00,13,9,4,0,72.3,0.46
2017-04-22 02:15:00,20,11,9,0,70.0,0.79
2017-04-22 02:20:00,12,6,6,0,64.2,0.52
2017-04-22 02:25:00,13,6,6,1,72.7,0.41
2017-04-22 02:30:00,15,11,4,0,66.6,0.51
2017-04-22 02:35:00,15,5,10,0,68.1,0.47
2017-04-22 02:40:00,12,10,1,1,51.9,0.57
2017-04-22 02:45:00,20,13,7,0,62.6,0.84
2017-04-22 02:50:00,17,6,11,0,64.1,0.58
2017-04-22 02:55:00,14,11,1,2,63.4,0.57
2017-04-22 03:00:00,14,9,5,0,64.1,0.49
2017-04-22 03:05:00,8,3,5,0,74.5,0.22
2017-04-22 03:10:00,11,8,3,0,54.1,0.59
2017-04-22 03:15:00,11,7,4,0,61.3,0.38
2017-04-22 03:20:00,11,4,7,0,73.5,0.42
2017-04-22 03:25:00,17,9,8,0,77.6,0.6
2017-04-22 03:30:00,18,11,7,0,71.8,0.66
2017-04-22 03:35:00,7,3,3,1,49.4,0.46
2017-04-22 03:40:00,14,10,4,0,64.4,0.52
2017-04-22 03:45:00,21,10,11,0,64.1,1.08
2017-04-22 03:50:00,17,11,6,0,62.9,0.62
2017-04-22 03:55:00,15,5,10,0,60.0,0.68
2017-04-22 04:00:00,12,8,4,0,65.1,0.5
2017-04-22 04:05:00,17,11,6,0,86.8,0.48
2017-04-22 04:10:00,20,12,8,0,67.0,0.77
2017-04-22 04:15:00,10,7,3,0,57.9,0.44
2017-04-22 04:20:00,15,11,4,0,64.3,0.52
2017-04-22 04:25:00,14,11,3,0,61.6,0.66
2017-04-22 04:30:00,20,10,8,2,56.0,0.64
2017-04-22 04:35:00,23,13,10,0,67.6,0.8
2017-04-22 04:40:00,32,22,10,0,65.5,1.22
2017-04-22 04:45:00,17,5,12,0,67.5,0.75
2017-04-22 04:50:00,24,13,11,0,60.4,1.02
2017-04-22 04:55:00,13,6,6,1,84.9,0.47
2017-04-22 05:00:00,22,12,10,0,58.8,0.91
2017-04-22 05:05:00,22,13,9,0,65.6,1.05
2017-04-22 05:10:00,12,9,3,0,71.7,0.48
2017-04-22 05:15:00,20,10,10,0,68.5,0.85
2017-04-22 05:20:00,26,13,12,1,67.4,1.12
2017-04-22 05:25:00,26,15,11,0,63.7,1.31
2017-04-22 05:30:00,25,20,5,0,65.8,0.94
2017-04-22 05:35:00,33,23,8,2,63.6,1.41
2017-04-22 05:40:00,40,23,15,2,64.5,1.56
2017-04-22 05:45:00,32,21,11,0,72.9,1.2
2017-04-22 05:50:00,44,26,16,2,65.0,1.35
2017-04-22 05:55:00,35,22,13,0,72.8,1.07
2017-04-22 06:00:00,39,14,24,1,59.9,1.66
2017-04-22 06:05:00,51,31,16,4,68.0,1.84
2017-04-22 06:10:00,57,39,18,0,70.6,1.64
2017-04-22 06:15:00,63,44,19,0,64.6,1.88
2017-04-22 06:20:00,65,40,24,1,64.4,2.4
2017-04-22 06:25:00,61,40,20,1,67.0,1.84
2017-04-22 06:30:00,66,44,22,0,68.8,1.94
2017-04-22 06:35:00,63,44,18,1,64.3,2.52
2017-04-22 06:40:00,62,47,15,0,64.4,1.83
2017-04-22 06:45:00,68,39,28,1,72.6,2.1
2017-04-22 06:50:00,84,61,23,0,64.8,2.78
2017-04-22 06:55:00,82,62,20,0,69.8,2.63
2017-04-22 07:00:00,67,46,21,0,70.9,2.04
2017-04-22 07:05:00,89,60,29,0,73.1,2.63
2017-04-22 07:10:00,73,43,29,1,68.9,2.31
2017-04-22 07:15:00,81,39,41,1,71.6,2.55
2017-04-22 07:20:00,83,29,53,1,68.8,2.7
2017-04-22 07:25:00,103,41,62,0,67.0,3.88
2017-04-22 07:30:00,98,42,53,3,60.5,4.35
2017-04-22 07:35:00,76,31,45,0,69.6,2.55
2017-04-22 07:40:00,108,54,54,0,68.5,3.74
2017-04-22 07:45:00,98,62,36,0,71.7,3.43
2017-04-22 07:50:00,94,56,38,0,70.1,3.13
2017-04-22 07:55:00,110,67,41,2,69.9,3.82
2017-04-22 08:00:00,109,73,35,1,65.5,3.75
2017-04-22 08:05:00,114,83,29,2,63.5,3.89
2017-04-22 08:10:00,127,86,41,0,63.8,4.28
2017-04-22 08:15:00,125,87,36,2,63.9,5.07
2017-04-22 08:20:00,120,89,31,0,61.2,5.61
2017-04-22 08:25:00,140,106,34,0,66.4,4.48
2017-04-22 08:30:00,163,114,48,1,65.3,5.77
2017-04-22 08:35:00,141,100,41,0,61.7,5.13
2017-04-22 08:40:00,157,109,44,4,62.9,5.07
2017-04-22 08:45:00,150,99,51,0,61.5,5.56
2017-04-22 08:50:00,166,110,55,1,60.8,7.25
2017-04-22 08:55:00,141,101,40,0,60.4,5.0
2017-04-22 09:00:00,155,114,40,1,57.0,7.59
2017-04-22 09:05:00,192,125,65,2,55.4,14.56
2017-04-22 09:10:00,159,107,50,2,58.5,11.54
2017-04-22 09:15:00,150,106,44,0,61.9,5.05
2017-04-22 09:20:00,123,93,29,1,62.4,3.83
2017-04-22 09:25:00,151,100,47,4,63.8,5.53
2017-04-22 09:30:00,154,111,43,0,64.7,4.53
2017-04-22 09:35:00,162,118,41,3,65.7,4.87
2017-04-22 09:40:00,144,99,44,1,63.0,4.69
2017-04-22 09:45:00,182,112,68,2,59.2,7.78
2017-04-22 09:50:00,159,109,47,3,66.5,5.38
2017-04-22 09:55:00,170,108,59,3,65.0,6.08
2017-04-22 10:00:00,164,106,57,1,63.3,5.71
2017-04-22 10:05:00,181,110,69,2,59.7,6.49
2017-04-22 10:10:00,164,111,52,1,59.8,6.94
2017-04-22 10:15:00,151,100,49,2,60.7,6.24
2017-04-22 10:20:00,165,100,65,0,64.7,5.89
2017-04-22 10:25:00,131,97,33,1,65.0,4.4
2017-04-22 10:30:00,158,112,45,1,63.7,5.52
2017-04-22 10:35:00,151,105,45,1,65.6,4.65
2017-04-22 10:40:00,148,101,46,1,62.9,5.14
2017-04-22 10:45:00,151,97,52,2,64.8,4.86
2017-04-22 10:50:00,145,90,53,2,64.9,4.38
2017-04-22 10:55:00,175,102,71,2,63.8,7.34
2017-04-22 11:00:00,182,115,65,2,60.0,7.33
2017-04-22 11:05:00,178,116,61,1,61.7,6.35
2017-04-22 11:10:00,184,113,67,4,60.0,7.43
2017-04-22 11:15:00,147,92,55,0,61.9,5.1
2017-04-22 11:20:00,138,90,48,0,62.8,4.93
2017-04-22 11:25:00,169,125,42,2,61.4,7.24
2017-04-22 11:30:00,159,101,57,1,62.5,6.62
2017-04-22 11:35:00,155,102,52,1,65.6,5.46
2017-04-22 11:40:00,168,92,75,1,58.7,9.21
2017-04-22 11:45:00,173,107,65,1,54.9,10.24
2017-04-22 11:50:00,163,99,63,1,55.2,19.27
2017-04-22 11:55:00,174,107,65,2,59.1,10.56
2017-04-22 12:00:00,152,91,60,1,60.2,7.58
2017-04-22 12:05:00,148,91,57,0,60.8,6.77
2017-04-22 12:10:00,173,118,53,2,56.3,9.81
2017-04-22 12:15:00,136,86,50,0,62.1,6.32
2017-04-22 12:20:00,175,114,60,1,61.2,6.43
2017-04-22 12:25:00,171,111,60,0,58.8,9.67
2017-04-22 12:30:00,165,107,58,0,56.7,7.73
2017-04-22 12:35:00,187,125,61,1,56.1,14.12
2017-04-22 12:40:00,185,127,58,0,50.9,15.14
2017-04-22 12:45:00,183,112,70,1,55.0,9.85
2017-04-22 12:50:00,140,92,48,0,59.9,7.82
2017-04-22 12:55:00,200,125,73,2,57.0,10.46
2017-04-22 13:00:00,180,118,61,1,56.6,9.64
2017-04-22 13:05:00,171,106,64,1,56.7,11.53
2017-04-22 13:10:00,191,122,65,4,53.3,18.53
2017-04-22 13:15:00,206,133,72,1,53.3,18.23
2017-04-22 13:20:00,183,128,55,0,55.0,19.0
2017-04-22 13:25:00,175,108,66,1,60.5,11.47
2017-04-22 13:30:00,183,117,65,1,52.8,12.85
2017-04-22 13:35:00,185,116,69,0,54.1,12.1
2017-04-22 13:40:00,207,133,72,2,51.9,11.24
2017-04-22 13:45:00,177,115,62,0,58.6,7.89
2017-04-22 13:50:00,184,112,72,0,55.1,7.59
2017-04-22 13:55:00,201,140,59,2,53.0,19.16
2017-04-22 14:00:00,211,149,61,1,51.0,20.61
2017-04-22 14:05:00,197,126,69,2,53.4,18.08
2017-04-22 14:10:00,170,98,68,4,53.9,17.49
2017-04-22 14:15:00,192,119,72,1,52.4,14.7
2017-04-22 14:20:00,217,143,72,2,52.0,12.1
2017-04-22 14:25:00,186,123,63,0,53.7,9.78
2017-04-22 14:30:00,203,120,81,2,52.5,10.38
2017-04-22 14:35:00,194,112,81,1,53.7,12.56
2017-04-22 14:40:00,192,119,73,0,50.0,11.11
2017-04-22 14:45:00,189,109,80,0,51.6,16.7
2017-04-22 14:50:00,166,100,63,3,48.7,21.5
2017-04-22 14:55:00,187,115,70,2,47.5,19.28
2017-04-22 15:00:00,173,108,63,2,55.4,9.55
2017-04-22 15:05:00,167,96,65,6,53.1,10.6
2017-04-22 15:10:00,188,97,90,1,56.2,9.19
2017-04-22 15:15:00,176,103,72,1,56.0,14.57
2017-04-22 15:20:00,181,106,72,3,53.8,9.68
2017-04-22 15:25:00,171,114,57,0,51.6,9.48
2017-04-22 15:30:00,154,90,62,2,57.6,7.49
2017-04-22 15:35:00,161,99,60,2,54.8,9.95
2017-04-22 15:40:00,168,110,57,1,49.8,20.34
2017-04-22 15:45:00,181,111,70,0,52.3,13.2
2017-04-22 15:50:00,150,85,65,0,57.2,9.27
2017-04-22 15:55:00,161,96,64,1,56.0,8.45
2017-04-22 16:00:00,148,81,66,1,59.6,7.68
2017-04-22 16:05:00,147,84,61,2,55.4,8.02
2017-04-22 16:10:00,164,96,67,1,56.8,7.78
2017-04-22 16:15:00,181,116,63,2,52.4,11.36
2017-04-22 16:20:00,185,104,78,3,54.7,14.43
2017-04-22 16:25:00,155,101,53,1,54.0,13.58
2017-04-22 16:30:00,173,108,64,1,51.3,14.56
2017-04-22 16:35:00,186,105,80,1,55.4,10.94
2017-04-22 16:40:00,155,113,42,0,54.8,8.67
2017-04-22 16:45:00,168,111,57,0,52.1,10.09
2017-04-22 16:50:00,155,90,65,0,55.3,7.36
2017-04-22 16:55:00,190,121,67,2,56.2,9.94
2017-04-22 17:00:00,187,135,49,3,48.3,17.65
2017-04-22 17:05:00,180,131,47,2,51.2,18.5
2017-04-22 17:10:00,184,128,55,1,48.4,22.55
2017-04-22 17:15:00,158,103,53,2,49.8,19.68
2017-04-22 17:20:00,178,135,43,0,52.0,11.46
2017-04-22 17:25:00,174,117,53,4,53.0,11.98
2017-04-22 17:30:00,179,134,44,1,54.3,10.19
2017-04-22 17:35:00,182,147,34,1,48.3,11.93
2017-04-22 17:40:00,189,150,39,0,49.2,13.72
2017-04-22 17:45:00,178,148,30,0,48.8,16.91
2017-04-22 17:50:00,159,125,32,2,47.9,19.63
2017-04-22 17:55:00,181,142,39,0,54.7,13.12
2017-04-22 18:00:00,154,126,28,0,54.2,8.76
2017-04-22 18:05:00,154,112,41,1,54.2,8.25
2017-04-22 18:10:00,184,125,57,2,57.1,9.17
2017-04-22 18:15:00,172,119,51,2,54.9,9.26
2017-04-22 18:20:00,168,126,40,2,52.3,11.78
2017-04-22 18:25:00,162,114,48,0,53.8,8.64
2017-04-22 18:30:00,155,106,49,0,53.8,11.49
2017-04-22 18:35:00,158,101,56,1,54.8,9.27
2017-04-22 18:40:00,134,87,47,0,56.8,10.1
2017-04-22 18:45:00,126,84,41,1,56.1,7.49
2017-04-22 18:50:00,122,79,43,0,56.2,8.03
2017-04-22 18:55:00,129,80,47,2,60.2,5.81
2017-04-22 19:00:00,130,77,50,3,59.2,5.45
2017-04-22 19:05:00,145,95,48,2,55.1,7.12
2017-04-22 19:10:00,149,98,51,0,52.7,8.76
2017-04-22 19:15:00,162,98,57,7,51.6,10.63
2017-04-22 19:20:00,131,104,27,0,55.2,6.58
2017-04-22 19:25:00,137,105,32,0,56.4,9.19
2017-04-22 19:30:00,114,94,19,1,57.0,5.88
2017-04-22 19:35:00,148,117,30,1,51.3,12.04
2017-04-22 19:40:00,137,105,31,1,54.1,8.96
2017-04-22 19:45:00,125,99,25,1,55.3,8.09
2017-04-22 19:50:00,132,102,30,0,61.7,6.34
2017-04-22 19:55:00,124,75,48,1,57.3,7.32
2017-04-22 20:00:00,128,102,26,0,57.7,8.12
2017-04-22 20:05:00,98,71,27,0,50.9,7.52
2017-04-22 20:10:00,107,88,18,1,51.6,10.39
2017-04-22 20:15:00,127,98,28,1,53.4,8.51
2017-04-22 20:20:00,133,103,30,0,59.6,9.62
2017-04-22 20:25:00,116,90,26,0,56.6,11.4
2017-04-22 20:30:00,116,93,23,0,58.5,5.6
2017-04-22 20:35:00,148,109,39,0,57.7,8.52
2017-04-22 20:40:00,108,82,24,2,55.0,5.86
2017-04-22 20:45:00,90,66,24,0,56.1,4.88
2017-04-22 20:50:00,124,92,30,2,54.7,7.52
2017-04-22 20:55:00,125,89,36,0,53.6,12.4
2017-04-22 21:00:00,130,94,33,3,49.6,11.27
2017-04-22 21:05:00,142,114,26,2,56.2,9.06
2017-04-22 21:10:00,109,88,21,0,53.7,6.47
2017-04-22 21:15:00,104,74,29,1,59.0,5.11
2017-04-22 21:20:00,121,90,31,0,60.8,6.72
2017-04-22 21:25:00,123,90,33,0,55.5,6.6
2017-04-22 21:30:00,84,53,30,1,60.0,4.67
2017-04-22 21:35:00,102,87,15,0,52.4,6.27
2017-04-22 21:40:00,128,94,32,2,59.1,11.27
2017-04-22 21:45:00,122,86,36,0,57.0,6.4
2017-04-22 21:50:00,120,82,37,1,54.0,6.86
2017-04-22 21:55:00,118,85,33,0,57.4,5.83
2017-04-22 22:00:00,103,75,27,1,61.8,5.33
2017-04-22 22:05:00,81,63,18,0,61.0,3.43
2017-04-22 22:10:00,85,57,28,0,62.2,4.26
2017-04-22 22:15:00,107,72,34,1,60.5,6.31
2017-04-22 22:20:00,88,62,25,1,58.9,4.22
2017-04-22 22:25:00,74,53,21,0,57.0,3.81
2017-04-22 22:30:00,70,50,20,0,58.8,2.83
2017-04-22 22:35:00,71,46,25,0,60.9,3.49
2017-04-22 22:40:00,65,38,26,1,61.7,2.54
2017-04-22 22:45:00,73,52,21,0,56.7,4.02
2017-04-22 22:50:00,51,35,16,0,59.9,4.83
2017-04-22 22:55:00,55,42,13,0,51.1,16.1
2017-04-22 23:00:00,57,43,14,0,59.9,2.96
2017-04-22 23:05:00,56,37,18,1,58.0,2.21
2017-04-22 23:10:00,66,48,17,1,59.9,2.64
2017-04-22 23:15:00,44,29,14,1,65.5,1.68
2017-04-22 23:20:00,53,34,18,1,65.7,2.3
2017-04-22 23:25:00,43,25,18,0,61.4,1.91
2017-04-22 23:30:00,50,34,15,1,61.6,1.84
2017-04-22 23:35:00,37,21,16,0,62.9,1.61
2017-04-22 23:40:00,57,45,11,1,63.8,2.72
2017-04-22 23:45:00,48,37,11,0,64.1,2.3
2017-04-22 23:50:00,40,29,11,0,63.0,1.53
2017-04-22 23:55:00,40,31,9,0,71.7,1.38
2017-04-23 00:00:00,36,22,14,0,68.5,1.56
2017-04-23 00:05:00,29,20,9,0,56.3,1.02
2017-04-23 00:10:00,30,13,16,1,65.4,1.26
2017-04-23 00:15:00,19,9,10,0,56.7,0.6
2017-04-23 00:20:00,35,22,13,0,57.7,1.43
2017-04-23 00:25:00,31,19,12,0,63.8,1.07
2017-04-23 00:30:00,22,17,5,0,58.3,0.75
2017-04-23 00:35:00,18,10,8,0,55.0,0.91
2017-04-23 00:40:00,23,14,8,1,67.4,0.82
2017-04-23 00:45:00,24,13,11,0,63.0,0.87
2017-04-23 00:50:00,34,22,12,0,69.2,1.2
2017-04-23 00:55:00,33,20,12,1,63.8,1.04
2017-04-23 01:00:00,33,24,9,0,58.4,1.15
2017-04-23 01:05:00,16,13,3,0,60.3,0.6
2017-04-23 01:10:00,16,12,4,0,66.1,0.58
2017-04-23 01:15:00,15,11,4,0,66.4,0.57
2017-04-23 01:20:00,16,9,7,0,54.7,0.62
2017-04-23 01:25:00,21,13,8,0,62.2,0.81
2017-04-23 01:30:00,24,18,6,0,63.6,0.9
2017-04-23 01:35:00,25,9,16,0,67.2,0.99
2017-04-23 01:40:00,9,4,5,0,65.5,0.26
2017-04-23 01:45:00,15,10,5,0,63.4,0.59
2017-04-23 01:50:00,12,3,9,0,72.4,0.48
2017-04-23 01:55:00,15,10,5,0,66.7,0.54
2017-04-23 02:00:00,16,8,8,0,74.1,0.55
2017-04-23 02:05:00,13,9,4,0,73.7,0.4
2017-04-23 02:10:00,18,8,10,0,82.8,0.55
2017-04-23 02:15:00,13,11,2,0,59.5,0.42
2017-04-23 02:20:00,13,5,8,0,70.4,0.45
2017-04-23 02:25:00,10,6,4,0,70.0,0.3
2017-04-23 02:30:00,8,7,1,0,55.4,0.34
2017-04-23 02:35:00,8,4,4,0,70.8,0.21
2017-04-23 02:40:00,11,6,5,0,69.8,0.41
2017-04-23 02:45:00,11,7,4,0,72.6,0.42
2017-04-23 02:50:00,11,9,2,0,80.1,0.34
2017-04-23 02:55:00,8,3,5,0,81.0,0.31
2017-04-23 03:00:00,6,4,2,0,69.8,0.17
2017-04-23 03:05:00,17,10,7,0,71.4,0.48
2017-04-23 03:10:00,10,8,2,0,59.8,0.4
2017-04-23 03:15:00,6,4,2,0,60.8,0.24
2017-04-23 03:20:00,7,5,2,0,57.1,0.31
2017-04-23 03:25:00,17,9,8,0,65.7,0.59
2017-04-23 03:30:00,16,12,4,0,60.9,0.63
2017-04-23 03:35:00,9,9,0,0,60.6,2.9
2017-04-23 03:40:00,11,8,3,0,64.5,0.39
2017-04-23 03:45:00,9,6,3,0,58.3,0.3
2017-04-23 03:50:00,12,7,5,0,64.2,0.42
2017-04-23 03:55:00,15,11,4,0,57.5,0.69
2017-04-23 04:00:00,7,4,3,0,79.0,0.23
2017-04-23 04:05:00,9,4,5,0,57.9,0.37
2017-04-23 04:10:00,9,6,3,0,62.5,0.4
2017-04-23 04:15:00,12,8,4,0,63.6,0.47
2017-04-23 04:20:00,14,8,6,0,64.5,0.52
2017-04-23 04:25:00,11,6,5,0,56.1,0.55
2017-04-23 04:30:00,9,6,3,0,71.9,0.29
2017-04-23 04:35:00,12,9,3,0,61.5,0.4
2017-04-23 04:40:00,16,10,6,0,64.8,0.64
2017-04-23 04:45:00,17,8,9,0,68.6,0.56
2017-04-23 04:50:00,14,10,4,0,58.0,0.46
2017-04-23 04:55:00,9,6,3,0,55.7,0.35
2017-04-23 05:00:00,13,10,3,0,64.2,0.46
2017-04-23 05:05:00,15,11,4,0,47.9,0.71
2017-04-23 05:10:00,19,14,5,0,61.0,0.71
2017-04-23 05:15:00,20,17,3,0,65.1,0.79
2017-04-23 05:20:00,14,10,4,0,55.1,0.55
2017-04-23 05:25:00,19,13,6,0,66.2,0.81
2017-04-23 05:30:00,14,10,4,0,69.4,0.6
2017-04-23 05:35:00,17,10,5,2,60.5,0.8
2017-04-23 05:40:00,31,18,12,1,63.0,1.21
2017-04-23 05:45:00,22,14,8,0,63.5,0.95
2017-04-23 05:50:00,21,14,6,1,74.2,0.62
2017-04-23 05:55:00,32,24,8,0,68.5,1.05
2017-04-23 06:00:00,30,17,13,0,65.9,0.94
2017-04-23 06:05:00,31,17,14,0,67.8,0.96
2017-04-23 06:10:00,33,24,8,1,65.7,0.96
2017-04-23 06:15:00,32,20,11,1,72.1,0.92
2017-04-23 06:20:00,35,21,13,1,65.8,1.46
2017-04-23 06:25:00,40,21,18,1,67.5,1.32
2017-04-23 06:30:00,39,24,15,0,68.1,1.28
2017-04-23 06:35:00,47,25,19,3,67.3,1.81
2017-04-23 06:40:00,40,28,11,1,61.4,1.54
2017-04-23 06:45:00,43,26,15,2,63.0,1.36
2017-04-23 06:50:00,44,30,14,0,65.2,1.41
2017-04-23 06:55:00,35,21,14,0,72.6,1.06
2017-04-23 07:00:00,29,16,13,0,66.6,0.91
2017-04-23 07:05:00,43,15,28,0,69.2,1.3
2017-04-23 07:10:00,41,9,32,0,65.3,1.41
2017-04-23 07:15:00,44,13,30,1,64.1,1.45
2017-04-23 07:20:00,37,12,25,0,68.2,1.17
2017-04-23 07:25:00,43,17,24,2,65.8,1.41
2017-04-23 07:30:00,46,15,30,1,68.3,1.44
2017-04-23 07:35:00,52,26,26,0,65.5,1.66
2017-04-23 07:40:00,52,39,12,1,67.5,1.67
2017-04-23 07:45:00,54,32,21,1,62.8,1.95
2017-04-23 07:50:00,59,45,11,3,67.8,1.85
2017-04-23 07:55:00,64,49,15,0,65.1,2.02
2017-04-23 08:00:00,59,41,18,0,63.9,2.08
2017-04-23 08:05:00,64,52,11,1,70.3,1.9
2017-04-23 08:10:00,64,48,16,0,71.8,1.83
2017-04-23 08:15:00,65,44,20,1,68.1,2.06
2017-04-23 08:20:00,66,49,17,0,66.1,1.98
2017-04-23 08:25:00,80,61,18,1,68.2,2.6
2017-04-23 08:30:00,79,52,25,2,64.4,2.59
2017-04-23 08:35:00,104,78,26,0,62.6,3.28
2017-04-23 08:40:00,119,92,27,0,62.2,3.81
2017-04-23 08:45:00,75,60,15,0,68.8,2.03
2017-04-23 08:50:00,101,81,20,0,64.2,2.97
2017-04-23 08:55:00,90,75,15,0,68.5,2.78
2017-04-23 09:00:00,99,77,20,2,64.3,2.96
2017-04-23 09:05:00,97,64,33,0,64.3,2.82
2017-04-23 09:10:00,87,61,26,0,69.6,2.44
2017-04-23 09:15:00,98,73,25,0,64.3,2.92
2017-04-23 09:20:00,82,60,21,1,65.5,2.33
2017-04-23 09:25:00,88,60,28,0,67.8,2.39
2017-04-23 09:30:00,94,72,22,0,69.7,2.64
2017-04-23 09:35:00,86,58,27,1,67.0,2.39
2017-04-23 09:40:00,103,81,21,1,64.8,2.8
2017-04-23 09:45:00,111,79,31,1,66.4,3.52
2017-04-23 09:50:00,105,80,25,0,64.1,3.2
2017-04-23 09:55:00,100,67,33,0,66.0,2.88
2017-04-23 10:00:00,96,58,37,1,65.8,2.7
2017-04-23 10:05:00,112,68,44,0,65.3,3.27
2017-04-23 10:10:00,116,77,39,0,65.0,3.34
2017-04-23 10:15:00,117,80,36,1,63.8,3.76
2017-04-23 10:20:00,127,82,44,1,64.8,3.93
2017-04-23 10:25:00,177,120,52,5,62.2,7.45
2017-04-23 10:30:00,172,114,56,2,58.2,6.52
2017-04-23 10:35:00,180,119,61,0,60.8,6.07
2017-04-23 10:40:00,156,102,52,2,63.8,5.42
2017-04-23 10:45:00,128,88,40,0,63.9,4.03
2017-04-23 10:50:00,156,114,42,0,62.8,5.46
2017-04-23 10:55:00,140,96,44,0,64.2,4.31
2017-04-23 11:00:00,146,92,52,2,63.1,4.44
2017-04-23 11:05:00,124,77,46,1,62.0,3.95
2017-04-23 11:10:00,113,65,48,0,62.5,3.94
2017-04-23 11:15:00,129,85,44,0,60.8,4.51
2017-04-23 11:20:00,108,71,36,1,63.3,3.14
2017-04-23 11:25:00,125,89,34,2,60.2,4.61
2017-04-23 11:30:00,112,72,39,1,62.6,3.4
2017-04-23 11:35:00,128,79,47,2,64.3,3.9
2017-04-23 11:40:00,128,89,39,0,63.9,3.85
2017-04-23 11:45:00,124,74,50,0,62.6,4.82
2017-04-23 11:50:00,120,72,48,0,63.4,3.53
2017-04-23 11:55:00,102,65,36,1,65.4,3.11
2017-04-23 12:00:00,128,84,40,4,60.7,4.44
2017-04-23 12:05:00,120,76,44,0,60.5,3.99
2017-04-23 12:10:00,132,86,44,2,62.1,3.95
2017-04-23 12:15:00,138,77,58,3,63.5,4.34
2017-04-23 12:20:00,165,110,52,3,60.3,5.99
2017-04-23 12:25:00,156,98,57,1,57.8,6.83
2017-04-23 12:30:00,182,122,60,0,58.4,6.23
2017-04-23 12:35:00,182,121,60,1,56.1,10.12
2017-04-23 12:40:00,178,111,66,1,55.2,8.51
2017-04-23 12:45:00,179,109,70,0,56.3,8.02
2017-04-23 12:50:00,176,119,55,2,55.9,9.02
2017-04-23 12:55:00,182,110,70,2,56.1,7.4
2017-04-23 13:00:00,174,121,51,2,57.0,7.23
2017-04-23 13:05:00,202,126,75,1,55.5,9.67
2017-04-23 13:10:00,168,109,59,0,55.6,7.2
2017-04-23 13:15:00,157,95,62,0,58.4,6.06
2017-04-23 13:20:00,194,118,74,2,54.6,9.07
2017-04-23 13:25:00,179,108,70,1,53.2,8.55
2017-04-23 13:30:00,174,113,59,2,56.5,8.9
2017-04-23 13:35:00,186,112,74,0,53.7,13.01
2017-04-23 13:40:00,172,99,73,0,54.3,8.95
2017-04-23 13:45:00,184,114,67,3,55.0,9.13
2017-04-23 13:50:00,190,122,67,1,53.9,9.4
2017-04-23 13:55:00,159,95,61,3,49.7,9.95
2017-04-23 14:00:00,186,112,73,1,52.1,8.88
2017-04-23 14:05:00,180,104,74,2,50.9,10.52
2017-04-23 14:10:00,212,127,83,2,51.0,12.3
2017-04-23 14:15:00,187,125,61,1,48.1,8.9
2017-04-23 14:20:00,170,101,67,2,51.0,8.43
2017-04-23 14:25:00,186,112,73,1,55.0,7.44
2017-04-23 14:30:00,177,113,64,0,54.0,7.62
2017-04-23 14:35:00,183,106,77,0,52.2,8.71
2017-04-23 14:40:00,197,118,74,5,51.5,10.26
2017-04-23 14:45:00,170,108,61,1,50.8,8.32
2017-04-23 14:50:00,177,103,67,7,45.8,13.79
2017-04-23 14:55:00,181,112,68,1,45.8,10.02
2017-04-23 15:00:00,163,75,84,4,52.8,6.81
2017-04-23 15:05:00,172,92,79,1,49.5,9.21
2017-04-23 15:10:00,171,93,76,2,45.6,10.3
2017-04-23 15:15:00,176,110,64,2,41.7,19.41
2017-04-23 15:20:00,175,90,83,2,43.0,15.87
2017-04-23 15:25:00,164,98,61,5,45.5,10.35
2017-04-23 15:30:00,154,90,60,4,49.3,12.54
2017-04-23 15:35:00,168,91,72,5,43.1,18.64
2017-04-23 15:40:00,162,85,76,1,36.4,36.0
2017-04-23 15:45:00,180,111,66,3,40.4,16.47
2017-04-23 15:50:00,184,96,82,6,40.8,18.31
2017-04-23 15:55:00,154,81,68,5,45.0,16.75
2017-04-23 16:00:00,144,79,62,3,42.7,27.34
2017-04-23 16:05:00,145,91,53,1,41.0,26.77
2017-04-23 16:10:00,135,71,64,0,36.0,46.51
2017-04-23 16:15:00,155,77,76,2,40.7,28.91
2017-04-23 16:20:00,157,87,66,4,40.9,38.61
2017-04-23 16:25:00,128,74,51,3,34.2,44.95
2017-04-23 16:30:00,154,97,57,0,44.4,21.95
2017-04-23 16:35:00,188,121,66,1,49.9,14.28
2017-04-23 16:40:00,169,118,49,2,51.2,15.72
2017-04-23 16:45:00,141,88,51,2,46.3,16.38
2017-04-23 16:50:00,135,92,41,2,44.3,19.32
2017-04-23 16:55:00,126,76,46,4,42.7,19.52
2017-04-23 17:00:00,130,97,31,2,41.4,19.63
2017-04-23 17:05:00,117,91,25,1,35.9,40.72
2017-04-23 17:10:00,143,106,36,1,44.0,26.75
2017-04-23 17:15:00,138,88,47,3,40.6,15.69
2017-04-23 17:20:00,145,102,37,6,56.9,14.74
2017-04-23 17:25:00,123,67,55,1,45.1,15.05
2017-04-23 17:30:00,110,56,52,2,39.6,18.17
2017-04-23 17:35:00,125,74,46,5,41.1,17.32
2017-04-23 17:40:00,133,106,23,4,38.4,18.13
2017-04-23 17:45:00,110,96,13,1,41.4,13.65
2017-04-23 17:50:00,185,160,23,2,49.9,13.11
2017-04-23 17:55:00,125,108,16,1,43.4,12.12
2017-04-23 18:00:00,104,83,17,4,40.6,15.2
2017-04-23 18:05:00,155,134,20,1,49.1,20.43
2017-04-23 18:10:00,49,43,6,0,37.9,42.53
2017-04-23 18:15:00,124,107,15,2,33.0,43.37
2017-04-23 18:20:00,157,136,16,5,33.0,34.74
2017-04-23 18:25:00,141,117,21,3,41.0,27.68
2017-04-23 18:30:00,133,107,19,7,44.0,13.79
2017-04-23 18:35:00,134,115,15,4,47.8,8.33
2017-04-23 18:40:00,128,104,21,3,44.3,6.84
2017-04-23 18:45:00,121,86,31,4,43.5,14.91
2017-04-23 18:50:00,111,79,27,5,44.3,13.57
2017-04-23 18:55:00,139,93,37,9,45.2,11.46
2017-04-23 19:00:00,142,97,44,1,48.5,12.61
2017-04-23 19:05:00,112,70,38,4,54.7,8.62
2017-04-23 19:10:00,149,99,50,0,52.5,9.15
2017-04-23 19:15:00,139,98,40,1,56.5,9.56
2017-04-23 19:20:00,123,92,29,2,52.4,6.92
2017-04-23 19:25:00,133,117,16,0,52.5,8.85
2017-04-23 19:30:00,147,120,27,0,51.2,9.45
2017-04-23 19:35:00,130,104,26,0,51.9,9.89
2017-04-23 19:40:00,124,92,30,2,55.0,7.53
2017-04-23 19:45:00,135,101,34,0,54.4,6.79
2017-04-23 19:50:00,123,89,33,1,54.1,7.21
2017-04-23 19:55:00,102,78,24,0,55.8,5.34
2017-04-23 20:00:00,117,84,32,1,53.6,5.68
2017-04-23 20:05:00,120,81,37,2,60.0,6.53
2017-04-23 20:10:00,125,89,34,2,55.5,7.76
2017-04-23 20:15:00,124,97,26,1,57.3,8.25
2017-04-23 20:20:00,123,93,30,0,56.1,6.59
2017-04-23 20:25:00,90,66,24,0,57.6,4.78
2017-04-23 20:30:00,105,71,33,1,60.2,7.2
2017-04-23 20:35:00,100,71,29,0,57.9,6.06
2017-04-23 20:40:00,110,77,32,1,55.2,7.04
2017-04-23 20:45:00,92,67,23,2,61.0,4.83
2017-04-23 20:50:00,96,66,28,2,56.5,5.29
2017-04-23 20:55:00,98,71,26,1,58.5,4.74
2017-04-23 21:00:00,148,104,44,0,56.0,10.3
2017-04-23 21:05:00,145,116,29,0,56.4,8.61
2017-04-23 21:10:00,135,99,36,0,54.9,6.67
2017-04-23 21:15:00,87,64,23,0,59.7,4.92
2017-04-23 21:20:00,108,77,31,0,59.6,5.63
2017-04-23 21:25:00,92,74,18,0,58.4,3.49
2017-04-23 21:30:00,87,63,24,0,57.8,4.43
2017-04-23 21:35:00,99,69,30,0,61.0,5.26
2017-04-23 21:40:00,87,73,14,0,55.1,4.51
2017-04-23 21:45:00,78,48,30,0,59.9,4.29
2017-04-23 21:50:00,83,63,20,0,63.5,4.55
2017-04-23 21:55:00,74,49,25,0,64.3,3.04
2017-04-23 22:00:00,84,56,28,0,60.9,3.83
2017-04-23 22:05:00,60,43,17,0,52.9,2.69
2017-04-23 22:10:00,77,54,23,0,54.8,4.37
2017-04-23 22:15:00,65,34,31,0,59.2,2.72
2017-04-23 22:20:00,61,51,10,0,56.6,2.62
2017-04-23 22:25:00,70,43,27,0,62.5,3.15
2017-04-23 22:30:00,60,34,26,0,64.6,3.6
2017-04-23 22:35:00,38,27,11,0,58.4,1.39
2017-04-23 22:40:00,54,34,20,0,64.7,4.81
2017-04-23 22:45:00,51,40,11,0,56.5,2.06
2017-04-23 22:50:00,38,21,16,1,69.3,1.58
2017-04-23 22:55:00,48,37,11,0,55.4,2.13
2017-04-23 23:00:00,43,22,21,0,61.9,2.57
2017-04-23 23:05:00,32,20,11,1,59.9,1.38
2017-04-23 23:10:00,55,28,24,3,64.2,2.48
2017-04-23 23:15:00,46,36,10,0,72.0,1.66
2017-04-23 23:20:00,42,26,16,0,63.6,1.61
2017-04-23 23:25:00,37,24,11,2,68.1,1.24
2017-04-23 23:30:00,40,23,17,0,69.3,1.51
2017-04-23 23:35:00,21,14,6,1,55.9,0.77
2017-04-23 23:40:00,34,18,13,3,62.3,1.62
2017-04-23 23:45:00,25,13,12,0,64.8,1.03
2017-04-23 23:50:00,25,16,9,0,62.6,0.98
2017-04-23 23:55:00,22,11,10,1,62.2,0.9
2017-04-24 00:00:00,34,17,17,0,68.4,1.33
2017-04-24 00:05:00,24,16,7,1,66.2,0.96
2017-04-24 00:10:00,31,27,4,0,57.6,0.96
2017-04-24 00:15:00,18,12,6,0,64.6,0.69
2017-04-24 00:20:00,25,15,10,0,63.5,0.87
2017-04-24 00:25:00,23,18,5,0,57.5,0.84
2017-04-24 00:30:00,18,14,4,0,65.1,0.63
2017-04-24 00:35:00,21,12,9,0,56.3,0.79
2017-04-24 00:40:00,10,6,4,0,62.1,0.5
2017-04-24 00:45:00,13,9,4,0,68.9,0.57
2017-04-24 00:50:00,13,7,6,0,57.3,0.45
2017-04-24 00:55:00,22,18,4,0,66.4,0.78
2017-04-24 01:00:00,18,9,9,0,66.4,0.57
2017-04-24 01:05:00,15,11,4,0,60.0,0.59
2017-04-24 01:10:00,18,9,9,0,67.9,0.66
2017-04-24 01:15:00,11,7,3,1,64.8,0.49
2017-04-24 01:20:00,10,8,2,0,56.0,0.38
2017-04-24 01:25:00,12,9,3,0,70.7,0.46
2017-04-24 01:30:00,7,5,2,0,81.6,0.2
2017-04-24 01:35:00,10,8,2,0,54.4,0.4
2017-04-24 01:40:00,7,4,3,0,62.8,0.26
2017-04-24 01:45:00,13,5,7,1,55.3,0.54
2017-04-24 01:50:00,8,4,4,0,65.3,0.27
2017-04-24 01:55:00,11,5,6,0,59.7,3.25
2017-04-24 02:00:00,14,9,5,0,51.8,0.52
2017-04-24 02:05:00,8,5,3,0,57.8,0.33
2017-04-24 02:10:00,10,9,1,0,62.6,0.39
2017-04-24 02:15:00,17,11,6,0,58.5,0.89
2017-04-24 02:20:00,11,7,4,0,67.3,0.4
2017-04-24 02:25:00,14,9,5,0,62.9,0.52
2017-04-24 02:30:00,9,5,4,0,55.8,0.26
2017-04-24 02:35:00,11,8,3,0,68.3,0.5
2017-04-24 02:40:00,10,10,0,0,67.7,0.3
2017-04-24 02:45:00,9,5,4,0,74.3,0.28
2017-04-24 02:50:00,5,3,2,0,78.8,0.18
2017-04-24 02:55:00,13,9,4,0,63.8,0.44
2017-04-24 03:00:00,14,9,5,0,60.6,0.48
2017-04-24 03:05:00,8,3,5,0,67.6,0.27
2017-04-24 03:10:00,10,5,5,0,52.4,0.39
2017-04-24 03:15:00,8,4,4,0,60.5,0.3
2017-04-24 03:20:00,9,7,2,0,48.9,0.43
2017-04-24 03:25:00,14,7,7,0,71.2,0.55
2017-04-24 03:30:00,14,10,4,0,59.9,0.51
2017-04-24 03:35:00,19,14,5,0,57.6,0.72
2017-04-24 03:40:00,10,8,2,0,59.9,0.35
2017-04-24 03:45:00,9,6,3,0,65.4,0.47
2017-04-24 03:50:00,17,9,7,1,65.7,11.5
2017-04-24 03:55:00,9,3,6,0,62.1,0.57
2017-04-24 04:00:00,18,9,9,0,55.3,0.67
2017-04-24 04:05:00,11,7,4,0,61.2,0.39
2017-04-24 04:10:00,10,6,4,0,38.8,1.04
2017-04-24 04:15:00,11,8,3,0,49.1,0.89
2017-04-24 04:20:00,23,14,9,0,62.7,0.81
2017-04-24 04:25:00,20,10,10,0,47.3,1.29
2017-04-24 04:30:00,15,9,6,0,44.9,1.01
2017-04-24 04:35:00,16,7,9,0,67.3,0.73
2017-04-24 04:40:00,18,10,8,0,61.2,0.7
2017-04-24 04:45:00,26,15,11,0,62.0,0.96
2017-04-24 04:50:00,23,11,12,0,59.8,0.95
2017-04-24 04:55:00,14,8,6,0,67.3,0.58
2017-04-24 05:00:00,22,14,8,0,77.3,0.92
2017-04-24 05:05:00,25,14,11,0,86.2,0.89
2017-04-24 05:10:00,31,15,16,0,60.7,1.32
2017-04-24 05:15:00,28,19,9,0,77.4,1.07
2017-04-24 05:20:00,23,16,7,0,59.0,0.92
2017-04-24 05:25:00,24,21,3,0,64.1,1.21
2017-04-24 05:30:00,37,31,6,0,64.3,1.17
2017-04-24 05:35:00,44,24,17,3,68.2,1.86
2017-04-24 05:40:00,31,20,9,2,71.9,1.07
2017-04-24 05:45:00,42,23,17,2,64.4,1.43
2017-04-24 05:50:00,31,18,13,0,68.6,0.99
2017-04-24 05:55:00,43,24,18,1,69.7,1.43
2017-04-24 06:00:00,45,27,16,2,62.3,1.72
2017-04-24 06:05:00,67,42,24,1,65.5,2.27
2017-04-24 06:10:00,69,44,23,2,70.5,2.12
2017-04-24 06:15:00,80,48,31,1,65.4,2.8
2017-04-24 06:20:00,75,57,16,2,64.4,2.99
2017-04-24 06:25:00,85,58,27,0,66.1,2.76
2017-04-24 06:30:00,75,48,26,1,70.6,2.53
2017-04-24 06:35:00,92,60,30,2,66.0,3.47
2017-04-24 06:40:00,108,72,36,0,66.9,3.8
2017-04-24 06:45:00,107,66,36,5,66.3,3.9
2017-04-24 06:50:00,97,46,50,1,68.5,3.3
2017-04-24 06:55:00,115,49,65,1,67.5,4.5
2017-04-24 07:00:00,125,57,68,0,67.0,4.64
2017-04-24 07:05:00,131,39,91,1,66.3,5.13
2017-04-24 07:10:00,136,30,105,1,69.9,5.02
2017-04-24 07:15:00,174,44,126,4,63.3,9.65
2017-04-24 07:20:00,169,60,108,1,63.6,9.17
2017-04-24 07:25:00,158,53,104,1,65.9,6.84
2017-04-24 07:30:00,139,61,78,0,62.9,5.44
2017-04-24 07:35:00,172,88,82,2,65.0,7.72
2017-04-24 07:40:00,163,97,65,1,64.1,10.62
2017-04-24 07:45:00,168,111,57,0,66.4,6.64
2017-04-24 07:50:00,171,114,56,1,64.8,6.81
2017-04-24 07:55:00,171,126,45,0,65.8,5.55
2017-04-24 08:00:00,155,115,40,0,66.0,4.89
2017-04-24 08:05:00,196,155,41,0,68.1,6.88
2017-04-24 08:10:00,194,148,44,2,59.2,11.12
2017-04-24 08:15:00,194,142,51,1,61.2,7.16
2017-04-24 08:20:00,184,132,52,0,56.5,11.11
2017-04-24 08:25:00,208,147,59,2,56.8,12.3
2017-04-24 08:30:00,193,138,52,3,62.7,12.65
2017-04-24 08:35:00,194,146,46,2,61.4,9.73
2017-04-24 08:40:00,196,140,54,2,56.1,11.34
2017-04-24 08:45:00,166,115,51,0,58.6,14.75
2017-04-24 08:50:00,188,129,56,3,59.4,10.05
2017-04-24 08:55:00,177,111,61,5,58.6,12.07
2017-04-24 09:00:00,133,103,30,0,61.3,6.75
2017-04-24 09:05:00,140,92,48,0,59.7,6.58
2017-04-24 09:10:00,176,122,53,1,59.8,8.64
2017-04-24 09:15:00,139,86,52,1,62.5,5.36
2017-04-24 09:20:00,132,89,41,2,63.0,4.86
2017-04-24 09:25:00,151,102,48,1,66.6,4.61
2017-04-24 09:30:00,163,112,49,2,56.7,10.52
2017-04-24 09:35:00,159,107,52,0,58.4,7.54
2017-04-24 09:40:00,176,113,61,2,60.8,7.09
2017-04-24 09:45:00,163,98,65,0,62.3,6.25
2017-04-24 09:50:00,153,98,52,3,60.4,6.29
2017-04-24 09:55:00,135,84,51,0,63.5,4.33
2017-04-24 10:00:00,106,69,37,0,64.9,3.26
2017-04-24 10:05:00,129,84,44,1,63.5,4.82
2017-04-24 10:10:00,140,78,60,2,64.8,5.23
2017-04-24 10:15:00,145,87,56,2,62.2,5.34
2017-04-24 10:20:00,131,71,57,3,63.5,4.53
2017-04-24 10:25:00,127,75,49,3,63.0,5.57
2017-04-24 10:30:00,120,83,33,4,63.4,4.08
2017-04-24 10:35:00,119,68,47,4,60.3,5.15
2017-04-24 10:40:00,119,61,55,3,61.5,4.95
2017-04-24 10:45:00,124,73,51,0,65.3,4.08
2017-04-24 10:50:00,121,72,45,4,69.7,4.84
2017-04-24 10:55:00,116,68,46,2,68.7,3.81
2017-04-24 11:00:00,122,68,53,1,60.3,6.03
2017-04-24 11:05:00,111,66,45,0,65.6,3.48
2017-04-24 11:10:00,122,70,52,0,66.2,4.06
2017-04-24 11:15:00,137,88,48,1,61.2,6.05
2017-04-24 11:20:00,136,77,59,0,62.0,6.06
2017-04-24 11:25:00,130,73,57,0,64.0,5.17
2017-04-24 11:30:00,115,70,43,2,68.0,4.01
2017-04-24 11:35:00,127,71,55,1,60.8,4.39
2017-04-24 11:40:00,123,67,56,0,63.1,4.52
2017-04-24 11:45:00,123,73,50,0,62.0,4.03
2017-04-24 11:50:00,126,80,45,1,63.6,4.75
2017-04-24 11:55:00,120,72,47,1,61.8,4.13
2017-04-24 12:00:00,110,69,39,2,66.0,3.65
2017-04-24 12:05:00,127,74,52,1,63.1,5.45
2017-04-24 12:10:00,112,67,44,1,61.9,3.69
2017-04-24 12:15:00,124,74,50,0,65.3,4.24
2017-04-24 12:20:00,113,56,56,1,66.8,4.62
2017-04-24 12:25:00,100,53,45,2,62.1,3.78
2017-04-24 12:30:00,91,51,38,2,62.2,5.03
2017-04-24 12:35:00,115,68,46,1,65.0,4.81
2017-04-24 12:40:00,107,60,46,1,63.7,4.07
2017-04-24 12:45:00,98,44,54,0,63.6,3.55
2017-04-24 12:50:00,119,74,42,3,63.1,4.58
2017-04-24 12:55:00,126,76,49,1,65.2,4.16
2017-04-24 13:00:00,140,78,61,1,61.1,4.94
2017-04-24 13:05:00,138,82,52,4,62.9,7.5
2017-04-24 13:10:00,124,65,59,0,63.4,4.35
2017-04-24 13:15:00,136,69,66,1,61.9,6.8
2017-04-24 13:20:00,142,82,60,0,61.0,5.84
2017-04-24 13:25:00,139,77,61,1,58.9,6.32
2017-04-24 13:30:00,149,86,62,1,62.1,7.13
2017-04-24 13:35:00,137,76,59,2,58.3,7.11
2017-04-24 13:40:00,156,84,72,0,59.7,6.84
2017-04-24 13:45:00,146,94,52,0,61.9,6.21
2017-04-24 13:50:00,149,74,73,2,59.5,7.93
2017-04-24 13:55:00,135,74,61,0,62.3,6.23
2017-04-24 14:00:00,140,81,59,0,60.5,6.13
2017-04-24 14:05:00,120,62,56,2,63.6,4.82
2017-04-24 14:10:00,141,83,55,3,62.6,5.49
2017-04-24 14:15:00,119,66,52,1,66.0,6.6
2017-04-24 14:20:00,145,78,67,0,61.0,5.62
2017-04-24 14:25:00,149,79,68,2,60.1,7.35
2017-04-24 14:30:00,155,91,60,4,63.2,8.0
2017-04-24 14:35:00,157,98,58,1,55.2,9.96
2017-04-24 14:40:00,158,96,62,0,59.2,7.76
2017-04-24 14:45:00,146,87,58,1,58.4,8.42
2017-04-24 14:50:00,133,82,47,4,62.4,6.09
2017-04-24 14:55:00,152,77,75,0,61.3,6.89
2017-04-24 15:00:00,137,83,54,0,58.4,6.0
2017-04-24 15:05:00,133,78,55,0,59.6,5.68
2017-04-24 15:10:00,160,89,71,0,63.4,7.62
2017-04-24 15:15:00,155,85,69,1,57.7,8.36
2017-04-24 15:20:00,147,88,58,1,59.3,6.2
2017-04-24 15:25:00,141,80,59,2,60.0,6.69
2017-04-24 15:30:00,149,88,59,2,56.5,9.4
2017-04-24 15:35:00,157,98,57,2,61.8,8.07
2017-04-24 15:40:00,160,94,63,3,60.2,8.86
2017-04-24 15:45:00,118,76,42,0,63.2,5.01
2017-04-24 15:50:00,174,106,66,2,56.5,11.09
2017-04-24 15:55:00,151,90,58,3,60.5,7.11
2017-04-24 16:00:00,137,92,44,1,60.9,6.02
2017-04-24 16:05:00,166,116,50,0,56.6,9.01
2017-04-24 16:10:00,164,88,74,2,57.8,8.32
2017-04-24 16:15:00,156,93,60,3,58.1,6.32
2017-04-24 16:20:00,139,78,61,0,61.1,6.07
2017-04-24 16:25:00,158,97,60,1,61.7,7.5
2017-04-24 16:30:00,153,100,51,2,53.8,10.17
2017-04-24 16:35:00,170,97,71,2,60.9,8.14
2017-04-24 16:40:00,161,103,57,1,58.4,9.23
2017-04-24 16:45:00,156,112,43,1,58.8,10.06
2017-04-24 16:50:00,151,99,52,0,60.6,7.89
2017-04-24 16:55:00,171,110,58,3,54.8,11.19
2017-04-24 17:00:00,156,95,61,0,57.4,6.8
2017-04-24 17:05:00,160,102,58,0,59.5,10.36
2017-04-24 17:10:00,169,110,56,3,52.3,17.85
2017-04-24 17:15:00,161,106,54,1,50.8,21.37
2017-04-24 17:20:00,156,90,65,1,58.0,13.09
2017-04-24 17:25:00,145,78,66,1,59.2,7.58
2017-04-24 17:30:00,180,90,89,1,57.3,11.34
2017-04-24 17:35:00,177,99,77,1,60.5,11.27
2017-04-24 17:40:00,175,113,62,0,56.2,13.65
2017-04-24 17:45:00,173,129,42,2,50.5,17.75
2017-04-24 17:50:00,171,130,40,1,50.9,18.59
2017-04-24 17:55:00,164,138,26,0,52.3,25.05
2017-04-24 18:00:00,156,131,25,0,51.0,16.59
2017-04-24 18:05:00,186,156,29,1,52.3,19.9
2017-04-24 18:10:00,187,156,29,2,51.4,22.36
2017-04-24 18:15:00,241,187,52,2,53.3,13.01
2017-04-24 18:20:00,226,183,41,2,52.9,19.82
2017-04-24 18:25:00,182,134,47,1,55.9,14.33
2017-04-24 18:30:00,197,147,48,2,49.5,15.02
2017-04-24 18:35:00,153,98,55,0,58.4,8.67
2017-04-24 18:40:00,148,115,32,1,57.5,16.14
2017-04-24 18:45:00,147,110,36,1,59.3,13.01
2017-04-24 18:50:00,148,115,32,1,53.2,15.61
2017-04-24 18:55:00,178,116,60,2,58.1,10.61
2017-04-24 19:00:00,163,109,54,0,55.9,9.48
2017-04-24 19:05:00,101,64,37,0,63.3,3.35
2017-04-24 19:10:00,147,102,44,1,57.1,8.07
2017-04-24 19:15:00,166,106,57,3,56.4,10.34
2017-04-24 19:20:00,147,99,45,3,57.4,12.19
2017-04-24 19:25:00,118,98,19,1,59.1,10.05
2017-04-24 19:30:00,119,91,28,0,54.2,11.68
2017-04-24 19:35:00,133,107,25,1,49.8,14.58
2017-04-24 19:40:00,144,118,25,1,56.8,9.4
2017-04-24 19:45:00,129,98,31,0,62.2,5.97
2017-04-24 19:50:00,126,93,29,4,56.1,5.84
2017-04-24 19:55:00,114,88,25,1,61.7,6.42
2017-04-24 20:00:00,137,97,39,1,56.7,7.36
2017-04-24 20:05:00,147,118,29,0,56.4,10.98
2017-04-24 20:10:00,111,83,27,1,57.5,11.26
2017-04-24 20:15:00,113,79,32,2,52.4,8.64
2017-04-24 20:20:00,120,87,30,3,53.1,12.15
2017-04-24 20:25:00,133,99,33,1,54.3,7.72
2017-04-24 20:30:00,114,84,29,1,66.9,5.82
2017-04-24 20:35:00,102,70,31,1,57.0,5.14
2017-04-24 20:40:00,117,82,35,0,58.5,9.75
2017-04-24 20:45:00,139,94,42,3,57.1,7.79
2017-04-24 20:50:00,121,99,22,0,58.2,8.37
2017-04-24 20:55:00,126,99,26,1,55.4,11.57
2017-04-24 21:00:00,109,78,29,2,56.2,7.33
2017-04-24 21:05:00,138,100,37,1,54.6,10.51
2017-04-24 21:10:00,109,79,30,0,58.5,8.71
2017-04-24 21:15:00,118,90,27,1,59.4,9.57
2017-04-24 21:20:00,146,107,38,1,63.7,8.87
2017-04-24 21:25:00,134,101,32,1,57.2,8.17
2017-04-24 21:30:00,111,73,38,0,60.0,5.21
2017-04-24 21:35:00,104,77,27,0,56.2,6.36
2017-04-24 21:40:00,111,78,31,2,62.3,7.3
2017-04-24 21:45:00,128,90,37,1,58.1,8.21
2017-04-24 21:50:00,82,67,14,1,57.2,6.2
2017-04-24 21:55:00,133,94,36,3,67.1,7.93
2017-04-24 22:00:00,112,74,38,0,56.2,6.47
2017-04-24 22:05:00,104,68,33,3,63.0,4.82
2017-04-24 22:10:00,105,74,29,2,61.1,5.25
2017-04-24 22:15:00,112,81,30,1,60.5,6.64
2017-04-24 22:20:00,97,61,35,1,59.1,5.69
2017-04-24 22:25:00,119,87,30,2,59.6,7.38
2017-04-24 22:30:00,85,51,33,1,64.9,4.31
2017-04-24 22:35:00,83,54,29,0,63.9,3.34
2017-04-24 22:40:00,55,32,23,0,58.4,2.65
2017-04-24 22:45:00,60,34,25,1,66.2,2.31
2017-04-24 22:50:00,67,43,23,1,69.5,2.72
2017-04-24 22:55:00,55,37,14,4,64.5,2.36
2017-04-24 23:00:00,48,29,19,0,61.7,2.15
2017-04-24 23:05:00,78,50,26,2,68.0,3.29
2017-04-24 23:10:00,97,55,42,0,65.4,4.39
2017-04-24 23:15:00,52,35,16,1,60.0,2.3
2017-04-24 23:20:00,55,32,21,2,66.5,2.12
2017-04-24 23:25:00,50,30,19,1,60.5,1.81
2017-04-24 23:30:00,51,33,16,2,70.3,2.09
2017-04-24 23:35:00,48,26,22,0,63.9,1.91
2017-04-24 23:40:00,46,29,16,1,57.7,2.22
2017-04-24 23:45:00,44,34,9,1,62.0,1.58
2017-04-24 23:50:00,36,23,13,0,65.3,1.32
2017-04-24 23:55:00,35,21,14,0,63.5,1.29
2017-04-25 00:00:00,39,26,13,0,65.5,1.53
2017-04-25 00:05:00,41,21,20,0,69.0,1.41
2017-04-25 00:10:00,35,20,13,2,71.9,1.39
2017-04-25 00:15:00,23,14,8,1,68.9,0.81
2017-04-25 00:20:00,27,19,8,0,63.3,0.88
2017-04-25 00:25:00,19,10,9,0,64.9,0.74
2017-04-25 00:30:00,26,17,9,0,60.3,0.93
2017-04-25 00:35:00,23,15,8,0,77.1,0.7
2017-04-25 00:40:00,22,14,8,0,68.2,0.84
2017-04-25 00:45:00,13,11,2,0,68.3,0.56
2017-04-25 00:50:00,14,12,2,0,74.3,0.43
2017-04-25 00:55:00,27,17,10,0,65.3,0.99
2017-04-25 01:00:00,20,9,11,0,64.1,0.73
2017-04-25 01:05:00,24,15,9,0,63.4,0.97
2017-04-25 01:10:00,24,20,4,0,58.8,0.86
2017-04-25 01:15:00,20,11,8,1,69.0,0.68
2017-04-25 01:20:00,21,12,9,0,61.1,0.8
2017-04-25 01:25:00,22,18,4,0,61.3,0.8
2017-04-25 01:30:00,17,13,4,0,67.2,0.6
2017-04-25 01:35:00,16,10,5,1,53.0,1.21
2017-04-25 01:40:00,15,11,4,0,61.1,0.68
2017-04-25 01:45:00,23,10,11,2,76.5,0.81
2017-04-25 01:50:00,14,10,4,0,52.0,1.03
2017-04-25 01:55:00,17,11,6,0,65.9,0.64
2017-04-25 02:00:00,14,9,4,1,59.0,0.58
2017-04-25 02:05:00,21,10,11,0,64.3,0.91
2017-04-25 02:10:00,14,8,6,0,73.3,0.59
2017-04-25 02:15:00,14,9,5,0,54.7,0.64
2017-04-25 02:20:00,18,13,5,0,64.5,0.62
2017-04-25 02:25:00,11,7,3,1,47.9,7.13
2017-04-25 02:30:00,9,3,6,0,58.4,6.97
2017-04-25 02:35:00,6,3,3,0,44.4,6.93
2017-04-25 02:40:00,8,6,2,0,53.1,23.38
2017-04-25 02:45:00,7,3,4,0,45.7,0.88
2017-04-25 02:50:00,10,3,7,0,56.8,0.92
2017-04-25 02:55:00,11,4,6,1,50.3,1.04
2017-04-25 03:00:00,12,9,3,0,48.8,1.11
2017-04-25 03:05:00,8,4,4,0,80.6,0.34
2017-04-25 03:10:00,11,8,3,0,63.7,0.44
2017-04-25 03:15:00,18,10,8,0,59.0,0.7
2017-04-25 03:20:00,13,4,9,0,60.4,0.58
2017-04-25 03:25:00,24,14,10,0,68.7,0.91
2017-04-25 03:30:00,26,18,8,0,62.0,0.82
2017-04-25 03:35:00,10,8,2,0,57.2,0.41
2017-04-25 03:40:00,15,10,5,0,65.8,0.56
2017-04-25 03:45:00,13,9,4,0,72.8,0.59
2017-04-25 03:50:00,16,12,4,0,56.3,0.69
2017-04-25 03:55:00,14,7,7,0,73.5,0.52
2017-04-25 04:00:00,7,6,1,0,70.7,0.22
2017-04-25 04:05:00,8,4,4,0,67.6,0.27
2017-04-25 04:10:00,10,8,2,0,62.3,0.43
2017-04-25 04:15:00,13,9,4,0,58.9,0.49
2017-04-25 04:20:00,22,16,6,0,70.9,0.78
2017-04-25 04:25:00,19,9,9,1,63.9,1.01
2017-04-25 04:30:00,15,12,3,0,61.6,0.72
2017-04-25 04:35:00,22,16,6,0,69.0,0.67
2017-04-25 04:40:00,14,6,8,0,75.3,0.46
2017-04-25 04:45:00,31,21,10,0,68.4,1.03
2017-04-25 04:50:00,15,7,8,0,56.1,0.54
2017-04-25 04:55:00,18,14,4,0,56.7,0.76
2017-04-25 05:00:00,27,15,12,0,60.8,1.23
2017-04-25 05:05:00,20,12,8,0,62.5,8.75
2017-04-25 05:10:00,21,11,10,0,54.7,1.2
2017-04-25 05:15:00,25,15,10,0,71.3,0.98
2017-04-25 05:20:00,14,8,5,1,66.5,5.47
2017-04-25 05:25:00,25,18,7,0,43.9,26.19
2017-04-25 05:30:00,39,27,12,0,65.3,4.87
2017-04-25 05:35:00,35,24,11,0,66.8,1.44
2017-04-25 05:40:00,32,20,10,2,63.3,1.44
2017-04-25 05:45:00,33,18,12,3,64.4,1.27
2017-04-25 05:50:00,42,21,19,2,70.8,1.3
2017-04-25 05:55:00,31,20,9,2,71.1,0.88
2017-04-25 06:00:00,60,28,32,0,54.8,14.23
2017-04-25 06:05:00,58,38,20,0,67.0,1.93
2017-04-25 06:10:00,61,45,16,0,73.8,1.66
2017-04-25 06:15:00,71,38,32,1,65.4,2.36
2017-04-25 06:20:00,60,34,24,2,69.9,2.1
2017-04-25 06:25:00,78,45,32,1,64.3,2.72
2017-04-25 06:30:00,85,55,30,0,66.5,2.66
2017-04-25 06:35:00,75,40,31,4,62.6,2.52
2017-04-25 06:40:00,93,46,47,0,62.6,4.22
2017-04-25 06:45:00,109,62,44,3,67.1,3.55
2017-04-25 06:50:00,92,48,43,1,66.6,2.84
2017-04-25 06:55:00,118,68,50,0,66.6,3.95
2017-04-25 07:00:00,114,65,49,0,66.2,3.81
2017-04-25 07:05:00,155,91,61,3,69.9,5.63
2017-04-25 07:10:00,159,105,53,1,66.7,5.2
2017-04-25 07:15:00,146,90,55,1,65.6,5.87
2017-04-25 07:20:00,149,88,60,1,64.4,6.96
2017-04-25 07:25:00,149,97,50,2,65.6,6.89
2017-04-25 07:30:00,166,111,54,1,61.9,10.08
2017-04-25 07:35:00,171,116,52,3,62.4,7.85
2017-04-25 07:40:00,163,110,51,2,63.6,7.57
2017-04-25 07:45:00,178,119,57,2,62.2,8.23
2017-04-25 07:50:00,152,107,44,1,65.1,5.57
2017-04-25 07:55:00,81,58,23,0,68.5,3.45
2017-04-25 08:00:00,170,121,48,1,65.9,6.1
2017-04-25 08:05:00,175,132,43,0,65.9,7.49
2017-04-25 08:10:00,167,120,47,0,65.6,5.57
2017-04-25 08:15:00,157,114,40,3,57.4,9.8
2017-04-25 08:20:00,194,144,47,3,54.7,14.38
2017-04-25 08:25:00,237,167,68,2,56.5,12.52
2017-04-25 08:30:00,202,151,48,3,58.8,9.87
2017-04-25 08:35:00,197,149,47,1,57.6,9.82
2017-04-25 08:40:00,206,158,45,3,56.1,11.91
2017-04-25 08:45:00,203,140,62,1,63.6,9.67
2017-04-25 08:50:00,190,130,59,1,53.2,13.87
2017-04-25 08:55:00,154,111,42,1,63.8,5.87
2017-04-25 09:00:00,139,97,42,0,61.6,5.76
2017-04-25 09:05:00,152,116,32,4,63.4,6.2
2017-04-25 09:10:00,166,130,35,1,66.6,6.06
2017-04-25 09:15:00,158,118,38,2,65.1,5.09
2017-04-25 09:20:00,135,94,41,0,64.8,4.05
2017-04-25 09:25:00,184,114,70,0,63.1,6.93
2017-04-25 09:30:00,155,112,38,5,62.3,6.15
2017-04-25 09:35:00,129,92,36,1,61.4,4.97
2017-04-25 09:40:00,174,129,44,1,62.2,5.79
2017-04-25 09:45:00,172,110,60,2,63.8,6.48
2017-04-25 09:50:00,152,107,45,0,65.2,4.91
2017-04-25 09:55:00,63,47,16,0,56.5,8.78
2017-04-25 10:00:00,123,76,45,2,64.9,4.52
2017-04-25 10:05:00,122,67,53,2,64.1,4.2
2017-04-25 10:10:00,139,82,55,2,60.1,6.48
2017-04-25 10:15:00,128,75,51,2,65.4,4.48
2017-04-25 10:20:00,147,86,60,1,62.1,5.57
2017-04-25 10:25:00,134,84,47,3,63.7,4.37
2017-04-25 10:30:00,123,79,43,1,66.9,3.79
2017-04-25 10:35:00,137,82,51,4,64.5,5.84
2017-04-25 10:40:00,127,82,44,1,64.8,4.71
2017-04-25 10:45:00,123,90,33,0,66.4,3.73
2017-04-25 10:50:00,121,70,51,0,65.6,4.01
2017-04-25 10:55:00,107,62,44,1,64.4,3.6
2017-04-25 11:00:00,131,74,57,0,62.4,5.03
2017-04-25 11:05:00,127,65,57,5,65.4,4.67
2017-04-25 11:10:00,156,84,68,4,61.9,5.6
2017-04-25 11:15:00,150,85,62,3,60.9,6.76
2017-04-25 11:20:00,108,69,39,0,62.8,6.33
2017-04-25 11:25:00,108,71,35,2,63.4,3.75
2017-04-25 11:30:00,124,63,59,2,61.8,5.02
2017-04-25 11:35:00,132,79,51,2,64.0,5.1
2017-04-25 11:40:00,156,97,57,2,59.9,5.99
2017-04-25 11:45:00,125,84,41,0,65.2,5.32
2017-04-25 11:50:00,125,78,46,1,64.3,4.49
2017-04-25 11:55:00,126,81,44,1,63.3,5.19
2017-04-25 12:00:00,113,68,45,0,63.7,3.95
2017-04-25 12:05:00,124,72,49,3,65.6,4.55
2017-04-25 12:10:00,147,88,56,3,56.4,6.6
2017-04-25 12:15:00,100,70,27,3,65.1,3.5
2017-04-25 12:20:00,121,75,45,1,63.6,4.71
2017-04-25 12:25:00,114,70,41,3,61.8,5.01
2017-04-25 12:30:00,117,79,36,2,62.7,4.27
2017-04-25 12:35:00,119,72,43,4,65.7,4.19
2017-04-25 12:40:00,126,65,58,3,58.7,5.39
2017-04-25 12:45:00,127,83,43,1,62.4,4.52
2017-04-25 12:50:00,30,23,7,0,57.9,7.89
2017-04-25 12:55:00,127,89,38,0,64.8,4.32
2017-04-25 13:00:00,113,76,37,0,63.4,3.72
2017-04-25 13:05:00,139,75,64,0,59.4,6.28
2017-04-25 13:10:00,137,88,49,0,64.0,4.57
2017-04-25 13:15:00,132,85,47,0,59.1,4.69
2017-04-25 13:20:00,112,74,37,1,65.3,4.3
2017-04-25 13:25:00,134,88,45,1,65.4,5.2
2017-04-25 13:30:00,132,76,54,2,63.6,5.99
2017-04-25 13:35:00,163,109,54,0,59.9,6.76
2017-04-25 13:40:00,140,92,47,1,62.5,5.93
2017-04-25 13:45:00,147,93,52,2,63.8,5.65
2017-04-25 13:50:00,124,75,46,3,64.8,5.86
2017-04-25 13:55:00,138,77,58,3,63.6,6.13
2017-04-25 14:00:00,140,86,51,3,63.6,5.41
2017-04-25 14:05:00,116,72,44,0,61.5,4.47
2017-04-25 14:10:00,11,10,1,0,60.3,3.2
2017-04-25 14:15:00,158,97,60,1,61.3,6.11
2017-04-25 14:20:00,135,82,53,0,60.1,4.94
2017-04-25 14:25:00,156,81,72,3,57.0,8.87
2017-04-25 14:30:00,141,87,52,2,64.4,5.29
2017-04-25 14:35:00,144,97,44,3,60.1,7.5
2017-04-25 14:40:00,141,84,56,1,59.5,5.6
2017-04-25 14:45:00,166,99,66,1,60.8,7.7
2017-04-25 14:50:00,145,87,55,3,60.5,6.04
2017-04-25 14:55:00,80,53,26,1,58.5,8.58
2017-04-25 15:00:00,144,82,59,3,56.9,6.63
2017-04-25 15:05:00,156,95,61,0,58.7,7.24
2017-04-25 15:10:00,159,98,60,1,58.7,8.48
2017-04-25 15:15:00,135,95,39,1,63.0,5.24
2017-04-25 15:20:00,141,86,55,0,56.9,6.61
2017-04-25 15:25:00,124,73,51,0,57.4,5.31
2017-04-25 15:30:00,147,83,62,2,59.5,5.88
2017-04-25 15:35:00,139,94,43,2,60.5,5.8
2017-04-25 15:40:00,144,108,35,1,58.9,5.64
2017-04-25 15:45:00,147,113,31,3,63.7,5.62
2017-04-25 15:50:00,153,106,42,5,57.6,13.7
2017-04-25 15:55:00,157,120,34,3,59.3,8.84
2017-04-25 16:00:00,163,121,41,1,57.9,9.17
2017-04-25 16:05:00,102,64,36,2,59.0,13.98
2017-04-25 16:10:00,161,110,49,2,62.4,8.23
2017-04-25 16:15:00,160,95,63,2,60.7,8.42
2017-04-25 16:20:00,151,102,48,1,58.4,7.8
2017-04-25 16:25:00,128,76,52,0,58.6,6.07
2017-04-25 16:30:00,150,95,53,2,60.3,8.11
2017-04-25 16:35:00,144,98,45,1,61.0,6.12
2017-04-25 16:40:00,161,99,61,1,60.8,6.8
2017-04-25 16:45:00,158,106,52,0,63.0,7.26
2017-04-25 16:50:00,162,106,55,1,61.1,7.28
2017-04-25 16:55:00,179,108,68,3,61.5,8.13
2017-04-25 17:00:00,187,126,60,1,64.3,7.56
2017-04-25 17:05:00,190,117,70,3,55.9,14.42
2017-04-25 17:10:00,175,115,59,1,57.0,18.14
2017-04-25 17:15:00,162,103,54,5,56.2,21.93
2017-04-25 17:20:00,167,110,56,1,53.5,13.6
2017-04-25 17:25:00,158,104,52,2,61.6,7.93
2017-04-25 17:30:00,165,99,63,3,58.0,11.01
2017-04-25 17:35:00,157,101,56,0,61.6,6.98
2017-04-25 17:40:00,175,104,69,2,65.4,7.61
2017-04-25 17:45:00,163,104,59,0,55.0,10.49
2017-04-25 17:50:00,180,107,70,3,54.9,13.49
2017-04-25 17:55:00,143,89,51,3,58.8,24.26
2017-04-25 18:00:00,170,121,48,1,58.5,15.79
2017-04-25 18:05:00,177,114,62,1,52.7,21.4
2017-04-25 18:10:00,232,149,82,1,52.5,18.68
2017-04-25 18:15:00,235,166,68,1,54.2,13.18
2017-04-25 18:20:00,204,144,58,2,53.2,14.7
2017-04-25 18:25:00,189,128,61,0,53.2,19.04
2017-04-25 18:30:00,180,112,65,3,51.3,26.79
2017-04-25 18:35:00,176,115,59,2,54.9,16.25
2017-04-25 18:40:00,173,115,57,1,54.6,10.82
2017-04-25 18:45:00,151,103,46,2,57.7,15.57
2017-04-25 18:50:00,169,121,47,1,62.5,7.69
2017-04-25 18:55:00,149,106,40,3,60.2,6.43
2017-04-25 19:00:00,178,116,59,3,60.3,8.37
2017-04-25 19:05:00,166,108,56,2,60.2,7.75
2017-04-25 19:10:00,158,104,53,1,52.7,13.28
2017-04-25 19:15:00,175,111,61,3,51.2,14.15
2017-04-25 19:20:00,161,116,43,2,51.3,16.2
2017-04-25 19:25:00,140,117,22,1,55.1,13.64
2017-04-25 19:30:00,115,90,24,1,55.3,14.26
2017-04-25 19:35:00,124,93,28,3,53.9,11.16
2017-04-25 19:40:00,140,109,30,1,55.3,8.6
2017-04-25 19:45:00,125,98,27,0,60.3,7.11
2017-04-25 19:50:00,117,80,36,1,63.1,5.65
2017-04-25 19:55:00,135,94,41,0,61.1,6.76
2017-04-25 20:00:00,131,102,29,0,59.5,6.92
2017-04-25 20:05:00,127,105,20,2,59.7,6.91
2017-04-25 20:10:00,107,77,29,1,63.8,5.97
2017-04-25 20:15:00,112,84,28,0,56.7,6.21
2017-04-25 20:20:00,134,109,23,2,51.8,9.41
2017-04-25 20:25:00,118,95,23,0,58.5,6.32
2017-04-25 20:30:00,128,95,33,0,67.3,7.31
2017-04-25 20:35:00,113,74,38,1,59.0,5.74
2017-04-25 20:40:00,114,83,31,0,60.9,5.81
2017-04-25 20:45:00,128,96,32,0,59.9,6.53
2017-04-25 20:50:00,119,87,31,1,65.6,7.22
2017-04-25 20:55:00,122,94,27,1,57.1,12.64
2017-04-25 21:00:00,137,101,32,4,53.6,19.08
2017-04-25 21:05:00,132,102,28,2,58.7,9.87
2017-04-25 21:10:00,125,85,39,1,62.5,11.14
2017-04-25 21:15:00,107,71,36,0,63.7,4.89
2017-04-25 21:20:00,129,100,29,0,66.3,7.6
2017-04-25 21:25:00,135,102,32,1,62.0,7.19
2017-04-25 21:30:00,138,101,37,0,57.1,7.11
2017-04-25 21:35:00,116,80,36,0,58.5,6.76
2017-04-25 21:40:00,149,113,36,0,55.8,9.81
2017-04-25 21:45:00,137,95,39,3,62.9,8.06
2017-04-25 21:50:00,94,59,33,2,60.4,5.06
2017-04-25 21:55:00,99,71,28,0,65.2,4.46
2017-04-25 22:00:00,124,94,29,1,63.3,5.86
2017-04-25 22:05:00,97,59,37,1,63.4,4.68
2017-04-25 22:10:00,112,74,34,4,60.8,5.78
2017-04-25 22:15:00,121,94,27,0,53.8,6.91
2017-04-25 22:20:00,101,72,28,1,56.2,5.98
2017-04-25 22:25:00,88,64,24,0,62.2,3.86
2017-04-25 22:30:00,91,58,33,0,61.3,4.54
2017-04-25 22:35:00,97,61,35,1,61.6,4.9
2017-04-25 22:40:00,67,48,18,1,63.9,3.28
2017-04-25 22:45:00,72,58,13,1,57.4,2.96
2017-04-25 22:50:00,73,49,24,0,64.5,2.83
2017-04-25 22:55:00,88,65,22,1,60.0,4.96
2017-04-25 23:00:00,78,54,23,1,62.8,3.59
2017-04-25 23:05:00,67,40,24,3,61.4,2.59
2017-04-25 23:10:00,71,47,24,0,59.3,3.61
2017-04-25 23:15:00,59,39,19,1,68.6,2.58
2017-04-25 23:20:00,50,36,14,0,57.0,1.96
2017-04-25 23:25:00,64,42,22,0,66.1,2.52
2017-04-25 23:30:00,46,31,14,1,58.8,1.78
2017-04-25 23:35:00,45,31,14,0,65.1,1.8
2017-04-25 23:40:00,56,40,16,0,60.4,2.31
2017-04-25 23:45:00,46,24,21,1,71.1,1.75
2017-04-25 23:50:00,34,23,11,0,65.2,1.37
2017-04-25 23:55:00,47,24,23,0,65.9,1.61
2017-04-26 00:00:00,46,35,11,0,71.3,1.6
2017-04-26 00:05:00,41,25,16,0,56.9,1.29
2017-04-26 00:10:00,36,26,10,0,71.3,1.56
2017-04-26 00:15:00,38,28,10,0,62.4,1.56
2017-04-26 00:20:00,46,30,16,0,73.5,1.65
2017-04-26 00:25:00,18,10,8,0,56.8,0.68
2017-04-26 00:30:00,32,20,11,1,59.5,1.29
2017-04-26 00:35:00,24,12,12,0,62.8,0.88
2017-04-26 00:40:00,24,16,8,0,61.7,0.88
2017-04-26 00:45:00,23,14,9,0,52.1,1.01
2017-04-26 00:50:00,19,9,10,0,59.5,0.85
2017-04-26 00:55:00,22,13,9,0,61.0,0.76
2017-04-26 01:00:00,29,20,9,0,56.9,1.02
2017-04-26 01:05:00,13,7,6,0,64.0,3.02
2017-04-26 01:10:00,26,13,13,0,66.2,6.28
2017-04-26 01:15:00,15,11,4,0,54.6,24.59
2017-04-26 01:20:00,22,16,6,0,57.9,4.59
2017-04-26 01:25:00,20,19,1,0,53.0,1.32
2017-04-26 01:30:00,13,11,2,0,58.9,1.61
2017-04-26 01:35:00,16,12,4,0,63.4,2.42
2017-04-26 01:40:00,12,7,5,0,62.2,1.45
2017-04-26 01:45:00,10,8,2,0,64.7,1.28
2017-04-26 01:50:00,13,10,3,0,66.8,0.54
2017-04-26 01:55:00,17,13,4,0,57.6,0.73
2017-04-26 02:00:00,8,5,3,0,54.3,0.37
2017-04-26 02:05:00,7,5,2,0,64.9,0.22
2017-04-26 02:10:00,13,7,6,0,68.1,0.55
2017-04-26 02:15:00,19,11,8,0,59.1,0.74
2017-04-26 02:20:00,9,1,7,1,76.7,0.38
2017-04-26 02:25:00,11,3,7,1,72.8,0.37
2017-04-26 02:30:00,11,6,5,0,59.7,0.51
2017-04-26 02:35:00,14,8,6,0,64.8,0.53
2017-04-26 02:40:00,11,5,6,0,76.2,0.39
2017-04-26 02:45:00,6,5,1,0,60.5,0.23
2017-04-26 02:50:00,8,4,4,0,61.8,0.29
2017-04-26 02:55:00,12,7,5,0,60.6,0.56
2017-04-26 03:00:00,10,7,3,0,66.2,0.29
2017-04-26 03:05:00,5,5,0,0,53.8,0.26
2017-04-26 03:10:00,10,6,4,0,60.6,0.37
2017-04-26 03:15:00,16,12,4,0,59.3,0.67
2017-04-26 03:20:00,13,6,7,0,60.1,0.51
2017-04-26 03:25:00,14,10,4,0,67.3,0.53
2017-04-26 03:30:00,14,11,3,0,61.7,0.54
2017-04-26 03:35:00,18,10,8,0,60.9,0.73
2017-04-26 03:40:00,16,11,5,0,57.3,0.54
2017-04-26 03:45:00,9,4,5,0,57.0,0.39
2017-04-26 03:50:00,20,9,10,1,68.7,0.92
2017-04-26 03:55:00,12,8,4,0,67.5,0.42
2017-04-26 04:00:00,11,6,5,0,73.0,0.45
2017-04-26 04:05:00,15,7,8,0,60.0,0.53
2017-04-26 04:10:00,16,11,4,1,74.4,0.59
2017-04-26 04:15:00,14,11,3,0,58.2,0.5
2017-04-26 04:20:00,19,14,5,0,71.6,0.67
2017-04-26 04:25:00,13,7,6,0,74.3,0.57
2017-04-26 04:30:00,11,8,3,0,54.6,0.53
2017-04-26 04:35:00,15,11,4,0,67.3,0.55
2017-04-26 04:40:00,23,17,6,0,71.6,0.84
2017-04-26 04:45:00,17,10,7,0,61.8,0.63
2017-04-26 04:50:00,20,14,6,0,56.0,0.79
2017-04-26 04:55:00,17,14,3,0,68.7,0.7
2017-04-26 05:00:00,34,17,17,0,73.2,1.18
2017-04-26 05:05:00,23,18,4,1,63.4,0.86
2017-04-26 05:10:00,24,15,9,0,70.2,0.85
2017-04-26 05:15:00,17,7,9,1,64.0,0.69
2017-04-26 05:20:00,24,16,8,0,65.7,0.93
2017-04-26 05:25:00,31,17,14,0,66.5,1.22
2017-04-26 05:30:00,28,20,8,0,66.0,11.09
2017-04-26 05:35:00,33,20,11,2,60.6,10.24
2017-04-26 05:40:00,26,19,7,0,63.6,0.91
2017-04-26 05:45:00,42,27,13,2,61.5,1.59
2017-04-26 05:50:00,35,16,19,0,71.5,1.25
2017-04-26 05:55:00,37,24,13,0,62.7,1.07
2017-04-26 06:00:00,45,27,18,0,67.4,1.37
2017-04-26 06:05:00,56,28,27,1,67.0,1.94
2017-04-26 06:10:00,57,40,16,1,64.8,1.88
2017-04-26 06:15:00,76,45,29,2,64.7,2.69
2017-04-26 06:20:00,60,35,25,0,66.7,2.32
2017-04-26 06:25:00,81,53,28,0,63.6,2.51
2017-04-26 06:30:00,62,42,20,0,68.9,1.85
2017-04-26 06:35:00,84,64,18,2,69.1,2.76
2017-04-26 06:40:00,101,72,27,2,63.6,4.05
2017-04-26 06:45:00,82,60,20,2,68.4,2.87
2017-04-26 06:50:00,119,85,33,1,64.0,4.31
2017-04-26 06:55:00,121,80,38,3,71.1,3.88
2017-04-26 07:00:00,127,72,54,1,67.3,4.46
2017-04-26 07:05:00,139,64,73,2,68.5,5.33
2017-04-26 07:10:00,154,52,100,2,69.0,5.53
2017-04-26 07:15:00,127,34,90,3,67.3,4.8
2017-04-26 07:20:00,156,41,113,2,67.6,5.42
2017-04-26 07:25:00,124,43,81,0,70.4,5.88
2017-04-26 07:30:00,145,55,89,1,65.0,9.79
2017-04-26 07:35:00,161,80,78,3,59.4,9.52
2017-04-26 07:40:00,166,86,78,2,63.3,7.81
2017-04-26 07:45:00,157,102,52,3,63.9,6.35
2017-04-26 07:50:00,165,119,44,2,66.3,6.85
2017-04-26 07:55:00,166,130,35,1,65.2,11.12
2017-04-26 08:00:00,153,112,39,2,62.6,6.48
2017-04-26 08:05:00,150,118,32,0,63.2,6.5
2017-04-26 08:10:00,197,152,44,1,63.4,7.25
2017-04-26 08:15:00,188,143,45,0,56.6,15.31
2017-04-26 08:20:00,202,138,60,4,55.7,13.11
2017-04-26 08:25:00,201,147,53,1,53.4,11.37
2017-04-26 08:30:00,209,148,59,2,57.3,10.44
2017-04-26 08:35:00,178,120,54,4,56.1,9.05
2017-04-26 08:40:00,185,135,49,1,54.8,14.17
2017-04-26 08:45:00,205,151,52,2,57.8,13.7
2017-04-26 08:50:00,186,117,67,2,60.7,14.97
2017-04-26 08:55:00,160,116,42,2,59.7,6.31
2017-04-26 09:00:00,145,97,45,3,60.5,8.84
2017-04-26 09:05:00,150,107,41,2,65.0,5.14
2017-04-26 09:10:00,174,117,54,3,60.6,9.43
2017-04-26 09:15:00,132,89,42,1,64.9,4.36
2017-04-26 09:20:00,153,108,43,2,61.8,5.55
2017-04-26 09:25:00,183,120,62,1,62.5,7.0
2017-04-26 09:30:00,159,98,58,3,58.7,6.76
2017-04-26 09:35:00,140,93,46,1,63.7,5.06
2017-04-26 09:40:00,176,108,63,5,60.0,6.27
2017-04-26 09:45:00,201,124,76,1,57.8,8.19
2017-04-26 09:50:00,180,118,61,1,62.3,7.65
2017-04-26 09:55:00,148,110,37,1,63.9,5.26
2017-04-26 10:00:00,152,114,38,0,61.7,6.33
2017-04-26 10:05:00,121,76,44,1,64.0,4.16
2017-04-26 10:10:00,130,81,47,2,66.4,3.95
2017-04-26 10:15:00,123,86,34,3,64.1,4.37
2017-04-26 10:20:00,145,92,51,2,59.4,5.87
2017-04-26 10:25:00,125,69,55,1,62.0,4.31
2017-04-26 10:30:00,115,70,45,0,63.2,3.91
2017-04-26 10:35:00,150,88,60,2,63.6,5.42
2017-04-26 10:40:00,152,103,49,0,60.4,5.19
2017-04-26 10:45:00,113,71,41,1,68.4,3.91
2017-04-26 10:50:00,113,62,50,1,68.0,3.62
2017-04-26 10:55:00,144,82,60,2,61.1,5.8
2017-04-26 11:00:00,78,51,25,2,67.8,2.75
2017-04-26 11:05:00,119,62,55,2,62.8,4.82
2017-04-26 11:10:00,150,86,60,4,62.2,7.34
2017-04-26 11:15:00,138,80,57,1,63.8,5.09
2017-04-26 11:20:00,116,74,41,1,65.3,3.72
2017-04-26 11:25:00,129,72,57,0,62.2,4.33
2017-04-26 11:30:00,135,89,42,4,64.3,4.86
2017-04-26 11:35:00,138,83,53,2,64.2,5.58
2017-04-26 11:40:00,31,12,19,0,72.4,3.4
2017-04-26 11:45:00,125,69,55,1,64.2,4.37
2017-04-26 11:50:00,115,69,44,2,64.8,4.96
2017-04-26 11:55:00,111,72,39,0,64.3,3.71
2017-04-26 12:00:00,104,64,39,1,65.7,3.89
2017-04-26 12:05:00,107,64,43,0,60.7,4.06
2017-04-26 12:10:00,125,82,42,1,64.0,4.25
2017-04-26 12:15:00,87,50,37,0,66.5,2.79
2017-04-26 12:20:00,103,63,40,0,63.4,4.12
2017-04-26 12:25:00,128,73,54,1,62.3,5.33
2017-04-26 12:30:00,121,61,59,1,64.2,5.03
2017-04-26 12:35:00,94,52,41,1,62.9,3.39
2017-04-26 12:40:00,132,73,58,1,61.0,5.61
2017-04-26 12:45:00,94,62,31,1,62.6,3.1
2017-04-26 12:50:00,127,75,51,1,61.6,5.17
2017-04-26 12:55:00,131,78,52,1,63.6,4.61
2017-04-26 13:00:00,129,77,50,2,61.3,5.61
2017-04-26 13:05:00,134,84,46,4,62.9,5.45
2017-04-26 13:10:00,133,79,52,2,63.7,5.51
2017-04-26 13:15:00,155,87,66,2,62.7,6.91
2017-04-26 13:20:00,127,79,48,0,61.7,5.4
2017-04-26 13:25:00,118,78,40,0,61.2,4.35
2017-04-26 13:30:00,158,94,62,2,58.8,6.62
2017-04-26 13:35:00,140,84,55,1,61.2,5.53
2017-04-26 13:40:00,164,99,65,0,59.1,8.73
2017-04-26 13:45:00,154,97,56,1,60.2,6.45
2017-04-26 13:50:00,149,82,67,0,57.6,7.82
2017-04-26 13:55:00,140,81,57,2,60.1,7.51
2017-04-26 14:00:00,151,82,67,2,61.9,5.57
2017-04-26 14:05:00,144,86,57,1,64.5,5.96
2017-04-26 14:10:00,167,102,65,0,62.9,6.74
2017-04-26 14:15:00,147,85,61,1,59.3,7.01
2017-04-26 14:20:00,168,90,76,2,57.8,9.53
2017-04-26 14:25:00,166,96,68,2,56.9,8.17
2017-04-26 14:30:00,157,87,70,0,56.1,11.53
2017-04-26 14:35:00,152,87,62,3,58.4,7.58
2017-04-26 14:40:00,141,79,62,0,60.0,6.86
2017-04-26 14:45:00,138,89,49,0,63.0,6.82
2017-04-26 14:50:00,157,86,68,3,59.7,8.56
2017-04-26 14:55:00,157,90,67,0,58.6,8.7
2017-04-26 15:00:00,162,96,66,0,55.5,8.47
2017-04-26 15:05:00,142,89,53,0,59.0,7.19
2017-04-26 15:10:00,153,93,59,1,55.4,8.43
2017-04-26 15:15:00,156,85,65,6,60.8,6.44
2017-04-26 15:20:00,139,88,50,1,61.4,5.38
2017-04-26 15:25:00,161,90,69,2,61.4,6.51
2017-04-26 15:30:00,158,80,76,2,56.7,10.42
2017-04-26 15:35:00,153,87,61,5,59.4,7.76
2017-04-26 15:40:00,168,106,61,1,57.4,10.98
2017-04-26 15:45:00,166,86,80,0,58.8,9.57
2017-04-26 15:50:00,154,94,57,3,60.5,6.9
2017-04-26 15:55:00,164,100,63,1,58.6,9.66
2017-04-26 16:00:00,147,95,52,0,58.0,10.86
2017-04-26 16:05:00,159,96,63,0,58.0,9.01
2017-04-26 16:10:00,177,109,67,1,63.2,8.68
2017-04-26 16:15:00,172,99,69,4,54.3,12.47
2017-04-26 16:20:00,165,95,70,0,56.9,8.82
2017-04-26 16:25:00,183,116,66,1,57.2,9.93
2017-04-26 16:30:00,167,106,60,1,57.2,8.66
2017-04-26 16:35:00,190,119,68,3,53.8,10.91
2017-04-26 16:40:00,165,104,59,2,54.4,13.34
2017-04-26 16:45:00,147,87,60,0,53.4,9.27
2017-04-26 16:50:00,169,106,61,2,58.4,10.13
2017-04-26 16:55:00,188,123,63,2,62.1,9.09
2017-04-26 17:00:00,192,123,66,3,58.5,9.32
2017-04-26 17:05:00,147,96,50,1,56.7,9.23
2017-04-26 17:10:00,168,119,47,2,51.4,23.84
2017-04-26 17:15:00,143,86,55,2,51.9,24.63
2017-04-26 17:20:00,180,113,64,3,56.9,13.69
2017-04-26 17:25:00,138,97,41,0,57.8,12.16
2017-04-26 17:30:00,171,111,60,0,57.5,8.4
2017-04-26 17:35:00,171,97,73,1,57.0,9.19
2017-04-26 17:40:00,181,119,60,2,54.8,14.44
2017-04-26 17:45:00,148,110,37,1,52.6,16.32
2017-04-26 17:50:00,172,142,29,1,49.3,14.78
2017-04-26 17:55:00,146,120,22,4,52.1,18.33
2017-04-26 18:00:00,173,145,25,3,50.0,19.53
2017-04-26 18:05:00,173,150,23,0,52.7,18.35
2017-04-26 18:10:00,258,227,29,2,47.1,22.51
2017-04-26 18:15:00,232,200,31,1,50.4,21.68
2017-04-26 18:20:00,203,172,29,2,55.7,9.06
2017-04-26 18:25:00,205,168,37,0,48.9,16.17
2017-04-26 18:30:00,195,162,28,5,52.1,15.64
2017-04-26 18:35:00,165,137,25,3,54.0,20.62
2017-04-26 18:40:00,191,160,29,2,53.6,14.18
2017-04-26 18:45:00,171,127,43,1,54.4,15.56
2017-04-26 18:50:00,175,124,49,2,57.3,14.58
2017-04-26 18:55:00,170,120,49,1,51.6,14.71
2017-04-26 19:00:00,164,123,39,2,60.0,9.12
2017-04-26 19:05:00,131,91,40,0,64.3,5.45
2017-04-26 19:10:00,179,145,33,1,56.9,9.98
2017-04-26 19:15:00,141,101,37,3,53.7,11.91
2017-04-26 19:20:00,165,109,54,2,55.6,12.6
2017-04-26 19:25:00,138,109,27,2,53.7,11.55
2017-04-26 19:30:00,146,116,29,1,52.0,16.81
2017-04-26 19:35:00,131,105,26,0,58.9,18.37
2017-04-26 19:40:00,147,113,32,2,54.4,13.19
2017-04-26 19:45:00,136,96,36,4,55.0,16.85
2017-04-26 19:50:00,117,75,39,3,58.0,11.67
2017-04-26 19:55:00,110,83,27,0,59.1,5.76
2017-04-26 20:00:00,117,87,30,0,58.7,6.76
2017-04-26 20:05:00,129,90,39,0,58.6,7.49
2017-04-26 20:10:00,102,74,28,0,56.6,7.04
2017-04-26 20:15:00,117,84,33,0,56.0,11.98
2017-04-26 20:20:00,118,88,30,0,54.9,10.9
2017-04-26 20:25:00,144,95,49,0,60.5,8.65
2017-04-26 20:30:00,116,81,34,1,60.0,5.25
2017-04-26 20:35:00,105,74,30,1,60.7,4.78
2017-04-26 20:40:00,133,87,46,0,63.3,9.73
2017-04-26 20:45:00,160,120,39,1,58.6,11.6
2017-04-26 20:50:00,133,95,38,0,60.6,7.36
2017-04-26 20:55:00,135,98,34,3,53.9,9.64
2017-04-26 21:00:00,163,124,35,4,58.1,12.16
2017-04-26 21:05:00,133,93,39,1,51.7,9.06
2017-04-26 21:10:00,135,95,39,1,59.4,7.94
2017-04-26 21:15:00,115,81,33,1,60.4,5.84
2017-04-26 21:20:00,109,70,38,1,60.6,6.36
2017-04-26 21:25:00,124,80,42,2,57.9,6.87
2017-04-26 21:30:00,128,86,38,4,63.9,6.04
2017-04-26 21:35:00,117,83,34,0,53.1,8.85
2017-04-26 21:40:00,137,90,39,8,60.7,9.47
2017-04-26 21:45:00,126,79,46,1,62.8,7.72
2017-04-26 21:50:00,112,76,34,2,62.4,6.26
2017-04-26 21:55:00,120,88,32,0,58.8,5.47
2017-04-26 22:00:00,84,55,29,0,65.4,3.58
2017-04-26 22:05:00,82,60,22,0,63.2,3.28
2017-04-26 22:10:00,102,68,32,2,60.1,5.01
2017-04-26 22:15:00,111,78,31,2,57.1,6.26
2017-04-26 22:20:00,92,61,31,0,60.7,6.06
2017-04-26 22:25:00,107,76,29,2,59.8,6.34
2017-04-26 22:30:00,85,57,27,1,65.6,3.79
2017-04-26 22:35:00,100,67,33,0,61.3,5.38
2017-04-26 22:40:00,89,59,27,3,63.2,3.56
2017-04-26 22:45:00,80,46,33,1,67.5,3.76
2017-04-26 22:50:00,58,37,21,0,66.6,2.5
2017-04-26 22:55:00,82,56,26,0,68.1,2.76
2017-04-26 23:00:00,72,53,18,1,58.9,3.62
2017-04-26 23:05:00,67,49,18,0,64.7,3.11
2017-04-26 23:10:00,69,44,25,0,60.3,3.55
2017-04-26 23:15:00,58,33,25,0,65.9,2.27
2017-04-26 23:20:00,62,41,21,0,61.8,2.66
2017-04-26 23:25:00,48,25,23,0,68.9,1.94
2017-04-26 23:30:00,45,24,20,1,68.4,1.9
2017-04-26 23:35:00,48,33,15,0,62.9,1.79
2017-04-26 23:40:00,46,31,14,1,64.1,1.89
2017-04-26 23:45:00,53,33,20,0,61.2,2.07
2017-04-26 23:50:00,35,22,13,0,62.2,1.55
2017-04-26 23:55:00,37,16,21,0,64.8,1.46
2017-04-27 00:00:00,41,15,25,1,63.2,1.62
2017-04-27 00:05:00,36,17,19,0,70.6,1.27
2017-04-27 00:10:00,39,23,14,2,62.6,1.43
2017-04-27 00:15:00,52,37,14,1,61.4,2.13
2017-04-27 00:20:00,39,24,15,0,62.1,1.53
2017-04-27 00:25:00,24,15,9,0,64.4,0.88
2017-04-27 00:30:00,26,14,12,0,61.9,0.91
2017-04-27 00:35:00,30,18,11,1,66.0,1.15
2017-04-27 00:40:00,24,16,7,1,65.0,0.9
2017-04-27 00:45:00,26,18,8,0,63.6,1.0
2017-04-27 00:50:00,25,16,8,1,63.2,1.02
2017-04-27 00:55:00,26,17,9,0,66.3,0.85
2017-04-27 01:00:00,12,8,4,0,67.8,0.32
2017-04-27 01:05:00,21,14,6,1,68.2,3.33
2017-04-27 01:10:00,16,9,7,0,44.5,25.56
2017-04-27 01:15:00,16,7,9,0,48.8,25.62
2017-04-27 01:20:00,17,7,10,0,51.5,25.73
2017-04-27 01:25:00,15,8,7,0,42.6,25.56
2017-04-27 01:30:00,17,11,6,0,49.2,25.61
2017-04-27 01:35:00,13,8,5,0,48.4,25.48
2017-04-27 01:40:00,18,12,6,0,53.1,25.71
2017-04-27 01:45:00,13,6,7,0,50.0,25.53
2017-04-27 01:50:00,18,11,6,1,63.4,21.38
2017-04-27 01:55:00,9,6,3,0,64.7,0.29
2017-04-27 02:00:00,14,9,4,1,61.6,0.57
2017-04-27 02:05:00,10,6,4,0,67.0,0.34
2017-04-27 02:10:00,15,8,7,0,71.8,0.56
2017-04-27 02:15:00,21,10,10,1,68.5,0.89
2017-04-27 02:20:00,17,9,8,0,63.8,0.67
2017-04-27 02:25:00,12,6,6,0,60.1,0.49
2017-04-27 02:30:00,17,8,8,1,68.9,0.7
2017-04-27 02:35:00,11,7,4,0,66.8,0.4
2017-04-27 02:40:00,19,13,5,1,69.1,0.73
2017-04-27 02:45:00,10,6,4,0,62.6,0.44
2017-04-27 02:50:00,8,4,4,0,61.5,10.3
2017-04-27 02:55:00,12,10,2,0,53.6,0.56
2017-04-27 03:00:00,8,6,2,0,47.3,25.3
2017-04-27 03:05:00,12,8,4,0,64.0,0.54
2017-04-27 03:10:00,15,8,7,0,64.9,0.55
2017-04-27 03:15:00,17,12,5,0,56.4,0.78
2017-04-27 03:20:00,12,11,1,0,61.6,4.5
2017-04-27 03:25:00,13,9,4,0,66.1,0.54
2017-04-27 03:30:00,13,7,6,0,56.8,0.54
2017-04-27 03:35:00,8,6,2,0,58.3,0.57
2017-04-27 03:40:00,14,9,5,0,63.0,0.58
2017-04-27 03:45:00,12,7,5,0,48.5,0.69
2017-04-27 03:50:00,19,10,9,0,65.5,0.79
2017-04-27 03:55:00,15,10,5,0,59.1,0.62
2017-04-27 04:00:00,9,4,5,0,50.3,0.55
2017-04-27 04:05:00,10,6,4,0,69.3,0.3
2017-04-27 04:10:00,15,9,6,0,70.2,0.5
2017-04-27 04:15:00,14,5,9,0,70.2,0.5
2017-04-27 04:20:00,13,9,4,0,65.0,0.51
2017-04-27 04:25:00,10,5,5,0,52.3,0.53
2017-04-27 04:30:00,8,6,2,0,45.8,0.48
2017-04-27 04:35:00,7,7,0,0,58.0,0.36
2017-04-27 04:40:00,11,6,5,0,62.1,0.38
2017-04-27 04:45:00,19,9,10,0,50.7,0.81
2017-04-27 04:50:00,26,23,3,0,49.6,1.02
2017-04-27 04:55:00,31,18,11,2,61.9,1.48
2017-04-27 05:00:00,22,18,4,0,61.9,0.88
2017-04-27 05:05:00,27,19,8,0,62.9,1.06
2017-04-27 05:10:00,30,18,12,0,60.9,1.14
2017-04-27 05:15:00,28,21,7,0,65.4,1.2
2017-04-27 05:20:00,16,10,5,1,71.7,4.35
2017-04-27 05:25:00,30,21,9,0,68.2,1.38
2017-04-27 05:30:00,20,11,9,0,64.8,0.73
2017-04-27 05:35:00,42,26,16,0,66.7,1.59
2017-04-27 05:40:00,40,26,13,1,64.8,1.5
2017-04-27 05:45:00,37,20,16,1,64.6,1.44
2017-04-27 05:50:00,35,24,7,4,66.9,1.16
2017-04-27 05:55:00,52,33,17,2,65.8,1.77
2017-04-27 06:00:00,50,27,21,2,62.3,1.72
2017-04-27 06:05:00,67,38,27,2,61.4,2.48
2017-04-27 06:10:00,67,43,23,1,64.9,2.44
2017-04-27 06:15:00,68,42,24,2,68.6,2.04
2017-04-27 06:20:00,86,64,22,0,64.6,2.92
2017-04-27 06:25:00,68,48,20,0,67.4,2.13
2017-04-27 06:30:00,76,58,17,1,71.5,2.5
2017-04-27 06:35:00,93,59,29,5,67.0,3.37
2017-04-27 06:40:00,86,56,28,2,64.9,3.1
2017-04-27 06:45:00,99,78,21,0,76.4,2.85
2017-04-27 06:50:00,114,71,42,1,69.0,4.13
2017-04-27 06:55:00,119,66,53,0,63.9,4.16
2017-04-27 07:00:00,119,53,66,0,63.9,5.7
2017-04-27 07:05:00,143,58,84,1,62.5,5.01
2017-04-27 07:10:00,141,49,89,3,67.4,5.64
2017-04-27 07:15:00,172,56,114,2,68.7,5.94
2017-04-27 07:20:00,158,60,98,0,69.6,5.83
2017-04-27 07:25:00,169,69,100,0,60.5,8.18
2017-04-27 07:30:00,146,85,58,3,65.1,8.03
2017-04-27 07:35:00,166,110,53,3,65.5,6.52
2017-04-27 07:40:00,163,102,58,3,61.7,7.3
2017-04-27 07:45:00,165,116,49,0,62.1,6.86
2017-04-27 07:50:00,176,131,42,3,67.5,6.04
2017-04-27 07:55:00,162,130,32,0,63.1,6.36
2017-04-27 08:00:00,204,152,52,0,53.9,11.68
2017-04-27 08:05:00,186,136,48,2,61.3,7.19
2017-04-27 08:10:00,180,130,48,2,61.1,7.47
2017-04-27 08:15:00,188,157,31,0,60.9,8.17
2017-04-27 08:20:00,220,160,58,2,51.5,25.71
2017-04-27 08:25:00,197,117,79,1,55.8,10.99
2017-04-27 08:30:00,210,143,64,3,54.3,13.99
2017-04-27 08:35:00,188,152,35,1,63.1,7.6
2017-04-27 08:40:00,217,154,61,2,55.0,14.34
2017-04-27 08:45:00,207,131,71,5,55.5,15.97
2017-04-27 08:50:00,195,128,67,0,51.9,15.69
2017-04-27 08:55:00,130,93,35,2,57.8,8.76
2017-04-27 09:00:00,134,94,39,1,57.4,7.38
2017-04-27 09:05:00,148,98,48,2,59.8,7.22
2017-04-27 09:10:00,173,117,54,2,60.6,8.72
2017-04-27 09:15:00,138,98,40,0,62.2,6.07
2017-04-27 09:20:00,143,101,40,2,62.6,5.63
2017-04-27 09:25:00,162,108,51,3,61.9,5.98
2017-04-27 09:30:00,154,95,54,5,62.1,5.18
2017-04-27 09:35:00,149,107,41,1,64.4,5.45
2017-04-27 09:40:00,192,124,68,0,61.6,6.87
2017-04-27 09:45:00,154,105,49,0,63.0,5.82
2017-04-27 09:50:00,151,97,52,2,63.7,5.17
2017-04-27 09:55:00,175,102,71,2,56.1,9.48
2017-04-27 10:00:00,150,81,68,1,64.2,4.96
2017-04-27 10:05:00,123,74,47,2,65.2,4.17
2017-04-27 10:10:00,128,74,52,2,63.3,4.75
2017-04-27 10:15:00,126,71,53,2,63.6,4.37
2017-04-27 10:20:00,156,94,61,1,62.5,5.73
2017-04-27 10:25:00,146,94,49,3,63.9,6.13
2017-04-27 10:30:00,135,84,50,1,60.2,4.68
2017-04-27 10:35:00,125,72,52,1,63.1,4.68
2017-04-27 10:40:00,106,71,34,1,64.0,3.71
2017-04-27 10:45:00,114,62,52,0,66.2,3.69
2017-04-27 10:50:00,131,75,53,3,63.2,4.59
2017-04-27 10:55:00,141,88,51,2,61.3,6.52
2017-04-27 11:00:00,133,81,51,1,61.7,4.98
2017-04-27 11:05:00,152,89,62,1,59.1,5.77
2017-04-27 11:10:00,146,74,72,0,62.1,6.11
2017-04-27 11:15:00,121,70,50,1,62.9,4.35
2017-04-27 11:20:00,127,75,48,4,60.0,4.23
2017-04-27 11:25:00,142,85,55,2,63.7,5.3
2017-04-27 11:30:00,123,68,55,0,63.2,4.26
2017-04-27 11:35:00,144,84,57,3,60.1,7.05
2017-04-27 11:40:00,151,90,60,1,56.8,6.16
2017-04-27 11:45:00,125,75,45,5,58.1,4.57
2017-04-27 11:50:00,138,72,62,4,59.3,6.01
2017-04-27 11:55:00,118,61,56,1,60.2,5.54
2017-04-27 12:00:00,111,67,43,1,61.1,4.61
2017-04-27 12:05:00,107,64,42,1,62.0,4.22
2017-04-27 12:10:00,98,70,26,2,62.9,3.3
2017-04-27 12:15:00,97,61,35,1,58.7,3.41
2017-04-27 12:20:00,105,61,38,6,59.9,4.53
2017-04-27 12:25:00,108,69,37,2,61.3,4.67
2017-04-27 12:30:00,129,86,42,1,58.9,5.12
2017-04-27 12:35:00,149,90,57,2,61.1,7.05
2017-04-27 12:40:00,151,82,68,1,59.4,7.45
2017-04-27 12:45:00,135,75,60,0,59.9,7.67
2017-04-27 12:50:00,129,82,46,1,60.9,4.73
2017-04-27 12:55:00,143,85,58,0,60.4,6.31
2017-04-27 13:00:00,137,85,50,2,62.1,5.56
2017-04-27 13:05:00,126,76,46,4,57.1,6.07
2017-04-27 13:10:00,150,82,68,0,59.2,6.84
2017-04-27 13:15:00,138,79,59,0,62.8,5.38
2017-04-27 13:20:00,123,68,53,2,63.8,5.06
2017-04-27 13:25:00,147,77,66,4,60.8,7.74
2017-04-27 13:30:00,146,83,61,2,62.4,5.85
2017-04-27 13:35:00,135,79,55,1,55.7,8.78
2017-04-27 13:40:00,153,86,66,1,56.4,8.36
2017-04-27 13:45:00,145,70,70,5,56.4,6.57
2017-04-27 13:50:00,150,70,76,4,57.2,10.62
2017-04-27 13:55:00,145,69,75,1,62.2,6.15
2017-04-27 14:00:00,134,84,50,0,52.7,14.44
2017-04-27 14:05:00,149,98,50,1,51.8,10.38
2017-04-27 14:10:00,141,76,63,2,55.6,6.32
2017-04-27 14:15:00,161,82,78,1,57.4,8.39
2017-04-27 14:20:00,130,57,71,2,59.2,6.89
2017-04-27 14:25:00,176,102,74,0,55.3,11.28
2017-04-27 14:30:00,142,76,64,2,59.4,6.87
2017-04-27 14:35:00,126,79,47,0,56.6,5.99
2017-04-27 14:40:00,138,65,70,3,57.0,7.48
2017-04-27 14:45:00,170,97,71,2,59.9,7.16
2017-04-27 14:50:00,138,76,61,1,61.5,5.76
2017-04-27 14:55:00,153,82,67,4,58.9,9.42
2017-04-27 15:00:00,170,85,83,2,59.2,8.84
2017-04-27 15:05:00,174,99,74,1,56.4,9.62
2017-04-27 15:10:00,170,83,84,3,58.5,7.36
2017-04-27 15:15:00,155,74,79,2,60.3,7.81
2017-04-27 15:20:00,137,70,66,1,60.4,5.66
2017-04-27 15:25:00,130,72,58,0,62.6,5.8
2017-04-27 15:30:00,149,85,63,1,60.1,6.73
2017-04-27 15:35:00,153,87,64,2,57.0,8.35
2017-04-27 15:40:00,153,99,54,0,56.1,9.75
2017-04-27 15:45:00,145,90,53,2,59.9,6.33
2017-04-27 15:50:00,148,81,67,0,61.9,6.94
2017-04-27 15:55:00,164,98,65,1,63.3,7.45
2017-04-27 16:00:00,144,83,59,2,62.1,7.26
2017-04-27 16:05:00,166,99,65,2,61.9,8.17
2017-04-27 16:10:00,179,100,79,0,57.8,10.25
2017-04-27 16:15:00,159,98,59,2,60.6,9.09
2017-04-27 16:20:00,172,119,52,1,56.8,10.82
2017-04-27 16:25:00,141,91,48,2,59.7,7.45
2017-04-27 16:30:00,186,117,69,0,54.7,11.3
2017-04-27 16:35:00,158,91,65,2,60.6,9.15
2017-04-27 16:40:00,167,94,69,4,63.9,9.04
2017-04-27 16:45:00,147,93,54,0,59.3,10.41
2017-04-27 16:50:00,161,99,59,3,57.2,12.1
2017-04-27 16:55:00,161,106,53,2,62.1,7.81
2017-04-27 17:00:00,150,98,50,2,61.3,7.22
2017-04-27 17:05:00,166,106,56,4,61.1,8.13
2017-04-27 17:10:00,160,99,56,5,50.2,26.39
2017-04-27 17:15:00,142,88,49,5,55.1,22.27
2017-04-27 17:20:00,177,115,61,1,59.4,11.3
2017-04-27 17:25:00,151,75,73,3,58.0,13.22
2017-04-27 17:30:00,152,71,80,1,60.5,17.01
2017-04-27 17:35:00,196,94,99,3,60.3,13.06
2017-04-27 17:40:00,174,120,52,2,52.9,18.21
2017-04-27 17:45:00,168,117,48,3,52.3,16.86
2017-04-27 17:50:00,173,114,58,1,55.4,17.62
2017-04-27 17:55:00,168,124,41,3,52.3,18.35
2017-04-27 18:00:00,150,118,28,4,50.8,25.16
2017-04-27 18:05:00,113,89,20,4,49.3,49.92
2017-04-27 18:10:00,157,129,24,4,43.9,37.5
2017-04-27 18:15:00,174,143,22,9,41.4,35.64
2017-04-27 18:20:00,211,180,23,8,48.6,14.13
2017-04-27 18:25:00,216,189,19,8,43.6,10.4
2017-04-27 18:30:00,232,205,25,2,41.0,12.03
2017-04-27 18:35:00,206,178,26,2,45.8,18.56
2017-04-27 18:40:00,183,166,15,2,48.6,12.35
2017-04-27 18:45:00,221,188,31,2,47.0,12.14
2017-04-27 18:50:00,180,155,24,1,52.7,11.63
2017-04-27 18:55:00,200,155,41,4,49.3,11.39
2017-04-27 19:00:00,189,130,58,1,52.1,11.62
2017-04-27 19:05:00,157,84,69,4,58.8,6.37
2017-04-27 19:10:00,171,121,46,4,54.1,8.49
2017-04-27 19:15:00,193,146,42,5,48.1,15.5
2017-04-27 19:20:00,160,123,35,2,53.5,14.39
2017-04-27 19:25:00,137,112,24,1,54.4,12.1
2017-04-27 19:30:00,104,88,15,1,55.0,13.8
2017-04-27 19:35:00,140,110,30,0,54.3,8.78
2017-04-27 19:40:00,163,128,35,0,56.8,9.45
2017-04-27 19:45:00,163,116,46,1,57.6,9.75
2017-04-27 19:50:00,144,105,38,1,59.3,8.36
2017-04-27 19:55:00,126,95,30,1,59.1,5.89
2017-04-27 20:00:00,141,103,36,2,55.6,10.05
2017-04-27 20:05:00,138,82,56,0,53.6,9.28
2017-04-27 20:10:00,127,91,33,3,56.5,14.75
2017-04-27 20:15:00,138,101,35,2,57.4,11.54
2017-04-27 20:20:00,143,113,29,1,56.1,12.21
2017-04-27 20:25:00,127,94,30,3,57.5,6.81
2017-04-27 20:30:00,142,101,40,1,58.3,7.82
2017-04-27 20:35:00,106,74,30,2,58.7,5.04
2017-04-27 20:40:00,128,94,33,1,57.9,6.63
2017-04-27 20:45:00,136,97,36,3,58.8,8.7
2017-04-27 20:50:00,122,90,30,2,56.3,9.4
2017-04-27 20:55:00,115,86,28,1,53.9,10.62
2017-04-27 21:00:00,145,109,34,2,50.1,11.97
2017-04-27 21:05:00,154,122,29,3,51.3,19.25
2017-04-27 21:10:00,99,68,30,1,62.1,9.56
2017-04-27 21:15:00,131,96,35,0,61.5,7.54
2017-04-27 21:20:00,157,124,32,1,55.4,9.25
2017-04-27 21:25:00,147,105,42,0,59.4,7.4
2017-04-27 21:30:00,134,99,32,3,63.4,6.99
2017-04-27 21:35:00,134,103,30,1,58.2,10.01
2017-04-27 21:40:00,130,85,43,2,56.8,7.88
2017-04-27 21:45:00,118,83,35,0,62.4,6.46
2017-04-27 21:50:00,99,69,30,0,63.2,5.43
2017-04-27 21:55:00,115,82,33,0,61.2,5.44
2017-04-27 22:00:00,123,87,35,1,66.6,5.49
2017-04-27 22:05:00,115,87,28,0,61.6,4.73
2017-04-27 22:10:00,129,87,42,0,62.5,7.88
2017-04-27 22:15:00,110,74,35,1,59.2,5.33
2017-04-27 22:20:00,102,70,32,0,60.8,4.94
2017-04-27 22:25:00,112,88,21,3,55.0,6.31
2017-04-27 22:30:00,96,57,38,1,61.5,4.45
2017-04-27 22:35:00,94,67,26,1,60.3,4.62
2017-04-27 22:40:00,76,47,28,1,65.7,3.11
2017-04-27 22:45:00,81,49,32,0,65.9,3.74
2017-04-27 22:50:00,74,45,29,0,67.7,3.36
2017-04-27 22:55:00,82,52,28,2,64.6,3.34
2017-04-27 23:00:00,63,45,18,0,63.8,3.14
2017-04-27 23:05:00,62,36,26,0,53.9,2.65
2017-04-27 23:10:00,71,34,35,2,63.9,3.15
2017-04-27 23:15:00,83,58,25,0,70.2,3.76
2017-04-27 23:20:00,54,31,23,0,76.9,1.82
2017-04-27 23:25:00,41,28,13,0,62.2,1.87
2017-04-27 23:30:00,56,38,18,0,65.8,2.23
2017-04-27 23:35:00,61,38,21,2,79.3,2.35
2017-04-27 23:40:00,63,43,19,1,59.8,2.8
2017-04-27 23:45:00,45,26,19,0,57.9,2.02
2017-04-27 23:50:00,44,27,17,0,60.5,1.83
2017-04-27 23:55:00,47,24,23,0,65.2,2.14
2017-04-28 00:00:00,32,22,10,0,67.5,1.3
2017-04-28 00:05:00,29,21,8,0,69.3,1.08
2017-04-28 00:10:00,36,24,12,0,66.0,1.34
2017-04-28 00:15:00,25,12,13,0,74.0,0.94
2017-04-28 00:20:00,23,12,11,0,71.6,0.88
2017-04-28 00:25:00,31,14,17,0,64.2,1.18
2017-04-28 00:30:00,35,13,22,0,70.8,1.31
2017-04-28 00:35:00,23,11,12,0,74.5,0.86
2017-04-28 00:40:00,17,9,8,0,64.3,0.72
2017-04-28 00:45:00,36,25,11,0,82.1,1.1
2017-04-28 00:50:00,28,14,13,1,64.5,1.22
2017-04-28 00:55:00,16,11,5,0,60.9,0.75
2017-04-28 01:00:00,16,11,5,0,66.7,0.6
2017-04-28 01:05:00,37,20,17,0,69.4,1.27
2017-04-28 01:10:00,22,11,11,0,65.8,0.81
2017-04-28 01:15:00,28,15,13,0,57.3,1.09
2017-04-28 01:20:00,23,11,12,0,62.8,0.99
2017-04-28 01:25:00,18,9,9,0,65.8,0.76
2017-04-28 01:30:00,20,14,6,0,62.2,0.77
2017-04-28 01:35:00,13,9,4,0,66.1,0.54
2017-04-28 01:40:00,17,5,12,0,62.1,0.72
2017-04-28 01:45:00,13,9,4,0,64.0,0.46
2017-04-28 01:50:00,27,16,11,0,70.3,1.02
2017-04-28 01:55:00,14,8,6,0,62.1,0.54
2017-04-28 02:00:00,18,13,4,1,71.9,0.57
2017-04-28 02:05:00,13,6,6,1,55.8,0.63
2017-04-28 02:10:00,14,10,4,0,63.2,0.53
2017-04-28 02:15:00,19,15,4,0,65.1,0.69
2017-04-28 02:20:00,13,8,5,0,63.6,0.46
2017-04-28 02:25:00,15,7,8,0,63.2,0.56
2017-04-28 02:30:00,14,10,4,0,53.8,0.59
2017-04-28 02:35:00,18,12,6,0,65.9,0.79
2017-04-28 02:40:00,13,7,6,0,68.3,0.51
2017-04-28 02:45:00,12,7,5,0,61.4,0.47
2017-04-28 02:50:00,9,5,4,0,64.8,0.35
2017-04-28 02:55:00,10,7,3,0,69.2,0.36
2017-04-28 03:00:00,7,4,3,0,63.3,0.27
2017-04-28 03:05:00,11,6,5,0,71.6,0.41
2017-04-28 03:10:00,16,10,6,0,56.7,0.72
2017-04-28 03:15:00,14,7,7,0,56.8,0.65
2017-04-28 03:20:00,20,16,4,0,65.2,0.81
2017-04-28 03:25:00,15,8,7,0,65.1,0.6
2017-04-28 03:30:00,17,13,4,0,56.7,0.78
2017-04-28 03:35:00,14,7,7,0,70.5,0.65
2017-04-28 03:40:00,9,8,1,0,64.5,0.26
2017-04-28 03:45:00,21,9,12,0,67.3,0.88
2017-04-28 03:50:00,9,5,4,0,64.4,0.41
2017-04-28 03:55:00,12,7,5,0,70.4,0.36
2017-04-28 04:00:00,13,9,4,0,69.4,0.48
2017-04-28 04:05:00,13,8,5,0,68.8,0.42
2017-04-28 04:10:00,13,6,6,1,82.4,0.56
2017-04-28 04:15:00,20,12,8,0,69.8,0.72
2017-04-28 04:20:00,20,12,8,0,71.9,0.62
2017-04-28 04:25:00,11,8,3,0,64.2,0.47
2017-04-28 04:30:00,19,11,8,0,58.4,3.17
2017-04-28 04:35:00,15,10,5,0,63.8,0.56
2017-04-28 04:40:00,16,10,6,0,61.0,0.61
2017-04-28 04:45:00,18,11,7,0,67.7,0.58
2017-04-28 04:50:00,23,16,6,1,55.0,0.87
2017-04-28 04:55:00,24,16,8,0,71.1,0.97
2017-04-28 05:00:00,16,9,6,1,57.9,0.81
2017-04-28 05:05:00,21,9,12,0,60.7,0.89
2017-04-28 05:10:00,27,15,12,0,57.8,1.27
2017-04-28 05:15:00,22,17,5,0,66.8,1.0
2017-04-28 05:20:00,20,12,8,0,70.9,0.67
2017-04-28 05:25:00,29,19,9,1,65.7,1.33
2017-04-28 05:30:00,27,16,11,0,57.2,1.17
2017-04-28 05:35:00,46,24,18,4,68.3,1.82
2017-04-28 05:40:00,50,27,21,2,70.9,1.97
2017-04-28 05:45:00,18,10,8,0,63.2,0.71
2017-04-28 05:50:00,38,22,15,1,71.6,1.06
2017-04-28 05:55:00,42,26,16,0,71.4,1.21
2017-04-28 06:00:00,60,34,26,0,63.5,2.06
2017-04-28 06:05:00,59,32,25,2,64.7,2.56
2017-04-28 06:10:00,46,29,17,0,65.4,1.71
2017-04-28 06:15:00,71,48,21,2,73.2,2.0
2017-04-28 06:20:00,66,45,21,0,65.3,2.16
2017-04-28 06:25:00,82,58,23,1,66.4,2.9
2017-04-28 06:30:00,74,50,22,2,65.7,2.91
2017-04-28 06:35:00,86,64,22,0,65.1,3.43
2017-04-28 06:40:00,112,80,28,4,71.1,3.45
2017-04-28 06:45:00,112,89,17,6,68.2,3.62
2017-04-28 06:50:00,87,53,32,2,65.2,3.2
2017-04-28 06:55:00,112,62,48,2,67.9,4.77
2017-04-28 07:00:00,119,54,65,0,70.0,3.71
2017-04-28 07:05:00,126,44,80,2,65.8,4.48
2017-04-28 07:10:00,143,52,87,4,71.5,4.74
2017-04-28 07:15:00,163,50,110,3,71.2,6.3
2017-04-28 07:20:00,158,72,83,3,65.3,8.28
2017-04-28 07:25:00,161,81,79,1,67.1,8.58
2017-04-28 07:30:00,165,88,77,0,66.1,6.18
2017-04-28 07:35:00,167,110,54,3,62.5,8.68
2017-04-28 07:40:00,150,110,40,0,62.0,6.66
2017-04-28 07:45:00,170,125,44,1,65.0,6.54
2017-04-28 07:50:00,173,125,44,4,65.6,9.96
2017-04-28 07:55:00,162,124,38,0,62.9,7.01
2017-04-28 08:00:00,158,123,35,0,62.1,6.02
2017-04-28 08:05:00,141,104,37,0,63.7,12.68
2017-04-28 08:10:00,183,133,48,2,67.5,5.67
2017-04-28 08:15:00,185,139,46,0,61.9,7.16
2017-04-28 08:20:00,198,141,54,3,55.2,13.16
2017-04-28 08:25:00,199,141,55,3,56.0,14.4
2017-04-28 08:30:00,190,126,60,4,60.0,8.09
2017-04-28 08:35:00,228,175,51,2,63.0,8.97
2017-04-28 08:40:00,191,131,59,1,58.6,9.98
2017-04-28 08:45:00,204,135,64,5,58.9,10.62
2017-04-28 08:50:00,145,104,41,0,63.8,6.69
2017-04-28 08:55:00,149,101,47,1,55.7,15.65
2017-04-28 09:00:00,167,104,62,1,59.8,6.65
2017-04-28 09:05:00,141,85,56,0,61.9,6.3
2017-04-28 09:10:00,158,120,38,0,55.7,9.26
2017-04-28 09:15:00,112,76,35,1,63.4,4.02
2017-04-28 09:20:00,136,102,34,0,66.9,4.65
2017-04-28 09:25:00,173,127,46,0,61.7,5.38
2017-04-28 09:30:00,160,106,53,1,62.3,5.98
2017-04-28 09:35:00,136,92,42,2,62.0,6.49
2017-04-28 09:40:00,154,111,43,0,61.7,6.32
2017-04-28 09:45:00,154,97,57,0,61.8,4.94
2017-04-28 09:50:00,167,108,56,3,60.5,6.0
2017-04-28 09:55:00,106,68,38,0,62.7,3.76
2017-04-28 10:00:00,151,104,46,1,60.6,5.05
2017-04-28 10:05:00,149,96,53,0,62.4,6.3
2017-04-28 10:10:00,145,88,55,2,61.8,5.27
2017-04-28 10:15:00,142,95,45,2,60.7,6.7
2017-04-28 10:20:00,138,84,54,0,62.9,4.38
2017-04-28 10:25:00,140,77,61,2,62.5,5.15
2017-04-28 10:30:00,119,68,49,2,62.3,4.79
2017-04-28 10:35:00,150,93,55,2,59.6,6.12
2017-04-28 10:40:00,149,91,58,0,59.0,6.93
2017-04-28 10:45:00,136,84,52,0,63.2,5.36
2017-04-28 10:50:00,99,67,32,0,66.5,3.54
2017-04-28 10:55:00,138,71,66,1,62.3,5.48
2017-04-28 11:00:00,152,88,63,1,62.5,6.4
2017-04-28 11:05:00,135,85,47,3,60.7,5.65
2017-04-28 11:10:00,126,76,48,2,60.8,5.17
2017-04-28 11:15:00,120,65,53,2,62.5,4.28
2017-04-28 11:20:00,149,88,60,1,59.4,6.32
2017-04-28 11:25:00,137,81,55,1,59.6,5.85
2017-04-28 11:30:00,123,75,47,1,65.1,4.94
2017-04-28 11:35:00,156,88,64,4,61.5,6.55
2017-04-28 11:40:00,154,96,58,0,63.0,4.5
2017-04-28 11:45:00,147,88,58,1,59.3,5.97
2017-04-28 11:50:00,79,36,42,1,62.1,3.67
2017-04-28 11:55:00,109,57,49,3,66.3,4.22
2017-04-28 12:00:00,83,48,33,2,67.8,3.13
2017-04-28 12:05:00,122,74,46,2,59.0,5.2
2017-04-28 12:10:00,130,89,40,1,63.5,3.97
2017-04-28 12:15:00,105,67,37,1,61.1,3.87
2017-04-28 12:20:00,115,73,42,0,64.8,4.01
2017-04-28 12:25:00,142,86,55,1,64.6,4.99
2017-04-28 12:30:00,118,74,44,0,60.7,4.58
2017-04-28 12:35:00,118,66,50,2,63.8,3.92
2017-04-28 12:40:00,111,67,44,0,64.2,3.94
2017-04-28 12:45:00,132,76,54,2,65.1,5.16
2017-04-28 12:50:00,150,93,52,5,61.3,5.55
2017-04-28 12:55:00,121,62,57,2,64.0,5.14
2017-04-28 13:00:00,132,75,55,2,65.1,4.22
2017-04-28 13:05:00,165,95,68,2,61.5,6.52
2017-04-28 13:10:00,143,77,64,2,59.7,6.3
2017-04-28 13:15:00,101,62,39,0,58.9,5.3
2017-04-28 13:20:00,150,79,68,3,60.2,7.48
2017-04-28 13:25:00,165,100,62,3,56.5,7.75
2017-04-28 13:30:00,149,95,53,1,62.3,6.64
2017-04-28 13:35:00,143,73,67,3,59.1,12.22
2017-04-28 13:40:00,153,101,51,1,57.4,7.09
2017-04-28 13:45:00,171,94,76,1,60.0,6.79
2017-04-28 13:50:00,191,106,79,6,53.5,12.96
2017-04-28 13:55:00,120,59,57,4,60.3,5.81
2017-04-28 14:00:00,169,102,67,0,61.3,7.47
2017-04-28 14:05:00,149,90,56,3,57.4,7.24
2017-04-28 14:10:00,154,81,72,1,56.1,12.35
2017-04-28 14:15:00,157,95,61,1,57.8,8.11
2017-04-28 14:20:00,168,94,72,2,60.6,6.66
2017-04-28 14:25:00,169,100,68,1,55.9,10.43
2017-04-28 14:30:00,131,89,42,0,56.8,7.47
2017-04-28 14:35:00,176,101,73,2,62.2,7.7
2017-04-28 14:40:00,137,60,77,0,57.9,8.12
2017-04-28 14:45:00,190,107,83,0,55.5,11.03
2017-04-28 14:50:00,157,86,69,2,59.7,7.51
2017-04-28 14:55:00,155,78,76,1,61.0,8.15
2017-04-28 15:00:00,150,87,61,2,58.7,9.19
2017-04-28 15:05:00,156,93,62,1,60.1,8.57
2017-04-28 15:10:00,179,105,69,5,51.1,14.84
2017-04-28 15:15:00,154,97,55,2,57.5,7.89
2017-04-28 15:20:00,163,90,72,1,57.7,11.86
2017-04-28 15:25:00,176,114,60,2,59.0,8.13
2017-04-28 15:30:00,147,99,47,1,56.9,8.94
2017-04-28 15:35:00,174,110,63,1,57.0,9.41
2017-04-28 15:40:00,158,109,47,2,59.4,7.13
2017-04-28 15:45:00,175,115,59,1,54.8,10.77
2017-04-28 15:50:00,152,103,49,0,59.0,10.81
2017-04-28 15:55:00,191,131,54,6,58.1,10.24
2017-04-28 16:00:00,162,106,56,0,56.9,12.94
2017-04-28 16:05:00,153,102,50,1,56.0,15.17
2017-04-28 16:10:00,180,121,58,1,55.9,13.56
2017-04-28 16:15:00,185,121,63,1,62.2,8.12
2017-04-28 16:20:00,192,130,62,0,55.1,10.44
2017-04-28 16:25:00,152,100,50,2,57.4,13.8
2017-04-28 16:30:00,186,117,67,2,59.7,8.89
2017-04-28 16:35:00,159,123,32,4,58.2,12.66
2017-04-28 16:40:00,182,117,64,1,55.0,13.29
2017-04-28 16:45:00,190,127,61,2,56.8,12.09
2017-04-28 16:50:00,158,105,52,1,52.9,19.47
2017-04-28 16:55:00,189,98,90,1,54.2,17.01
2017-04-28 17:00:00,169,90,79,0,57.4,10.38
2017-04-28 17:05:00,172,110,60,2,53.4,10.58
2017-04-28 17:10:00,209,138,67,4,55.3,20.51
2017-04-28 17:15:00,165,103,60,2,53.5,23.56
2017-04-28 17:20:00,157,116,40,1,54.5,14.47
2017-04-28 17:25:00,168,126,40,2,56.2,10.47
2017-04-28 17:30:00,182,116,64,2,56.5,12.19
2017-04-28 17:35:00,196,127,69,0,54.0,10.17
2017-04-28 17:40:00,203,137,62,4,55.8,11.18
2017-04-28 17:45:00,159,127,29,3,51.7,16.98
2017-04-28 17:50:00,146,106,35,5,53.4,22.55
2017-04-28 17:55:00,150,127,22,1,50.3,14.12
2017-04-28 18:00:00,187,147,39,1,49.3,27.22
2017-04-28 18:05:00,194,142,51,1,52.9,22.88
2017-04-28 18:10:00,219,181,35,3,46.0,22.95
2017-04-28 18:15:00,244,203,39,2,45.3,24.48
2017-04-28 18:20:00,244,168,74,2,45.6,27.06
2017-04-28 18:25:00,217,166,48,3,49.3,18.87
2017-04-28 18:30:00,225,173,48,4,49.0,23.28
2017-04-28 18:35:00,172,141,30,1,51.0,20.84
2017-04-28 18:40:00,181,147,32,2,50.7,18.89
2017-04-28 18:45:00,172,132,40,0,55.3,20.96
2017-04-28 18:50:00,168,117,49,2,55.4,12.99
2017-04-28 18:55:00,209,130,78,1,52.7,14.85
2017-04-28 19:00:00,169,105,62,2,59.1,6.68
2017-04-28 19:05:00,200,124,75,1,52.1,13.04
2017-04-28 19:10:00,221,155,64,2,54.5,9.94
2017-04-28 19:15:00,202,146,53,3,48.5,22.13
2017-04-28 19:20:00,169,112,53,4,55.0,13.38
2017-04-28 19:25:00,148,101,40,7,51.7,14.79
2017-04-28 19:30:00,168,133,33,2,54.9,17.31
2017-04-28 19:35:00,155,131,24,0,52.5,12.02
2017-04-28 19:40:00,147,106,41,0,60.5,10.32
2017-04-28 19:45:00,137,100,36,1,54.2,9.28
2017-04-28 19:50:00,131,91,39,1,59.5,5.62
2017-04-28 19:55:00,157,118,38,1,54.6,7.35
2017-04-28 20:00:00,158,115,39,4,58.3,10.63
2017-04-28 20:05:00,142,104,38,0,57.9,13.47
2017-04-28 20:10:00,93,68,25,0,58.2,15.95
2017-04-28 20:15:00,141,107,30,4,47.9,12.15
2017-04-28 20:20:00,158,118,36,4,54.3,17.55
2017-04-28 20:25:00,145,107,36,2,59.4,8.78
2017-04-28 20:30:00,123,87,36,0,59.8,7.89
2017-04-28 20:35:00,127,85,41,1,61.6,5.18
2017-04-28 20:40:00,137,103,34,0,57.2,7.51
2017-04-28 20:45:00,136,99,35,2,59.5,8.63
2017-04-28 20:50:00,110,83,26,1,66.0,6.75
2017-04-28 20:55:00,153,124,25,4,51.2,10.64
2017-04-28 21:00:00,161,117,44,0,54.2,9.92
2017-04-28 21:05:00,167,131,34,2,51.0,12.78
2017-04-28 21:10:00,157,121,33,3,57.6,11.36
2017-04-28 21:15:00,167,125,41,1,59.1,9.0
2017-04-28 21:20:00,127,94,32,1,54.8,7.13
2017-04-28 21:25:00,128,98,30,0,56.7,8.32
2017-04-28 21:30:00,122,84,37,1,57.1,6.88
2017-04-28 21:35:00,152,102,50,0,56.1,9.07
2017-04-28 21:40:00,140,101,34,5,57.6,10.38
2017-04-28 21:45:00,139,103,36,0,55.6,10.15
2017-04-28 21:50:00,120,86,34,0,59.6,6.47
2017-04-28 21:55:00,122,94,27,1,60.0,7.61
2017-04-28 22:00:00,89,62,26,1,65.6,4.53
2017-04-28 22:05:00,148,105,41,2,60.3,9.36
2017-04-28 22:10:00,132,97,34,1,61.3,7.11
2017-04-28 22:15:00,116,84,30,2,67.5,7.05
2017-04-28 22:20:00,96,69,26,1,60.9,7.53
2017-04-28 22:25:00,98,67,31,0,61.5,4.93
2017-04-28 22:30:00,95,65,30,0,66.8,4.46
2017-04-28 22:35:00,85,59,26,0,67.7,4.39
2017-04-28 22:40:00,65,48,17,0,65.9,3.79
2017-04-28 22:45:00,93,53,39,1,68.2,4.06
2017-04-28 22:50:00,93,62,28,3,58.3,5.35
2017-04-28 22:55:00,56,33,22,1,61.6,2.99
2017-04-28 23:00:00,83,52,28,3,61.1,4.27
2017-04-28 23:05:00,87,64,23,0,56.2,5.04
2017-04-28 23:10:00,90,66,23,1,64.1,4.78
2017-04-28 23:15:00,62,37,24,1,72.8,2.55
2017-04-28 23:20:00,56,31,24,1,69.9,2.17
2017-04-28 23:25:00,51,31,20,0,62.5,2.26
2017-04-28 23:30:00,63,42,21,0,64.0,3.07
2017-04-28 23:35:00,51,32,18,1,69.6,1.93
2017-04-28 23:40:00,56,37,19,0,64.5,2.59
2017-04-28 23:45:00,51,29,21,1,65.1,2.03
2017-04-28 23:50:00,47,30,17,0,66.4,1.88
2017-04-28 23:55:00,38,22,16,0,62.9,1.47
2017-04-29 00:00:00,35,18,17,0,70.9,1.31
2017-04-29 00:05:00,40,23,16,1,71.9,1.69
2017-04-29 00:10:00,41,28,13,0,64.8,1.81
2017-04-29 00:15:00,43,20,23,0,60.1,1.62
2017-04-29 00:20:00,35,17,18,0,66.0,1.25
2017-04-29 00:25:00,33,20,12,1,68.8,1.47
2017-04-29 00:30:00,42,23,18,1,67.3,1.64
2017-04-29 00:35:00,28,18,10,0,65.6,1.13
2017-04-29 00:40:00,30,21,9,0,73.8,1.06
2017-04-29 00:45:00,29,17,12,0,59.1,1.07
2017-04-29 00:50:00,36,25,11,0,62.0,1.39
2017-04-29 00:55:00,23,17,6,0,64.3,0.88
2017-04-29 01:00:00,27,15,11,1,62.8,1.08
2017-04-29 01:05:00,26,20,6,0,59.0,0.84
2017-04-29 01:10:00,23,15,8,0,56.8,0.81
2017-04-29 01:15:00,35,19,15,1,69.1,1.08
2017-04-29 01:20:00,19,13,6,0,68.4,0.57
2017-04-29 01:25:00,19,15,4,0,54.9,0.71
2017-04-29 01:30:00,20,12,7,1,71.6,0.76
2017-04-29 01:35:00,31,19,12,0,73.0,0.84
2017-04-29 01:40:00,17,10,7,0,64.5,0.64
2017-04-29 01:45:00,22,12,10,0,59.7,0.8
2017-04-29 01:50:00,20,13,7,0,55.7,0.74
2017-04-29 01:55:00,16,12,4,0,56.8,0.56
2017-04-29 02:00:00,19,12,5,2,70.8,0.68
2017-04-29 02:05:00,19,10,8,1,64.7,0.77
2017-04-29 02:10:00,12,5,7,0,72.6,0.46
2017-04-29 02:15:00,21,10,11,0,64.7,0.77
2017-04-29 02:20:00,16,10,6,0,45.6,1.22
2017-04-29 02:25:00,24,13,10,1,49.4,1.46
2017-04-29 02:30:00,11,8,3,0,55.3,0.97
2017-04-29 02:35:00,21,10,8,3,51.7,1.46
2017-04-29 02:40:00,15,12,3,0,57.5,0.5
2017-04-29 02:45:00,15,11,4,0,64.7,0.58
2017-04-29 02:50:00,15,9,6,0,68.9,0.54
2017-04-29 02:55:00,7,1,5,1,67.2,0.35
2017-04-29 03:00:00,14,7,7,0,70.6,0.5
2017-04-29 03:05:00,20,14,6,0,65.2,0.69
2017-04-29 03:10:00,15,9,6,0,64.4,0.54
2017-04-29 03:15:00,12,4,8,0,70.9,0.46
2017-04-29 03:20:00,15,8,7,0,61.9,0.67
2017-04-29 03:25:00,20,12,8,0,68.9,0.77
2017-04-29 03:30:00,22,16,6,0,67.2,3.24
2017-04-29 03:35:00,12,6,5,1,75.0,0.46
2017-04-29 03:40:00,17,9,7,1,67.5,0.62
2017-04-29 03:45:00,13,7,6,0,63.9,0.59
2017-04-29 03:50:00,14,8,6,0,67.7,0.58
2017-04-29 03:55:00,13,8,5,0,58.1,0.52
2017-04-29 04:00:00,9,5,4,0,63.1,0.32
2017-04-29 04:05:00,17,15,2,0,60.5,0.51
2017-04-29 04:10:00,20,11,9,0,62.9,0.69
2017-04-29 04:15:00,12,8,4,0,55.7,0.42
2017-04-29 04:20:00,24,14,10,0,61.3,0.88
2017-04-29 04:25:00,21,12,9,0,62.6,0.84
2017-04-29 04:30:00,19,14,5,0,74.0,0.72
2017-04-29 04:35:00,24,15,9,0,68.7,0.8
2017-04-29 04:40:00,16,13,3,0,66.5,0.59
2017-04-29 04:45:00,22,11,11,0,70.0,0.76
2017-04-29 04:50:00,23,16,7,0,61.8,0.78
2017-04-29 04:55:00,18,8,10,0,72.5,0.77
2017-04-29 05:00:00,23,12,11,0,64.2,0.81
2017-04-29 05:05:00,28,15,12,1,60.5,1.08
2017-04-29 05:10:00,31,22,9,0,60.2,1.31
2017-04-29 05:15:00,22,15,7,0,69.0,0.78
2017-04-29 05:20:00,20,11,8,1,71.5,0.87
2017-04-29 05:25:00,25,21,4,0,61.1,1.0
2017-04-29 05:30:00,40,27,12,1,68.2,1.57
2017-04-29 05:35:00,37,25,11,1,66.2,1.35
2017-04-29 05:40:00,29,23,5,1,66.6,0.96
2017-04-29 05:45:00,37,24,12,1,62.9,1.29
2017-04-29 05:50:00,50,34,16,0,65.0,1.5
2017-04-29 05:55:00,34,24,10,0,68.6,1.06
2017-04-29 06:00:00,37,23,14,0,65.5,1.31
2017-04-29 06:05:00,55,38,17,0,63.0,1.8
2017-04-29 06:10:00,69,46,22,1,66.4,2.04
2017-04-29 06:15:00,66,42,21,3,61.7,2.15
2017-04-29 06:20:00,67,45,21,1,62.5,2.27
2017-04-29 06:25:00,72,46,25,1,64.0,2.28
2017-04-29 06:30:00,74,56,18,0,62.9,2.4
2017-04-29 06:35:00,97,73,22,2,60.3,3.6
2017-04-29 06:40:00,74,50,23,1,61.4,2.62
2017-04-29 06:45:00,96,69,25,2,66.1,2.96
2017-04-29 06:50:00,82,60,21,1,68.1,2.46
2017-04-29 06:55:00,103,76,26,1,61.9,3.52
2017-04-29 07:00:00,106,72,34,0,61.8,3.68
2017-04-29 07:05:00,109,84,25,0,63.6,3.5
2017-04-29 07:10:00,122,87,32,3,61.9,4.29
2017-04-29 07:15:00,130,93,37,0,61.2,4.42
2017-04-29 07:20:00,129,97,32,0,62.8,4.54
2017-04-29 07:25:00,109,71,37,1,57.7,3.93
2017-04-29 07:30:00,145,96,48,1,57.2,5.78
2017-04-29 07:35:00,145,100,43,2,50.6,7.36
2017-04-29 07:40:00,126,93,32,1,55.5,4.91
2017-04-29 07:45:00,126,88,38,0,58.1,5.48
2017-04-29 07:50:00,136,112,23,1,57.2,5.32
2017-04-29 07:55:00,106,76,29,1,57.8,3.98
2017-04-29 08:00:00,112,81,26,5,59.7,4.12
2017-04-29 08:05:00,114,76,33,5,58.2,4.49
2017-04-29 08:10:00,107,73,34,0,57.6,4.53
2017-04-29 08:15:00,119,90,27,2,58.1,4.88
2017-04-29 08:20:00,103,81,22,0,63.3,3.73
2017-04-29 08:25:00,137,92,42,3,57.4,8.03
2017-04-29 08:30:00,146,106,37,3,62.3,5.48
2017-04-29 08:35:00,137,90,45,2,60.2,4.84
2017-04-29 08:40:00,136,84,50,2,56.9,4.71
2017-04-29 08:45:00,154,111,42,1,59.8,4.96
2017-04-29 08:50:00,155,106,45,4,57.5,7.21
2017-04-29 08:55:00,127,90,37,0,60.9,4.55
2017-04-29 09:00:00,147,114,31,2,63.2,4.9
2017-04-29 09:05:00,170,141,27,2,61.4,5.89
2017-04-29 09:10:00,130,94,36,0,53.7,11.23
2017-04-29 09:15:00,144,102,40,2,57.4,7.51
2017-04-29 09:20:00,134,93,41,0,59.0,5.47
2017-04-29 09:25:00,143,96,47,0,59.0,4.63
2017-04-29 09:30:00,149,97,52,0,56.6,6.97
2017-04-29 09:35:00,166,104,59,3,58.0,7.13
2017-04-29 09:40:00,151,94,53,4,60.3,7.88
2017-04-29 09:45:00,158,97,56,5,60.0,5.54
2017-04-29 09:50:00,171,110,57,4,64.5,5.54
2017-04-29 09:55:00,132,85,45,2,63.1,4.36
2017-04-29 10:00:00,140,103,37,0,62.5,5.38
2017-04-29 10:05:00,145,98,46,1,56.8,5.41
2017-04-29 10:10:00,139,100,37,2,60.7,5.1
2017-04-29 10:15:00,159,102,55,2,55.6,8.57
2017-04-29 10:20:00,153,96,55,2,60.1,6.73
2017-04-29 10:25:00,174,102,71,1,57.8,7.65
2017-04-29 10:30:00,192,127,64,1,57.2,10.74
2017-04-29 10:35:00,159,95,61,3,63.7,6.05
2017-04-29 10:40:00,149,91,56,2,61.2,5.52
2017-04-29 10:45:00,142,89,52,1,59.9,4.81
2017-04-29 10:50:00,91,53,37,1,62.3,4.18
2017-04-29 10:55:00,181,122,59,0,55.6,8.97
2017-04-29 11:00:00,148,100,46,2,60.9,5.14
2017-04-29 11:05:00,146,89,56,1,55.2,12.73
2017-04-29 11:10:00,177,112,61,4,59.2,7.48
2017-04-29 11:15:00,144,99,43,2,64.9,4.56
2017-04-29 11:20:00,147,87,60,0,63.5,5.14
2017-04-29 11:25:00,151,91,58,2,63.0,5.68
2017-04-29 11:30:00,150,99,50,1,65.2,5.14
2017-04-29 11:35:00,146,89,55,2,64.0,5.1
2017-04-29 11:40:00,142,80,60,2,57.7,5.78
2017-04-29 11:45:00,153,91,60,2,55.8,7.86
2017-04-29 11:50:00,173,110,59,4,56.4,11.35
2017-04-29 11:55:00,144,92,52,0,63.5,6.7
2017-04-29 12:00:00,149,103,45,1,61.8,9.0
2017-04-29 12:05:00,148,95,51,2,60.9,7.02
2017-04-29 12:10:00,151,89,60,2,65.4,5.59
2017-04-29 12:15:00,184,108,75,1,61.8,9.51
2017-04-29 12:20:00,170,96,72,2,57.7,8.95
2017-04-29 12:25:00,149,89,58,2,55.9,9.03
2017-04-29 12:30:00,155,105,50,0,57.2,7.91
2017-04-29 12:35:00,142,81,59,2,62.5,5.77
2017-04-29 12:40:00,142,87,54,1,61.2,11.04
2017-04-29 12:45:00,172,116,55,1,56.9,11.8
2017-04-29 12:50:00,183,108,74,1,60.1,9.92
2017-04-29 12:55:00,175,111,60,4,58.7,12.07
2017-04-29 13:00:00,158,103,53,2,61.7,5.54
2017-04-29 13:05:00,167,102,65,0,59.3,7.61
2017-04-29 13:10:00,165,100,65,0,56.5,11.16
2017-04-29 13:15:00,172,108,63,1,53.7,16.42
2017-04-29 13:20:00,147,89,57,1,56.3,9.19
2017-04-29 13:25:00,180,113,66,1,57.3,10.8
2017-04-29 13:30:00,190,118,72,0,56.9,11.37
2017-04-29 13:35:00,181,116,64,1,62.2,7.89
2017-04-29 13:40:00,171,108,63,0,61.9,9.26
2017-04-29 13:45:00,185,104,80,1,58.4,7.45
2017-04-29 13:50:00,169,100,68,1,53.6,13.2
2017-04-29 13:55:00,199,125,71,3,51.4,15.73
2017-04-29 14:00:00,178,113,65,0,55.0,13.92
2017-04-29 14:05:00,190,104,83,3,53.7,18.24
2017-04-29 14:10:00,162,111,50,1,53.6,13.71
2017-04-29 14:15:00,197,126,70,1,52.9,15.02
2017-04-29 14:20:00,179,115,62,2,53.2,11.04
2017-04-29 14:25:00,185,103,81,1,56.8,9.68
2017-04-29 14:30:00,184,111,73,0,55.0,10.55
2017-04-29 14:35:00,196,110,82,4,56.0,9.64
2017-04-29 14:40:00,209,122,85,2,49.7,14.65
2017-04-29 14:45:00,153,99,53,1,54.5,15.55
2017-04-29 14:50:00,175,109,65,1,48.9,14.22
2017-04-29 14:55:00,178,112,65,1,53.2,13.95
2017-04-29 15:00:00,177,106,70,1,54.0,16.68
2017-04-29 15:05:00,159,105,54,0,56.4,8.3
2017-04-29 15:10:00,156,103,51,2,58.3,6.0
2017-04-29 15:15:00,165,100,63,2,56.2,8.13
2017-04-29 15:20:00,156,100,54,2,58.5,6.46
2017-04-29 15:25:00,163,94,67,2,57.1,8.95
2017-04-29 15:30:00,164,103,61,0,54.9,9.35
2017-04-29 15:35:00,139,98,41,0,56.7,11.74
2017-04-29 15:40:00,160,100,59,1,51.7,14.18
2017-04-29 15:45:00,154,104,48,2,54.7,9.76
2017-04-29 15:50:00,160,103,57,0,56.7,9.37
2017-04-29 15:55:00,155,89,66,0,59.3,7.02
2017-04-29 16:00:00,159,98,59,2,57.0,7.24
2017-04-29 16:05:00,153,94,59,0,56.7,8.19
2017-04-29 16:10:00,177,105,67,5,56.3,8.94
2017-04-29 16:15:00,158,97,58,3,55.0,10.03
2017-04-29 16:20:00,174,114,58,2,48.6,15.46
2017-04-29 16:25:00,161,108,52,1,51.4,20.31
2017-04-29 16:30:00,157,108,49,0,53.6,13.34
2017-04-29 16:35:00,176,125,50,1,53.9,11.95
2017-04-29 16:40:00,149,91,58,0,61.0,7.05
2017-04-29 16:45:00,179,113,61,5,55.8,9.92
2017-04-29 16:50:00,148,96,52,0,56.2,6.72
2017-04-29 16:55:00,173,121,49,3,56.8,8.04
2017-04-29 17:00:00,150,107,42,1,50.2,14.13
2017-04-29 17:05:00,161,103,58,0,51.7,20.7
2017-04-29 17:10:00,176,123,52,1,49.5,21.16
2017-04-29 17:15:00,177,123,53,1,51.1,17.68
2017-04-29 17:20:00,159,120,38,1,50.6,16.67
2017-04-29 17:25:00,192,137,55,0,52.6,16.97
2017-04-29 17:30:00,169,120,47,2,56.0,12.61
2017-04-29 17:35:00,177,119,55,3,51.4,12.16
2017-04-29 17:40:00,180,125,51,4,51.5,18.93
2017-04-29 17:45:00,180,136,44,0,52.1,12.44
2017-04-29 17:50:00,151,126,25,0,47.8,17.05
2017-04-29 17:55:00,166,137,27,2,52.1,13.55
2017-04-29 18:00:00,130,117,12,1,55.2,7.99
2017-04-29 18:05:00,146,125,21,0,57.2,11.68
2017-04-29 18:10:00,165,138,23,4,57.9,9.63
2017-04-29 18:15:00,148,126,22,0,55.8,15.67
2017-04-29 18:20:00,148,131,14,3,55.0,8.93
2017-04-29 18:25:00,164,138,25,1,55.3,8.66
2017-04-29 18:30:00,165,132,32,1,51.1,14.52
2017-04-29 18:35:00,133,110,21,2,52.5,16.13
2017-04-29 18:40:00,134,113,18,3,53.3,9.06
2017-04-29 18:45:00,134,107,26,1,57.2,9.82
2017-04-29 18:50:00,159,121,36,2,57.3,8.82
2017-04-29 18:55:00,145,98,45,2,60.0,7.85
2017-04-29 19:00:00,148,109,38,1,54.7,7.76
2017-04-29 19:05:00,155,109,43,3,58.0,8.42
2017-04-29 19:10:00,164,114,48,2,52.6,9.61
2017-04-29 19:15:00,135,84,46,5,52.5,14.97
2017-04-29 19:20:00,137,92,44,1,53.6,9.4
2017-04-29 19:25:00,149,114,34,1,53.4,12.63
2017-04-29 19:30:00,111,93,17,1,53.1,6.59
2017-04-29 19:35:00,136,111,23,2,51.0,12.9
2017-04-29 19:40:00,119,96,21,2,55.4,6.75
2017-04-29 19:45:00,142,112,30,0,53.6,7.09
2017-04-29 19:50:00,131,92,37,2,58.5,8.48
2017-04-29 19:55:00,127,85,41,1,60.2,6.52
2017-04-29 20:00:00,146,115,31,0,51.5,10.92
2017-04-29 20:05:00,127,93,32,2,53.5,12.11
2017-04-29 20:10:00,124,90,33,1,55.9,10.39
2017-04-29 20:15:00,122,93,29,0,55.4,10.07
2017-04-29 20:20:00,136,102,32,2,54.7,9.37
2017-04-29 20:25:00,133,91,41,1,56.0,7.81
2017-04-29 20:30:00,128,86,39,3,56.1,7.39
2017-04-29 20:35:00,107,79,28,0,55.9,6.32
2017-04-29 20:40:00,128,89,37,2,57.0,7.68
2017-04-29 20:45:00,114,87,26,1,53.6,6.48
2017-04-29 20:50:00,141,101,39,1,57.6,8.63
2017-04-29 20:55:00,116,82,34,0,57.3,6.13
2017-04-29 21:00:00,112,85,25,2,54.0,10.22
2017-04-29 21:05:00,101,70,31,0,57.5,5.58
2017-04-29 21:10:00,141,100,40,1,54.7,8.1
2017-04-29 21:15:00,131,91,40,0,58.8,7.35
2017-04-29 21:20:00,124,92,32,0,58.2,6.85
2017-04-29 21:25:00,108,80,26,2,57.8,5.45
2017-04-29 21:30:00,119,84,34,1,60.6,6.65
2017-04-29 21:35:00,108,72,34,2,57.0,5.45
2017-04-29 21:40:00,116,79,36,1,59.2,7.84
2017-04-29 21:45:00,110,77,33,0,57.2,6.28
2017-04-29 21:50:00,110,77,32,1,55.6,5.88
2017-04-29 21:55:00,97,68,29,0,63.3,4.81
2017-04-29 22:00:00,86,54,30,2,61.6,3.69
2017-04-29 22:05:00,96,65,31,0,62.2,4.17
2017-04-29 22:10:00,88,58,29,1,60.8,4.06
2017-04-29 22:15:00,77,51,26,0,61.6,3.64
2017-04-29 22:20:00,102,76,23,3,56.7,6.73
2017-04-29 22:25:00,80,56,22,2,55.8,4.8
2017-04-29 22:30:00,71,49,22,0,61.0,3.16
2017-04-29 22:35:00,71,44,26,1,65.6,3.16
2017-04-29 22:40:00,50,34,16,0,59.1,2.11
2017-04-29 22:45:00,62,46,16,0,62.2,2.49
2017-04-29 22:50:00,63,45,18,0,62.8,2.46
2017-04-29 22:55:00,58,36,21,1,63.3,2.35
2017-04-29 23:00:00,61,37,24,0,61.6,2.92
2017-04-29 23:05:00,50,34,15,1,62.2,1.92
2017-04-29 23:10:00,78,53,25,0,63.5,4.05
2017-04-29 23:15:00,51,32,19,0,60.2,1.99
2017-04-29 23:20:00,45,22,23,0,63.4,1.68
2017-04-29 23:25:00,43,28,15,0,68.0,1.62
2017-04-29 23:30:00,54,32,21,1,67.9,2.06
2017-04-29 23:35:00,38,23,14,1,63.0,1.43
2017-04-29 23:40:00,48,33,15,0,54.7,2.37
2017-04-29 23:45:00,34,23,11,0,58.4,1.85
2017-04-29 23:50:00,23,11,11,1,61.4,0.79
2017-04-29 23:55:00,33,18,14,1,70.0,1.23
2017-04-30 00:00:00,35,20,15,0,64.3,1.24
2017-04-30 00:05:00,28,20,8,0,63.8,1.15
2017-04-30 00:10:00,32,18,13,1,66.9,1.42
2017-04-30 00:15:00,35,24,11,0,56.7,1.2
2017-04-30 00:20:00,26,12,14,0,67.8,1.0
2017-04-30 00:25:00,25,17,8,0,62.3,0.93
2017-04-30 00:30:00,27,17,10,0,62.4,0.8
2017-04-30 00:35:00,24,13,11,0,58.7,0.82
2017-04-30 00:40:00,26,17,9,0,62.7,1.07
2017-04-30 00:45:00,20,11,9,0,61.2,0.73
2017-04-30 00:50:00,24,14,10,0,60.2,1.06
2017-04-30 00:55:00,18,13,5,0,67.0,0.65
2017-04-30 01:00:00,25,16,9,0,55.3,1.1
2017-04-30 01:05:00,13,8,5,0,62.5,0.56
2017-04-30 01:10:00,18,10,8,0,67.5,0.69
2017-04-30 01:15:00,23,10,13,0,68.1,0.96
2017-04-30 01:20:00,19,11,8,0,69.9,0.71
2017-04-30 01:25:00,16,10,6,0,59.2,0.72
2017-04-30 01:30:00,16,12,4,0,66.7,0.55
2017-04-30 01:35:00,19,11,8,0,69.4,0.68
2017-04-30 01:40:00,19,13,6,0,80.8,0.58
2017-04-30 01:45:00,13,5,8,0,61.3,0.47
2017-04-30 01:50:00,12,8,4,0,71.0,0.38
2017-04-30 01:55:00,18,11,7,0,72.5,0.64
2017-04-30 02:00:00,12,10,2,0,59.4,0.41
2017-04-30 02:05:00,12,9,3,0,64.5,0.46
2017-04-30 02:10:00,27,19,8,0,75.3,0.93
2017-04-30 02:15:00,13,8,5,0,63.2,0.42
2017-04-30 02:20:00,14,8,6,0,70.1,0.43
2017-04-30 02:25:00,13,10,3,0,63.5,0.47
2017-04-30 02:30:00,19,10,9,0,73.0,0.69
2017-04-30 02:35:00,10,4,6,0,66.0,0.4
2017-04-30 02:40:00,11,8,2,1,75.0,0.29
2017-04-30 02:45:00,10,7,3,0,65.1,0.35
2017-04-30 02:50:00,11,7,4,0,84.0,0.34
2017-04-30 02:55:00,5,3,2,0,87.3,0.19
2017-04-30 03:00:00,6,4,1,1,63.4,0.2
2017-04-30 03:05:00,7,3,3,1,79.5,0.29
2017-04-30 03:10:00,15,13,2,0,64.5,0.55
2017-04-30 03:15:00,7,3,4,0,78.0,0.22
2017-04-30 03:20:00,9,8,1,0,60.4,0.36
2017-04-30 03:25:00,25,15,10,0,59.8,0.94
2017-04-30 03:30:00,10,8,2,0,59.7,0.38
2017-04-30 03:35:00,12,9,3,0,52.9,0.43
2017-04-30 03:40:00,18,11,7,0,71.2,0.67
2017-04-30 03:45:00,8,7,1,0,61.0,0.26
2017-04-30 03:50:00,11,6,5,0,66.2,0.36
2017-04-30 03:55:00,7,5,2,0,68.8,0.27
2017-04-30 04:00:00,7,3,4,0,74.2,0.29
2017-04-30 04:05:00,12,7,5,0,58.0,0.47
2017-04-30 04:10:00,16,9,7,0,52.6,0.7
2017-04-30 04:15:00,11,8,3,0,70.3,0.42
2017-04-30 04:20:00,14,8,6,0,62.5,0.47
2017-04-30 04:25:00,9,6,3,0,55.3,0.35
2017-04-30 04:30:00,10,8,2,0,55.0,0.32
2017-04-30 04:35:00,16,10,6,0,59.4,0.58
2017-04-30 04:40:00,12,7,5,0,65.6,0.4
2017-04-30 04:45:00,11,6,5,0,62.3,0.36
2017-04-30 04:50:00,17,11,6,0,57.4,0.57
2017-04-30 04:55:00,15,8,7,0,62.1,0.61
2017-04-30 05:00:00,9,7,2,0,54.0,0.32
2017-04-30 05:05:00,14,10,4,0,55.8,0.51
2017-04-30 05:10:00,18,15,3,0,63.1,0.78
2017-04-30 05:15:00,10,5,4,1,73.2,0.4
2017-04-30 05:20:00,21,16,5,0,60.9,0.79
2017-04-30 05:25:00,14,7,7,0,58.4,0.62
2017-04-30 05:30:00,25,16,9,0,57.3,0.98
2017-04-30 05:35:00,22,11,10,1,75.9,0.94
2017-04-30 05:40:00,10,6,3,1,78.6,0.39
2017-04-30 05:45:00,26,17,9,0,66.0,0.83
2017-04-30 05:50:00,17,8,8,1,70.2,0.65
2017-04-30 05:55:00,23,13,10,0,69.1,0.62
2017-04-30 06:00:00,29,12,16,1,67.1,0.92
2017-04-30 06:05:00,33,20,11,2,64.3,1.07
2017-04-30 06:10:00,33,25,7,1,65.4,1.09
2017-04-30 06:15:00,25,20,4,1,67.1,0.78
2017-04-30 06:20:00,33,22,11,0,67.6,1.02
2017-04-30 06:25:00,35,28,6,1,68.7,0.99
2017-04-30 06:30:00,44,29,15,0,64.4,1.38
2017-04-30 06:35:00,38,26,12,0,61.7,1.27
2017-04-30 06:40:00,37,24,12,1,61.7,1.21
2017-04-30 06:45:00,38,32,6,0,67.4,1.07
2017-04-30 06:50:00,40,35,5,0,69.1,1.1
2017-04-30 06:55:00,35,24,11,0,66.3,1.13
2017-04-30 07:00:00,52,36,16,0,63.8,1.71
2017-04-30 07:05:00,40,27,13,0,67.3,1.23
2017-04-30 07:10:00,50,34,15,1,68.5,1.5
2017-04-30 07:15:00,37,26,11,0,69.0,1.17
2017-04-30 07:20:00,43,27,16,0,69.9,1.24
2017-04-30 07:25:00,43,28,15,0,72.0,1.38
2017-04-30 07:30:00,46,29,16,1,66.9,1.53
2017-04-30 07:35:00,57,45,12,0,69.5,1.68
2017-04-30 07:40:00,55,41,13,1,67.3,1.6
2017-04-30 07:45:00,65,49,15,1,68.9,2.21
2017-04-30 07:50:00,58,47,11,0,68.7,1.78
2017-04-30 07:55:00,56,46,10,0,70.0,1.53
2017-04-30 08:00:00,49,42,7,0,68.9,1.38
2017-04-30 08:05:00,60,41,19,0,72.9,1.89
2017-04-30 08:10:00,64,46,18,0,73.9,1.82
2017-04-30 08:15:00,61,55,5,1,69.1,1.92
2017-04-30 08:20:00,63,48,12,3,70.4,1.9
2017-04-30 08:25:00,91,73,18,0,67.1,2.89
2017-04-30 08:30:00,81,64,16,1,64.0,2.49
2017-04-30 08:35:00,103,87,16,0,61.8,3.25
2017-04-30 08:40:00,97,74,22,1,67.8,2.93
2017-04-30 08:45:00,96,69,26,1,68.9,2.73
2017-04-30 08:50:00,106,86,20,0,66.6,3.03
2017-04-30 08:55:00,91,72,19,0,69.8,2.87
