Date,ToVol,SmVol,MeVol,LaVol,Speed,OccRate
2017-04-01 07:00:00,139,71,66,2,55.1,5.66
2017-04-01 07:05:00,142,70,72,0,58.3,5.37
2017-04-01 07:10:00,168,96,72,0,56.1,6.45
2017-04-01 07:15:00,166,86,77,3,59.2,5.66
2017-04-01 07:20:00,165,79,81,5,57.2,6.11
2017-04-01 07:25:00,130,76,52,2,60.7,4.54
2017-04-01 07:30:00,171,89,79,3,59.3,5.9
2017-04-01 07:35:00,150,78,72,0,58.6,5.13
2017-04-01 07:40:00,194,98,96,0,56.5,6.99
2017-04-01 07:45:00,141,72,69,0,59.0,4.76
2017-04-01 07:50:00,159,81,78,0,57.3,5.59
2017-04-01 07:55:00,128,74,54,0,61.3,4.2
2017-04-01 08:00:00,159,77,79,3,59.1,5.65
2017-04-01 08:05:00,181,108,70,3,60.0,6.06
2017-04-01 08:10:00,144,90,53,1,57.7,4.88
2017-04-01 08:15:00,166,95,71,0,59.5,5.24
2017-04-01 08:20:00,182,93,87,2,58.0,6.36
2017-04-01 08:25:00,186,101,83,2,57.2,6.28
2017-04-01 08:30:00,186,98,88,0,57.9,6.1
2017-04-01 08:35:00,178,100,76,2,57.8,6.21
2017-04-01 08:40:00,189,97,92,0,58.2,6.48
2017-04-01 08:45:00,206,98,106,2,58.9,6.8
2017-04-01 08:50:00,200,114,84,2,60.3,6.48
2017-04-01 08:55:00,202,111,89,2,60.7,6.77
2017-04-01 09:00:00,195,95,97,3,55.9,6.86
2017-04-01 09:05:00,187,91,94,2,57.8,6.83
2017-04-01 09:10:00,176,107,68,1,59.3,5.86
2017-04-01 09:15:00,186,87,98,1,56.5,6.78
2017-04-01 09:20:00,194,94,96,4,53.6,10.33
2017-04-01 09:25:00,218,104,114,0,58.2,7.78
2017-04-01 09:30:00,201,94,107,0,60.2,6.68
2017-04-01 09:35:00,218,104,113,1,55.7,7.76
2017-04-01 09:40:00,175,76,97,2,57.2,5.95
2017-04-01 09:45:00,227,107,117,3,56.4,7.74
2017-04-01 09:50:00,199,91,108,0,59.0,6.44
2017-04-01 09:55:00,187,80,106,1,58.4,6.27
2017-04-01 10:00:00,191,97,92,2,57.1,6.51
2017-04-01 10:05:00,202,91,110,1,60.2,6.65
2017-04-01 10:10:00,196,92,104,0,61.1,7.42
2017-04-01 10:15:00,211,112,98,1,59.3,7.02
2017-04-01 10:20:00,186,93,93,0,60.5,6.26
2017-04-01 10:25:00,189,91,95,3,57.4,6.69
2017-04-01 10:30:00,198,99,98,1,58.7,6.81
2017-04-01 10:35:00,167,84,81,2,58.8,5.98
2017-04-01 10:40:00,196,97,96,3,60.7,7.07
2017-04-01 10:45:00,228,110,117,1,57.8,8.06
2017-04-01 10:50:00,196,97,99,0,61.6,6.51
2017-04-01 10:55:00,213,100,111,2,58.7,7.5
2017-04-01 11:00:00,224,112,108,4,58.4,7.66
2017-04-01 11:05:00,188,85,102,1,58.3,6.58
2017-04-01 11:10:00,182,80,102,0,57.5,6.37
2017-04-01 11:15:00,197,119,78,0,58.8,6.62
2017-04-01 11:20:00,189,92,97,0,59.4,6.33
2017-04-01 11:25:00,193,90,103,0,58.3,6.48
2017-04-01 11:30:00,184,102,82,0,62.7,6.13
2017-04-01 11:35:00,261,125,135,1,56.8,9.25
2017-04-01 11:40:00,240,108,132,0,56.3,8.68
2017-04-01 11:45:00,228,110,116,2,49.6,10.3
2017-04-01 11:50:00,221,87,130,4,55.6,7.76
2017-04-01 11:55:00,194,79,114,1,55.1,7.25
2017-04-01 12:00:00,206,82,122,2,49.4,16.7
2017-04-01 12:05:00,214,80,132,2,54.1,7.96
2017-04-01 12:10:00,227,98,129,0,56.7,8.3
2017-04-01 12:15:00,234,118,114,2,51.7,9.9
2017-04-01 12:20:00,238,86,151,1,54.2,9.07
2017-04-01 12:25:00,227,70,155,2,52.7,8.72
2017-04-01 12:30:00,232,94,135,3,53.1,9.17
2017-04-01 12:35:00,182,76,106,0,54.6,9.32
2017-04-01 12:40:00,185,97,88,0,57.8,6.38
2017-04-01 12:45:00,222,93,128,1,52.0,10.02
2017-04-01 12:50:00,211,110,99,2,51.9,9.44
2017-04-01 12:55:00,200,97,97,6,39.3,17.75
2017-04-01 13:00:00,168,90,73,5,30.2,48.32
2017-04-01 13:05:00,197,99,90,8,23.5,52.01
2017-04-01 13:10:00,237,118,113,6,30.3,46.56
2017-04-01 13:15:00,202,95,104,3,31.3,36.73
2017-04-01 13:20:00,191,126,64,1,44.1,22.39
2017-04-01 13:25:00,208,98,107,3,53.0,8.45
2017-04-01 13:30:00,213,88,123,2,55.5,7.93
2017-04-01 13:35:00,223,89,131,3,56.1,8.24
2017-04-01 13:40:00,232,91,141,0,56.5,8.59
2017-04-01 13:45:00,222,87,133,2,52.8,9.12
2017-04-01 13:50:00,189,72,116,1,49.9,13.06
2017-04-01 13:55:00,196,68,128,0,55.3,7.02
2017-04-01 14:00:00,220,86,131,3,52.9,9.21
2017-04-01 14:05:00,230,85,145,0,51.6,8.95
2017-04-01 14:10:00,226,84,141,1,56.8,8.04
2017-04-01 14:15:00,198,67,130,1,55.5,7.53
2017-04-01 14:20:00,206,72,134,0,55.4,7.6
2017-04-01 14:25:00,201,69,131,1,57.5,7.11
2017-04-01 14:30:00,188,72,115,1,54.5,6.79
2017-04-01 14:35:00,181,77,104,0,56.6,6.32
2017-04-01 14:40:00,189,81,106,2,50.6,10.56
2017-04-01 14:45:00,182,71,111,0,49.7,9.08
2017-04-01 14:50:00,189,100,88,1,52.2,9.3
2017-04-01 14:55:00,191,60,129,2,52.0,10.28
2017-04-01 15:00:00,191,75,113,3,52.2,8.59
2017-04-01 15:05:00,185,72,113,0,49.6,9.65
2017-04-01 15:10:00,123,47,76,0,52.2,4.85
2017-04-01 15:15:00,213,84,126,3,46.3,14.69
2017-04-01 15:20:00,205,95,109,1,48.6,11.22
2017-04-01 15:25:00,226,99,125,2,54.3,8.07
2017-04-01 15:30:00,202,95,106,1,58.1,6.86
2017-04-01 15:35:00,177,71,106,0,57.7,5.82
2017-04-01 15:40:00,205,76,128,1,56.8,7.12
2017-04-01 15:45:00,197,83,114,0,56.7,22.8
2017-04-01 15:50:00,181,69,111,1,55.1,6.31
2017-04-01 15:55:00,191,63,127,1,53.4,6.57
2017-04-01 16:00:00,208,87,121,0,51.8,7.8
2017-04-01 16:05:00,222,98,122,2,51.6,8.74
2017-04-01 16:10:00,176,79,95,2,55.1,7.74
2017-04-01 16:15:00,222,85,136,1,55.9,17.14
2017-04-01 16:20:00,223,94,128,1,52.0,8.11
2017-04-01 16:25:00,212,89,122,1,54.3,7.55
2017-04-01 16:30:00,170,68,100,2,56.5,6.06
2017-04-01 16:35:00,172,62,108,2,56.4,5.84
2017-04-01 16:40:00,188,75,113,0,55.7,6.49
2017-04-01 16:45:00,203,102,101,0,55.8,6.82
2017-04-01 16:50:00,222,94,127,1,53.6,7.68
2017-04-01 16:55:00,208,90,116,2,55.1,7.11
2017-04-01 17:00:00,219,89,129,1,55.7,7.83
2017-04-01 17:05:00,205,88,117,0,55.2,7.33
2017-04-01 17:10:00,200,95,105,0,55.0,6.91
2017-04-01 17:15:00,172,80,92,0,56.7,5.73
2017-04-01 17:20:00,206,78,128,0,53.6,7.35
2017-04-01 17:25:00,185,71,112,2,59.0,6.04
2017-04-01 17:30:00,186,86,100,0,57.7,6.32
2017-04-01 17:35:00,227,111,115,1,53.9,8.17
2017-04-01 17:40:00,183,82,100,1,56.6,6.14
2017-04-01 17:45:00,189,88,101,0,56.6,6.3
2017-04-01 17:50:00,188,92,96,0,56.5,6.34
2017-04-01 17:55:00,183,73,109,1,55.4,6.44
2017-04-01 18:00:00,186,90,94,2,56.3,6.43
2017-04-01 18:05:00,176,79,95,2,56.0,5.92
2017-04-01 18:10:00,176,70,105,1,59.7,5.74
2017-04-01 18:15:00,203,78,125,0,58.1,6.51
2017-04-01 18:20:00,202,90,110,2,57.4,6.83
2017-04-01 18:25:00,191,95,94,2,56.6,6.25
2017-04-01 18:30:00,160,72,87,1,57.4,5.23
2017-04-01 18:35:00,182,72,108,2,53.0,6.38
2017-04-01 18:40:00,144,62,82,0,57.6,4.85
2017-04-01 18:45:00,194,80,113,1,59.5,6.45
2017-04-01 18:50:00,175,95,80,0,57.9,6.01
2017-04-01 18:55:00,97,47,50,0,55.6,5.59
2017-04-01 19:00:00,166,83,82,1,57.6,6.36
2017-04-01 19:05:00,154,106,48,0,56.2,5.98
2017-04-01 19:10:00,169,133,35,1,54.2,7.65
2017-04-01 19:15:00,178,139,39,0,54.8,7.03
2017-04-01 19:20:00,149,112,37,0,52.7,6.47
2017-04-01 19:25:00,180,122,58,0,50.9,8.05
2017-04-01 19:30:00,159,118,41,0,53.7,7.15
2017-04-01 19:35:00,150,103,47,0,56.8,6.07
2017-04-01 19:40:00,147,103,44,0,55.9,6.12
2017-04-01 19:45:00,151,113,38,0,55.9,5.88
2017-04-01 19:50:00,132,101,31,0,57.2,5.45
2017-04-01 19:55:00,132,103,29,0,57.3,5.34
2017-04-01 20:00:00,125,89,35,1,56.2,5.04
2017-04-01 20:05:00,167,121,45,1,53.6,7.62
2017-04-01 20:10:00,158,120,38,0,57.1,7.3
2017-04-01 20:15:00,161,124,36,1,58.6,6.48
2017-04-01 20:20:00,160,110,50,0,54.8,6.94
2017-04-01 20:25:00,166,121,44,1,54.9,7.29
2017-04-01 20:30:00,132,96,36,0,55.3,5.54
2017-04-01 20:35:00,154,107,47,0,54.6,6.71
2017-04-01 20:40:00,134,108,26,0,53.6,5.57
2017-04-01 20:45:00,163,124,38,1,55.6,6.76
2017-04-01 20:50:00,166,119,47,0,55.4,6.84
2017-04-01 20:55:00,155,120,35,0,55.0,6.34
2017-04-01 21:00:00,128,84,44,0,59.6,4.85
2017-04-01 21:05:00,170,140,30,0,54.3,6.92
2017-04-01 21:10:00,130,87,43,0,56.3,5.81
2017-04-01 21:15:00,147,112,35,0,58.9,5.83
2017-04-01 21:20:00,124,94,30,0,59.9,4.9
2017-04-01 21:25:00,126,85,40,1,56.8,4.89
2017-04-01 21:30:00,138,102,36,0,60.7,5.53
2017-04-01 21:35:00,104,75,29,0,56.1,4.1
2017-04-01 21:40:00,133,98,35,0,62.8,4.98
2017-04-01 21:45:00,109,78,31,0,56.3,4.35
2017-04-01 21:50:00,119,80,38,1,57.5,4.68
2017-04-01 21:55:00,90,69,21,0,60.0,3.66
2017-04-01 22:00:00,112,73,37,2,61.7,4.7
2017-04-01 22:05:00,130,92,38,0,60.1,4.97
2017-04-01 22:10:00,126,88,38,0,59.5,5.35
2017-04-01 22:15:00,110,87,23,0,57.4,4.46
2017-04-01 22:20:00,123,77,46,0,62.1,4.61
2017-04-01 22:25:00,97,65,32,0,62.1,4.04
2017-04-01 22:30:00,111,73,37,1,55.8,4.88
2017-04-01 22:35:00,93,62,31,0,59.0,3.93
2017-04-01 22:40:00,80,56,24,0,60.5,3.16
2017-04-01 22:45:00,80,47,33,0,62.4,3.19
2017-04-01 22:50:00,112,78,33,1,60.2,4.41
2017-04-01 22:55:00,79,48,31,0,61.9,3.2
2017-04-01 23:00:00,85,49,35,1,61.5,3.44
2017-04-01 23:05:00,92,54,38,0,64.3,4.0
2017-04-01 23:10:00,81,47,33,1,63.9,3.34
2017-04-01 23:15:00,71,56,15,0,63.5,2.73
2017-04-01 23:20:00,79,47,32,0,67.9,3.26
2017-04-01 23:25:00,59,39,20,0,67.6,2.29
2017-04-01 23:30:00,69,37,32,0,61.7,2.92
2017-04-01 23:35:00,90,54,36,0,61.5,3.44
2017-04-01 23:40:00,77,53,23,1,57.3,2.98
2017-04-01 23:45:00,73,42,29,2,63.4,2.84
2017-04-01 23:50:00,53,33,20,0,58.7,2.24
2017-04-01 23:55:00,50,35,15,0,65.7,1.78
2017-04-02 00:00:00,60,36,23,1,62.5,2.25
2017-04-02 00:05:00,48,28,20,0,65.1,1.69
2017-04-02 00:10:00,51,33,18,0,68.1,2.08
2017-04-02 00:15:00,84,58,25,1,59.8,3.27
2017-04-02 00:20:00,61,38,22,1,63.5,2.34
2017-04-02 00:25:00,54,39,15,0,62.2,2.3
2017-04-02 00:30:00,47,29,18,0,63.8,1.91
2017-04-02 00:35:00,38,19,19,0,59.9,1.49
2017-04-02 00:40:00,43,25,18,0,63.8,1.65
2017-04-02 00:45:00,37,22,14,1,61.5,1.52
2017-04-02 00:50:00,37,20,17,0,67.4,1.38
2017-04-02 00:55:00,46,32,13,1,66.2,1.8
2017-04-02 01:00:00,37,22,15,0,69.0,1.42
2017-04-02 01:05:00,33,20,13,0,66.7,1.31
2017-04-02 01:10:00,23,17,6,0,63.4,0.93
2017-04-02 01:15:00,46,29,17,0,65.4,1.68
2017-04-02 01:20:00,27,18,9,0,50.6,3.49
2017-04-02 01:25:00,30,11,19,0,72.6,1.14
2017-04-02 01:30:00,41,27,14,0,72.5,1.51
2017-04-02 01:35:00,31,23,8,0,67.4,1.22
2017-04-02 01:40:00,30,22,8,0,66.9,1.11
2017-04-02 01:45:00,24,15,9,0,66.7,0.93
2017-04-02 01:50:00,27,12,15,0,74.8,0.85
2017-04-02 01:55:00,35,20,15,0,67.9,1.4
2017-04-02 02:00:00,26,11,15,0,65.4,1.09
2017-04-02 02:05:00,39,18,21,0,66.5,1.57
2017-04-02 02:10:00,31,20,11,0,61.7,1.09
2017-04-02 02:15:00,21,9,12,0,70.3,0.73
2017-04-02 02:20:00,20,8,12,0,65.7,0.9
2017-04-02 02:25:00,26,11,14,1,66.3,1.03
2017-04-02 02:30:00,22,11,11,0,69.3,0.88
2017-04-02 02:35:00,21,12,9,0,63.5,0.74
2017-04-02 02:40:00,31,19,12,0,71.0,1.13
2017-04-02 02:45:00,25,13,12,0,68.2,0.96
2017-04-02 02:50:00,22,10,12,0,66.9,1.07
2017-04-02 02:55:00,32,23,9,0,56.8,1.38
2017-04-02 03:00:00,24,15,9,0,65.8,0.95
2017-04-02 03:05:00,16,12,4,0,71.4,0.63
2017-04-02 03:10:00,20,15,5,0,63.1,0.84
2017-04-02 03:15:00,19,11,8,0,67.0,0.66
2017-04-02 03:20:00,22,15,7,0,64.9,0.91
2017-04-02 03:25:00,20,12,8,0,68.7,0.66
2017-04-02 03:30:00,10,4,6,0,68.8,0.37
2017-04-02 03:35:00,22,18,4,0,59.2,0.74
2017-04-02 03:40:00,19,16,3,0,66.2,0.69
2017-04-02 03:45:00,11,7,4,0,62.6,0.45
2017-04-02 03:50:00,19,13,6,0,71.3,0.67
2017-04-02 03:55:00,13,7,6,0,70.7,0.46
2017-04-02 04:00:00,17,12,5,0,67.5,0.74
2017-04-02 04:05:00,19,9,10,0,70.2,0.69
2017-04-02 04:10:00,20,13,7,0,70.2,0.83
2017-04-02 04:15:00,28,15,13,0,79.6,0.98
2017-04-02 04:20:00,21,10,11,0,57.4,0.94
2017-04-02 04:25:00,27,12,15,0,68.6,1.02
2017-04-02 04:30:00,20,15,5,0,64.7,0.79
2017-04-02 04:35:00,25,15,10,0,68.5,0.91
2017-04-02 04:40:00,20,15,5,0,61.9,0.68
2017-04-02 04:45:00,21,13,8,0,67.9,0.7
2017-04-02 04:50:00,8,4,4,0,63.7,0.34
2017-04-02 04:55:00,23,12,11,0,72.2,0.77
2017-04-02 05:00:00,39,25,13,1,62.9,1.46
2017-04-02 05:05:00,20,16,4,0,68.2,0.8
2017-04-02 05:10:00,34,29,5,0,63.8,1.24
2017-04-02 05:15:00,24,17,7,0,63.2,0.95
2017-04-02 05:20:00,38,29,9,0,58.1,1.67
2017-04-02 05:25:00,41,26,15,0,64.8,1.76
2017-04-02 05:30:00,37,30,7,0,62.3,1.41
2017-04-02 05:35:00,49,37,11,1,60.7,2.03
2017-04-02 05:40:00,76,58,18,0,66.5,2.81
2017-04-02 05:45:00,66,47,18,1,62.9,2.6
2017-04-02 05:50:00,73,55,18,0,64.7,2.77
2017-04-02 05:55:00,65,54,11,0,61.6,2.3
2017-04-02 06:00:00,50,39,11,0,62.4,1.85
2017-04-02 06:05:00,60,32,28,0,65.4,2.25
2017-04-02 06:10:00,82,45,35,2,64.6,2.86
2017-04-02 06:15:00,75,32,43,0,64.0,2.43
2017-04-02 06:20:00,75,26,48,1,59.6,2.85
2017-04-02 06:25:00,71,40,30,1,63.3,2.29
2017-04-02 06:30:00,63,24,39,0,67.3,1.86
2017-04-02 06:35:00,63,24,39,0,63.1,1.92
2017-04-02 06:40:00,74,30,43,1,63.4,2.57
2017-04-02 06:45:00,86,41,45,0,66.7,2.67
2017-04-02 06:50:00,78,33,44,1,66.7,2.46
2017-04-02 06:55:00,92,48,44,0,66.7,2.91
2017-04-02 07:00:00,69,36,33,0,64.1,2.27
2017-04-02 07:05:00,84,40,43,1,67.0,2.65
2017-04-02 07:10:00,87,47,40,0,64.0,2.75
2017-04-02 07:15:00,92,49,43,0,65.9,2.88
2017-04-02 07:20:00,106,51,52,3,60.8,3.46
2017-04-02 07:25:00,98,58,38,2,64.5,3.0
2017-04-02 07:30:00,109,65,43,1,63.9,3.34
2017-04-02 07:35:00,109,60,45,4,64.8,3.42
2017-04-02 07:40:00,84,39,45,0,65.4,2.47
2017-04-02 07:45:00,100,58,40,2,61.4,3.17
2017-04-02 07:50:00,84,52,32,0,65.7,2.39
2017-04-02 07:55:00,61,30,27,4,65.2,1.83
2017-04-02 08:00:00,67,31,35,1,67.5,2.03
2017-04-02 08:05:00,103,54,47,2,65.1,2.88
2017-04-02 08:10:00,115,54,60,1,62.5,3.34
2017-04-02 08:15:00,110,55,55,0,65.5,3.18
2017-04-02 08:20:00,118,63,55,0,64.4,3.51
2017-04-02 08:25:00,117,77,39,1,63.5,3.16
2017-04-02 08:30:00,122,71,51,0,66.6,3.43
2017-04-02 08:35:00,146,86,59,1,64.9,4.26
2017-04-02 08:40:00,112,80,32,0,58.7,3.3
2017-04-02 08:45:00,162,88,73,1,62.7,4.68
2017-04-02 08:50:00,138,85,53,0,65.9,3.97
2017-04-02 08:55:00,135,76,57,2,63.3,4.25
2017-04-02 09:00:00,134,84,50,0,62.2,4.07
2017-04-02 09:05:00,117,70,47,0,63.8,3.7
2017-04-02 09:10:00,145,79,66,0,63.6,4.43
2017-04-02 09:15:00,139,79,59,1,58.7,4.53
2017-04-02 09:20:00,118,72,45,1,60.4,4.08
2017-04-02 09:25:00,142,76,65,1,62.2,4.39
2017-04-02 09:30:00,145,75,69,1,61.4,4.71
2017-04-02 09:35:00,141,78,61,2,62.0,4.64
2017-04-02 09:40:00,141,85,56,0,61.5,4.5
2017-04-02 09:45:00,144,83,61,0,61.4,4.43
2017-04-02 09:50:00,147,75,72,0,61.3,4.91
2017-04-02 09:55:00,115,58,56,1,60.2,4.38
2017-04-02 10:00:00,120,69,49,2,64.9,4.68
2017-04-02 10:05:00,138,75,62,1,63.5,5.19
2017-04-02 10:10:00,178,90,88,0,59.3,7.21
2017-04-02 10:15:00,185,106,75,4,60.1,8.13
2017-04-02 10:20:00,177,81,94,2,57.2,6.81
2017-04-02 10:25:00,164,82,82,0,57.4,6.07
2017-04-02 10:30:00,173,96,77,0,58.0,6.64
2017-04-02 10:35:00,157,70,86,1,57.2,5.39
2017-04-02 10:40:00,149,76,73,0,60.3,5.32
2017-04-02 10:45:00,157,87,70,0,59.6,5.49
2017-04-02 10:50:00,142,83,57,2,58.1,6.5
2017-04-02 10:55:00,169,85,83,1,61.4,6.44
2017-04-02 11:00:00,157,83,74,0,58.3,5.92
2017-04-02 11:05:00,150,76,73,1,59.4,7.89
2017-04-02 11:10:00,160,82,76,2,59.1,5.87
2017-04-02 11:15:00,159,90,69,0,56.4,6.17
2017-04-02 11:20:00,158,85,72,1,58.5,5.91
2017-04-02 11:25:00,162,86,74,2,58.5,6.37
2017-04-02 11:30:00,167,76,91,0,61.4,5.45
2017-04-02 11:35:00,163,70,93,0,59.4,5.73
2017-04-02 11:40:00,170,86,84,0,59.1,5.92
2017-04-02 11:45:00,162,84,77,1,54.6,5.92
2017-04-02 11:50:00,154,67,87,0,58.2,5.4
2017-04-02 11:55:00,132,63,68,1,58.7,4.47
2017-04-02 12:00:00,129,62,67,0,56.7,4.92
2017-04-02 12:05:00,158,62,94,2,57.8,5.93
2017-04-02 12:10:00,199,75,124,0,61.1,7.15
2017-04-02 12:15:00,78,33,45,0,55.9,25.15
2017-04-02 12:20:00,186,87,99,0,58.2,6.64
2017-04-02 12:25:00,211,81,130,0,57.2,8.0
2017-04-02 12:30:00,168,74,92,2,58.7,6.12
2017-04-02 12:35:00,179,93,85,1,56.5,6.38
2017-04-02 12:40:00,179,87,92,0,57.8,6.13
2017-04-02 12:45:00,212,101,110,1,57.3,7.45
2017-04-02 12:50:00,201,91,109,1,58.6,7.07
2017-04-02 12:55:00,230,99,129,2,59.7,8.0
2017-04-02 13:00:00,202,95,106,1,56.3,7.14
2017-04-02 13:05:00,187,80,107,0,57.8,6.36
2017-04-02 13:10:00,176,73,103,0,56.8,6.96
2017-04-02 13:15:00,193,87,105,1,56.6,6.87
2017-04-02 13:20:00,170,61,107,2,58.2,6.19
2017-04-02 13:25:00,192,79,113,0,57.2,7.09
2017-04-02 13:30:00,201,87,113,1,57.1,7.24
2017-04-02 13:35:00,209,87,120,2,59.3,7.26
2017-04-02 13:40:00,183,67,114,2,58.2,7.1
2017-04-02 13:45:00,195,80,114,1,56.4,6.72
2017-04-02 13:50:00,170,80,90,0,55.7,5.9
2017-04-02 13:55:00,181,80,99,2,56.4,6.5
2017-04-02 14:00:00,187,74,111,2,59.3,6.37
2017-04-02 14:05:00,208,91,117,0,55.9,7.34
2017-04-02 14:10:00,199,89,110,0,55.8,7.47
2017-04-02 14:15:00,182,79,102,1,58.0,6.33
2017-04-02 14:20:00,210,91,119,0,56.9,7.41
2017-04-02 14:25:00,203,84,119,0,53.8,7.55
2017-04-02 14:30:00,219,88,131,0,55.9,7.72
2017-04-02 14:35:00,187,80,107,0,56.3,6.54
2017-04-02 14:40:00,201,80,121,0,58.0,7.2
2017-04-02 14:45:00,214,93,121,0,58.5,7.14
2017-04-02 14:50:00,190,86,104,0,58.5,6.38
2017-04-02 14:55:00,211,85,126,0,56.7,7.48
2017-04-02 15:00:00,203,94,109,0,58.9,6.45
2017-04-02 15:05:00,206,97,109,0,56.8,6.89
2017-04-02 15:10:00,200,95,105,0,57.4,6.62
2017-04-02 15:15:00,183,89,94,0,57.2,6.15
2017-04-02 15:20:00,127,59,68,0,53.8,6.52
2017-04-02 15:25:00,205,89,116,0,55.7,7.12
2017-04-02 15:30:00,219,97,120,2,57.1,7.6
2017-04-02 15:35:00,181,78,102,1,57.6,6.22
2017-04-02 15:40:00,189,75,113,1,57.2,6.31
2017-04-02 15:45:00,176,83,93,0,59.7,5.9
2017-04-02 15:50:00,169,87,79,3,56.2,5.55
2017-04-02 15:55:00,171,72,99,0,53.3,6.08
2017-04-02 16:00:00,165,78,86,1,55.6,5.28
2017-04-02 16:05:00,190,91,99,0,56.8,6.39
2017-04-02 16:10:00,171,76,95,0,58.1,5.45
2017-04-02 16:15:00,223,105,118,0,55.4,7.47
2017-04-02 16:20:00,200,94,106,0,56.7,6.64
2017-04-02 16:25:00,191,81,108,2,58.0,6.12
2017-04-02 16:30:00,162,82,78,2,58.7,5.14
2017-04-02 16:35:00,156,68,87,1,58.6,4.95
2017-04-02 16:40:00,174,71,101,2,56.9,5.76
2017-04-02 16:45:00,166,78,87,1,59.3,5.5
2017-04-02 16:50:00,178,74,103,1,59.5,5.59
2017-04-02 16:55:00,214,96,117,1,56.2,6.96
2017-04-02 17:00:00,171,69,102,0,59.9,5.52
2017-04-02 17:05:00,179,81,98,0,55.1,6.1
2017-04-02 17:10:00,177,88,89,0,57.4,5.67
2017-04-02 17:15:00,168,73,95,0,57.6,5.63
2017-04-02 17:20:00,177,73,104,0,53.4,6.14
2017-04-02 17:25:00,175,80,94,1,57.1,5.75
2017-04-02 17:30:00,194,68,126,0,56.8,6.44
2017-04-02 17:35:00,187,82,103,2,60.8,5.85
2017-04-02 17:40:00,185,79,104,2,57.5,6.16
2017-04-02 17:45:00,175,90,85,0,58.9,5.52
2017-04-02 17:50:00,158,57,101,0,58.8,7.18
2017-04-02 17:55:00,147,67,80,0,64.1,4.53
2017-04-02 18:00:00,114,61,53,0,57.3,4.11
2017-04-02 18:05:00,178,81,97,0,59.6,5.67
2017-04-02 18:10:00,184,87,96,1,58.1,5.98
2017-04-02 18:15:00,186,89,97,0,58.5,5.97
2017-04-02 18:20:00,185,76,108,1,58.7,6.1
2017-04-02 18:25:00,174,78,96,0,57.7,6.0
2017-04-02 18:30:00,163,77,86,0,56.5,5.58
2017-04-02 18:35:00,160,65,94,1,58.2,5.24
2017-04-02 18:40:00,163,80,82,1,60.5,5.1
2017-04-02 18:45:00,175,83,89,3,59.7,5.44
2017-04-02 18:50:00,165,85,80,0,58.1,5.39
2017-04-02 18:55:00,137,73,64,0,57.7,4.8
2017-04-02 19:00:00,161,77,84,0,56.8,5.98
2017-04-02 19:05:00,156,113,43,0,53.6,5.85
2017-04-02 19:10:00,155,119,35,1,56.8,6.23
2017-04-02 19:15:00,162,119,43,0,56.0,7.73
2017-04-02 19:20:00,156,127,28,1,54.2,6.49
2017-04-02 19:25:00,148,100,48,0,58.1,5.65
2017-04-02 19:30:00,133,93,40,0,56.1,6.41
2017-04-02 19:35:00,154,109,45,0,55.7,6.21
2017-04-02 19:40:00,125,91,32,2,59.2,5.24
2017-04-02 19:45:00,144,103,41,0,52.9,6.52
2017-04-02 19:50:00,142,103,39,0,56.6,6.12
2017-04-02 19:55:00,116,85,30,1,56.9,4.66
2017-04-02 20:00:00,108,81,27,0,55.8,4.18
2017-04-02 20:05:00,174,129,45,0,50.5,7.51
2017-04-02 20:10:00,152,103,49,0,56.4,6.24
2017-04-02 20:15:00,132,95,37,0,62.5,4.98
2017-04-02 20:20:00,121,80,41,0,59.6,4.85
2017-04-02 20:25:00,144,106,37,1,54.7,6.11
2017-04-02 20:30:00,122,91,31,0,57.5,5.12
2017-04-02 20:35:00,137,96,41,0,58.2,5.68
2017-04-02 20:40:00,133,103,30,0,54.5,5.52
2017-04-02 20:45:00,142,111,31,0,58.8,5.59
2017-04-02 20:50:00,150,112,37,1,56.8,5.86
2017-04-02 20:55:00,129,88,41,0,60.0,4.9
2017-04-02 21:00:00,162,127,35,0,56.0,6.61
2017-04-02 21:05:00,149,111,36,2,53.8,6.06
2017-04-02 21:10:00,155,109,45,1,58.6,6.09
2017-04-02 21:15:00,135,96,39,0,56.1,7.33
2017-04-02 21:20:00,131,93,38,0,62.1,4.99
2017-04-02 21:25:00,102,72,29,1,60.4,4.04
2017-04-02 21:30:00,119,76,43,0,59.0,5.01
2017-04-02 21:35:00,123,83,39,1,62.2,4.73
2017-04-02 21:40:00,132,101,31,0,60.6,5.11
2017-04-02 21:45:00,115,78,37,0,56.8,4.78
2017-04-02 21:50:00,104,71,32,1,64.4,4.36
2017-04-02 21:55:00,101,70,31,0,58.8,3.81
2017-04-02 22:00:00,113,73,40,0,57.9,4.45
2017-04-02 22:05:00,98,71,27,0,58.7,3.69
2017-04-02 22:10:00,121,94,27,0,60.1,4.98
2017-04-02 22:15:00,86,55,31,0,60.9,3.59
2017-04-02 22:20:00,99,69,29,1,58.8,4.01
2017-04-02 22:25:00,81,51,30,0,59.7,3.68
2017-04-02 22:30:00,71,44,26,1,64.8,2.75
2017-04-02 22:35:00,100,67,33,0,61.0,3.69
2017-04-02 22:40:00,74,51,23,0,63.5,2.96
2017-04-02 22:45:00,66,38,27,1,59.9,2.72
2017-04-02 22:50:00,63,42,20,1,63.4,3.08
2017-04-02 22:55:00,72,41,31,0,61.9,3.04
2017-04-02 23:00:00,77,44,33,0,65.9,3.14
2017-04-02 23:05:00,79,49,30,0,60.3,3.3
2017-04-02 23:10:00,69,50,19,0,62.8,2.74
2017-04-02 23:15:00,74,44,29,1,66.7,3.11
2017-04-02 23:20:00,68,40,28,0,61.9,2.56
2017-04-02 23:25:00,58,28,29,1,63.6,2.8
2017-04-02 23:30:00,50,29,20,1,68.6,1.8
2017-04-02 23:35:00,56,31,25,0,64.5,2.44
2017-04-02 23:40:00,45,22,22,1,67.4,1.73
2017-04-02 23:45:00,49,25,24,0,64.6,2.2
2017-04-02 23:50:00,42,27,15,0,66.4,1.69
2017-04-02 23:55:00,33,14,19,0,67.3,1.37
2017-04-03 00:00:00,58,29,29,0,67.5,2.11
2017-04-03 00:05:00,47,31,16,0,61.7,1.75
2017-04-03 00:10:00,45,27,17,1,61.1,1.79
2017-04-03 00:15:00,37,25,12,0,66.4,1.34
2017-04-03 00:20:00,46,28,18,0,63.0,1.77
2017-04-03 00:25:00,36,26,10,0,65.0,1.37
2017-04-03 00:30:00,27,18,9,0,66.8,0.91
2017-04-03 00:35:00,28,21,7,0,60.0,1.13
2017-04-03 00:40:00,25,12,13,0,68.5,0.93
2017-04-03 00:45:00,31,21,10,0,69.0,1.16
2017-04-03 00:50:00,32,17,15,0,67.4,1.3
2017-04-03 00:55:00,25,15,10,0,60.1,1.0
2017-04-03 01:00:00,42,16,26,0,67.8,1.5
2017-04-03 01:05:00,31,21,10,0,64.4,1.21
2017-04-03 01:10:00,20,10,10,0,62.5,0.8
2017-04-03 01:15:00,33,18,15,0,64.5,1.13
2017-04-03 01:20:00,22,14,8,0,62.5,0.89
2017-04-03 01:25:00,19,15,4,0,50.3,0.77
2017-04-03 01:30:00,30,19,11,0,65.3,1.33
2017-04-03 01:35:00,16,9,7,0,66.9,0.64
2017-04-03 01:40:00,25,15,10,0,64.7,1.04
2017-04-03 01:45:00,16,10,6,0,58.6,0.58
2017-04-03 01:50:00,17,6,11,0,69.9,0.57
2017-04-03 01:55:00,24,12,12,0,62.5,0.94
2017-04-03 02:00:00,22,14,8,0,64.8,0.81
2017-04-03 02:05:00,23,9,14,0,65.0,0.85
2017-04-03 02:10:00,14,13,1,0,79.1,0.5
2017-04-03 02:15:00,23,12,11,0,72.5,0.79
2017-04-03 02:20:00,28,22,6,0,66.8,1.02
2017-04-03 02:25:00,7,5,2,0,63.4,0.31
2017-04-03 02:30:00,23,9,14,0,72.7,1.0
2017-04-03 02:35:00,16,11,5,0,61.0,0.57
2017-04-03 02:40:00,31,20,11,0,59.8,1.08
2017-04-03 02:45:00,20,12,8,0,62.0,0.81
2017-04-03 02:50:00,17,8,9,0,57.5,0.71
2017-04-03 02:55:00,9,3,6,0,63.2,0.41
2017-04-03 03:00:00,13,11,2,0,58.3,0.51
2017-04-03 03:05:00,17,8,9,0,66.0,0.77
2017-04-03 03:10:00,20,10,10,0,69.4,0.74
2017-04-03 03:15:00,19,9,10,0,63.2,0.92
2017-04-03 03:20:00,18,15,3,0,60.4,0.82
2017-04-03 03:25:00,18,12,6,0,65.5,0.69
2017-04-03 03:30:00,17,13,4,0,65.3,0.65
2017-04-03 03:35:00,17,12,5,0,66.3,0.64
2017-04-03 03:40:00,27,15,12,0,61.2,1.23
2017-04-03 03:45:00,21,13,8,0,64.5,0.87
2017-04-03 03:50:00,32,22,9,1,64.7,1.34
2017-04-03 03:55:00,34,24,10,0,67.4,1.5
2017-04-03 04:00:00,21,13,6,2,67.4,1.02
2017-04-03 04:05:00,29,20,9,0,67.9,3.76
2017-04-03 04:10:00,39,31,8,0,64.3,1.6
2017-04-03 04:15:00,47,29,18,0,69.8,1.78
2017-04-03 04:20:00,54,38,15,1,65.7,2.14
2017-04-03 04:25:00,52,33,19,0,67.1,2.35
2017-04-03 04:30:00,39,26,13,0,60.4,10.24
2017-04-03 04:35:00,52,32,20,0,64.3,2.43
2017-04-03 04:40:00,52,35,17,0,62.0,2.31
2017-04-03 04:45:00,59,39,20,0,63.1,2.51
2017-04-03 04:50:00,44,26,18,0,58.3,1.71
2017-04-03 04:55:00,46,36,10,0,62.5,1.81
2017-04-03 05:00:00,76,56,20,0,58.2,3.26
2017-04-03 05:05:00,55,42,13,0,61.7,2.32
2017-04-03 05:10:00,59,43,16,0,62.4,2.45
2017-04-03 05:15:00,66,49,17,0,58.0,3.02
2017-04-03 05:20:00,71,47,24,0,62.0,3.17
2017-04-03 05:25:00,71,49,22,0,56.7,2.9
2017-04-03 05:30:00,87,66,21,0,62.0,3.36
2017-04-03 05:35:00,112,81,30,1,61.1,4.64
2017-04-03 05:40:00,147,123,24,0,57.8,6.29
2017-04-03 05:45:00,125,90,34,1,58.0,5.26
2017-04-03 05:50:00,122,82,40,0,62.8,5.66
2017-04-03 05:55:00,135,100,35,0,58.7,5.2
2017-04-03 06:00:00,144,91,51,2,59.5,5.89
2017-04-03 06:05:00,146,72,72,2,59.2,5.97
2017-04-03 06:10:00,186,86,99,1,62.7,6.61
2017-04-03 06:15:00,186,88,94,4,61.4,6.59
2017-04-03 06:20:00,177,76,99,2,58.4,6.22
2017-04-03 06:25:00,197,67,125,5,57.2,7.17
2017-04-03 06:30:00,209,90,118,1,58.5,7.23
2017-04-03 06:35:00,211,88,122,1,55.8,7.31
2017-04-03 06:40:00,190,84,106,0,61.8,6.13
2017-04-03 06:45:00,238,102,135,1,59.6,7.71
2017-04-03 06:50:00,254,111,143,0,57.2,8.86
2017-04-03 06:55:00,236,114,122,0,59.1,8.41
2017-04-03 07:00:00,259,119,135,5,56.2,8.96
2017-04-03 07:05:00,285,144,139,2,55.3,9.84
2017-04-03 07:10:00,297,150,145,2,54.4,10.12
2017-04-03 07:15:00,286,148,136,2,56.2,10.14
2017-04-03 07:20:00,315,165,148,2,52.2,12.23
2017-04-03 07:25:00,291,151,133,7,50.5,18.9
2017-04-03 07:30:00,292,160,125,7,43.9,38.64
2017-04-03 07:35:00,312,173,131,8,39.2,37.47
2017-04-03 07:40:00,294,173,107,14,28.9,50.37
2017-04-03 07:45:00,240,137,90,13,25.9,59.04
2017-04-03 07:50:00,288,152,124,12,29.0,51.66
2017-04-03 07:55:00,289,155,127,7,31.7,52.2
2017-04-03 08:00:00,245,140,102,3,31.5,50.43
2017-04-03 08:05:00,260,123,125,12,28.2,61.05
2017-04-03 08:10:00,291,149,134,8,30.6,48.9
2017-04-03 08:15:00,258,146,102,10,29.8,53.61
2017-04-03 08:20:00,259,139,107,13,28.0,54.55
2017-04-03 08:25:00,327,191,130,6,29.0,46.9
2017-04-03 08:30:00,270,153,107,10,29.2,47.55
2017-04-03 08:35:00,295,150,137,8,30.5,46.27
2017-04-03 08:40:00,269,142,123,4,38.6,34.23
2017-04-03 08:45:00,293,170,121,2,47.7,13.33
2017-04-03 08:50:00,272,138,129,5,55.5,9.51
2017-04-03 08:55:00,260,119,132,9,58.6,9.54
2017-04-03 09:00:00,211,110,97,4,61.7,6.51
2017-04-03 09:05:00,240,116,122,2,58.7,8.34
2017-04-03 09:10:00,225,123,102,0,58.0,7.89
2017-04-03 09:15:00,215,100,110,5,57.2,7.88
2017-04-03 09:20:00,228,131,95,2,59.6,8.09
2017-04-03 09:25:00,192,103,88,1,58.9,7.5
2017-04-03 09:30:00,240,135,105,0,58.5,8.72
2017-04-03 09:35:00,235,121,113,1,59.6,8.17
2017-04-03 09:40:00,242,129,111,2,58.6,8.39
2017-04-03 09:45:00,236,127,104,5,51.1,11.73
2017-04-03 09:50:00,156,80,72,4,47.2,26.96
2017-04-03 09:55:00,172,98,71,3,49.6,13.34
2017-04-03 10:00:00,182,79,101,2,57.6,7.35
2017-04-03 10:05:00,168,76,90,2,58.0,7.46
2017-04-03 10:10:00,172,76,92,4,59.5,7.92
2017-04-03 10:15:00,212,98,114,0,59.1,7.82
2017-04-03 10:20:00,191,95,96,0,55.7,7.4
2017-04-03 10:25:00,192,93,95,4,59.0,7.22
2017-04-03 10:30:00,184,90,91,3,57.2,7.09
2017-04-03 10:35:00,163,72,89,2,57.0,6.41
2017-04-03 10:40:00,161,75,86,0,60.4,6.13
2017-04-03 10:45:00,182,94,85,3,57.7,7.3
2017-04-03 10:50:00,171,79,90,2,60.1,6.21
2017-04-03 10:55:00,193,95,95,3,57.4,8.44
2017-04-03 11:00:00,162,72,87,3,54.2,10.44
2017-04-03 11:05:00,162,74,86,2,57.1,7.65
2017-04-03 11:10:00,157,53,103,1,57.8,7.1
2017-04-03 11:15:00,147,74,71,2,58.0,6.24
2017-04-03 11:20:00,164,75,89,0,56.0,6.77
2017-04-03 11:25:00,181,83,96,2,57.9,6.87
2017-04-03 11:30:00,181,72,104,5,57.6,8.63
2017-04-03 11:35:00,187,82,103,2,57.0,7.08
2017-04-03 11:40:00,182,72,110,0,58.6,8.31
2017-04-03 11:45:00,163,72,88,3,58.1,6.08
2017-04-03 11:50:00,146,62,83,1,59.0,5.26
2017-04-03 11:55:00,145,69,75,1,58.6,5.36
2017-04-03 12:00:00,135,63,72,0,59.6,5.15
2017-04-03 12:05:00,172,63,107,2,56.3,6.92
2017-04-03 12:10:00,181,73,107,1,57.7,7.29
2017-04-03 12:15:00,194,75,118,1,57.9,7.21
2017-04-03 12:20:00,189,93,96,0,60.2,6.99
2017-04-03 12:25:00,180,61,118,1,56.0,7.23
2017-04-03 12:30:00,159,69,90,0,57.0,5.98
2017-04-03 12:35:00,142,72,70,0,59.3,5.29
2017-04-03 12:40:00,166,68,97,1,58.6,6.08
2017-04-03 12:45:00,157,75,77,5,61.7,5.6
2017-04-03 12:50:00,174,82,92,0,59.4,6.88
2017-04-03 12:55:00,184,74,108,2,60.2,6.78
2017-04-03 13:00:00,174,76,97,1,60.4,6.06
2017-04-03 13:05:00,164,74,89,1,56.0,6.26
2017-04-03 13:10:00,168,83,85,0,58.7,5.99
2017-04-03 13:15:00,160,69,90,1,54.5,6.17
2017-04-03 13:20:00,197,87,107,3,52.4,8.09
2017-04-03 13:25:00,174,83,91,0,54.7,6.78
2017-04-03 13:30:00,213,95,117,1,55.2,8.69
2017-04-03 13:35:00,212,94,117,1,58.1,7.52
2017-04-03 13:40:00,191,68,120,3,57.8,7.27
2017-04-03 13:45:00,220,86,132,2,55.0,8.73
2017-04-03 13:50:00,178,68,110,0,55.6,6.89
2017-04-03 13:55:00,176,65,109,2,55.4,6.68
2017-04-03 14:00:00,188,76,112,0,55.6,7.13
2017-04-03 14:05:00,174,71,100,3,55.9,6.81
2017-04-03 14:10:00,191,76,114,1,59.3,7.01
2017-04-03 14:15:00,192,82,110,0,56.9,7.03
2017-04-03 14:20:00,180,75,104,1,58.4,6.57
2017-04-03 14:25:00,188,69,118,1,56.3,6.93
2017-04-03 14:30:00,162,73,89,0,53.8,7.05
2017-04-03 14:35:00,186,66,119,1,56.6,6.72
2017-04-03 14:40:00,200,71,126,3,57.2,7.25
2017-04-03 14:45:00,218,83,135,0,55.5,8.01
2017-04-03 14:50:00,205,77,128,0,56.2,7.45
2017-04-03 14:55:00,192,75,115,2,55.6,7.08
2017-04-03 15:00:00,189,74,113,2,55.3,6.71
2017-04-03 15:05:00,171,61,110,0,56.6,6.17
2017-04-03 15:10:00,174,83,90,1,57.6,6.0
2017-04-03 15:15:00,173,74,98,1,54.3,6.24
2017-04-03 15:20:00,175,78,96,1,55.6,6.29
2017-04-03 15:25:00,184,74,110,0,58.2,6.47
2017-04-03 15:30:00,200,73,127,0,54.1,7.17
2017-04-03 15:35:00,173,62,108,3,59.1,6.04
2017-04-03 15:40:00,179,85,94,0,56.2,6.3
2017-04-03 15:45:00,176,78,98,0,55.0,6.11
2017-04-03 15:50:00,147,59,88,0,55.3,5.23
2017-04-03 15:55:00,179,76,102,1,55.7,6.26
2017-04-03 16:00:00,182,84,96,2,57.1,6.66
2017-04-03 16:05:00,160,76,82,2,60.5,5.31
2017-04-03 16:10:00,171,77,94,0,54.3,5.91
2017-04-03 16:15:00,190,86,103,1,55.4,6.52
2017-04-03 16:20:00,170,76,92,2,56.6,5.91
2017-04-03 16:25:00,173,76,95,2,57.5,6.18
2017-04-03 16:30:00,178,75,101,2,57.4,6.01
2017-04-03 16:35:00,190,81,107,2,55.7,6.59
2017-04-03 16:40:00,193,72,120,1,55.5,6.83
2017-04-03 16:45:00,209,79,127,3,56.5,15.36
2017-04-03 16:50:00,187,71,114,2,54.0,6.59
2017-04-03 16:55:00,197,76,120,1,53.5,8.31
2017-04-03 17:00:00,193,82,109,2,56.6,6.38
2017-04-03 17:05:00,176,75,101,0,57.5,5.81
2017-04-03 17:10:00,221,95,126,0,57.9,6.75
2017-04-03 17:15:00,161,71,88,2,57.4,6.01
2017-04-03 17:20:00,197,83,114,0,53.9,6.91
2017-04-03 17:25:00,202,83,118,1,54.9,7.04
2017-04-03 17:30:00,193,79,114,0,55.9,5.82
2017-04-03 17:35:00,206,78,127,1,57.5,8.03
2017-04-03 17:40:00,193,82,110,1,56.5,6.48
2017-04-03 17:45:00,183,73,110,0,57.2,6.23
2017-04-03 17:50:00,212,88,122,2,57.0,6.41
2017-04-03 17:55:00,197,88,108,1,56.4,6.69
2017-04-03 18:00:00,126,49,77,0,60.8,4.44
2017-04-03 18:05:00,204,95,108,1,56.2,7.16
2017-04-03 18:10:00,221,97,124,0,54.7,7.68
2017-04-03 18:15:00,223,94,128,1,57.4,7.64
2017-04-03 18:20:00,223,98,125,0,57.6,6.65
2017-04-03 18:25:00,200,83,117,0,50.6,8.5
2017-04-03 18:30:00,171,67,102,2,52.1,10.44
2017-04-03 18:35:00,203,79,124,0,55.8,6.87
2017-04-03 18:40:00,199,92,107,0,55.1,6.89
2017-04-03 18:45:00,212,102,109,1,54.2,7.22
2017-04-03 18:50:00,218,88,128,2,55.3,6.91
2017-04-03 18:55:00,177,75,102,0,58.1,6.22
2017-04-03 19:00:00,187,81,104,2,56.8,8.07
2017-04-03 19:05:00,193,144,49,0,53.3,7.3
2017-04-03 19:10:00,182,146,35,1,56.2,6.93
2017-04-03 19:15:00,202,148,52,2,53.6,7.98
2017-04-03 19:20:00,158,118,40,0,54.1,6.2
2017-04-03 19:25:00,167,132,35,0,53.6,7.12
2017-04-03 19:30:00,151,121,30,0,55.4,7.16
2017-04-03 19:35:00,150,101,48,1,58.1,5.99
2017-04-03 19:40:00,165,140,25,0,54.3,7.62
2017-04-03 19:45:00,122,95,27,0,57.0,4.97
2017-04-03 19:50:00,141,100,41,0,53.7,5.9
2017-04-03 19:55:00,110,80,30,0,57.3,5.11
2017-04-03 20:00:00,162,122,39,1,55.6,6.72
2017-04-03 20:05:00,126,86,40,0,57.1,5.26
2017-04-03 20:10:00,157,118,38,1,54.7,6.09
2017-04-03 20:15:00,139,99,40,0,56.1,4.99
2017-04-03 20:20:00,133,92,40,1,55.5,8.09
2017-04-03 20:25:00,124,102,22,0,57.7,8.14
2017-04-03 20:30:00,106,74,32,0,53.6,4.47
2017-04-03 20:35:00,119,88,31,0,54.5,4.81
2017-04-03 20:40:00,166,121,44,1,55.2,5.99
2017-04-03 20:45:00,126,94,32,0,53.6,5.82
2017-04-03 20:50:00,129,93,36,0,56.7,6.14
2017-04-03 20:55:00,125,86,39,0,58.7,5.0
2017-04-03 21:00:00,121,83,38,0,56.5,4.76
2017-04-03 21:05:00,112,84,28,0,57.5,4.72
2017-04-03 21:10:00,141,104,37,0,56.7,5.36
2017-04-03 21:15:00,119,80,39,0,56.8,5.65
2017-04-03 21:20:00,138,97,41,0,58.4,5.55
2017-04-03 21:25:00,139,100,39,0,56.3,5.56
2017-04-03 21:30:00,137,97,39,1,60.4,4.96
2017-04-03 21:35:00,157,120,37,0,56.9,5.81
2017-04-03 21:40:00,122,85,37,0,58.1,4.87
2017-04-03 21:45:00,114,85,29,0,55.9,5.2
2017-04-03 21:50:00,112,77,34,1,61.7,4.17
2017-04-03 21:55:00,118,78,40,0,61.7,4.38
2017-04-03 22:00:00,112,71,41,0,62.6,4.37
2017-04-03 22:05:00,131,101,30,0,56.0,4.74
2017-04-03 22:10:00,108,72,36,0,59.7,4.47
2017-04-03 22:15:00,129,93,36,0,56.9,5.89
2017-04-03 22:20:00,114,72,40,2,59.8,4.47
2017-04-03 22:25:00,98,66,32,0,59.9,4.25
2017-04-03 22:30:00,121,86,35,0,61.3,4.22
2017-04-03 22:35:00,97,56,40,1,61.2,3.61
2017-04-03 22:40:00,84,53,31,0,60.8,4.04
2017-04-03 22:45:00,91,62,29,0,64.2,3.63
2017-04-03 22:50:00,99,56,42,1,62.0,3.93
2017-04-03 22:55:00,73,45,27,1,60.5,2.94
2017-04-03 23:00:00,106,56,50,0,64.6,3.96
2017-04-03 23:05:00,78,49,28,1,63.5,3.36
2017-04-03 23:10:00,100,59,41,0,58.6,4.39
2017-04-03 23:15:00,90,50,40,0,57.1,3.63
2017-04-03 23:20:00,86,57,28,1,60.2,3.38
2017-04-03 23:25:00,88,58,30,0,62.8,3.14
2017-04-03 23:30:00,54,39,14,1,61.3,2.4
2017-04-03 23:35:00,63,33,30,0,63.4,2.34
2017-04-03 23:40:00,69,40,28,1,66.7,2.86
2017-04-03 23:45:00,71,33,38,0,64.3,2.72
2017-04-03 23:50:00,46,25,21,0,69.5,1.71
2017-04-03 23:55:00,62,33,29,0,67.9,2.12
2017-04-04 00:00:00,59,36,23,0,62.7,2.48
2017-04-04 00:05:00,34,24,10,0,63.9,1.23
2017-04-04 00:10:00,63,40,23,0,65.1,2.42
2017-04-04 00:15:00,58,31,27,0,67.3,2.16
2017-04-04 00:20:00,60,40,20,0,60.5,2.12
2017-04-04 00:25:00,55,24,31,0,63.4,2.34
2017-04-04 00:30:00,34,23,11,0,58.8,1.38
2017-04-04 00:35:00,39,26,13,0,62.9,1.35
2017-04-04 00:40:00,39,25,13,1,66.0,1.46
2017-04-04 00:45:00,42,26,16,0,61.9,1.75
2017-04-04 00:50:00,31,16,15,0,70.1,1.15
2017-04-04 00:55:00,34,24,10,0,63.5,1.42
2017-04-04 01:00:00,27,12,15,0,67.0,1.04
2017-04-04 01:05:00,31,20,11,0,64.9,1.27
2017-04-04 01:10:00,24,16,8,0,58.0,0.92
2017-04-04 01:15:00,21,10,11,0,64.2,0.7
2017-04-04 01:20:00,32,18,14,0,64.0,1.19
2017-04-04 01:25:00,24,13,11,0,71.1,0.83
2017-04-04 01:30:00,23,13,10,0,65.6,0.97
2017-04-04 01:35:00,25,10,15,0,65.8,0.91
2017-04-04 01:40:00,26,19,7,0,59.2,0.9
2017-04-04 01:45:00,18,11,7,0,61.0,0.7
2017-04-04 01:50:00,26,14,12,0,65.9,0.79
2017-04-04 01:55:00,25,14,11,0,64.1,1.06
2017-04-04 02:00:00,25,14,11,0,64.8,0.99
2017-04-04 02:05:00,32,21,11,0,67.5,1.14
2017-04-04 02:10:00,23,11,12,0,61.0,0.88
2017-04-04 02:15:00,27,12,15,0,65.1,1.06
2017-04-04 02:20:00,23,14,9,0,64.4,0.79
2017-04-04 02:25:00,20,13,7,0,64.7,0.81
2017-04-04 02:30:00,28,20,8,0,66.6,1.0
2017-04-04 02:35:00,22,11,11,0,65.7,0.75
2017-04-04 02:40:00,25,18,7,0,66.9,0.94
2017-04-04 02:45:00,21,12,9,0,49.6,25.28
2017-04-04 02:50:00,20,11,9,0,60.1,1.07
2017-04-04 02:55:00,20,9,11,0,64.5,0.83
2017-04-04 03:00:00,11,7,4,0,66.8,0.37
2017-04-04 03:05:00,15,8,7,0,64.7,0.66
2017-04-04 03:10:00,21,10,11,0,69.1,0.88
2017-04-04 03:15:00,20,12,8,0,64.5,0.88
2017-04-04 03:20:00,26,15,9,2,62.5,1.27
2017-04-04 03:25:00,21,12,8,1,65.4,0.88
2017-04-04 03:30:00,25,9,16,0,65.8,1.04
2017-04-04 03:35:00,19,14,5,0,63.7,0.79
2017-04-04 03:40:00,18,10,8,0,60.5,0.78
2017-04-04 03:45:00,34,21,13,0,57.3,1.54
2017-04-04 03:50:00,33,20,13,0,70.2,1.29
2017-04-04 03:55:00,39,24,14,1,62.9,1.56
2017-04-04 04:00:00,30,20,10,0,68.1,1.11
2017-04-04 04:05:00,28,15,12,1,62.6,1.45
2017-04-04 04:10:00,34,25,9,0,59.0,1.4
2017-04-04 04:15:00,21,17,4,0,59.0,0.84
2017-04-04 04:20:00,44,28,16,0,64.0,1.92
2017-04-04 04:25:00,40,26,14,0,64.2,1.6
2017-04-04 04:30:00,46,31,15,0,65.5,1.9
2017-04-04 04:35:00,40,26,13,1,70.2,1.73
2017-04-04 04:40:00,46,29,17,0,62.2,1.97
2017-04-04 04:45:00,53,31,20,2,64.9,2.17
2017-04-04 04:50:00,54,32,21,1,65.5,2.51
2017-04-04 04:55:00,40,23,16,1,63.2,1.6
2017-04-04 05:00:00,60,37,23,0,58.2,2.51
2017-04-04 05:05:00,59,42,15,2,62.3,2.3
2017-04-04 05:10:00,45,31,14,0,66.6,1.81
2017-04-04 05:15:00,58,42,16,0,62.7,2.53
2017-04-04 05:20:00,80,56,24,0,61.5,3.31
2017-04-04 05:25:00,60,44,16,0,57.4,2.75
2017-04-04 05:30:00,85,58,27,0,61.4,3.66
2017-04-04 05:35:00,109,77,32,0,62.5,4.47
2017-04-04 05:40:00,137,105,32,0,63.0,5.36
2017-04-04 05:45:00,108,73,35,0,62.7,4.18
2017-04-04 05:50:00,122,87,35,0,57.6,5.7
2017-04-04 05:55:00,135,95,40,0,59.6,5.01
2017-04-04 06:00:00,156,88,67,1,53.6,6.58
2017-04-04 06:05:00,142,54,87,1,54.8,6.26
2017-04-04 06:10:00,208,104,104,0,60.1,7.58
2017-04-04 06:15:00,189,72,115,2,58.9,6.71
2017-04-04 06:20:00,177,74,100,3,59.0,6.24
2017-04-04 06:25:00,173,72,100,1,59.7,6.1
2017-04-04 06:30:00,190,74,115,1,57.6,6.79
2017-04-04 06:35:00,179,63,115,1,58.0,6.08
2017-04-04 06:40:00,160,68,92,0,63.2,5.17
2017-04-04 06:45:00,212,87,123,2,63.2,7.03
2017-04-04 06:50:00,230,81,146,3,57.9,8.51
2017-04-04 06:55:00,218,91,127,0,59.1,7.12
2017-04-04 07:00:00,243,107,133,3,57.5,8.49
2017-04-04 07:05:00,271,112,153,6,55.7,10.99
2017-04-04 07:10:00,270,119,151,0,55.4,9.18
2017-04-04 07:15:00,273,131,140,2,56.9,9.31
2017-04-04 07:20:00,311,137,173,1,52.6,11.9
2017-04-04 07:25:00,312,163,145,4,51.3,15.72
2017-04-04 07:30:00,255,126,129,0,56.8,8.85
2017-04-04 07:35:00,285,132,153,0,56.8,10.32
2017-04-04 07:40:00,332,137,193,2,52.8,12.53
2017-04-04 07:45:00,298,127,168,3,51.7,13.93
2017-04-04 07:50:00,230,111,116,3,42.5,38.08
2017-04-04 07:55:00,295,160,129,6,39.3,30.37
2017-04-04 08:00:00,256,122,128,6,37.7,40.89
2017-04-04 08:05:00,244,121,116,7,32.7,52.42
2017-04-04 08:10:00,228,108,113,7,31.4,64.65
2017-04-04 08:15:00,338,174,156,8,30.8,50.37
2017-04-04 08:20:00,318,167,141,10,40.4,39.7
2017-04-04 08:25:00,284,138,143,3,41.4,31.07
2017-04-04 08:30:00,283,144,138,1,47.9,17.15
2017-04-04 08:35:00,286,153,130,3,54.2,10.61
2017-04-04 08:40:00,270,135,133,2,54.7,9.19
2017-04-04 08:45:00,277,118,159,0,57.2,9.35
2017-04-04 08:50:00,243,118,120,5,60.0,8.2
2017-04-04 08:55:00,241,104,134,3,58.3,7.94
2017-04-04 09:00:00,263,116,142,5,58.8,8.89
2017-04-04 09:05:00,244,128,114,2,56.8,8.87
2017-04-04 09:10:00,249,114,133,2,55.4,8.88
2017-04-04 09:15:00,221,107,110,4,58.8,7.74
2017-04-04 09:20:00,217,101,113,3,58.5,7.65
2017-04-04 09:25:00,233,113,118,2,57.5,8.42
2017-04-04 09:30:00,222,99,122,1,57.2,8.22
2017-04-04 09:35:00,235,125,107,3,59.3,8.46
2017-04-04 09:40:00,247,122,123,2,57.1,8.77
2017-04-04 09:45:00,238,125,110,3,55.9,8.67
2017-04-04 09:50:00,197,97,97,3,56.2,9.07
2017-04-04 09:55:00,162,80,80,2,64.0,6.43
2017-04-04 10:00:00,200,84,111,5,56.1,9.66
2017-04-04 10:05:00,179,78,100,1,60.5,7.43
2017-04-04 10:10:00,193,70,119,4,56.7,9.58
2017-04-04 10:15:00,162,70,92,0,60.5,6.75
2017-04-04 10:20:00,207,97,108,2,57.3,7.79
2017-04-04 10:25:00,185,95,88,2,58.6,7.24
2017-04-04 10:30:00,196,94,100,2,56.3,7.66
2017-04-04 10:35:00,186,84,102,0,58.2,6.85
2017-04-04 10:40:00,177,77,98,2,53.3,7.54
2017-04-04 10:45:00,171,84,87,0,60.4,5.91
2017-04-04 10:50:00,183,82,99,2,53.0,7.63
2017-04-04 10:55:00,175,83,92,0,62.0,6.25
2017-04-04 11:00:00,182,73,108,1,59.2,7.02
2017-04-04 11:05:00,193,96,96,1,55.6,7.27
2017-04-04 11:10:00,192,82,109,1,55.3,7.83
2017-04-04 11:15:00,178,81,96,1,56.7,6.49
2017-04-04 11:20:00,166,68,95,3,61.0,5.83
2017-04-04 11:25:00,188,81,106,1,55.9,6.95
2017-04-04 11:30:00,163,72,90,1,55.3,6.26
2017-04-04 11:35:00,186,84,99,3,58.9,6.9
2017-04-04 11:40:00,161,74,85,2,61.3,5.96
2017-04-04 11:45:00,163,70,92,1,59.4,6.23
2017-04-04 11:50:00,157,65,91,1,58.8,5.57
2017-04-04 11:55:00,151,63,86,2,56.2,5.85
2017-04-04 12:00:00,132,55,77,0,58.4,4.94
2017-04-04 12:05:00,138,58,80,0,58.3,6.14
2017-04-04 12:10:00,186,79,105,2,58.9,6.88
2017-04-04 12:15:00,154,64,89,1,58.2,5.85
2017-04-04 12:20:00,156,76,79,1,59.3,5.79
2017-04-04 12:25:00,180,68,109,3,56.6,7.24
2017-04-04 12:30:00,153,69,84,0,56.5,5.63
2017-04-04 12:35:00,140,70,69,1,60.4,5.24
2017-04-04 12:40:00,134,52,82,0,58.2,5.0
2017-04-04 12:45:00,161,64,96,1,57.0,6.17
2017-04-04 12:50:00,164,61,101,2,56.3,6.36
2017-04-04 12:55:00,177,67,108,2,58.3,6.35
2017-04-04 13:00:00,179,80,99,0,58.8,6.51
2017-04-04 13:05:00,151,64,84,3,57.0,5.59
2017-04-04 13:10:00,168,65,103,0,58.0,6.33
2017-04-04 13:15:00,207,80,126,1,55.8,7.68
2017-04-04 13:20:00,174,86,85,3,52.6,7.36
2017-04-04 13:25:00,199,82,117,0,55.9,7.53
2017-04-04 13:30:00,184,73,111,0,55.1,7.12
2017-04-04 13:35:00,218,98,119,1,56.1,7.86
2017-04-04 13:40:00,213,86,124,3,53.3,8.51
2017-04-04 13:45:00,208,88,119,1,54.6,8.09
2017-04-04 13:50:00,195,78,116,1,54.3,7.5
2017-04-04 13:55:00,163,64,99,0,55.0,5.82
2017-04-04 14:00:00,184,79,102,3,56.1,6.6
2017-04-04 14:05:00,186,75,109,2,58.5,6.74
2017-04-04 14:10:00,193,64,128,1,54.5,7.71
2017-04-04 14:15:00,210,80,129,1,56.7,7.18
2017-04-04 14:20:00,190,71,119,0,56.3,6.67
2017-04-04 14:25:00,195,69,124,2,55.6,7.07
2017-04-04 14:30:00,168,57,111,0,59.7,5.66
2017-04-04 14:35:00,202,80,119,3,58.6,6.9
2017-04-04 14:40:00,133,53,79,1,59.1,4.57
2017-04-04 14:45:00,192,76,115,1,56.3,6.81
2017-04-04 14:50:00,172,69,102,1,57.5,6.0
2017-04-04 14:55:00,186,74,112,0,56.7,6.33
2017-04-04 15:00:00,194,77,113,4,56.2,6.71
2017-04-04 15:05:00,212,87,123,2,56.4,7.42
2017-04-04 15:10:00,181,72,107,2,55.2,6.61
2017-04-04 15:15:00,147,63,84,0,53.3,5.32
2017-04-04 15:20:00,187,65,120,2,55.2,7.24
2017-04-04 15:25:00,158,53,99,6,56.9,5.47
2017-04-04 15:30:00,185,73,109,3,55.8,6.8
2017-04-04 15:35:00,178,79,98,1,56.9,6.28
2017-04-04 15:40:00,186,76,110,0,57.0,6.39
2017-04-04 15:45:00,186,82,103,1,56.4,6.3
2017-04-04 15:50:00,154,66,88,0,57.7,5.16
2017-04-04 15:55:00,184,66,118,0,54.9,6.55
2017-04-04 16:00:00,165,75,88,2,57.8,5.92
2017-04-04 16:05:00,206,73,133,0,54.1,7.41
2017-04-04 16:10:00,195,75,118,2,55.3,6.94
2017-04-04 16:15:00,187,74,111,2,56.5,6.47
2017-04-04 16:20:00,202,80,120,2,55.1,7.81
2017-04-04 16:25:00,195,87,106,2,56.6,6.84
2017-04-04 16:30:00,184,71,112,1,56.4,6.14
2017-04-04 16:35:00,166,59,106,1,53.4,5.84
2017-04-04 16:40:00,164,61,103,0,55.3,5.79
2017-04-04 16:45:00,223,84,137,2,54.5,7.71
2017-04-04 16:50:00,232,88,142,2,56.4,7.95
2017-04-04 16:55:00,200,80,118,2,58.9,6.83
2017-04-04 17:00:00,225,88,136,1,53.3,8.13
2017-04-04 17:05:00,167,80,85,2,57.2,5.69
2017-04-04 17:10:00,188,78,108,2,57.6,6.25
2017-04-04 17:15:00,178,80,98,0,58.3,5.92
2017-04-04 17:20:00,185,80,101,4,57.0,6.97
2017-04-04 17:25:00,178,63,115,0,55.2,6.26
2017-04-04 17:30:00,194,77,115,2,55.0,6.82
2017-04-04 17:35:00,184,70,114,0,55.1,6.51
2017-04-04 17:40:00,183,63,119,1,58.3,6.12
2017-04-04 17:45:00,212,86,126,0,57.1,7.18
2017-04-04 17:50:00,189,100,89,0,55.9,6.2
2017-04-04 17:55:00,172,77,94,1,57.5,5.84
2017-04-04 18:00:00,168,78,88,2,57.7,5.69
2017-04-04 18:05:00,203,95,108,0,53.9,7.23
2017-04-04 18:10:00,213,89,122,2,56.6,7.43
2017-04-04 18:15:00,247,108,135,4,56.0,8.3
2017-04-04 18:20:00,158,72,86,0,56.9,8.29
2017-04-04 18:25:00,205,99,106,0,57.4,6.79
2017-04-04 18:30:00,214,87,123,4,56.8,7.32
2017-04-04 18:35:00,194,90,104,0,56.2,6.58
2017-04-04 18:40:00,190,89,100,1,55.0,6.64
2017-04-04 18:45:00,205,91,113,1,55.8,7.13
2017-04-04 18:50:00,207,82,124,1,56.3,7.54
2017-04-04 18:55:00,192,86,103,3,54.6,7.47
2017-04-04 19:00:00,213,104,108,1,53.2,8.77
2017-04-04 19:05:00,203,152,51,0,52.5,7.89
2017-04-04 19:10:00,182,146,35,1,51.6,7.42
2017-04-04 19:15:00,180,142,38,0,52.2,7.49
2017-04-04 19:20:00,180,156,23,1,42.8,11.0
2017-04-04 19:25:00,153,118,35,0,51.2,6.73
2017-04-04 19:30:00,160,121,39,0,51.5,7.4
2017-04-04 19:35:00,149,110,39,0,55.1,7.54
2017-04-04 19:40:00,155,99,55,1,54.2,6.11
2017-04-04 19:45:00,123,81,42,0,56.7,4.94
2017-04-04 19:50:00,134,103,31,0,54.5,5.38
2017-04-04 19:55:00,122,85,37,0,55.7,5.09
2017-04-04 20:00:00,112,80,31,1,56.7,4.95
2017-04-04 20:05:00,113,76,36,1,58.6,4.59
2017-04-04 20:10:00,120,84,35,1,56.0,5.24
2017-04-04 20:15:00,119,81,36,2,58.2,4.6
2017-04-04 20:20:00,144,87,57,0,56.4,5.76
2017-04-04 20:25:00,145,103,42,0,55.9,5.94
2017-04-04 20:30:00,116,76,39,1,56.7,4.45
2017-04-04 20:35:00,135,97,38,0,57.0,5.55
2017-04-04 20:40:00,124,87,37,0,55.8,5.1
2017-04-04 20:45:00,165,125,40,0,54.1,5.91
2017-04-04 20:50:00,157,114,43,0,56.5,6.37
2017-04-04 20:55:00,116,80,36,0,59.6,4.81
2017-04-04 21:00:00,130,91,39,0,57.8,5.25
2017-04-04 21:05:00,120,80,40,0,58.5,5.44
2017-04-04 21:10:00,139,103,36,0,60.6,6.13
2017-04-04 21:15:00,119,79,40,0,57.9,9.41
2017-04-04 21:20:00,115,70,45,0,58.8,4.55
2017-04-04 21:25:00,139,99,39,1,57.3,5.81
2017-04-04 21:30:00,141,92,49,0,57.1,5.4
2017-04-04 21:35:00,146,108,38,0,56.8,6.62
2017-04-04 21:40:00,131,100,31,0,58.0,6.25
2017-04-04 21:45:00,152,112,40,0,54.6,6.09
2017-04-04 21:50:00,145,98,47,0,58.0,7.25
2017-04-04 21:55:00,123,86,37,0,60.5,4.71
2017-04-04 22:00:00,140,89,51,0,59.2,5.69
2017-04-04 22:05:00,133,96,37,0,54.5,5.7
2017-04-04 22:10:00,153,102,51,0,55.3,6.9
2017-04-04 22:15:00,164,104,60,0,56.8,6.62
2017-04-04 22:20:00,141,105,36,0,61.0,5.27
2017-04-04 22:25:00,136,97,39,0,57.9,5.14
2017-04-04 22:30:00,110,68,42,0,60.3,4.55
2017-04-04 22:35:00,86,51,35,0,58.5,3.44
2017-04-04 22:40:00,102,60,42,0,62.0,4.07
2017-04-04 22:45:00,93,55,37,1,63.3,3.84
2017-04-04 22:50:00,101,68,32,1,62.5,4.25
2017-04-04 22:55:00,107,76,31,0,58.7,4.07
2017-04-04 23:00:00,94,62,32,0,60.8,3.79
2017-04-04 23:05:00,84,61,23,0,61.9,3.35
2017-04-04 23:10:00,100,67,33,0,63.0,4.2
2017-04-04 23:15:00,112,71,41,0,59.5,4.86
2017-04-04 23:20:00,83,48,35,0,61.8,3.46
2017-04-04 23:25:00,75,37,38,0,60.4,3.25
2017-04-04 23:30:00,79,50,29,0,61.4,3.31
2017-04-04 23:35:00,71,42,28,1,65.0,2.81
2017-04-04 23:40:00,62,31,31,0,63.5,2.39
2017-04-04 23:45:00,79,44,35,0,60.1,3.13
2017-04-04 23:50:00,47,23,24,0,67.4,3.19
2017-04-04 23:55:00,64,40,24,0,63.6,2.42
2017-04-05 00:00:00,58,33,25,0,63.3,2.09
2017-04-05 00:05:00,41,23,18,0,64.0,1.56
2017-04-05 00:10:00,66,40,25,1,61.0,2.57
2017-04-05 00:15:00,53,32,21,0,59.7,1.85
2017-04-05 00:20:00,72,46,26,0,67.1,2.58
2017-04-05 00:25:00,48,22,26,0,65.5,1.95
2017-04-05 00:30:00,34,20,14,0,63.9,1.43
2017-04-05 00:35:00,43,27,16,0,61.3,1.78
2017-04-05 00:40:00,45,30,15,0,60.9,1.92
2017-04-05 00:45:00,27,19,8,0,71.0,1.03
2017-04-05 00:50:00,47,22,25,0,66.1,1.99
2017-04-05 00:55:00,62,38,24,0,63.5,2.26
2017-04-05 01:00:00,34,16,18,0,69.6,1.27
2017-04-05 01:05:00,24,9,15,0,54.8,1.15
2017-04-05 01:10:00,32,13,19,0,68.4,1.18
2017-04-05 01:15:00,29,13,16,0,68.0,1.11
2017-04-05 01:20:00,30,14,16,0,68.4,1.18
2017-04-05 01:25:00,30,19,11,0,62.8,1.14
2017-04-05 01:30:00,30,17,13,0,64.2,1.15
2017-04-05 01:35:00,33,20,13,0,67.0,1.22
2017-04-05 01:40:00,38,27,11,0,60.1,1.5
2017-04-05 01:45:00,30,14,16,0,67.9,1.09
2017-04-05 01:50:00,21,10,11,0,64.7,0.75
2017-04-05 01:55:00,32,19,13,0,62.2,1.26
2017-04-05 02:00:00,25,15,10,0,70.0,0.82
2017-04-05 02:05:00,23,9,14,0,65.3,0.9
2017-04-05 02:10:00,30,16,14,0,62.7,1.31
2017-04-05 02:15:00,27,11,16,0,64.7,1.18
2017-04-05 02:20:00,33,20,13,0,62.9,1.14
2017-04-05 02:25:00,22,10,12,0,64.5,1.07
2017-04-05 02:30:00,27,22,5,0,63.7,0.98
2017-04-05 02:35:00,25,11,14,0,67.5,0.95
2017-04-05 02:40:00,28,15,13,0,62.7,1.02
2017-04-05 02:45:00,23,13,10,0,65.4,0.9
2017-04-05 02:50:00,19,11,8,0,65.1,0.75
2017-04-05 02:55:00,19,7,12,0,59.8,0.92
2017-04-05 03:00:00,10,6,4,0,74.6,0.35
2017-04-05 03:05:00,24,14,10,0,69.1,0.83
2017-04-05 03:10:00,19,8,11,0,68.6,0.81
2017-04-05 03:15:00,28,14,14,0,69.7,1.1
2017-04-05 03:20:00,20,10,10,0,66.4,0.79
2017-04-05 03:25:00,21,15,6,0,71.0,0.82
2017-04-05 03:30:00,36,22,14,0,72.2,1.39
2017-04-05 03:35:00,27,17,10,0,67.6,1.03
2017-04-05 03:40:00,22,9,13,0,60.2,0.71
2017-04-05 03:45:00,16,7,9,0,59.4,0.78
2017-04-05 03:50:00,52,27,25,0,65.4,2.27
2017-04-05 03:55:00,31,11,19,1,67.5,1.35
2017-04-05 04:00:00,30,18,11,1,57.4,1.26
2017-04-05 04:05:00,25,9,16,0,64.0,1.03
2017-04-05 04:10:00,40,23,17,0,63.8,1.38
2017-04-05 04:15:00,43,26,16,1,60.4,1.76
2017-04-05 04:20:00,43,27,14,2,67.6,4.44
2017-04-05 04:25:00,48,30,18,0,60.9,2.03
2017-04-05 04:30:00,49,31,18,0,62.5,1.93
2017-04-05 04:35:00,32,22,10,0,60.5,1.38
2017-04-05 04:40:00,49,33,15,1,60.3,1.88
2017-04-05 04:45:00,44,29,15,0,61.7,2.13
2017-04-05 04:50:00,32,22,10,0,53.7,1.33
2017-04-05 04:55:00,45,28,17,0,65.0,2.01
2017-04-05 05:00:00,58,33,25,0,60.5,2.45
2017-04-05 05:05:00,66,38,28,0,64.1,2.63
2017-04-05 05:10:00,69,42,27,0,57.8,3.28
2017-04-05 05:15:00,60,37,23,0,63.0,2.51
2017-04-05 05:20:00,68,43,25,0,62.0,2.95
2017-04-05 05:25:00,67,35,31,1,63.0,3.01
2017-04-05 05:30:00,87,54,32,1,62.0,3.53
2017-04-05 05:35:00,102,71,31,0,66.4,4.11
2017-04-05 05:40:00,123,83,39,1,63.7,5.06
2017-04-05 05:45:00,115,82,32,1,58.1,13.9
2017-04-05 05:50:00,114,77,37,0,62.4,4.39
2017-04-05 05:55:00,147,91,56,0,58.9,6.64
2017-04-05 06:00:00,121,66,53,2,57.5,5.35
2017-04-05 06:05:00,144,65,79,0,57.3,6.31
2017-04-05 06:10:00,176,75,99,2,58.2,7.1
2017-04-05 06:15:00,184,76,107,1,62.4,7.07
2017-04-05 06:20:00,205,79,125,1,58.5,7.57
2017-04-05 06:25:00,190,71,114,5,60.7,6.56
2017-04-05 06:30:00,167,72,94,1,62.0,5.15
2017-04-05 06:35:00,182,71,109,2,57.8,6.71
2017-04-05 06:40:00,189,78,110,1,53.5,8.19
2017-04-05 06:45:00,228,86,141,1,61.7,8.15
2017-04-05 06:50:00,214,99,115,0,59.1,7.54
2017-04-05 06:55:00,212,92,120,0,57.1,7.73
2017-04-05 07:00:00,224,74,148,2,60.9,7.86
2017-04-05 07:05:00,239,91,147,1,56.5,8.28
2017-04-05 07:10:00,273,95,178,0,56.3,9.78
2017-04-05 07:15:00,253,94,159,0,53.4,9.43
2017-04-05 07:20:00,283,114,168,1,55.9,9.95
2017-04-05 07:25:00,301,108,192,1,54.2,10.88
2017-04-05 07:30:00,309,126,181,2,51.2,12.31
2017-04-05 07:35:00,293,130,159,4,43.0,26.16
2017-04-05 07:40:00,261,120,138,3,38.7,30.52
2017-04-05 07:45:00,244,90,151,3,40.5,33.47
2017-04-05 07:50:00,245,102,138,5,32.5,43.43
2017-04-05 07:55:00,215,98,113,4,28.2,52.29
2017-04-05 08:00:00,229,108,112,9,27.4,54.84
2017-04-05 08:05:00,240,118,113,9,28.8,52.94
2017-04-05 08:10:00,241,111,126,4,29.4,50.08
2017-04-05 08:15:00,298,132,155,11,32.5,50.61
2017-04-05 08:20:00,281,146,127,8,33.9,49.25
2017-04-05 08:25:00,287,126,156,5,35.8,44.7
2017-04-05 08:30:00,277,135,138,4,39.3,28.26
2017-04-05 08:35:00,270,120,149,1,40.3,24.3
2017-04-05 08:40:00,255,108,145,2,46.5,20.09
2017-04-05 08:45:00,290,111,179,0,53.4,10.05
2017-04-05 08:50:00,269,108,159,2,55.4,9.43
2017-04-05 08:55:00,270,100,168,2,56.4,9.36
2017-04-05 09:00:00,246,111,133,2,55.1,8.78
2017-04-05 09:05:00,231,100,130,1,55.3,8.36
2017-04-05 09:10:00,201,86,114,1,56.1,7.5
2017-04-05 09:15:00,220,89,131,0,54.5,7.85
2017-04-05 09:20:00,230,89,140,1,54.0,8.58
2017-04-05 09:25:00,256,101,152,3,54.2,9.46
2017-04-05 09:30:00,241,92,147,2,55.9,9.22
2017-04-05 09:35:00,245,91,153,1,52.4,9.71
2017-04-05 09:40:00,222,95,127,0,54.7,8.15
2017-04-05 09:45:00,219,91,127,1,53.4,8.19
2017-04-05 09:50:00,222,101,119,2,54.2,8.49
2017-04-05 09:55:00,213,74,138,1,52.4,8.57
2017-04-05 10:00:00,200,85,112,3,54.6,7.74
2017-04-05 10:05:00,213,84,129,0,53.5,8.21
2017-04-05 10:10:00,204,86,118,0,57.0,7.49
2017-04-05 10:15:00,202,81,120,1,53.4,8.92
2017-04-05 10:20:00,162,58,103,1,52.2,9.4
2017-04-05 10:25:00,218,94,124,0,53.7,8.32
2017-04-05 10:30:00,188,89,97,2,57.6,6.76
2017-04-05 10:35:00,185,84,100,1,55.9,6.66
2017-04-05 10:40:00,181,71,109,1,54.6,6.89
2017-04-05 10:45:00,194,75,118,1,54.7,7.39
2017-04-05 10:50:00,161,80,78,3,55.3,5.91
2017-04-05 10:55:00,191,74,117,0,55.2,7.51
2017-04-05 11:00:00,174,74,99,1,57.6,6.28
2017-04-05 11:05:00,186,74,111,1,53.1,7.28
2017-04-05 11:10:00,169,71,96,2,55.8,6.23
2017-04-05 11:15:00,147,53,90,4,57.6,5.5
2017-04-05 11:20:00,160,63,97,0,55.0,5.84
2017-04-05 11:25:00,179,86,90,3,53.8,6.94
2017-04-05 11:30:00,177,90,87,0,53.9,7.29
2017-04-05 11:35:00,179,84,93,2,54.2,7.07
2017-04-05 11:40:00,177,87,90,0,55.0,7.2
2017-04-05 11:45:00,170,87,82,1,52.2,6.43
2017-04-05 11:50:00,152,66,85,1,56.5,5.49
2017-04-05 11:55:00,140,79,61,0,57.1,4.87
2017-04-05 12:00:00,157,77,77,3,55.7,5.91
2017-04-05 12:05:00,153,73,79,1,57.9,5.4
2017-04-05 12:10:00,169,74,94,1,54.9,6.11
2017-04-05 12:15:00,174,81,92,1,59.3,6.57
2017-04-05 12:20:00,151,69,81,1,59.5,5.22
2017-04-05 12:25:00,171,80,89,2,57.0,6.27
2017-04-05 12:30:00,143,62,81,0,58.3,4.94
2017-04-05 12:35:00,142,52,86,4,57.3,5.07
2017-04-05 12:40:00,146,64,81,1,54.7,5.24
2017-04-05 12:45:00,147,58,88,1,55.9,5.3
2017-04-05 12:50:00,145,65,78,2,59.9,4.96
2017-04-05 12:55:00,161,67,94,0,57.2,5.85
2017-04-05 13:00:00,176,85,89,2,58.6,5.99
2017-04-05 13:05:00,194,72,119,3,57.1,7.25
2017-04-05 13:10:00,158,60,96,2,56.0,5.78
2017-04-05 13:15:00,185,89,94,2,53.2,6.84
2017-04-05 13:20:00,172,78,93,1,55.6,6.38
2017-04-05 13:25:00,186,75,111,0,57.0,6.57
2017-04-05 13:30:00,210,88,118,4,55.5,7.7
2017-04-05 13:35:00,185,87,96,2,57.5,6.46
2017-04-05 13:40:00,196,85,111,0,56.0,6.91
2017-04-05 13:45:00,203,79,122,2,53.5,7.86
2017-04-05 13:50:00,177,68,107,2,54.5,6.67
2017-04-05 13:55:00,184,87,96,1,59.2,6.38
2017-04-05 14:00:00,179,77,101,1,55.5,6.64
2017-04-05 14:05:00,194,80,113,1,54.6,7.19
2017-04-05 14:10:00,195,88,106,1,54.0,7.46
2017-04-05 14:15:00,201,81,119,1,54.7,7.32
2017-04-05 14:20:00,201,84,116,1,55.3,7.38
2017-04-05 14:25:00,223,86,135,2,52.2,8.4
2017-04-05 14:30:00,167,75,90,2,56.5,5.87
2017-04-05 14:35:00,176,86,90,0,52.7,7.26
2017-04-05 14:40:00,176,75,100,1,53.0,6.86
2017-04-05 14:45:00,179,82,94,3,56.8,6.6
2017-04-05 14:50:00,187,90,96,1,52.4,7.24
2017-04-05 14:55:00,208,85,121,2,52.1,8.78
2017-04-05 15:00:00,192,102,87,3,54.2,7.67
2017-04-05 15:05:00,182,96,84,2,54.2,6.85
2017-04-05 15:10:00,155,77,77,1,55.4,5.82
2017-04-05 15:15:00,183,89,93,1,52.6,7.1
2017-04-05 15:20:00,166,76,90,0,54.8,6.24
2017-04-05 15:25:00,212,104,106,2,51.6,8.15
2017-04-05 15:30:00,186,83,103,0,53.4,7.1
2017-04-05 15:35:00,187,86,95,6,52.8,7.34
2017-04-05 15:40:00,177,89,87,1,53.0,6.93
2017-04-05 15:45:00,182,88,90,4,52.3,9.16
2017-04-05 15:50:00,163,72,89,2,53.1,6.07
2017-04-05 15:55:00,149,55,93,1,54.5,5.55
2017-04-05 16:00:00,165,70,93,2,54.5,6.41
2017-04-05 16:05:00,187,89,96,2,53.9,7.34
2017-04-05 16:10:00,183,81,99,3,53.0,7.08
2017-04-05 16:15:00,184,94,89,1,53.5,7.28
2017-04-05 16:20:00,184,87,95,2,53.9,6.99
2017-04-05 16:25:00,194,87,107,0,52.9,7.68
2017-04-05 16:30:00,162,73,88,1,51.8,6.49
2017-04-05 16:35:00,176,80,94,2,52.4,6.88
2017-04-05 16:40:00,169,82,87,0,53.0,6.34
2017-04-05 16:45:00,201,76,125,0,51.7,8.3
2017-04-05 16:50:00,197,103,91,3,53.3,7.79
2017-04-05 16:55:00,197,108,89,0,53.9,7.5
2017-04-05 17:00:00,169,92,76,1,53.7,6.39
2017-04-05 17:05:00,195,98,95,2,52.3,7.71
2017-04-05 17:10:00,188,79,106,3,52.1,7.72
2017-04-05 17:15:00,201,86,114,1,50.7,8.47
2017-04-05 17:20:00,184,81,100,3,50.0,7.74
2017-04-05 17:25:00,201,88,112,1,47.2,9.55
2017-04-05 17:30:00,199,68,131,0,49.0,8.53
2017-04-05 17:35:00,180,80,98,2,52.2,7.39
2017-04-05 17:40:00,164,82,80,2,48.4,12.63
2017-04-05 17:45:00,187,90,91,6,45.4,14.3
2017-04-05 17:50:00,186,105,80,1,45.6,13.4
2017-04-05 17:55:00,183,87,93,3,46.0,15.57
2017-04-05 18:00:00,180,89,89,2,45.2,17.55
2017-04-05 18:05:00,189,73,115,1,44.5,12.67
2017-04-05 18:10:00,198,98,98,2,47.4,12.14
2017-04-05 18:15:00,179,93,86,0,50.1,8.96
2017-04-05 18:20:00,192,102,87,3,48.1,12.78
2017-04-05 18:25:00,194,83,105,6,47.1,15.04
2017-04-05 18:30:00,201,103,89,9,43.5,16.39
2017-04-05 18:35:00,214,96,105,13,40.5,16.56
2017-04-05 18:40:00,238,96,117,25,41.7,19.69
2017-04-05 18:45:00,222,87,123,12,41.9,17.37
2017-04-05 18:50:00,205,71,122,12,40.8,15.84
2017-04-05 18:55:00,184,78,96,10,37.6,19.95
2017-04-05 19:00:00,160,67,81,12,37.4,22.74
2017-04-05 19:05:00,212,132,72,8,40.3,31.24
2017-04-05 19:10:00,182,125,54,3,48.1,14.44
2017-04-05 19:15:00,184,131,48,5,47.3,19.18
2017-04-05 19:20:00,173,127,41,5,46.8,16.31
2017-04-05 19:25:00,185,128,56,1,46.6,12.62
2017-04-05 19:30:00,192,149,39,4,43.2,16.33
2017-04-05 19:35:00,155,114,41,0,45.8,11.92
2017-04-05 19:40:00,168,121,41,6,45.4,11.1
2017-04-05 19:45:00,161,115,42,4,50.4,17.1
2017-04-05 19:50:00,125,88,35,2,50.5,10.96
2017-04-05 19:55:00,111,79,30,2,51.4,6.99
2017-04-05 20:00:00,115,80,34,1,48.3,8.04
2017-04-05 20:05:00,125,95,28,2,45.4,8.25
2017-04-05 20:10:00,116,83,33,0,50.2,12.31
2017-04-05 20:15:00,137,102,33,2,49.7,14.2
2017-04-05 20:20:00,126,86,37,3,54.5,7.71
2017-04-05 20:25:00,130,85,45,0,46.5,11.08
2017-04-05 20:30:00,128,93,34,1,50.7,12.85
2017-04-05 20:35:00,122,90,31,1,46.7,9.12
2017-04-05 20:40:00,131,96,34,1,50.9,9.17
2017-04-05 20:45:00,145,111,33,1,49.8,10.05
2017-04-05 20:50:00,155,116,35,4,46.6,9.8
2017-04-05 20:55:00,139,105,34,0,50.0,7.53
2017-04-05 21:00:00,138,107,29,2,48.9,10.2
2017-04-05 21:05:00,135,100,35,0,50.7,8.3
2017-04-05 21:10:00,132,105,26,1,51.7,9.8
2017-04-05 21:15:00,144,101,43,0,49.9,8.08
2017-04-05 21:20:00,153,105,47,1,47.5,9.01
2017-04-05 21:25:00,133,86,41,6,49.4,9.36
2017-04-05 21:30:00,167,126,39,2,51.6,8.65
2017-04-05 21:35:00,143,100,43,0,43.1,9.89
2017-04-05 21:40:00,124,88,36,0,50.0,8.37
2017-04-05 21:45:00,141,103,35,3,49.9,8.41
2017-04-05 21:50:00,144,109,35,0,53.7,8.9
2017-04-05 21:55:00,130,96,30,4,52.7,7.28
2017-04-05 22:00:00,140,100,39,1,51.4,9.03
2017-04-05 22:05:00,121,81,39,1,52.1,7.85
2017-04-05 22:10:00,121,85,33,3,53.1,6.13
2017-04-05 22:15:00,143,107,34,2,52.7,8.87
2017-04-05 22:20:00,99,72,27,0,52.4,6.66
2017-04-05 22:25:00,122,79,40,3,52.7,7.61
2017-04-05 22:30:00,116,83,32,1,55.5,6.26
2017-04-05 22:35:00,92,68,24,0,57.6,5.92
2017-04-05 22:40:00,88,70,18,0,53.7,6.11
2017-04-05 22:45:00,84,60,24,0,56.3,7.32
2017-04-05 22:50:00,97,71,25,1,56.8,5.18
2017-04-05 22:55:00,85,57,27,1,55.0,5.52
2017-04-05 23:00:00,97,62,34,1,56.5,4.98
2017-04-05 23:05:00,97,64,33,0,52.0,5.39
2017-04-05 23:10:00,95,78,17,0,56.6,5.91
2017-04-05 23:15:00,93,76,15,2,53.8,10.05
2017-04-05 23:20:00,93,70,23,0,54.1,5.71
2017-04-05 23:25:00,87,70,15,2,53.9,12.35
2017-04-05 23:30:00,72,56,14,2,52.6,4.98
2017-04-05 23:35:00,73,57,16,0,54.5,3.89
2017-04-05 23:40:00,74,50,24,0,58.2,3.7
2017-04-05 23:45:00,64,48,16,0,57.7,4.53
2017-04-05 23:50:00,56,39,17,0,56.8,3.14
2017-04-05 23:55:00,67,44,21,2,56.1,4.77
2017-04-06 00:00:00,53,39,13,1,66.4,2.52
2017-04-06 00:05:00,53,43,10,0,55.2,3.31
2017-04-06 00:10:00,61,44,16,1,55.8,3.11
2017-04-06 00:15:00,59,38,20,1,56.2,3.73
2017-04-06 00:20:00,69,51,16,2,55.0,4.34
2017-04-06 00:25:00,49,36,13,0,53.8,3.33
2017-04-06 00:30:00,57,46,10,1,58.8,5.4
2017-04-06 00:35:00,54,37,17,0,56.2,2.54
2017-04-06 00:40:00,43,34,9,0,60.2,2.02
2017-04-06 00:45:00,34,27,7,0,60.4,1.6
2017-04-06 00:50:00,46,37,9,0,60.6,2.36
2017-04-06 00:55:00,40,31,9,0,54.2,3.0
2017-04-06 01:00:00,33,18,15,0,55.9,1.63
2017-04-06 01:05:00,35,29,6,0,51.8,1.98
2017-04-06 01:10:00,30,25,5,0,53.4,1.55
2017-04-06 01:15:00,37,25,12,0,52.2,2.05
2017-04-06 01:20:00,35,26,9,0,62.2,3.95
2017-04-06 01:25:00,20,15,5,0,57.4,11.6
2017-04-06 01:30:00,26,15,11,0,56.6,1.31
2017-04-06 01:35:00,18,13,5,0,60.7,0.77
2017-04-06 01:40:00,23,15,8,0,54.7,1.07
2017-04-06 01:45:00,19,15,4,0,66.5,1.29
2017-04-06 01:50:00,36,25,11,0,62.4,1.56
2017-04-06 01:55:00,33,26,7,0,57.4,1.48
2017-04-06 02:00:00,22,16,6,0,66.1,4.2
2017-04-06 02:05:00,39,26,13,0,62.7,2.17
2017-04-06 02:10:00,24,14,10,0,71.9,1.23
2017-04-06 02:15:00,24,16,8,0,56.5,1.93
2017-04-06 02:20:00,18,13,5,0,55.8,1.04
2017-04-06 02:25:00,25,16,9,0,50.1,1.29
2017-04-06 02:30:00,15,12,3,0,58.3,0.67
2017-04-06 02:35:00,26,19,7,0,56.1,1.59
2017-04-06 02:40:00,21,14,7,0,59.8,0.96
2017-04-06 02:45:00,22,14,8,0,52.7,1.81
2017-04-06 02:50:00,21,13,8,0,61.5,0.93
2017-04-06 02:55:00,24,16,8,0,50.2,1.13
2017-04-06 03:00:00,16,10,6,0,62.2,0.74
2017-04-06 03:05:00,13,10,3,0,51.0,0.6
2017-04-06 03:10:00,28,15,13,0,62.9,1.3
2017-04-06 03:15:00,22,16,6,0,57.7,1.2
2017-04-06 03:20:00,16,10,6,0,53.3,1.11
2017-04-06 03:25:00,17,12,4,1,67.5,0.9
2017-04-06 03:30:00,21,12,9,0,60.1,1.01
2017-04-06 03:35:00,17,10,7,0,58.0,0.74
2017-04-06 03:40:00,31,20,10,1,59.8,1.6
2017-04-06 03:45:00,23,17,6,0,53.4,1.31
2017-04-06 03:50:00,26,18,8,0,63.2,1.28
2017-04-06 03:55:00,41,19,22,0,60.6,2.38
2017-04-06 04:00:00,28,21,6,1,58.6,1.35
2017-04-06 04:05:00,23,16,7,0,55.0,1.54
2017-04-06 04:10:00,36,24,12,0,63.3,1.76
2017-04-06 04:15:00,31,19,12,0,64.2,5.14
2017-04-06 04:20:00,35,27,7,1,57.5,2.38
2017-04-06 04:25:00,43,27,16,0,52.1,3.42
2017-04-06 04:30:00,51,31,20,0,57.7,2.81
2017-04-06 04:35:00,40,23,17,0,57.5,2.05
2017-04-06 04:40:00,51,42,9,0,57.7,3.08
2017-04-06 04:45:00,57,37,18,2,57.1,3.74
2017-04-06 04:50:00,31,24,6,1,60.3,1.35
2017-04-06 04:55:00,43,30,12,1,54.0,3.84
2017-04-06 05:00:00,69,45,24,0,54.6,3.97
2017-04-06 05:05:00,40,31,8,1,55.5,2.22
2017-04-06 05:10:00,37,26,10,1,50.5,2.54
2017-04-06 05:15:00,64,49,15,0,53.6,4.75
2017-04-06 05:20:00,61,44,16,1,55.2,3.76
2017-04-06 05:25:00,79,58,20,1,55.6,6.47
2017-04-06 05:30:00,72,53,18,1,57.5,3.26
2017-04-06 05:35:00,107,79,26,2,53.8,9.75
2017-04-06 05:40:00,86,63,23,0,52.3,6.06
2017-04-06 05:45:00,87,65,22,0,53.4,6.58
2017-04-06 05:50:00,106,70,36,0,54.9,6.11
2017-04-06 05:55:00,99,56,37,6,35.0,39.99
2017-04-06 06:00:00,81,36,38,7,39.8,33.87
2017-04-06 06:05:00,101,51,42,8,45.1,9.57
2017-04-06 06:10:00,150,57,79,14,46.8,9.28
2017-04-06 06:15:00,136,56,75,5,45.9,8.33
2017-04-06 06:20:00,159,72,77,10,50.9,8.99
2017-04-06 06:25:00,146,69,72,5,53.5,7.23
2017-04-06 06:30:00,146,60,84,2,54.1,7.09
2017-04-06 06:35:00,156,55,98,3,51.0,7.73
2017-04-06 06:40:00,178,85,89,4,53.4,8.44
2017-04-06 06:45:00,201,96,104,1,54.9,8.61
2017-04-06 06:50:00,198,90,103,5,54.0,8.26
2017-04-06 06:55:00,217,93,120,4,54.1,9.28
2017-04-06 07:00:00,231,112,115,4,55.1,9.57
2017-04-06 07:05:00,235,124,111,0,51.8,9.49
2017-04-06 07:10:00,240,118,122,0,52.3,10.08
2017-04-06 07:15:00,262,142,118,2,52.9,10.22
2017-04-06 07:20:00,275,143,128,4,52.0,11.29
2017-04-06 07:25:00,277,144,132,1,52.1,12.0
2017-04-06 07:30:00,295,162,133,0,50.6,16.76
2017-04-06 07:35:00,263,150,109,4,40.0,32.63
2017-04-06 07:40:00,293,156,132,5,34.5,35.96
2017-04-06 07:45:00,253,133,113,7,27.4,42.25
2017-04-06 07:50:00,260,138,118,4,31.8,46.99
2017-04-06 07:55:00,239,116,122,1,34.2,37.76
2017-04-06 08:00:00,238,130,107,1,26.4,59.01
2017-04-06 08:05:00,254,121,128,5,28.5,53.79
2017-04-06 08:10:00,252,138,109,5,27.3,52.98
2017-04-06 08:15:00,299,154,142,3,38.0,39.83
2017-04-06 08:20:00,276,150,122,4,38.7,29.78
2017-04-06 08:25:00,274,139,132,3,38.3,29.88
2017-04-06 08:30:00,254,141,112,1,40.8,23.49
2017-04-06 08:35:00,276,137,133,6,46.1,12.52
2017-04-06 08:40:00,256,126,128,2,49.6,10.26
2017-04-06 08:45:00,263,136,125,2,52.9,9.7
2017-04-06 08:50:00,229,128,101,0,56.9,7.53
2017-04-06 08:55:00,210,114,94,2,58.5,7.24
2017-04-06 09:00:00,229,126,102,1,55.2,8.51
2017-04-06 09:05:00,233,126,105,2,53.3,8.97
2017-04-06 09:10:00,221,124,96,1,54.4,7.92
2017-04-06 09:15:00,211,102,108,1,53.9,8.55
2017-04-06 09:20:00,198,98,100,0,56.4,7.19
2017-04-06 09:25:00,214,118,95,1,53.8,7.76
2017-04-06 09:30:00,220,109,110,1,56.2,8.05
2017-04-06 09:35:00,219,126,92,1,56.2,7.97
2017-04-06 09:40:00,218,115,102,1,55.6,7.75
2017-04-06 09:45:00,213,111,102,0,56.8,7.77
2017-04-06 09:50:00,200,111,89,0,55.1,7.35
2017-04-06 09:55:00,188,100,86,2,53.5,7.35
2017-04-06 10:00:00,182,105,76,1,56.0,6.56
2017-04-06 10:05:00,197,121,74,2,55.3,7.01
2017-04-06 10:10:00,194,102,89,3,57.1,7.07
2017-04-06 10:15:00,187,99,85,3,56.2,6.78
2017-04-06 10:20:00,170,91,79,0,59.6,5.75
2017-04-06 10:25:00,194,97,96,1,54.1,7.1
2017-04-06 10:30:00,182,100,80,2,55.4,6.56
2017-04-06 10:35:00,155,83,72,0,57.2,5.49
2017-04-06 10:40:00,200,108,90,2,55.4,7.29
2017-04-06 10:45:00,188,107,78,3,57.6,6.55
2017-04-06 10:50:00,181,93,88,0,57.3,6.67
2017-04-06 10:55:00,197,115,81,1,58.0,7.15
2017-04-06 11:00:00,203,105,95,3,56.9,7.58
2017-04-06 11:05:00,192,97,92,3,53.8,7.19
2017-04-06 11:10:00,182,89,91,2,55.1,6.6
2017-04-06 11:15:00,152,94,57,1,55.5,5.72
2017-04-06 11:20:00,183,97,86,0,54.7,6.78
2017-04-06 11:25:00,174,89,85,0,59.0,6.08
2017-04-06 11:30:00,194,110,83,1,56.5,6.67
2017-04-06 11:35:00,178,109,68,1,59.0,6.22
2017-04-06 11:40:00,144,81,62,1,59.6,5.5
2017-04-06 11:45:00,172,101,70,1,57.2,5.95
2017-04-06 11:50:00,165,78,86,1,57.5,5.73
2017-04-06 11:55:00,154,81,70,3,61.5,5.36
2017-04-06 12:00:00,137,67,69,1,60.3,4.56
2017-04-06 12:05:00,180,83,97,0,59.1,6.14
2017-04-06 12:10:00,162,94,68,0,58.2,5.43
2017-04-06 12:15:00,157,84,73,0,61.0,5.33
2017-04-06 12:20:00,172,81,90,1,56.5,6.29
2017-04-06 12:25:00,164,94,69,1,60.3,5.5
2017-04-06 12:30:00,179,105,73,1,58.4,6.27
2017-04-06 12:35:00,158,87,70,1,54.1,5.9
2017-04-06 12:40:00,183,97,86,0,57.9,6.48
2017-04-06 12:45:00,175,81,93,1,59.2,6.17
2017-04-06 12:50:00,201,104,91,6,56.6,7.29
2017-04-06 12:55:00,169,82,87,0,58.6,5.89
2017-04-06 13:00:00,191,102,87,2,58.4,6.5
2017-04-06 13:05:00,186,109,77,0,56.3,6.4
2017-04-06 13:10:00,167,97,70,0,55.8,5.82
2017-04-06 13:15:00,188,102,85,1,57.1,6.5
2017-04-06 13:20:00,165,78,86,1,58.5,5.91
2017-04-06 13:25:00,198,96,101,1,58.0,6.85
2017-04-06 13:30:00,205,111,94,0,59.2,6.91
2017-04-06 13:35:00,191,108,83,0,58.0,6.39
2017-04-06 13:40:00,190,112,78,0,56.2,6.6
2017-04-06 13:45:00,202,107,94,1,58.1,7.01
2017-04-06 13:50:00,184,93,89,2,56.2,6.32
2017-04-06 13:55:00,188,104,84,0,55.7,6.69
2017-04-06 14:00:00,188,88,99,1,58.6,6.52
2017-04-06 14:05:00,202,102,98,2,54.3,7.35
2017-04-06 14:10:00,194,89,103,2,57.9,6.81
2017-04-06 14:15:00,215,87,126,2,57.3,7.64
2017-04-06 14:20:00,251,118,132,1,55.0,9.26
2017-04-06 14:25:00,192,103,89,0,54.8,7.51
2017-04-06 14:30:00,174,84,87,3,55.3,6.41
2017-04-06 14:35:00,207,104,101,2,53.8,7.8
2017-04-06 14:40:00,206,109,96,1,53.3,7.85
2017-04-06 14:45:00,204,91,112,1,55.0,7.36
2017-04-06 14:50:00,187,92,94,1,58.1,6.74
2017-04-06 14:55:00,189,83,106,0,60.0,6.51
2017-04-06 15:00:00,190,92,97,1,56.7,6.88
2017-04-06 15:05:00,196,92,102,2,56.6,6.92
2017-04-06 15:10:00,155,92,63,0,58.8,5.23
2017-04-06 15:15:00,156,81,74,1,59.2,5.25
2017-04-06 15:20:00,163,80,83,0,54.8,5.77
2017-04-06 15:25:00,181,72,109,0,57.6,6.16
2017-04-06 15:30:00,194,95,98,1,56.7,6.89
2017-04-06 15:35:00,191,90,100,1,56.7,6.8
2017-04-06 15:40:00,192,89,102,1,57.9,7.17
2017-04-06 15:45:00,182,88,94,0,55.4,6.28
2017-04-06 15:50:00,156,61,94,1,56.7,5.47
2017-04-06 15:55:00,154,81,71,2,62.3,5.05
2017-04-06 16:00:00,183,87,93,3,58.4,6.53
2017-04-06 16:05:00,177,89,87,1,55.5,6.49
2017-04-06 16:10:00,185,92,93,0,55.7,6.59
2017-04-06 16:15:00,190,83,106,1,59.4,6.54
2017-04-06 16:20:00,189,77,111,1,57.9,6.58
2017-04-06 16:25:00,189,95,93,1,58.8,6.43
2017-04-06 16:30:00,185,89,95,1,56.3,6.49
2017-04-06 16:35:00,168,88,80,0,57.3,5.65
2017-04-06 16:40:00,156,66,89,1,57.8,5.37
2017-04-06 16:45:00,233,114,117,2,53.9,8.34
2017-04-06 16:50:00,187,94,93,0,56.9,6.48
2017-04-06 16:55:00,209,95,112,2,57.4,7.19
2017-04-06 17:00:00,216,111,102,3,57.2,7.34
2017-04-06 17:05:00,202,104,98,0,56.6,6.79
2017-04-06 17:10:00,197,103,94,0,56.7,6.94
2017-04-06 17:15:00,173,91,82,0,54.8,6.24
2017-04-06 17:20:00,172,87,84,1,55.9,6.01
2017-04-06 17:25:00,195,95,99,1,55.7,6.75
2017-04-06 17:30:00,198,96,101,1,58.4,7.11
2017-04-06 17:35:00,193,103,89,1,57.9,6.72
2017-04-06 17:40:00,187,105,82,0,56.2,6.43
2017-04-06 17:45:00,211,106,105,0,53.4,7.4
2017-04-06 17:50:00,182,89,93,0,57.4,6.26
2017-04-06 17:55:00,171,79,92,0,56.7,5.75
2017-04-06 18:00:00,167,76,91,0,57.9,5.64
2017-04-06 18:05:00,192,84,106,2,55.1,6.66
2017-04-06 18:10:00,211,116,93,2,55.1,7.04
2017-04-06 18:15:00,226,120,105,1,55.5,7.7
2017-04-06 18:20:00,211,115,96,0,57.2,6.99
2017-04-06 18:25:00,219,114,104,1,54.7,7.43
2017-04-06 18:30:00,200,97,102,1,57.5,6.73
2017-04-06 18:35:00,193,90,102,1,56.9,6.28
2017-04-06 18:40:00,175,82,91,2,57.6,5.82
2017-04-06 18:45:00,183,92,91,0,57.5,5.93
2017-04-06 18:50:00,189,94,92,3,57.8,6.33
2017-04-06 18:55:00,189,119,70,0,56.8,6.58
2017-04-06 19:00:00,168,95,72,1,55.2,6.57
2017-04-06 19:05:00,183,125,57,1,52.3,7.46
2017-04-06 19:10:00,178,144,34,0,58.3,6.61
2017-04-06 19:15:00,196,173,23,0,54.8,7.44
2017-04-06 19:20:00,160,137,22,1,51.9,6.58
2017-04-06 19:25:00,136,119,17,0,57.8,5.58
2017-04-06 19:30:00,157,124,33,0,55.8,5.86
2017-04-06 19:35:00,169,139,29,1,55.0,7.78
2017-04-06 19:40:00,137,117,20,0,53.6,5.69
2017-04-06 19:45:00,154,120,32,2,53.9,6.45
2017-04-06 19:50:00,140,111,28,1,55.5,5.55
2017-04-06 19:55:00,126,109,17,0,53.7,5.05
2017-04-06 20:00:00,109,84,25,0,58.1,4.42
2017-04-06 20:05:00,102,85,17,0,57.4,4.28
2017-04-06 20:10:00,136,111,25,0,56.4,5.82
2017-04-06 20:15:00,141,114,27,0,56.3,5.78
2017-04-06 20:20:00,143,110,32,1,53.5,5.75
2017-04-06 20:25:00,149,117,32,0,56.3,6.3
2017-04-06 20:30:00,152,129,23,0,56.1,6.08
2017-04-06 20:35:00,128,109,19,0,56.9,5.48
2017-04-06 20:40:00,108,89,19,0,58.9,4.37
2017-04-06 20:45:00,139,115,24,0,57.0,5.52
2017-04-06 20:50:00,144,121,23,0,54.2,6.01
2017-04-06 20:55:00,149,126,23,0,53.2,6.23
2017-04-06 21:00:00,139,114,24,1,56.8,5.19
2017-04-06 21:05:00,137,107,30,0,55.5,5.86
2017-04-06 21:10:00,135,110,25,0,56.9,5.84
2017-04-06 21:15:00,140,115,25,0,58.2,5.68
2017-04-06 21:20:00,140,117,23,0,54.3,7.07
2017-04-06 21:25:00,133,110,23,0,56.3,5.64
2017-04-06 21:30:00,156,126,30,0,55.3,6.13
2017-04-06 21:35:00,156,122,34,0,54.5,6.48
2017-04-06 21:40:00,94,76,18,0,54.4,4.78
2017-04-06 21:45:00,131,107,24,0,58.3,5.01
2017-04-06 21:50:00,151,130,21,0,54.7,5.97
2017-04-06 21:55:00,128,100,28,0,56.6,4.97
2017-04-06 22:00:00,124,106,18,0,56.6,4.64
2017-04-06 22:05:00,149,121,28,0,55.5,6.29
2017-04-06 22:10:00,160,127,32,1,55.5,6.45
2017-04-06 22:15:00,147,124,23,0,57.9,6.59
2017-04-06 22:20:00,120,98,20,2,55.9,5.03
2017-04-06 22:25:00,122,104,17,1,58.7,4.55
2017-04-06 22:30:00,117,93,24,0,60.2,4.6
2017-04-06 22:35:00,112,85,27,0,62.8,4.5
2017-04-06 22:40:00,108,84,24,0,58.9,4.49
2017-04-06 22:45:00,101,78,23,0,67.3,4.04
2017-04-06 22:50:00,105,84,21,0,60.7,4.41
2017-04-06 22:55:00,95,75,20,0,64.6,3.77
2017-04-06 23:00:00,78,62,16,0,64.3,3.18
2017-04-06 23:05:00,97,75,22,0,58.0,3.84
2017-04-06 23:10:00,114,85,29,0,59.0,4.58
2017-04-06 23:15:00,103,83,20,0,61.9,3.82
2017-04-06 23:20:00,91,68,22,1,58.6,3.37
2017-04-06 23:25:00,75,53,22,0,67.7,3.03
2017-04-06 23:30:00,78,63,15,0,61.9,3.18
2017-04-06 23:35:00,78,61,17,0,64.0,3.0
2017-04-06 23:40:00,59,40,19,0,69.4,2.3
2017-04-06 23:45:00,67,51,16,0,67.5,2.93
2017-04-06 23:50:00,69,47,22,0,66.3,2.74
2017-04-06 23:55:00,67,49,18,0,65.4,2.34
2017-04-07 00:00:00,59,40,19,0,68.2,2.16
2017-04-07 00:05:00,66,50,16,0,66.9,2.42
2017-04-07 00:10:00,63,45,17,1,66.3,2.42
2017-04-07 00:15:00,56,40,15,1,65.6,2.22
2017-04-07 00:20:00,64,48,16,0,60.2,2.62
2017-04-07 00:25:00,42,37,5,0,61.6,1.54
2017-04-07 00:30:00,42,33,9,0,66.0,1.63
2017-04-07 00:35:00,42,37,5,0,68.0,1.71
2017-04-07 00:40:00,41,30,11,0,67.4,1.56
2017-04-07 00:45:00,53,37,15,1,61.3,2.03
2017-04-07 00:50:00,38,33,5,0,69.3,1.3
2017-04-07 00:55:00,38,27,11,0,67.7,1.46
2017-04-07 01:00:00,35,28,7,0,65.2,1.34
2017-04-07 01:05:00,29,22,7,0,63.9,1.0
2017-04-07 01:10:00,33,22,11,0,65.0,1.22
2017-04-07 01:15:00,23,19,4,0,69.1,0.88
2017-04-07 01:20:00,29,23,6,0,64.7,1.01
2017-04-07 01:25:00,28,20,8,0,65.8,1.1
2017-04-07 01:30:00,28,21,7,0,65.3,1.08
2017-04-07 01:35:00,30,26,4,0,63.0,1.11
2017-04-07 01:40:00,28,20,8,0,58.8,1.24
2017-04-07 01:45:00,26,14,12,0,71.3,0.97
2017-04-07 01:50:00,24,21,3,0,72.1,1.07
2017-04-07 01:55:00,29,25,4,0,64.5,1.04
2017-04-07 02:00:00,30,24,6,0,67.8,1.18
2017-04-07 02:05:00,25,18,7,0,66.2,1.03
2017-04-07 02:10:00,24,18,6,0,71.1,0.94
2017-04-07 02:15:00,16,14,2,0,70.0,0.57
2017-04-07 02:20:00,34,21,13,0,67.6,1.53
2017-04-07 02:25:00,19,13,6,0,70.7,0.74
2017-04-07 02:30:00,15,12,3,0,60.3,0.53
2017-04-07 02:35:00,20,10,10,0,67.0,0.75
2017-04-07 02:40:00,23,12,11,0,69.9,0.98
2017-04-07 02:45:00,19,12,7,0,64.2,0.67
2017-04-07 02:50:00,29,21,8,0,68.1,1.04
2017-04-07 02:55:00,20,16,4,0,55.5,0.81
2017-04-07 03:00:00,23,18,4,1,63.5,0.99
2017-04-07 03:05:00,24,15,9,0,62.7,1.01
2017-04-07 03:10:00,27,17,10,0,60.7,1.32
2017-04-07 03:15:00,26,17,9,0,60.6,1.08
2017-04-07 03:20:00,15,12,2,1,67.9,0.61
2017-04-07 03:25:00,25,20,5,0,60.7,1.59
2017-04-07 03:30:00,17,9,7,1,68.4,0.63
2017-04-07 03:35:00,21,10,11,0,56.3,1.11
2017-04-07 03:40:00,22,18,4,0,62.8,0.9
2017-04-07 03:45:00,26,22,4,0,62.3,1.03
2017-04-07 03:50:00,42,29,13,0,69.7,1.75
2017-04-07 03:55:00,34,25,9,0,76.7,1.3
2017-04-07 04:00:00,28,18,10,0,64.4,1.2
2017-04-07 04:05:00,28,22,6,0,58.4,1.18
2017-04-07 04:10:00,37,27,10,0,69.8,1.3
2017-04-07 04:15:00,36,29,7,0,70.2,1.39
2017-04-07 04:20:00,50,37,13,0,62.7,2.08
2017-04-07 04:25:00,51,36,15,0,68.5,2.04
2017-04-07 04:30:00,36,27,9,0,67.1,1.31
2017-04-07 04:35:00,43,29,14,0,65.2,2.05
2017-04-07 04:40:00,38,31,7,0,66.5,1.55
2017-04-07 04:45:00,52,43,8,1,61.2,2.48
2017-04-07 04:50:00,48,32,16,0,60.6,2.42
2017-04-07 04:55:00,50,27,23,0,67.6,2.01
2017-04-07 05:00:00,58,42,16,0,62.3,2.27
2017-04-07 05:05:00,54,37,17,0,59.4,2.39
2017-04-07 05:10:00,58,43,15,0,68.1,2.2
2017-04-07 05:15:00,63,45,17,1,59.4,2.61
2017-04-07 05:20:00,84,64,20,0,60.4,3.58
2017-04-07 05:25:00,62,47,14,1,63.1,2.77
2017-04-07 05:30:00,86,65,21,0,62.4,3.28
2017-04-07 05:35:00,124,103,21,0,60.6,4.8
2017-04-07 05:40:00,146,117,28,1,57.7,5.92
2017-04-07 05:45:00,127,104,22,1,60.5,5.0
2017-04-07 05:50:00,109,77,32,0,63.1,4.4
2017-04-07 05:55:00,129,90,39,0,58.7,5.24
2017-04-07 06:00:00,135,71,64,0,54.6,6.03
2017-04-07 06:05:00,149,73,73,3,58.7,7.0
2017-04-07 06:10:00,182,94,86,2,56.6,6.98
2017-04-07 06:15:00,209,106,103,0,63.8,7.04
2017-04-07 06:20:00,170,85,85,0,58.4,5.99
2017-04-07 06:25:00,178,70,107,1,60.6,6.14
2017-04-07 06:30:00,172,71,98,3,62.9,5.78
2017-04-07 06:35:00,148,61,85,2,58.4,5.39
2017-04-07 06:40:00,183,79,103,1,60.1,6.53
2017-04-07 06:45:00,202,96,105,1,59.6,6.71
2017-04-07 06:50:00,221,103,117,1,56.4,8.09
2017-04-07 06:55:00,226,106,118,2,57.7,7.94
2017-04-07 07:00:00,218,103,113,2,57.9,7.7
2017-04-07 07:05:00,259,115,142,2,55.7,9.15
2017-04-07 07:10:00,265,126,136,3,54.3,9.5
2017-04-07 07:15:00,256,122,131,3,57.5,8.84
2017-04-07 07:20:00,287,144,140,3,54.0,10.53
2017-04-07 07:25:00,295,149,143,3,55.5,10.42
2017-04-07 07:30:00,285,146,137,2,48.6,17.71
2017-04-07 07:35:00,291,149,140,2,42.6,25.53
2017-04-07 07:40:00,322,163,158,1,49.3,17.05
2017-04-07 07:45:00,249,127,118,4,37.9,30.44
2017-04-07 07:50:00,294,159,129,6,34.9,39.82
2017-04-07 07:55:00,248,147,99,2,39.8,29.84
2017-04-07 08:00:00,267,128,134,5,38.1,30.78
2017-04-07 08:05:00,304,164,133,7,42.5,25.02
2017-04-07 08:10:00,258,123,135,0,50.0,11.02
2017-04-07 08:15:00,270,146,122,2,45.9,24.36
2017-04-07 08:20:00,288,139,148,1,52.6,11.38
2017-04-07 08:25:00,261,137,123,1,48.9,21.54
2017-04-07 08:30:00,278,156,120,2,47.7,15.83
2017-04-07 08:35:00,268,146,121,1,52.0,10.38
2017-04-07 08:40:00,269,128,141,0,55.3,9.46
2017-04-07 08:45:00,226,107,119,0,58.0,7.7
2017-04-07 08:50:00,243,125,117,1,58.4,7.98
2017-04-07 08:55:00,259,121,138,0,58.7,8.88
2017-04-07 09:00:00,232,114,117,1,58.2,7.92
2017-04-07 09:05:00,212,106,104,2,58.0,7.36
2017-04-07 09:10:00,201,107,91,3,57.9,7.18
2017-04-07 09:15:00,215,101,114,0,57.6,7.53
2017-04-07 09:20:00,196,96,99,1,57.9,6.81
2017-04-07 09:25:00,225,112,108,5,57.0,8.22
2017-04-07 09:30:00,225,110,114,1,58.4,7.76
2017-04-07 09:35:00,233,121,112,0,57.0,7.89
2017-04-07 09:40:00,220,107,111,2,56.0,8.29
2017-04-07 09:45:00,210,99,107,4,50.2,11.33
2017-04-07 09:50:00,223,97,124,2,46.3,10.7
2017-04-07 09:55:00,185,79,106,0,55.4,6.93
2017-04-07 10:00:00,196,98,96,2,54.1,7.28
2017-04-07 10:05:00,197,89,107,1,57.7,6.85
2017-04-07 10:10:00,208,95,113,0,57.2,7.57
2017-04-07 10:15:00,218,95,121,2,56.6,8.06
2017-04-07 10:20:00,214,99,115,0,57.6,8.07
2017-04-07 10:25:00,188,79,107,2,55.6,7.0
2017-04-07 10:30:00,187,83,102,2,55.3,7.29
2017-04-07 10:35:00,191,80,109,2,56.7,6.69
2017-04-07 10:40:00,187,78,105,4,58.9,6.46
2017-04-07 10:45:00,182,76,103,3,65.1,5.93
2017-04-07 10:50:00,179,69,108,2,60.8,6.61
2017-04-07 10:55:00,172,71,100,1,60.3,5.72
2017-04-07 11:00:00,193,85,107,1,56.7,6.66
2017-04-07 11:05:00,189,76,113,0,58.6,6.6
2017-04-07 11:10:00,202,93,107,2,57.5,6.93
2017-04-07 11:15:00,159,76,82,1,60.8,5.37
2017-04-07 11:20:00,171,74,95,2,55.9,6.17
2017-04-07 11:25:00,180,68,110,2,58.8,6.35
2017-04-07 11:30:00,204,95,109,0,59.4,6.85
2017-04-07 11:35:00,182,84,97,1,58.6,6.28
2017-04-07 11:40:00,177,64,113,0,60.2,6.03
2017-04-07 11:45:00,170,77,92,1,55.6,6.1
2017-04-07 11:50:00,151,58,93,0,59.9,5.15
2017-04-07 11:55:00,145,60,83,2,60.0,5.08
2017-04-07 12:00:00,172,63,109,0,57.8,6.05
2017-04-07 12:05:00,171,77,93,1,61.0,5.54
2017-04-07 12:10:00,150,70,79,1,61.4,4.92
2017-04-07 12:15:00,189,95,94,0,59.5,6.57
2017-04-07 12:20:00,189,92,94,3,55.4,6.95
2017-04-07 12:25:00,167,74,93,0,54.9,6.17
2017-04-07 12:30:00,155,73,81,1,60.0,5.41
2017-04-07 12:35:00,161,69,91,1,60.0,5.43
2017-04-07 12:40:00,162,65,97,0,58.7,5.71
2017-04-07 12:45:00,163,77,85,1,59.3,5.65
2017-04-07 12:50:00,185,87,98,0,57.3,6.53
2017-04-07 12:55:00,175,92,82,1,59.3,5.92
2017-04-07 13:00:00,168,72,96,0,60.1,5.55
2017-04-07 13:05:00,186,88,96,2,59.0,6.12
2017-04-07 13:10:00,141,54,86,1,62.6,4.61
2017-04-07 13:15:00,154,59,93,2,58.7,5.49
2017-04-07 13:20:00,192,74,116,2,55.9,6.96
2017-04-07 13:25:00,190,76,114,0,55.2,6.87
2017-04-07 13:30:00,181,77,99,5,58.2,6.38
2017-04-07 13:35:00,208,103,105,0,56.5,7.28
2017-04-07 13:40:00,190,77,113,0,55.7,6.88
2017-04-07 13:45:00,192,83,108,1,55.9,6.79
2017-04-07 13:50:00,197,77,119,1,54.6,7.38
2017-04-07 13:55:00,172,57,114,1,59.2,5.85
2017-04-07 14:00:00,172,83,88,1,58.8,5.56
2017-04-07 14:05:00,152,56,95,1,51.5,11.91
2017-04-07 14:10:00,199,73,123,3,54.5,7.21
2017-04-07 14:15:00,177,69,106,2,58.4,6.27
2017-04-07 14:20:00,200,75,125,0,56.4,7.3
2017-04-07 14:25:00,186,82,103,1,61.3,6.65
2017-04-07 14:30:00,173,67,106,0,58.0,6.11
2017-04-07 14:35:00,202,70,132,0,53.5,7.66
2017-04-07 14:40:00,186,80,105,1,56.7,6.48
2017-04-07 14:45:00,212,92,120,0,57.2,7.16
2017-04-07 14:50:00,186,76,108,2,56.4,6.78
2017-04-07 14:55:00,204,76,124,4,54.8,7.62
2017-04-07 15:00:00,191,71,119,1,57.5,6.49
2017-04-07 15:05:00,169,59,109,1,56.1,6.03
2017-04-07 15:10:00,168,67,100,1,58.3,5.94
2017-04-07 15:15:00,166,70,96,0,56.1,5.84
2017-04-07 15:20:00,181,80,101,0,59.4,6.44
2017-04-07 15:25:00,212,94,117,1,58.4,7.17
2017-04-07 15:30:00,52,28,23,1,54.0,14.72
2017-04-07 15:35:00,208,89,118,1,54.6,13.7
2017-04-07 15:40:00,188,78,109,1,52.3,11.0
2017-04-07 15:45:00,198,75,119,4,54.0,7.37
2017-04-07 15:50:00,203,84,117,2,53.7,8.48
2017-04-07 15:55:00,212,86,124,2,53.8,7.55
2017-04-07 16:00:00,183,80,100,3,52.9,6.51
2017-04-07 16:05:00,198,87,110,1,53.3,7.6
2017-04-07 16:10:00,200,84,115,1,58.2,6.67
2017-04-07 16:15:00,207,95,108,4,53.8,10.57
2017-04-07 16:20:00,215,107,108,0,56.5,7.26
2017-04-07 16:25:00,203,83,118,2,52.4,7.9
2017-04-07 16:30:00,197,85,109,3,57.4,13.33
2017-04-07 16:35:00,201,87,111,3,54.2,7.01
2017-04-07 16:40:00,204,82,121,1,54.1,12.53
2017-04-07 16:45:00,184,81,103,0,55.3,9.0
2017-04-07 16:50:00,207,84,123,0,53.7,16.19
2017-04-07 16:55:00,200,85,113,2,55.9,10.5
2017-04-07 17:00:00,219,90,128,1,57.1,16.99
2017-04-07 17:05:00,206,94,111,1,55.8,7.13
2017-04-07 17:10:00,220,113,107,0,54.8,7.37
2017-04-07 17:15:00,212,84,127,1,54.8,7.52
2017-04-07 17:20:00,187,84,103,0,55.7,6.36
2017-04-07 17:25:00,224,99,124,1,54.7,7.93
2017-04-07 17:30:00,208,97,111,0,54.6,7.21
2017-04-07 17:35:00,226,86,139,1,55.6,7.55
2017-04-07 17:40:00,234,104,127,3,55.3,8.28
2017-04-07 17:45:00,227,102,123,2,56.0,7.96
2017-04-07 17:50:00,192,95,96,1,58.6,6.36
2017-04-07 17:55:00,190,81,109,0,57.1,6.31
2017-04-07 18:00:00,205,90,114,1,57.0,6.81
2017-04-07 18:05:00,220,88,132,0,58.2,7.32
2017-04-07 18:10:00,204,96,108,0,58.7,6.7
2017-04-07 18:15:00,235,96,138,1,56.6,8.02
2017-04-07 18:20:00,248,119,128,1,54.6,8.35
2017-04-07 18:25:00,218,89,127,2,55.3,9.74
2017-04-07 18:30:00,218,76,141,1,56.0,7.45
2017-04-07 18:35:00,204,86,118,0,56.9,6.91
2017-04-07 18:40:00,192,89,103,0,57.8,6.17
2017-04-07 18:45:00,202,95,107,0,53.0,8.78
2017-04-07 18:50:00,212,85,127,0,56.3,7.02
2017-04-07 18:55:00,230,116,113,1,54.0,8.24
2017-04-07 19:00:00,212,110,102,0,53.4,8.62
2017-04-07 19:05:00,216,119,96,1,54.3,8.07
2017-04-07 19:10:00,224,182,42,0,52.9,9.06
2017-04-07 19:15:00,179,141,37,1,55.2,7.17
2017-04-07 19:20:00,183,155,27,1,55.5,7.73
2017-04-07 19:25:00,188,144,43,1,52.6,8.23
2017-04-07 19:30:00,170,121,48,1,53.6,7.8
2017-04-07 19:35:00,193,144,49,0,54.5,9.84
2017-04-07 19:40:00,170,128,41,1,57.2,6.67
2017-04-07 19:45:00,171,126,45,0,52.8,7.75
2017-04-07 19:50:00,171,124,46,1,54.2,7.41
2017-04-07 19:55:00,131,96,35,0,51.4,5.67
2017-04-07 20:00:00,144,101,43,0,56.2,6.15
2017-04-07 20:05:00,128,94,34,0,56.0,10.39
2017-04-07 20:10:00,132,100,32,0,58.6,5.18
2017-04-07 20:15:00,145,110,34,1,58.0,9.15
2017-04-07 20:20:00,138,97,41,0,56.7,6.32
2017-04-07 20:25:00,161,125,36,0,55.2,6.72
2017-04-07 20:30:00,151,106,44,1,54.6,6.09
2017-04-07 20:35:00,131,100,31,0,58.5,5.24
2017-04-07 20:40:00,120,88,32,0,60.3,4.87
2017-04-07 20:45:00,159,108,50,1,56.5,6.74
2017-04-07 20:50:00,131,99,31,1,63.3,5.03
2017-04-07 20:55:00,165,124,41,0,57.2,7.02
2017-04-07 21:00:00,162,122,39,1,56.9,6.61
2017-04-07 21:05:00,144,105,38,1,58.0,6.11
2017-04-07 21:10:00,153,114,38,1,56.4,6.55
2017-04-07 21:15:00,163,115,48,0,56.4,7.0
2017-04-07 21:20:00,130,93,37,0,57.5,5.15
2017-04-07 21:25:00,158,115,43,0,56.5,6.65
2017-04-07 21:30:00,149,117,32,0,56.8,6.17
2017-04-07 21:35:00,160,113,47,0,56.3,6.7
2017-04-07 21:40:00,165,117,48,0,56.3,7.1
2017-04-07 21:45:00,137,102,35,0,56.4,5.5
2017-04-07 21:50:00,167,123,44,0,55.8,6.63
2017-04-07 21:55:00,143,105,37,1,55.9,5.37
2017-04-07 22:00:00,158,117,40,1,54.7,6.71
2017-04-07 22:05:00,168,126,42,0,52.3,7.3
2017-04-07 22:10:00,119,82,37,0,63.5,4.86
2017-04-07 22:15:00,143,96,46,1,56.8,5.88
2017-04-07 22:20:00,138,101,37,0,59.4,5.83
2017-04-07 22:25:00,159,129,30,0,56.3,6.54
2017-04-07 22:30:00,144,115,29,0,56.8,6.07
2017-04-07 22:35:00,141,100,41,0,59.2,5.7
2017-04-07 22:40:00,133,100,32,1,56.6,6.15
2017-04-07 22:45:00,124,85,39,0,58.3,5.12
2017-04-07 22:50:00,107,78,26,3,56.1,4.78
2017-04-07 22:55:00,118,83,34,1,59.6,4.69
2017-04-07 23:00:00,131,79,52,0,58.0,5.64
2017-04-07 23:05:00,113,82,31,0,57.3,5.03
2017-04-07 23:10:00,100,63,37,0,59.4,4.63
2017-04-07 23:15:00,113,80,33,0,62.9,4.87
2017-04-07 23:20:00,114,85,29,0,58.8,4.64
2017-04-07 23:25:00,96,59,37,0,63.3,4.03
2017-04-07 23:30:00,86,63,23,0,60.9,3.65
2017-04-07 23:35:00,89,57,32,0,63.2,3.53
2017-04-07 23:40:00,102,69,33,0,60.6,4.4
2017-04-07 23:45:00,78,50,28,0,61.3,3.24
2017-04-07 23:50:00,82,60,21,1,61.8,3.39
2017-04-07 23:55:00,54,30,24,0,68.1,2.11
2017-04-08 00:00:00,76,46,30,0,64.2,2.7
2017-04-08 00:05:00,59,42,17,0,61.9,2.29
2017-04-08 00:10:00,80,62,18,0,60.8,3.05
2017-04-08 00:15:00,79,55,24,0,61.6,3.07
2017-04-08 00:20:00,80,47,33,0,61.5,3.25
2017-04-08 00:25:00,72,43,29,0,65.3,2.67
2017-04-08 00:30:00,51,30,21,0,66.7,1.97
2017-04-08 00:35:00,58,36,22,0,61.4,2.07
2017-04-08 00:40:00,60,38,22,0,64.7,2.33
2017-04-08 00:45:00,51,36,15,0,64.0,2.03
2017-04-08 00:50:00,50,31,19,0,64.9,2.0
2017-04-08 00:55:00,58,29,28,1,64.6,2.1
2017-04-08 01:00:00,43,32,11,0,63.8,1.65
2017-04-08 01:05:00,36,22,14,0,62.0,1.87
2017-04-08 01:10:00,40,31,9,0,59.7,1.61
2017-04-08 01:15:00,38,24,14,0,65.8,1.5
2017-04-08 01:20:00,43,35,8,0,63.4,1.67
2017-04-08 01:25:00,45,34,11,0,59.2,1.74
2017-04-08 01:30:00,62,42,20,0,73.2,2.71
2017-04-08 01:35:00,32,20,12,0,67.2,1.23
2017-04-08 01:40:00,39,24,15,0,65.7,1.57
2017-04-08 01:45:00,37,24,13,0,72.4,1.3
2017-04-08 01:50:00,37,26,11,0,66.1,1.43
2017-04-08 01:55:00,38,22,16,0,59.2,1.54
2017-04-08 02:00:00,38,24,14,0,73.9,1.42
2017-04-08 02:05:00,31,20,11,0,62.9,1.2
2017-04-08 02:10:00,28,19,9,0,61.0,1.06
2017-04-08 02:15:00,24,16,8,0,62.0,0.94
2017-04-08 02:20:00,30,16,14,0,68.2,1.11
2017-04-08 02:25:00,17,8,9,0,69.3,0.64
2017-04-08 02:30:00,20,8,12,0,74.0,0.77
2017-04-08 02:35:00,25,15,10,0,59.9,1.12
2017-04-08 02:40:00,38,25,13,0,71.0,1.44
2017-04-08 02:45:00,26,14,12,0,65.3,1.11
2017-04-08 02:50:00,23,14,9,0,60.8,1.47
2017-04-08 02:55:00,36,23,13,0,60.3,1.54
2017-04-08 03:00:00,23,14,9,0,73.3,0.9
2017-04-08 03:05:00,28,20,8,0,63.6,1.02
2017-04-08 03:10:00,28,14,14,0,69.2,1.12
2017-04-08 03:15:00,46,31,14,1,67.0,1.74
2017-04-08 03:20:00,36,27,9,0,65.0,1.22
2017-04-08 03:25:00,30,21,8,1,73.2,1.14
2017-04-08 03:30:00,25,12,13,0,63.2,9.6
2017-04-08 03:35:00,18,11,7,0,74.2,0.63
2017-04-08 03:40:00,35,29,6,0,61.9,1.31
2017-04-08 03:45:00,33,22,10,1,64.2,1.25
2017-04-08 03:50:00,44,31,13,0,62.1,1.76
2017-04-08 03:55:00,57,40,17,0,63.3,2.16
2017-04-08 04:00:00,37,23,13,1,64.8,1.56
2017-04-08 04:05:00,38,26,12,0,55.8,1.55
2017-04-08 04:10:00,41,30,11,0,57.5,1.64
2017-04-08 04:15:00,30,19,11,0,63.5,1.09
2017-04-08 04:20:00,42,31,11,0,63.5,1.73
2017-04-08 04:25:00,46,30,16,0,59.9,1.95
2017-04-08 04:30:00,40,28,12,0,73.3,1.51
2017-04-08 04:35:00,37,24,13,0,63.5,1.37
2017-04-08 04:40:00,46,29,17,0,65.2,1.83
2017-04-08 04:45:00,31,23,8,0,63.5,1.26
2017-04-08 04:50:00,38,28,10,0,62.0,1.63
2017-04-08 04:55:00,31,22,9,0,67.0,1.1
2017-04-08 05:00:00,52,31,21,0,61.9,2.09
2017-04-08 05:05:00,63,48,13,2,61.6,2.59
2017-04-08 05:10:00,61,38,21,2,61.2,2.4
2017-04-08 05:15:00,56,47,9,0,60.6,2.36
2017-04-08 05:20:00,66,54,12,0,60.3,2.62
2017-04-08 05:25:00,67,49,18,0,60.9,2.83
2017-04-08 05:30:00,79,63,16,0,63.0,3.14
2017-04-08 05:35:00,101,78,23,0,58.5,4.86
2017-04-08 05:40:00,104,77,25,2,59.5,4.43
2017-04-08 05:45:00,108,87,21,0,64.0,4.24
2017-04-08 05:50:00,94,76,18,0,60.3,3.78
2017-04-08 05:55:00,110,75,35,0,59.0,4.77
2017-04-08 06:00:00,102,50,51,1,57.5,4.38
2017-04-08 06:05:00,123,59,63,1,60.1,4.78
2017-04-08 06:10:00,166,75,90,1,60.1,5.83
2017-04-08 06:15:00,154,65,88,1,61.3,5.77
2017-04-08 06:20:00,161,74,86,1,57.7,5.78
2017-04-08 06:25:00,154,58,95,1,60.1,5.38
2017-04-08 06:30:00,142,60,78,4,60.0,4.79
2017-04-08 06:35:00,133,57,75,1,57.2,5.02
2017-04-08 06:40:00,129,62,66,1,61.3,4.39
2017-04-08 06:45:00,185,98,86,1,58.7,6.41
2017-04-08 06:50:00,175,63,112,0,63.2,5.97
2017-04-08 06:55:00,163,90,73,0,57.9,5.78
2017-04-08 07:00:00,160,71,86,3,61.7,5.2
2017-04-08 07:05:00,155,70,83,2,59.6,5.3
2017-04-08 07:10:00,166,84,82,0,61.6,5.54
2017-04-08 07:15:00,166,83,81,2,60.8,5.64
2017-04-08 07:20:00,185,82,96,7,59.4,6.33
2017-04-08 07:25:00,163,85,75,3,60.2,5.57
2017-04-08 07:30:00,179,82,97,0,61.0,6.17
2017-04-08 07:35:00,189,91,96,2,58.3,6.53
2017-04-08 07:40:00,189,95,93,1,61.1,5.88
2017-04-08 07:45:00,201,112,89,0,58.2,6.68
2017-04-08 07:50:00,180,90,88,2,60.2,5.98
2017-04-08 07:55:00,154,80,73,1,58.6,5.22
2017-04-08 08:00:00,164,80,83,1,61.8,5.31
2017-04-08 08:05:00,166,95,71,0,58.4,5.69
2017-04-08 08:10:00,193,101,91,1,58.1,7.22
2017-04-08 08:15:00,194,91,99,4,56.3,7.02
2017-04-08 08:20:00,218,110,105,3,59.0,7.07
2017-04-08 08:25:00,222,104,115,3,55.8,7.96
2017-04-08 08:30:00,212,114,95,3,54.4,7.64
2017-04-08 08:35:00,183,96,81,6,59.7,5.97
2017-04-08 08:40:00,213,108,104,1,55.5,7.21
2017-04-08 08:45:00,228,105,121,2,56.8,7.9
2017-04-08 08:50:00,191,102,89,0,59.1,5.85
2017-04-08 08:55:00,218,109,108,1,59.7,7.28
2017-04-08 09:00:00,198,109,89,0,58.4,6.71
2017-04-08 09:05:00,209,100,108,1,53.4,7.88
2017-04-08 09:10:00,199,103,95,1,57.1,6.86
2017-04-08 09:15:00,222,118,103,1,54.7,8.21
2017-04-08 09:20:00,178,99,78,1,57.2,6.3
2017-04-08 09:25:00,206,109,95,2,55.1,7.58
2017-04-08 09:30:00,249,131,115,3,54.2,9.74
2017-04-08 09:35:00,246,146,98,2,57.9,8.27
2017-04-08 09:40:00,248,137,106,5,56.6,9.08
2017-04-08 09:45:00,212,113,99,0,54.9,8.04
2017-04-08 09:50:00,184,85,96,3,60.1,6.81
2017-04-08 09:55:00,206,105,100,1,57.1,9.33
2017-04-08 10:00:00,190,83,105,2,58.1,8.28
2017-04-08 10:05:00,188,87,100,1,57.7,8.89
2017-04-08 10:10:00,231,124,107,0,54.4,9.47
2017-04-08 10:15:00,230,114,114,2,53.0,8.83
2017-04-08 10:20:00,209,92,112,5,47.8,14.03
2017-04-08 10:25:00,197,96,98,3,57.5,10.5
2017-04-08 10:30:00,199,108,91,0,51.9,7.83
2017-04-08 10:35:00,229,122,106,1,52.2,9.58
2017-04-08 10:40:00,220,110,110,0,55.0,8.37
2017-04-08 10:45:00,262,121,139,2,50.6,11.18
2017-04-08 10:50:00,248,113,135,0,56.0,9.74
2017-04-08 10:55:00,217,94,114,9,55.2,14.14
2017-04-08 11:00:00,207,95,109,3,54.4,12.65
2017-04-08 11:05:00,202,87,113,2,54.5,10.79
2017-04-08 11:10:00,212,104,107,1,57.6,10.26
2017-04-08 11:15:00,226,112,113,1,54.2,9.82
2017-04-08 11:20:00,227,117,108,2,54.6,10.14
2017-04-08 11:25:00,219,102,115,2,55.6,11.26
2017-04-08 11:30:00,232,110,122,0,54.9,9.2
2017-04-08 11:35:00,246,105,139,2,54.3,9.91
2017-04-08 11:40:00,228,88,138,2,55.1,8.68
2017-04-08 11:45:00,223,95,127,1,55.2,7.96
2017-04-08 11:50:00,223,88,133,2,54.3,8.2
2017-04-08 11:55:00,182,87,94,1,58.6,6.46
2017-04-08 12:00:00,183,64,116,3,54.5,6.73
2017-04-08 12:05:00,191,79,112,0,55.8,7.01
2017-04-08 12:10:00,241,104,137,0,53.1,10.37
2017-04-08 12:15:00,237,109,127,1,53.5,10.86
2017-04-08 12:20:00,206,84,120,2,57.1,7.84
2017-04-08 12:25:00,207,91,114,2,56.3,7.87
2017-04-08 12:30:00,211,98,112,1,55.7,7.94
2017-04-08 12:35:00,211,98,113,0,57.1,7.65
2017-04-08 12:40:00,185,73,112,0,58.1,7.05
2017-04-08 12:45:00,215,96,117,2,55.3,8.8
2017-04-08 12:50:00,231,109,122,0,56.1,8.88
2017-04-08 12:55:00,229,114,115,0,55.4,8.62
2017-04-08 13:00:00,207,107,100,0,56.6,7.37
2017-04-08 13:05:00,240,119,121,0,56.1,8.74
2017-04-08 13:10:00,216,97,119,0,56.1,8.18
2017-04-08 13:15:00,196,85,109,2,56.3,7.13
2017-04-08 13:20:00,189,73,114,2,60.9,6.8
2017-04-08 13:25:00,231,102,128,1,56.3,8.75
2017-04-08 13:30:00,223,84,139,0,57.1,8.12
2017-04-08 13:35:00,232,117,113,2,54.1,8.73
2017-04-08 13:40:00,220,92,127,1,56.4,8.44
2017-04-08 13:45:00,216,102,114,0,55.6,8.14
2017-04-08 13:50:00,239,107,131,1,51.9,9.39
2017-04-08 13:55:00,210,94,116,0,54.9,7.63
2017-04-08 14:00:00,216,95,119,2,54.1,8.1
2017-04-08 14:05:00,218,97,121,0,53.4,8.2
2017-04-08 14:10:00,250,115,134,1,51.8,10.57
2017-04-08 14:15:00,203,82,120,1,55.7,7.35
2017-04-08 14:20:00,232,101,129,2,55.3,8.5
2017-04-08 14:25:00,207,89,117,1,55.6,7.59
2017-04-08 14:30:00,208,97,111,0,53.8,7.71
2017-04-08 14:35:00,188,63,125,0,54.2,7.0
2017-04-08 14:40:00,209,87,120,2,52.4,8.43
2017-04-08 14:45:00,215,98,117,0,56.7,7.71
2017-04-08 14:50:00,222,92,129,1,54.9,8.09
2017-04-08 14:55:00,227,99,126,2,56.6,8.14
2017-04-08 15:00:00,230,105,124,1,52.6,8.75
2017-04-08 15:05:00,225,97,127,1,55.9,7.87
2017-04-08 15:10:00,231,119,112,0,53.9,8.17
2017-04-08 15:15:00,221,101,116,4,54.6,14.12
2017-04-08 15:20:00,201,95,106,0,54.1,7.33
2017-04-08 15:25:00,228,111,112,5,54.0,8.21
2017-04-08 15:30:00,216,91,123,2,53.9,7.6
2017-04-08 15:35:00,237,107,129,1,52.4,8.41
2017-04-08 15:40:00,223,91,129,3,56.9,7.93
2017-04-08 15:45:00,203,88,114,1,53.3,7.62
2017-04-08 15:50:00,194,89,104,1,53.2,6.83
2017-04-08 15:55:00,201,96,103,2,52.9,7.57
2017-04-08 16:00:00,190,87,102,1,55.3,8.03
2017-04-08 16:05:00,223,100,122,1,52.1,7.83
2017-04-08 16:10:00,220,92,125,3,51.6,9.03
2017-04-08 16:15:00,224,98,123,3,54.5,13.88
2017-04-08 16:20:00,222,109,111,2,56.2,7.66
2017-04-08 16:25:00,216,85,128,3,52.3,7.98
2017-04-08 16:30:00,192,90,101,1,53.1,6.75
2017-04-08 16:35:00,202,94,106,2,51.8,8.55
2017-04-08 16:40:00,204,86,116,2,51.1,7.5
2017-04-08 16:45:00,220,83,137,0,51.7,8.03
2017-04-08 16:50:00,233,88,142,3,53.3,8.8
2017-04-08 16:55:00,237,102,133,2,51.1,8.86
2017-04-08 17:00:00,234,93,139,2,53.9,8.78
2017-04-08 17:05:00,218,101,116,1,53.7,7.89
2017-04-08 17:10:00,218,102,116,0,53.4,7.39
2017-04-08 17:15:00,208,91,116,1,52.1,7.43
2017-04-08 17:20:00,170,82,88,0,55.7,5.64
2017-04-08 17:25:00,185,83,101,1,54.3,6.48
2017-04-08 17:30:00,195,96,98,1,54.2,6.76
2017-04-08 17:35:00,188,99,88,1,58.7,6.24
2017-04-08 17:40:00,202,88,112,2,57.9,7.01
2017-04-08 17:45:00,206,96,110,0,56.8,7.16
2017-04-08 17:50:00,178,90,84,4,58.2,5.87
2017-04-08 17:55:00,167,70,94,3,56.7,5.56
2017-04-08 18:00:00,193,101,91,1,54.6,6.77
2017-04-08 18:05:00,160,89,71,0,60.8,5.1
2017-04-08 18:10:00,199,98,101,0,54.2,7.0
2017-04-08 18:15:00,217,99,118,0,55.4,7.43
2017-04-08 18:20:00,193,97,94,2,58.7,6.4
2017-04-08 18:25:00,172,87,84,1,56.6,5.52
2017-04-08 18:30:00,186,92,91,3,56.6,6.32
2017-04-08 18:35:00,172,91,81,0,56.1,5.88
2017-04-08 18:40:00,161,80,80,1,57.4,5.47
2017-04-08 18:45:00,178,80,97,1,57.0,6.42
2017-04-08 18:50:00,159,74,84,1,57.1,5.55
2017-04-08 18:55:00,164,80,84,0,58.8,5.65
2017-04-08 19:00:00,167,83,84,0,54.4,6.46
2017-04-08 19:05:00,190,107,83,0,51.5,7.9
2017-04-08 19:10:00,136,111,25,0,54.8,5.67
2017-04-08 19:15:00,168,138,30,0,53.6,6.94
2017-04-08 19:20:00,158,119,39,0,52.6,6.65
2017-04-08 19:25:00,152,115,37,0,54.8,8.74
2017-04-08 19:30:00,162,130,32,0,54.8,6.94
2017-04-08 19:35:00,137,107,30,0,56.7,7.4
2017-04-08 19:40:00,133,99,34,0,55.7,10.52
2017-04-08 19:45:00,156,117,39,0,53.3,6.62
2017-04-08 19:50:00,146,109,37,0,53.3,6.61
2017-04-08 19:55:00,119,84,35,0,56.8,4.77
2017-04-08 20:00:00,124,94,29,1,58.6,4.97
2017-04-08 20:05:00,188,153,35,0,52.6,8.87
2017-04-08 20:10:00,154,116,38,0,55.9,6.27
2017-04-08 20:15:00,159,116,43,0,56.5,6.83
2017-04-08 20:20:00,150,98,52,0,57.9,6.32
2017-04-08 20:25:00,159,113,44,2,55.0,6.49
2017-04-08 20:30:00,175,138,37,0,52.9,7.45
2017-04-08 20:35:00,148,127,21,0,52.3,6.05
2017-04-08 20:40:00,135,96,39,0,53.1,5.68
2017-04-08 20:45:00,162,114,47,1,55.7,6.34
2017-04-08 20:50:00,154,99,55,0,56.9,6.22
2017-04-08 20:55:00,137,95,42,0,55.9,5.68
2017-04-08 21:00:00,171,129,42,0,53.6,7.64
2017-04-08 21:05:00,160,108,52,0,56.3,6.79
2017-04-08 21:10:00,156,110,46,0,52.5,6.36
2017-04-08 21:15:00,151,110,40,1,54.6,6.37
2017-04-08 21:20:00,142,95,47,0,57.5,5.98
2017-04-08 21:25:00,135,87,47,1,53.3,5.31
2017-04-08 21:30:00,140,95,44,1,57.5,5.7
2017-04-08 21:35:00,147,95,52,0,57.2,5.92
2017-04-08 21:40:00,158,117,40,1,53.8,6.7
2017-04-08 21:45:00,121,83,38,0,52.9,5.5
2017-04-08 21:50:00,103,74,28,1,63.3,3.87
2017-04-08 21:55:00,126,92,34,0,59.7,4.99
2017-04-08 22:00:00,125,88,37,0,63.3,4.75
2017-04-08 22:05:00,101,71,29,1,58.2,4.61
2017-04-08 22:10:00,105,74,31,0,60.8,4.3
2017-04-08 22:15:00,123,83,40,0,57.4,5.18
2017-04-08 22:20:00,116,82,34,0,60.2,4.46
2017-04-08 22:25:00,117,81,36,0,56.4,4.77
2017-04-08 22:30:00,103,65,35,3,58.7,4.0
2017-04-08 22:35:00,92,58,34,0,61.9,3.77
2017-04-08 22:40:00,92,54,37,1,63.1,3.77
2017-04-08 22:45:00,128,93,35,0,60.5,5.22
2017-04-08 22:50:00,90,54,35,1,63.9,3.36
2017-04-08 22:55:00,114,77,37,0,56.9,5.0
2017-04-08 23:00:00,87,55,31,1,63.1,3.37
2017-04-08 23:05:00,90,57,33,0,61.1,3.76
2017-04-08 23:10:00,82,52,29,1,59.0,3.51
2017-04-08 23:15:00,91,57,33,1,64.8,3.87
2017-04-08 23:20:00,101,71,30,0,60.4,3.77
2017-04-08 23:25:00,75,47,28,0,63.0,3.58
2017-04-08 23:30:00,82,57,25,0,60.4,3.33
2017-04-08 23:35:00,57,39,18,0,61.5,2.12
2017-04-08 23:40:00,79,53,26,0,58.2,3.3
2017-04-08 23:45:00,60,36,24,0,65.6,2.4
2017-04-08 23:50:00,77,44,33,0,62.2,3.01
2017-04-08 23:55:00,69,42,27,0,61.6,2.66
2017-04-09 00:00:00,49,29,20,0,64.5,2.18
2017-04-09 00:05:00,76,50,26,0,55.1,2.79
2017-04-09 00:10:00,50,35,15,0,64.7,1.87
2017-04-09 00:15:00,60,36,24,0,67.3,2.47
2017-04-09 00:20:00,66,44,22,0,62.0,2.77
2017-04-09 00:25:00,67,43,24,0,65.2,2.65
2017-04-09 00:30:00,56,34,22,0,64.0,1.87
2017-04-09 00:35:00,50,36,14,0,63.7,1.96
2017-04-09 00:40:00,48,25,23,0,62.6,1.82
2017-04-09 00:45:00,34,17,17,0,60.4,1.4
2017-04-09 00:50:00,57,36,21,0,61.4,1.91
2017-04-09 00:55:00,63,43,20,0,68.1,2.48
2017-04-09 01:00:00,47,33,14,0,65.2,1.73
2017-04-09 01:05:00,29,18,11,0,68.3,1.23
2017-04-09 01:10:00,32,18,14,0,66.9,1.25
2017-04-09 01:15:00,42,23,18,1,69.3,1.47
2017-04-09 01:20:00,41,26,15,0,65.7,1.45
2017-04-09 01:25:00,37,20,17,0,65.7,1.53
2017-04-09 01:30:00,30,21,9,0,65.9,1.25
2017-04-09 01:35:00,44,24,20,0,68.5,1.74
2017-04-09 01:40:00,34,17,17,0,66.6,1.31
2017-04-09 01:45:00,32,21,11,0,69.2,0.92
2017-04-09 01:50:00,21,12,9,0,67.3,0.85
2017-04-09 01:55:00,30,15,15,0,71.0,1.19
2017-04-09 02:00:00,44,25,19,0,74.5,1.53
2017-04-09 02:05:00,19,14,5,0,67.1,0.8
2017-04-09 02:10:00,27,14,12,1,71.3,1.07
2017-04-09 02:15:00,35,23,12,0,67.5,1.18
2017-04-09 02:20:00,31,21,10,0,66.0,1.12
2017-04-09 02:25:00,22,13,9,0,63.9,0.97
2017-04-09 02:30:00,23,14,8,1,61.7,0.96
2017-04-09 02:35:00,21,11,10,0,59.8,1.2
2017-04-09 02:40:00,23,12,11,0,73.0,0.79
2017-04-09 02:45:00,32,18,14,0,68.3,1.07
2017-04-09 02:50:00,18,10,8,0,68.2,0.65
2017-04-09 02:55:00,28,21,7,0,60.6,1.1
2017-04-09 03:00:00,20,13,7,0,62.0,0.85
2017-04-09 03:05:00,24,15,9,0,72.1,0.93
2017-04-09 03:10:00,23,14,9,0,68.1,0.81
2017-04-09 03:15:00,32,19,13,0,64.0,1.12
2017-04-09 03:20:00,26,14,12,0,69.1,1.02
2017-04-09 03:25:00,32,19,13,0,67.5,1.2
2017-04-09 03:30:00,15,7,8,0,71.5,0.71
2017-04-09 03:35:00,20,10,10,0,58.9,0.89
2017-04-09 03:40:00,20,11,9,0,61.9,0.76
2017-04-09 03:45:00,25,18,7,0,63.8,0.8
2017-04-09 03:50:00,11,6,5,0,66.9,0.46
2017-04-09 03:55:00,21,11,10,0,71.7,0.76
2017-04-09 04:00:00,19,9,10,0,69.9,0.87
2017-04-09 04:05:00,16,11,5,0,58.5,0.63
2017-04-09 04:10:00,17,9,8,0,67.7,0.58
2017-04-09 04:15:00,23,11,12,0,76.1,0.71
2017-04-09 04:20:00,13,7,6,0,76.6,0.48
2017-04-09 04:25:00,26,13,13,0,66.1,1.0
2017-04-09 04:30:00,28,19,9,0,65.6,1.19
2017-04-09 04:35:00,25,16,9,0,67.8,1.05
2017-04-09 04:40:00,35,26,9,0,64.8,1.19
2017-04-09 04:45:00,45,27,18,0,64.0,1.63
2017-04-09 04:50:00,29,22,7,0,66.3,1.04
2017-04-09 04:55:00,21,13,8,0,70.6,0.89
2017-04-09 05:00:00,17,13,4,0,61.0,0.63
2017-04-09 05:05:00,41,27,14,0,63.8,1.67
2017-04-09 05:10:00,33,20,13,0,61.6,2.25
2017-04-09 05:15:00,47,33,14,0,63.4,2.0
2017-04-09 05:20:00,44,34,10,0,61.7,1.86
2017-04-09 05:25:00,33,18,15,0,62.1,1.41
2017-04-09 05:30:00,43,32,11,0,65.6,1.66
2017-04-09 05:35:00,62,40,21,1,64.5,2.1
2017-04-09 05:40:00,54,38,16,0,65.5,2.09
2017-04-09 05:45:00,57,44,13,0,62.3,2.27
2017-04-09 05:50:00,79,59,20,0,63.2,3.27
2017-04-09 05:55:00,79,50,28,1,56.3,3.44
2017-04-09 06:00:00,61,36,23,2,62.2,2.52
2017-04-09 06:05:00,77,41,35,1,61.2,3.05
2017-04-09 06:10:00,87,40,47,0,62.5,3.02
2017-04-09 06:15:00,90,45,44,1,65.6,3.04
2017-04-09 06:20:00,69,35,32,2,63.8,2.71
2017-04-09 06:25:00,87,48,38,1,63.2,2.94
2017-04-09 06:30:00,85,36,49,0,69.6,2.52
2017-04-09 06:35:00,69,34,34,1,64.9,1.98
2017-04-09 06:40:00,85,39,46,0,67.1,2.73
2017-04-09 06:45:00,60,30,30,0,64.9,2.11
2017-04-09 06:50:00,93,49,43,1,63.2,3.1
2017-04-09 06:55:00,84,39,45,0,68.6,2.57
2017-04-09 07:00:00,74,34,39,1,67.0,2.11
2017-04-09 07:05:00,92,52,40,0,63.7,2.92
2017-04-09 07:10:00,102,45,57,0,63.2,3.22
2017-04-09 07:15:00,71,37,33,1,64.9,2.45
2017-04-09 07:20:00,94,40,52,2,63.6,3.09
2017-04-09 07:25:00,110,52,55,3,65.2,3.5
2017-04-09 07:30:00,92,49,43,0,65.7,2.56
2017-04-09 07:35:00,89,46,42,1,64.6,2.72
2017-04-09 07:40:00,94,48,42,4,64.6,3.21
2017-04-09 07:45:00,82,49,32,1,66.7,2.67
2017-04-09 07:50:00,76,40,36,0,66.4,2.21
2017-04-09 07:55:00,73,35,37,1,67.7,2.72
2017-04-09 08:00:00,107,60,47,0,63.5,3.05
2017-04-09 08:05:00,104,49,53,2,61.4,3.27
2017-04-09 08:10:00,106,66,38,2,63.3,3.26
2017-04-09 08:15:00,119,52,67,0,63.4,3.93
2017-04-09 08:20:00,122,79,42,1,61.3,3.89
2017-04-09 08:25:00,111,55,56,0,62.5,3.34
2017-04-09 08:30:00,122,61,61,0,60.2,3.43
2017-04-09 08:35:00,99,45,54,0,61.4,3.48
2017-04-09 08:40:00,158,75,83,0,59.8,5.16
2017-04-09 08:45:00,139,70,68,1,63.0,4.31
2017-04-09 08:50:00,124,71,52,1,62.7,3.68
2017-04-09 08:55:00,136,63,72,1,62.1,3.94
2017-04-09 09:00:00,128,63,64,1,62.1,4.13
2017-04-09 09:05:00,110,46,63,1,59.8,4.08
2017-04-09 09:10:00,117,56,61,0,61.7,3.68
2017-04-09 09:15:00,121,65,54,2,60.6,3.96
2017-04-09 09:20:00,126,65,61,0,60.2,4.04
2017-04-09 09:25:00,152,84,68,0,62.6,4.43
2017-04-09 09:30:00,122,64,58,0,61.9,4.62
2017-04-09 09:35:00,129,59,70,0,63.1,4.01
2017-04-09 09:40:00,159,75,84,0,60.2,5.12
2017-04-09 09:45:00,145,78,66,1,62.5,4.28
2017-04-09 09:50:00,132,69,63,0,59.7,4.31
2017-04-09 09:55:00,115,58,55,2,59.2,4.25
2017-04-09 10:00:00,156,80,72,4,61.8,5.16
2017-04-09 10:05:00,159,80,78,1,60.6,5.39
2017-04-09 10:10:00,192,90,102,0,56.4,6.32
2017-04-09 10:15:00,132,64,68,0,57.6,8.41
2017-04-09 10:20:00,216,108,108,0,58.8,6.57
2017-04-09 10:25:00,167,79,87,1,59.6,5.69
2017-04-09 10:30:00,168,88,80,0,55.5,5.82
2017-04-09 10:35:00,154,79,75,0,58.6,5.86
2017-04-09 10:40:00,187,85,102,0,57.9,6.23
2017-04-09 10:45:00,192,90,102,0,62.3,6.36
2017-04-09 10:50:00,172,91,81,0,58.5,5.49
2017-04-09 10:55:00,193,95,98,0,60.6,6.43
2017-04-09 11:00:00,167,82,84,1,57.0,6.85
2017-04-09 11:05:00,160,80,80,0,58.2,5.53
2017-04-09 11:10:00,186,87,95,4,58.0,6.43
2017-04-09 11:15:00,172,85,87,0,55.8,6.31
2017-04-09 11:20:00,190,102,87,1,58.8,6.05
2017-04-09 11:25:00,170,82,88,0,57.3,6.1
2017-04-09 11:30:00,149,73,76,0,61.4,5.48
2017-04-09 11:35:00,148,67,80,1,60.7,4.85
2017-04-09 11:40:00,160,64,96,0,60.0,5.46
2017-04-09 11:45:00,178,74,103,1,59.8,5.39
2017-04-09 11:50:00,147,71,76,0,59.4,4.84
2017-04-09 11:55:00,133,57,75,1,54.6,5.5
2017-04-09 12:00:00,187,87,99,1,56.6,6.73
2017-04-09 12:05:00,180,90,89,1,57.4,5.88
2017-04-09 12:10:00,188,78,110,0,58.9,6.4
2017-04-09 12:15:00,170,80,89,1,58.8,5.1
2017-04-09 12:20:00,182,89,90,3,54.4,7.23
2017-04-09 12:25:00,180,80,100,0,57.7,6.23
2017-04-09 12:30:00,173,80,92,1,58.4,5.87
2017-04-09 12:35:00,187,78,109,0,54.9,6.94
2017-04-09 12:40:00,233,86,147,0,56.4,7.51
2017-04-09 12:45:00,173,79,94,0,58.2,5.83
2017-04-09 12:50:00,203,95,105,3,57.3,6.75
2017-04-09 12:55:00,184,72,111,1,59.6,6.56
2017-04-09 13:00:00,192,88,104,0,56.0,6.53
2017-04-09 13:05:00,186,83,100,3,54.8,6.69
2017-04-09 13:10:00,213,98,115,0,56.6,6.54
2017-04-09 13:15:00,181,92,88,1,57.0,6.12
2017-04-09 13:20:00,171,68,103,0,54.4,6.66
2017-04-09 13:25:00,187,77,109,1,56.1,6.41
2017-04-09 13:30:00,208,100,105,3,54.0,7.6
2017-04-09 13:35:00,214,98,115,1,55.2,7.21
2017-04-09 13:40:00,222,113,109,0,54.9,7.78
2017-04-09 13:45:00,183,68,115,0,57.2,6.28
2017-04-09 13:50:00,148,67,80,1,57.5,5.84
2017-04-09 13:55:00,170,82,87,1,55.3,5.89
2017-04-09 14:00:00,230,115,114,1,55.3,8.26
2017-04-09 14:05:00,196,93,101,2,58.0,6.91
2017-04-09 14:10:00,215,87,127,1,56.3,8.69
2017-04-09 14:15:00,204,96,107,1,57.6,6.98
2017-04-09 14:20:00,200,84,116,0,56.0,7.03
2017-04-09 14:25:00,213,106,107,0,55.7,7.68
2017-04-09 14:30:00,220,96,124,0,55.3,9.07
2017-04-09 14:35:00,191,86,105,0,56.5,6.63
2017-04-09 14:40:00,163,74,89,0,56.7,6.24
2017-04-09 14:45:00,222,102,119,1,56.3,7.6
2017-04-09 14:50:00,226,110,116,0,57.0,7.69
2017-04-09 14:55:00,220,96,124,0,53.5,7.12
2017-04-09 15:00:00,197,86,110,1,58.1,6.55
2017-04-09 15:05:00,147,65,80,2,58.1,5.4
2017-04-09 15:10:00,171,85,85,1,55.7,6.13
2017-04-09 15:15:00,214,111,103,0,55.5,7.53
2017-04-09 15:20:00,160,73,87,0,54.8,5.88
2017-04-09 15:25:00,212,109,100,3,54.2,8.66
2017-04-09 15:30:00,207,101,106,0,56.5,6.14
2017-04-09 15:35:00,219,89,130,0,54.4,7.67
2017-04-09 15:40:00,217,111,106,0,54.8,7.47
2017-04-09 15:45:00,175,89,85,1,54.4,6.62
2017-04-09 15:50:00,177,84,92,1,54.2,6.17
2017-04-09 15:55:00,215,93,122,0,56.7,6.5
2017-04-09 16:00:00,190,88,102,0,56.6,6.51
2017-04-09 16:05:00,168,71,97,0,54.0,6.55
2017-04-09 16:10:00,186,66,119,1,55.4,6.53
2017-04-09 16:15:00,188,87,100,1,56.6,6.05
2017-04-09 16:20:00,175,79,95,1,56.8,5.81
2017-04-09 16:25:00,189,85,101,3,56.6,6.15
2017-04-09 16:30:00,189,87,101,1,55.4,6.27
2017-04-09 16:35:00,144,60,84,0,54.5,5.66
2017-04-09 16:40:00,211,88,122,1,54.2,7.17
2017-04-09 16:45:00,204,90,113,1,55.7,6.09
2017-04-09 16:50:00,149,62,86,1,56.0,5.09
2017-04-09 16:55:00,188,80,106,2,58.6,5.86
2017-04-09 17:00:00,173,85,88,0,57.7,6.24
2017-04-09 17:05:00,169,68,100,1,56.7,5.75
2017-04-09 17:10:00,163,80,81,2,55.4,5.37
2017-04-09 17:15:00,207,89,116,2,55.5,6.98
2017-04-09 17:20:00,185,96,88,1,55.9,6.33
2017-04-09 17:25:00,185,89,96,0,55.8,6.74
2017-04-09 17:30:00,198,93,104,1,57.1,6.55
2017-04-09 17:35:00,185,86,99,0,57.2,6.13
2017-04-09 17:40:00,181,85,95,1,56.3,5.99
2017-04-09 17:45:00,210,99,110,1,56.5,6.43
2017-04-09 17:50:00,158,66,91,1,55.8,5.19
2017-04-09 17:55:00,111,50,61,0,59.2,3.96
2017-04-09 18:00:00,185,82,103,0,55.1,6.4
2017-04-09 18:05:00,160,76,81,3,62.8,4.97
2017-04-09 18:10:00,188,87,100,1,57.0,5.75
2017-04-09 18:15:00,161,77,84,0,58.9,5.31
2017-04-09 18:20:00,179,89,90,0,56.2,6.6
2017-04-09 18:25:00,163,75,88,0,57.4,5.28
2017-04-09 18:30:00,149,63,86,0,58.8,4.87
2017-04-09 18:35:00,175,75,99,1,56.8,6.16
2017-04-09 18:40:00,179,86,91,2,59.2,5.12
2017-04-09 18:45:00,162,74,86,2,58.7,5.42
2017-04-09 18:50:00,167,74,92,1,59.9,5.87
2017-04-09 18:55:00,152,71,80,1,58.5,5.07
2017-04-09 19:00:00,166,75,90,1,57.7,6.21
2017-04-09 19:05:00,140,76,64,0,57.1,5.47
2017-04-09 19:10:00,174,124,50,0,55.9,6.36
2017-04-09 19:15:00,158,125,33,0,54.7,6.99
2017-04-09 19:20:00,152,120,31,1,52.3,6.9
2017-04-09 19:25:00,137,89,47,1,56.5,5.56
2017-04-09 19:30:00,163,108,55,0,53.8,6.99
2017-04-09 19:35:00,159,113,45,1,55.6,6.55
2017-04-09 19:40:00,178,134,42,2,53.3,6.93
2017-04-09 19:45:00,140,103,36,1,55.0,5.96
2017-04-09 19:50:00,108,75,33,0,54.8,5.08
2017-04-09 19:55:00,136,100,36,0,52.7,5.95
2017-04-09 20:00:00,138,89,49,0,57.5,5.64
2017-04-09 20:05:00,172,132,40,0,53.8,7.42
2017-04-09 20:10:00,150,103,47,0,53.7,5.89
2017-04-09 20:15:00,176,120,56,0,53.5,7.34
2017-04-09 20:20:00,164,120,44,0,53.4,6.61
2017-04-09 20:25:00,113,77,35,1,57.8,5.16
2017-04-09 20:30:00,125,75,48,2,57.4,5.3
2017-04-09 20:35:00,144,108,36,0,51.4,6.19
2017-04-09 20:40:00,158,115,43,0,54.0,6.51
2017-04-09 20:45:00,139,86,53,0,58.7,5.9
2017-04-09 20:50:00,128,80,47,1,58.1,6.03
2017-04-09 20:55:00,145,106,39,0,56.6,5.85
2017-04-09 21:00:00,145,102,43,0,55.3,6.04
2017-04-09 21:05:00,111,72,39,0,59.5,4.3
2017-04-09 21:10:00,165,112,53,0,57.1,6.87
2017-04-09 21:15:00,142,100,42,0,55.2,5.69
2017-04-09 21:20:00,138,96,42,0,60.9,5.95
2017-04-09 21:25:00,131,96,35,0,61.9,5.59
2017-04-09 21:30:00,99,64,35,0,62.5,3.95
2017-04-09 21:35:00,114,73,40,1,58.2,5.07
2017-04-09 21:40:00,127,76,50,1,60.6,4.43
2017-04-09 21:45:00,94,61,33,0,58.2,4.7
2017-04-09 21:50:00,117,78,39,0,60.4,4.09
2017-04-09 21:55:00,104,65,39,0,55.3,4.11
2017-04-09 22:00:00,94,59,35,0,61.6,3.84
2017-04-09 22:05:00,105,69,36,0,61.9,3.59
2017-04-09 22:10:00,118,64,53,1,62.2,4.58
2017-04-09 22:15:00,66,45,21,0,59.0,3.16
2017-04-09 22:20:00,75,42,33,0,61.0,2.69
2017-04-09 22:25:00,81,40,41,0,61.9,3.39
2017-04-09 22:30:00,88,57,31,0,59.2,3.44
2017-04-09 22:35:00,100,62,38,0,63.6,3.73
2017-04-09 22:40:00,77,46,31,0,62.2,3.41
2017-04-09 22:45:00,69,35,34,0,64.7,2.91
2017-04-09 22:50:00,71,45,26,0,58.7,3.08
2017-04-09 22:55:00,74,50,24,0,62.0,2.82
2017-04-09 23:00:00,80,48,32,0,64.2,2.97
2017-04-09 23:05:00,59,30,29,0,69.9,2.28
2017-04-09 23:10:00,62,28,34,0,64.2,3.2
2017-04-09 23:15:00,78,37,41,0,58.6,3.17
2017-04-09 23:20:00,80,50,30,0,61.8,3.09
2017-04-09 23:25:00,86,50,35,1,63.1,3.11
2017-04-09 23:30:00,49,27,22,0,64.6,2.02
2017-04-09 23:35:00,52,29,23,0,58.0,1.99
2017-04-09 23:40:00,61,37,24,0,62.0,2.82
2017-04-09 23:45:00,54,28,25,1,61.8,2.42
2017-04-09 23:50:00,60,35,25,0,66.3,2.49
2017-04-09 23:55:00,38,17,21,0,64.6,1.34
2017-04-10 00:00:00,37,15,22,0,65.0,1.48
2017-04-10 00:05:00,55,30,25,0,61.0,2.21
2017-04-10 00:10:00,55,31,24,0,63.9,2.24
2017-04-10 00:15:00,40,25,15,0,68.5,1.61
2017-04-10 00:20:00,48,27,21,0,69.4,1.62
2017-04-10 00:25:00,31,17,14,0,70.3,1.23
2017-04-10 00:30:00,35,27,8,0,61.5,1.51
2017-04-10 00:35:00,29,14,15,0,66.4,0.98
2017-04-10 00:40:00,23,8,15,0,59.6,1.25
2017-04-10 00:45:00,32,18,14,0,70.7,1.22
2017-04-10 00:50:00,29,11,18,0,63.3,1.28
2017-04-10 00:55:00,29,15,14,0,58.9,1.5
2017-04-10 01:00:00,32,16,16,0,69.4,1.15
2017-04-10 01:05:00,34,19,15,0,63.5,1.25
2017-04-10 01:10:00,23,13,10,0,65.6,0.92
2017-04-10 01:15:00,27,16,11,0,68.4,0.98
2017-04-10 01:20:00,31,19,12,0,62.6,1.13
2017-04-10 01:25:00,25,13,12,0,70.0,0.79
2017-04-10 01:30:00,26,16,10,0,62.5,1.0
2017-04-10 01:35:00,15,6,9,0,65.1,0.62
2017-04-10 01:40:00,14,9,5,0,67.1,0.54
2017-04-10 01:45:00,17,10,7,0,60.0,0.73
2017-04-10 01:50:00,14,6,8,0,71.1,0.49
2017-04-10 01:55:00,17,8,9,0,60.6,0.7
2017-04-10 02:00:00,21,15,6,0,61.3,0.83
2017-04-10 02:05:00,16,9,7,0,69.8,0.69
2017-04-10 02:10:00,16,13,3,0,63.5,0.63
2017-04-10 02:15:00,21,11,10,0,66.7,1.17
2017-04-10 02:20:00,22,13,9,0,70.1,0.87
2017-04-10 02:25:00,20,13,7,0,62.3,0.89
2017-04-10 02:30:00,11,5,6,0,72.1,0.38
2017-04-10 02:35:00,17,10,7,0,60.8,0.64
2017-04-10 02:40:00,23,15,8,0,63.8,0.81
2017-04-10 02:45:00,15,10,5,0,53.3,0.61
2017-04-10 02:50:00,21,10,11,0,69.0,0.83
2017-04-10 02:55:00,21,15,6,0,62.2,0.9
2017-04-10 03:00:00,18,11,7,0,65.8,0.72
2017-04-10 03:05:00,10,7,3,0,61.4,0.34
2017-04-10 03:10:00,23,14,9,0,59.7,1.02
2017-04-10 03:15:00,23,13,10,0,65.4,0.76
2017-04-10 03:20:00,14,10,4,0,61.4,0.6
2017-04-10 03:25:00,20,10,10,0,62.2,0.81
2017-04-10 03:30:00,22,12,10,0,63.5,0.97
2017-04-10 03:35:00,21,10,11,0,67.7,0.88
2017-04-10 03:40:00,25,15,10,0,63.3,1.07
2017-04-10 03:45:00,26,16,10,0,59.9,1.09
2017-04-10 03:50:00,32,18,14,0,62.9,1.38
2017-04-10 03:55:00,32,17,14,1,63.7,1.45
2017-04-10 04:00:00,28,19,9,0,61.4,1.15
2017-04-10 04:05:00,20,13,7,0,60.4,0.76
2017-04-10 04:10:00,32,15,16,1,67.4,1.46
2017-04-10 04:15:00,31,17,14,0,70.5,1.3
2017-04-10 04:20:00,53,31,22,0,66.8,2.01
2017-04-10 04:25:00,43,22,20,1,65.4,1.88
2017-04-10 04:30:00,43,27,16,0,61.1,1.63
2017-04-10 04:35:00,58,39,19,0,56.0,2.5
2017-04-10 04:40:00,69,47,22,0,65.2,2.54
2017-04-10 04:45:00,46,26,18,2,62.7,1.7
2017-04-10 04:50:00,55,28,27,0,59.4,2.39
2017-04-10 04:55:00,51,39,12,0,61.7,2.22
2017-04-10 05:00:00,68,36,32,0,63.1,2.84
2017-04-10 05:05:00,58,39,19,0,64.5,2.38
2017-04-10 05:10:00,70,44,26,0,64.5,2.73
2017-04-10 05:15:00,88,54,33,1,60.6,3.43
2017-04-10 05:20:00,71,48,23,0,61.7,2.93
2017-04-10 05:25:00,76,44,32,0,60.2,3.37
2017-04-10 05:30:00,94,69,25,0,59.4,3.82
2017-04-10 05:35:00,123,89,34,0,64.7,5.01
2017-04-10 05:40:00,134,99,35,0,62.7,5.75
2017-04-10 05:45:00,145,111,34,0,59.4,5.67
2017-04-10 05:50:00,138,70,66,2,62.9,5.35
2017-04-10 05:55:00,135,55,79,1,58.1,5.75
2017-04-10 06:00:00,176,72,103,1,58.4,6.33
2017-04-10 06:05:00,163,63,98,2,58.9,6.11
2017-04-10 06:10:00,195,81,113,1,62.1,6.78
2017-04-10 06:15:00,219,73,145,1,61.2,7.35
2017-04-10 06:20:00,193,81,110,2,62.0,6.39
2017-04-10 06:25:00,216,74,139,3,59.2,7.8
2017-04-10 06:30:00,199,85,113,1,60.6,6.9
2017-04-10 06:35:00,212,87,124,1,56.0,7.94
2017-04-10 06:40:00,202,90,111,1,59.0,7.02
2017-04-10 06:45:00,256,106,150,0,58.4,8.97
2017-04-10 06:50:00,243,110,132,1,57.4,8.78
2017-04-10 06:55:00,273,126,146,1,58.5,9.69
2017-04-10 07:00:00,247,100,146,1,57.1,8.87
2017-04-10 07:05:00,284,116,168,0,55.9,9.83
2017-04-10 07:10:00,280,118,162,0,55.1,10.37
2017-04-10 07:15:00,283,127,154,2,54.2,12.61
2017-04-10 07:20:00,285,147,130,8,48.0,14.31
2017-04-10 07:25:00,272,145,127,0,44.9,27.94
2017-04-10 07:30:00,289,148,137,4,42.9,35.53
2017-04-10 07:35:00,270,130,128,12,30.7,59.41
2017-04-10 07:40:00,266,144,115,7,29.3,54.44
2017-04-10 07:45:00,271,140,120,11,24.8,61.51
2017-04-10 07:50:00,301,159,135,7,29.4,44.05
2017-04-10 07:55:00,272,119,148,5,35.7,42.81
2017-04-10 08:00:00,270,140,129,1,33.7,35.62
2017-04-10 08:05:00,270,121,144,5,35.8,42.39
2017-04-10 08:10:00,303,154,144,5,38.7,34.5
2017-04-10 08:15:00,311,148,156,7,40.4,33.06
2017-04-10 08:20:00,285,128,149,8,37.1,39.27
2017-04-10 08:25:00,294,143,147,4,47.5,18.0
2017-04-10 08:30:00,290,138,150,2,51.2,10.62
2017-04-10 08:35:00,306,156,148,2,47.9,13.11
2017-04-10 08:40:00,241,117,121,3,50.5,23.77
2017-04-10 08:45:00,248,115,131,2,57.7,8.18
2017-04-10 08:50:00,219,91,125,3,59.7,7.42
2017-04-10 08:55:00,218,96,120,2,57.6,7.35
2017-04-10 09:00:00,219,90,126,3,58.8,7.36
2017-04-10 09:05:00,234,99,135,0,56.5,8.36
2017-04-10 09:10:00,209,88,120,1,56.9,7.48
2017-04-10 09:15:00,230,99,130,1,55.8,8.4
2017-04-10 09:20:00,200,85,111,4,59.7,6.95
2017-04-10 09:25:00,234,100,134,0,55.1,8.62
2017-04-10 09:30:00,226,91,135,0,56.2,8.27
2017-04-10 09:35:00,223,101,119,3,57.9,8.17
2017-04-10 09:40:00,231,110,121,0,59.8,7.86
2017-04-10 09:45:00,236,111,123,2,57.0,8.55
2017-04-10 09:50:00,213,92,119,2,56.2,8.02
2017-04-10 09:55:00,191,88,99,4,56.1,7.24
2017-04-10 10:00:00,190,97,93,0,58.5,6.72
2017-04-10 10:05:00,222,96,124,2,57.2,8.48
2017-04-10 10:10:00,184,81,103,0,61.5,6.74
2017-04-10 10:15:00,216,93,121,2,58.2,8.09
2017-04-10 10:20:00,205,80,123,2,61.9,7.69
2017-04-10 10:25:00,189,88,99,2,57.2,7.68
2017-04-10 10:30:00,199,90,104,5,60.5,9.93
2017-04-10 10:35:00,178,90,87,1,58.4,6.75
2017-04-10 10:40:00,195,81,113,1,59.2,8.29
2017-04-10 10:45:00,164,86,78,0,60.6,7.83
2017-04-10 10:50:00,204,89,112,3,58.7,10.74
2017-04-10 10:55:00,181,84,91,6,58.5,10.18
2017-04-10 11:00:00,196,85,107,4,58.8,12.48
2017-04-10 11:05:00,183,84,94,5,57.4,10.22
2017-04-10 11:10:00,157,62,90,5,58.4,9.64
2017-04-10 11:15:00,146,69,76,1,57.6,6.96
2017-04-10 11:20:00,177,83,92,2,61.9,8.61
2017-04-10 11:25:00,173,72,99,2,56.3,8.85
2017-04-10 11:30:00,189,71,115,3,59.7,7.97
2017-04-10 11:35:00,189,88,99,2,55.1,12.12
2017-04-10 11:40:00,173,82,89,2,63.6,6.97
2017-04-10 11:45:00,175,64,109,2,59.0,7.01
2017-04-10 11:50:00,152,71,79,2,58.7,9.62
2017-04-10 11:55:00,156,61,93,2,59.8,8.51
2017-04-10 12:00:00,166,68,96,2,56.7,8.78
2017-04-10 12:05:00,167,69,98,0,56.5,8.61
2017-04-10 12:10:00,177,77,98,2,57.9,7.77
2017-04-10 12:15:00,163,61,99,3,61.4,6.5
2017-04-10 12:20:00,187,83,104,0,61.5,7.48
2017-04-10 12:25:00,160,64,96,0,58.0,6.48
2017-04-10 12:30:00,149,61,88,0,60.4,5.99
2017-04-10 12:35:00,118,54,64,0,58.4,16.77
2017-04-10 12:40:00,165,72,93,0,60.9,6.45
2017-04-10 12:45:00,171,72,98,1,58.3,6.85
2017-04-10 12:50:00,133,57,76,0,61.8,4.82
2017-04-10 12:55:00,209,89,118,2,58.4,8.03
2017-04-10 13:00:00,169,66,103,0,60.7,6.24
2017-04-10 13:05:00,178,70,104,4,59.5,6.68
2017-04-10 13:10:00,172,65,107,0,55.4,6.74
2017-04-10 13:15:00,174,67,107,0,56.9,6.57
2017-04-10 13:20:00,192,74,117,1,58.3,7.48
2017-04-10 13:25:00,211,85,126,0,56.6,7.84
2017-04-10 13:30:00,196,85,111,0,56.8,7.22
2017-04-10 13:35:00,213,90,123,0,56.0,8.02
2017-04-10 13:40:00,200,87,113,0,56.8,7.3
2017-04-10 13:45:00,189,72,114,3,57.9,7.1
2017-04-10 13:50:00,201,82,117,2,56.1,8.81
2017-04-10 13:55:00,180,75,105,0,55.4,7.39
2017-04-10 14:00:00,189,74,113,2,55.5,7.91
2017-04-10 14:05:00,214,79,134,1,55.2,9.66
2017-04-10 14:10:00,209,72,136,1,57.2,8.54
2017-04-10 14:15:00,212,85,123,4,56.6,9.64
2017-04-10 14:20:00,223,103,117,3,58.1,8.94
2017-04-10 14:25:00,197,86,110,1,57.2,7.55
2017-04-10 14:30:00,207,71,133,3,55.2,8.1
2017-04-10 14:35:00,189,75,113,1,57.9,7.22
2017-04-10 14:40:00,181,79,102,0,56.1,7.22
2017-04-10 14:45:00,201,71,127,3,58.0,8.2
2017-04-10 14:50:00,189,74,113,2,58.9,7.07
2017-04-10 14:55:00,194,93,98,3,56.1,8.2
2017-04-10 15:00:00,170,66,102,2,58.8,6.88
2017-04-10 15:05:00,209,79,129,1,54.9,8.15
2017-04-10 15:10:00,175,70,103,2,54.1,7.22
2017-04-10 15:15:00,154,62,91,1,57.7,5.7
2017-04-10 15:20:00,192,89,101,2,53.9,8.52
2017-04-10 15:25:00,200,89,109,2,52.7,9.14
2017-04-10 15:30:00,184,80,102,2,57.1,7.73
2017-04-10 15:35:00,192,93,96,3,57.1,6.96
2017-04-10 15:40:00,215,95,117,3,53.6,10.5
2017-04-10 15:45:00,179,79,99,1,56.8,6.39
2017-04-10 15:50:00,219,95,123,1,53.4,7.9
2017-04-10 15:55:00,176,87,88,1,58.7,5.72
2017-04-10 16:00:00,197,96,98,3,54.0,7.3
2017-04-10 16:05:00,195,89,104,2,53.8,7.56
2017-04-10 16:10:00,183,89,92,2,58.0,6.82
2017-04-10 16:15:00,205,98,103,4,58.9,8.45
2017-04-10 16:20:00,174,86,87,1,57.1,14.28
2017-04-10 16:25:00,185,99,84,2,59.0,6.22
2017-04-10 16:30:00,195,97,96,2,54.5,6.8
2017-04-10 16:35:00,185,95,88,2,53.2,6.54
2017-04-10 16:40:00,164,79,84,1,58.8,5.92
2017-04-10 16:45:00,200,105,93,2,57.2,9.41
2017-04-10 16:50:00,215,124,89,2,55.5,11.1
2017-04-10 16:55:00,221,116,103,2,55.3,8.74
2017-04-10 17:00:00,205,113,91,1,55.1,7.1
2017-04-10 17:05:00,209,98,111,0,53.0,7.85
2017-04-10 17:10:00,195,96,99,0,52.4,6.99
2017-04-10 17:15:00,188,76,111,1,57.9,6.44
2017-04-10 17:20:00,195,83,111,1,55.4,7.11
2017-04-10 17:25:00,175,74,101,0,56.6,6.33
2017-04-10 17:30:00,204,100,104,0,56.5,6.95
2017-04-10 17:35:00,209,94,114,1,54.0,7.52
2017-04-10 17:40:00,214,104,109,1,56.8,7.32
2017-04-10 17:45:00,196,70,125,1,55.4,6.89
2017-04-10 17:50:00,187,89,97,1,54.7,6.37
2017-04-10 17:55:00,184,80,104,0,53.5,6.63
2017-04-10 18:00:00,179,74,104,1,59.2,5.91
2017-04-10 18:05:00,186,84,102,0,56.6,6.3
2017-04-10 18:10:00,220,94,126,0,56.8,7.2
2017-04-10 18:15:00,203,101,101,1,59.5,6.48
2017-04-10 18:20:00,231,122,109,0,59.2,7.52
2017-04-10 18:25:00,213,96,116,1,56.4,7.22
2017-04-10 18:30:00,205,86,119,0,54.4,6.96
2017-04-10 18:35:00,198,90,106,2,57.0,6.7
2017-04-10 18:40:00,177,91,86,0,57.8,5.61
2017-04-10 18:45:00,187,86,101,0,55.7,6.54
2017-04-10 18:50:00,201,94,104,3,57.8,6.61
2017-04-10 18:55:00,141,74,66,1,56.5,5.55
2017-04-10 19:00:00,197,88,107,2,54.4,7.7
2017-04-10 19:05:00,202,106,93,3,53.3,8.26
2017-04-10 19:10:00,195,130,65,0,53.6,7.73
2017-04-10 19:15:00,189,144,44,1,55.2,6.72
2017-04-10 19:20:00,166,134,32,0,53.7,7.25
2017-04-10 19:25:00,161,107,53,1,55.7,6.22
2017-04-10 19:30:00,183,122,61,0,56.7,7.46
2017-04-10 19:35:00,177,116,61,0,54.1,7.28
2017-04-10 19:40:00,153,115,38,0,52.4,6.31
2017-04-10 19:45:00,135,88,47,0,53.6,5.88
2017-04-10 19:50:00,169,116,53,0,55.6,7.11
2017-04-10 19:55:00,123,81,42,0,58.9,5.01
2017-04-10 20:00:00,124,88,36,0,54.8,5.02
2017-04-10 20:05:00,117,76,41,0,58.3,4.49
2017-04-10 20:10:00,145,106,39,0,54.6,5.87
2017-04-10 20:15:00,140,97,43,0,56.2,5.48
2017-04-10 20:20:00,158,102,55,1,52.6,6.43
2017-04-10 20:25:00,159,110,49,0,57.7,6.19
2017-04-10 20:30:00,138,92,46,0,55.3,5.27
2017-04-10 20:35:00,140,96,44,0,54.2,5.97
2017-04-10 20:40:00,120,75,45,0,55.6,5.76
2017-04-10 20:45:00,131,86,45,0,54.9,5.44
2017-04-10 20:50:00,148,97,51,0,55.4,6.97
2017-04-10 20:55:00,139,95,43,1,55.1,5.85
2017-04-10 21:00:00,130,89,40,1,59.2,5.14
2017-04-10 21:05:00,146,105,41,0,55.9,5.88
2017-04-10 21:10:00,140,85,55,0,56.1,5.82
2017-04-10 21:15:00,135,94,41,0,57.1,5.51
2017-04-10 21:20:00,124,88,36,0,58.0,5.34
2017-04-10 21:25:00,161,116,45,0,54.5,7.13
2017-04-10 21:30:00,137,95,41,1,55.9,5.61
2017-04-10 21:35:00,135,93,42,0,57.7,5.16
2017-04-10 21:40:00,159,109,49,1,56.0,6.6
2017-04-10 21:45:00,139,89,50,0,62.9,5.63
2017-04-10 21:50:00,128,85,43,0,57.1,4.95
2017-04-10 21:55:00,116,77,37,2,57.3,7.08
2017-04-10 22:00:00,104,59,44,1,59.5,3.89
2017-04-10 22:05:00,142,104,38,0,56.7,6.16
2017-04-10 22:10:00,146,103,42,1,57.1,5.49
2017-04-10 22:15:00,121,71,50,0,58.0,4.85
2017-04-10 22:20:00,113,74,39,0,61.7,4.57
2017-04-10 22:25:00,103,66,37,0,58.2,4.29
2017-04-10 22:30:00,95,63,32,0,61.6,3.66
2017-04-10 22:35:00,81,49,31,1,58.8,3.53
2017-04-10 22:40:00,100,62,38,0,62.0,3.59
2017-04-10 22:45:00,93,58,34,1,58.8,3.72
2017-04-10 22:50:00,98,57,40,1,60.4,4.09
2017-04-10 22:55:00,80,50,30,0,61.7,3.17
2017-04-10 23:00:00,106,75,31,0,57.3,4.03
2017-04-10 23:05:00,86,57,29,0,58.6,9.22
2017-04-10 23:10:00,99,68,31,0,54.5,4.3
2017-04-10 23:15:00,101,66,35,0,61.6,4.32
2017-04-10 23:20:00,93,53,40,0,63.5,3.8
2017-04-10 23:25:00,86,53,33,0,60.1,3.32
2017-04-10 23:30:00,59,42,17,0,61.0,2.93
2017-04-10 23:35:00,79,38,40,1,63.8,3.34
2017-04-10 23:40:00,84,44,40,0,64.6,4.19
2017-04-10 23:45:00,79,47,32,0,57.9,3.18
2017-04-10 23:50:00,57,33,24,0,65.3,2.28
2017-04-10 23:55:00,48,22,26,0,60.5,2.07
2017-04-11 00:00:00,49,23,26,0,63.5,1.86
2017-04-11 00:05:00,54,34,20,0,64.8,1.91
2017-04-11 00:10:00,65,44,21,0,63.8,2.58
2017-04-11 00:15:00,53,28,25,0,63.5,2.03
2017-04-11 00:20:00,43,27,16,0,65.3,1.61
2017-04-11 00:25:00,64,41,23,0,64.8,2.37
2017-04-11 00:30:00,33,16,17,0,60.3,1.41
2017-04-11 00:35:00,39,25,14,0,71.2,1.49
2017-04-11 00:40:00,46,25,20,1,59.9,1.67
2017-04-11 00:45:00,45,19,25,1,65.7,1.84
2017-04-11 00:50:00,52,23,29,0,65.7,1.89
2017-04-11 00:55:00,35,11,24,0,72.9,1.35
2017-04-11 01:00:00,26,18,8,0,62.9,0.96
2017-04-11 01:05:00,27,12,15,0,69.0,1.07
2017-04-11 01:10:00,37,17,20,0,60.0,1.49
2017-04-11 01:15:00,20,10,10,0,56.7,0.75
2017-04-11 01:20:00,34,18,16,0,63.2,1.3
2017-04-11 01:25:00,26,9,17,0,65.6,1.04
2017-04-11 01:30:00,27,13,14,0,54.1,1.28
2017-04-11 01:35:00,28,17,11,0,61.1,1.16
2017-04-11 01:40:00,29,19,10,0,53.5,1.48
2017-04-11 01:45:00,27,13,14,0,60.0,1.29
2017-04-11 01:50:00,31,15,16,0,59.9,1.73
2017-04-11 01:55:00,25,10,15,0,71.0,1.39
2017-04-11 02:00:00,28,12,16,0,62.5,1.19
2017-04-11 02:05:00,29,15,13,1,66.2,1.79
2017-04-11 02:10:00,30,16,14,0,57.9,2.75
2017-04-11 02:15:00,17,9,8,0,61.8,0.71
2017-04-11 02:20:00,22,10,12,0,58.9,1.01
2017-04-11 02:25:00,22,11,11,0,54.0,1.37
2017-04-11 02:30:00,28,21,7,0,62.9,1.84
2017-04-11 02:35:00,17,7,10,0,54.0,0.92
2017-04-11 02:40:00,27,13,14,0,59.9,1.37
2017-04-11 02:45:00,15,10,3,2,44.8,25.72
2017-04-11 02:50:00,19,9,10,0,55.8,1.05
2017-04-11 02:55:00,20,11,9,0,56.0,2.39
2017-04-11 03:00:00,28,22,6,0,56.1,1.91
2017-04-11 03:05:00,14,10,4,0,72.9,0.81
2017-04-11 03:10:00,26,14,11,1,56.9,2.33
2017-04-11 03:15:00,19,8,10,1,74.0,0.84
2017-04-11 03:20:00,20,9,10,1,66.2,1.54
2017-04-11 03:25:00,15,9,6,0,61.6,1.12
2017-04-11 03:30:00,23,14,9,0,55.1,1.5
2017-04-11 03:35:00,24,14,10,0,57.2,1.36
2017-04-11 03:40:00,17,11,5,1,82.3,1.16
2017-04-11 03:45:00,28,19,9,0,64.5,1.34
2017-04-11 03:50:00,29,19,9,1,59.4,2.49
2017-04-11 03:55:00,39,26,13,0,61.5,3.2
2017-04-11 04:00:00,33,22,10,1,56.2,2.01
2017-04-11 04:05:00,20,9,11,0,61.3,1.01
2017-04-11 04:10:00,37,27,10,0,51.7,2.33
2017-04-11 04:15:00,34,24,10,0,53.7,1.99
2017-04-11 04:20:00,37,21,16,0,61.0,5.36
2017-04-11 04:25:00,47,35,12,0,56.0,4.24
2017-04-11 04:30:00,46,26,20,0,61.9,2.57
2017-04-11 04:35:00,49,36,13,0,54.2,3.55
2017-04-11 04:40:00,46,29,17,0,53.5,2.62
2017-04-11 04:45:00,41,28,12,1,65.9,5.49
2017-04-11 04:50:00,53,32,21,0,52.7,4.83
2017-04-11 04:55:00,42,31,11,0,60.2,4.79
2017-04-11 05:00:00,63,41,22,0,56.5,18.11
2017-04-11 05:05:00,51,32,18,1,53.7,6.28
2017-04-11 05:10:00,52,31,20,1,55.5,5.89
2017-04-11 05:15:00,69,56,12,1,50.3,5.67
2017-04-11 05:20:00,64,44,20,0,56.9,4.14
2017-04-11 05:25:00,64,41,21,2,55.6,6.76
2017-04-11 05:30:00,75,55,18,2,55.5,9.88
2017-04-11 05:35:00,104,82,20,2,52.2,6.74
2017-04-11 05:40:00,101,71,30,0,57.3,9.78
2017-04-11 05:45:00,102,80,20,2,52.3,17.24
2017-04-11 05:50:00,89,52,32,5,48.7,30.49
2017-04-11 05:55:00,104,51,45,8,46.6,11.44
2017-04-11 06:00:00,107,51,52,4,51.0,6.68
2017-04-11 06:05:00,127,47,76,4,48.5,7.95
2017-04-11 06:10:00,168,66,94,8,51.3,9.12
2017-04-11 06:15:00,177,63,113,1,53.5,9.06
2017-04-11 06:20:00,157,58,98,1,56.0,7.04
2017-04-11 06:25:00,171,56,114,1,55.1,7.52
2017-04-11 06:30:00,163,73,88,2,56.4,6.94
2017-04-11 06:35:00,171,67,99,5,54.1,7.5
2017-04-11 06:40:00,170,63,106,1,53.8,7.47
2017-04-11 06:45:00,205,96,108,1,55.8,8.49
2017-04-11 06:50:00,220,85,133,2,53.3,9.0
2017-04-11 06:55:00,223,93,129,1,54.2,9.11
2017-04-11 07:00:00,218,100,117,1,57.3,8.68
2017-04-11 07:05:00,238,104,132,2,50.4,11.05
2017-04-11 07:10:00,214,90,124,0,51.1,19.73
2017-04-11 07:15:00,263,119,144,0,50.8,10.97
2017-04-11 07:20:00,270,118,147,5,50.0,13.29
2017-04-11 07:25:00,279,134,144,1,52.3,11.31
2017-04-11 07:30:00,293,128,163,2,48.4,12.92
2017-04-11 07:35:00,298,152,144,2,42.5,23.99
2017-04-11 07:40:00,274,145,125,4,38.8,31.57
2017-04-11 07:45:00,257,119,134,4,32.8,45.05
2017-04-11 07:50:00,240,123,112,5,31.3,46.38
2017-04-11 07:55:00,266,131,128,7,30.1,42.01
2017-04-11 08:00:00,245,115,127,3,32.4,40.62
2017-04-11 08:05:00,278,138,135,5,33.5,38.84
2017-04-11 08:10:00,273,149,115,9,36.7,34.76
2017-04-11 08:15:00,291,139,148,4,37.8,32.71
2017-04-11 08:20:00,293,160,128,5,36.5,35.15
2017-04-11 08:25:00,253,124,127,2,34.8,37.56
2017-04-11 08:30:00,277,134,139,4,39.2,24.44
2017-04-11 08:35:00,251,105,144,2,47.4,14.73
2017-04-11 08:40:00,273,128,141,4,49.4,11.68
2017-04-11 08:45:00,266,120,145,1,50.2,10.38
2017-04-11 08:50:00,267,121,144,2,53.8,10.01
2017-04-11 08:55:00,246,110,135,1,53.3,9.54
2017-04-11 09:00:00,234,101,131,2,53.1,9.06
2017-04-11 09:05:00,235,109,125,1,54.0,8.79
2017-04-11 09:10:00,229,97,130,2,52.1,8.68
2017-04-11 09:15:00,219,97,121,1,55.3,8.36
2017-04-11 09:20:00,237,122,109,6,53.9,8.65
2017-04-11 09:25:00,242,120,119,3,54.8,9.57
2017-04-11 09:30:00,242,119,119,4,55.6,9.18
2017-04-11 09:35:00,222,95,127,0,55.2,8.36
2017-04-11 09:40:00,214,89,124,1,55.2,8.0
2017-04-11 09:45:00,221,80,138,3,53.7,9.01
2017-04-11 09:50:00,212,99,112,1,56.0,7.83
2017-04-11 09:55:00,203,87,113,3,53.5,8.09
2017-04-11 10:00:00,204,78,125,1,56.1,7.69
2017-04-11 10:05:00,215,94,119,2,55.2,8.36
2017-04-11 10:10:00,206,87,114,5,58.7,7.45
2017-04-11 10:15:00,214,97,116,1,58.6,7.71
2017-04-11 10:20:00,213,82,128,3,55.6,7.61
2017-04-11 10:25:00,208,79,127,2,56.5,7.78
2017-04-11 10:30:00,193,90,101,2,56.6,7.02
2017-04-11 10:35:00,177,69,107,1,56.3,6.79
2017-04-11 10:40:00,192,76,116,0,54.6,7.19
2017-04-11 10:45:00,201,81,112,8,56.1,7.65
2017-04-11 10:50:00,193,72,119,2,55.9,7.16
2017-04-11 10:55:00,198,83,114,1,56.1,8.75
2017-04-11 11:00:00,157,68,87,2,58.2,5.85
2017-04-11 11:05:00,203,96,107,0,55.8,7.94
2017-04-11 11:10:00,163,72,88,3,56.6,10.58
2017-04-11 11:15:00,137,74,63,0,61.3,4.89
2017-04-11 11:20:00,138,60,73,5,60.7,6.51
2017-04-11 11:25:00,178,84,92,2,60.5,10.13
2017-04-11 11:30:00,186,81,103,2,58.3,9.4
2017-04-11 11:35:00,186,83,99,4,57.6,8.73
2017-04-11 11:40:00,173,79,94,0,59.4,8.76
2017-04-11 11:45:00,176,73,103,0,60.5,7.21
2017-04-11 11:50:00,188,69,116,3,57.4,7.1
2017-04-11 11:55:00,141,60,81,0,56.2,5.29
2017-04-11 12:00:00,152,53,97,2,57.5,6.2
2017-04-11 12:05:00,187,79,106,2,55.1,6.46
2017-04-11 12:10:00,168,65,102,1,57.9,6.1
2017-04-11 12:15:00,177,67,107,3,55.8,7.59
2017-04-11 12:20:00,145,57,88,0,62.3,10.75
2017-04-11 12:25:00,151,55,96,0,59.1,9.59
2017-04-11 12:30:00,162,73,89,0,58.0,6.4
2017-04-11 12:35:00,156,60,93,3,56.6,5.77
2017-04-11 12:40:00,161,73,86,2,58.2,5.84
2017-04-11 12:45:00,157,64,93,0,62.6,5.66
2017-04-11 12:50:00,163,77,83,3,57.7,6.23
2017-04-11 12:55:00,180,72,106,2,59.3,6.77
2017-04-11 13:00:00,174,81,93,0,61.9,6.09
2017-04-11 13:05:00,176,79,97,0,55.1,6.97
2017-04-11 13:10:00,169,76,91,2,60.3,6.04
2017-04-11 13:15:00,158,63,95,0,57.7,5.77
2017-04-11 13:20:00,155,61,94,0,57.1,5.61
2017-04-11 13:25:00,218,80,135,3,56.5,8.21
2017-04-11 13:30:00,183,72,110,1,56.1,6.82
2017-04-11 13:35:00,192,81,109,2,57.1,7.28
2017-04-11 13:40:00,210,89,120,1,57.4,7.8
2017-04-11 13:45:00,207,83,124,0,54.6,7.46
2017-04-11 13:50:00,200,76,122,2,55.5,7.57
2017-04-11 13:55:00,183,74,107,2,56.0,7.13
2017-04-11 14:00:00,165,78,86,1,57.2,6.08
2017-04-11 14:05:00,180,76,104,0,55.9,6.84
2017-04-11 14:10:00,197,81,115,1,56.6,7.67
2017-04-11 14:15:00,199,83,113,3,58.8,7.11
2017-04-11 14:20:00,183,76,107,0,60.2,6.46
2017-04-11 14:25:00,188,80,108,0,55.1,6.8
2017-04-11 14:30:00,180,66,109,5,53.0,6.87
2017-04-11 14:35:00,116,48,68,0,55.8,4.71
2017-04-11 14:40:00,148,49,98,1,58.2,5.31
2017-04-11 14:45:00,174,72,98,4,58.4,5.99
2017-04-11 14:50:00,195,64,131,0,57.4,7.05
2017-04-11 14:55:00,199,75,123,1,56.5,7.73
2017-04-11 15:00:00,170,59,111,0,54.9,6.1
2017-04-11 15:05:00,209,65,143,1,55.8,7.81
2017-04-11 15:10:00,171,77,92,2,57.9,6.71
2017-04-11 15:15:00,175,66,106,3,53.5,11.95
2017-04-11 15:20:00,184,75,108,1,55.1,6.79
2017-04-11 15:25:00,171,77,94,0,57.6,6.41
2017-04-11 15:30:00,209,94,113,2,56.7,10.35
2017-04-11 15:35:00,197,81,114,2,57.3,7.5
2017-04-11 15:40:00,199,74,122,3,57.0,7.55
2017-04-11 15:45:00,206,86,117,3,57.0,7.72
2017-04-11 15:50:00,167,78,87,2,57.7,6.23
2017-04-11 15:55:00,188,89,97,2,52.7,12.94
2017-04-11 16:00:00,184,84,100,0,56.0,10.09
2017-04-11 16:05:00,181,78,101,2,55.3,6.29
2017-04-11 16:10:00,179,79,98,2,58.7,6.28
2017-04-11 16:15:00,200,94,105,1,57.1,7.06
2017-04-11 16:20:00,205,85,118,2,54.3,7.68
2017-04-11 16:25:00,204,71,133,0,55.6,7.08
2017-04-11 16:30:00,172,60,109,3,58.4,5.78
2017-04-11 16:35:00,183,83,100,0,56.2,6.36
2017-04-11 16:40:00,187,68,116,3,57.1,6.72
2017-04-11 16:45:00,205,75,129,1,53.4,7.22
2017-04-11 16:50:00,185,91,94,0,56.1,6.23
2017-04-11 16:55:00,201,83,116,2,55.4,7.16
2017-04-11 17:00:00,204,86,118,0,57.6,6.98
2017-04-11 17:05:00,178,74,104,0,55.8,5.78
2017-04-11 17:10:00,216,98,117,1,51.9,7.85
2017-04-11 17:15:00,180,76,102,2,54.6,6.49
2017-04-11 17:20:00,183,70,112,1,51.1,9.25
2017-04-11 17:25:00,202,80,120,2,55.2,6.98
2017-04-11 17:30:00,197,89,108,0,56.7,6.69
2017-04-11 17:35:00,213,96,116,1,55.7,6.94
2017-04-11 17:40:00,197,90,107,0,57.2,6.49
2017-04-11 17:45:00,195,86,106,3,55.6,6.69
2017-04-11 17:50:00,184,82,101,1,54.2,6.25
2017-04-11 17:55:00,180,82,94,4,54.5,6.36
2017-04-11 18:00:00,167,74,90,3,56.9,5.9
2017-04-11 18:05:00,179,74,105,0,57.7,6.1
2017-04-11 18:10:00,198,88,110,0,57.8,6.34
2017-04-11 18:15:00,202,85,117,0,59.5,6.52
2017-04-11 18:20:00,213,99,114,0,55.5,7.68
2017-04-11 18:25:00,228,101,126,1,55.1,7.94
2017-04-11 18:30:00,208,79,129,0,56.5,7.04
2017-04-11 18:35:00,209,81,126,2,53.4,8.86
2017-04-11 18:40:00,176,76,100,0,54.3,6.19
2017-04-11 18:45:00,196,85,111,0,57.5,6.45
2017-04-11 18:50:00,194,84,110,0,56.8,6.45
2017-04-11 18:55:00,176,87,89,0,57.8,5.68
2017-04-11 19:00:00,171,82,89,0,56.4,5.74
2017-04-11 19:05:00,190,72,116,2,54.2,7.73
2017-04-11 19:10:00,168,101,65,2,53.9,6.33
2017-04-11 19:15:00,192,159,31,2,54.5,7.52
2017-04-11 19:20:00,165,117,48,0,54.4,6.98
2017-04-11 19:25:00,151,116,35,0,54.2,6.59
2017-04-11 19:30:00,179,131,48,0,53.2,7.17
2017-04-11 19:35:00,159,110,49,0,55.0,6.43
2017-04-11 19:40:00,157,115,41,1,58.6,6.33
2017-04-11 19:45:00,147,114,33,0,54.2,6.56
2017-04-11 19:50:00,149,104,44,1,57.4,6.48
2017-04-11 19:55:00,121,90,31,0,56.8,5.31
2017-04-11 20:00:00,128,97,31,0,55.4,5.41
2017-04-11 20:05:00,107,77,30,0,58.5,4.63
2017-04-11 20:10:00,140,92,47,1,57.1,5.76
2017-04-11 20:15:00,168,131,36,1,57.6,6.96
2017-04-11 20:20:00,157,102,55,0,55.7,6.11
2017-04-11 20:25:00,128,91,36,1,57.2,5.35
2017-04-11 20:30:00,122,87,34,1,57.6,5.08
2017-04-11 20:35:00,125,89,36,0,54.2,5.02
2017-04-11 20:40:00,125,93,30,2,56.3,5.17
2017-04-11 20:45:00,135,93,42,0,57.2,6.15
2017-04-11 20:50:00,153,126,27,0,54.2,6.18
2017-04-11 20:55:00,143,117,26,0,54.7,5.99
2017-04-11 21:00:00,136,85,51,0,57.4,5.75
2017-04-11 21:05:00,160,109,50,1,55.2,6.75
2017-04-11 21:10:00,157,106,51,0,55.4,6.38
2017-04-11 21:15:00,168,126,42,0,54.2,6.93
2017-04-11 21:20:00,137,98,39,0,59.4,5.47
2017-04-11 21:25:00,132,95,37,0,53.2,5.53
2017-04-11 21:30:00,125,84,41,0,57.5,5.31
2017-04-11 21:35:00,131,102,29,0,57.3,5.73
2017-04-11 21:40:00,126,95,31,0,57.4,4.71
2017-04-11 21:45:00,146,99,46,1,57.5,5.78
2017-04-11 21:50:00,115,83,32,0,60.4,4.63
2017-04-11 21:55:00,121,75,46,0,58.3,5.49
2017-04-11 22:00:00,113,86,27,0,57.4,4.77
2017-04-11 22:05:00,129,95,34,0,57.3,5.63
2017-04-11 22:10:00,121,77,44,0,59.6,4.94
2017-04-11 22:15:00,113,79,34,0,58.9,4.77
2017-04-11 22:20:00,120,75,43,2,59.6,4.83
2017-04-11 22:25:00,114,81,33,0,59.4,4.49
2017-04-11 22:30:00,101,62,39,0,60.6,3.96
2017-04-11 22:35:00,85,57,27,1,59.7,3.0
2017-04-11 22:40:00,116,84,32,0,59.8,4.82
2017-04-11 22:45:00,79,58,21,0,59.6,3.52
2017-04-11 22:50:00,110,61,49,0,58.9,4.55
2017-04-11 22:55:00,75,47,27,1,64.4,2.87
2017-04-11 23:00:00,97,68,29,0,63.8,4.18
2017-04-11 23:05:00,102,64,38,0,60.1,4.28
2017-04-11 23:10:00,107,70,37,0,64.0,4.35
2017-04-11 23:15:00,93,55,37,1,67.3,3.78
2017-04-11 23:20:00,88,52,36,0,63.2,3.66
2017-04-11 23:25:00,69,38,31,0,62.7,2.58
2017-04-11 23:30:00,74,41,33,0,63.5,3.07
2017-04-11 23:35:00,77,54,23,0,65.0,3.09
2017-04-11 23:40:00,79,49,30,0,64.5,3.43
2017-04-11 23:45:00,59,34,25,0,71.9,2.15
2017-04-11 23:50:00,61,33,28,0,64.1,2.36
2017-04-11 23:55:00,65,46,19,0,67.7,2.53
2017-04-12 00:00:00,45,22,23,0,65.1,1.69
2017-04-12 00:05:00,44,32,12,0,60.4,1.65
2017-04-12 00:10:00,64,43,21,0,61.2,2.4
2017-04-12 00:15:00,66,46,20,0,57.5,2.86
2017-04-12 00:20:00,62,40,22,0,63.4,2.61
2017-04-12 00:25:00,48,27,21,0,65.0,1.99
2017-04-12 00:30:00,38,22,16,0,65.8,1.43
2017-04-12 00:35:00,40,24,16,0,55.8,1.88
2017-04-12 00:40:00,41,25,16,0,63.0,1.57
2017-04-12 00:45:00,39,23,16,0,56.0,1.79
2017-04-12 00:50:00,37,18,19,0,70.2,1.47
2017-04-12 00:55:00,39,19,20,0,66.8,1.3
2017-04-12 01:00:00,54,24,29,1,67.3,2.18
2017-04-12 01:05:00,44,27,16,1,63.1,1.84
2017-04-12 01:10:00,20,14,6,0,63.3,0.78
2017-04-12 01:15:00,27,11,16,0,69.1,0.9
2017-04-12 01:20:00,28,15,13,0,73.0,0.97
2017-04-12 01:25:00,37,18,19,0,61.3,1.59
2017-04-12 01:30:00,35,23,12,0,65.4,1.4
2017-04-12 01:35:00,29,16,13,0,59.3,1.14
2017-04-12 01:40:00,35,14,21,0,65.1,1.43
2017-04-12 01:45:00,39,18,21,0,62.2,1.57
2017-04-12 01:50:00,21,13,8,0,68.7,0.88
2017-04-12 01:55:00,25,15,10,0,66.2,0.98
2017-04-12 02:00:00,23,16,7,0,69.8,1.03
2017-04-12 02:05:00,22,10,12,0,58.8,0.96
2017-04-12 02:10:00,18,6,12,0,60.3,0.82
2017-04-12 02:15:00,28,20,8,0,61.6,1.1
2017-04-12 02:20:00,26,13,13,0,63.9,1.07
2017-04-12 02:25:00,17,10,7,0,66.0,0.68
2017-04-12 02:30:00,17,9,8,0,57.5,0.7
2017-04-12 02:35:00,21,13,8,0,66.8,0.78
2017-04-12 02:40:00,24,12,12,0,64.8,0.92
2017-04-12 02:45:00,26,19,7,0,66.4,0.94
2017-04-12 02:50:00,22,15,7,0,67.8,0.82
2017-04-12 02:55:00,20,14,6,0,56.4,0.85
2017-04-12 03:00:00,19,12,7,0,72.4,0.61
2017-04-12 03:05:00,18,9,8,1,67.8,0.75
2017-04-12 03:10:00,27,16,11,0,67.3,1.09
2017-04-12 03:15:00,19,11,8,0,64.5,0.93
2017-04-12 03:20:00,18,10,8,0,66.1,0.7
2017-04-12 03:25:00,19,12,7,0,63.9,0.75
2017-04-12 03:30:00,21,13,8,0,66.4,0.86
2017-04-12 03:35:00,23,13,10,0,65.5,1.01
2017-04-12 03:40:00,29,13,15,1,64.2,1.12
2017-04-12 03:45:00,26,18,8,0,65.0,1.1
2017-04-12 03:50:00,33,21,12,0,58.9,1.43
2017-04-12 03:55:00,32,23,8,1,64.3,1.26
2017-04-12 04:00:00,32,20,12,0,63.4,1.49
2017-04-12 04:05:00,37,25,12,0,67.1,1.45
2017-04-12 04:10:00,25,11,13,1,65.2,1.1
2017-04-12 04:15:00,32,22,10,0,63.8,1.16
2017-04-12 04:20:00,41,32,9,0,66.5,1.5
2017-04-12 04:25:00,41,27,14,0,64.7,1.6
2017-04-12 04:30:00,56,33,23,0,66.4,2.28
2017-04-12 04:35:00,58,40,18,0,64.0,2.44
2017-04-12 04:40:00,39,26,13,0,60.0,1.64
2017-04-12 04:45:00,54,35,19,0,63.2,2.22
2017-04-12 04:50:00,48,27,21,0,65.8,1.95
2017-04-12 04:55:00,49,35,14,0,62.7,1.99
2017-04-12 05:00:00,68,45,23,0,62.1,2.82
2017-04-12 05:05:00,63,37,26,0,66.3,2.39
2017-04-12 05:10:00,64,39,25,0,59.5,2.5
2017-04-12 05:15:00,76,46,30,0,57.4,3.46
2017-04-12 05:20:00,69,47,22,0,58.6,2.85
2017-04-12 05:25:00,74,50,23,1,58.2,3.24
2017-04-12 05:30:00,85,55,28,2,56.2,3.71
2017-04-12 05:35:00,122,95,26,1,59.8,5.17
2017-04-12 05:40:00,115,78,37,0,60.4,4.64
2017-04-12 05:45:00,127,81,46,0,63.9,4.92
2017-04-12 05:50:00,113,58,55,0,61.1,4.7
2017-04-12 05:55:00,130,56,73,1,63.1,5.06
2017-04-12 06:00:00,150,53,97,0,62.3,5.42
2017-04-12 06:05:00,151,68,80,3,64.1,5.29
2017-04-12 06:10:00,178,73,104,1,62.9,5.93
2017-04-12 06:15:00,189,89,99,1,60.3,6.4
2017-04-12 06:20:00,166,71,94,1,57.1,6.31
2017-04-12 06:25:00,201,75,119,7,59.9,7.49
2017-04-12 06:30:00,184,85,97,2,58.4,6.5
2017-04-12 06:35:00,179,70,109,0,58.7,6.0
2017-04-12 06:40:00,197,78,116,3,57.1,7.22
2017-04-12 06:45:00,223,87,131,5,60.2,7.6
2017-04-12 06:50:00,250,130,115,5,57.7,8.89
2017-04-12 06:55:00,280,140,138,2,56.6,10.03
2017-04-12 07:00:00,227,101,123,3,59.0,8.08
2017-04-12 07:05:00,247,120,126,1,56.9,9.04
2017-04-12 07:10:00,272,156,114,2,56.5,9.6
2017-04-12 07:15:00,266,148,113,5,55.8,10.5
2017-04-12 07:20:00,294,158,134,2,56.4,9.71
2017-04-12 07:25:00,335,187,147,1,53.3,11.43
2017-04-12 07:30:00,326,188,136,2,53.7,17.66
2017-04-12 07:35:00,281,136,134,11,43.9,30.43
2017-04-12 07:40:00,326,168,151,7,41.3,27.75
2017-04-12 07:45:00,278,145,126,7,45.8,32.21
2017-04-12 07:50:00,294,166,128,0,52.4,11.91
2017-04-12 07:55:00,292,135,154,3,54.9,10.61
2017-04-12 08:00:00,290,139,148,3,51.4,10.97
2017-04-12 08:05:00,297,160,136,1,46.0,30.0
2017-04-12 08:10:00,301,154,144,3,47.1,20.91
2017-04-12 08:15:00,292,161,128,3,46.5,28.7
2017-04-12 08:20:00,307,155,147,5,55.3,10.97
2017-04-12 08:25:00,291,158,132,1,56.5,9.87
2017-04-12 08:30:00,310,177,131,2,52.7,11.13
2017-04-12 08:35:00,264,127,133,4,51.5,11.66
2017-04-12 08:40:00,246,137,102,7,46.0,29.75
2017-04-12 08:45:00,245,125,117,3,58.2,8.56
2017-04-12 08:50:00,260,151,106,3,59.6,8.59
2017-04-12 08:55:00,284,149,134,1,57.1,10.06
2017-04-12 09:00:00,231,102,128,1,56.5,8.23
2017-04-12 09:05:00,250,111,134,5,54.6,9.5
2017-04-12 09:10:00,214,106,105,3,54.5,10.57
2017-04-12 09:15:00,210,105,105,0,55.9,8.07
2017-04-12 09:20:00,237,130,105,2,53.9,9.75
2017-04-12 09:25:00,237,122,113,2,58.4,8.48
2017-04-12 09:30:00,170,96,71,3,56.7,9.95
2017-04-12 09:35:00,251,121,125,5,60.0,9.35
2017-04-12 09:40:00,231,105,125,1,55.9,10.38
2017-04-12 09:45:00,226,106,116,4,57.0,9.67
2017-04-12 09:50:00,187,97,86,4,56.9,7.27
2017-04-12 09:55:00,185,102,83,0,57.3,6.87
2017-04-12 10:00:00,185,98,81,6,56.4,8.82
2017-04-12 10:05:00,234,125,108,1,56.2,9.9
2017-04-12 10:10:00,200,99,100,1,59.2,9.69
2017-04-12 10:15:00,193,92,98,3,61.6,6.99
2017-04-12 10:20:00,185,83,100,2,55.1,7.49
2017-04-12 10:25:00,184,82,101,1,58.1,6.85
2017-04-12 10:30:00,200,100,99,1,55.6,7.3
2017-04-12 10:35:00,190,89,100,1,56.7,7.04
2017-04-12 10:40:00,182,73,109,0,56.5,6.86
2017-04-12 10:45:00,187,84,101,2,55.4,7.46
2017-04-12 10:50:00,204,87,116,1,53.1,9.63
2017-04-12 10:55:00,159,63,94,2,56.0,6.18
2017-04-12 11:00:00,185,73,112,0,56.8,6.75
2017-04-12 11:05:00,177,86,89,2,54.0,7.06
2017-04-12 11:10:00,160,68,91,1,55.0,7.29
2017-04-12 11:15:00,154,80,72,2,57.0,6.63
2017-04-12 11:20:00,160,77,82,1,57.8,6.64
2017-04-12 11:25:00,176,81,93,2,56.5,10.37
2017-04-12 11:30:00,183,84,94,5,58.5,8.24
2017-04-12 11:35:00,167,80,87,0,58.4,7.2
2017-04-12 11:40:00,174,70,104,0,59.5,7.83
2017-04-12 11:45:00,155,60,93,2,60.1,6.85
2017-04-12 11:50:00,138,57,80,1,60.1,7.07
2017-04-12 11:55:00,179,80,97,2,57.6,8.16
2017-04-12 12:00:00,180,80,97,3,54.2,7.48
2017-04-12 12:05:00,155,60,95,0,61.2,5.7
2017-04-12 12:10:00,165,56,109,0,60.1,6.35
2017-04-12 12:15:00,178,68,106,4,60.0,6.57
2017-04-12 12:20:00,182,72,109,1,57.0,6.86
2017-04-12 12:25:00,149,63,85,1,58.3,5.49
2017-04-12 12:30:00,167,68,98,1,56.9,6.56
2017-04-12 12:35:00,146,51,95,0,58.0,5.41
2017-04-12 12:40:00,164,57,107,0,56.2,6.32
2017-04-12 12:45:00,144,53,90,1,61.0,5.23
2017-04-12 12:50:00,184,75,108,1,58.0,6.86
2017-04-12 12:55:00,166,71,93,2,59.2,6.48
2017-04-12 13:00:00,190,90,100,0,56.2,7.52
2017-04-12 13:05:00,166,55,111,0,55.5,6.74
2017-04-12 13:10:00,182,59,123,0,54.0,6.85
2017-04-12 13:15:00,160,60,100,0,58.1,5.91
2017-04-12 13:20:00,202,81,118,3,46.6,12.57
2017-04-12 13:25:00,257,97,159,1,48.7,13.93
2017-04-12 13:30:00,269,103,163,3,51.2,12.58
2017-04-12 13:35:00,223,96,126,1,45.4,12.22
2017-04-12 13:40:00,193,71,120,2,57.2,7.3
2017-04-12 13:45:00,208,72,135,1,57.1,7.68
2017-04-12 13:50:00,148,44,104,0,61.2,5.39
2017-04-12 13:55:00,185,75,110,0,55.4,7.12
2017-04-12 14:00:00,184,71,112,1,53.2,7.74
2017-04-12 14:05:00,212,87,124,1,52.0,9.65
2017-04-12 14:10:00,202,64,137,1,55.2,8.36
2017-04-12 14:15:00,203,84,117,2,59.8,8.56
2017-04-12 14:20:00,209,77,130,2,57.4,8.92
2017-04-12 14:25:00,196,83,112,1,52.6,7.64
2017-04-12 14:30:00,198,76,122,0,56.6,7.44
2017-04-12 14:35:00,177,87,89,1,53.5,7.7
2017-04-12 14:40:00,184,64,120,0,56.8,6.9
2017-04-12 14:45:00,204,70,133,1,58.2,7.54
2017-04-12 14:50:00,201,85,113,3,56.1,8.85
2017-04-12 14:55:00,179,71,107,1,62.4,6.41
2017-04-12 15:00:00,198,84,111,3,54.8,7.19
2017-04-12 15:05:00,178,61,115,2,51.8,7.16
2017-04-12 15:10:00,175,75,100,0,54.7,6.32
2017-04-12 15:15:00,178,67,110,1,54.8,6.42
2017-04-12 15:20:00,175,80,95,0,54.9,6.07
2017-04-12 15:25:00,186,74,112,0,54.6,6.86
2017-04-12 15:30:00,204,86,118,0,53.1,7.84
2017-04-12 15:35:00,205,91,112,2,54.1,7.47
2017-04-12 15:40:00,188,84,103,1,56.2,6.54
2017-04-12 15:45:00,194,94,98,2,55.2,6.85
2017-04-12 15:50:00,181,80,99,2,57.7,5.95
2017-04-12 15:55:00,177,90,87,0,54.8,5.76
2017-04-12 16:00:00,195,92,102,1,55.9,6.47
2017-04-12 16:05:00,180,91,87,2,55.7,5.82
2017-04-12 16:10:00,209,102,106,1,57.6,7.38
2017-04-12 16:15:00,214,103,110,1,56.4,7.72
2017-04-12 16:20:00,220,96,116,8,55.7,7.56
2017-04-12 16:25:00,184,86,97,1,55.9,9.2
2017-04-12 16:30:00,197,100,92,5,51.7,7.05
2017-04-12 16:35:00,179,98,81,0,56.5,13.66
2017-04-12 16:40:00,186,107,78,1,54.8,6.61
2017-04-12 16:45:00,224,130,93,1,53.4,14.32
2017-04-12 16:50:00,210,114,96,0,53.3,10.88
2017-04-12 16:55:00,207,121,85,1,55.7,12.46
2017-04-12 17:00:00,228,110,113,5,56.0,7.9
2017-04-12 17:05:00,213,122,89,2,52.2,7.84
2017-04-12 17:10:00,197,93,101,3,53.7,7.09
2017-04-12 17:15:00,191,91,99,1,57.0,6.57
2017-04-12 17:20:00,189,90,99,0,54.7,6.68
2017-04-12 17:25:00,214,96,118,0,54.9,7.66
2017-04-12 17:30:00,181,96,85,0,56.3,6.16
2017-04-12 17:35:00,215,100,115,0,55.9,7.22
2017-04-12 17:40:00,206,91,114,1,57.9,6.8
2017-04-12 17:45:00,188,95,92,1,55.0,6.56
2017-04-12 17:50:00,175,72,103,0,60.3,5.75
2017-04-12 17:55:00,194,87,105,2,57.8,6.2
2017-04-12 18:00:00,156,66,90,0,54.8,5.33
2017-04-12 18:05:00,196,82,114,0,56.8,6.62
2017-04-12 18:10:00,181,85,96,0,58.4,5.65
2017-04-12 18:15:00,233,102,131,0,54.9,8.21
2017-04-12 18:20:00,238,122,113,3,51.3,9.84
2017-04-12 18:25:00,214,105,108,1,58.1,6.98
2017-04-12 18:30:00,182,73,109,0,54.9,6.34
2017-04-12 18:35:00,192,82,107,3,56.4,6.73
2017-04-12 18:40:00,185,71,113,1,56.2,6.75
2017-04-12 18:45:00,214,106,108,0,57.9,6.81
2017-04-12 18:50:00,214,93,119,2,57.6,6.92
2017-04-12 18:55:00,184,99,85,0,58.1,6.13
2017-04-12 19:00:00,191,71,120,0,57.6,6.47
2017-04-12 19:05:00,189,73,116,0,55.3,7.69
2017-04-12 19:10:00,172,92,77,3,53.0,6.74
2017-04-12 19:15:00,153,126,26,1,56.4,5.59
2017-04-12 19:20:00,151,120,31,0,54.7,5.83
2017-04-12 19:25:00,175,141,34,0,52.9,7.17
2017-04-12 19:30:00,171,140,30,1,52.7,7.19
2017-04-12 19:35:00,170,129,41,0,53.0,7.23
2017-04-12 19:40:00,147,108,39,0,55.8,6.29
2017-04-12 19:45:00,182,144,36,2,50.2,7.94
2017-04-12 19:50:00,159,127,32,0,55.1,7.55
2017-04-12 19:55:00,144,110,33,1,54.7,5.69
2017-04-12 20:00:00,110,75,35,0,53.0,4.57
2017-04-12 20:05:00,146,102,44,0,58.5,5.89
2017-04-12 20:10:00,132,104,28,0,53.7,6.05
2017-04-12 20:15:00,124,92,32,0,58.6,4.94
2017-04-12 20:20:00,169,122,47,0,53.2,7.37
2017-04-12 20:25:00,148,111,37,0,55.6,5.94
2017-04-12 20:30:00,131,98,33,0,53.4,5.71
2017-04-12 20:35:00,145,104,41,0,55.4,5.56
2017-04-12 20:40:00,150,107,42,1,54.7,6.26
2017-04-12 20:45:00,157,116,39,2,56.0,6.52
2017-04-12 20:50:00,191,151,40,0,51.7,7.76
2017-04-12 20:55:00,153,115,38,0,55.9,6.33
2017-04-12 21:00:00,153,116,37,0,59.6,6.18
2017-04-12 21:05:00,128,88,40,0,60.8,5.28
2017-04-12 21:10:00,141,104,36,1,59.2,5.33
2017-04-12 21:15:00,136,101,35,0,57.6,5.97
2017-04-12 21:20:00,152,114,38,0,52.8,6.43
2017-04-12 21:25:00,150,125,25,0,55.6,5.97
2017-04-12 21:30:00,135,96,39,0,58.3,5.01
2017-04-12 21:35:00,160,121,39,0,56.9,6.2
2017-04-12 21:40:00,161,111,50,0,54.4,6.84
2017-04-12 21:45:00,138,105,33,0,58.0,5.66
2017-04-12 21:50:00,140,99,41,0,57.8,5.68
2017-04-12 21:55:00,140,104,35,1,55.6,5.49
2017-04-12 22:00:00,131,91,39,1,60.8,5.02
2017-04-12 22:05:00,132,99,33,0,57.3,5.71
2017-04-12 22:10:00,150,108,42,0,57.4,5.7
2017-04-12 22:15:00,154,109,45,0,57.1,6.55
2017-04-12 22:20:00,112,80,32,0,59.2,4.79
2017-04-12 22:25:00,95,60,35,0,60.9,3.9
2017-04-12 22:30:00,114,73,41,0,60.8,4.44
2017-04-12 22:35:00,109,80,29,0,63.6,4.29
2017-04-12 22:40:00,103,70,33,0,59.8,4.22
2017-04-12 22:45:00,104,65,39,0,58.4,4.47
2017-04-12 22:50:00,99,67,32,0,57.6,4.59
2017-04-12 22:55:00,75,46,29,0,59.3,3.17
2017-04-12 23:00:00,113,85,28,0,59.5,4.09
2017-04-12 23:05:00,87,59,27,1,61.5,3.66
2017-04-12 23:10:00,119,80,39,0,61.8,5.05
2017-04-12 23:15:00,125,82,43,0,64.8,4.93
2017-04-12 23:20:00,109,66,43,0,62.2,4.4
2017-04-12 23:25:00,96,49,47,0,64.2,3.7
2017-04-12 23:30:00,68,36,32,0,63.7,2.73
2017-04-12 23:35:00,80,53,27,0,65.9,3.03
2017-04-12 23:40:00,62,36,26,0,62.9,2.83
2017-04-12 23:45:00,66,41,25,0,61.8,3.14
2017-04-12 23:50:00,64,35,29,0,69.3,2.19
2017-04-12 23:55:00,59,29,30,0,63.6,2.22
2017-04-13 00:00:00,44,29,15,0,67.9,1.71
2017-04-13 00:05:00,77,55,22,0,62.0,2.78
2017-04-13 00:10:00,55,34,21,0,62.8,2.13
2017-04-13 00:15:00,51,32,19,0,65.7,2.19
2017-04-13 00:20:00,75,52,23,0,60.5,2.96
2017-04-13 00:25:00,36,17,19,0,59.0,1.32
2017-04-13 00:30:00,37,23,14,0,64.5,1.26
2017-04-13 00:35:00,40,24,16,0,59.9,1.53
2017-04-13 00:40:00,41,23,17,1,68.4,1.59
2017-04-13 00:45:00,42,23,19,0,62.4,1.74
2017-04-13 00:50:00,44,29,15,0,63.2,1.79
2017-04-13 00:55:00,32,19,13,0,66.4,1.17
2017-04-13 01:00:00,45,29,16,0,64.8,1.91
2017-04-13 01:05:00,31,19,12,0,65.7,1.18
2017-04-13 01:10:00,33,20,13,0,63.0,1.28
2017-04-13 01:15:00,29,21,8,0,57.1,1.43
2017-04-13 01:20:00,21,16,5,0,58.3,1.06
2017-04-13 01:25:00,35,22,13,0,70.9,4.77
2017-04-13 01:30:00,37,19,18,0,62.2,1.68
2017-04-13 01:35:00,28,14,14,0,65.0,1.16
2017-04-13 01:40:00,24,15,9,0,61.0,0.95
2017-04-13 01:45:00,20,12,8,0,60.3,0.85
2017-04-13 01:50:00,28,14,14,0,64.5,1.06
2017-04-13 01:55:00,28,17,11,0,66.6,1.12
2017-04-13 02:00:00,23,13,10,0,66.0,0.91
2017-04-13 02:05:00,27,16,11,0,67.5,1.95
2017-04-13 02:10:00,19,8,10,1,83.2,0.71
2017-04-13 02:15:00,21,13,8,0,63.5,0.86
2017-04-13 02:20:00,23,13,10,0,65.0,0.88
2017-04-13 02:25:00,23,10,12,1,58.3,0.99
2017-04-13 02:30:00,15,8,7,0,64.0,0.82
2017-04-13 02:35:00,21,9,12,0,68.9,0.84
2017-04-13 02:40:00,27,10,17,0,42.5,17.09
2017-04-13 02:45:00,20,6,13,1,47.4,16.72
2017-04-13 02:50:00,25,14,11,0,45.5,16.9
2017-04-13 02:55:00,18,7,11,0,74.8,18.22
2017-04-13 03:00:00,26,17,9,0,66.3,0.88
2017-04-13 03:05:00,22,13,9,0,64.3,0.89
2017-04-13 03:10:00,27,20,7,0,60.1,1.03
2017-04-13 03:15:00,20,10,10,0,61.9,0.88
2017-04-13 03:20:00,17,7,10,0,72.2,0.74
2017-04-13 03:25:00,20,11,8,1,62.4,1.0
2017-04-13 03:30:00,17,6,10,1,64.9,0.82
2017-04-13 03:35:00,18,12,6,0,63.1,0.65
2017-04-13 03:40:00,18,13,5,0,56.5,0.81
2017-04-13 03:45:00,29,20,9,0,59.6,1.08
2017-04-13 03:50:00,28,20,8,0,67.6,1.12
2017-04-13 03:55:00,37,23,13,1,66.4,1.47
2017-04-13 04:00:00,36,20,16,0,64.0,1.62
2017-04-13 04:05:00,37,20,17,0,63.0,1.58
2017-04-13 04:10:00,33,23,10,0,64.4,1.3
2017-04-13 04:15:00,35,22,13,0,69.3,1.36
2017-04-13 04:20:00,54,35,19,0,67.9,2.35
2017-04-13 04:25:00,45,23,22,0,67.9,2.2
2017-04-13 04:30:00,48,29,19,0,61.0,1.84
2017-04-13 04:35:00,50,30,20,0,60.8,2.07
2017-04-13 04:40:00,53,37,16,0,58.9,2.32
2017-04-13 04:45:00,47,33,13,1,64.5,2.06
2017-04-13 04:50:00,40,25,14,1,67.3,1.54
2017-04-13 04:55:00,48,30,17,1,62.0,1.95
2017-04-13 05:00:00,67,46,20,1,59.6,2.8
2017-04-13 05:05:00,58,40,18,0,62.6,2.46
2017-04-13 05:10:00,56,41,14,1,60.9,2.31
2017-04-13 05:15:00,71,54,17,0,58.2,2.97
2017-04-13 05:20:00,69,47,22,0,61.4,2.84
2017-04-13 05:25:00,76,39,37,0,62.7,3.34
2017-04-13 05:30:00,87,52,35,0,59.4,3.72
2017-04-13 05:35:00,114,72,41,1,65.4,4.65
2017-04-13 05:40:00,129,92,37,0,56.8,5.2
2017-04-13 05:45:00,130,83,47,0,62.9,4.91
2017-04-13 05:50:00,108,47,61,0,63.3,4.32
2017-04-13 05:55:00,124,50,73,1,59.7,4.71
2017-04-13 06:00:00,156,65,90,1,60.0,5.76
2017-04-13 06:05:00,110,52,57,1,61.3,3.63
2017-04-13 06:10:00,185,77,108,0,61.9,6.52
2017-04-13 06:15:00,173,63,110,0,61.9,5.62
2017-04-13 06:20:00,193,73,120,0,60.7,6.67
2017-04-13 06:25:00,193,77,114,2,60.8,6.74
2017-04-13 06:30:00,163,58,103,2,59.1,5.86
2017-04-13 06:35:00,203,88,113,2,58.3,6.91
2017-04-13 06:40:00,161,52,109,0,62.2,5.5
2017-04-13 06:45:00,220,93,126,1,61.7,7.47
2017-04-13 06:50:00,217,94,116,7,61.3,7.44
2017-04-13 06:55:00,245,117,122,6,60.1,8.25
2017-04-13 07:00:00,255,97,152,6,57.0,9.8
2017-04-13 07:05:00,252,107,143,2,56.3,9.67
2017-04-13 07:10:00,281,130,149,2,56.2,9.83
2017-04-13 07:15:00,278,164,111,3,57.0,9.54
2017-04-13 07:20:00,275,165,107,3,54.0,9.83
2017-04-13 07:25:00,303,161,140,2,57.6,9.93
2017-04-13 07:30:00,307,152,149,6,46.9,19.61
2017-04-13 07:35:00,286,150,129,7,43.5,41.68
2017-04-13 07:40:00,325,164,156,5,50.3,16.65
2017-04-13 07:45:00,268,131,136,1,46.8,18.33
2017-04-13 07:50:00,286,156,129,1,55.8,10.16
2017-04-13 07:55:00,293,161,131,1,53.4,10.19
2017-04-13 08:00:00,280,144,134,2,44.2,23.26
2017-04-13 08:05:00,258,127,126,5,41.3,35.95
2017-04-13 08:10:00,296,180,114,2,38.5,43.09
2017-04-13 08:15:00,345,179,159,7,45.3,21.92
2017-04-13 08:20:00,311,171,134,6,54.5,10.97
2017-04-13 08:25:00,304,164,139,1,55.8,12.2
2017-04-13 08:30:00,264,143,120,1,54.5,17.58
2017-04-13 08:35:00,256,125,128,3,59.8,8.23
2017-04-13 08:40:00,257,132,124,1,57.8,8.43
2017-04-13 08:45:00,279,149,128,2,60.3,8.9
2017-04-13 08:50:00,251,127,121,3,58.9,8.63
2017-04-13 08:55:00,270,131,136,3,57.0,9.22
2017-04-13 09:00:00,247,114,128,5,56.1,10.2
2017-04-13 09:05:00,227,97,128,2,60.8,7.75
2017-04-13 09:10:00,187,88,99,0,60.5,6.43
2017-04-13 09:15:00,202,96,103,3,58.6,7.38
2017-04-13 09:20:00,222,105,115,2,58.4,7.88
2017-04-13 09:25:00,246,135,107,4,48.2,11.25
2017-04-13 09:30:00,253,125,127,1,49.2,13.84
2017-04-13 09:35:00,234,115,115,4,51.2,10.71
2017-04-13 09:40:00,258,122,133,3,57.5,9.59
2017-04-13 09:45:00,195,87,107,1,58.6,6.97
2017-04-13 09:50:00,209,100,108,1,56.0,7.95
2017-04-13 09:55:00,200,83,117,0,61.2,7.32
2017-04-13 10:00:00,193,94,99,0,59.0,7.25
2017-04-13 10:05:00,204,82,121,1,58.1,7.57
2017-04-13 10:10:00,221,85,135,1,58.9,8.24
2017-04-13 10:15:00,195,100,94,1,58.2,9.5
2017-04-13 10:20:00,220,93,125,2,59.3,9.29
2017-04-13 10:25:00,204,107,96,1,56.6,7.22
2017-04-13 10:30:00,180,68,112,0,56.9,6.81
2017-04-13 10:35:00,195,91,103,1,55.2,8.54
2017-04-13 10:40:00,190,85,104,1,58.9,7.87
2017-04-13 10:45:00,224,98,125,1,56.3,8.68
2017-04-13 10:50:00,176,79,97,0,60.2,6.47
2017-04-13 10:55:00,179,72,105,2,60.3,8.57
2017-04-13 11:00:00,189,80,106,3,60.1,9.1
2017-04-13 11:05:00,191,88,102,1,57.2,8.12
2017-04-13 11:10:00,158,64,94,0,59.5,6.64
2017-04-13 11:15:00,182,74,105,3,57.8,8.19
2017-04-13 11:20:00,168,75,91,2,58.4,6.94
2017-04-13 11:25:00,167,65,100,2,57.6,8.33
2017-04-13 11:30:00,159,65,90,4,51.2,14.46
2017-04-13 11:35:00,166,70,95,1,53.1,18.07
2017-04-13 11:40:00,216,82,127,7,50.4,25.07
2017-04-13 11:45:00,188,68,114,6,56.4,10.51
2017-04-13 11:50:00,183,68,113,2,57.4,8.32
2017-04-13 11:55:00,130,62,68,0,59.8,5.25
2017-04-13 12:00:00,160,65,94,1,56.0,6.84
2017-04-13 12:05:00,181,71,108,2,56.0,7.19
2017-04-13 12:10:00,169,82,85,2,58.6,6.44
2017-04-13 12:15:00,158,64,92,2,59.7,5.66
2017-04-13 12:20:00,177,71,106,0,61.0,6.79
2017-04-13 12:25:00,173,71,101,1,59.4,6.2
2017-04-13 12:30:00,143,54,88,1,60.9,5.29
2017-04-13 12:35:00,141,67,73,1,56.8,5.21
2017-04-13 12:40:00,147,69,77,1,56.1,5.59
2017-04-13 12:45:00,151,69,81,1,61.4,5.48
2017-04-13 12:50:00,185,73,112,0,60.2,6.51
2017-04-13 12:55:00,190,92,96,2,58.3,6.81
2017-04-13 13:00:00,164,79,84,1,60.8,5.73
2017-04-13 13:05:00,197,78,116,3,55.0,7.53
2017-04-13 13:10:00,178,78,99,1,53.7,6.79
2017-04-13 13:15:00,176,76,100,0,57.5,6.78
2017-04-13 13:20:00,182,83,97,2,60.2,6.76
2017-04-13 13:25:00,211,87,124,0,53.8,8.34
2017-04-13 13:30:00,214,92,121,1,57.1,7.76
2017-04-13 13:35:00,200,78,121,1,57.5,7.14
2017-04-13 13:40:00,198,82,116,0,57.3,7.16
2017-04-13 13:45:00,180,84,93,3,55.4,6.67
2017-04-13 13:50:00,169,67,100,2,59.9,6.35
2017-04-13 13:55:00,179,80,99,0,58.8,6.28
2017-04-13 14:00:00,168,68,97,3,58.1,6.33
2017-04-13 14:05:00,210,77,132,1,53.9,8.1
2017-04-13 14:10:00,197,59,138,0,57.5,7.12
2017-04-13 14:15:00,200,75,122,3,56.6,7.49
2017-04-13 14:20:00,220,85,135,0,57.9,7.85
2017-04-13 14:25:00,200,74,124,2,55.6,7.1
2017-04-13 14:30:00,174,70,103,1,58.8,6.11
2017-04-13 14:35:00,187,84,101,2,59.0,6.49
2017-04-13 14:40:00,173,61,112,0,58.7,6.11
2017-04-13 14:45:00,194,77,117,0,58.3,7.11
2017-04-13 14:50:00,197,92,105,0,57.2,7.1
2017-04-13 14:55:00,209,87,121,1,58.3,7.57
2017-04-13 15:00:00,179,69,108,2,59.0,6.59
2017-04-13 15:05:00,187,80,105,2,57.9,6.38
2017-04-13 15:10:00,195,83,112,0,57.7,6.93
2017-04-13 15:15:00,159,68,90,1,59.9,5.64
2017-04-13 15:20:00,138,55,83,0,60.1,4.66
2017-04-13 15:25:00,211,87,122,2,56.7,7.01
2017-04-13 15:30:00,201,77,122,2,55.6,7.29
2017-04-13 15:35:00,186,91,95,0,60.4,6.2
2017-04-13 15:40:00,184,71,112,1,59.5,6.18
2017-04-13 15:45:00,178,68,109,1,59.0,5.86
2017-04-13 15:50:00,180,79,98,3,56.8,6.3
2017-04-13 15:55:00,198,83,113,2,58.7,6.77
2017-04-13 16:00:00,167,73,92,2,57.8,5.79
2017-04-13 16:05:00,184,66,113,5,57.7,6.26
2017-04-13 16:10:00,216,96,118,2,55.5,7.43
2017-04-13 16:15:00,209,89,119,1,54.9,7.69
2017-04-13 16:20:00,197,85,111,1,55.2,6.96
2017-04-13 16:25:00,207,86,118,3,53.4,7.37
2017-04-13 16:30:00,191,89,101,1,55.6,6.59
2017-04-13 16:35:00,163,71,92,0,53.5,5.79
2017-04-13 16:40:00,205,82,121,2,53.9,7.16
2017-04-13 16:45:00,198,88,110,0,55.8,6.77
2017-04-13 16:50:00,197,91,106,0,57.8,6.68
2017-04-13 16:55:00,202,84,116,2,57.7,6.88
2017-04-13 17:00:00,209,87,122,0,56.7,7.16
2017-04-13 17:05:00,185,76,108,1,55.9,6.54
2017-04-13 17:10:00,119,51,66,2,54.5,5.02
2017-04-13 17:15:00,182,88,94,0,58.9,5.87
2017-04-13 17:20:00,180,82,96,2,54.0,6.8
2017-04-13 17:25:00,217,88,129,0,55.3,7.53
2017-04-13 17:30:00,200,82,117,1,54.5,7.8
2017-04-13 17:35:00,211,86,124,1,57.0,7.09
2017-04-13 17:40:00,188,80,107,1,58.5,6.2
2017-04-13 17:45:00,195,91,104,0,54.5,6.6
2017-04-13 17:50:00,173,77,96,0,59.0,5.75
2017-04-13 17:55:00,189,97,92,0,56.5,6.32
2017-04-13 18:00:00,162,73,89,0,57.4,5.15
2017-04-13 18:05:00,200,81,118,1,56.4,6.76
2017-04-13 18:10:00,216,102,114,0,58.4,6.94
2017-04-13 18:15:00,248,108,140,0,56.1,8.3
2017-04-13 18:20:00,195,99,95,1,58.7,6.17
2017-04-13 18:25:00,209,86,123,0,57.0,6.89
2017-04-13 18:30:00,217,101,115,1,56.3,6.97
2017-04-13 18:35:00,181,71,110,0,56.7,6.2
2017-04-13 18:40:00,171,74,97,0,57.2,5.64
2017-04-13 18:45:00,185,73,109,3,56.3,6.84
2017-04-13 18:50:00,168,78,90,0,60.4,5.7
2017-04-13 18:55:00,180,66,111,3,57.9,6.1
2017-04-13 19:00:00,182,81,100,1,57.6,6.81
2017-04-13 19:05:00,187,87,97,3,53.7,8.07
2017-04-13 19:10:00,192,104,88,0,54.5,7.39
2017-04-13 19:15:00,182,146,36,0,54.8,7.61
2017-04-13 19:20:00,156,123,33,0,51.7,6.79
2017-04-13 19:25:00,169,130,38,1,56.3,6.67
2017-04-13 19:30:00,156,127,29,0,55.8,6.28
2017-04-13 19:35:00,186,131,55,0,55.7,7.85
2017-04-13 19:40:00,159,118,41,0,54.7,6.68
2017-04-13 19:45:00,145,109,35,1,55.8,5.9
2017-04-13 19:50:00,146,112,34,0,53.3,6.11
2017-04-13 19:55:00,134,93,41,0,55.1,5.35
2017-04-13 20:00:00,118,88,30,0,54.1,4.99
2017-04-13 20:05:00,121,91,30,0,58.6,4.98
2017-04-13 20:10:00,141,105,35,1,55.8,5.67
2017-04-13 20:15:00,151,107,44,0,53.7,6.55
2017-04-13 20:20:00,146,101,45,0,57.2,5.81
2017-04-13 20:25:00,144,105,39,0,57.1,6.12
2017-04-13 20:30:00,126,94,31,1,56.3,5.28
2017-04-13 20:35:00,116,88,27,1,56.1,4.61
2017-04-13 20:40:00,109,80,29,0,59.6,5.03
2017-04-13 20:45:00,127,93,34,0,55.2,5.16
2017-04-13 20:50:00,123,89,34,0,54.1,5.94
2017-04-13 20:55:00,128,97,30,1,56.4,5.5
2017-04-13 21:00:00,148,108,40,0,55.5,6.61
2017-04-13 21:05:00,139,98,41,0,56.5,6.39
2017-04-13 21:10:00,152,103,49,0,54.3,6.57
2017-04-13 21:15:00,144,100,44,0,55.0,5.76
2017-04-13 21:20:00,153,118,35,0,54.4,6.4
2017-04-13 21:25:00,141,101,40,0,56.5,6.01
2017-04-13 21:30:00,158,117,41,0,54.0,6.89
2017-04-13 21:35:00,154,106,48,0,56.0,6.0
2017-04-13 21:40:00,145,98,47,0,56.2,6.29
2017-04-13 21:45:00,146,104,42,0,58.7,6.04
2017-04-13 21:50:00,134,101,33,0,56.2,5.74
2017-04-13 21:55:00,127,93,34,0,57.2,5.02
2017-04-13 22:00:00,123,83,40,0,56.8,5.03
2017-04-13 22:05:00,137,88,49,0,56.4,5.62
2017-04-13 22:10:00,144,108,36,0,57.0,5.73
2017-04-13 22:15:00,132,96,36,0,57.5,6.04
2017-04-13 22:20:00,145,101,44,0,56.2,5.96
2017-04-13 22:25:00,125,86,39,0,58.3,4.84
2017-04-13 22:30:00,113,69,43,1,60.2,4.28
2017-04-13 22:35:00,84,59,25,0,61.9,3.06
2017-04-13 22:40:00,108,69,39,0,56.8,4.65
2017-04-13 22:45:00,82,49,33,0,63.7,3.33
2017-04-13 22:50:00,101,62,39,0,59.3,4.47
2017-04-13 22:55:00,83,52,31,0,60.7,3.06
2017-04-13 23:00:00,106,69,37,0,63.3,4.43
2017-04-13 23:05:00,109,71,38,0,59.0,4.36
2017-04-13 23:10:00,91,59,31,1,61.0,3.81
2017-04-13 23:15:00,105,64,41,0,64.1,4.4
2017-04-13 23:20:00,88,58,30,0,62.8,3.36
2017-04-13 23:25:00,80,49,31,0,63.0,3.38
2017-04-13 23:30:00,84,55,29,0,65.4,3.73
2017-04-13 23:35:00,58,31,27,0,65.5,2.73
2017-04-13 23:40:00,68,34,34,0,66.3,2.68
2017-04-13 23:45:00,68,40,28,0,62.5,2.65
2017-04-13 23:50:00,60,35,25,0,62.0,2.24
2017-04-13 23:55:00,57,37,20,0,63.3,2.51
2017-04-14 00:00:00,55,32,23,0,65.1,2.25
2017-04-14 00:05:00,54,39,15,0,59.9,2.14
2017-04-14 00:10:00,71,44,25,2,59.9,2.66
2017-04-14 00:15:00,67,40,27,0,65.2,2.55
2017-04-14 00:20:00,61,41,20,0,69.3,2.07
2017-04-14 00:25:00,47,23,24,0,67.1,1.72
2017-04-14 00:30:00,41,24,17,0,65.2,1.55
2017-04-14 00:35:00,37,18,19,0,67.8,1.46
2017-04-14 00:40:00,33,27,6,0,66.3,1.2
2017-04-14 00:45:00,49,32,17,0,57.9,2.13
2017-04-14 00:50:00,42,19,22,1,58.0,1.7
2017-04-14 00:55:00,40,26,14,0,66.4,1.69
2017-04-14 01:00:00,34,26,8,0,62.4,1.26
2017-04-14 01:05:00,48,32,16,0,57.4,1.81
2017-04-14 01:10:00,44,26,18,0,60.8,1.52
2017-04-14 01:15:00,34,21,13,0,64.5,1.35
2017-04-14 01:20:00,35,21,14,0,65.6,1.24
2017-04-14 01:25:00,41,28,12,1,57.0,1.69
2017-04-14 01:30:00,32,17,15,0,67.2,1.19
2017-04-14 01:35:00,35,20,15,0,61.2,1.39
2017-04-14 01:40:00,28,19,9,0,62.4,1.22
2017-04-14 01:45:00,27,18,9,0,60.1,1.14
2017-04-14 01:50:00,24,17,7,0,70.5,1.0
2017-04-14 01:55:00,31,19,12,0,56.0,1.15
2017-04-14 02:00:00,29,18,11,0,63.8,1.21
2017-04-14 02:05:00,22,12,10,0,63.0,0.86
2017-04-14 02:10:00,24,11,13,0,69.0,0.9
2017-04-14 02:15:00,29,16,13,0,68.5,1.1
2017-04-14 02:20:00,21,12,9,0,62.4,0.86
2017-04-14 02:25:00,19,7,12,0,66.7,0.76
2017-04-14 02:30:00,32,20,12,0,69.9,1.32
2017-04-14 02:35:00,32,21,11,0,69.1,1.11
2017-04-14 02:40:00,27,13,14,0,73.4,1.12
2017-04-14 02:45:00,25,14,11,0,60.1,1.02
2017-04-14 02:50:00,20,10,10,0,65.9,0.85
2017-04-14 02:55:00,21,13,8,0,63.9,0.89
2017-04-14 03:00:00,18,11,7,0,70.2,0.56
2017-04-14 03:05:00,22,12,10,0,63.3,0.92
2017-04-14 03:10:00,22,13,9,0,72.3,0.76
2017-04-14 03:15:00,32,15,17,0,64.9,1.34
2017-04-14 03:20:00,24,10,13,1,63.0,1.16
2017-04-14 03:25:00,23,12,11,0,60.0,1.06
2017-04-14 03:30:00,23,11,11,1,65.8,0.93
2017-04-14 03:35:00,35,22,13,0,61.4,1.41
2017-04-14 03:40:00,26,21,5,0,55.7,1.15
2017-04-14 03:45:00,31,15,15,1,66.3,1.14
2017-04-14 03:50:00,33,22,11,0,65.4,1.31
2017-04-14 03:55:00,42,20,21,1,63.2,1.74
2017-04-14 04:00:00,42,29,11,2,66.5,1.87
2017-04-14 04:05:00,34,18,15,1,67.4,1.35
2017-04-14 04:10:00,38,24,12,2,63.9,1.49
2017-04-14 04:15:00,40,22,17,1,71.3,1.63
2017-04-14 04:20:00,45,24,21,0,63.5,1.78
2017-04-14 04:25:00,50,31,19,0,60.7,2.16
2017-04-14 04:30:00,47,28,19,0,64.4,2.05
2017-04-14 04:35:00,64,41,23,0,62.2,2.6
2017-04-14 04:40:00,48,33,15,0,62.0,1.85
2017-04-14 04:45:00,49,30,18,1,63.1,2.22
2017-04-14 04:50:00,46,30,16,0,61.9,2.07
2017-04-14 04:55:00,66,38,28,0,64.2,2.61
2017-04-14 05:00:00,58,24,34,0,61.8,2.97
2017-04-14 05:05:00,60,39,21,0,62.4,2.34
2017-04-14 05:10:00,51,33,18,0,61.5,1.98
2017-04-14 05:15:00,89,58,31,0,59.5,3.91
2017-04-14 05:20:00,82,52,30,0,59.3,3.4
2017-04-14 05:25:00,62,36,25,1,62.5,2.75
2017-04-14 05:30:00,94,63,31,0,61.8,4.43
2017-04-14 05:35:00,98,68,30,0,61.5,3.72
2017-04-14 05:40:00,139,95,44,0,59.1,5.89
2017-04-14 05:45:00,120,66,53,1,64.2,5.05
2017-04-14 05:50:00,116,42,72,2,61.2,5.22
2017-04-14 05:55:00,151,60,87,4,57.1,6.14
2017-04-14 06:00:00,136,60,76,0,58.6,5.13
2017-04-14 06:05:00,138,57,81,0,64.1,4.64
2017-04-14 06:10:00,180,66,113,1,62.1,6.21
2017-04-14 06:15:00,206,82,124,0,60.4,7.11
2017-04-14 06:20:00,183,57,125,1,62.6,6.01
2017-04-14 06:25:00,208,75,131,2,57.9,7.17
2017-04-14 06:30:00,176,80,94,2,60.9,5.81
2017-04-14 06:35:00,186,70,113,3,58.7,6.77
2017-04-14 06:40:00,202,80,122,0,56.1,7.66
2017-04-14 06:45:00,224,95,129,0,63.3,7.38
2017-04-14 06:50:00,236,99,135,2,60.7,8.41
2017-04-14 06:55:00,219,89,126,4,61.8,7.34
2017-04-14 07:00:00,228,95,132,1,57.9,7.7
2017-04-14 07:05:00,237,89,148,0,59.7,8.0
2017-04-14 07:10:00,259,123,132,4,57.9,8.92
2017-04-14 07:15:00,278,145,128,5,54.3,11.12
2017-04-14 07:20:00,319,179,133,7,55.7,10.8
2017-04-14 07:25:00,319,170,144,5,54.1,12.97
2017-04-14 07:30:00,293,138,152,3,55.5,13.22
2017-04-14 07:35:00,317,166,151,0,56.7,11.06
2017-04-14 07:40:00,262,116,145,1,51.6,14.17
2017-04-14 07:45:00,304,155,146,3,43.8,30.56
2017-04-14 07:50:00,308,170,134,4,47.0,16.77
2017-04-14 07:55:00,286,111,167,8,48.4,13.32
2017-04-14 08:00:00,266,139,123,4,46.3,31.87
2017-04-14 08:05:00,308,147,157,4,40.7,32.26
2017-04-14 08:10:00,272,137,133,2,43.2,36.57
2017-04-14 08:15:00,235,121,107,7,33.4,63.1
2017-04-14 08:20:00,263,124,124,15,30.6,57.15
2017-04-14 08:25:00,292,143,142,7,32.0,45.46
2017-04-14 08:30:00,291,153,131,7,34.6,44.71
2017-04-14 08:35:00,255,130,122,3,46.2,34.02
2017-04-14 08:40:00,245,137,102,6,46.1,19.07
2017-04-14 08:45:00,265,129,134,2,58.2,9.18
2017-04-14 08:50:00,270,137,130,3,55.6,9.71
2017-04-14 08:55:00,226,105,121,0,58.9,7.71
2017-04-14 09:00:00,233,108,123,2,59.5,7.76
2017-04-14 09:05:00,227,95,129,3,58.9,8.06
2017-04-14 09:10:00,211,108,102,1,57.2,7.34
2017-04-14 09:15:00,209,90,117,2,58.8,7.4
2017-04-14 09:20:00,231,108,122,1,56.3,8.55
2017-04-14 09:25:00,225,100,124,1,57.3,7.87
2017-04-14 09:30:00,228,103,124,1,57.1,8.25
2017-04-14 09:35:00,234,108,124,2,57.5,8.19
2017-04-14 09:40:00,244,99,143,2,58.4,8.69
2017-04-14 09:45:00,234,93,141,0,55.6,8.31
2017-04-14 09:50:00,231,99,131,1,55.4,8.24
2017-04-14 09:55:00,200,82,118,0,55.6,7.49
2017-04-14 10:00:00,210,84,125,1,54.6,8.6
2017-04-14 10:05:00,225,82,142,1,53.6,8.66
2017-04-14 10:10:00,192,80,112,0,56.7,7.02
2017-04-14 10:15:00,181,70,108,3,57.6,6.36
2017-04-14 10:20:00,196,62,132,2,58.4,6.98
2017-04-14 10:25:00,188,74,112,2,60.0,6.38
2017-04-14 10:30:00,171,62,107,2,57.4,6.37
2017-04-14 10:35:00,185,59,126,0,55.7,6.77
2017-04-14 10:40:00,183,66,116,1,58.4,6.64
2017-04-14 10:45:00,187,83,102,2,56.4,6.7
2017-04-14 10:50:00,188,83,104,1,60.1,6.46
2017-04-14 10:55:00,198,69,128,1,57.6,7.24
2017-04-14 11:00:00,196,68,126,2,57.9,7.59
2017-04-14 11:05:00,207,83,122,2,58.1,7.25
2017-04-14 11:10:00,186,87,98,1,58.4,6.53
2017-04-14 11:15:00,189,80,108,1,56.4,6.62
2017-04-14 11:20:00,157,71,85,1,58.1,5.48
2017-04-14 11:25:00,148,61,85,2,58.2,5.26
2017-04-14 11:30:00,172,77,94,1,61.5,5.92
2017-04-14 11:35:00,166,68,97,1,59.2,5.79
2017-04-14 11:40:00,217,87,129,1,58.5,7.9
2017-04-14 11:45:00,196,65,130,1,58.9,7.15
2017-04-14 11:50:00,175,79,94,2,57.0,6.62
2017-04-14 11:55:00,145,68,77,0,62.3,6.67
2017-04-14 12:00:00,145,61,81,3,56.3,5.87
2017-04-14 12:05:00,183,75,106,2,61.0,7.62
2017-04-14 12:10:00,172,56,115,1,59.5,6.69
2017-04-14 12:15:00,150,62,86,2,59.4,6.18
2017-04-14 12:20:00,201,90,111,0,59.4,7.65
2017-04-14 12:25:00,155,67,88,0,61.5,5.61
2017-04-14 12:30:00,143,54,88,1,58.0,5.76
2017-04-14 12:35:00,149,62,87,0,59.4,4.91
2017-04-14 12:40:00,155,69,86,0,59.2,5.27
2017-04-14 12:45:00,171,69,102,0,56.3,6.15
2017-04-14 12:50:00,178,76,100,2,55.8,6.37
2017-04-14 12:55:00,170,72,97,1,55.2,6.24
2017-04-14 13:00:00,186,91,94,1,56.6,6.69
2017-04-14 13:05:00,201,76,124,1,52.6,7.53
2017-04-14 13:10:00,206,71,135,0,54.2,7.83
2017-04-14 13:15:00,185,66,113,6,57.2,7.2
2017-04-14 13:20:00,202,90,111,1,56.8,7.54
2017-04-14 13:25:00,216,85,129,2,57.5,7.72
2017-04-14 13:30:00,193,84,109,0,58.6,6.71
2017-04-14 13:35:00,189,64,125,0,58.5,6.93
2017-04-14 13:40:00,202,77,125,0,58.1,6.9
2017-04-14 13:45:00,161,64,96,1,62.6,5.39
2017-04-14 13:50:00,168,58,107,3,60.4,6.09
2017-04-14 13:55:00,208,77,128,3,57.8,7.22
2017-04-14 14:00:00,168,65,103,0,59.6,5.71
2017-04-14 14:05:00,188,71,116,1,59.2,7.0
2017-04-14 14:10:00,206,79,125,2,59.8,7.16
2017-04-14 14:15:00,200,80,117,3,56.9,7.41
2017-04-14 14:20:00,197,86,110,1,58.5,6.97
2017-04-14 14:25:00,156,82,72,2,53.5,13.14
2017-04-14 14:30:00,194,77,115,2,53.0,9.11
2017-04-14 14:35:00,193,77,116,0,50.6,10.54
2017-04-14 14:40:00,197,81,115,1,50.2,15.67
2017-04-14 14:45:00,177,67,110,0,61.9,6.19
2017-04-14 14:50:00,199,71,128,0,57.7,6.99
2017-04-14 14:55:00,199,72,126,1,59.5,7.03
2017-04-14 15:00:00,197,72,123,2,60.3,7.02
2017-04-14 15:05:00,164,71,93,0,60.6,5.74
2017-04-14 15:10:00,165,65,100,0,59.1,5.68
2017-04-14 15:15:00,176,67,108,1,59.8,5.8
2017-04-14 15:20:00,140,61,78,1,62.9,4.57
2017-04-14 15:25:00,196,70,124,2,57.6,7.48
2017-04-14 15:30:00,198,82,112,4,55.7,7.49
2017-04-14 15:35:00,179,75,104,0,55.9,6.64
2017-04-14 15:40:00,191,82,106,3,59.5,7.24
2017-04-14 15:45:00,196,75,120,1,56.3,10.31
2017-04-14 15:50:00,169,74,93,2,59.1,5.45
2017-04-14 15:55:00,157,62,95,0,63.2,8.11
2017-04-14 16:00:00,155,61,93,1,59.6,6.0
2017-04-14 16:05:00,196,86,110,0,57.0,6.69
2017-04-14 16:10:00,197,73,121,3,59.4,6.71
2017-04-14 16:15:00,205,83,116,6,55.5,9.58
2017-04-14 16:20:00,207,80,126,1,57.6,8.33
2017-04-14 16:25:00,200,85,113,2,55.7,7.38
2017-04-14 16:30:00,188,74,114,0,56.9,6.41
2017-04-14 16:35:00,143,60,83,0,59.5,8.09
2017-04-14 16:40:00,203,89,114,0,55.6,7.23
2017-04-14 16:45:00,186,67,117,2,60.7,6.21
2017-04-14 16:50:00,197,81,113,3,58.6,6.71
2017-04-14 16:55:00,202,84,116,2,58.7,7.33
2017-04-14 17:00:00,204,79,121,4,58.8,6.97
2017-04-14 17:05:00,196,82,112,2,57.1,6.4
2017-04-14 17:10:00,191,74,115,2,57.4,6.38
2017-04-14 17:15:00,187,70,117,0,57.4,6.84
2017-04-14 17:20:00,174,70,100,4,56.9,5.96
2017-04-14 17:25:00,190,76,114,0,58.3,6.27
2017-04-14 17:30:00,195,80,112,3,57.3,6.6
2017-04-14 17:35:00,182,62,120,0,59.3,6.05
2017-04-14 17:40:00,187,86,101,0,63.0,6.03
2017-04-14 17:45:00,169,92,77,0,61.7,5.11
2017-04-14 17:50:00,209,97,111,1,55.5,7.06
2017-04-14 17:55:00,189,83,105,1,58.2,6.0
2017-04-14 18:00:00,177,70,106,1,57.0,5.93
2017-04-14 18:05:00,223,87,135,1,56.3,7.71
2017-04-14 18:10:00,232,95,137,0,55.8,7.95
2017-04-14 18:15:00,224,94,130,0,54.4,7.43
2017-04-14 18:20:00,211,104,106,1,58.1,6.92
2017-04-14 18:25:00,228,102,126,0,56.8,7.7
2017-04-14 18:30:00,231,107,124,0,56.8,7.71
2017-04-14 18:35:00,201,87,113,1,56.7,6.47
2017-04-14 18:40:00,178,81,97,0,57.9,5.75
2017-04-14 18:45:00,183,86,95,2,57.3,6.56
2017-04-14 18:50:00,208,84,123,1,56.0,6.79
2017-04-14 18:55:00,198,92,105,1,57.2,6.78
2017-04-14 19:00:00,198,82,116,0,55.7,6.94
2017-04-14 19:05:00,199,83,114,2,55.8,7.73
2017-04-14 19:10:00,181,81,97,3,55.3,7.06
2017-04-14 19:15:00,176,125,48,3,53.7,6.81
2017-04-14 19:20:00,172,149,23,0,53.4,7.13
2017-04-14 19:25:00,142,110,32,0,53.4,5.64
2017-04-14 19:30:00,184,133,51,0,53.6,7.65
2017-04-14 19:35:00,158,116,42,0,54.4,6.5
2017-04-14 19:40:00,155,115,40,0,57.0,6.11
2017-04-14 19:45:00,168,129,39,0,58.1,6.45
2017-04-14 19:50:00,172,130,42,0,52.2,7.06
2017-04-14 19:55:00,141,103,38,0,55.1,5.91
2017-04-14 20:00:00,177,135,41,1,52.8,7.91
2017-04-14 20:05:00,133,92,40,1,53.3,5.23
2017-04-14 20:10:00,137,100,37,0,58.1,5.53
2017-04-14 20:15:00,124,97,27,0,56.9,4.54
2017-04-14 20:20:00,148,98,49,1,54.2,5.99
2017-04-14 20:25:00,146,96,50,0,53.5,6.26
2017-04-14 20:30:00,137,85,52,0,56.9,5.92
2017-04-14 20:35:00,121,88,33,0,53.8,4.62
2017-04-14 20:40:00,126,80,46,0,54.4,4.74
2017-04-14 20:45:00,159,111,48,0,55.3,7.04
2017-04-14 20:50:00,150,106,44,0,53.7,6.59
2017-04-14 20:55:00,168,119,48,1,57.0,6.61
2017-04-14 21:00:00,162,116,46,0,56.8,7.22
2017-04-14 21:05:00,153,102,50,1,57.0,6.26
2017-04-14 21:10:00,151,105,46,0,57.2,6.34
2017-04-14 21:15:00,137,96,41,0,57.9,5.41
2017-04-14 21:20:00,161,115,45,1,55.4,6.73
2017-04-14 21:25:00,125,80,45,0,56.2,5.01
2017-04-14 21:30:00,143,101,42,0,58.2,5.5
2017-04-14 21:35:00,143,105,38,0,58.4,5.47
2017-04-14 21:40:00,148,110,38,0,54.7,6.35
2017-04-14 21:45:00,161,105,56,0,54.8,6.76
2017-04-14 21:50:00,132,99,33,0,55.9,5.11
2017-04-14 21:55:00,139,96,43,0,55.1,5.79
2017-04-14 22:00:00,149,111,37,1,60.7,6.18
2017-04-14 22:05:00,148,106,42,0,54.7,6.51
2017-04-14 22:10:00,171,134,37,0,54.0,7.2
2017-04-14 22:15:00,157,117,40,0,55.6,6.78
2017-04-14 22:20:00,178,132,46,0,53.1,9.09
2017-04-14 22:25:00,144,105,39,0,58.4,5.81
2017-04-14 22:30:00,127,76,51,0,60.3,5.61
2017-04-14 22:35:00,94,60,34,0,59.8,9.16
2017-04-14 22:40:00,125,79,46,0,63.0,5.05
2017-04-14 22:45:00,118,79,39,0,57.9,4.98
2017-04-14 22:50:00,122,93,29,0,55.1,5.06
2017-04-14 22:55:00,111,66,43,2,58.8,4.66
2017-04-14 23:00:00,109,62,47,0,63.3,4.44
2017-04-14 23:05:00,116,68,48,0,61.9,4.55
2017-04-14 23:10:00,123,75,48,0,59.7,4.65
2017-04-14 23:15:00,120,68,52,0,60.4,5.0
2017-04-14 23:20:00,124,85,39,0,60.9,5.24
2017-04-14 23:25:00,106,80,25,1,62.1,4.25
2017-04-14 23:30:00,99,64,34,1,58.9,4.62
2017-04-14 23:35:00,93,65,28,0,62.0,3.64
2017-04-14 23:40:00,96,64,32,0,63.7,4.06
2017-04-14 23:45:00,99,61,36,2,62.0,3.96
2017-04-14 23:50:00,91,55,36,0,66.0,3.57
2017-04-14 23:55:00,60,31,29,0,64.9,2.35
2017-04-15 00:00:00,56,32,24,0,61.8,5.25
2017-04-15 00:05:00,77,52,25,0,56.1,3.29
2017-04-15 00:10:00,72,42,30,0,61.9,2.83
2017-04-15 00:15:00,81,53,28,0,61.7,3.68
2017-04-15 00:20:00,90,56,34,0,60.8,3.53
2017-04-15 00:25:00,71,42,29,0,64.0,2.7
2017-04-15 00:30:00,59,33,26,0,63.6,2.1
2017-04-15 00:35:00,59,37,22,0,65.2,2.23
2017-04-15 00:40:00,62,38,24,0,64.7,2.38
2017-04-15 00:45:00,55,34,21,0,63.2,2.23
2017-04-15 00:50:00,57,30,27,0,63.0,2.18
2017-04-15 00:55:00,56,28,28,0,64.7,2.09
2017-04-15 01:00:00,48,27,21,0,68.0,1.69
2017-04-15 01:05:00,40,27,12,1,68.1,1.46
2017-04-15 01:10:00,43,22,20,1,67.5,1.48
2017-04-15 01:15:00,39,22,17,0,65.3,1.48
2017-04-15 01:20:00,53,33,20,0,62.9,1.97
2017-04-15 01:25:00,50,35,15,0,60.0,1.73
2017-04-15 01:30:00,59,33,26,0,63.8,2.26
2017-04-15 01:35:00,49,34,15,0,62.6,1.82
2017-04-15 01:40:00,31,17,14,0,69.8,1.27
2017-04-15 01:45:00,36,20,16,0,58.5,1.49
2017-04-15 01:50:00,26,12,14,0,66.3,1.11
2017-04-15 01:55:00,33,14,19,0,65.2,1.3
2017-04-15 02:00:00,30,19,11,0,68.6,1.19
2017-04-15 02:05:00,41,26,15,0,64.1,1.69
2017-04-15 02:10:00,45,30,14,1,64.5,1.88
2017-04-15 02:15:00,28,14,14,0,60.9,0.98
2017-04-15 02:20:00,38,19,18,1,64.6,1.34
2017-04-15 02:25:00,33,19,14,0,63.8,1.22
2017-04-15 02:30:00,39,22,17,0,62.1,1.37
2017-04-15 02:35:00,27,15,12,0,69.9,0.99
2017-04-15 02:40:00,30,13,16,1,70.6,1.28
2017-04-15 02:45:00,28,17,11,0,63.1,1.15
2017-04-15 02:50:00,32,17,14,1,61.6,1.4
2017-04-15 02:55:00,21,13,8,0,69.6,0.8
2017-04-15 03:00:00,20,13,7,0,64.0,0.69
2017-04-15 03:05:00,35,17,18,0,61.3,1.56
2017-04-15 03:10:00,39,24,15,0,68.0,1.39
2017-04-15 03:15:00,32,16,16,0,68.1,1.23
2017-04-15 03:20:00,28,15,13,0,70.8,1.18
2017-04-15 03:25:00,29,17,12,0,66.7,1.19
2017-04-15 03:30:00,22,6,16,0,62.7,0.97
2017-04-15 03:35:00,29,12,17,0,71.8,1.24
2017-04-15 03:40:00,32,24,8,0,60.7,1.14
2017-04-15 03:45:00,32,19,13,0,62.8,1.21
2017-04-15 03:50:00,38,23,14,1,66.5,1.53
2017-04-15 03:55:00,38,21,17,0,72.2,1.66
2017-04-15 04:00:00,39,26,12,1,65.5,1.64
2017-04-15 04:05:00,31,22,9,0,62.2,1.18
2017-04-15 04:10:00,41,24,17,0,62.1,1.38
2017-04-15 04:15:00,38,23,15,0,68.5,1.43
2017-04-15 04:20:00,49,39,10,0,62.7,1.9
2017-04-15 04:25:00,75,41,34,0,59.3,3.08
2017-04-15 04:30:00,47,28,19,0,62.3,1.96
2017-04-15 04:35:00,53,32,21,0,61.5,2.21
2017-04-15 04:40:00,42,22,20,0,65.9,1.67
2017-04-15 04:45:00,47,26,21,0,68.3,1.86
2017-04-15 04:50:00,46,30,16,0,61.9,1.69
2017-04-15 04:55:00,44,26,18,0,65.6,1.65
2017-04-15 05:00:00,72,50,22,0,61.2,2.75
2017-04-15 05:05:00,57,40,17,0,63.5,2.41
2017-04-15 05:10:00,52,36,16,0,66.8,2.11
2017-04-15 05:15:00,68,45,21,2,62.0,2.61
2017-04-15 05:20:00,77,54,23,0,57.8,3.1
2017-04-15 05:25:00,52,34,18,0,59.7,2.05
2017-04-15 05:30:00,89,67,21,1,61.0,3.75
2017-04-15 05:35:00,111,69,41,1,63.1,4.72
2017-04-15 05:40:00,134,97,37,0,60.1,5.73
2017-04-15 05:45:00,100,53,46,1,59.0,3.89
2017-04-15 05:50:00,107,46,58,3,61.8,4.31
2017-04-15 05:55:00,119,54,63,2,59.5,4.41
2017-04-15 06:00:00,113,50,62,1,63.0,3.89
2017-04-15 06:05:00,113,35,78,0,59.7,4.15
2017-04-15 06:10:00,163,66,97,0,60.4,5.68
2017-04-15 06:15:00,147,61,84,2,63.6,7.85
2017-04-15 06:20:00,160,71,88,1,61.4,5.7
2017-04-15 06:25:00,168,67,100,1,62.4,5.57
2017-04-15 06:30:00,146,60,83,3,61.0,4.88
2017-04-15 06:35:00,161,64,95,2,61.0,5.73
2017-04-15 06:40:00,158,69,84,5,63.5,5.54
2017-04-15 06:45:00,175,65,109,1,61.3,5.73
2017-04-15 06:50:00,185,91,93,1,61.8,6.02
2017-04-15 06:55:00,156,74,81,1,65.6,5.05
2017-04-15 07:00:00,137,66,71,0,59.4,4.68
2017-04-15 07:05:00,170,73,94,3,60.1,6.19
2017-04-15 07:10:00,172,79,93,0,62.1,5.52
2017-04-15 07:15:00,170,81,86,3,59.0,6.28
2017-04-15 07:20:00,178,106,71,1,59.4,5.78
2017-04-15 07:25:00,175,97,78,0,61.8,5.8
2017-04-15 07:30:00,174,88,80,6,62.0,5.57
2017-04-15 07:35:00,189,111,76,2,62.1,6.23
2017-04-15 07:40:00,180,106,71,3,62.0,5.62
2017-04-15 07:45:00,170,94,74,2,62.8,5.48
2017-04-15 07:50:00,162,87,70,5,62.7,4.96
2017-04-15 07:55:00,159,90,68,1,63.0,4.9
2017-04-15 08:00:00,138,80,58,0,63.3,4.47
2017-04-15 08:05:00,182,94,87,1,61.7,5.84
2017-04-15 08:10:00,208,114,90,4,57.8,7.1
2017-04-15 08:15:00,214,107,103,4,62.1,7.11
2017-04-15 08:20:00,199,116,81,2,64.2,6.17
2017-04-15 08:25:00,218,110,103,5,57.8,8.02
2017-04-15 08:30:00,211,111,97,3,59.3,6.89
2017-04-15 08:35:00,217,105,105,7,60.3,7.48
2017-04-15 08:40:00,224,104,118,2,57.3,7.97
2017-04-15 08:45:00,230,126,102,2,56.8,7.55
2017-04-15 08:50:00,225,124,98,3,60.6,7.44
2017-04-15 08:55:00,225,109,111,5,58.7,7.62
2017-04-15 09:00:00,227,128,98,1,56.7,8.53
2017-04-15 09:05:00,66,29,35,2,57.5,2.5
2017-04-15 09:10:00,69,33,36,0,59.2,2.46
2017-04-15 09:15:00,202,107,95,0,58.9,7.24
2017-04-15 09:20:00,196,98,94,4,58.5,7.17
2017-04-15 09:25:00,244,136,105,3,55.4,9.19
2017-04-15 09:30:00,213,121,91,1,56.7,8.15
2017-04-15 09:35:00,236,112,121,3,55.4,9.27
2017-04-15 09:40:00,220,105,112,3,57.3,10.48
2017-04-15 09:45:00,240,135,105,0,53.2,10.63
2017-04-15 09:50:00,208,89,114,5,56.9,9.85
2017-04-15 09:55:00,189,93,94,2,55.2,7.99
2017-04-15 10:00:00,203,103,99,1,54.6,10.16
2017-04-15 10:05:00,228,127,99,2,53.7,10.96
2017-04-15 10:10:00,199,114,82,3,58.3,10.41
2017-04-15 10:15:00,209,101,106,2,57.9,10.87
2017-04-15 10:20:00,226,116,104,6,57.4,11.98
2017-04-15 10:25:00,221,126,90,5,58.2,10.0
2017-04-15 10:30:00,162,66,92,4,58.8,8.85
2017-04-15 10:35:00,178,84,88,6,58.9,12.28
2017-04-15 10:40:00,202,99,99,4,58.6,10.39
2017-04-15 10:45:00,243,119,122,2,57.4,10.75
2017-04-15 10:50:00,185,95,88,2,55.8,9.64
2017-04-15 10:55:00,191,89,95,7,57.6,12.88
2017-04-15 11:00:00,179,84,93,2,60.4,13.42
2017-04-15 11:05:00,194,89,99,6,58.7,9.67
2017-04-15 11:10:00,201,97,100,4,56.2,10.04
2017-04-15 11:15:00,208,95,112,1,58.9,7.76
2017-04-15 11:20:00,192,85,105,2,59.6,7.81
2017-04-15 11:25:00,216,95,120,1,58.2,9.36
2017-04-15 11:30:00,232,116,114,2,58.5,12.17
2017-04-15 11:35:00,221,103,117,1,56.4,9.37
2017-04-15 11:40:00,259,108,150,1,58.4,10.37
2017-04-15 11:45:00,239,113,125,1,54.8,9.76
2017-04-15 11:50:00,186,82,103,1,59.5,6.92
2017-04-15 11:55:00,173,72,98,3,56.4,9.21
2017-04-15 12:00:00,192,87,104,1,55.4,14.99
2017-04-15 12:05:00,222,89,132,1,55.0,9.32
2017-04-15 12:10:00,249,103,142,4,58.4,9.77
2017-04-15 12:15:00,240,84,155,1,57.0,10.56
2017-04-15 12:20:00,214,95,117,2,58.9,9.75
2017-04-15 12:25:00,238,109,127,2,57.9,11.28
2017-04-15 12:30:00,206,80,124,2,59.1,9.52
2017-04-15 12:35:00,205,92,110,3,57.5,10.05
2017-04-15 12:40:00,165,72,91,2,60.2,6.81
2017-04-15 12:45:00,188,80,107,1,60.1,7.68
2017-04-15 12:50:00,195,89,105,1,61.3,6.79
2017-04-15 12:55:00,208,85,120,3,59.5,7.9
2017-04-15 13:00:00,198,80,116,2,58.8,8.07
2017-04-15 13:05:00,208,93,113,2,57.7,7.19
2017-04-15 13:10:00,195,78,114,3,54.3,8.49
2017-04-15 13:15:00,190,74,115,1,59.0,7.06
2017-04-15 13:20:00,179,77,102,0,58.5,7.17
2017-04-15 13:25:00,203,92,108,3,54.9,7.92
2017-04-15 13:30:00,193,73,117,3,56.2,7.13
2017-04-15 13:35:00,263,110,151,2,53.5,10.64
2017-04-15 13:40:00,283,105,178,0,52.1,10.84
2017-04-15 13:45:00,221,91,129,1,58.2,7.92
2017-04-15 13:50:00,221,82,138,1,55.9,8.03
2017-04-15 13:55:00,185,79,105,1,61.9,6.59
2017-04-15 14:00:00,195,84,111,0,57.1,7.2
2017-04-15 14:05:00,206,86,120,0,57.8,7.48
2017-04-15 14:10:00,216,88,128,0,54.2,8.56
2017-04-15 14:15:00,218,94,122,2,58.1,8.05
2017-04-15 14:20:00,201,75,126,0,58.6,7.45
2017-04-15 14:25:00,204,79,125,0,59.1,6.99
2017-04-15 14:30:00,175,75,99,1,59.9,6.19
2017-04-15 14:35:00,171,68,103,0,60.6,5.85
2017-04-15 14:40:00,182,63,118,1,56.8,6.66
2017-04-15 14:45:00,212,80,132,0,56.7,7.62
2017-04-15 14:50:00,216,91,124,1,57.6,8.12
2017-04-15 14:55:00,220,85,135,0,58.1,7.73
2017-04-15 15:00:00,205,91,113,1,55.2,7.27
2017-04-15 15:05:00,190,83,107,0,58.2,6.45
2017-04-15 15:10:00,223,93,130,0,53.5,16.49
2017-04-15 15:15:00,181,69,112,0,56.9,6.5
2017-04-15 15:20:00,177,72,104,1,53.7,6.45
2017-04-15 15:25:00,201,89,111,1,55.8,7.09
2017-04-15 15:30:00,208,91,116,1,56.0,7.31
2017-04-15 15:35:00,200,89,111,0,57.4,6.72
2017-04-15 15:40:00,223,103,120,0,56.2,7.39
2017-04-15 15:45:00,218,112,103,3,54.7,15.14
2017-04-15 15:50:00,217,104,112,1,52.7,7.74
2017-04-15 15:55:00,202,99,101,2,55.2,10.58
2017-04-15 16:00:00,218,106,112,0,51.1,16.25
2017-04-15 16:05:00,210,98,112,0,54.2,12.75
2017-04-15 16:10:00,198,91,102,5,54.9,11.47
2017-04-15 16:15:00,204,99,103,2,55.3,18.54
2017-04-15 16:20:00,220,112,104,4,53.1,7.53
2017-04-15 16:25:00,218,100,115,3,55.0,17.68
2017-04-15 16:30:00,180,98,82,0,57.9,6.86
2017-04-15 16:35:00,188,108,77,3,53.8,6.31
2017-04-15 16:40:00,170,91,75,4,56.6,5.65
2017-04-15 16:45:00,183,107,74,2,56.2,6.21
2017-04-15 16:50:00,177,103,73,1,60.5,8.12
2017-04-15 16:55:00,214,127,85,2,56.5,7.04
2017-04-15 17:00:00,197,114,82,1,56.3,6.36
2017-04-15 17:05:00,213,100,110,3,58.4,7.11
2017-04-15 17:10:00,205,102,102,1,56.7,7.03
2017-04-15 17:15:00,174,80,92,2,56.3,6.04
2017-04-15 17:20:00,187,88,98,1,57.0,6.32
2017-04-15 17:25:00,181,84,97,0,58.8,5.96
2017-04-15 17:30:00,165,90,74,1,60.3,5.2
2017-04-15 17:35:00,191,94,96,1,57.2,6.3
2017-04-15 17:40:00,197,89,108,0,57.8,6.66
2017-04-15 17:45:00,200,78,120,2,54.9,6.66
2017-04-15 17:50:00,188,95,92,1,54.5,6.39
2017-04-15 17:55:00,181,91,88,2,57.4,5.87
2017-04-15 18:00:00,165,75,88,2,59.3,5.53
2017-04-15 18:05:00,184,80,104,0,54.2,6.07
2017-04-15 18:10:00,215,89,123,3,55.8,7.17
2017-04-15 18:15:00,177,80,94,3,57.5,6.15
2017-04-15 18:20:00,203,82,120,1,54.7,7.35
2017-04-15 18:25:00,221,100,121,0,53.4,7.95
2017-04-15 18:30:00,163,67,96,0,56.5,5.46
2017-04-15 18:35:00,192,76,116,0,51.6,7.16
2017-04-15 18:40:00,163,65,98,0,57.9,5.46
2017-04-15 18:45:00,166,61,105,0,58.3,5.58
2017-04-15 18:50:00,178,91,87,0,58.5,5.69
2017-04-15 18:55:00,158,73,85,0,61.3,5.04
2017-04-15 19:00:00,151,66,85,0,60.0,4.94
2017-04-15 19:05:00,156,71,85,0,58.3,5.62
2017-04-15 19:10:00,175,83,88,4,55.5,6.95
2017-04-15 19:15:00,143,106,37,0,57.3,5.68
2017-04-15 19:20:00,132,95,37,0,57.9,5.11
2017-04-15 19:25:00,156,124,32,0,57.7,6.39
2017-04-15 19:30:00,148,105,42,1,55.9,6.5
2017-04-15 19:35:00,187,131,56,0,55.4,7.66
2017-04-15 19:40:00,158,119,39,0,58.6,7.04
2017-04-15 19:45:00,171,134,36,1,53.7,7.5
2017-04-15 19:50:00,155,112,43,0,54.5,6.97
2017-04-15 19:55:00,158,107,51,0,54.8,5.95
2017-04-15 20:00:00,137,92,45,0,54.9,5.56
2017-04-15 20:05:00,189,145,43,1,52.1,8.81
2017-04-15 20:10:00,175,135,39,1,54.0,7.1
2017-04-15 20:15:00,155,106,49,0,55.2,6.91
2017-04-15 20:20:00,169,111,57,1,59.0,7.34
2017-04-15 20:25:00,161,120,41,0,54.1,6.83
2017-04-15 20:30:00,163,116,46,1,50.8,7.34
2017-04-15 20:35:00,153,113,40,0,52.9,6.41
2017-04-15 20:40:00,151,106,45,0,54.1,5.99
2017-04-15 20:45:00,164,119,45,0,55.2,6.82
2017-04-15 20:50:00,156,104,52,0,55.7,7.04
2017-04-15 20:55:00,170,120,50,0,55.2,6.82
2017-04-15 21:00:00,173,124,49,0,55.5,7.1
2017-04-15 21:05:00,144,104,40,0,55.6,5.76
2017-04-15 21:10:00,137,96,39,2,56.2,5.51
2017-04-15 21:15:00,148,98,50,0,55.3,6.0
2017-04-15 21:20:00,154,112,42,0,54.9,6.78
2017-04-15 21:25:00,153,98,54,1,55.9,6.36
2017-04-15 21:30:00,142,92,50,0,56.8,5.73
2017-04-15 21:35:00,146,99,47,0,56.1,6.49
2017-04-15 21:40:00,147,101,46,0,56.0,6.27
2017-04-15 21:45:00,135,90,45,0,57.8,5.79
2017-04-15 21:50:00,135,87,48,0,61.1,5.26
2017-04-15 21:55:00,115,78,37,0,57.9,4.46
2017-04-15 22:00:00,126,82,43,1,59.4,5.04
2017-04-15 22:05:00,108,66,42,0,59.4,4.17
2017-04-15 22:10:00,135,95,39,1,56.4,5.56
2017-04-15 22:15:00,112,77,35,0,67.4,4.91
2017-04-15 22:20:00,117,82,35,0,57.3,4.58
2017-04-15 22:25:00,144,100,43,1,59.5,6.07
2017-04-15 22:30:00,106,70,36,0,62.4,4.21
2017-04-15 22:35:00,102,73,28,1,61.1,4.12
2017-04-15 22:40:00,113,74,39,0,61.7,4.46
2017-04-15 22:45:00,93,57,35,1,61.3,3.77
2017-04-15 22:50:00,127,86,39,2,61.8,5.19
2017-04-15 22:55:00,95,58,37,0,61.4,4.18
2017-04-15 23:00:00,80,50,30,0,61.0,3.19
2017-04-15 23:05:00,74,46,28,0,61.6,2.89
2017-04-15 23:10:00,69,41,28,0,64.5,12.9
2017-04-15 23:15:00,88,57,31,0,59.8,14.52
2017-04-15 23:20:00,93,56,37,0,63.7,3.94
2017-04-15 23:25:00,68,43,25,0,60.3,2.49
2017-04-15 23:30:00,65,36,29,0,61.7,2.64
2017-04-15 23:35:00,65,37,28,0,62.3,2.59
2017-04-15 23:40:00,62,38,23,1,65.6,2.5
2017-04-15 23:45:00,73,48,25,0,62.3,3.15
2017-04-15 23:50:00,76,42,34,0,62.9,3.35
2017-04-15 23:55:00,65,32,33,0,69.3,2.68
2017-04-16 00:00:00,55,31,24,0,62.7,2.07
2017-04-16 00:05:00,61,31,30,0,61.9,2.35
2017-04-16 00:10:00,59,34,24,1,63.9,2.3
2017-04-16 00:15:00,72,52,20,0,62.8,2.67
2017-04-16 00:20:00,69,36,33,0,62.3,2.69
2017-04-16 00:25:00,64,30,34,0,65.5,2.59
2017-04-16 00:30:00,39,25,14,0,64.4,1.45
2017-04-16 00:35:00,65,38,27,0,59.3,2.59
2017-04-16 00:40:00,42,26,16,0,63.2,1.72
2017-04-16 00:45:00,39,21,18,0,68.1,1.52
2017-04-16 00:50:00,47,22,25,0,62.5,1.82
2017-04-16 00:55:00,45,24,21,0,64.0,1.81
2017-04-16 01:00:00,42,23,19,0,67.1,1.62
2017-04-16 01:05:00,35,25,10,0,63.7,1.45
2017-04-16 01:10:00,26,16,10,0,66.4,1.02
2017-04-16 01:15:00,32,17,15,0,65.1,1.28
2017-04-16 01:20:00,41,22,19,0,63.1,1.64
2017-04-16 01:25:00,32,16,16,0,65.4,1.29
2017-04-16 01:30:00,43,21,22,0,59.0,1.76
2017-04-16 01:35:00,46,23,22,1,69.0,1.85
2017-04-16 01:40:00,30,16,14,0,63.0,1.14
2017-04-16 01:45:00,23,15,8,0,65.5,0.94
2017-04-16 01:50:00,23,13,10,0,65.3,0.94
2017-04-16 01:55:00,23,17,6,0,68.1,0.84
2017-04-16 02:00:00,29,16,13,0,64.3,1.11
2017-04-16 02:05:00,37,16,20,1,65.5,1.56
2017-04-16 02:10:00,26,15,11,0,64.6,0.94
2017-04-16 02:15:00,31,10,21,0,68.6,1.4
2017-04-16 02:20:00,27,18,9,0,65.7,1.07
2017-04-16 02:25:00,19,11,8,0,61.5,0.76
2017-04-16 02:30:00,22,9,12,1,65.4,0.91
2017-04-16 02:35:00,24,12,12,0,62.6,0.95
2017-04-16 02:40:00,31,14,17,0,74.4,1.13
2017-04-16 02:45:00,22,9,13,0,69.9,0.86
2017-04-16 02:50:00,15,8,7,0,63.8,0.68
2017-04-16 02:55:00,25,12,13,0,69.6,0.86
2017-04-16 03:00:00,14,11,3,0,64.7,0.53
2017-04-16 03:05:00,22,13,9,0,61.3,0.91
2017-04-16 03:10:00,24,9,15,0,66.0,0.99
2017-04-16 03:15:00,24,10,14,0,66.6,1.0
2017-04-16 03:20:00,12,7,5,0,59.1,0.48
2017-04-16 03:25:00,24,14,10,0,76.9,0.89
2017-04-16 03:30:00,16,10,6,0,65.8,0.67
2017-04-16 03:35:00,15,7,8,0,63.0,0.55
2017-04-16 03:40:00,24,14,10,0,63.8,0.85
2017-04-16 03:45:00,12,8,4,0,64.8,0.42
2017-04-16 03:50:00,29,19,9,1,62.0,1.11
2017-04-16 03:55:00,17,8,8,1,76.7,0.52
2017-04-16 04:00:00,20,11,9,0,62.5,0.96
2017-04-16 04:05:00,22,13,9,0,68.8,0.79
2017-04-16 04:10:00,27,15,12,0,68.3,0.98
2017-04-16 04:15:00,24,12,12,0,62.7,1.04
2017-04-16 04:20:00,26,15,11,0,61.4,0.94
2017-04-16 04:25:00,28,18,10,0,63.7,1.06
2017-04-16 04:30:00,26,12,14,0,66.3,0.95
2017-04-16 04:35:00,25,18,7,0,68.4,0.99
2017-04-16 04:40:00,30,21,9,0,61.7,1.28
2017-04-16 04:45:00,36,23,13,0,64.4,1.31
2017-04-16 04:50:00,25,18,7,0,67.4,0.89
2017-04-16 04:55:00,26,12,14,0,65.6,1.14
2017-04-16 05:00:00,24,9,15,0,65.3,0.89
2017-04-16 05:05:00,37,26,11,0,67.8,1.24
2017-04-16 05:10:00,41,23,17,1,60.1,1.61
2017-04-16 05:15:00,41,22,18,1,62.9,1.68
2017-04-16 05:20:00,37,25,12,0,62.2,1.57
2017-04-16 05:25:00,54,36,18,0,53.5,2.27
2017-04-16 05:30:00,47,30,17,0,69.3,1.82
2017-04-16 05:35:00,67,43,21,3,62.1,2.67
2017-04-16 05:40:00,77,54,22,1,63.7,3.14
2017-04-16 05:45:00,65,38,27,0,62.1,2.34
2017-04-16 05:50:00,71,22,49,0,62.6,2.81
2017-04-16 05:55:00,74,35,39,0,64.7,2.69
2017-04-16 06:00:00,99,57,42,0,64.1,3.23
2017-04-16 06:05:00,80,36,44,0,60.0,2.61
2017-04-16 06:10:00,78,29,48,1,62.6,2.86
2017-04-16 06:15:00,81,35,45,1,67.9,2.6
2017-04-16 06:20:00,86,35,51,0,61.4,2.84
2017-04-16 06:25:00,92,42,49,1,63.4,2.86
2017-04-16 06:30:00,89,44,43,2,66.4,2.71
2017-04-16 06:35:00,72,25,46,1,66.8,2.37
2017-04-16 06:40:00,78,42,35,1,63.2,2.57
2017-04-16 06:45:00,98,42,56,0,61.5,3.19
2017-04-16 06:50:00,97,42,55,0,62.2,3.1
2017-04-16 06:55:00,52,25,25,2,63.7,1.84
2017-04-16 07:00:00,90,48,42,0,64.8,2.75
2017-04-16 07:05:00,98,56,40,2,67.2,3.08
2017-04-16 07:10:00,99,65,33,1,62.3,3.25
2017-04-16 07:15:00,110,60,48,2,62.7,3.56
2017-04-16 07:20:00,74,41,32,1,62.7,2.38
2017-04-16 07:25:00,106,55,50,1,64.9,3.14
2017-04-16 07:30:00,107,60,46,1,66.7,3.38
2017-04-16 07:35:00,120,67,53,0,65.0,3.59
2017-04-16 07:40:00,126,69,55,2,64.4,3.81
2017-04-16 07:45:00,148,96,51,1,63.5,4.15
2017-04-16 07:50:00,135,72,63,0,66.9,4.03
2017-04-16 07:55:00,133,73,60,0,65.1,3.81
2017-04-16 08:00:00,119,68,51,0,65.5,3.55
2017-04-16 08:05:00,135,73,61,1,59.2,4.02
2017-04-16 08:10:00,122,87,34,1,63.9,3.61
2017-04-16 08:15:00,146,95,51,0,61.8,4.21
2017-04-16 08:20:00,121,83,37,1,68.4,3.45
2017-04-16 08:25:00,125,68,55,2,62.2,3.82
2017-04-16 08:30:00,135,76,59,0,62.4,4.11
2017-04-16 08:35:00,109,66,41,2,64.2,3.36
2017-04-16 08:40:00,140,73,66,1,60.4,4.49
2017-04-16 08:45:00,135,70,63,2,61.5,4.43
2017-04-16 08:50:00,146,83,63,0,63.4,4.47
2017-04-16 08:55:00,129,79,50,0,62.9,3.88
2017-04-16 09:00:00,130,65,64,1,62.1,4.77
2017-04-16 09:05:00,150,91,59,0,61.0,4.88
2017-04-16 09:10:00,135,76,57,2,61.4,4.52
2017-04-16 09:15:00,118,69,49,0,64.8,3.62
2017-04-16 09:20:00,118,75,43,0,62.8,4.14
2017-04-16 09:25:00,115,73,42,0,65.5,3.51
2017-04-16 09:30:00,148,87,61,0,60.1,5.33
2017-04-16 09:35:00,148,83,65,0,60.9,4.64
2017-04-16 09:40:00,149,84,64,1,63.1,5.63
2017-04-16 09:45:00,171,98,70,3,58.6,6.83
2017-04-16 09:50:00,155,80,74,1,61.5,5.76
2017-04-16 09:55:00,157,90,67,0,59.2,5.74
2017-04-16 10:00:00,118,63,55,0,62.0,4.01
2017-04-16 10:05:00,154,73,81,0,61.8,5.25
2017-04-16 10:10:00,162,75,87,0,57.9,5.62
2017-04-16 10:15:00,173,89,84,0,59.6,5.75
2017-04-16 10:20:00,196,109,86,1,52.1,7.62
2017-04-16 10:25:00,193,95,98,0,56.9,6.92
2017-04-16 10:30:00,173,75,98,0,58.5,5.94
2017-04-16 10:35:00,172,78,94,0,59.8,5.8
2017-04-16 10:40:00,207,92,115,0,54.2,7.0
2017-04-16 10:45:00,155,75,79,1,64.0,4.84
2017-04-16 10:50:00,169,75,94,0,59.0,5.51
2017-04-16 10:55:00,169,88,80,1,59.6,5.68
2017-04-16 11:00:00,169,78,89,2,57.3,6.89
2017-04-16 11:05:00,176,81,94,1,56.3,7.05
2017-04-16 11:10:00,134,61,71,2,62.9,5.71
2017-04-16 11:15:00,163,84,78,1,55.6,6.76
2017-04-16 11:20:00,142,69,72,1,61.0,5.78
2017-04-16 11:25:00,162,80,82,0,59.4,7.11
2017-04-16 11:30:00,157,92,63,2,60.8,5.49
2017-04-16 11:35:00,191,92,99,0,60.8,6.74
2017-04-16 11:40:00,162,77,84,1,63.8,6.01
2017-04-16 11:45:00,165,69,94,2,60.6,6.55
2017-04-16 11:50:00,154,56,96,2,58.6,6.86
2017-04-16 11:55:00,145,56,86,3,60.7,7.63
2017-04-16 12:00:00,166,69,96,1,56.9,7.08
2017-04-16 12:05:00,173,65,105,3,56.7,7.5
2017-04-16 12:10:00,150,68,82,0,60.9,5.73
2017-04-16 12:15:00,184,80,103,1,54.9,8.94
2017-04-16 12:20:00,176,85,90,1,58.1,8.9
2017-04-16 12:25:00,164,74,88,2,58.3,7.11
2017-04-16 12:30:00,192,92,100,0,58.4,7.09
2017-04-16 12:35:00,191,85,105,1,57.0,7.6
2017-04-16 12:40:00,167,83,82,2,60.6,6.34
2017-04-16 12:45:00,222,102,118,2,54.1,9.03
2017-04-16 12:50:00,219,103,115,1,56.3,8.58
2017-04-16 12:55:00,204,102,102,0,59.1,6.54
2017-04-16 13:00:00,181,77,103,1,59.7,6.34
2017-04-16 13:05:00,177,66,110,1,57.6,6.42
2017-04-16 13:10:00,177,62,113,2,56.4,7.05
2017-04-16 13:15:00,177,67,109,1,55.8,7.44
2017-04-16 13:20:00,172,74,98,0,59.2,5.83
2017-04-16 13:25:00,179,79,100,0,59.2,6.02
2017-04-16 13:30:00,205,79,125,1,55.8,7.72
2017-04-16 13:35:00,211,82,129,0,58.3,7.44
2017-04-16 13:40:00,179,74,104,1,56.0,6.37
2017-04-16 13:45:00,192,90,102,0,57.1,6.84
2017-04-16 13:50:00,187,77,109,1,55.8,6.79
2017-04-16 13:55:00,185,81,102,2,58.1,6.34
2017-04-16 14:00:00,194,88,106,0,58.9,6.52
2017-04-16 14:05:00,216,100,115,1,53.9,8.0
2017-04-16 14:10:00,192,86,106,0,54.3,6.87
2017-04-16 14:15:00,200,73,127,0,56.8,6.88
2017-04-16 14:20:00,209,105,104,0,55.2,7.33
2017-04-16 14:25:00,203,98,104,1,53.5,7.25
2017-04-16 14:30:00,185,84,100,1,56.0,6.26
2017-04-16 14:35:00,174,72,101,1,56.8,5.89
2017-04-16 14:40:00,173,70,103,0,57.9,5.56
2017-04-16 14:45:00,204,116,88,0,57.5,6.49
2017-04-16 14:50:00,198,75,121,2,54.8,6.84
2017-04-16 14:55:00,223,102,120,1,55.3,7.44
2017-04-16 15:00:00,209,94,115,0,58.0,6.74
2017-04-16 15:05:00,188,87,101,0,58.9,6.12
2017-04-16 15:10:00,201,94,107,0,54.8,6.72
2017-04-16 15:15:00,157,67,90,0,57.3,5.21
2017-04-16 15:20:00,171,75,96,0,58.8,5.48
2017-04-16 15:25:00,171,81,89,1,59.7,5.28
2017-04-16 15:30:00,191,85,104,2,59.0,6.37
2017-04-16 15:35:00,173,72,101,0,58.8,5.66
2017-04-16 15:40:00,192,99,93,0,59.1,6.14
2017-04-16 15:45:00,194,89,105,0,55.2,6.63
2017-04-16 15:50:00,170,86,83,1,58.3,5.49
2017-04-16 15:55:00,143,68,74,1,58.7,4.68
2017-04-16 16:00:00,157,74,81,2,56.4,5.2
2017-04-16 16:05:00,179,87,90,2,54.5,6.17
2017-04-16 16:10:00,194,98,96,0,57.4,6.58
2017-04-16 16:15:00,185,96,86,3,57.1,5.84
2017-04-16 16:20:00,147,84,60,3,58.2,4.7
2017-04-16 16:25:00,156,91,64,1,59.1,4.85
2017-04-16 16:30:00,171,79,90,2,55.0,5.77
2017-04-16 16:35:00,195,95,97,3,56.2,6.46
2017-04-16 16:40:00,188,78,109,1,56.3,6.31
2017-04-16 16:45:00,187,83,104,0,59.0,6.0
2017-04-16 16:50:00,179,83,93,3,55.3,6.08
2017-04-16 16:55:00,225,113,112,0,57.5,7.3
2017-04-16 17:00:00,199,99,100,0,56.0,6.51
2017-04-16 17:05:00,218,109,106,3,57.0,7.01
2017-04-16 17:10:00,197,92,104,1,53.5,7.85
2017-04-16 17:15:00,198,92,104,2,56.1,6.63
2017-04-16 17:20:00,172,80,92,0,60.1,5.59
2017-04-16 17:25:00,163,75,88,0,55.4,5.65
2017-04-16 17:30:00,183,87,94,2,57.5,5.68
2017-04-16 17:35:00,204,95,108,1,56.5,6.91
2017-04-16 17:40:00,180,73,106,1,56.9,5.81
2017-04-16 17:45:00,185,82,101,2,56.6,6.17
2017-04-16 17:50:00,180,86,94,0,56.1,6.34
2017-04-16 17:55:00,166,78,88,0,55.5,5.48
2017-04-16 18:00:00,164,71,93,0,57.0,5.47
2017-04-16 18:05:00,186,87,97,2,57.9,6.5
2017-04-16 18:10:00,174,88,85,1,60.1,5.56
2017-04-16 18:15:00,160,69,89,2,59.8,4.98
2017-04-16 18:20:00,169,80,89,0,61.1,5.59
2017-04-16 18:25:00,181,82,97,2,55.0,6.14
2017-04-16 18:30:00,155,79,76,0,63.9,4.6
2017-04-16 18:35:00,159,78,79,2,58.7,5.3
2017-04-16 18:40:00,156,66,89,1,59.3,5.04
2017-04-16 18:45:00,150,69,79,2,59.8,4.76
2017-04-16 18:50:00,171,78,91,2,58.5,6.07
2017-04-16 18:55:00,159,85,74,0,60.6,4.92
2017-04-16 19:00:00,148,60,87,1,62.2,4.8
2017-04-16 19:05:00,174,81,92,1,57.6,6.38
2017-04-16 19:10:00,176,90,86,0,55.0,6.73
2017-04-16 19:15:00,150,102,48,0,55.2,5.75
2017-04-16 19:20:00,146,123,23,0,54.4,5.8
2017-04-16 19:25:00,160,113,47,0,57.9,6.33
2017-04-16 19:30:00,168,124,44,0,55.8,6.83
2017-04-16 19:35:00,146,101,45,0,55.6,5.88
2017-04-16 19:40:00,145,108,37,0,57.0,6.18
2017-04-16 19:45:00,166,120,46,0,52.7,7.48
2017-04-16 19:50:00,154,113,41,0,56.2,6.31
2017-04-16 19:55:00,120,88,32,0,57.1,4.76
2017-04-16 20:00:00,139,100,38,1,54.9,5.46
2017-04-16 20:05:00,148,104,44,0,58.0,6.24
2017-04-16 20:10:00,181,133,48,0,52.2,8.18
2017-04-16 20:15:00,146,111,34,1,55.9,5.84
2017-04-16 20:20:00,133,94,38,1,55.2,5.49
2017-04-16 20:25:00,146,103,43,0,55.3,6.29
2017-04-16 20:30:00,117,80,37,0,59.8,4.95
2017-04-16 20:35:00,118,82,36,0,56.7,4.99
2017-04-16 20:40:00,149,108,41,0,55.1,6.32
2017-04-16 20:45:00,118,76,40,2,58.3,4.75
2017-04-16 20:50:00,183,126,56,1,53.6,8.26
2017-04-16 20:55:00,164,116,48,0,56.2,6.85
2017-04-16 21:00:00,152,113,39,0,59.9,5.97
2017-04-16 21:05:00,144,101,43,0,60.5,7.75
2017-04-16 21:10:00,126,74,52,0,57.9,5.01
2017-04-16 21:15:00,134,92,42,0,59.2,4.9
2017-04-16 21:20:00,130,86,44,0,57.7,5.22
2017-04-16 21:25:00,145,106,39,0,57.4,6.27
2017-04-16 21:30:00,136,102,34,0,55.7,5.29
2017-04-16 21:35:00,110,67,43,0,57.9,4.4
2017-04-16 21:40:00,105,70,35,0,60.5,4.18
2017-04-16 21:45:00,114,79,35,0,57.2,4.12
2017-04-16 21:50:00,124,83,40,1,56.3,5.15
2017-04-16 21:55:00,95,57,37,1,62.7,3.85
2017-04-16 22:00:00,101,68,33,0,59.2,4.03
2017-04-16 22:05:00,104,67,37,0,63.4,3.84
2017-04-16 22:10:00,108,72,36,0,58.3,4.23
2017-04-16 22:15:00,120,71,49,0,59.4,4.85
2017-04-16 22:20:00,91,52,39,0,62.7,3.76
2017-04-16 22:25:00,78,48,30,0,62.3,3.18
2017-04-16 22:30:00,82,51,31,0,61.0,3.04
2017-04-16 22:35:00,83,48,34,1,65.6,3.36
2017-04-16 22:40:00,50,29,21,0,66.9,1.89
2017-04-16 22:45:00,77,45,31,1,59.4,3.09
2017-04-16 22:50:00,87,57,30,0,62.5,3.74
2017-04-16 22:55:00,85,55,30,0,64.3,3.27
2017-04-16 23:00:00,68,36,32,0,63.3,2.81
2017-04-16 23:05:00,75,40,35,0,65.1,3.07
2017-04-16 23:10:00,94,50,42,2,63.9,3.94
2017-04-16 23:15:00,72,41,31,0,68.3,3.0
2017-04-16 23:20:00,88,52,36,0,62.8,3.37
2017-04-16 23:25:00,63,44,19,0,62.0,2.41
2017-04-16 23:30:00,68,33,34,1,64.9,2.87
2017-04-16 23:35:00,56,28,28,0,56.9,2.39
2017-04-16 23:40:00,53,33,20,0,63.4,2.16
2017-04-16 23:45:00,55,29,26,0,60.9,2.49
2017-04-16 23:50:00,50,26,24,0,61.7,1.91
2017-04-16 23:55:00,51,26,25,0,63.2,1.96
2017-04-17 00:00:00,43,22,20,1,66.2,1.53
2017-04-17 00:05:00,27,17,10,0,63.2,1.11
2017-04-17 00:10:00,50,32,18,0,63.2,1.82
2017-04-17 00:15:00,45,30,15,0,66.1,1.66
2017-04-17 00:20:00,41,27,14,0,62.2,1.8
2017-04-17 00:25:00,31,15,16,0,68.3,1.27
2017-04-17 00:30:00,25,13,12,0,57.9,1.05
2017-04-17 00:35:00,25,16,9,0,71.2,1.02
2017-04-17 00:40:00,18,8,10,0,59.6,0.78
2017-04-17 00:45:00,19,7,12,0,61.7,0.81
2017-04-17 00:50:00,41,24,17,0,62.6,1.56
2017-04-17 00:55:00,34,21,13,0,71.0,1.21
2017-04-17 01:00:00,27,14,13,0,63.4,1.03
2017-04-17 01:05:00,29,15,14,0,65.0,1.03
2017-04-17 01:10:00,34,18,15,1,65.3,1.15
2017-04-17 01:15:00,28,19,9,0,68.8,0.92
2017-04-17 01:20:00,21,11,10,0,64.9,0.73
2017-04-17 01:25:00,21,7,13,1,65.5,0.75
2017-04-17 01:30:00,22,13,9,0,67.1,0.78
2017-04-17 01:35:00,29,17,12,0,63.5,1.24
2017-04-17 01:40:00,22,13,9,0,67.0,0.86
2017-04-17 01:45:00,26,14,12,0,64.7,0.99
2017-04-17 01:50:00,21,12,9,0,64.8,0.79
2017-04-17 01:55:00,18,13,5,0,56.2,0.73
2017-04-17 02:00:00,24,9,15,0,61.8,0.97
2017-04-17 02:05:00,16,9,7,0,64.4,0.65
2017-04-17 02:10:00,20,10,9,1,65.8,0.62
2017-04-17 02:15:00,17,12,5,0,67.2,0.72
2017-04-17 02:20:00,26,19,7,0,61.5,1.14
2017-04-17 02:25:00,13,7,6,0,62.9,0.58
2017-04-17 02:30:00,19,10,9,0,69.6,0.77
2017-04-17 02:35:00,17,8,9,0,58.0,1.06
2017-04-17 02:40:00,20,6,14,0,66.6,0.86
2017-04-17 02:45:00,23,12,11,0,61.3,1.05
2017-04-17 02:50:00,23,14,9,0,60.8,0.88
2017-04-17 02:55:00,19,13,6,0,57.9,0.76
2017-04-17 03:00:00,15,7,8,0,70.2,0.55
2017-04-17 03:05:00,26,17,9,0,65.2,0.96
2017-04-17 03:10:00,23,15,8,0,56.3,1.02
2017-04-17 03:15:00,18,12,6,0,62.6,0.84
2017-04-17 03:20:00,20,18,2,0,65.5,0.76
2017-04-17 03:25:00,25,13,12,0,65.5,1.09
2017-04-17 03:30:00,23,16,7,0,64.8,0.85
2017-04-17 03:35:00,21,11,10,0,63.9,0.81
2017-04-17 03:40:00,22,14,8,0,65.3,0.76
2017-04-17 03:45:00,28,14,14,0,66.2,1.21
2017-04-17 03:50:00,30,18,12,0,65.3,1.01
2017-04-17 03:55:00,28,16,12,0,58.3,1.3
2017-04-17 04:00:00,26,19,7,0,62.0,1.25
2017-04-17 04:05:00,22,15,7,0,64.9,0.92
2017-04-17 04:10:00,29,18,11,0,69.7,1.08
2017-04-17 04:15:00,39,20,19,0,74.3,1.46
2017-04-17 04:20:00,44,27,17,0,66.8,1.73
2017-04-17 04:25:00,50,38,12,0,62.7,2.49
2017-04-17 04:30:00,42,26,16,0,64.4,1.7
2017-04-17 04:35:00,46,28,18,0,60.2,2.09
2017-04-17 04:40:00,51,33,18,0,62.4,2.0
2017-04-17 04:45:00,42,25,16,1,61.5,1.89
2017-04-17 04:50:00,61,39,22,0,61.8,2.22
2017-04-17 04:55:00,41,24,17,0,65.8,1.76
2017-04-17 05:00:00,59,38,21,0,63.7,2.22
2017-04-17 05:05:00,61,45,16,0,65.7,2.58
2017-04-17 05:10:00,56,35,21,0,61.6,2.57
2017-04-17 05:15:00,74,51,23,0,59.6,3.1
2017-04-17 05:20:00,61,44,17,0,60.3,2.54
2017-04-17 05:25:00,61,39,22,0,60.7,2.4
2017-04-17 05:30:00,91,63,28,0,60.8,3.68
2017-04-17 05:35:00,112,79,33,0,59.7,4.63
2017-04-17 05:40:00,137,92,43,2,59.9,6.46
2017-04-17 05:45:00,124,59,60,5,55.5,6.01
2017-04-17 05:50:00,118,51,67,0,61.6,4.88
2017-04-17 05:55:00,126,49,77,0,58.8,5.61
2017-04-17 06:00:00,104,40,63,1,63.9,3.66
2017-04-17 06:05:00,126,57,69,0,58.9,4.7
2017-04-17 06:10:00,176,73,103,0,62.5,6.07
2017-04-17 06:15:00,168,74,93,1,64.1,5.81
2017-04-17 06:20:00,185,77,107,1,61.7,6.18
2017-04-17 06:25:00,202,78,123,1,61.2,7.3
2017-04-17 06:30:00,176,70,102,4,62.4,6.21
2017-04-17 06:35:00,179,62,117,0,57.6,6.93
2017-04-17 06:40:00,204,65,139,0,58.3,7.02
2017-04-17 06:45:00,252,106,145,1,58.5,8.92
2017-04-17 06:50:00,223,92,130,1,59.4,7.72
2017-04-17 06:55:00,243,88,151,4,56.6,8.84
2017-04-17 07:00:00,241,87,154,0,58.3,8.31
2017-04-17 07:05:00,280,107,172,1,54.3,10.12
2017-04-17 07:10:00,260,110,147,3,53.5,9.47
2017-04-17 07:15:00,275,115,158,2,55.1,9.66
2017-04-17 07:20:00,279,118,159,2,56.2,9.63
2017-04-17 07:25:00,277,95,178,4,50.1,15.98
2017-04-17 07:30:00,291,110,180,1,53.5,11.09
2017-04-17 07:35:00,312,121,188,3,51.0,12.38
2017-04-17 07:40:00,289,127,160,2,46.9,20.01
2017-04-17 07:45:00,299,131,163,5,40.4,28.69
2017-04-17 07:50:00,256,114,141,1,40.3,26.98
2017-04-17 07:55:00,274,115,154,5,34.0,37.83
2017-04-17 08:00:00,252,118,129,5,35.0,42.88
2017-04-17 08:05:00,262,109,150,3,34.8,48.54
2017-04-17 08:10:00,260,124,130,6,30.3,53.8
2017-04-17 08:15:00,287,127,150,10,36.3,40.72
2017-04-17 08:20:00,307,103,197,7,34.7,36.23
2017-04-17 08:25:00,292,119,169,4,40.8,22.93
2017-04-17 08:30:00,279,121,157,1,54.0,9.93
2017-04-17 08:35:00,264,106,157,1,54.7,9.29
2017-04-17 08:40:00,237,89,148,0,56.0,8.0
2017-04-17 08:45:00,242,85,157,0,54.5,8.66
2017-04-17 08:50:00,220,89,131,0,57.3,7.78
2017-04-17 08:55:00,250,92,157,1,56.7,8.76
2017-04-17 09:00:00,227,87,138,2,55.8,8.16
2017-04-17 09:05:00,218,80,133,5,53.6,8.14
2017-04-17 09:10:00,198,86,110,2,54.2,7.38
2017-04-17 09:15:00,204,68,133,3,54.9,7.76
2017-04-17 09:20:00,221,84,137,0,53.3,8.19
2017-04-17 09:25:00,230,92,137,1,52.3,8.89
2017-04-17 09:30:00,229,71,155,3,53.3,8.92
2017-04-17 09:35:00,215,88,127,0,55.7,8.09
2017-04-17 09:40:00,228,101,127,0,52.1,8.88
2017-04-17 09:45:00,204,83,120,1,53.4,8.02
2017-04-17 09:50:00,182,65,116,1,51.7,8.01
2017-04-17 09:55:00,212,85,124,3,46.2,19.48
2017-04-17 10:00:00,163,53,106,4,53.1,6.98
2017-04-17 10:05:00,179,67,112,0,55.0,7.24
2017-04-17 10:10:00,166,66,99,1,52.7,7.18
2017-04-17 10:15:00,153,59,93,1,54.0,11.19
2017-04-17 10:20:00,195,68,122,5,51.7,8.17
2017-04-17 10:25:00,179,67,111,1,51.4,7.99
2017-04-17 10:30:00,173,54,119,0,53.3,7.24
2017-04-17 10:35:00,186,72,113,1,52.8,8.07
2017-04-17 10:40:00,124,47,76,1,51.7,6.12
2017-04-17 10:45:00,183,82,98,3,52.3,8.09
2017-04-17 10:50:00,186,76,109,1,51.0,8.12
2017-04-17 10:55:00,177,78,99,0,53.3,7.66
2017-04-17 11:00:00,182,76,104,2,50.2,8.34
2017-04-17 11:05:00,173,57,115,1,51.5,7.73
2017-04-17 11:10:00,188,81,104,3,52.3,7.92
2017-04-17 11:15:00,173,66,105,2,52.3,7.81
2017-04-17 11:20:00,167,54,113,0,51.6,7.5
2017-04-17 11:25:00,192,85,104,3,52.7,8.3
2017-04-17 11:30:00,200,91,107,2,50.2,9.28
2017-04-17 11:35:00,199,91,108,0,51.9,8.74
2017-04-17 11:40:00,167,82,83,2,56.7,6.51
2017-04-17 11:45:00,187,86,98,3,51.5,7.89
2017-04-17 11:50:00,160,86,71,3,54.5,6.57
2017-04-17 11:55:00,160,82,76,2,52.3,6.22
2017-04-17 12:00:00,150,61,89,0,52.6,6.05
2017-04-17 12:05:00,149,78,70,1,51.6,6.21
2017-04-17 12:10:00,164,81,82,1,51.5,7.33
2017-04-17 12:15:00,179,99,79,1,52.6,7.57
2017-04-17 12:20:00,171,56,113,2,52.6,7.34
2017-04-17 12:25:00,153,69,83,1,54.0,6.35
2017-04-17 12:30:00,148,59,88,1,52.8,6.2
2017-04-17 12:35:00,136,64,71,1,53.1,5.58
2017-04-17 12:40:00,160,83,76,1,53.6,6.22
2017-04-17 12:45:00,163,80,83,0,53.8,6.49
2017-04-17 12:50:00,175,79,93,3,54.4,6.87
2017-04-17 12:55:00,147,64,83,0,55.0,5.9
2017-04-17 13:00:00,162,69,91,2,53.7,6.75
2017-04-17 13:05:00,188,99,89,0,55.1,7.11
2017-04-17 13:10:00,157,77,80,0,51.7,6.45
2017-04-17 13:15:00,149,65,83,1,54.2,5.89
2017-04-17 13:20:00,157,86,68,3,54.2,6.01
2017-04-17 13:25:00,182,90,92,0,51.2,7.7
2017-04-17 13:30:00,192,98,93,1,52.3,8.35
2017-04-17 13:35:00,204,119,84,1,51.4,8.44
2017-04-17 13:40:00,191,94,97,0,52.2,8.25
2017-04-17 13:45:00,175,76,96,3,52.4,7.32
2017-04-17 13:50:00,185,87,96,2,50.2,7.69
2017-04-17 13:55:00,166,78,87,1,53.9,6.59
2017-04-17 14:00:00,174,84,89,1,53.1,7.71
2017-04-17 14:05:00,186,98,87,1,52.2,7.78
2017-04-17 14:10:00,161,87,74,0,53.0,6.59
2017-04-17 14:15:00,174,82,91,1,52.9,6.73
2017-04-17 14:20:00,190,100,88,2,51.0,8.71
2017-04-17 14:25:00,174,86,86,2,53.0,7.17
2017-04-17 14:30:00,188,98,86,4,49.1,8.29
2017-04-17 14:35:00,180,85,94,1,54.0,7.31
2017-04-17 14:40:00,167,92,75,0,50.7,6.98
2017-04-17 14:45:00,173,86,86,1,52.4,7.04
2017-04-17 14:50:00,207,107,100,0,53.5,8.44
2017-04-17 14:55:00,171,88,81,2,52.8,7.1
2017-04-17 15:00:00,152,90,61,1,54.2,5.75
2017-04-17 15:05:00,190,93,95,2,51.0,8.01
2017-04-17 15:10:00,163,78,82,3,50.5,6.64
2017-04-17 15:15:00,186,105,81,0,51.4,7.44
2017-04-17 15:20:00,189,93,94,2,53.4,7.59
2017-04-17 15:25:00,164,74,89,1,55.5,6.24
2017-04-17 15:30:00,175,102,71,2,54.9,6.92
2017-04-17 15:35:00,176,85,89,2,55.4,6.43
2017-04-17 15:40:00,175,94,79,2,55.0,6.41
2017-04-17 15:45:00,173,89,84,0,56.0,6.68
2017-04-17 15:50:00,180,86,91,3,52.5,8.06
2017-04-17 15:55:00,152,88,62,2,54.8,5.78
2017-04-17 16:00:00,158,89,68,1,55.6,5.6
2017-04-17 16:05:00,174,106,68,0,54.3,6.49
2017-04-17 16:10:00,193,119,73,1,56.3,6.7
2017-04-17 16:15:00,192,100,92,0,55.5,6.97
2017-04-17 16:20:00,198,100,98,0,56.6,6.81
2017-04-17 16:25:00,173,92,81,0,56.3,6.16
2017-04-17 16:30:00,202,107,93,2,55.6,7.22
2017-04-17 16:35:00,174,81,92,1,55.7,6.27
2017-04-17 16:40:00,165,86,79,0,55.0,6.06
2017-04-17 16:45:00,196,106,90,0,53.8,7.27
2017-04-17 16:50:00,204,101,101,2,55.3,7.42
2017-04-17 16:55:00,196,94,102,0,56.6,6.97
2017-04-17 17:00:00,201,106,93,2,58.1,7.04
2017-04-17 17:05:00,165,75,90,0,58.0,5.74
2017-04-17 17:10:00,167,97,70,0,59.3,5.5
2017-04-17 17:15:00,168,80,88,0,57.5,6.77
2017-04-17 17:20:00,186,92,93,1,55.8,6.42
2017-04-17 17:25:00,164,83,80,1,56.3,5.59
2017-04-17 17:30:00,211,118,92,1,56.0,7.22
2017-04-17 17:35:00,199,101,97,1,55.8,6.86
2017-04-17 17:40:00,195,122,73,0,60.9,6.14
2017-04-17 17:45:00,186,86,96,4,58.6,5.94
2017-04-17 17:50:00,172,79,92,1,54.5,6.6
2017-04-17 17:55:00,169,91,77,1,56.4,5.88
2017-04-17 18:00:00,172,89,83,0,58.2,5.75
2017-04-17 18:05:00,181,100,80,1,59.0,5.78
2017-04-17 18:10:00,225,106,116,3,58.9,7.87
2017-04-17 18:15:00,202,90,110,2,55.8,9.8
2017-04-17 18:20:00,235,95,140,0,57.6,7.96
2017-04-17 18:25:00,200,92,107,1,56.7,6.84
2017-04-17 18:30:00,190,90,100,0,56.7,6.47
2017-04-17 18:35:00,184,94,90,0,54.3,6.45
2017-04-17 18:40:00,165,74,90,1,58.1,5.6
2017-04-17 18:45:00,208,89,119,0,54.1,7.59
2017-04-17 18:50:00,194,108,82,4,56.8,6.71
2017-04-17 18:55:00,199,109,87,3,56.0,7.21
2017-04-17 19:00:00,171,90,79,2,56.7,7.23
2017-04-17 19:05:00,182,94,83,5,55.9,7.19
2017-04-17 19:10:00,170,105,64,1,54.7,6.45
2017-04-17 19:15:00,153,111,41,1,53.8,6.92
2017-04-17 19:20:00,161,134,26,1,56.6,6.1
2017-04-17 19:25:00,161,142,19,0,54.5,6.26
2017-04-17 19:30:00,154,132,21,1,56.1,6.4
2017-04-17 19:35:00,147,117,30,0,54.1,6.99
2017-04-17 19:40:00,163,137,25,1,56.7,6.64
2017-04-17 19:45:00,135,111,22,2,58.0,5.79
2017-04-17 19:50:00,155,123,32,0,59.2,6.17
2017-04-17 19:55:00,107,92,14,1,62.1,4.2
2017-04-17 20:00:00,121,101,20,0,57.4,8.31
2017-04-17 20:05:00,89,78,11,0,58.7,3.38
2017-04-17 20:10:00,137,111,26,0,55.2,6.04
2017-04-17 20:15:00,108,93,15,0,55.7,4.56
2017-04-17 20:20:00,128,96,32,0,55.3,5.37
2017-04-17 20:25:00,113,90,23,0,60.9,4.44
2017-04-17 20:30:00,137,116,21,0,54.0,5.79
2017-04-17 20:35:00,132,106,26,0,56.7,5.15
2017-04-17 20:40:00,130,100,30,0,57.6,4.97
2017-04-17 20:45:00,136,94,42,0,52.3,5.89
2017-04-17 20:50:00,119,92,27,0,52.1,4.8
2017-04-17 20:55:00,110,87,23,0,60.1,5.14
2017-04-17 21:00:00,126,94,32,0,59.7,5.18
2017-04-17 21:05:00,127,100,27,0,57.5,5.31
2017-04-17 21:10:00,151,123,28,0,55.5,6.1
2017-04-17 21:15:00,144,112,32,0,57.1,5.84
2017-04-17 21:20:00,163,130,33,0,53.9,6.84
2017-04-17 21:25:00,115,89,26,0,57.3,4.51
2017-04-17 21:30:00,125,99,26,0,57.4,4.86
2017-04-17 21:35:00,157,123,34,0,56.6,6.71
2017-04-17 21:40:00,121,85,36,0,64.4,4.99
2017-04-17 21:45:00,121,90,31,0,56.2,5.11
2017-04-17 21:50:00,114,88,26,0,62.0,4.76
2017-04-17 21:55:00,123,97,25,1,57.0,4.91
2017-04-17 22:00:00,121,99,22,0,57.9,4.91
2017-04-17 22:05:00,107,79,28,0,55.2,4.33
2017-04-17 22:10:00,125,94,31,0,59.5,5.07
2017-04-17 22:15:00,114,89,25,0,57.6,4.62
2017-04-17 22:20:00,122,97,25,0,59.6,5.05
2017-04-17 22:25:00,99,79,20,0,60.5,4.19
2017-04-17 22:30:00,98,70,27,1,63.1,3.59
2017-04-17 22:35:00,94,74,20,0,60.8,3.42
2017-04-17 22:40:00,82,57,25,0,62.7,3.56
2017-04-17 22:45:00,85,57,28,0,62.7,3.61
2017-04-17 22:50:00,88,66,22,0,63.3,3.6
2017-04-17 22:55:00,74,61,12,1,60.3,2.93
2017-04-17 23:00:00,74,57,17,0,61.9,3.04
2017-04-17 23:05:00,85,60,25,0,61.6,3.62
2017-04-17 23:10:00,99,69,30,0,62.9,4.02
2017-04-17 23:15:00,91,64,27,0,60.3,3.94
2017-04-17 23:20:00,74,53,21,0,67.0,2.93
2017-04-17 23:25:00,74,59,15,0,60.9,2.96
2017-04-17 23:30:00,68,49,19,0,62.1,2.65
2017-04-17 23:35:00,66,46,20,0,61.9,2.48
2017-04-17 23:40:00,61,44,17,0,64.6,2.4
2017-04-17 23:45:00,59,35,24,0,71.3,2.28
2017-04-17 23:50:00,63,43,19,1,59.0,2.58
2017-04-17 23:55:00,63,49,14,0,61.6,2.36
2017-04-18 00:00:00,51,35,16,0,67.0,2.01
2017-04-18 00:05:00,52,41,11,0,62.8,1.94
2017-04-18 00:10:00,56,44,12,0,66.5,2.13
2017-04-18 00:15:00,50,38,12,0,53.6,1.95
2017-04-18 00:20:00,75,57,18,0,60.5,3.05
2017-04-18 00:25:00,35,21,14,0,64.8,1.33
2017-04-18 00:30:00,40,23,16,1,60.7,1.78
2017-04-18 00:35:00,40,35,5,0,59.0,1.7
2017-04-18 00:40:00,25,13,11,1,61.7,0.94
2017-04-18 00:45:00,31,23,7,1,64.8,1.18
2017-04-18 00:50:00,37,26,11,0,66.1,1.4
2017-04-18 00:55:00,37,29,8,0,70.6,1.35
2017-04-18 01:00:00,23,13,10,0,61.6,0.78
2017-04-18 01:05:00,34,25,9,0,68.2,1.34
2017-04-18 01:10:00,30,16,14,0,68.0,1.13
2017-04-18 01:15:00,28,25,3,0,76.7,1.01
2017-04-18 01:20:00,23,14,9,0,62.3,0.82
2017-04-18 01:25:00,29,17,12,0,64.9,1.19
2017-04-18 01:30:00,39,25,14,0,66.5,1.51
2017-04-18 01:35:00,26,19,7,0,64.3,1.1
2017-04-18 01:40:00,24,19,5,0,60.7,0.94
2017-04-18 01:45:00,25,20,5,0,59.7,0.99
2017-04-18 01:50:00,27,18,9,0,62.5,1.01
2017-04-18 01:55:00,22,14,8,0,75.1,0.79
2017-04-18 02:00:00,26,16,10,0,70.0,1.02
2017-04-18 02:05:00,21,16,5,0,64.8,0.78
2017-04-18 02:10:00,27,18,9,0,64.7,1.25
2017-04-18 02:15:00,27,21,6,0,64.9,0.98
2017-04-18 02:20:00,26,21,5,0,64.3,1.03
2017-04-18 02:25:00,22,17,5,0,58.3,1.0
2017-04-18 02:30:00,18,14,4,0,63.4,0.79
2017-04-18 02:35:00,30,19,11,0,65.6,1.04
2017-04-18 02:40:00,20,13,7,0,65.5,0.82
2017-04-18 02:45:00,17,10,7,0,49.3,25.16
2017-04-18 02:50:00,21,16,5,0,62.4,0.91
2017-04-18 02:55:00,26,16,10,0,67.0,0.97
2017-04-18 03:00:00,14,9,5,0,66.5,0.48
2017-04-18 03:05:00,26,17,8,1,65.6,1.14
2017-04-18 03:10:00,27,19,8,0,64.7,1.43
2017-04-18 03:15:00,21,18,3,0,64.1,0.81
2017-04-18 03:20:00,16,12,4,0,66.6,0.62
2017-04-18 03:25:00,19,12,7,0,63.3,0.8
2017-04-18 03:30:00,19,15,4,0,60.4,0.86
2017-04-18 03:35:00,28,18,10,0,68.2,0.98
2017-04-18 03:40:00,17,11,6,0,64.6,0.72
2017-04-18 03:45:00,34,25,9,0,67.8,1.48
2017-04-18 03:50:00,33,22,11,0,65.7,1.52
2017-04-18 03:55:00,34,22,12,0,59.0,1.38
2017-04-18 04:00:00,31,19,11,1,62.8,1.34
2017-04-18 04:05:00,28,18,10,0,60.3,1.01
2017-04-18 04:10:00,32,23,9,0,72.0,1.29
2017-04-18 04:15:00,32,23,9,0,59.9,1.33
2017-04-18 04:20:00,53,34,19,0,66.5,2.08
2017-04-18 04:25:00,58,36,22,0,65.9,2.55
2017-04-18 04:30:00,56,37,19,0,62.7,2.23
2017-04-18 04:35:00,44,32,12,0,62.1,1.82
2017-04-18 04:40:00,51,43,8,0,61.4,2.36
2017-04-18 04:45:00,34,27,6,1,69.6,3.85
2017-04-18 04:50:00,46,33,13,0,67.7,1.64
2017-04-18 04:55:00,55,38,17,0,61.4,2.02
2017-04-18 05:00:00,47,35,12,0,64.5,1.7
2017-04-18 05:05:00,44,36,8,0,61.1,1.76
2017-04-18 05:10:00,54,41,13,0,56.0,2.01
2017-04-18 05:15:00,62,49,13,0,61.2,2.55
2017-04-18 05:20:00,66,47,19,0,59.1,3.73
2017-04-18 05:25:00,79,60,19,0,59.0,3.41
2017-04-18 05:30:00,91,68,22,1,61.0,3.7
2017-04-18 05:35:00,112,95,16,1,62.3,4.03
2017-04-18 05:40:00,107,67,39,1,60.7,4.86
2017-04-18 05:45:00,133,72,60,1,59.8,5.57
2017-04-18 05:50:00,119,55,62,2,63.7,4.7
2017-04-18 05:55:00,132,57,74,1,59.2,5.23
2017-04-18 06:00:00,113,53,59,1,57.5,3.83
2017-04-18 06:05:00,156,74,82,0,61.4,5.51
2017-04-18 06:10:00,164,67,97,0,64.1,5.96
2017-04-18 06:15:00,180,80,97,3,62.1,5.87
2017-04-18 06:20:00,171,84,86,1,60.1,5.95
2017-04-18 06:25:00,201,79,119,3,63.0,7.09
2017-04-18 06:30:00,186,94,91,1,60.6,6.38
2017-04-18 06:35:00,172,73,99,0,59.0,6.19
2017-04-18 06:40:00,169,84,85,0,62.9,5.9
2017-04-18 06:45:00,216,87,129,0,62.2,7.21
2017-04-18 06:50:00,250,118,132,0,60.2,8.34
2017-04-18 06:55:00,208,105,99,4,61.5,7.32
2017-04-18 07:00:00,232,109,121,2,60.1,8.16
2017-04-18 07:05:00,276,131,145,0,57.4,9.58
2017-04-18 07:10:00,256,117,139,0,55.2,9.17
2017-04-18 07:15:00,253,118,135,0,57.3,8.66
2017-04-18 07:20:00,303,152,147,4,54.0,11.42
2017-04-18 07:25:00,290,134,156,0,57.1,9.66
2017-04-18 07:30:00,309,147,158,4,52.7,11.12
2017-04-18 07:35:00,303,161,137,5,50.6,14.94
2017-04-18 07:40:00,297,145,150,2,49.6,17.46
2017-04-18 07:45:00,289,166,122,1,42.4,23.01
2017-04-18 07:50:00,277,141,131,5,31.5,46.99
2017-04-18 07:55:00,284,134,140,10,35.2,34.28
2017-04-18 08:00:00,277,144,130,3,44.2,26.83
2017-04-18 08:05:00,290,144,141,5,40.3,23.51
2017-04-18 08:10:00,290,150,140,0,43.5,27.44
2017-04-18 08:15:00,313,157,153,3,49.1,14.44
2017-04-18 08:20:00,301,153,145,3,53.8,10.97
2017-04-18 08:25:00,249,116,133,0,56.4,11.13
2017-04-18 08:30:00,280,144,135,1,56.8,9.78
2017-04-18 08:35:00,285,137,148,0,57.7,9.66
2017-04-18 08:40:00,269,136,133,0,57.9,8.58
2017-04-18 08:45:00,220,115,104,1,60.4,6.93
2017-04-18 08:50:00,246,129,117,0,58.4,8.03
2017-04-18 08:55:00,283,149,127,7,58.2,9.61
2017-04-18 09:00:00,163,83,80,0,56.5,7.13
2017-04-18 09:05:00,232,105,121,6,58.0,8.47
2017-04-18 09:10:00,250,125,122,3,56.0,9.16
2017-04-18 09:15:00,235,115,119,1,56.8,8.42
2017-04-18 09:20:00,219,111,105,3,58.7,8.03
2017-04-18 09:25:00,241,98,141,2,55.1,9.14
2017-04-18 09:30:00,233,104,128,1,58.8,8.05
2017-04-18 09:35:00,232,109,123,0,59.5,8.65
2017-04-18 09:40:00,240,125,114,1,57.9,8.12
2017-04-18 09:45:00,234,119,114,1,59.0,8.62
2017-04-18 09:50:00,185,88,96,1,58.0,6.5
2017-04-18 09:55:00,212,111,101,0,53.0,8.96
2017-04-18 10:00:00,198,90,105,3,56.3,7.36
2017-04-18 10:05:00,209,97,111,1,55.4,8.09
2017-04-18 10:10:00,206,103,101,2,58.1,7.33
2017-04-18 10:15:00,201,93,106,2,58.1,7.32
2017-04-18 10:20:00,190,91,97,2,56.2,7.12
2017-04-18 10:25:00,198,94,103,1,58.8,7.51
2017-04-18 10:30:00,194,81,110,3,56.6,8.82
2017-04-18 10:35:00,197,99,98,0,57.0,6.78
2017-04-18 10:40:00,196,89,105,2,58.0,7.19
2017-04-18 10:45:00,191,84,105,2,59.1,6.93
2017-04-18 10:50:00,191,76,115,0,54.5,9.77
2017-04-18 10:55:00,183,83,98,2,51.9,10.19
2017-04-18 11:00:00,109,45,63,1,55.2,4.93
2017-04-18 11:05:00,235,97,130,8,50.9,19.16
2017-04-18 11:10:00,170,68,99,3,57.3,6.38
2017-04-18 11:15:00,183,75,107,1,55.7,7.02
2017-04-18 11:20:00,179,73,105,1,57.2,6.56
2017-04-18 11:25:00,186,80,105,1,57.1,6.6
2017-04-18 11:30:00,181,67,113,1,55.4,6.96
2017-04-18 11:35:00,184,77,103,4,58.8,6.55
2017-04-18 11:40:00,191,76,114,1,59.9,6.78
2017-04-18 11:45:00,161,65,95,1,56.3,5.72
2017-04-18 11:50:00,163,68,94,1,58.3,5.98
2017-04-18 11:55:00,131,57,72,2,59.4,4.55
2017-04-18 12:00:00,129,51,76,2,58.8,4.48
2017-04-18 12:05:00,155,62,93,0,59.5,5.34
2017-04-18 12:10:00,173,71,102,0,57.2,6.33
2017-04-18 12:15:00,147,67,80,0,59.7,5.07
2017-04-18 12:20:00,168,69,99,0,59.5,5.97
2017-04-18 12:25:00,184,73,111,0,58.0,6.61
2017-04-18 12:30:00,147,62,85,0,56.8,5.48
2017-04-18 12:35:00,124,62,62,0,62.2,4.22
2017-04-18 12:40:00,111,42,69,0,58.4,3.9
2017-04-18 12:45:00,168,76,92,0,57.9,5.75
2017-04-18 12:50:00,186,56,128,2,59.9,6.75
2017-04-18 12:55:00,197,55,142,0,56.3,7.39
2017-04-18 13:00:00,178,74,103,1,59.1,6.34
2017-04-18 13:05:00,187,76,109,2,56.4,6.81
2017-04-18 13:10:00,186,62,121,3,57.0,6.74
2017-04-18 13:15:00,193,85,108,0,56.7,6.98
2017-04-18 13:20:00,192,72,117,3,55.8,7.34
2017-04-18 13:25:00,204,70,134,0,54.7,7.69
2017-04-18 13:30:00,223,91,132,0,55.7,7.97
2017-04-18 13:35:00,230,95,135,0,56.2,8.39
2017-04-18 13:40:00,194,79,113,2,57.7,6.5
2017-04-18 13:45:00,203,79,122,2,55.8,7.53
2017-04-18 13:50:00,182,70,111,1,57.2,6.5
2017-04-18 13:55:00,179,63,115,1,56.8,6.32
2017-04-18 14:00:00,157,56,99,2,56.2,5.84
2017-04-18 14:05:00,194,68,123,3,52.0,7.8
2017-04-18 14:10:00,206,87,117,2,56.4,7.43
2017-04-18 14:15:00,202,100,101,1,57.0,6.98
2017-04-18 14:20:00,194,77,115,2,57.7,6.82
2017-04-18 14:25:00,192,90,102,0,55.2,7.08
2017-04-18 14:30:00,185,77,107,1,57.0,6.91
2017-04-18 14:35:00,183,69,111,3,56.4,6.88
2017-04-18 14:40:00,175,71,103,1,56.7,6.2
2017-04-18 14:45:00,203,85,118,0,53.9,7.64
2017-04-18 14:50:00,191,87,103,1,55.4,7.26
2017-04-18 14:55:00,193,76,116,1,57.5,7.01
2017-04-18 15:00:00,177,71,104,2,56.0,6.58
2017-04-18 15:05:00,177,82,95,0,56.0,6.43
2017-04-18 15:10:00,204,95,108,1,50.8,8.05
2017-04-18 15:15:00,154,69,83,2,54.0,5.76
2017-04-18 15:20:00,172,92,75,5,55.5,6.33
2017-04-18 15:25:00,186,67,117,2,52.5,7.4
2017-04-18 15:30:00,203,87,114,2,55.4,7.51
2017-04-18 15:35:00,209,95,111,3,53.3,8.4
2017-04-18 15:40:00,199,105,91,3,53.4,8.25
2017-04-18 15:45:00,189,104,85,0,52.2,7.34
2017-04-18 15:50:00,183,91,90,2,53.6,6.98
2017-04-18 15:55:00,169,81,85,3,55.2,6.47
2017-04-18 16:00:00,163,84,78,1,55.1,6.02
2017-04-18 16:05:00,196,107,89,0,54.7,7.35
2017-04-18 16:10:00,203,103,97,3,50.5,11.13
2017-04-18 16:15:00,182,80,101,1,54.8,6.66
2017-04-18 16:20:00,193,106,82,5,51.8,7.99
2017-04-18 16:25:00,174,94,78,2,53.7,6.65
2017-04-18 16:30:00,177,90,83,4,50.5,7.35
2017-04-18 16:35:00,184,89,95,0,52.6,6.68
2017-04-18 16:40:00,183,87,96,0,52.7,7.05
2017-04-18 16:45:00,201,99,99,3,50.7,8.15
2017-04-18 16:50:00,200,101,99,0,52.1,7.92
2017-04-18 16:55:00,216,108,108,0,50.6,8.91
2017-04-18 17:00:00,206,114,91,1,51.0,8.14
2017-04-18 17:05:00,183,84,97,2,53.4,6.51
2017-04-18 17:10:00,187,81,104,2,53.6,7.09
2017-04-18 17:15:00,176,75,99,2,54.0,6.7
2017-04-18 17:20:00,223,114,109,0,50.7,8.65
2017-04-18 17:25:00,225,109,116,0,53.6,8.1
2017-04-18 17:30:00,210,91,117,2,55.5,7.6
2017-04-18 17:35:00,186,89,97,0,58.2,6.39
2017-04-18 17:40:00,180,78,102,0,57.0,6.15
2017-04-18 17:45:00,189,82,106,1,54.7,6.65
2017-04-18 17:50:00,189,96,91,2,55.4,6.51
2017-04-18 17:55:00,191,81,107,3,56.5,6.69
2017-04-18 18:00:00,164,92,72,0,58.5,5.42
2017-04-18 18:05:00,188,77,110,1,60.1,6.17
2017-04-18 18:10:00,218,106,111,1,56.0,7.28
2017-04-18 18:15:00,218,111,105,2,56.6,7.26
2017-04-18 18:20:00,209,114,94,1,58.1,6.71
2017-04-18 18:25:00,199,86,113,0,55.9,6.79
2017-04-18 18:30:00,192,95,94,3,56.6,6.39
2017-04-18 18:35:00,178,97,81,0,56.5,5.85
2017-04-18 18:40:00,182,94,87,1,55.9,7.78
2017-04-18 18:45:00,198,96,99,3,55.9,6.47
2017-04-18 18:50:00,190,91,96,3,58.3,6.18
2017-04-18 18:55:00,189,86,100,3,55.5,6.67
2017-04-18 19:00:00,179,90,87,2,57.7,6.08
2017-04-18 19:05:00,176,90,84,2,56.0,6.16
2017-04-18 19:10:00,176,86,86,4,54.7,7.11
2017-04-18 19:15:00,140,85,53,2,54.5,5.26
2017-04-18 19:20:00,157,134,22,1,54.9,6.38
2017-04-18 19:25:00,134,117,17,0,57.4,4.8
2017-04-18 19:30:00,155,122,33,0,55.3,6.27
2017-04-18 19:35:00,153,122,31,0,54.1,6.05
2017-04-18 19:40:00,153,117,35,1,52.8,6.27
2017-04-18 19:45:00,118,89,29,0,56.6,6.07
2017-04-18 19:50:00,127,93,32,2,57.3,5.38
2017-04-18 19:55:00,120,90,30,0,54.8,5.15
2017-04-18 20:00:00,123,93,30,0,53.5,5.44
2017-04-18 20:05:00,114,81,32,1,55.3,4.85
2017-04-18 20:10:00,156,124,31,1,53.5,6.32
2017-04-18 20:15:00,78,62,16,0,54.6,4.9
2017-04-18 20:20:00,152,119,33,0,54.8,6.25
2017-04-18 20:25:00,134,109,24,1,57.4,7.7
2017-04-18 20:30:00,143,112,31,0,58.6,5.66
2017-04-18 20:35:00,123,92,31,0,57.6,5.12
2017-04-18 20:40:00,110,81,29,0,58.2,4.47
2017-04-18 20:45:00,115,84,31,0,57.6,4.33
2017-04-18 20:50:00,152,120,30,2,54.0,6.3
2017-04-18 20:55:00,116,84,32,0,57.1,4.88
2017-04-18 21:00:00,138,115,22,1,55.3,5.76
2017-04-18 21:05:00,141,109,30,2,57.7,5.95
2017-04-18 21:10:00,140,101,39,0,55.5,5.76
2017-04-18 21:15:00,125,96,29,0,56.9,4.8
2017-04-18 21:20:00,131,103,28,0,60.2,4.97
2017-04-18 21:25:00,132,96,35,1,58.2,5.63
2017-04-18 21:30:00,132,100,32,0,60.2,5.27
2017-04-18 21:35:00,114,75,39,0,57.4,4.47
2017-04-18 21:40:00,136,108,28,0,59.1,5.36
2017-04-18 21:45:00,103,72,31,0,59.1,5.79
2017-04-18 21:50:00,124,102,22,0,59.0,5.48
2017-04-18 21:55:00,141,106,35,0,54.7,5.74
2017-04-18 22:00:00,112,80,31,1,59.9,5.01
2017-04-18 22:05:00,116,88,27,1,59.8,4.81
2017-04-18 22:10:00,113,84,29,0,58.4,4.34
2017-04-18 22:15:00,126,94,32,0,60.8,4.74
2017-04-18 22:20:00,134,101,33,0,58.8,5.3
2017-04-18 22:25:00,114,79,35,0,60.0,4.55
2017-04-18 22:30:00,109,84,25,0,59.2,4.41
2017-04-18 22:35:00,114,80,34,0,63.1,4.41
2017-04-18 22:40:00,95,66,26,3,60.1,3.97
2017-04-18 22:45:00,92,55,37,0,62.4,3.31
2017-04-18 22:50:00,106,73,33,0,62.0,4.44
2017-04-18 22:55:00,87,57,30,0,65.1,3.72
2017-04-18 23:00:00,90,60,30,0,68.4,3.39
2017-04-18 23:05:00,99,74,25,0,60.3,3.79
2017-04-18 23:10:00,108,79,29,0,58.4,4.79
2017-04-18 23:15:00,99,72,27,0,62.2,4.4
2017-04-18 23:20:00,97,57,40,0,64.4,4.07
2017-04-18 23:25:00,65,39,26,0,59.5,2.57
2017-04-18 23:30:00,66,39,27,0,65.8,2.7
2017-04-18 23:35:00,68,46,22,0,65.1,2.52
2017-04-18 23:40:00,55,31,23,1,67.6,2.82
2017-04-18 23:45:00,78,55,23,0,64.7,3.0
2017-04-18 23:50:00,72,49,23,0,68.2,2.52
2017-04-18 23:55:00,57,36,20,1,61.6,2.32
2017-04-19 00:00:00,46,32,13,1,70.6,1.51
2017-04-19 00:05:00,45,35,10,0,56.5,2.1
2017-04-19 00:10:00,53,44,9,0,64.4,5.04
2017-04-19 00:15:00,59,39,20,0,62.0,2.29
2017-04-19 00:20:00,66,46,20,0,60.7,2.68
2017-04-19 00:25:00,52,33,19,0,69.9,1.94
2017-04-19 00:30:00,43,26,17,0,63.1,1.61
2017-04-19 00:35:00,42,23,19,0,57.2,1.81
2017-04-19 00:40:00,38,27,11,0,68.0,1.48
2017-04-19 00:45:00,39,20,19,0,58.5,1.71
2017-04-19 00:50:00,40,25,15,0,67.1,1.48
2017-04-19 00:55:00,42,25,17,0,70.7,1.38
2017-04-19 01:00:00,35,20,15,0,67.5,1.37
2017-04-19 01:05:00,43,32,10,1,63.3,1.93
2017-04-19 01:10:00,29,20,7,2,62.0,1.2
2017-04-19 01:15:00,21,13,8,0,65.3,0.9
2017-04-19 01:20:00,26,18,8,0,63.9,1.05
2017-04-19 01:25:00,33,20,12,1,59.3,1.63
2017-04-19 01:30:00,34,24,10,0,62.5,1.43
2017-04-19 01:35:00,35,26,9,0,65.6,1.36
2017-04-19 01:40:00,37,23,14,0,64.4,1.47
2017-04-19 01:45:00,30,20,10,0,62.3,1.44
2017-04-19 01:50:00,16,12,4,0,65.3,0.62
2017-04-19 01:55:00,27,22,5,0,57.9,1.09
2017-04-19 02:00:00,35,25,10,0,66.0,1.3
2017-04-19 02:05:00,27,14,13,0,68.1,1.06
2017-04-19 02:10:00,11,9,2,0,60.6,0.48
2017-04-19 02:15:00,23,13,9,1,72.8,0.92
2017-04-19 02:20:00,24,14,9,1,72.7,0.92
2017-04-19 02:25:00,20,12,8,0,60.9,0.96
2017-04-19 02:30:00,24,14,10,0,60.4,1.47
2017-04-19 02:35:00,19,12,7,0,72.2,0.76
2017-04-19 02:40:00,17,15,2,0,59.8,0.69
2017-04-19 02:45:00,20,14,6,0,65.9,0.81
2017-04-19 02:50:00,22,11,11,0,66.1,0.89
2017-04-19 02:55:00,22,14,7,1,61.6,0.97
2017-04-19 03:00:00,20,16,4,0,63.4,0.75
2017-04-19 03:05:00,21,13,8,0,66.0,0.87
2017-04-19 03:10:00,14,11,3,0,69.0,0.56
2017-04-19 03:15:00,29,15,14,0,67.3,1.04
2017-04-19 03:20:00,21,15,6,0,63.2,0.81
2017-04-19 03:25:00,13,6,7,0,70.6,0.6
2017-04-19 03:30:00,28,20,8,0,61.0,1.3
2017-04-19 03:35:00,24,15,9,0,65.4,0.89
2017-04-19 03:40:00,24,20,4,0,65.6,0.93
2017-04-19 03:45:00,27,15,11,1,61.3,1.14
2017-04-19 03:50:00,37,21,14,2,66.8,1.66
2017-04-19 03:55:00,35,25,10,0,61.9,1.24
2017-04-19 04:00:00,30,20,10,0,73.8,1.14
2017-04-19 04:05:00,23,18,5,0,67.7,0.85
2017-04-19 04:10:00,31,25,6,0,61.7,1.07
2017-04-19 04:15:00,38,21,17,0,65.8,1.3
2017-04-19 04:20:00,41,29,12,0,59.3,1.69
2017-04-19 04:25:00,53,29,24,0,66.2,2.17
2017-04-19 04:30:00,50,32,18,0,66.7,1.98
2017-04-19 04:35:00,47,33,14,0,60.4,1.9
2017-04-19 04:40:00,42,31,10,1,61.2,1.79
2017-04-19 04:45:00,42,29,13,0,63.6,1.69
2017-04-19 04:50:00,29,21,8,0,64.6,1.2
2017-04-19 04:55:00,50,34,16,0,63.6,1.87
2017-04-19 05:00:00,66,51,14,1,60.8,2.59
2017-04-19 05:05:00,53,34,19,0,61.2,4.66
2017-04-19 05:10:00,44,28,16,0,58.7,1.96
2017-04-19 05:15:00,76,62,14,0,58.4,2.92
2017-04-19 05:20:00,66,53,12,1,61.5,2.81
2017-04-19 05:25:00,85,59,25,1,61.7,3.8
2017-04-19 05:30:00,92,65,27,0,60.5,3.74
2017-04-19 05:35:00,138,103,35,0,60.4,5.37
2017-04-19 05:40:00,121,59,62,0,56.6,5.37
2017-04-19 05:45:00,124,60,63,1,59.1,4.97
2017-04-19 05:50:00,128,64,62,2,66.9,4.22
2017-04-19 05:55:00,119,60,58,1,59.5,4.59
2017-04-19 06:00:00,140,50,89,1,61.7,4.95
2017-04-19 06:05:00,153,51,102,0,59.2,5.41
2017-04-19 06:10:00,183,82,100,1,62.7,6.08
2017-04-19 06:15:00,171,76,95,0,63.6,5.89
2017-04-19 06:20:00,193,80,112,1,61.2,6.49
2017-04-19 06:25:00,200,83,115,2,61.6,7.17
2017-04-19 06:30:00,168,78,89,1,60.1,6.0
2017-04-19 06:35:00,166,65,100,1,58.6,6.2
2017-04-19 06:40:00,210,104,103,3,63.1,6.81
2017-04-19 06:45:00,221,121,95,5,56.9,7.97
2017-04-19 06:50:00,221,109,110,2,59.2,7.44
2017-04-19 06:55:00,240,117,121,2,58.5,8.49
2017-04-19 07:00:00,230,116,113,1,56.8,8.05
2017-04-19 07:05:00,248,121,122,5,58.7,8.78
2017-04-19 07:10:00,273,158,106,9,57.0,9.11
2017-04-19 07:15:00,281,153,125,3,55.8,9.99
2017-04-19 07:20:00,284,165,118,1,55.2,10.02
2017-04-19 07:25:00,340,186,153,1,53.5,11.64
2017-04-19 07:30:00,333,190,139,4,52.0,15.89
2017-04-19 07:35:00,366,220,144,2,49.0,15.0
2017-04-19 07:40:00,290,181,103,6,42.7,31.78
2017-04-19 07:45:00,229,113,115,1,39.5,47.28
2017-04-19 07:50:00,237,129,104,4,33.4,52.09
2017-04-19 07:55:00,273,161,105,7,33.3,52.65
2017-04-19 08:00:00,239,129,96,14,30.2,60.05
2017-04-19 08:05:00,272,164,102,6,30.2,59.42
2017-04-19 08:10:00,305,158,134,13,30.2,51.6
2017-04-19 08:15:00,348,198,141,9,30.2,43.24
2017-04-19 08:20:00,318,182,129,7,35.9,34.35
2017-04-19 08:25:00,301,168,129,4,36.3,36.89
2017-04-19 08:30:00,275,155,114,6,41.4,34.22
2017-04-19 08:35:00,239,129,106,4,51.5,30.96
2017-04-19 08:40:00,290,159,130,1,57.1,9.97
2017-04-19 08:45:00,269,150,118,1,59.3,8.89
2017-04-19 08:50:00,244,135,105,4,60.0,9.06
2017-04-19 08:55:00,242,132,104,6,57.8,9.62
2017-04-19 09:00:00,242,133,101,8,58.0,11.33
2017-04-19 09:05:00,218,114,100,4,58.6,9.73
2017-04-19 09:10:00,224,131,91,2,57.2,8.65
2017-04-19 09:15:00,214,96,113,5,59.9,9.48
2017-04-19 09:20:00,213,120,91,2,55.6,11.64
2017-04-19 09:25:00,184,98,80,6,56.8,12.71
2017-04-19 09:30:00,221,109,112,0,55.5,11.41
2017-04-19 09:35:00,216,120,88,8,58.8,16.44
2017-04-19 09:40:00,205,109,90,6,60.3,11.31
2017-04-19 09:45:00,207,107,97,3,57.7,13.88
2017-04-19 09:50:00,202,100,96,6,56.3,14.4
2017-04-19 09:55:00,210,94,111,5,57.2,10.41
2017-04-19 10:00:00,176,96,79,1,57.1,8.91
2017-04-19 10:05:00,210,106,101,3,55.5,8.79
2017-04-19 10:10:00,208,104,101,3,53.6,9.65
2017-04-19 10:15:00,228,113,110,5,55.0,13.83
2017-04-19 10:20:00,205,103,98,4,56.3,14.38
2017-04-19 10:25:00,180,92,85,3,56.5,11.27
2017-04-19 10:30:00,173,87,82,4,57.8,9.45
2017-04-19 10:35:00,176,94,79,3,54.5,8.1
2017-04-19 10:40:00,175,77,96,2,57.2,8.34
2017-04-19 10:45:00,175,81,92,2,57.6,9.16
2017-04-19 10:50:00,174,94,78,2,60.9,10.1
2017-04-19 10:55:00,149,74,73,2,58.7,9.94
2017-04-19 11:00:00,158,83,73,2,58.6,11.26
2017-04-19 11:05:00,167,68,94,5,57.2,11.19
2017-04-19 11:10:00,150,72,76,2,57.8,9.91
2017-04-19 11:15:00,143,83,59,1,58.6,9.53
2017-04-19 11:20:00,133,49,80,4,58.7,6.29
2017-04-19 11:25:00,166,73,89,4,58.6,8.7
2017-04-19 11:30:00,179,92,84,3,58.5,8.84
2017-04-19 11:35:00,195,84,107,4,61.0,7.92
2017-04-19 11:40:00,165,50,112,3,60.0,7.9
2017-04-19 11:45:00,163,67,95,1,55.9,7.82
2017-04-19 11:50:00,161,62,96,3,58.9,7.73
2017-04-19 11:55:00,135,50,85,0,59.9,6.43
2017-04-19 12:00:00,149,71,76,2,58.4,6.95
2017-04-19 12:05:00,162,78,83,1,59.4,7.45
2017-04-19 12:10:00,182,72,107,3,57.5,10.17
2017-04-19 12:15:00,165,64,98,3,57.0,7.96
2017-04-19 12:20:00,157,73,84,0,64.2,6.86
2017-04-19 12:25:00,169,69,100,0,57.7,7.5
2017-04-19 12:30:00,151,67,81,3,60.3,7.35
2017-04-19 12:35:00,149,74,74,1,58.5,6.35
2017-04-19 12:40:00,133,48,85,0,60.2,5.31
2017-04-19 12:45:00,170,75,92,3,58.7,7.19
2017-04-19 12:50:00,171,69,99,3,59.7,7.63
2017-04-19 12:55:00,163,65,95,3,59.0,7.37
2017-04-19 13:00:00,172,71,98,3,58.9,6.88
2017-04-19 13:05:00,168,80,86,2,56.6,7.4
2017-04-19 13:10:00,174,74,98,2,57.6,7.29
2017-04-19 13:15:00,168,68,100,0,57.7,7.13
2017-04-19 13:20:00,174,57,117,0,57.5,7.29
2017-04-19 13:25:00,196,70,126,0,58.0,7.24
2017-04-19 13:30:00,200,70,128,2,58.6,8.15
2017-04-19 13:35:00,215,96,118,1,58.1,7.8
2017-04-19 13:40:00,204,87,117,0,56.1,7.84
2017-04-19 13:45:00,205,92,111,2,56.3,7.61
2017-04-19 13:50:00,186,62,123,1,56.5,7.03
2017-04-19 13:55:00,180,64,114,2,56.5,6.47
2017-04-19 14:00:00,165,49,114,2,58.1,6.4
2017-04-19 14:05:00,187,86,99,2,59.3,6.89
2017-04-19 14:10:00,206,86,119,1,57.3,7.99
2017-04-19 14:15:00,104,40,63,1,62.1,6.8
2017-04-19 14:20:00,204,81,123,0,59.1,7.38
2017-04-19 14:25:00,207,85,121,1,56.8,7.82
2017-04-19 14:30:00,190,84,106,0,53.7,7.28
2017-04-19 14:35:00,211,81,129,1,55.8,7.92
2017-04-19 14:40:00,191,81,110,0,56.0,6.72
2017-04-19 14:45:00,204,88,114,2,57.0,6.9
2017-04-19 14:50:00,224,92,131,1,55.4,8.11
2017-04-19 14:55:00,194,83,111,0,56.5,7.23
2017-04-19 15:00:00,202,95,104,3,57.5,7.02
2017-04-19 15:05:00,194,91,99,4,56.9,6.88
2017-04-19 15:10:00,151,71,79,1,56.0,5.31
2017-04-19 15:15:00,164,64,100,0,53.1,5.92
2017-04-19 15:20:00,202,85,115,2,54.2,7.61
2017-04-19 15:25:00,224,109,113,2,54.0,7.73
2017-04-19 15:30:00,203,88,114,1,56.8,7.02
2017-04-19 15:35:00,199,107,91,1,59.9,6.3
2017-04-19 15:40:00,223,115,107,1,59.2,7.67
2017-04-19 15:45:00,172,89,80,3,57.4,5.78
2017-04-19 15:50:00,205,95,107,3,54.7,6.83
2017-04-19 15:55:00,170,96,73,1,56.6,5.92
2017-04-19 16:00:00,157,78,77,2,57.9,5.36
2017-04-19 16:05:00,179,101,75,3,54.1,6.24
2017-04-19 16:10:00,200,93,104,3,54.6,7.12
2017-04-19 16:15:00,201,99,100,2,57.3,6.68
2017-04-19 16:20:00,199,102,97,0,56.6,7.17
2017-04-19 16:25:00,208,112,95,1,56.7,10.47
2017-04-19 16:30:00,169,108,61,0,55.6,14.45
2017-04-19 16:35:00,189,113,76,0,55.2,6.53
2017-04-19 16:40:00,170,95,75,0,56.4,5.91
2017-04-19 16:45:00,221,109,110,2,54.4,7.78
2017-04-19 16:50:00,183,118,64,1,59.0,6.29
2017-04-19 16:55:00,189,102,87,0,55.6,6.67
2017-04-19 17:00:00,194,95,97,2,54.7,7.04
2017-04-19 17:05:00,201,101,99,1,54.7,7.33
2017-04-19 17:10:00,186,94,91,1,55.7,6.25
2017-04-19 17:15:00,171,94,76,1,56.7,5.49
2017-04-19 17:20:00,191,84,106,1,55.2,7.09
2017-04-19 17:25:00,176,77,97,2,56.0,5.96
2017-04-19 17:30:00,199,83,112,4,54.9,6.87
2017-04-19 17:35:00,231,115,116,0,55.1,8.11
2017-04-19 17:40:00,192,85,106,1,57.8,6.5
2017-04-19 17:45:00,190,84,105,1,56.2,6.38
2017-04-19 17:50:00,198,92,105,1,52.2,6.83
2017-04-19 17:55:00,173,85,86,2,56.1,5.94
2017-04-19 18:00:00,164,74,89,1,55.7,5.43
2017-04-19 18:05:00,207,97,108,2,55.2,6.93
2017-04-19 18:10:00,235,109,125,1,55.5,8.49
2017-04-19 18:15:00,225,99,123,3,56.1,10.62
2017-04-19 18:20:00,228,100,127,1,57.6,8.03
2017-04-19 18:25:00,190,91,98,1,57.1,6.29
2017-04-19 18:30:00,210,92,117,1,56.9,6.82
2017-04-19 18:35:00,197,70,126,1,58.1,6.53
2017-04-19 18:40:00,174,78,95,1,58.2,5.66
2017-04-19 18:45:00,200,88,112,0,55.6,6.64
2017-04-19 18:50:00,196,94,102,0,57.7,6.24
2017-04-19 18:55:00,197,90,106,1,57.2,6.58
2017-04-19 19:00:00,200,95,102,3,58.6,6.63
2017-04-19 19:05:00,177,97,78,2,55.3,6.84
2017-04-19 19:10:00,175,85,86,4,55.1,6.56
2017-04-19 19:15:00,165,89,75,1,53.0,7.28
2017-04-19 19:20:00,162,124,38,0,55.4,6.16
2017-04-19 19:25:00,145,109,36,0,57.2,5.88
2017-04-19 19:30:00,173,140,32,1,52.4,8.37
2017-04-19 19:35:00,177,138,39,0,52.5,7.48
2017-04-19 19:40:00,168,128,40,0,56.9,7.44
2017-04-19 19:45:00,139,92,47,0,52.6,5.89
2017-04-19 19:50:00,160,130,29,1,53.6,6.46
2017-04-19 19:55:00,140,100,40,0,55.8,6.02
2017-04-19 20:00:00,112,77,34,1,55.8,4.54
2017-04-19 20:05:00,139,101,38,0,54.9,5.46
2017-04-19 20:10:00,156,118,38,0,56.5,6.49
2017-04-19 20:15:00,131,98,33,0,57.0,5.23
2017-04-19 20:20:00,132,105,26,1,55.0,5.41
2017-04-19 20:25:00,164,133,31,0,55.0,7.13
2017-04-19 20:30:00,145,101,43,1,56.8,5.79
2017-04-19 20:35:00,141,101,40,0,53.2,5.94
2017-04-19 20:40:00,153,118,35,0,54.8,6.51
2017-04-19 20:45:00,137,102,35,0,54.5,5.67
2017-04-19 20:50:00,161,122,38,1,54.0,6.67
2017-04-19 20:55:00,140,114,26,0,56.5,5.6
2017-04-19 21:00:00,183,141,42,0,54.3,7.53
2017-04-19 21:05:00,176,122,52,2,56.3,7.56
2017-04-19 21:10:00,155,117,38,0,55.6,7.04
2017-04-19 21:15:00,141,96,45,0,61.2,5.81
2017-04-19 21:20:00,147,110,37,0,56.4,6.09
2017-04-19 21:25:00,150,102,48,0,57.3,6.4
2017-04-19 21:30:00,132,92,39,1,57.1,5.68
2017-04-19 21:35:00,150,115,35,0,57.1,5.83
2017-04-19 21:40:00,148,105,43,0,58.3,5.95
2017-04-19 21:45:00,152,116,35,1,56.5,6.39
2017-04-19 21:50:00,168,129,38,1,58.8,6.33
2017-04-19 21:55:00,141,98,43,0,58.7,5.46
2017-04-19 22:00:00,137,99,38,0,56.3,5.57
2017-04-19 22:05:00,143,108,35,0,56.5,6.27
2017-04-19 22:10:00,149,120,29,0,56.7,6.19
2017-04-19 22:15:00,125,86,39,0,57.3,4.99
2017-04-19 22:20:00,128,90,37,1,59.7,5.31
2017-04-19 22:25:00,108,65,42,1,59.0,4.07
2017-04-19 22:30:00,109,74,34,1,59.5,4.42
2017-04-19 22:35:00,111,79,32,0,59.4,4.37
2017-04-19 22:40:00,99,68,31,0,59.1,3.93
2017-04-19 22:45:00,89,63,26,0,60.2,3.76
2017-04-19 22:50:00,107,67,39,1,61.2,4.69
2017-04-19 22:55:00,91,55,36,0,63.9,3.55
2017-04-19 23:00:00,89,69,20,0,59.5,3.61
2017-04-19 23:05:00,92,61,30,1,66.1,3.73
2017-04-19 23:10:00,90,63,26,1,62.6,3.99
2017-04-19 23:15:00,111,70,41,0,61.7,4.65
2017-04-19 23:20:00,91,64,26,1,60.1,4.1
2017-04-19 23:25:00,74,45,28,1,62.0,3.08
2017-04-19 23:30:00,86,55,31,0,65.6,3.29
2017-04-19 23:35:00,82,53,29,0,62.5,3.35
2017-04-19 23:40:00,66,42,23,1,66.8,2.59
2017-04-19 23:45:00,80,49,31,0,65.2,2.97
2017-04-19 23:50:00,55,31,23,1,67.4,2.11
2017-04-19 23:55:00,54,30,24,0,63.4,1.98
2017-04-20 00:00:00,50,30,20,0,73.2,1.69
2017-04-20 00:05:00,64,42,22,0,56.8,2.41
2017-04-20 00:10:00,60,41,19,0,64.1,2.5
2017-04-20 00:15:00,64,43,21,0,66.2,9.77
2017-04-20 00:20:00,59,31,28,0,67.4,2.35
2017-04-20 00:25:00,52,22,29,1,62.4,2.06
2017-04-20 00:30:00,39,20,19,0,71.3,1.42
2017-04-20 00:35:00,27,19,8,0,67.4,0.99
2017-04-20 00:40:00,37,24,13,0,66.8,1.38
2017-04-20 00:45:00,49,31,18,0,63.8,2.01
2017-04-20 00:50:00,42,30,12,0,66.0,1.56
2017-04-20 00:55:00,45,35,10,0,68.8,1.35
2017-04-20 01:00:00,36,19,17,0,68.3,1.26
2017-04-20 01:05:00,26,16,10,0,62.3,1.1
2017-04-20 01:10:00,30,15,15,0,65.1,1.16
2017-04-20 01:15:00,35,22,12,1,63.1,1.46
2017-04-20 01:20:00,41,28,13,0,57.6,1.58
2017-04-20 01:25:00,36,25,11,0,65.6,4.92
2017-04-20 01:30:00,31,13,18,0,65.5,1.18
2017-04-20 01:35:00,17,9,8,0,61.5,0.72
2017-04-20 01:40:00,27,12,15,0,63.2,1.15
2017-04-20 01:45:00,31,19,12,0,68.4,1.14
2017-04-20 01:50:00,24,13,11,0,62.4,0.93
2017-04-20 01:55:00,26,15,11,0,63.8,1.09
2017-04-20 02:00:00,17,10,7,0,68.9,0.66
2017-04-20 02:05:00,29,19,9,1,63.6,1.3
2017-04-20 02:10:00,22,15,7,0,67.5,0.76
2017-04-20 02:15:00,16,8,8,0,61.5,0.71
2017-04-20 02:20:00,25,16,9,0,67.2,0.95
2017-04-20 02:25:00,34,20,14,0,52.3,1.42
2017-04-20 02:30:00,20,11,9,0,71.2,0.77
2017-04-20 02:35:00,29,21,7,1,61.9,1.1
2017-04-20 02:40:00,18,9,9,0,46.6,16.61
2017-04-20 02:45:00,24,14,10,0,69.8,0.98
2017-04-20 02:50:00,19,4,14,1,71.5,1.14
2017-04-20 02:55:00,14,11,3,0,64.5,0.51
2017-04-20 03:00:00,22,12,10,0,60.6,0.85
2017-04-20 03:05:00,27,13,14,0,67.3,1.09
2017-04-20 03:10:00,19,15,4,0,62.7,0.66
2017-04-20 03:15:00,31,16,15,0,65.3,1.37
2017-04-20 03:20:00,25,16,9,0,62.9,0.98
2017-04-20 03:25:00,16,9,7,0,63.1,0.77
2017-04-20 03:30:00,20,12,8,0,54.9,0.93
2017-04-20 03:35:00,27,19,8,0,65.5,1.17
2017-04-20 03:40:00,25,14,11,0,76.8,1.15
2017-04-20 03:45:00,37,23,13,1,61.3,1.42
2017-04-20 03:50:00,36,22,12,2,68.9,1.37
2017-04-20 03:55:00,29,17,12,0,62.3,1.06
2017-04-20 04:00:00,40,23,17,0,68.3,1.64
2017-04-20 04:05:00,37,18,17,2,64.9,1.78
2017-04-20 04:10:00,31,19,12,0,61.5,1.15
2017-04-20 04:15:00,50,34,16,0,55.6,2.15
2017-04-20 04:20:00,47,33,14,0,66.2,1.82
2017-04-20 04:25:00,34,24,9,1,70.5,1.41
2017-04-20 04:30:00,53,28,25,0,64.1,2.31
2017-04-20 04:35:00,54,39,15,0,65.7,2.41
2017-04-20 04:40:00,55,35,20,0,61.4,2.23
2017-04-20 04:45:00,54,34,20,0,60.2,2.08
2017-04-20 04:50:00,15,6,8,1,68.5,0.55
2017-04-20 04:55:00,73,49,24,0,61.0,3.08
2017-04-20 05:00:00,68,43,25,0,61.3,2.69
2017-04-20 05:05:00,54,37,16,1,62.8,2.01
2017-04-20 05:10:00,25,14,11,0,65.5,0.97
2017-04-20 05:15:00,67,47,19,1,62.0,2.77
2017-04-20 05:20:00,71,45,26,0,58.8,2.95
2017-04-20 05:25:00,62,37,25,0,61.1,2.6
2017-04-20 05:30:00,81,56,25,0,61.9,3.45
2017-04-20 05:35:00,127,89,36,2,64.2,5.21
2017-04-20 05:40:00,127,51,74,2,54.7,5.57
2017-04-20 05:45:00,118,48,70,0,65.5,5.02
2017-04-20 05:50:00,124,50,72,2,62.3,5.17
2017-04-20 05:55:00,135,41,93,1,58.4,5.56
2017-04-20 06:00:00,133,58,72,3,57.2,4.93
2017-04-20 06:05:00,135,55,79,1,59.8,4.83
2017-04-20 06:10:00,173,78,94,1,60.8,6.1
2017-04-20 06:15:00,178,68,107,3,59.1,6.48
2017-04-20 06:20:00,176,76,99,1,63.7,6.03
2017-04-20 06:25:00,190,69,118,3,61.6,6.84
2017-04-20 06:30:00,155,54,101,0,61.4,5.4
2017-04-20 06:35:00,180,68,110,2,56.3,6.93
2017-04-20 06:40:00,193,64,128,1,58.3,7.01
2017-04-20 06:45:00,224,90,128,6,59.0,7.99
2017-04-20 06:50:00,259,96,161,2,60.9,8.87
2017-04-20 06:55:00,230,87,142,1,58.0,8.02
2017-04-20 07:00:00,242,94,145,3,59.8,8.56
2017-04-20 07:05:00,248,100,146,2,55.8,9.08
2017-04-20 07:10:00,241,94,144,3,55.6,8.88
2017-04-20 07:15:00,270,113,155,2,53.2,10.56
2017-04-20 07:20:00,286,123,158,5,55.7,10.0
2017-04-20 07:25:00,294,142,152,0,57.1,10.06
2017-04-20 07:30:00,291,116,173,2,56.8,11.24
2017-04-20 07:35:00,291,131,156,4,52.1,12.77
2017-04-20 07:40:00,290,134,156,0,48.0,16.78
2017-04-20 07:45:00,279,123,155,1,42.1,30.15
2017-04-20 07:50:00,297,133,159,5,39.6,28.86
2017-04-20 07:55:00,285,134,148,3,42.2,19.3
2017-04-20 08:00:00,275,125,148,2,42.4,21.74
2017-04-20 08:05:00,270,113,152,5,38.3,30.38
2017-04-20 08:10:00,288,126,161,1,49.0,19.5
2017-04-20 08:15:00,307,124,181,2,53.1,11.71
2017-04-20 08:20:00,302,123,179,0,42.7,16.4
2017-04-20 08:25:00,292,139,148,5,48.8,12.17
2017-04-20 08:30:00,284,117,167,0,51.1,11.55
2017-04-20 08:35:00,279,113,165,1,54.5,9.94
2017-04-20 08:40:00,221,88,132,1,56.5,8.03
2017-04-20 08:45:00,268,109,158,1,54.1,10.13
2017-04-20 08:50:00,242,94,146,2,57.9,8.32
2017-04-20 08:55:00,263,116,143,4,57.6,9.5
2017-04-20 09:00:00,243,99,144,0,59.1,8.34
2017-04-20 09:05:00,220,88,132,0,55.0,8.25
2017-04-20 09:10:00,246,113,133,0,54.6,8.83
2017-04-20 09:15:00,225,90,135,0,53.9,8.16
2017-04-20 09:20:00,208,91,115,2,56.0,7.8
2017-04-20 09:25:00,232,92,138,2,52.6,11.62
2017-04-20 09:30:00,261,94,166,1,55.5,9.69
2017-04-20 09:35:00,240,92,145,3,51.6,10.65
2017-04-20 09:40:00,244,97,144,3,55.6,9.35
2017-04-20 09:45:00,238,90,145,3,55.9,8.84
2017-04-20 09:50:00,210,104,104,2,53.1,8.65
2017-04-20 09:55:00,209,73,133,3,55.1,7.86
2017-04-20 10:00:00,221,99,122,0,54.1,8.49
2017-04-20 10:05:00,239,98,140,1,55.0,8.54
2017-04-20 10:10:00,225,102,120,3,56.7,8.2
2017-04-20 10:15:00,218,93,123,2,56.2,7.67
2017-04-20 10:20:00,220,86,133,1,54.7,8.94
2017-04-20 10:25:00,203,73,128,2,55.7,7.56
2017-04-20 10:30:00,205,79,123,3,57.0,7.26
2017-04-20 10:35:00,186,62,124,0,54.5,6.81
2017-04-20 10:40:00,171,66,102,3,56.3,12.14
2017-04-20 10:45:00,208,80,125,3,56.1,7.72
2017-04-20 10:50:00,212,89,122,1,57.8,7.83
2017-04-20 10:55:00,187,85,102,0,61.2,6.21
2017-04-20 11:00:00,194,83,110,1,60.0,6.61
2017-04-20 11:05:00,185,72,111,2,56.0,6.92
2017-04-20 11:10:00,173,68,103,2,55.5,6.99
2017-04-20 11:15:00,192,80,111,1,55.8,6.8
2017-04-20 11:20:00,151,65,85,1,58.6,5.1
2017-04-20 11:25:00,184,73,109,2,58.1,6.44
2017-04-20 11:30:00,180,95,84,1,56.2,6.18
2017-04-20 11:35:00,183,61,121,1,58.6,6.68
2017-04-20 11:40:00,166,79,85,2,57.6,7.08
2017-04-20 11:45:00,195,71,120,4,57.4,7.14
2017-04-20 11:50:00,173,84,89,0,56.6,6.24
2017-04-20 11:55:00,132,54,78,0,60.5,4.36
2017-04-20 12:00:00,163,57,105,1,57.8,5.91
2017-04-20 12:05:00,166,66,99,1,58.9,5.71
2017-04-20 12:10:00,165,74,91,0,58.7,5.63
2017-04-20 12:15:00,154,69,82,3,61.3,5.29
2017-04-20 12:20:00,175,69,102,4,57.9,6.03
2017-04-20 12:25:00,163,59,102,2,57.5,5.78
2017-04-20 12:30:00,162,67,94,1,57.3,5.51
2017-04-20 12:35:00,158,65,92,1,56.0,5.6
2017-04-20 12:40:00,155,79,75,1,57.8,5.31
2017-04-20 12:45:00,181,75,103,3,55.2,6.58
2017-04-20 12:50:00,174,71,102,1,58.7,5.78
2017-04-20 12:55:00,189,80,107,2,59.6,6.22
2017-04-20 13:00:00,178,73,104,1,57.8,6.1
2017-04-20 13:05:00,200,82,116,2,56.0,7.65
2017-04-20 13:10:00,178,71,105,2,55.7,6.16
2017-04-20 13:15:00,154,72,81,1,57.6,5.24
2017-04-20 13:20:00,160,71,89,0,58.8,5.33
2017-04-20 13:25:00,180,69,110,1,56.2,6.44
2017-04-20 13:30:00,216,90,124,2,54.3,8.29
2017-04-20 13:35:00,211,89,121,1,56.5,7.49
2017-04-20 13:40:00,176,62,113,1,56.6,6.62
2017-04-20 13:45:00,199,85,111,3,51.7,7.54
2017-04-20 13:50:00,174,64,110,0,55.6,6.51
2017-04-20 13:55:00,174,74,99,1,52.9,6.57
2017-04-20 14:00:00,163,73,90,0,52.2,6.39
2017-04-20 14:05:00,183,88,90,5,53.7,6.92
2017-04-20 14:10:00,200,84,116,0,54.3,7.52
2017-04-20 14:15:00,200,91,103,6,47.8,8.76
2017-04-20 14:20:00,191,80,106,5,52.7,7.83
2017-04-20 14:25:00,177,72,103,2,51.6,7.15
2017-04-20 14:30:00,166,50,115,1,51.5,6.91
2017-04-20 14:35:00,177,62,112,3,51.4,7.12
2017-04-20 14:40:00,174,68,105,1,52.9,7.09
2017-04-20 14:45:00,192,70,121,1,51.3,7.93
2017-04-20 14:50:00,182,72,106,4,53.5,7.04
2017-04-20 14:55:00,178,55,122,1,53.4,7.19
2017-04-20 15:00:00,185,77,104,4,53.7,7.18
2017-04-20 15:05:00,178,78,98,2,53.5,6.44
2017-04-20 15:10:00,170,82,87,1,51.9,6.66
2017-04-20 15:15:00,190,82,106,2,51.7,7.33
2017-04-20 15:20:00,189,76,112,1,53.5,7.25
2017-04-20 15:25:00,168,75,90,3,53.1,6.27
2017-04-20 15:30:00,198,98,100,0,55.2,7.33
2017-04-20 15:35:00,172,85,84,3,58.1,6.27
2017-04-20 15:40:00,193,87,104,2,54.4,7.71
2017-04-20 15:45:00,189,74,114,1,55.6,6.88
2017-04-20 15:50:00,169,70,99,0,54.8,6.15
2017-04-20 15:55:00,171,87,83,1,56.8,6.08
2017-04-20 16:00:00,160,78,81,1,57.1,5.78
2017-04-20 16:05:00,203,96,107,0,54.4,7.49
2017-04-20 16:10:00,217,93,118,6,57.1,7.4
2017-04-20 16:15:00,204,94,106,4,54.3,7.6
2017-04-20 16:20:00,202,89,113,0,56.3,6.99
2017-04-20 16:25:00,192,90,102,0,56.9,6.92
2017-04-20 16:30:00,165,64,100,1,57.5,5.88
2017-04-20 16:35:00,159,71,88,0,55.3,5.66
2017-04-20 16:40:00,191,86,104,1,55.1,6.99
2017-04-20 16:45:00,191,82,109,0,56.8,6.49
2017-04-20 16:50:00,212,87,123,2,56.1,7.25
2017-04-20 16:55:00,210,85,124,1,56.1,7.25
2017-04-20 17:00:00,170,61,108,1,58.9,5.84
2017-04-20 17:05:00,217,73,142,2,54.5,7.84
2017-04-20 17:10:00,198,85,113,0,56.5,6.79
2017-04-20 17:15:00,178,67,110,1,55.8,7.12
2017-04-20 17:20:00,194,77,115,2,55.7,6.84
2017-04-20 17:25:00,177,77,100,0,55.6,6.18
2017-04-20 17:30:00,198,84,113,1,54.0,7.3
2017-04-20 17:35:00,201,82,117,2,58.1,6.73
2017-04-20 17:40:00,172,72,96,4,58.8,5.51
2017-04-20 17:45:00,194,91,103,0,57.2,6.45
2017-04-20 17:50:00,172,68,102,2,56.6,5.67
2017-04-20 17:55:00,164,75,88,1,55.5,5.47
2017-04-20 18:00:00,174,87,86,1,58.1,5.7
2017-04-20 18:05:00,200,85,115,0,57.8,6.58
2017-04-20 18:10:00,203,93,110,0,58.1,6.59
2017-04-20 18:15:00,225,89,134,2,55.8,7.77
2017-04-20 18:20:00,216,104,110,2,58.0,8.87
2017-04-20 18:25:00,218,98,119,1,54.1,7.73
2017-04-20 18:30:00,216,92,124,0,54.0,7.79
2017-04-20 18:35:00,186,74,111,1,55.8,6.48
2017-04-20 18:40:00,180,77,103,0,55.3,6.26
2017-04-20 18:45:00,176,88,88,0,57.6,5.78
2017-04-20 18:50:00,177,79,96,2,59.5,5.73
2017-04-20 18:55:00,181,96,83,2,58.6,6.1
2017-04-20 19:00:00,163,76,84,3,57.3,5.68
2017-04-20 19:05:00,170,80,88,2,56.0,6.18
2017-04-20 19:10:00,174,85,85,4,55.0,7.17
2017-04-20 19:15:00,159,86,73,0,57.2,6.07
2017-04-20 19:20:00,154,113,41,0,55.4,6.06
2017-04-20 19:25:00,151,117,34,0,56.1,5.89
2017-04-20 19:30:00,163,122,40,1,54.6,7.08
2017-04-20 19:35:00,140,105,35,0,58.2,5.53
2017-04-20 19:40:00,178,145,33,0,55.8,7.21
2017-04-20 19:45:00,134,106,28,0,57.5,5.9
2017-04-20 19:50:00,158,127,31,0,52.1,6.79
2017-04-20 19:55:00,135,106,29,0,56.3,5.69
2017-04-20 20:00:00,107,78,29,0,57.6,4.22
2017-04-20 20:05:00,135,109,25,1,57.4,5.08
2017-04-20 20:10:00,149,113,36,0,58.7,6.25
2017-04-20 20:15:00,151,111,40,0,57.6,6.61
2017-04-20 20:20:00,152,115,37,0,57.3,5.86
2017-04-20 20:25:00,147,119,28,0,54.4,6.73
2017-04-20 20:30:00,119,88,31,0,56.5,4.84
2017-04-20 20:35:00,110,87,23,0,56.2,4.08
2017-04-20 20:40:00,93,62,31,0,60.3,3.66
2017-04-20 20:45:00,136,100,35,1,55.4,5.63
2017-04-20 20:50:00,141,111,30,0,54.6,5.74
2017-04-20 20:55:00,129,96,33,0,55.0,5.57
2017-04-20 21:00:00,137,108,29,0,57.4,5.19
2017-04-20 21:05:00,132,105,27,0,57.7,5.54
2017-04-20 21:10:00,141,109,32,0,57.9,5.55
2017-04-20 21:15:00,131,98,32,1,60.4,5.22
2017-04-20 21:20:00,133,106,25,2,58.0,5.2
2017-04-20 21:25:00,154,119,34,1,55.1,6.18
2017-04-20 21:30:00,117,86,31,0,56.8,4.52
2017-04-20 21:35:00,155,121,33,1,57.7,6.71
2017-04-20 21:40:00,145,120,25,0,55.4,5.95
2017-04-20 21:45:00,119,91,28,0,57.3,4.67
2017-04-20 21:50:00,108,87,21,0,59.4,4.13
2017-04-20 21:55:00,100,78,22,0,62.2,4.06
2017-04-20 22:00:00,134,111,22,1,59.0,5.0
2017-04-20 22:05:00,120,83,37,0,56.3,5.09
2017-04-20 22:10:00,126,93,31,2,59.3,5.57
2017-04-20 22:15:00,133,94,39,0,58.1,5.21
2017-04-20 22:20:00,122,94,28,0,60.2,4.61
2017-04-20 22:25:00,122,95,27,0,56.2,5.01
2017-04-20 22:30:00,125,91,34,0,58.5,4.78
2017-04-20 22:35:00,113,84,29,0,61.3,4.49
2017-04-20 22:40:00,147,113,33,1,60.2,6.57
2017-04-20 22:45:00,117,93,24,0,59.4,4.97
2017-04-20 22:50:00,99,78,21,0,60.0,4.27
2017-04-20 22:55:00,100,69,28,3,63.2,4.29
2017-04-20 23:00:00,85,60,25,0,64.9,3.47
2017-04-20 23:05:00,84,61,23,0,63.3,3.71
2017-04-20 23:10:00,95,61,34,0,61.6,3.86
2017-04-20 23:15:00,116,83,33,0,58.2,4.82
2017-04-20 23:20:00,87,64,23,0,62.0,3.46
2017-04-20 23:25:00,89,63,26,0,64.7,3.48
2017-04-20 23:30:00,76,51,24,1,65.6,3.01
2017-04-20 23:35:00,79,60,19,0,59.2,3.67
2017-04-20 23:40:00,62,41,21,0,65.2,2.73
2017-04-20 23:45:00,77,58,19,0,63.5,2.94
2017-04-20 23:50:00,65,49,16,0,58.7,2.53
2017-04-20 23:55:00,52,34,18,0,68.5,1.99
2017-04-21 00:00:00,65,40,24,1,70.2,2.24
2017-04-21 00:05:00,48,34,14,0,65.9,1.89
2017-04-21 00:10:00,63,48,13,2,62.7,2.17
2017-04-21 00:15:00,53,38,15,0,68.1,1.78
2017-04-21 00:20:00,72,52,20,0,62.9,2.72
2017-04-21 00:25:00,44,27,15,2,66.1,1.51
2017-04-21 00:30:00,40,26,13,1,65.3,1.54
2017-04-21 00:35:00,43,22,20,1,72.1,1.65
2017-04-21 00:40:00,46,34,12,0,68.7,1.63
2017-04-21 00:45:00,43,27,16,0,68.8,1.56
2017-04-21 00:50:00,37,22,15,0,66.1,1.38
2017-04-21 00:55:00,41,26,15,0,62.1,1.45
2017-04-21 01:00:00,44,33,11,0,59.9,1.52
2017-04-21 01:05:00,32,21,11,0,58.5,1.15
2017-04-21 01:10:00,35,31,4,0,59.8,1.27
2017-04-21 01:15:00,26,22,4,0,73.5,0.97
2017-04-21 01:20:00,30,17,13,0,67.0,1.07
2017-04-21 01:25:00,42,31,10,1,65.3,1.47
2017-04-21 01:30:00,33,20,13,0,67.5,1.29
2017-04-21 01:35:00,33,26,7,0,58.6,1.29
2017-04-21 01:40:00,29,19,10,0,61.1,1.33
2017-04-21 01:45:00,24,20,4,0,61.4,1.15
2017-04-21 01:50:00,27,12,15,0,67.0,0.88
2017-04-21 01:55:00,25,22,3,0,65.4,0.83
2017-04-21 02:00:00,38,28,10,0,62.6,1.38
2017-04-21 02:05:00,37,24,13,0,63.6,1.28
2017-04-21 02:10:00,25,18,7,0,64.4,1.04
2017-04-21 02:15:00,21,16,5,0,71.3,0.76
2017-04-21 02:20:00,20,13,7,0,62.5,0.73
2017-04-21 02:25:00,18,7,11,0,65.4,0.71
2017-04-21 02:30:00,25,18,7,0,64.3,1.06
2017-04-21 02:35:00,25,16,7,2,71.4,0.96
2017-04-21 02:40:00,18,14,4,0,73.1,0.54
2017-04-21 02:45:00,27,19,8,0,77.1,1.06
2017-04-21 02:50:00,20,15,4,1,70.2,0.77
2017-04-21 02:55:00,23,15,8,0,58.3,0.88
2017-04-21 03:00:00,20,13,7,0,67.8,0.73
2017-04-21 03:05:00,23,17,6,0,57.1,1.0
2017-04-21 03:10:00,24,20,4,0,59.4,0.93
2017-04-21 03:15:00,23,13,10,0,60.2,0.94
2017-04-21 03:20:00,23,14,9,0,64.7,0.87
2017-04-21 03:25:00,27,16,11,0,66.0,1.03
2017-04-21 03:30:00,16,9,7,0,69.0,0.65
2017-04-21 03:35:00,20,13,7,0,63.6,0.79
2017-04-21 03:40:00,28,19,9,0,59.8,1.16
2017-04-21 03:45:00,30,21,9,0,65.6,1.12
2017-04-21 03:50:00,36,24,12,0,62.7,1.56
2017-04-21 03:55:00,27,21,6,0,64.5,1.16
2017-04-21 04:00:00,34,23,10,1,63.2,1.47
2017-04-21 04:05:00,22,13,9,0,65.4,0.99
2017-04-21 04:10:00,38,26,11,1,70.5,1.5
2017-04-21 04:15:00,34,25,9,0,59.4,1.35
2017-04-21 04:20:00,56,36,19,1,64.3,2.28
2017-04-21 04:25:00,38,24,14,0,62.8,1.57
2017-04-21 04:30:00,41,29,12,0,62.0,1.63
2017-04-21 04:35:00,43,31,12,0,65.2,1.74
2017-04-21 04:40:00,54,43,10,1,59.9,2.12
2017-04-21 04:45:00,40,33,7,0,65.4,1.66
2017-04-21 04:50:00,38,28,9,1,56.1,1.68
2017-04-21 04:55:00,41,29,11,1,60.8,1.52
2017-04-21 05:00:00,51,39,12,0,59.4,1.87
2017-04-21 05:05:00,68,53,15,0,60.2,2.48
2017-04-21 05:10:00,57,41,16,0,58.5,2.52
2017-04-21 05:15:00,56,45,11,0,61.7,2.27
2017-04-21 05:20:00,82,58,24,0,60.5,3.62
2017-04-21 05:25:00,56,36,20,0,64.1,2.44
2017-04-21 05:30:00,91,72,19,0,61.9,3.9
2017-04-21 05:35:00,121,83,38,0,61.7,4.85
2017-04-21 05:40:00,138,72,65,1,58.6,5.81
2017-04-21 05:45:00,109,48,59,2,63.1,4.54
2017-04-21 05:50:00,109,46,62,1,58.6,4.07
2017-04-21 05:55:00,151,55,95,1,60.2,5.5
2017-04-21 06:00:00,130,50,80,0,62.3,4.74
2017-04-21 06:05:00,137,50,86,1,57.9,4.85
2017-04-21 06:10:00,192,84,107,1,59.0,6.94
2017-04-21 06:15:00,158,71,85,2,59.7,5.51
2017-04-21 06:20:00,180,65,113,2,60.7,6.37
2017-04-21 06:25:00,184,91,91,2,62.1,6.04
2017-04-21 06:30:00,179,81,96,2,60.3,6.5
2017-04-21 06:35:00,182,69,112,1,57.7,6.27
2017-04-21 06:40:00,190,86,103,1,61.4,6.52
2017-04-21 06:45:00,228,99,129,0,58.6,7.99
2017-04-21 06:50:00,219,112,106,1,57.9,7.8
2017-04-21 06:55:00,237,106,130,1,58.3,7.94
2017-04-21 07:00:00,240,106,134,0,58.9,8.26
2017-04-21 07:05:00,256,121,133,2,60.8,8.34
2017-04-21 07:10:00,252,119,126,7,57.0,9.18
2017-04-21 07:15:00,280,143,136,1,54.7,9.99
2017-04-21 07:20:00,268,128,135,5,55.4,9.66
2017-04-21 07:25:00,285,137,148,0,54.4,10.08
2017-04-21 07:30:00,297,147,150,0,54.6,10.54
2017-04-21 07:35:00,301,144,154,3,54.1,10.35
2017-04-21 07:40:00,299,154,142,3,54.8,10.43
2017-04-21 07:45:00,293,150,140,3,56.1,9.83
2017-04-21 07:50:00,276,128,146,2,55.8,9.58
2017-04-21 07:55:00,274,138,135,1,53.3,9.94
2017-04-21 08:00:00,276,123,150,3,52.7,12.28
2017-04-21 08:05:00,301,136,164,1,54.7,10.86
2017-04-21 08:10:00,293,166,125,2,55.0,9.96
2017-04-21 08:15:00,329,163,164,2,54.6,11.32
2017-04-21 08:20:00,304,142,161,1,53.6,10.28
2017-04-21 08:25:00,268,144,122,2,56.5,8.94
2017-04-21 08:30:00,270,150,112,8,54.4,9.4
2017-04-21 08:35:00,286,138,146,2,58.0,9.35
2017-04-21 08:40:00,245,125,120,0,58.0,8.57
2017-04-21 08:45:00,249,137,111,1,59.2,8.1
2017-04-21 08:50:00,242,132,109,1,60.1,7.73
2017-04-21 08:55:00,238,128,109,1,58.2,7.82
2017-04-21 09:00:00,214,92,118,4,58.2,7.57
2017-04-21 09:05:00,228,110,118,0,54.9,8.5
2017-04-21 09:10:00,211,92,116,3,57.6,7.59
2017-04-21 09:15:00,237,110,124,3,57.1,8.45
2017-04-21 09:20:00,225,87,137,1,56.8,7.86
2017-04-21 09:25:00,231,95,128,8,57.2,8.89
2017-04-21 09:30:00,221,100,120,1,58.1,7.54
2017-04-21 09:35:00,216,93,121,2,58.6,8.02
2017-04-21 09:40:00,228,104,122,2,57.2,8.43
2017-04-21 09:45:00,252,126,122,4,55.6,10.71
2017-04-21 09:50:00,208,83,120,5,57.2,7.44
2017-04-21 09:55:00,210,93,117,0,57.0,7.76
2017-04-21 10:00:00,203,90,112,1,56.4,7.63
2017-04-21 10:05:00,209,82,126,1,55.9,7.82
2017-04-21 10:10:00,207,88,116,3,55.5,7.66
2017-04-21 10:15:00,227,101,125,1,56.0,8.55
2017-04-21 10:20:00,187,90,95,2,58.8,6.7
2017-04-21 10:25:00,201,90,108,3,56.9,8.4
2017-04-21 10:30:00,146,64,82,0,54.8,8.99
2017-04-21 10:35:00,188,94,92,2,57.8,6.77
2017-04-21 10:40:00,181,98,82,1,58.3,6.38
2017-04-21 10:45:00,182,81,100,1,56.8,6.94
2017-04-21 10:50:00,217,94,121,2,56.9,8.41
2017-04-21 10:55:00,207,85,120,2,55.2,8.73
2017-04-21 11:00:00,197,92,105,0,57.4,8.23
2017-04-21 11:05:00,167,86,79,2,60.6,7.19
2017-04-21 11:10:00,178,88,88,2,58.8,6.54
2017-04-21 11:15:00,168,76,88,4,57.8,6.69
2017-04-21 11:20:00,162,63,97,2,58.6,6.32
2017-04-21 11:25:00,183,80,102,1,55.4,7.36
2017-04-21 11:30:00,189,74,115,0,58.7,7.25
2017-04-21 11:35:00,192,78,114,0,56.9,7.53
2017-04-21 11:40:00,166,83,82,1,58.1,6.87
2017-04-21 11:45:00,200,81,116,3,56.9,7.64
2017-04-21 11:50:00,170,76,93,1,58.5,6.0
2017-04-21 11:55:00,130,64,66,0,65.1,4.56
2017-04-21 12:00:00,150,60,90,0,61.1,5.43
2017-04-21 12:05:00,126,57,69,0,58.3,4.53
2017-04-21 12:10:00,200,73,126,1,55.2,8.07
2017-04-21 12:15:00,199,83,115,1,57.8,7.68
2017-04-21 12:20:00,182,78,104,0,60.8,6.81
2017-04-21 12:25:00,183,70,113,0,58.4,6.99
2017-04-21 12:30:00,174,70,102,2,58.9,6.49
2017-04-21 12:35:00,94,35,57,2,59.3,6.69
2017-04-21 12:40:00,171,75,95,1,58.9,6.21
2017-04-21 12:45:00,194,71,123,0,57.3,7.46
2017-04-21 12:50:00,195,73,121,1,57.6,7.57
2017-04-21 12:55:00,185,83,99,3,57.6,6.57
2017-04-21 13:00:00,198,73,125,0,58.4,7.05
2017-04-21 13:05:00,185,70,113,2,58.2,6.85
2017-04-21 13:10:00,166,63,102,1,60.0,6.34
2017-04-21 13:15:00,146,56,90,0,59.8,5.06
2017-04-21 13:20:00,176,59,116,1,56.5,6.42
2017-04-21 13:25:00,213,81,131,1,56.9,7.69
2017-04-21 13:30:00,217,87,129,1,55.6,8.39
2017-04-21 13:35:00,207,79,126,2,58.1,7.59
2017-04-21 13:40:00,242,84,157,1,57.6,8.87
2017-04-21 13:45:00,192,74,116,2,55.8,7.16
2017-04-21 13:50:00,206,86,119,1,54.8,7.4
2017-04-21 13:55:00,206,101,100,5,56.1,7.67
2017-04-21 14:00:00,206,79,125,2,54.6,7.96
2017-04-21 14:05:00,202,76,125,1,51.2,8.33
2017-04-21 14:10:00,192,85,107,0,58.1,6.75
2017-04-21 14:15:00,215,80,133,2,56.0,7.87
2017-04-21 14:20:00,202,79,120,3,59.6,6.78
2017-04-21 14:25:00,198,73,125,0,56.1,7.22
2017-04-21 14:30:00,177,50,125,2,54.5,6.76
2017-04-21 14:35:00,207,76,130,1,53.0,7.82
2017-04-21 14:40:00,195,91,102,2,54.8,7.11
2017-04-21 14:45:00,206,90,115,1,55.8,7.29
2017-04-21 14:50:00,197,73,123,1,56.7,6.84
2017-04-21 14:55:00,207,75,131,1,56.8,7.33
2017-04-21 15:00:00,205,77,125,3,55.4,7.53
2017-04-21 15:05:00,203,93,109,1,56.3,7.68
2017-04-21 15:10:00,201,96,105,0,55.8,6.71
2017-04-21 15:15:00,179,65,114,0,54.6,6.51
2017-04-21 15:20:00,206,81,123,2,55.4,7.6
2017-04-21 15:25:00,215,94,120,1,55.6,7.56
2017-04-21 15:30:00,196,82,110,4,56.5,7.17
2017-04-21 15:35:00,168,68,99,1,60.0,5.8
2017-04-21 15:40:00,188,84,103,1,57.5,6.49
2017-04-21 15:45:00,222,88,130,4,52.2,8.87
2017-04-21 15:50:00,178,69,108,1,55.8,6.55
2017-04-21 15:55:00,183,81,102,0,58.9,6.26
2017-04-21 16:00:00,198,83,109,6,55.6,6.65
2017-04-21 16:05:00,204,80,123,1,58.4,7.18
2017-04-21 16:10:00,227,95,131,1,55.3,7.94
2017-04-21 16:15:00,221,100,121,0,55.3,8.2
2017-04-21 16:20:00,222,87,135,0,53.1,8.22
2017-04-21 16:25:00,202,89,111,2,56.8,6.87
2017-04-21 16:30:00,188,67,120,1,56.7,6.67
2017-04-21 16:35:00,180,75,104,1,56.1,6.54
2017-04-21 16:40:00,221,100,119,2,51.4,8.39
2017-04-21 16:45:00,229,94,135,0,56.5,7.82
2017-04-21 16:50:00,218,97,121,0,55.8,7.4
2017-04-21 16:55:00,241,107,133,1,55.4,8.38
2017-04-21 17:00:00,229,96,130,3,55.5,7.96
2017-04-21 17:05:00,212,101,108,3,54.0,7.63
2017-04-21 17:10:00,233,93,139,1,53.7,8.21
2017-04-21 17:15:00,178,86,91,1,59.5,6.04
2017-04-21 17:20:00,191,83,107,1,57.0,6.58
2017-04-21 17:25:00,218,86,131,1,54.4,7.72
2017-04-21 17:30:00,202,97,103,2,57.3,6.91
2017-04-21 17:35:00,228,103,124,1,57.4,7.85
2017-04-21 17:40:00,220,110,110,0,55.1,7.7
2017-04-21 17:45:00,194,90,104,0,54.8,6.84
2017-04-21 17:50:00,209,85,124,0,56.4,6.99
2017-04-21 17:55:00,195,75,120,0,52.2,7.26
2017-04-21 18:00:00,191,82,108,1,55.7,6.67
2017-04-21 18:05:00,214,91,123,0,54.5,7.32
2017-04-21 18:10:00,224,98,126,0,58.8,7.1
2017-04-21 18:15:00,234,108,126,0,55.6,8.02
2017-04-21 18:20:00,196,98,98,0,57.9,6.48
2017-04-21 18:25:00,203,82,119,2,55.5,6.81
2017-04-21 18:30:00,223,107,116,0,56.8,7.37
2017-04-21 18:35:00,197,90,107,0,55.3,6.69
2017-04-21 18:40:00,197,89,107,1,56.0,6.89
2017-04-21 18:45:00,216,102,114,0,54.2,8.28
2017-04-21 18:50:00,202,97,104,1,56.4,6.56
2017-04-21 18:55:00,212,85,126,1,58.6,7.31
2017-04-21 19:00:00,205,88,111,6,59.1,6.71
2017-04-21 19:05:00,171,78,93,0,57.1,5.78
2017-04-21 19:10:00,188,95,91,2,54.9,8.61
2017-04-21 19:15:00,190,81,108,1,56.4,7.68
2017-04-21 19:20:00,171,120,50,1,54.7,6.46
2017-04-21 19:25:00,186,144,41,1,50.9,7.34
2017-04-21 19:30:00,196,153,43,0,54.5,8.49
2017-04-21 19:35:00,154,103,51,0,55.0,6.57
2017-04-21 19:40:00,179,138,41,0,55.2,8.37
2017-04-21 19:45:00,164,117,46,1,55.6,7.08
2017-04-21 19:50:00,164,130,33,1,51.8,7.07
2017-04-21 19:55:00,118,89,28,1,54.3,10.06
2017-04-21 20:00:00,145,107,38,0,55.2,5.77
2017-04-21 20:05:00,152,115,37,0,52.2,9.64
2017-04-21 20:10:00,145,104,41,0,54.7,6.42
2017-04-21 20:15:00,163,116,47,0,54.5,7.01
2017-04-21 20:20:00,148,109,39,0,57.2,6.11
2017-04-21 20:25:00,137,104,33,0,54.0,6.99
2017-04-21 20:30:00,118,76,42,0,56.4,4.61
2017-04-21 20:35:00,144,110,34,0,52.8,6.88
2017-04-21 20:40:00,119,91,27,1,56.8,4.82
2017-04-21 20:45:00,130,87,42,1,56.7,5.25
2017-04-21 20:50:00,169,120,48,1,56.0,7.16
2017-04-21 20:55:00,145,102,42,1,55.1,6.35
2017-04-21 21:00:00,139,93,45,1,56.9,5.76
2017-04-21 21:05:00,164,126,38,0,54.9,6.75
2017-04-21 21:10:00,151,104,47,0,55.5,6.67
2017-04-21 21:15:00,145,102,43,0,53.2,6.47
2017-04-21 21:20:00,138,99,39,0,56.2,5.65
2017-04-21 21:25:00,110,80,30,0,60.1,4.92
2017-04-21 21:30:00,132,96,36,0,57.7,5.15
2017-04-21 21:35:00,147,98,49,0,56.4,6.61
2017-04-21 21:40:00,123,74,48,1,56.4,5.2
2017-04-21 21:45:00,146,99,47,0,57.2,6.07
2017-04-21 21:50:00,142,109,33,0,57.7,5.1
2017-04-21 21:55:00,132,102,30,0,55.3,5.46
2017-04-21 22:00:00,109,79,29,1,56.2,4.52
2017-04-21 22:05:00,157,113,44,0,55.3,6.56
2017-04-21 22:10:00,124,83,41,0,59.1,6.1
2017-04-21 22:15:00,160,106,52,2,56.3,7.1
2017-04-21 22:20:00,144,98,46,0,59.4,5.92
2017-04-21 22:25:00,120,87,33,0,57.6,4.83
2017-04-21 22:30:00,117,78,37,2,61.4,4.44
2017-04-21 22:35:00,123,75,48,0,57.2,5.24
2017-04-21 22:40:00,124,82,41,1,58.8,7.9
2017-04-21 22:45:00,114,79,34,1,60.8,4.57
2017-04-21 22:50:00,89,61,28,0,59.2,4.47
2017-04-21 22:55:00,94,65,28,1,59.3,3.76
2017-04-21 23:00:00,101,60,41,0,67.2,3.76
2017-04-21 23:05:00,109,65,44,0,57.3,4.72
2017-04-21 23:10:00,109,68,41,0,59.2,4.77
2017-04-21 23:15:00,102,58,43,1,62.6,4.19
2017-04-21 23:20:00,121,79,42,0,61.5,5.08
2017-04-21 23:25:00,84,57,27,0,57.5,3.45
2017-04-21 23:30:00,76,41,35,0,59.8,3.29
2017-04-21 23:35:00,70,34,36,0,61.9,3.0
2017-04-21 23:40:00,72,44,28,0,69.3,2.88
2017-04-21 23:45:00,78,40,38,0,63.3,2.96
2017-04-21 23:50:00,68,42,26,0,63.8,2.83
2017-04-21 23:55:00,64,45,19,0,66.1,2.3
2017-04-22 00:00:00,77,50,27,0,65.6,2.88
2017-04-22 00:05:00,58,36,22,0,59.7,2.51
2017-04-22 00:10:00,66,42,24,0,66.6,2.48
2017-04-22 00:15:00,63,32,31,0,64.0,2.52
2017-04-22 00:20:00,93,55,38,0,61.1,3.53
2017-04-22 00:25:00,41,18,23,0,63.2,1.58
2017-04-22 00:30:00,52,31,21,0,63.3,1.95
2017-04-22 00:35:00,64,39,25,0,70.1,2.56
2017-04-22 00:40:00,43,32,11,0,62.2,1.73
2017-04-22 00:45:00,44,29,14,1,63.9,1.67
2017-04-22 00:50:00,53,31,22,0,69.5,2.0
2017-04-22 00:55:00,44,31,13,0,69.3,1.44
2017-04-22 01:00:00,57,37,20,0,59.1,2.24
2017-04-22 01:05:00,44,23,21,0,65.9,1.64
2017-04-22 01:10:00,44,31,13,0,53.5,1.86
2017-04-22 01:15:00,48,25,23,0,64.9,2.11
2017-04-22 01:20:00,40,26,13,1,63.1,1.39
2017-04-22 01:25:00,38,21,16,1,61.4,1.47
2017-04-22 01:30:00,41,24,17,0,66.0,1.59
2017-04-22 01:35:00,36,20,16,0,67.9,1.45
2017-04-22 01:40:00,32,19,13,0,61.1,1.35
2017-04-22 01:45:00,32,18,14,0,71.6,1.12
2017-04-22 01:50:00,31,18,13,0,77.8,1.15
2017-04-22 01:55:00,36,19,17,0,62.9,1.44
2017-04-22 02:00:00,31,19,12,0,63.3,1.17
2017-04-22 02:05:00,28,18,10,0,64.5,1.07
2017-04-22 02:10:00,40,22,18,0,61.9,1.64
2017-04-22 02:15:00,29,19,10,0,65.1,1.16
2017-04-22 02:20:00,35,23,9,3,66.1,1.35
2017-04-22 02:25:00,32,10,22,0,65.0,1.31
2017-04-22 02:30:00,21,11,10,0,66.5,0.87
2017-04-22 02:35:00,23,14,9,0,65.7,0.91
2017-04-22 02:40:00,33,16,17,0,76.8,1.11
2017-04-22 02:45:00,28,19,9,0,63.6,1.11
2017-04-22 02:50:00,11,6,5,0,67.6,0.41
2017-04-22 02:55:00,33,19,14,0,62.5,1.49
2017-04-22 03:00:00,21,15,6,0,61.5,0.77
2017-04-22 03:05:00,26,13,13,0,63.4,0.88
2017-04-22 03:10:00,49,30,19,0,67.2,1.78
2017-04-22 03:15:00,34,15,17,2,72.9,1.32
2017-04-22 03:20:00,33,22,11,0,67.5,1.25
2017-04-22 03:25:00,46,30,15,1,57.8,1.96
2017-04-22 03:30:00,23,14,9,0,60.7,0.92
2017-04-22 03:35:00,35,21,14,0,70.1,1.44
2017-04-22 03:40:00,34,20,13,1,61.6,1.51
2017-04-22 03:45:00,27,17,10,0,64.4,1.09
2017-04-22 03:50:00,37,21,15,1,62.7,1.73
2017-04-22 03:55:00,33,13,20,0,67.8,1.21
2017-04-22 04:00:00,42,19,23,0,71.9,1.91
2017-04-22 04:05:00,30,17,12,1,64.2,1.28
2017-04-22 04:10:00,19,16,3,0,64.7,0.77
2017-04-22 04:15:00,33,16,17,0,64.9,1.25
2017-04-22 04:20:00,42,26,16,0,64.3,1.71
2017-04-22 04:25:00,45,29,16,0,64.6,1.82
2017-04-22 04:30:00,46,29,17,0,68.0,1.73
2017-04-22 04:35:00,47,29,18,0,62.4,4.42
2017-04-22 04:40:00,59,41,18,0,61.9,2.44
2017-04-22 04:45:00,40,27,13,0,64.4,1.55
2017-04-22 04:50:00,47,38,9,0,57.7,1.89
2017-04-22 04:55:00,46,24,22,0,63.5,1.99
2017-04-22 05:00:00,51,33,18,0,66.6,2.14
2017-04-22 05:05:00,67,48,19,0,64.7,2.47
2017-04-22 05:10:00,70,45,22,3,58.5,3.33
2017-04-22 05:15:00,55,39,16,0,59.0,2.38
2017-04-22 05:20:00,63,51,12,0,65.2,2.5
2017-04-22 05:25:00,55,32,23,0,61.5,2.35
2017-04-22 05:30:00,84,62,22,0,63.1,3.37
2017-04-22 05:35:00,102,54,48,0,66.8,3.88
2017-04-22 05:40:00,125,54,70,1,64.4,5.11
2017-04-22 05:45:00,108,42,66,0,67.3,3.92
2017-04-22 05:50:00,82,28,52,2,63.0,2.96
2017-04-22 05:55:00,131,52,78,1,61.6,4.66
2017-04-22 06:00:00,124,53,70,1,62.0,4.27
2017-04-22 06:05:00,129,53,74,2,60.3,4.5
2017-04-22 06:10:00,149,51,96,2,60.7,5.31
2017-04-22 06:15:00,141,54,87,0,61.9,5.01
2017-04-22 06:20:00,132,52,80,0,62.7,4.4
2017-04-22 06:25:00,125,58,67,0,67.5,3.9
2017-04-22 06:30:00,125,59,65,1,64.0,3.96
2017-04-22 06:35:00,160,60,99,1,60.9,5.41
2017-04-22 06:40:00,152,67,83,2,64.3,5.01
2017-04-22 06:45:00,170,82,84,4,65.1,5.53
2017-04-22 06:50:00,152,65,84,3,65.6,5.17
2017-04-22 06:55:00,197,81,114,2,62.4,6.56
2017-04-22 07:00:00,159,78,79,2,57.1,5.61
2017-04-22 07:05:00,177,75,98,4,59.7,5.97
2017-04-22 07:10:00,200,95,104,1,55.8,6.96
2017-04-22 07:15:00,159,82,77,0,59.4,5.33
2017-04-22 07:20:00,150,78,70,2,61.8,4.93
2017-04-22 07:25:00,192,108,82,2,61.5,6.22
2017-04-22 07:30:00,171,97,71,3,57.3,5.7
2017-04-22 07:35:00,258,149,106,3,56.2,8.89
2017-04-22 07:40:00,219,129,89,1,59.2,7.06
2017-04-22 07:45:00,192,115,76,1,58.0,6.24
2017-04-22 07:50:00,188,115,72,1,59.5,6.23
2017-04-22 07:55:00,216,111,101,4,59.0,7.41
2017-04-22 08:00:00,160,96,63,1,59.0,5.02
2017-04-22 08:05:00,177,104,71,2,59.2,5.72
2017-04-22 08:10:00,218,131,85,2,63.7,6.58
2017-04-22 08:15:00,250,130,117,3,61.1,8.56
2017-04-22 08:20:00,224,121,97,6,59.9,7.27
2017-04-22 08:25:00,183,93,86,4,56.8,6.53
2017-04-22 08:30:00,198,98,96,4,57.2,7.14
2017-04-22 08:35:00,195,102,89,4,56.6,6.9
2017-04-22 08:40:00,215,108,101,6,58.3,7.43
2017-04-22 08:45:00,221,125,96,0,59.5,8.08
2017-04-22 08:50:00,219,107,100,12,58.5,9.61
2017-04-22 08:55:00,210,110,99,1,60.2,7.55
2017-04-22 09:00:00,208,90,108,10,59.2,10.11
2017-04-22 09:05:00,205,114,88,3,58.3,9.51
2017-04-22 09:10:00,212,113,95,4,58.7,9.61
2017-04-22 09:15:00,193,96,94,3,57.8,9.89
2017-04-22 09:20:00,205,112,87,6,56.9,12.18
2017-04-22 09:25:00,209,120,84,5,58.1,10.84
2017-04-22 09:30:00,192,99,86,7,58.7,9.41
2017-04-22 09:35:00,215,103,103,9,59.1,13.89
2017-04-22 09:40:00,195,98,95,2,58.6,22.85
2017-04-22 09:45:00,209,106,99,4,57.7,13.37
2017-04-22 09:50:00,167,86,77,4,58.2,12.62
2017-04-22 09:55:00,153,77,72,4,56.9,9.77
2017-04-22 10:00:00,173,87,79,7,56.5,12.67
2017-04-22 10:05:00,202,108,89,5,55.3,10.66
2017-04-22 10:10:00,207,106,99,2,54.9,11.46
2017-04-22 10:15:00,184,96,85,3,63.0,9.49
2017-04-22 10:20:00,185,84,96,5,58.3,20.34
2017-04-22 10:25:00,191,102,84,5,59.0,11.14
2017-04-22 10:30:00,173,82,88,3,58.2,9.33
2017-04-22 10:35:00,161,83,74,4,57.9,11.24
2017-04-22 10:40:00,175,88,84,3,56.5,10.03
2017-04-22 10:45:00,187,87,99,1,56.8,9.38
2017-04-22 10:50:00,218,112,98,8,56.9,15.5
2017-04-22 10:55:00,201,105,91,5,55.5,13.33
2017-04-22 11:00:00,197,101,94,2,57.8,11.22
2017-04-22 11:05:00,189,89,97,3,57.5,8.75
2017-04-22 11:10:00,174,74,100,0,56.3,9.5
2017-04-22 11:15:00,176,78,97,1,54.8,10.11
2017-04-22 11:20:00,184,86,96,2,57.1,10.95
2017-04-22 11:25:00,146,70,76,0,54.5,14.78
2017-04-22 11:30:00,225,101,124,0,58.7,8.13
2017-04-22 11:35:00,234,105,127,2,56.7,9.68
2017-04-22 11:40:00,226,93,131,2,55.1,14.11
2017-04-22 11:45:00,198,85,112,1,56.1,12.06
2017-04-22 11:50:00,154,68,85,1,55.5,30.42
2017-04-22 11:55:00,184,72,111,1,57.8,10.3
2017-04-22 12:00:00,203,70,133,0,54.9,8.43
2017-04-22 12:05:00,200,81,116,3,59.0,10.93
2017-04-22 12:10:00,215,84,127,4,57.3,8.58
2017-04-22 12:15:00,215,96,118,1,56.6,8.51
2017-04-22 12:20:00,224,93,130,1,57.8,9.97
2017-04-22 12:25:00,195,101,92,2,56.9,14.27
2017-04-22 12:30:00,164,64,97,3,55.7,23.85
2017-04-22 12:35:00,187,69,114,4,57.0,10.4
2017-04-22 12:40:00,183,74,107,2,57.0,10.19
2017-04-22 12:45:00,191,81,109,1,59.3,8.01
2017-04-22 12:50:00,217,88,127,2,56.7,12.4
2017-04-22 12:55:00,193,60,132,1,58.1,7.42
2017-04-22 13:00:00,199,84,113,2,57.3,7.3
2017-04-22 13:05:00,203,69,133,1,55.6,8.61
2017-04-22 13:10:00,188,78,109,1,54.4,17.43
2017-04-22 13:15:00,184,69,110,5,51.7,22.71
2017-04-22 13:20:00,175,73,102,0,54.8,11.54
2017-04-22 13:25:00,216,81,133,2,53.9,9.31
2017-04-22 13:30:00,207,90,115,2,54.1,12.44
2017-04-22 13:35:00,240,89,147,4,55.9,9.71
2017-04-22 13:40:00,211,89,122,0,57.9,7.99
2017-04-22 13:45:00,234,99,134,1,56.4,8.68
2017-04-22 13:50:00,199,66,131,2,54.0,8.69
2017-04-22 13:55:00,177,72,103,2,56.5,7.89
2017-04-22 14:00:00,199,90,109,0,55.2,7.01
2017-04-22 14:05:00,213,74,137,2,53.8,8.02
2017-04-22 14:10:00,237,83,152,2,53.7,9.78
2017-04-22 14:15:00,247,105,138,4,53.0,9.54
2017-04-22 14:20:00,230,91,139,0,56.7,8.61
2017-04-22 14:25:00,243,97,146,0,54.1,8.85
2017-04-22 14:30:00,229,94,135,0,53.5,8.32
2017-04-22 14:35:00,221,94,127,0,54.6,7.57
2017-04-22 14:40:00,201,71,129,1,54.9,7.46
2017-04-22 14:45:00,240,97,142,1,54.4,8.77
2017-04-22 14:50:00,201,92,107,2,55.3,6.96
2017-04-22 14:55:00,240,99,139,2,55.6,8.76
2017-04-22 15:00:00,209,83,124,2,57.9,7.0
2017-04-22 15:05:00,197,88,109,0,55.7,6.83
2017-04-22 15:10:00,193,85,107,1,54.5,6.93
2017-04-22 15:15:00,209,96,113,0,53.8,13.66
2017-04-22 15:20:00,189,86,103,0,54.9,6.57
2017-04-22 15:25:00,207,88,119,0,54.8,7.31
2017-04-22 15:30:00,229,97,129,3,52.5,13.53
2017-04-22 15:35:00,219,110,107,2,56.3,18.67
2017-04-22 15:40:00,187,92,95,0,58.1,6.76
2017-04-22 15:45:00,205,96,109,0,51.1,8.43
2017-04-22 15:50:00,199,90,107,2,55.0,7.07
2017-04-22 15:55:00,177,99,77,1,53.5,6.25
2017-04-22 16:00:00,210,98,111,1,51.0,8.5
2017-04-22 16:05:00,182,85,96,1,57.5,6.32
2017-04-22 16:10:00,210,110,100,0,54.9,7.94
2017-04-22 16:15:00,239,125,114,0,53.4,12.47
2017-04-22 16:20:00,244,117,126,1,52.0,14.0
2017-04-22 16:25:00,236,124,112,0,51.3,14.32
2017-04-22 16:30:00,214,120,93,1,53.9,7.44
2017-04-22 16:35:00,203,109,93,1,55.8,6.73
2017-04-22 16:40:00,213,112,101,0,56.8,6.98
2017-04-22 16:45:00,183,84,99,0,56.9,6.13
2017-04-22 16:50:00,222,115,107,0,55.3,7.44
2017-04-22 16:55:00,205,101,103,1,55.8,7.0
2017-04-22 17:00:00,193,85,108,0,57.1,6.54
2017-04-22 17:05:00,208,96,111,1,55.4,7.2
2017-04-22 17:10:00,197,84,111,2,55.0,6.73
2017-04-22 17:15:00,172,79,92,1,54.6,6.03
2017-04-22 17:20:00,157,66,90,1,56.3,5.27
2017-04-22 17:25:00,176,75,101,0,55.3,6.14
2017-04-22 17:30:00,199,88,110,1,54.2,6.85
2017-04-22 17:35:00,208,72,136,0,55.2,7.19
2017-04-22 17:40:00,210,87,122,1,54.7,7.32
2017-04-22 17:45:00,202,78,123,1,56.0,7.04
2017-04-22 17:50:00,190,77,112,1,55.8,6.24
2017-04-22 17:55:00,169,71,97,1,56.7,5.74
2017-04-22 18:00:00,175,85,88,2,53.8,6.55
2017-04-22 18:05:00,186,91,95,0,54.0,6.3
2017-04-22 18:10:00,187,97,90,0,59.7,6.05
2017-04-22 18:15:00,204,103,101,0,58.1,6.39
2017-04-22 18:20:00,168,72,95,1,58.6,5.65
2017-04-22 18:25:00,181,91,89,1,57.2,5.96
2017-04-22 18:30:00,171,74,96,1,57.0,5.62
2017-04-22 18:35:00,180,83,97,0,55.2,6.25
2017-04-22 18:40:00,185,78,106,1,55.0,6.5
2017-04-22 18:45:00,176,82,93,1,57.4,5.57
2017-04-22 18:50:00,159,78,79,2,61.2,4.99
2017-04-22 18:55:00,171,88,83,0,60.2,5.57
2017-04-22 19:00:00,150,76,73,1,60.9,4.72
2017-04-22 19:05:00,171,86,83,2,57.1,5.76
2017-04-22 19:10:00,176,91,85,0,58.0,6.3
2017-04-22 19:15:00,173,85,85,3,57.0,6.78
2017-04-22 19:20:00,154,87,66,1,54.8,5.85
2017-04-22 19:25:00,172,134,38,0,55.2,7.06
2017-04-22 19:30:00,168,137,31,0,53.4,7.49
2017-04-22 19:35:00,160,106,54,0,54.1,6.72
2017-04-22 19:40:00,156,106,50,0,57.1,6.67
2017-04-22 19:45:00,143,89,53,1,55.3,6.22
2017-04-22 19:50:00,157,110,47,0,55.5,7.64
2017-04-22 19:55:00,123,93,30,0,57.0,4.92
2017-04-22 20:00:00,133,102,30,1,55.9,5.34
2017-04-22 20:05:00,121,82,39,0,57.3,4.9
2017-04-22 20:10:00,174,127,47,0,53.0,7.7
2017-04-22 20:15:00,173,131,42,0,54.5,7.2
2017-04-22 20:20:00,181,144,37,0,55.0,8.13
2017-04-22 20:25:00,148,107,40,1,54.9,6.3
2017-04-22 20:30:00,164,122,42,0,54.1,7.94
2017-04-22 20:35:00,133,92,40,1,54.5,5.57
2017-04-22 20:40:00,141,100,41,0,54.0,5.72
2017-04-22 20:45:00,127,93,34,0,54.3,5.47
2017-04-22 20:50:00,175,129,46,0,54.2,6.94
2017-04-22 20:55:00,137,92,45,0,58.8,5.78
2017-04-22 21:00:00,140,98,42,0,57.7,5.48
2017-04-22 21:05:00,174,133,41,0,54.2,7.46
2017-04-22 21:10:00,150,112,38,0,57.5,6.09
2017-04-22 21:15:00,136,93,42,1,55.5,5.71
2017-04-22 21:20:00,136,94,42,0,55.3,5.97
2017-04-22 21:25:00,152,104,47,1,54.7,6.16
2017-04-22 21:30:00,123,74,47,2,55.9,4.97
2017-04-22 21:35:00,135,95,40,0,55.0,5.63
2017-04-22 21:40:00,131,96,35,0,59.4,5.16
2017-04-22 21:45:00,152,109,43,0,56.2,6.56
2017-04-22 21:50:00,129,87,42,0,57.7,5.24
2017-04-22 21:55:00,127,95,32,0,59.0,5.21
2017-04-22 22:00:00,122,90,32,0,57.7,4.9
2017-04-22 22:05:00,101,58,43,0,55.8,4.45
2017-04-22 22:10:00,125,81,44,0,56.7,5.15
2017-04-22 22:15:00,110,77,33,0,59.1,4.92
2017-04-22 22:20:00,111,75,36,0,60.0,4.43
2017-04-22 22:25:00,122,82,40,0,58.2,5.79
2017-04-22 22:30:00,100,57,43,0,63.2,4.01
2017-04-22 22:35:00,100,56,44,0,61.8,4.17
2017-04-22 22:40:00,103,61,42,0,64.5,3.92
2017-04-22 22:45:00,101,68,33,0,60.8,4.08
2017-04-22 22:50:00,85,61,24,0,61.8,3.58
2017-04-22 22:55:00,75,45,30,0,62.1,2.86
2017-04-22 23:00:00,85,49,36,0,59.1,11.05
2017-04-22 23:05:00,74,44,30,0,63.3,5.46
2017-04-22 23:10:00,82,56,26,0,63.7,3.69
2017-04-22 23:15:00,86,52,33,1,57.2,3.7
2017-04-22 23:20:00,93,58,34,1,65.5,3.7
2017-04-22 23:25:00,75,44,31,0,61.6,3.1
2017-04-22 23:30:00,73,54,19,0,65.7,3.33
2017-04-22 23:35:00,62,39,23,0,65.7,2.75
2017-04-22 23:40:00,67,36,31,0,65.3,2.61
2017-04-22 23:45:00,80,51,28,1,59.5,3.3
2017-04-22 23:50:00,61,33,28,0,62.9,2.37
2017-04-22 23:55:00,81,57,24,0,59.9,3.19
2017-04-23 00:00:00,62,27,35,0,69.5,2.22
2017-04-23 00:05:00,66,39,27,0,59.3,3.03
2017-04-23 00:10:00,68,31,36,1,64.2,2.78
2017-04-23 00:15:00,51,36,15,0,62.9,2.03
2017-04-23 00:20:00,55,30,25,0,63.7,2.19
2017-04-23 00:25:00,61,36,25,0,64.1,2.21
2017-04-23 00:30:00,47,24,22,1,65.4,1.68
2017-04-23 00:35:00,42,23,19,0,62.9,1.44
2017-04-23 00:40:00,32,17,15,0,64.8,1.24
2017-04-23 00:45:00,52,35,16,1,61.9,1.95
2017-04-23 00:50:00,45,25,20,0,64.6,1.78
2017-04-23 00:55:00,47,26,21,0,61.3,1.82
2017-04-23 01:00:00,30,20,10,0,68.2,1.09
2017-04-23 01:05:00,33,19,14,0,68.3,1.15
2017-04-23 01:10:00,30,19,11,0,63.4,1.12
2017-04-23 01:15:00,33,21,12,0,66.0,1.15
2017-04-23 01:20:00,39,26,13,0,66.8,1.39
2017-04-23 01:25:00,30,18,12,0,68.9,1.03
2017-04-23 01:30:00,26,12,14,0,66.9,1.07
2017-04-23 01:35:00,23,14,9,0,69.4,0.8
2017-04-23 01:40:00,38,23,15,0,66.0,1.44
2017-04-23 01:45:00,34,22,12,0,66.2,1.28
2017-04-23 01:50:00,24,15,9,0,70.8,0.9
2017-04-23 01:55:00,21,12,9,0,68.9,0.74
2017-04-23 02:00:00,41,24,15,2,65.7,1.59
2017-04-23 02:05:00,33,24,9,0,70.7,1.2
2017-04-23 02:10:00,34,18,16,0,70.5,1.14
2017-04-23 02:15:00,21,14,7,0,69.8,0.88
2017-04-23 02:20:00,25,16,9,0,64.5,1.0
2017-04-23 02:25:00,21,11,10,0,71.6,0.67
2017-04-23 02:30:00,34,14,19,1,66.3,1.39
2017-04-23 02:35:00,25,11,14,0,61.4,0.99
2017-04-23 02:40:00,22,16,6,0,69.9,0.8
2017-04-23 02:45:00,24,11,13,0,67.9,1.03
2017-04-23 02:50:00,28,17,11,0,60.8,1.08
2017-04-23 02:55:00,26,10,16,0,72.8,0.87
2017-04-23 03:00:00,22,15,7,0,61.8,0.71
2017-04-23 03:05:00,16,9,7,0,69.9,0.66
2017-04-23 03:10:00,31,18,13,0,70.5,1.28
2017-04-23 03:15:00,28,17,11,0,66.0,1.02
2017-04-23 03:20:00,23,13,10,0,63.3,0.86
2017-04-23 03:25:00,22,15,7,0,76.9,0.88
2017-04-23 03:30:00,14,9,5,0,59.6,0.43
2017-04-23 03:35:00,15,10,5,0,64.7,0.63
2017-04-23 03:40:00,15,11,4,0,74.5,0.45
2017-04-23 03:45:00,14,8,6,0,60.7,0.52
2017-04-23 03:50:00,19,14,5,0,63.6,0.67
2017-04-23 03:55:00,14,12,2,0,63.6,0.58
2017-04-23 04:00:00,26,7,18,1,67.5,1.09
2017-04-23 04:05:00,13,7,6,0,67.6,0.52
2017-04-23 04:10:00,24,14,10,0,66.1,0.97
2017-04-23 04:15:00,25,21,4,0,60.7,0.96
2017-04-23 04:20:00,26,17,9,0,62.9,1.02
2017-04-23 04:25:00,25,15,9,1,65.9,0.9
2017-04-23 04:30:00,28,17,11,0,67.6,0.98
2017-04-23 04:35:00,22,16,6,0,63.1,0.8
2017-04-23 04:40:00,26,14,12,0,64.5,0.99
2017-04-23 04:45:00,24,17,7,0,65.4,0.95
2017-04-23 04:50:00,22,14,8,0,66.6,0.84
2017-04-23 04:55:00,25,13,12,0,65.1,1.03
2017-04-23 05:00:00,35,19,16,0,63.1,1.35
2017-04-23 05:05:00,34,20,14,0,62.1,1.31
2017-04-23 05:10:00,37,25,12,0,63.7,1.47
2017-04-23 05:15:00,34,27,7,0,60.8,1.33
2017-04-23 05:20:00,39,28,11,0,63.0,1.4
2017-04-23 05:25:00,28,20,8,0,65.2,1.25
2017-04-23 05:30:00,36,26,10,0,66.5,1.39
2017-04-23 05:35:00,81,41,37,3,63.3,3.11
2017-04-23 05:40:00,68,29,39,0,63.6,2.32
2017-04-23 05:45:00,60,24,34,2,63.9,2.18
2017-04-23 05:50:00,64,27,34,3,57.7,2.53
2017-04-23 05:55:00,72,35,36,1,62.4,2.46
2017-04-23 06:00:00,69,33,36,0,65.1,2.13
2017-04-23 06:05:00,55,27,28,0,66.3,1.67
2017-04-23 06:10:00,93,46,47,0,63.2,2.87
2017-04-23 06:15:00,81,40,41,0,67.1,2.52
2017-04-23 06:20:00,66,29,37,0,63.3,2.09
2017-04-23 06:25:00,76,37,39,0,65.4,2.43
2017-04-23 06:30:00,83,39,41,3,66.5,2.57
2017-04-23 06:35:00,88,51,33,4,67.0,2.85
2017-04-23 06:40:00,79,42,36,1,62.6,2.86
2017-04-23 06:45:00,105,52,50,3,61.0,3.41
2017-04-23 06:50:00,99,47,50,2,64.2,3.26
2017-04-23 06:55:00,73,40,29,4,66.2,2.25
2017-04-23 07:00:00,92,52,40,0,64.9,3.06
2017-04-23 07:05:00,74,39,34,1,61.2,2.38
2017-04-23 07:10:00,94,47,43,4,58.2,2.95
2017-04-23 07:15:00,87,46,41,0,66.5,2.56
2017-04-23 07:20:00,92,55,35,2,63.9,2.96
2017-04-23 07:25:00,90,60,29,1,65.3,2.56
2017-04-23 07:30:00,69,41,26,2,66.5,2.36
2017-04-23 07:35:00,113,69,40,4,66.7,3.64
2017-04-23 07:40:00,106,74,30,2,63.2,3.03
2017-04-23 07:45:00,137,88,45,4,62.9,4.33
2017-04-23 07:50:00,78,43,33,2,61.9,2.43
2017-04-23 07:55:00,84,50,34,0,61.4,2.56
2017-04-23 08:00:00,67,43,21,3,61.4,1.98
2017-04-23 08:05:00,99,63,36,0,65.5,3.01
2017-04-23 08:10:00,107,71,35,1,64.6,3.07
2017-04-23 08:15:00,127,88,37,2,62.4,3.73
2017-04-23 08:20:00,131,87,44,0,64.2,3.87
2017-04-23 08:25:00,104,55,49,0,60.7,3.49
2017-04-23 08:30:00,122,70,45,7,58.2,4.98
2017-04-23 08:35:00,133,76,56,1,60.4,4.45
2017-04-23 08:40:00,104,60,44,0,63.9,3.67
2017-04-23 08:45:00,150,78,68,4,64.2,5.11
2017-04-23 08:50:00,133,72,59,2,64.1,4.56
2017-04-23 08:55:00,129,76,50,3,61.5,4.86
2017-04-23 09:00:00,129,85,42,2,65.9,4.16
2017-04-23 09:05:00,127,78,48,1,61.2,7.48
2017-04-23 09:10:00,115,60,52,3,62.4,4.61
2017-04-23 09:15:00,133,80,51,2,62.3,5.68
2017-04-23 09:20:00,117,61,56,0,63.1,6.83
2017-04-23 09:25:00,74,44,29,1,65.5,3.54
2017-04-23 09:30:00,131,86,45,0,61.5,4.63
2017-04-23 09:35:00,106,64,41,1,60.3,3.41
2017-04-23 09:40:00,132,71,58,3,68.3,7.9
2017-04-23 09:45:00,115,62,53,0,60.3,6.16
2017-04-23 09:50:00,140,83,56,1,60.6,5.72
2017-04-23 09:55:00,126,72,54,0,59.7,4.28
2017-04-23 10:00:00,113,75,38,0,62.1,4.34
2017-04-23 10:05:00,141,89,51,1,61.8,5.14
2017-04-23 10:10:00,150,92,58,0,60.3,6.44
2017-04-23 10:15:00,156,100,54,2,58.4,6.36
2017-04-23 10:20:00,134,85,47,2,60.7,10.95
2017-04-23 10:25:00,188,113,74,1,58.4,7.55
2017-04-23 10:30:00,159,91,65,3,56.5,11.01
2017-04-23 10:35:00,139,80,58,1,61.3,7.78
2017-04-23 10:40:00,144,78,62,4,57.5,7.6
2017-04-23 10:45:00,150,85,64,1,59.5,6.17
2017-04-23 10:50:00,160,95,63,2,56.9,5.14
2017-04-23 10:55:00,147,89,58,0,59.2,4.47
2017-04-23 11:00:00,159,95,63,1,59.2,7.65
2017-04-23 11:05:00,138,79,58,1,59.9,4.39
2017-04-23 11:10:00,146,74,72,0,60.5,4.76
2017-04-23 11:15:00,138,75,63,0,59.7,4.43
2017-04-23 11:20:00,156,80,74,2,59.9,5.42
2017-04-23 11:25:00,123,66,56,1,62.5,3.65
2017-04-23 11:30:00,145,83,62,0,58.2,4.87
2017-04-23 11:35:00,148,76,71,1,60.8,5.34
2017-04-23 11:40:00,172,74,98,0,61.2,6.38
2017-04-23 11:45:00,159,77,81,1,60.3,5.36
2017-04-23 11:50:00,131,57,73,1,58.3,10.25
2017-04-23 11:55:00,132,61,71,0,59.5,9.27
2017-04-23 12:00:00,156,69,83,4,58.2,6.7
2017-04-23 12:05:00,162,68,89,5,61.9,9.29
2017-04-23 12:10:00,173,70,102,1,60.3,7.61
2017-04-23 12:15:00,173,74,98,1,58.9,7.38
2017-04-23 12:20:00,184,88,96,0,58.0,7.77
2017-04-23 12:25:00,191,85,104,2,58.6,8.08
2017-04-23 12:30:00,167,54,109,4,55.0,10.9
2017-04-23 12:35:00,177,84,91,2,57.3,10.87
2017-04-23 12:40:00,190,89,101,0,57.7,7.92
2017-04-23 12:45:00,191,87,99,5,59.2,8.14
2017-04-23 12:50:00,212,102,109,1,59.8,7.6
2017-04-23 12:55:00,192,93,98,1,58.9,7.92
2017-04-23 13:00:00,175,76,95,4,58.7,6.26
2017-04-23 13:05:00,171,75,93,3,58.4,7.51
2017-04-23 13:10:00,165,71,93,1,61.4,5.51
2017-04-23 13:15:00,167,77,89,1,55.1,6.81
2017-04-23 13:20:00,163,75,88,0,56.7,6.09
2017-04-23 13:25:00,171,68,102,1,60.1,6.12
2017-04-23 13:30:00,195,89,105,1,58.3,6.89
2017-04-23 13:35:00,196,85,111,0,57.9,7.43
2017-04-23 13:40:00,166,77,88,1,59.2,5.35
2017-04-23 13:45:00,155,63,92,0,58.1,5.21
2017-04-23 13:50:00,186,80,106,0,58.6,6.55
2017-04-23 13:55:00,169,70,99,0,56.6,6.06
2017-04-23 14:00:00,145,71,74,0,61.0,5.0
2017-04-23 14:05:00,214,90,124,0,59.0,7.29
2017-04-23 14:10:00,178,77,101,0,58.7,6.09
2017-04-23 14:15:00,187,77,109,1,60.9,5.98
2017-04-23 14:20:00,204,92,112,0,59.0,6.63
2017-04-23 14:25:00,205,95,110,0,57.2,7.05
2017-04-23 14:30:00,196,85,110,1,54.6,6.85
2017-04-23 14:35:00,181,87,94,0,58.8,6.05
2017-04-23 14:40:00,181,78,103,0,56.0,6.33
2017-04-23 14:45:00,181,81,100,0,60.6,5.85
2017-04-23 14:50:00,190,83,107,0,55.4,6.54
2017-04-23 14:55:00,212,93,118,1,56.8,7.31
2017-04-23 15:00:00,186,82,104,0,55.5,6.06
2017-04-23 15:05:00,199,89,110,0,56.8,6.76
2017-04-23 15:10:00,173,84,89,0,56.3,5.74
2017-04-23 15:15:00,164,83,80,1,57.8,5.38
2017-04-23 15:20:00,155,87,68,0,58.1,4.9
2017-04-23 15:25:00,172,81,89,2,60.8,5.46
2017-04-23 15:30:00,190,86,103,1,54.4,6.52
2017-04-23 15:35:00,195,99,96,0,58.3,6.66
2017-04-23 15:40:00,182,103,78,1,56.4,6.06
2017-04-23 15:45:00,180,92,87,1,56.0,5.83
2017-04-23 15:50:00,175,90,82,3,57.1,5.8
2017-04-23 15:55:00,164,84,79,1,53.9,7.34
2017-04-23 16:00:00,158,78,80,0,56.4,5.16
2017-04-23 16:05:00,176,96,80,0,57.5,5.67
2017-04-23 16:10:00,169,93,74,2,59.1,5.39
2017-04-23 16:15:00,186,96,89,1,58.5,5.87
2017-04-23 16:20:00,194,109,85,0,57.7,6.38
2017-04-23 16:25:00,168,98,70,0,57.9,5.37
2017-04-23 16:30:00,159,95,63,1,56.1,5.38
2017-04-23 16:35:00,158,94,64,0,59.5,5.0
2017-04-23 16:40:00,139,86,52,1,59.0,4.52
2017-04-23 16:45:00,188,112,76,0,57.8,6.05
2017-04-23 16:50:00,165,101,64,0,59.8,5.19
2017-04-23 16:55:00,197,104,93,0,58.0,6.58
2017-04-23 17:00:00,172,101,71,0,58.8,5.38
2017-04-23 17:05:00,192,110,81,1,56.2,6.07
2017-04-23 17:10:00,189,96,92,1,56.5,6.12
2017-04-23 17:15:00,158,85,72,1,56.9,5.17
2017-04-23 17:20:00,162,82,80,0,57.5,5.18
2017-04-23 17:25:00,174,91,83,0,57.5,5.51
2017-04-23 17:30:00,184,85,97,2,58.6,5.97
2017-04-23 17:35:00,189,91,96,2,56.9,6.12
2017-04-23 17:40:00,182,90,91,1,60.3,6.0
2017-04-23 17:45:00,182,81,100,1,59.8,5.71
2017-04-23 17:50:00,162,81,81,0,58.1,5.19
2017-04-23 17:55:00,150,88,59,3,60.8,4.68
2017-04-23 18:00:00,142,66,76,0,58.4,4.51
2017-04-23 18:05:00,175,84,91,0,53.3,5.72
2017-04-23 18:10:00,145,58,83,4,59.2,4.54
2017-04-23 18:15:00,154,66,86,2,61.5,5.2
2017-04-23 18:20:00,172,79,92,1,62.2,5.6
2017-04-23 18:25:00,164,71,93,0,58.4,5.14
2017-04-23 18:30:00,155,66,89,0,59.6,4.97
2017-04-23 18:35:00,128,56,70,2,62.1,4.07
2017-04-23 18:40:00,133,61,71,1,57.8,4.38
2017-04-23 18:45:00,165,81,84,0,59.2,5.18
2017-04-23 18:50:00,162,80,80,2,59.4,5.22
2017-04-23 18:55:00,165,74,91,0,57.5,5.27
2017-04-23 19:00:00,111,54,57,0,57.1,4.03
2017-04-23 19:05:00,166,74,92,0,58.4,5.53
2017-04-23 19:10:00,148,60,87,1,58.9,5.09
2017-04-23 19:15:00,129,66,63,0,59.3,4.71
2017-04-23 19:20:00,138,69,69,0,57.6,5.18
2017-04-23 19:25:00,136,112,24,0,54.8,5.15
2017-04-23 19:30:00,143,113,30,0,56.5,5.93
2017-04-23 19:35:00,160,104,56,0,57.1,7.33
2017-04-23 19:40:00,167,127,40,0,58.0,6.76
2017-04-23 19:45:00,161,124,37,0,54.6,6.46
2017-04-23 19:50:00,137,96,41,0,55.0,5.73
2017-04-23 19:55:00,128,93,34,1,55.2,5.54
2017-04-23 20:00:00,141,97,43,1,54.3,6.06
2017-04-23 20:05:00,160,115,45,0,56.9,6.84
2017-04-23 20:10:00,141,109,31,1,56.8,6.52
2017-04-23 20:15:00,142,105,37,0,57.1,6.94
2017-04-23 20:20:00,143,101,41,1,56.5,5.86
2017-04-23 20:25:00,143,96,47,0,57.5,6.27
2017-04-23 20:30:00,124,85,39,0,56.9,4.89
2017-04-23 20:35:00,101,75,25,1,52.8,4.39
2017-04-23 20:40:00,128,96,32,0,56.3,5.08
2017-04-23 20:45:00,109,76,33,0,60.2,4.5
2017-04-23 20:50:00,150,109,41,0,55.4,6.15
2017-04-23 20:55:00,157,114,43,0,55.3,6.98
2017-04-23 21:00:00,142,95,45,2,57.6,5.95
2017-04-23 21:05:00,142,101,41,0,56.7,5.73
2017-04-23 21:10:00,145,111,33,1,56.5,6.21
2017-04-23 21:15:00,124,85,39,0,56.8,5.15
2017-04-23 21:20:00,129,90,39,0,58.8,4.82
2017-04-23 21:25:00,110,71,39,0,57.3,4.45
2017-04-23 21:30:00,115,79,36,0,60.7,4.25
2017-04-23 21:35:00,106,80,26,0,53.1,4.51
2017-04-23 21:40:00,105,63,42,0,62.4,4.35
2017-04-23 21:45:00,80,55,25,0,59.1,3.04
2017-04-23 21:50:00,116,74,42,0,63.1,4.66
2017-04-23 21:55:00,89,57,32,0,58.7,3.67
2017-04-23 22:00:00,109,74,35,0,59.7,4.14
2017-04-23 22:05:00,94,66,28,0,62.7,3.5
2017-04-23 22:10:00,98,64,34,0,61.3,3.63
2017-04-23 22:15:00,108,70,37,1,58.4,4.46
2017-04-23 22:20:00,74,53,20,1,62.5,2.75
2017-04-23 22:25:00,72,50,22,0,58.5,2.81
2017-04-23 22:30:00,81,48,32,1,58.5,3.58
2017-04-23 22:35:00,76,54,22,0,63.8,3.13
2017-04-23 22:40:00,78,57,21,0,63.2,3.06
2017-04-23 22:45:00,77,45,32,0,60.3,3.13
2017-04-23 22:50:00,79,50,28,1,64.9,3.34
2017-04-23 22:55:00,75,53,22,0,63.7,2.83
2017-04-23 23:00:00,67,41,25,1,61.2,2.62
2017-04-23 23:05:00,64,48,15,1,64.5,2.32
2017-04-23 23:10:00,73,51,22,0,64.6,3.11
2017-04-23 23:15:00,75,50,25,0,62.2,3.13
2017-04-23 23:20:00,59,47,12,0,61.7,2.58
2017-04-23 23:25:00,50,31,19,0,58.3,2.13
2017-04-23 23:30:00,52,31,21,0,61.8,2.29
2017-04-23 23:35:00,56,41,15,0,59.2,2.07
2017-04-23 23:40:00,64,41,23,0,63.7,2.61
2017-04-23 23:45:00,40,21,19,0,66.1,1.57
2017-04-23 23:50:00,37,20,17,0,65.3,1.49
2017-04-23 23:55:00,34,15,19,0,61.2,1.31
2017-04-24 00:00:00,34,18,16,0,64.9,1.28
2017-04-24 00:05:00,51,31,20,0,62.1,2.04
2017-04-24 00:10:00,43,23,20,0,63.3,1.66
2017-04-24 00:15:00,42,24,18,0,68.3,1.64
2017-04-24 00:20:00,47,29,17,1,63.9,1.84
2017-04-24 00:25:00,45,27,18,0,71.4,1.67
2017-04-24 00:30:00,28,19,9,0,66.2,0.99
2017-04-24 00:35:00,32,19,13,0,69.2,1.26
2017-04-24 00:40:00,26,16,10,0,61.9,1.04
2017-04-24 00:45:00,31,19,12,0,68.5,1.23
2017-04-24 00:50:00,30,15,15,0,62.8,1.09
2017-04-24 00:55:00,23,10,12,1,73.2,0.8
2017-04-24 01:00:00,31,18,13,0,66.2,1.11
2017-04-24 01:05:00,24,17,7,0,57.8,1.07
2017-04-24 01:10:00,23,17,6,0,65.1,0.78
2017-04-24 01:15:00,35,22,13,0,62.7,1.31
2017-04-24 01:20:00,24,12,12,0,68.5,1.09
2017-04-24 01:25:00,15,7,8,0,65.3,0.52
2017-04-24 01:30:00,25,19,6,0,53.6,8.41
2017-04-24 01:35:00,30,20,10,0,59.5,1.11
2017-04-24 01:40:00,15,7,8,0,62.9,0.63
2017-04-24 01:45:00,14,7,7,0,54.3,0.64
2017-04-24 01:50:00,17,9,8,0,67.8,0.67
2017-04-24 01:55:00,19,12,7,0,65.7,0.68
2017-04-24 02:00:00,21,15,6,0,69.0,0.85
2017-04-24 02:05:00,21,15,6,0,61.3,0.78
2017-04-24 02:10:00,18,9,9,0,66.3,0.68
2017-04-24 02:15:00,17,9,8,0,72.3,0.66
2017-04-24 02:20:00,19,15,4,0,60.3,0.76
2017-04-24 02:25:00,15,11,4,0,63.9,0.59
2017-04-24 02:30:00,31,20,11,0,64.0,1.2
2017-04-24 02:35:00,26,13,13,0,66.3,1.13
2017-04-24 02:40:00,21,11,10,0,66.9,0.8
2017-04-24 02:45:00,18,11,7,0,60.8,0.7
2017-04-24 02:50:00,25,16,9,0,63.5,0.95
2017-04-24 02:55:00,27,18,9,0,60.9,1.01
2017-04-24 03:00:00,16,10,6,0,75.1,0.56
2017-04-24 03:05:00,13,8,5,0,63.9,0.51
2017-04-24 03:10:00,19,13,6,0,59.4,0.85
2017-04-24 03:15:00,19,15,4,0,54.0,0.82
2017-04-24 03:20:00,10,7,3,0,62.8,0.29
2017-04-24 03:25:00,19,10,9,0,66.2,0.77
2017-04-24 03:30:00,27,16,10,1,63.6,1.15
2017-04-24 03:35:00,17,10,7,0,60.6,0.68
2017-04-24 03:40:00,24,17,7,0,65.9,1.0
2017-04-24 03:45:00,24,16,8,0,64.4,1.1
2017-04-24 03:50:00,33,22,11,0,59.4,1.22
2017-04-24 03:55:00,37,20,16,1,59.6,1.55
2017-04-24 04:00:00,27,16,11,0,65.8,1.22
2017-04-24 04:05:00,33,20,13,0,65.2,1.42
2017-04-24 04:10:00,33,21,12,0,66.7,1.26
2017-04-24 04:15:00,54,37,16,1,64.7,2.07
2017-04-24 04:20:00,45,25,19,1,61.3,2.12
2017-04-24 04:25:00,54,32,22,0,64.8,2.26
2017-04-24 04:30:00,43,30,13,0,60.1,1.9
2017-04-24 04:35:00,51,34,17,0,60.9,1.88
2017-04-24 04:40:00,49,28,20,1,53.9,2.35
2017-04-24 04:45:00,41,24,16,1,64.2,1.63
2017-04-24 04:50:00,59,42,17,0,60.7,2.4
2017-04-24 04:55:00,34,23,11,0,62.2,1.71
2017-04-24 05:00:00,61,44,17,0,64.1,2.32
2017-04-24 05:05:00,62,46,16,0,57.8,2.41
2017-04-24 05:10:00,61,41,20,0,67.1,2.33
2017-04-24 05:15:00,64,46,18,0,56.3,2.66
2017-04-24 05:20:00,73,47,25,1,64.6,2.76
2017-04-24 05:25:00,67,47,20,0,61.6,2.86
2017-04-24 05:30:00,94,59,34,1,61.6,5.25
2017-04-24 05:35:00,120,56,61,3,65.2,5.07
2017-04-24 05:40:00,145,56,89,0,62.8,5.36
2017-04-24 05:45:00,124,51,70,3,65.6,4.19
2017-04-24 05:50:00,75,26,48,1,57.4,2.95
2017-04-24 05:55:00,174,65,104,5,60.0,6.37
2017-04-24 06:00:00,149,63,85,1,59.2,5.36
2017-04-24 06:05:00,152,53,96,3,58.9,5.38
2017-04-24 06:10:00,183,78,104,1,63.0,5.93
2017-04-24 06:15:00,177,73,102,2,63.1,5.82
2017-04-24 06:20:00,228,92,134,2,61.7,7.84
2017-04-24 06:25:00,202,93,103,6,62.1,7.05
2017-04-24 06:30:00,217,111,99,7,59.1,7.54
2017-04-24 06:35:00,194,111,81,2,59.0,6.49
2017-04-24 06:40:00,247,127,116,4,58.9,8.85
2017-04-24 06:45:00,274,152,121,1,61.4,9.53
2017-04-24 06:50:00,258,137,115,6,55.2,10.04
2017-04-24 06:55:00,257,136,119,2,56.5,9.7
2017-04-24 07:00:00,270,163,102,5,57.5,9.7
2017-04-24 07:05:00,274,163,102,9,59.1,10.34
2017-04-24 07:10:00,290,184,98,8,54.9,10.59
2017-04-24 07:15:00,313,196,111,6,54.0,10.71
2017-04-24 07:20:00,286,172,110,4,51.5,15.05
2017-04-24 07:25:00,337,199,127,11,47.8,23.5
2017-04-24 07:30:00,253,157,89,7,44.5,35.83
2017-04-24 07:35:00,272,155,105,12,35.1,47.81
2017-04-24 07:40:00,258,131,115,12,30.7,52.28
2017-04-24 07:45:00,233,120,101,12,35.3,62.62
2017-04-24 07:50:00,292,166,120,6,37.1,35.34
2017-04-24 07:55:00,233,121,99,13,32.4,56.75
2017-04-24 08:00:00,238,132,99,7,34.0,47.58
2017-04-24 08:05:00,261,150,105,6,35.6,48.11
2017-04-24 08:10:00,176,92,71,13,29.9,69.55
2017-04-24 08:15:00,289,157,120,12,24.6,54.56
2017-04-24 08:20:00,268,161,96,11,26.0,54.48
2017-04-24 08:25:00,273,156,109,8,27.5,45.38
2017-04-24 08:30:00,236,116,100,20,24.6,63.65
2017-04-24 08:35:00,199,96,86,17,27.3,58.11
2017-04-24 08:40:00,190,108,75,7,29.5,58.16
2017-04-24 08:45:00,215,106,90,19,30.5,48.07
2017-04-24 08:50:00,234,116,104,14,49.8,21.4
2017-04-24 08:55:00,237,128,102,7,55.2,13.49
2017-04-24 09:00:00,187,105,78,4,59.0,14.17
2017-04-24 09:05:00,186,75,103,8,58.8,15.03
2017-04-24 09:10:00,174,96,70,8,59.7,10.4
2017-04-24 09:15:00,200,106,85,9,57.3,12.77
2017-04-24 09:20:00,205,113,86,6,57.5,11.85
2017-04-24 09:25:00,223,127,90,6,57.0,14.97
2017-04-24 09:30:00,192,101,87,4,62.9,12.26
2017-04-24 09:35:00,221,116,102,3,60.0,10.22
2017-04-24 09:40:00,236,125,106,5,57.6,13.4
2017-04-24 09:45:00,185,103,80,2,56.9,13.19
2017-04-24 09:50:00,159,86,72,1,57.4,26.02
2017-04-24 09:55:00,216,111,101,4,55.7,9.55
2017-04-24 10:00:00,191,92,91,8,55.8,13.65
2017-04-24 10:05:00,170,90,78,2,57.2,20.41
2017-04-24 10:10:00,171,78,88,5,58.8,23.6
2017-04-24 10:15:00,147,65,79,3,57.3,34.52
2017-04-24 10:20:00,157,70,83,4,57.4,23.69
2017-04-24 10:25:00,171,85,85,1,57.2,15.34
2017-04-24 10:30:00,137,81,50,6,57.4,25.96
2017-04-24 10:35:00,164,76,84,4,57.7,8.7
2017-04-24 10:40:00,147,71,72,4,56.0,9.99
2017-04-24 10:45:00,144,74,67,3,58.7,19.72
2017-04-24 10:50:00,180,88,83,9,56.6,11.47
2017-04-24 10:55:00,183,95,80,8,60.6,12.2
2017-04-24 11:00:00,162,82,76,4,56.7,7.98
2017-04-24 11:05:00,151,73,75,3,57.4,16.44
2017-04-24 11:10:00,161,77,81,3,56.4,19.16
2017-04-24 11:15:00,151,73,75,3,57.8,24.52
2017-04-24 11:20:00,163,80,76,7,59.6,10.71
2017-04-24 11:25:00,141,61,75,5,56.7,19.3
2017-04-24 11:30:00,150,83,65,2,58.8,14.5
2017-04-24 11:35:00,160,74,82,4,57.4,9.62
2017-04-24 11:40:00,164,77,84,3,60.4,8.56
2017-04-24 11:45:00,154,66,84,4,59.8,6.39
2017-04-24 11:50:00,172,76,94,2,60.2,7.88
2017-04-24 11:55:00,162,59,102,1,57.3,10.63
2017-04-24 12:00:00,122,50,70,2,58.3,11.44
2017-04-24 12:05:00,158,55,100,3,58.3,11.17
2017-04-24 12:10:00,174,80,94,0,58.1,7.72
2017-04-24 12:15:00,106,48,56,2,56.9,8.87
2017-04-24 12:20:00,183,78,104,1,56.4,7.39
2017-04-24 12:25:00,148,60,85,3,57.4,7.24
2017-04-24 12:30:00,169,63,96,10,61.1,9.73
2017-04-24 12:35:00,146,67,79,0,58.8,7.47
2017-04-24 12:40:00,144,64,80,0,62.5,5.24
2017-04-24 12:45:00,186,78,106,2,61.5,7.13
2017-04-24 12:50:00,152,62,90,0,62.3,5.79
2017-04-24 12:55:00,207,96,110,1,57.5,7.43
2017-04-24 13:00:00,213,90,121,2,59.5,8.41
2017-04-24 13:05:00,166,71,93,2,57.9,6.92
2017-04-24 13:10:00,187,76,110,1,57.3,7.19
2017-04-24 13:15:00,174,71,101,2,60.5,7.0
2017-04-24 13:20:00,190,83,104,3,55.1,8.69
2017-04-24 13:25:00,178,76,101,1,59.7,7.07
2017-04-24 13:30:00,203,71,129,3,57.1,8.54
2017-04-24 13:35:00,194,68,126,0,57.3,7.68
2017-04-24 13:40:00,201,88,111,2,58.3,8.1
2017-04-24 13:45:00,175,67,105,3,61.4,6.97
2017-04-24 13:50:00,196,80,116,0,55.7,7.48
2017-04-24 13:55:00,193,76,117,0,53.7,7.41
2017-04-24 14:00:00,187,65,116,6,54.8,7.37
2017-04-24 14:05:00,199,79,119,1,56.9,7.69
2017-04-24 14:10:00,178,71,106,1,57.5,6.89
2017-04-24 14:15:00,213,84,128,1,58.7,8.15
2017-04-24 14:20:00,224,90,133,1,54.5,8.75
2017-04-24 14:25:00,196,86,109,1,58.9,6.99
2017-04-24 14:30:00,174,79,93,2,55.9,6.4
2017-04-24 14:35:00,193,66,126,1,56.6,7.69
2017-04-24 14:40:00,197,84,111,2,59.0,7.16
2017-04-24 14:45:00,195,77,117,1,57.7,7.08
2017-04-24 14:50:00,165,60,104,1,59.1,6.07
2017-04-24 14:55:00,186,84,101,1,58.9,6.52
2017-04-24 15:00:00,184,70,110,4,56.7,6.83
2017-04-24 15:05:00,193,88,105,0,55.8,7.14
2017-04-24 15:10:00,191,68,122,1,57.9,6.7
2017-04-24 15:15:00,159,64,94,1,57.8,5.67
2017-04-24 15:20:00,174,75,99,0,58.3,5.89
2017-04-24 15:25:00,206,92,113,1,56.1,7.18
2017-04-24 15:30:00,213,101,111,1,57.9,7.8
2017-04-24 15:35:00,184,93,86,5,58.0,6.72
2017-04-24 15:40:00,190,106,81,3,57.7,6.28
2017-04-24 15:45:00,161,68,91,2,59.2,5.7
2017-04-24 15:50:00,178,90,85,3,58.7,6.16
2017-04-24 15:55:00,177,80,93,4,55.9,6.39
2017-04-24 16:00:00,180,100,78,2,53.5,6.42
2017-04-24 16:05:00,184,97,84,3,56.3,6.39
2017-04-24 16:10:00,207,108,99,0,56.4,7.04
2017-04-24 16:15:00,202,99,101,2,56.0,7.14
2017-04-24 16:20:00,194,100,92,2,55.8,9.48
2017-04-24 16:25:00,183,105,73,5,54.8,15.48
2017-04-24 16:30:00,184,107,77,0,55.2,6.28
2017-04-24 16:35:00,169,93,76,0,55.2,6.41
2017-04-24 16:40:00,202,101,100,1,54.9,7.26
2017-04-24 16:45:00,200,96,104,0,56.5,7.45
2017-04-24 16:50:00,188,86,101,1,55.8,6.31
2017-04-24 16:55:00,190,79,111,0,59.0,6.32
2017-04-24 17:00:00,171,75,95,1,61.1,5.87
2017-04-24 17:05:00,165,61,104,0,60.2,5.48
2017-04-24 17:10:00,175,86,89,0,60.9,5.59
2017-04-24 17:15:00,180,76,104,0,59.5,5.93
2017-04-24 17:20:00,203,84,117,2,57.7,7.15
2017-04-24 17:25:00,203,87,114,2,59.6,6.7
2017-04-24 17:30:00,201,79,121,1,56.6,6.81
2017-04-24 17:35:00,197,82,115,0,56.2,6.74
2017-04-24 17:40:00,211,95,116,0,55.8,7.34
2017-04-24 17:45:00,172,66,106,0,59.7,5.78
2017-04-24 17:50:00,179,79,99,1,56.6,6.25
2017-04-24 17:55:00,177,80,97,0,57.4,5.7
2017-04-24 18:00:00,177,76,101,0,56.5,5.95
2017-04-24 18:05:00,207,90,114,3,57.1,6.81
2017-04-24 18:10:00,218,103,114,1,56.3,7.26
2017-04-24 18:15:00,219,98,121,0,58.0,7.39
2017-04-24 18:20:00,210,77,133,0,58.3,6.62
2017-04-24 18:25:00,199,81,118,0,55.5,6.76
2017-04-24 18:30:00,182,66,115,1,57.8,5.92
2017-04-24 18:35:00,174,77,97,0,59.1,5.5
2017-04-24 18:40:00,178,59,118,1,57.2,6.01
2017-04-24 18:45:00,213,100,113,0,56.9,6.89
2017-04-24 18:50:00,213,86,125,2,54.4,9.57
2017-04-24 18:55:00,194,78,115,1,58.8,6.68
2017-04-24 19:00:00,171,57,114,0,59.6,5.77
2017-04-24 19:05:00,186,79,103,4,56.7,6.45
2017-04-24 19:10:00,167,76,89,2,55.7,6.16
2017-04-24 19:15:00,159,62,96,1,58.4,6.22
2017-04-24 19:20:00,130,72,58,0,57.0,4.78
2017-04-24 19:25:00,168,125,43,0,56.0,6.65
2017-04-24 19:30:00,164,132,32,0,54.3,6.4
2017-04-24 19:35:00,165,121,44,0,56.6,6.59
2017-04-24 19:40:00,137,107,30,0,59.2,5.04
2017-04-24 19:45:00,149,112,37,0,56.3,6.18
2017-04-24 19:50:00,144,109,35,0,52.9,5.91
2017-04-24 19:55:00,123,93,30,0,56.3,5.4
2017-04-24 20:00:00,99,69,30,0,54.6,4.17
2017-04-24 20:05:00,143,104,39,0,54.4,5.88
2017-04-24 20:10:00,143,106,37,0,54.5,5.98
2017-04-24 20:15:00,139,103,36,0,60.8,5.79
2017-04-24 20:20:00,148,106,41,1,60.0,6.45
2017-04-24 20:25:00,136,97,37,2,55.4,6.43
2017-04-24 20:30:00,127,87,40,0,57.8,7.89
2017-04-24 20:35:00,114,86,28,0,58.4,4.47
2017-04-24 20:40:00,129,89,39,1,56.5,5.51
2017-04-24 20:45:00,118,88,30,0,55.6,5.08
2017-04-24 20:50:00,143,101,42,0,55.4,6.73
2017-04-24 20:55:00,130,96,33,1,56.7,4.97
2017-04-24 21:00:00,147,103,44,0,60.8,5.73
2017-04-24 21:05:00,135,96,39,0,56.7,5.54
2017-04-24 21:10:00,140,95,45,0,58.6,5.74
2017-04-24 21:15:00,138,93,45,0,59.0,5.5
2017-04-24 21:20:00,133,88,45,0,55.9,5.69
2017-04-24 21:25:00,131,96,35,0,56.6,5.48
2017-04-24 21:30:00,126,86,40,0,59.6,4.97
2017-04-24 21:35:00,137,100,37,0,54.7,5.92
2017-04-24 21:40:00,157,97,60,0,56.7,6.16
2017-04-24 21:45:00,122,95,27,0,56.7,4.69
2017-04-24 21:50:00,113,72,41,0,60.4,4.94
2017-04-24 21:55:00,130,91,39,0,52.9,5.71
2017-04-24 22:00:00,118,78,40,0,60.5,4.5
2017-04-24 22:05:00,96,65,31,0,56.9,3.97
2017-04-24 22:10:00,129,94,35,0,58.7,4.83
2017-04-24 22:15:00,138,97,40,1,55.0,6.01
2017-04-24 22:20:00,104,67,37,0,60.1,3.94
2017-04-24 22:25:00,103,66,37,0,60.2,3.77
2017-04-24 22:30:00,99,69,30,0,57.6,3.94
2017-04-24 22:35:00,68,42,26,0,58.0,5.82
2017-04-24 22:40:00,82,53,28,1,59.1,3.53
2017-04-24 22:45:00,101,68,32,1,57.4,4.4
2017-04-24 22:50:00,97,62,33,2,61.3,3.74
2017-04-24 22:55:00,85,46,39,0,62.5,3.26
2017-04-24 23:00:00,80,50,29,1,61.0,3.39
2017-04-24 23:05:00,77,48,29,0,61.1,3.23
2017-04-24 23:10:00,103,62,41,0,58.8,4.06
2017-04-24 23:15:00,98,56,42,0,62.3,4.09
2017-04-24 23:20:00,97,58,38,1,60.8,3.99
2017-04-24 23:25:00,72,44,28,0,64.3,2.78
2017-04-24 23:30:00,74,50,24,0,64.8,2.91
2017-04-24 23:35:00,52,29,23,0,60.7,2.19
2017-04-24 23:40:00,71,48,23,0,61.5,2.86
2017-04-24 23:45:00,60,31,29,0,65.3,2.45
2017-04-24 23:50:00,50,28,22,0,71.5,1.98
2017-04-24 23:55:00,50,28,22,0,61.9,1.99
2017-04-25 00:00:00,52,27,24,1,66.4,2.03
2017-04-25 00:05:00,62,35,27,0,61.1,2.41
2017-04-25 00:10:00,60,36,24,0,65.4,2.33
2017-04-25 00:15:00,56,39,16,1,62.8,2.06
2017-04-25 00:20:00,65,38,27,0,61.8,2.39
2017-04-25 00:25:00,45,24,21,0,70.8,1.81
2017-04-25 00:30:00,27,17,10,0,63.5,0.96
2017-04-25 00:35:00,33,23,10,0,67.9,1.22
2017-04-25 00:40:00,34,22,12,0,66.7,1.35
2017-04-25 00:45:00,37,27,9,1,58.7,1.54
2017-04-25 00:50:00,37,22,15,0,67.9,1.37
2017-04-25 00:55:00,36,19,17,0,62.1,1.44
2017-04-25 01:00:00,49,30,19,0,57.9,1.95
2017-04-25 01:05:00,32,19,13,0,64.2,1.28
2017-04-25 01:10:00,29,19,10,0,69.3,1.15
2017-04-25 01:15:00,25,11,14,0,70.9,0.94
2017-04-25 01:20:00,27,14,13,0,66.4,1.07
2017-04-25 01:25:00,30,21,9,0,65.5,0.98
2017-04-25 01:30:00,25,16,9,0,57.7,0.92
2017-04-25 01:35:00,29,16,13,0,58.5,1.23
2017-04-25 01:40:00,31,16,15,0,69.0,1.24
2017-04-25 01:45:00,23,14,9,0,62.9,0.94
2017-04-25 01:50:00,22,15,7,0,65.9,0.78
2017-04-25 01:55:00,16,7,9,0,81.2,0.62
2017-04-25 02:00:00,31,18,13,0,58.5,1.3
2017-04-25 02:05:00,24,11,13,0,68.7,0.94
2017-04-25 02:10:00,25,16,9,0,65.6,0.94
2017-04-25 02:15:00,26,13,13,0,63.2,0.92
2017-04-25 02:20:00,27,16,11,0,61.1,0.98
2017-04-25 02:25:00,23,12,11,0,58.1,0.88
2017-04-25 02:30:00,26,17,9,0,61.6,1.17
2017-04-25 02:35:00,30,21,9,0,65.6,1.18
2017-04-25 02:40:00,26,17,9,0,65.1,0.93
2017-04-25 02:45:00,26,15,11,0,48.8,25.9
2017-04-25 02:50:00,31,15,16,0,61.3,1.42
2017-04-25 02:55:00,22,11,11,0,62.8,0.83
2017-04-25 03:00:00,19,12,7,0,64.3,0.92
2017-04-25 03:05:00,22,11,11,0,62.7,0.94
2017-04-25 03:10:00,16,9,7,0,71.1,0.68
2017-04-25 03:15:00,24,17,7,0,64.3,1.0
2017-04-25 03:20:00,20,13,7,0,62.5,0.84
2017-04-25 03:25:00,26,17,8,1,62.1,0.97
2017-04-25 03:30:00,18,8,10,0,57.3,0.82
2017-04-25 03:35:00,20,13,7,0,64.0,0.72
2017-04-25 03:40:00,26,13,13,0,67.7,1.13
2017-04-25 03:45:00,27,14,13,0,65.8,1.14
2017-04-25 03:50:00,33,19,14,0,66.5,1.62
2017-04-25 03:55:00,25,12,13,0,60.2,0.94
2017-04-25 04:00:00,32,16,16,0,65.9,1.46
2017-04-25 04:05:00,28,17,10,1,61.9,1.29
2017-04-25 04:10:00,35,20,15,0,62.4,1.3
2017-04-25 04:15:00,41,26,15,0,59.3,1.71
2017-04-25 04:20:00,50,31,18,1,58.4,2.23
2017-04-25 04:25:00,56,36,20,0,65.0,2.26
2017-04-25 04:30:00,33,22,11,0,67.3,1.38
2017-04-25 04:35:00,56,37,19,0,65.2,2.39
2017-04-25 04:40:00,29,15,14,0,58.0,1.26
2017-04-25 04:45:00,42,22,20,0,61.3,1.81
2017-04-25 04:50:00,43,31,12,0,61.9,2.0
2017-04-25 04:55:00,42,22,19,1,72.0,1.72
2017-04-25 05:00:00,48,30,17,1,62.3,2.26
2017-04-25 05:05:00,57,30,27,0,61.6,2.11
2017-04-25 05:10:00,51,33,18,0,61.0,2.45
2017-04-25 05:15:00,57,39,17,1,62.1,2.15
2017-04-25 05:20:00,80,52,27,1,64.2,3.71
2017-04-25 05:25:00,73,43,29,1,60.3,3.17
2017-04-25 05:30:00,88,50,38,0,61.8,3.71
2017-04-25 05:35:00,111,42,68,1,61.7,4.79
2017-04-25 05:40:00,128,48,76,4,60.4,5.82
2017-04-25 05:45:00,140,60,80,0,61.6,5.24
2017-04-25 05:50:00,100,39,61,0,65.0,3.66
2017-04-25 05:55:00,135,63,71,1,62.9,4.5
2017-04-25 06:00:00,149,48,96,5,61.8,5.03
2017-04-25 06:05:00,148,49,97,2,59.0,5.69
2017-04-25 06:10:00,193,65,127,1,58.5,6.67
2017-04-25 06:15:00,193,62,130,1,58.5,7.36
2017-04-25 06:20:00,197,63,133,1,61.5,6.88
2017-04-25 06:25:00,171,62,106,3,60.7,6.16
2017-04-25 06:30:00,204,78,126,0,58.3,7.05
2017-04-25 06:35:00,164,56,107,1,61.3,5.93
2017-04-25 06:40:00,216,73,140,3,57.8,7.84
2017-04-25 06:45:00,204,73,126,5,61.2,7.14
2017-04-25 06:50:00,217,69,148,0,58.6,7.8
2017-04-25 06:55:00,243,80,161,2,56.9,9.21
2017-04-25 07:00:00,223,93,126,4,58.0,7.87
2017-04-25 07:05:00,261,104,156,1,56.5,9.27
2017-04-25 07:10:00,283,100,183,0,55.9,10.08
2017-04-25 07:15:00,270,107,161,2,55.9,10.64
2017-04-25 07:20:00,271,110,160,1,54.9,9.99
2017-04-25 07:25:00,290,111,179,0,52.5,11.06
2017-04-25 07:30:00,288,113,172,3,47.0,21.36
2017-04-25 07:35:00,277,121,155,1,45.8,23.13
2017-04-25 07:40:00,279,135,140,4,43.6,28.7
2017-04-25 07:45:00,244,112,128,4,37.1,38.98
2017-04-25 07:50:00,274,132,139,3,30.3,47.3
2017-04-25 07:55:00,246,111,121,14,29.8,49.28
2017-04-25 08:00:00,263,126,129,8,30.4,48.54
2017-04-25 08:05:00,286,128,149,9,34.6,41.59
2017-04-25 08:10:00,286,136,146,4,40.3,34.64
2017-04-25 08:15:00,293,145,141,7,36.9,39.33
2017-04-25 08:20:00,299,138,147,14,29.7,53.18
2017-04-25 08:25:00,253,120,128,5,27.7,54.09
2017-04-25 08:30:00,236,118,108,10,31.1,59.6
2017-04-25 08:35:00,258,123,127,8,32.2,50.21
2017-04-25 08:40:00,258,124,129,5,39.1,37.09
2017-04-25 08:45:00,270,118,151,1,52.4,10.15
2017-04-25 08:50:00,266,121,141,4,56.7,9.54
2017-04-25 08:55:00,257,87,169,1,55.5,8.98
2017-04-25 09:00:00,256,118,135,3,56.4,9.01
2017-04-25 09:05:00,219,90,129,0,58.8,7.85
2017-04-25 09:10:00,234,95,133,6,54.9,8.77
2017-04-25 09:15:00,221,91,127,3,57.0,7.82
2017-04-25 09:20:00,217,89,125,3,57.0,8.26
2017-04-25 09:25:00,229,97,130,2,58.8,8.17
2017-04-25 09:30:00,243,122,118,3,52.5,10.72
2017-04-25 09:35:00,249,100,147,2,55.7,10.09
2017-04-25 09:40:00,244,100,142,2,58.1,8.83
2017-04-25 09:45:00,247,116,126,5,57.8,8.78
2017-04-25 09:50:00,204,84,116,4,56.4,7.83
2017-04-25 09:55:00,183,79,102,2,56.4,6.98
2017-04-25 10:00:00,170,69,101,0,58.5,6.27
2017-04-25 10:05:00,209,90,118,1,57.4,8.06
2017-04-25 10:10:00,206,75,127,4,56.5,8.66
2017-04-25 10:15:00,168,72,94,2,57.3,6.04
2017-04-25 10:20:00,203,78,123,2,58.1,7.4
2017-04-25 10:25:00,154,56,97,1,56.0,7.64
2017-04-25 10:30:00,172,85,85,2,58.8,7.71
2017-04-25 10:35:00,203,84,118,1,56.5,7.82
2017-04-25 10:40:00,154,63,89,2,57.4,6.9
2017-04-25 10:45:00,181,74,107,0,56.6,8.9
2017-04-25 10:50:00,168,76,91,1,58.8,7.51
2017-04-25 10:55:00,179,81,97,1,60.1,7.61
2017-04-25 11:00:00,167,71,96,0,61.5,5.99
2017-04-25 11:05:00,164,76,87,1,57.6,7.49
2017-04-25 11:10:00,167,70,96,1,57.9,7.57
2017-04-25 11:15:00,139,69,68,2,62.2,6.25
2017-04-25 11:20:00,177,81,95,1,55.6,8.07
2017-04-25 11:25:00,168,70,94,4,59.9,6.61
2017-04-25 11:30:00,175,84,89,2,58.6,6.74
2017-04-25 11:35:00,168,78,89,1,63.3,7.1
2017-04-25 11:40:00,157,64,93,0,59.9,5.87
2017-04-25 11:45:00,172,71,101,0,58.6,6.49
2017-04-25 11:50:00,143,51,92,0,60.7,5.41
2017-04-25 11:55:00,164,69,95,0,56.3,6.22
2017-04-25 12:00:00,167,67,100,0,54.5,7.6
2017-04-25 12:05:00,173,77,94,2,60.1,6.53
2017-04-25 12:10:00,174,65,107,2,57.6,6.67
2017-04-25 12:15:00,180,87,91,2,57.8,6.39
2017-04-25 12:20:00,171,81,90,0,58.8,6.14
2017-04-25 12:25:00,161,70,91,0,59.5,5.83
2017-04-25 12:30:00,150,63,85,2,59.2,5.28
2017-04-25 12:35:00,160,67,93,0,56.9,6.01
2017-04-25 12:40:00,159,59,97,3,57.6,5.64
2017-04-25 12:45:00,166,56,109,1,56.2,6.08
2017-04-25 12:50:00,182,81,100,1,60.7,6.5
2017-04-25 12:55:00,159,57,102,0,62.3,5.28
2017-04-25 13:00:00,170,75,93,2,60.1,6.21
2017-04-25 13:05:00,181,78,102,1,55.3,6.46
2017-04-25 13:10:00,171,68,101,2,58.2,6.45
2017-04-25 13:15:00,174,66,107,1,57.3,6.35
2017-04-25 13:20:00,196,78,117,1,57.0,6.76
2017-04-25 13:25:00,199,72,126,1,55.6,7.03
2017-04-25 13:30:00,210,89,121,0,57.4,7.6
2017-04-25 13:35:00,193,79,113,1,58.4,6.5
2017-04-25 13:40:00,210,93,115,2,56.2,8.04
2017-04-25 13:45:00,192,74,115,3,56.0,6.85
2017-04-25 13:50:00,197,78,118,1,55.4,7.31
2017-04-25 13:55:00,170,54,116,0,54.8,6.32
2017-04-25 14:00:00,176,62,113,1,58.4,6.06
2017-04-25 14:05:00,208,71,137,0,56.0,7.65
2017-04-25 14:10:00,205,78,126,1,56.2,7.15
2017-04-25 14:15:00,202,63,138,1,57.4,6.92
2017-04-25 14:20:00,191,76,114,1,55.0,7.99
2017-04-25 14:25:00,207,74,129,4,52.6,9.16
2017-04-25 14:30:00,192,80,110,2,58.0,6.7
2017-04-25 14:35:00,202,85,116,1,55.7,7.18
2017-04-25 14:40:00,206,80,123,3,56.1,7.59
2017-04-25 14:45:00,195,74,116,5,59.0,6.56
2017-04-25 14:50:00,207,93,114,0,58.3,7.05
2017-04-25 14:55:00,200,94,105,1,58.4,6.77
2017-04-25 15:00:00,181,68,110,3,61.3,6.18
2017-04-25 15:05:00,212,80,132,0,54.5,7.8
2017-04-25 15:10:00,155,70,85,0,57.7,5.23
2017-04-25 15:15:00,178,80,97,1,56.0,6.3
2017-04-25 15:20:00,188,73,114,1,58.1,6.49
2017-04-25 15:25:00,196,90,104,2,58.5,6.64
2017-04-25 15:30:00,205,75,126,4,57.1,7.5
2017-04-25 15:35:00,191,68,120,3,60.2,6.53
2017-04-25 15:40:00,176,76,98,2,59.5,6.28
2017-04-25 15:45:00,193,72,120,1,54.0,7.34
2017-04-25 15:50:00,171,61,109,1,55.8,6.12
2017-04-25 15:55:00,174,74,99,1,54.9,6.24
2017-04-25 16:00:00,173,80,89,4,56.6,6.18
2017-04-25 16:05:00,213,88,123,2,51.9,7.89
2017-04-25 16:10:00,198,84,114,0,55.2,7.08
2017-04-25 16:15:00,159,61,96,2,60.5,5.1
2017-04-25 16:20:00,189,65,123,1,57.3,6.71
2017-04-25 16:25:00,161,69,88,4,56.3,5.62
2017-04-25 16:30:00,180,88,92,0,55.6,6.17
2017-04-25 16:35:00,170,61,109,0,58.8,6.05
2017-04-25 16:40:00,167,73,91,3,56.6,5.92
2017-04-25 16:45:00,206,88,116,2,56.3,6.85
2017-04-25 16:50:00,198,75,122,1,57.4,6.89
2017-04-25 16:55:00,186,75,111,0,57.1,6.2
2017-04-25 17:00:00,184,80,103,1,57.1,6.14
2017-04-25 17:05:00,204,78,124,2,57.8,7.21
2017-04-25 17:10:00,213,85,127,1,56.4,7.76
2017-04-25 17:15:00,193,81,112,0,56.2,6.71
2017-04-25 17:20:00,165,65,99,1,56.2,5.81
2017-04-25 17:25:00,198,88,108,2,56.6,6.84
2017-04-25 17:30:00,180,73,107,0,59.0,6.12
2017-04-25 17:35:00,153,63,90,0,57.2,5.61
2017-04-25 17:40:00,182,75,105,2,56.0,6.39
2017-04-25 17:45:00,189,80,107,2,56.8,6.52
2017-04-25 17:50:00,203,87,115,1,54.4,7.11
2017-04-25 17:55:00,195,74,121,0,56.9,6.51
2017-04-25 18:00:00,183,76,107,0,55.7,6.17
2017-04-25 18:05:00,218,88,130,0,53.3,7.61
2017-04-25 18:10:00,217,73,144,0,56.0,7.35
2017-04-25 18:15:00,231,97,133,1,56.7,7.85
2017-04-25 18:20:00,201,98,103,0,57.4,6.53
2017-04-25 18:25:00,220,101,119,0,55.8,7.46
2017-04-25 18:30:00,215,85,129,1,53.3,7.93
2017-04-25 18:35:00,179,84,92,3,55.0,6.15
2017-04-25 18:40:00,196,92,101,3,53.7,6.92
2017-04-25 18:45:00,194,69,125,0,57.2,6.61
2017-04-25 18:50:00,196,80,115,1,56.7,6.85
2017-04-25 18:55:00,162,82,80,0,57.2,5.55
2017-04-25 19:00:00,178,89,88,1,58.7,5.87
2017-04-25 19:05:00,167,66,100,1,56.6,6.02
2017-04-25 19:10:00,168,65,99,4,55.9,6.76
2017-04-25 19:15:00,162,74,86,2,54.4,6.91
2017-04-25 19:20:00,141,79,62,0,57.5,5.42
2017-04-25 19:25:00,145,100,45,0,55.6,5.68
2017-04-25 19:30:00,142,98,44,0,56.2,5.97
2017-04-25 19:35:00,154,120,33,1,55.2,6.95
2017-04-25 19:40:00,163,120,43,0,54.4,7.66
2017-04-25 19:45:00,131,87,44,0,58.4,5.4
2017-04-25 19:50:00,153,110,42,1,55.9,6.47
2017-04-25 19:55:00,115,89,26,0,56.1,4.64
2017-04-25 20:00:00,132,93,38,1,57.1,5.29
2017-04-25 20:05:00,123,84,38,1,56.2,5.52
2017-04-25 20:10:00,122,94,28,0,54.3,5.54
2017-04-25 20:15:00,134,98,36,0,55.5,5.39
2017-04-25 20:20:00,153,107,46,0,59.6,6.05
2017-04-25 20:25:00,131,91,39,1,57.5,5.45
2017-04-25 20:30:00,139,102,37,0,57.4,5.7
2017-04-25 20:35:00,86,56,30,0,57.0,3.55
2017-04-25 20:40:00,121,87,34,0,57.0,4.96
2017-04-25 20:45:00,132,95,37,0,56.4,5.12
2017-04-25 20:50:00,132,85,47,0,57.9,5.36
2017-04-25 20:55:00,157,112,44,1,55.9,6.73
2017-04-25 21:00:00,126,87,37,2,56.8,5.13
2017-04-25 21:05:00,152,102,50,0,57.9,6.45
2017-04-25 21:10:00,150,100,50,0,54.6,6.62
2017-04-25 21:15:00,144,110,34,0,55.6,5.42
2017-04-25 21:20:00,111,76,35,0,56.5,4.35
2017-04-25 21:25:00,121,84,37,0,58.5,5.21
2017-04-25 21:30:00,138,89,49,0,59.3,5.98
2017-04-25 21:35:00,126,90,36,0,55.8,5.4
2017-04-25 21:40:00,131,87,44,0,58.4,6.02
2017-04-25 21:45:00,127,88,39,0,56.0,5.36
2017-04-25 21:50:00,128,89,38,1,56.7,5.49
2017-04-25 21:55:00,108,75,33,0,57.1,4.28
2017-04-25 22:00:00,120,83,37,0,60.2,5.19
2017-04-25 22:05:00,124,86,38,0,59.5,5.13
2017-04-25 22:10:00,126,77,49,0,60.2,5.56
2017-04-25 22:15:00,134,95,39,0,58.4,5.45
2017-04-25 22:20:00,120,73,47,0,58.0,5.27
2017-04-25 22:25:00,106,72,33,1,56.9,5.52
2017-04-25 22:30:00,100,70,30,0,60.0,3.73
2017-04-25 22:35:00,95,62,33,0,60.5,3.61
2017-04-25 22:40:00,113,71,42,0,59.7,4.64
2017-04-25 22:45:00,75,44,31,0,62.4,3.52
2017-04-25 22:50:00,87,56,31,0,61.2,4.07
2017-04-25 22:55:00,79,53,26,0,57.8,3.53
2017-04-25 23:00:00,85,61,24,0,60.0,3.62
2017-04-25 23:05:00,89,56,33,0,59.2,3.34
2017-04-25 23:10:00,102,66,36,0,61.3,4.25
2017-04-25 23:15:00,118,82,36,0,62.2,4.86
2017-04-25 23:20:00,76,44,32,0,63.9,3.02
2017-04-25 23:25:00,78,50,28,0,62.0,3.15
2017-04-25 23:30:00,62,34,28,0,63.6,2.51
2017-04-25 23:35:00,76,52,24,0,60.5,3.13
2017-04-25 23:40:00,68,37,30,1,65.5,2.56
2017-04-25 23:45:00,68,35,33,0,64.7,2.7
2017-04-25 23:50:00,66,45,21,0,61.0,2.63
2017-04-25 23:55:00,59,40,19,0,61.5,2.23
2017-04-26 00:00:00,36,23,13,0,70.5,1.73
2017-04-26 00:05:00,42,26,16,0,58.0,1.84
2017-04-26 00:10:00,65,42,23,0,62.1,2.48
2017-04-26 00:15:00,55,31,24,0,65.0,2.64
2017-04-26 00:20:00,73,45,28,0,59.9,3.3
2017-04-26 00:25:00,52,33,19,0,63.1,2.25
2017-04-26 00:30:00,41,24,16,1,63.0,1.73
2017-04-26 00:35:00,37,26,10,1,60.9,1.56
2017-04-26 00:40:00,38,22,16,0,59.7,1.65
2017-04-26 00:45:00,40,26,13,1,65.1,1.76
2017-04-26 00:50:00,37,22,15,0,68.1,1.4
2017-04-26 00:55:00,33,20,13,0,56.0,1.45
2017-04-26 01:00:00,38,21,17,0,63.7,1.31
2017-04-26 01:05:00,34,18,16,0,65.4,1.3
2017-04-26 01:10:00,29,16,13,0,64.5,1.27
2017-04-26 01:15:00,25,13,12,0,76.3,0.95
2017-04-26 01:20:00,32,18,13,1,61.0,1.58
2017-04-26 01:25:00,31,14,17,0,55.6,1.56
2017-04-26 01:30:00,27,16,11,0,56.7,1.19
2017-04-26 01:35:00,32,21,11,0,67.5,1.64
2017-04-26 01:40:00,30,15,15,0,58.5,1.38
2017-04-26 01:45:00,34,19,15,0,60.4,1.58
2017-04-26 01:50:00,14,3,10,1,62.6,0.59
2017-04-26 01:55:00,32,17,15,0,53.5,1.53
2017-04-26 02:00:00,21,12,9,0,55.5,1.02
2017-04-26 02:05:00,26,14,11,1,53.4,1.38
2017-04-26 02:10:00,19,12,7,0,52.1,0.99
2017-04-26 02:15:00,14,8,6,0,55.8,0.78
2017-04-26 02:20:00,18,10,8,0,51.9,0.96
2017-04-26 02:25:00,31,17,14,0,54.0,1.55
2017-04-26 02:30:00,26,19,7,0,56.5,1.38
2017-04-26 02:35:00,30,15,15,0,59.0,1.54
2017-04-26 02:40:00,23,11,12,0,59.9,1.28
2017-04-26 02:45:00,24,17,7,0,63.7,1.3
2017-04-26 02:50:00,30,17,13,0,66.3,2.37
2017-04-26 02:55:00,27,12,14,1,53.4,1.24
2017-04-26 03:00:00,19,6,13,0,54.6,1.49
2017-04-26 03:05:00,23,14,9,0,66.7,1.07
2017-04-26 03:10:00,26,13,13,0,49.3,1.33
2017-04-26 03:15:00,26,15,11,0,64.9,1.27
2017-04-26 03:20:00,17,9,8,0,59.4,0.9
2017-04-26 03:25:00,24,10,14,0,71.2,1.16
2017-04-26 03:30:00,18,14,4,0,56.5,0.9
2017-04-26 03:35:00,29,22,7,0,61.9,1.38
2017-04-26 03:40:00,32,19,13,0,49.5,2.2
2017-04-26 03:45:00,28,13,15,0,52.9,1.69
2017-04-26 03:50:00,29,17,11,1,58.4,1.53
2017-04-26 03:55:00,22,11,11,0,69.1,1.1
2017-04-26 04:00:00,33,18,15,0,53.1,2.04
2017-04-26 04:05:00,31,23,8,0,58.9,1.35
2017-04-26 04:10:00,22,9,13,0,62.9,0.96
2017-04-26 04:15:00,37,18,19,0,54.8,1.8
2017-04-26 04:20:00,46,26,20,0,64.7,2.51
2017-04-26 04:25:00,46,27,18,1,58.7,1.97
2017-04-26 04:30:00,49,25,22,2,61.5,2.26
2017-04-26 04:35:00,39,27,11,1,54.2,2.17
2017-04-26 04:40:00,56,42,13,1,54.9,2.46
2017-04-26 04:45:00,54,34,20,0,61.8,2.58
2017-04-26 04:50:00,49,31,18,0,62.9,2.69
2017-04-26 04:55:00,52,36,16,0,64.4,1.89
2017-04-26 05:00:00,62,37,24,1,64.2,2.83
2017-04-26 05:05:00,62,43,19,0,59.7,2.62
2017-04-26 05:10:00,45,30,15,0,63.3,1.89
2017-04-26 05:15:00,75,52,23,0,58.8,3.33
2017-04-26 05:20:00,72,45,26,1,59.4,3.09
2017-04-26 05:25:00,72,50,22,0,61.0,11.43
2017-04-26 05:30:00,104,58,45,1,63.2,4.65
2017-04-26 05:35:00,120,45,74,1,57.3,5.56
2017-04-26 05:40:00,136,58,76,2,55.4,5.56
2017-04-26 05:45:00,114,38,73,3,62.6,5.07
2017-04-26 05:50:00,119,42,77,0,61.4,4.65
2017-04-26 05:55:00,127,45,79,3,58.1,5.36
2017-04-26 06:00:00,130,52,78,0,57.7,5.06
2017-04-26 06:05:00,140,61,77,2,60.2,5.08
2017-04-26 06:10:00,191,86,105,0,62.8,6.87
2017-04-26 06:15:00,177,70,105,2,63.2,5.78
2017-04-26 06:20:00,175,68,106,1,61.6,5.76
2017-04-26 06:25:00,183,69,113,1,63.9,6.39
2017-04-26 06:30:00,191,61,126,4,62.6,6.32
2017-04-26 06:35:00,161,64,97,0,55.7,5.85
2017-04-26 06:40:00,220,68,152,0,57.1,8.7
2017-04-26 06:45:00,213,102,110,1,59.3,7.17
2017-04-26 06:50:00,222,97,125,0,60.9,7.55
2017-04-26 06:55:00,220,87,129,4,56.3,8.66
2017-04-26 07:00:00,220,75,145,0,58.3,7.64
2017-04-26 07:05:00,254,109,143,2,55.6,8.58
2017-04-26 07:10:00,272,114,156,2,54.2,9.46
2017-04-26 07:15:00,274,121,153,0,52.6,10.97
2017-04-26 07:20:00,273,112,160,1,56.4,9.43
2017-04-26 07:25:00,292,114,178,0,55.3,10.18
2017-04-26 07:30:00,298,128,167,3,56.3,10.0
2017-04-26 07:35:00,315,116,199,0,53.7,11.47
2017-04-26 07:40:00,295,116,179,0,53.8,10.71
2017-04-26 07:45:00,300,131,169,0,46.7,16.94
2017-04-26 07:50:00,272,109,160,3,45.6,12.87
2017-04-26 07:55:00,266,122,143,1,52.2,9.87
2017-04-26 08:00:00,299,144,155,0,53.0,11.3
2017-04-26 08:05:00,300,135,164,1,46.3,21.03
2017-04-26 08:10:00,305,130,172,3,51.5,10.91
2017-04-26 08:15:00,293,130,162,1,53.1,10.6
2017-04-26 08:20:00,308,160,146,2,50.9,12.14
2017-04-26 08:25:00,300,160,138,2,52.2,12.51
2017-04-26 08:30:00,273,142,128,3,52.8,9.77
2017-04-26 08:35:00,277,118,157,2,55.8,9.69
2017-04-26 08:40:00,263,117,146,0,57.0,9.33
2017-04-26 08:45:00,252,114,137,1,55.0,9.51
2017-04-26 08:50:00,229,109,119,1,56.7,7.87
2017-04-26 08:55:00,269,118,149,2,58.8,9.25
2017-04-26 09:00:00,227,95,132,0,57.4,7.98
2017-04-26 09:05:00,238,84,152,2,55.7,8.51
2017-04-26 09:10:00,239,99,139,1,54.3,9.67
2017-04-26 09:15:00,238,99,136,3,55.5,9.01
2017-04-26 09:20:00,238,114,123,1,54.6,9.31
2017-04-26 09:25:00,209,108,99,2,55.9,7.87
2017-04-26 09:30:00,246,108,137,1,58.7,8.93
2017-04-26 09:35:00,226,117,108,1,57.3,8.74
2017-04-26 09:40:00,221,97,121,3,58.9,7.72
2017-04-26 09:45:00,233,95,137,1,54.3,8.68
2017-04-26 09:50:00,199,84,113,2,55.7,7.21
2017-04-26 09:55:00,205,97,105,3,55.7,8.39
2017-04-26 10:00:00,218,107,108,3,54.2,8.2
2017-04-26 10:05:00,194,87,102,5,46.9,15.89
2017-04-26 10:10:00,221,94,127,0,56.5,8.96
2017-04-26 10:15:00,157,75,77,5,57.3,20.39
2017-04-26 10:20:00,200,85,114,1,58.0,7.81
2017-04-26 10:25:00,189,89,97,3,57.1,6.93
2017-04-26 10:30:00,184,85,99,0,55.9,7.25
2017-04-26 10:35:00,162,81,81,0,56.4,6.32
2017-04-26 10:40:00,168,87,79,2,59.1,6.33
2017-04-26 10:45:00,209,105,101,3,58.1,11.22
2017-04-26 10:50:00,163,82,79,2,56.2,8.06
2017-04-26 10:55:00,170,69,100,1,57.5,11.81
2017-04-26 11:00:00,178,102,75,1,59.8,7.84
2017-04-26 11:05:00,162,67,92,3,56.6,8.05
2017-04-26 11:10:00,165,65,95,5,55.3,10.15
2017-04-26 11:15:00,147,74,70,3,59.1,9.41
2017-04-26 11:20:00,137,62,74,1,57.5,7.39
2017-04-26 11:25:00,183,93,88,2,58.1,8.0
2017-04-26 11:30:00,162,77,82,3,56.5,7.41
2017-04-26 11:35:00,185,79,103,3,59.8,9.42
2017-04-26 11:40:00,171,73,97,1,56.5,10.71
2017-04-26 11:45:00,165,69,94,2,58.9,9.84
2017-04-26 11:50:00,156,59,96,1,59.2,6.7
2017-04-26 11:55:00,148,64,84,0,61.8,5.72
2017-04-26 12:00:00,166,61,102,3,54.7,8.74
2017-04-26 12:05:00,176,77,95,4,57.4,7.51
2017-04-26 12:10:00,171,79,92,0,55.1,8.28
2017-04-26 12:15:00,171,72,99,0,58.9,7.51
2017-04-26 12:20:00,159,64,94,1,59.2,6.3
2017-04-26 12:25:00,181,77,99,5,55.9,7.58
2017-04-26 12:30:00,150,58,90,2,57.3,7.7
2017-04-26 12:35:00,136,51,83,2,62.3,5.71
2017-04-26 12:40:00,147,57,90,0,57.9,7.04
2017-04-26 12:45:00,175,75,99,1,56.4,8.2
2017-04-26 12:50:00,168,75,89,4,58.6,9.26
2017-04-26 12:55:00,165,71,93,1,61.1,6.67
2017-04-26 13:00:00,181,90,87,4,59.8,7.18
2017-04-26 13:05:00,162,73,88,1,58.1,5.79
2017-04-26 13:10:00,188,81,105,2,55.0,7.36
2017-04-26 13:15:00,159,53,105,1,58.0,6.08
2017-04-26 13:20:00,189,63,126,0,56.0,7.18
2017-04-26 13:25:00,197,78,119,0,57.3,7.27
2017-04-26 13:30:00,226,89,137,0,56.7,8.45
2017-04-26 13:35:00,226,89,134,3,55.9,9.29
2017-04-26 13:40:00,215,83,130,2,54.8,9.18
2017-04-26 13:45:00,197,76,118,3,56.8,8.99
2017-04-26 13:50:00,205,88,117,0,58.1,7.65
2017-04-26 13:55:00,181,71,109,1,57.5,6.94
2017-04-26 14:00:00,198,80,114,4,57.3,8.25
2017-04-26 14:05:00,199,87,108,4,55.5,8.69
2017-04-26 14:10:00,198,76,121,1,56.9,8.44
2017-04-26 14:15:00,195,91,104,0,58.2,7.68
2017-04-26 14:20:00,211,88,122,1,56.5,7.57
2017-04-26 14:25:00,208,75,132,1,58.6,7.44
2017-04-26 14:30:00,188,69,117,2,54.3,7.17
2017-04-26 14:35:00,199,91,106,2,56.3,7.44
2017-04-26 14:40:00,202,73,128,1,55.1,7.74
2017-04-26 14:45:00,211,83,127,1,55.9,7.59
2017-04-26 14:50:00,111,35,76,0,53.5,5.61
2017-04-26 14:55:00,209,97,111,1,57.9,7.84
2017-04-26 15:00:00,216,92,119,5,52.3,8.5
2017-04-26 15:05:00,199,96,100,3,58.0,7.03
2017-04-26 15:10:00,185,75,109,1,54.9,6.69
2017-04-26 15:15:00,189,85,104,0,58.2,6.95
2017-04-26 15:20:00,201,85,115,1,54.7,7.41
2017-04-26 15:25:00,190,92,97,1,55.9,6.68
2017-04-26 15:30:00,190,93,96,1,58.2,6.7
2017-04-26 15:35:00,202,93,107,2,59.0,7.11
2017-04-26 15:40:00,197,107,87,3,57.7,6.54
2017-04-26 15:45:00,190,90,97,3,55.6,7.14
2017-04-26 15:50:00,187,103,84,0,56.1,6.29
2017-04-26 15:55:00,179,84,94,1,56.0,6.2
2017-04-26 16:00:00,168,91,77,0,55.3,5.86
2017-04-26 16:05:00,209,101,108,0,56.8,7.03
2017-04-26 16:10:00,185,72,112,1,57.3,6.26
2017-04-26 16:15:00,224,119,104,1,56.4,7.61
2017-04-26 16:20:00,210,114,96,0,58.1,7.14
2017-04-26 16:25:00,198,108,89,1,53.1,6.85
2017-04-26 16:30:00,198,98,100,0,53.9,7.93
2017-04-26 16:35:00,185,103,80,2,53.6,8.89
2017-04-26 16:40:00,190,99,90,1,55.0,6.63
2017-04-26 16:45:00,202,101,100,1,56.1,6.96
2017-04-26 16:50:00,208,108,98,2,53.8,7.37
2017-04-26 16:55:00,211,108,103,0,57.0,6.94
2017-04-26 17:00:00,210,102,107,1,55.3,7.34
2017-04-26 17:05:00,197,84,111,2,55.4,6.95
2017-04-26 17:10:00,197,97,99,1,54.4,6.92
2017-04-26 17:15:00,197,84,113,0,55.0,6.8
2017-04-26 17:20:00,185,93,90,2,55.6,6.7
2017-04-26 17:25:00,176,77,99,0,55.8,6.06
2017-04-26 17:30:00,196,93,100,3,56.5,6.62
2017-04-26 17:35:00,186,83,101,2,57.1,6.76
2017-04-26 17:40:00,196,99,97,0,58.2,6.61
2017-04-26 17:45:00,205,104,101,0,55.1,6.98
2017-04-26 17:50:00,193,88,103,2,56.5,6.55
2017-04-26 17:55:00,167,76,90,1,55.9,5.54
2017-04-26 18:00:00,181,81,100,0,54.8,6.46
2017-04-26 18:05:00,115,50,65,0,60.1,12.9
2017-04-26 18:10:00,204,81,122,1,56.5,6.72
2017-04-26 18:15:00,220,87,133,0,59.2,7.37
2017-04-26 18:20:00,238,105,133,0,56.3,8.17
2017-04-26 18:25:00,220,95,124,1,54.2,7.62
2017-04-26 18:30:00,205,96,109,0,56.2,6.86
2017-04-26 18:35:00,198,75,121,2,58.2,6.48
2017-04-26 18:40:00,172,72,100,0,56.5,5.92
2017-04-26 18:45:00,184,64,116,4,58.6,6.33
2017-04-26 18:50:00,197,84,113,0,56.3,6.72
2017-04-26 18:55:00,195,91,102,2,57.8,6.56
2017-04-26 19:00:00,185,78,105,2,54.8,8.23
2017-04-26 19:05:00,192,86,104,2,56.3,6.86
2017-04-26 19:10:00,160,72,85,3,56.0,5.91
2017-04-26 19:15:00,154,78,75,1,54.2,5.94
2017-04-26 19:20:00,174,94,79,1,57.1,6.58
2017-04-26 19:25:00,174,112,61,1,55.8,7.61
2017-04-26 19:30:00,180,146,33,1,54.0,6.88
2017-04-26 19:35:00,151,109,41,1,53.6,6.26
2017-04-26 19:40:00,165,122,43,0,54.5,6.67
2017-04-26 19:45:00,173,126,47,0,54.0,7.28
2017-04-26 19:50:00,146,99,47,0,55.8,6.11
2017-04-26 19:55:00,137,101,36,0,54.2,5.58
2017-04-26 20:00:00,130,91,39,0,55.1,5.28
2017-04-26 20:05:00,141,92,49,0,58.4,6.59
2017-04-26 20:10:00,123,94,28,1,57.1,5.76
2017-04-26 20:15:00,150,113,36,1,54.2,6.44
2017-04-26 20:20:00,149,101,48,0,54.9,6.42
2017-04-26 20:25:00,163,124,37,2,54.9,6.52
2017-04-26 20:30:00,119,92,27,0,57.6,4.88
2017-04-26 20:35:00,118,82,36,0,53.9,4.96
2017-04-26 20:40:00,147,113,34,0,54.7,6.69
2017-04-26 20:45:00,154,120,33,1,53.1,6.37
2017-04-26 20:50:00,142,108,34,0,55.8,5.79
2017-04-26 20:55:00,155,111,44,0,55.1,7.0
2017-04-26 21:00:00,137,104,32,1,56.4,5.31
2017-04-26 21:05:00,136,99,37,0,57.9,5.56
2017-04-26 21:10:00,148,114,34,0,56.4,5.81
2017-04-26 21:15:00,146,109,37,0,56.2,7.18
2017-04-26 21:20:00,141,100,41,0,55.7,6.38
2017-04-26 21:25:00,159,107,51,1,55.1,6.71
2017-04-26 21:30:00,149,112,37,0,54.0,6.42
2017-04-26 21:35:00,136,98,38,0,60.8,5.18
2017-04-26 21:40:00,137,96,41,0,58.2,5.59
2017-04-26 21:45:00,137,93,44,0,57.4,6.24
2017-04-26 21:50:00,135,100,35,0,58.5,5.34
2017-04-26 21:55:00,125,86,39,0,59.0,5.16
2017-04-26 22:00:00,144,111,33,0,59.8,6.03
2017-04-26 22:05:00,146,99,47,0,59.1,5.55
2017-04-26 22:10:00,147,102,45,0,61.1,6.13
2017-04-26 22:15:00,137,91,45,1,57.6,5.88
2017-04-26 22:20:00,134,103,31,0,57.9,5.18
2017-04-26 22:25:00,140,107,32,1,56.3,6.13
2017-04-26 22:30:00,122,83,38,1,59.7,4.77
2017-04-26 22:35:00,86,57,29,0,59.4,3.42
2017-04-26 22:40:00,102,64,38,0,63.1,4.31
2017-04-26 22:45:00,85,52,32,1,62.5,3.08
2017-04-26 22:50:00,81,57,24,0,60.9,3.09
2017-04-26 22:55:00,100,69,30,1,61.8,4.03
2017-04-26 23:00:00,93,63,30,0,65.3,3.73
2017-04-26 23:05:00,93,63,30,0,57.4,3.7
2017-04-26 23:10:00,93,61,30,2,59.0,3.79
2017-04-26 23:15:00,114,71,43,0,62.3,4.6
2017-04-26 23:20:00,82,56,26,0,64.7,3.23
2017-04-26 23:25:00,66,42,24,0,62.2,2.73
2017-04-26 23:30:00,64,37,27,0,65.0,2.61
2017-04-26 23:35:00,68,36,31,1,64.7,2.71
2017-04-26 23:40:00,76,53,22,1,57.4,3.0
2017-04-26 23:45:00,76,41,35,0,67.4,2.67
2017-04-26 23:50:00,64,43,21,0,66.3,2.54
2017-04-26 23:55:00,71,46,25,0,63.1,2.62
2017-04-27 00:00:00,54,30,24,0,66.8,2.02
2017-04-27 00:05:00,40,21,19,0,70.2,1.49
2017-04-27 00:10:00,58,40,18,0,63.2,2.36
2017-04-27 00:15:00,59,42,17,0,65.2,2.66
2017-04-27 00:20:00,58,38,20,0,66.4,2.2
2017-04-27 00:25:00,58,30,27,1,67.6,2.1
2017-04-27 00:30:00,45,27,17,1,62.2,1.7
2017-04-27 00:35:00,35,18,17,0,65.7,1.32
2017-04-27 00:40:00,37,22,14,1,76.6,1.48
2017-04-27 00:45:00,48,26,22,0,59.5,1.83
2017-04-27 00:50:00,46,24,22,0,67.5,1.84
2017-04-27 00:55:00,49,34,15,0,68.5,1.98
2017-04-27 01:00:00,44,27,17,0,64.9,1.54
2017-04-27 01:05:00,36,23,12,1,65.7,1.45
2017-04-27 01:10:00,33,18,15,0,65.2,1.26
2017-04-27 01:15:00,27,15,11,1,69.7,1.02
2017-04-27 01:20:00,36,20,16,0,53.0,1.42
2017-04-27 01:25:00,27,21,6,0,66.8,4.6
2017-04-27 01:30:00,37,25,12,0,64.3,1.29
2017-04-27 01:35:00,33,20,13,0,64.9,1.24
2017-04-27 01:40:00,28,16,12,0,62.1,1.07
2017-04-27 01:45:00,21,10,11,0,72.1,0.79
2017-04-27 01:50:00,30,22,8,0,64.8,1.29
2017-04-27 01:55:00,29,22,7,0,56.1,1.04
2017-04-27 02:00:00,31,24,7,0,67.6,1.16
2017-04-27 02:05:00,29,17,11,1,68.7,1.27
2017-04-27 02:10:00,38,24,14,0,69.0,1.35
2017-04-27 02:15:00,26,17,9,0,61.5,0.92
2017-04-27 02:20:00,34,17,17,0,65.9,1.33
2017-04-27 02:25:00,24,13,11,0,63.5,0.92
2017-04-27 02:30:00,29,22,7,0,66.7,1.03
2017-04-27 02:35:00,20,10,10,0,67.1,0.74
2017-04-27 02:40:00,28,15,13,0,61.5,1.1
2017-04-27 02:45:00,22,15,7,0,68.8,0.74
2017-04-27 02:50:00,28,14,14,0,59.3,1.11
2017-04-27 02:55:00,22,10,12,0,59.9,0.95
2017-04-27 03:00:00,15,9,6,0,61.0,0.58
2017-04-27 03:05:00,21,12,9,0,66.0,0.93
2017-04-27 03:10:00,27,21,6,0,67.3,0.91
2017-04-27 03:15:00,37,24,13,0,63.6,1.56
2017-04-27 03:20:00,15,7,8,0,49.0,0.72
2017-04-27 03:25:00,26,14,12,0,70.6,0.99
2017-04-27 03:30:00,22,10,12,0,61.1,0.95
2017-04-27 03:35:00,26,15,9,2,62.7,1.15
2017-04-27 03:40:00,32,21,11,0,64.8,1.28
2017-04-27 03:45:00,30,14,16,0,64.5,1.22
2017-04-27 03:50:00,44,31,13,0,60.3,1.88
2017-04-27 03:55:00,26,17,9,0,60.8,0.88
2017-04-27 04:00:00,33,18,15,0,64.8,1.4
2017-04-27 04:05:00,37,26,10,1,68.6,1.38
2017-04-27 04:10:00,36,27,9,0,71.3,1.2
2017-04-27 04:15:00,46,34,11,1,69.9,1.62
2017-04-27 04:20:00,41,24,17,0,67.5,1.52
2017-04-27 04:25:00,55,36,19,0,62.8,2.36
2017-04-27 04:30:00,51,35,15,1,63.0,2.08
2017-04-27 04:35:00,33,23,10,0,67.3,1.26
2017-04-27 04:40:00,39,22,16,1,61.8,1.7
2017-04-27 04:45:00,38,24,14,0,60.2,1.66
2017-04-27 04:50:00,48,29,19,0,62.3,2.03
2017-04-27 04:55:00,48,35,13,0,65.2,1.92
2017-04-27 05:00:00,66,44,22,0,61.5,2.73
2017-04-27 05:05:00,61,35,26,0,60.0,2.53
2017-04-27 05:10:00,65,41,23,1,64.8,2.33
2017-04-27 05:15:00,49,32,17,0,65.2,1.83
2017-04-27 05:20:00,73,48,25,0,58.8,3.35
2017-04-27 05:25:00,75,50,23,2,62.9,3.26
2017-04-27 05:30:00,87,38,48,1,67.4,3.68
2017-04-27 05:35:00,139,59,78,2,59.1,6.31
2017-04-27 05:40:00,137,62,74,1,59.9,5.48
2017-04-27 05:45:00,118,47,68,3,64.4,4.12
2017-04-27 05:50:00,119,47,70,2,64.8,4.06
2017-04-27 05:55:00,125,55,68,2,64.8,4.23
2017-04-27 06:00:00,153,63,89,1,60.9,5.42
2017-04-27 06:05:00,139,61,73,5,58.9,5.49
2017-04-27 06:10:00,196,87,107,2,61.0,6.57
2017-04-27 06:15:00,186,76,107,3,63.4,6.22
2017-04-27 06:20:00,174,65,105,4,59.8,6.2
2017-04-27 06:25:00,175,91,84,0,59.8,5.98
2017-04-27 06:30:00,184,86,95,3,57.0,6.57
2017-04-27 06:35:00,201,87,111,3,55.2,7.97
2017-04-27 06:40:00,194,99,93,2,57.2,6.94
2017-04-27 06:45:00,239,123,113,3,59.4,8.23
2017-04-27 06:50:00,220,94,124,2,53.9,8.71
2017-04-27 06:55:00,236,131,103,2,57.2,11.08
2017-04-27 07:00:00,262,129,124,9,58.5,9.72
2017-04-27 07:05:00,264,132,120,12,54.7,12.95
2017-04-27 07:10:00,291,171,117,3,54.3,11.11
2017-04-27 07:15:00,289,177,107,5,55.3,10.45
2017-04-27 07:20:00,266,155,106,5,56.9,10.16
2017-04-27 07:25:00,358,190,165,3,50.0,15.06
2017-04-27 07:30:00,345,207,128,10,50.5,15.7
2017-04-27 07:35:00,334,195,135,4,53.6,15.82
2017-04-27 07:40:00,329,174,152,3,51.4,21.53
2017-04-27 07:45:00,318,170,142,6,47.1,19.82
2017-04-27 07:50:00,306,159,142,5,46.1,20.64
2017-04-27 07:55:00,299,178,118,3,41.7,36.35
2017-04-27 08:00:00,269,154,111,4,39.3,34.26
2017-04-27 08:05:00,318,150,166,2,44.0,18.79
2017-04-27 08:10:00,308,165,140,3,48.0,20.44
2017-04-27 08:15:00,345,199,145,1,44.4,21.76
2017-04-27 08:20:00,231,138,93,0,42.6,42.33
2017-04-27 08:25:00,239,119,113,7,35.8,49.05
2017-04-27 08:30:00,252,132,108,12,37.3,40.62
2017-04-27 08:35:00,283,141,127,15,38.0,43.49
2017-04-27 08:40:00,239,122,105,12,42.3,33.21
2017-04-27 08:45:00,161,84,70,7,41.3,57.47
2017-04-27 08:50:00,172,86,85,1,55.4,26.25
2017-04-27 08:55:00,191,100,86,5,57.7,25.1
2017-04-27 09:00:00,231,117,108,6,56.7,14.06
2017-04-27 09:05:00,171,97,69,5,58.3,15.19
2017-04-27 09:10:00,185,96,80,9,54.4,13.27
2017-04-27 09:15:00,179,95,78,6,55.2,14.81
2017-04-27 09:20:00,180,100,75,5,55.9,21.22
2017-04-27 09:25:00,209,98,108,3,55.5,12.07
2017-04-27 09:30:00,210,120,83,7,56.1,14.64
2017-04-27 09:35:00,182,93,86,3,52.9,16.97
2017-04-27 09:40:00,212,112,100,0,56.1,22.81
2017-04-27 09:45:00,199,93,105,1,54.2,22.01
2017-04-27 09:50:00,180,96,80,4,57.5,16.16
2017-04-27 09:55:00,185,95,84,6,57.8,12.93
2017-04-27 10:00:00,140,72,66,2,54.5,21.97
2017-04-27 10:05:00,133,65,65,3,59.1,30.02
2017-04-27 10:10:00,175,89,82,4,56.3,13.86
2017-04-27 10:15:00,172,86,83,3,59.2,18.07
2017-04-27 10:20:00,172,86,81,5,59.8,21.14
2017-04-27 10:25:00,190,94,93,3,56.0,8.99
2017-04-27 10:30:00,179,85,91,3,54.0,12.79
2017-04-27 10:35:00,131,73,57,1,58.0,12.86
2017-04-27 10:40:00,180,92,85,3,55.1,13.66
2017-04-27 10:45:00,158,86,70,2,62.0,7.41
2017-04-27 10:50:00,134,62,71,1,57.3,40.34
2017-04-27 10:55:00,186,85,99,2,60.4,8.53
2017-04-27 11:00:00,157,86,70,1,59.5,8.51
2017-04-27 11:05:00,183,94,88,1,56.1,9.98
2017-04-27 11:10:00,157,91,60,6,58.3,12.69
2017-04-27 11:15:00,127,60,66,1,57.7,20.67
2017-04-27 11:20:00,123,51,70,2,60.1,9.2
2017-04-27 11:25:00,162,80,77,5,58.7,11.35
2017-04-27 11:30:00,135,63,67,5,56.7,25.55
2017-04-27 11:35:00,139,71,66,2,60.3,24.05
2017-04-27 11:40:00,148,65,78,5,61.2,12.73
2017-04-27 11:45:00,153,68,80,5,59.7,9.08
2017-04-27 11:50:00,180,83,94,3,57.9,10.04
2017-04-27 11:55:00,141,63,78,0,61.7,7.81
2017-04-27 12:00:00,133,62,69,2,59.3,6.67
2017-04-27 12:05:00,134,55,78,1,61.7,16.46
2017-04-27 12:10:00,162,68,91,3,57.1,11.36
2017-04-27 12:15:00,155,70,85,0,59.2,9.66
2017-04-27 12:20:00,184,80,102,2,57.7,21.61
2017-04-27 12:25:00,169,81,86,2,57.3,16.2
2017-04-27 12:30:00,124,51,72,1,56.5,26.04
2017-04-27 12:35:00,169,69,97,3,57.9,7.93
2017-04-27 12:40:00,159,57,99,3,57.2,12.11
2017-04-27 12:45:00,174,62,111,1,57.1,9.02
2017-04-27 12:50:00,183,70,109,4,58.5,11.03
2017-04-27 12:55:00,195,75,117,3,59.1,7.7
2017-04-27 13:00:00,187,70,115,2,57.9,6.84
2017-04-27 13:05:00,181,67,114,0,55.7,6.54
2017-04-27 13:10:00,163,70,93,0,58.8,6.83
2017-04-27 13:15:00,187,83,101,3,57.4,9.96
2017-04-27 13:20:00,166,59,105,2,59.8,7.05
2017-04-27 13:25:00,196,86,106,4,58.0,8.45
2017-04-27 13:30:00,225,90,133,2,58.1,9.79
2017-04-27 13:35:00,208,77,131,0,53.9,9.28
2017-04-27 13:40:00,210,85,120,5,57.0,8.9
2017-04-27 13:45:00,196,72,120,4,57.4,8.9
2017-04-27 13:50:00,159,66,93,0,56.1,12.77
2017-04-27 13:55:00,165,63,101,1,57.4,7.92
2017-04-27 14:00:00,184,62,118,4,56.9,12.8
2017-04-27 14:05:00,215,93,122,0,53.9,9.0
2017-04-27 14:10:00,201,65,134,2,57.1,8.19
2017-04-27 14:15:00,217,66,150,1,56.6,8.81
2017-04-27 14:20:00,191,66,124,1,60.3,7.01
2017-04-27 14:25:00,185,74,111,0,57.3,6.65
2017-04-27 14:30:00,190,83,107,0,56.5,6.8
2017-04-27 14:35:00,209,70,139,0,54.0,8.25
2017-04-27 14:40:00,176,60,114,2,60.7,12.15
2017-04-27 14:45:00,192,81,111,0,58.1,6.36
2017-04-27 14:50:00,178,68,110,0,55.0,15.01
2017-04-27 14:55:00,195,95,98,2,60.1,9.08
2017-04-27 15:00:00,189,81,108,0,55.0,6.89
2017-04-27 15:05:00,201,81,119,1,56.7,9.68
2017-04-27 15:10:00,178,64,113,1,55.8,6.51
2017-04-27 15:15:00,191,67,123,1,55.3,7.04
2017-04-27 15:20:00,149,74,73,2,57.0,5.82
2017-04-27 15:25:00,192,94,98,0,57.5,6.82
2017-04-27 15:30:00,195,84,105,6,58.3,6.81
2017-04-27 15:35:00,196,107,87,2,60.8,6.43
2017-04-27 15:40:00,191,100,89,2,55.1,6.34
2017-04-27 15:45:00,193,83,105,5,54.0,6.86
2017-04-27 15:50:00,147,76,71,0,58.5,4.8
2017-04-27 15:55:00,186,103,82,1,54.6,6.8
2017-04-27 16:00:00,146,79,67,0,57.7,4.99
2017-04-27 16:05:00,194,105,86,3,52.8,7.37
2017-04-27 16:10:00,181,97,79,5,56.9,6.01
2017-04-27 16:15:00,184,109,73,2,60.0,6.45
2017-04-27 16:20:00,226,122,103,1,55.1,7.85
2017-04-27 16:25:00,199,127,71,1,55.2,8.08
2017-04-27 16:30:00,199,103,95,1,55.1,7.47
2017-04-27 16:35:00,167,77,89,1,55.6,9.15
2017-04-27 16:40:00,198,124,74,0,56.1,6.62
2017-04-27 16:45:00,188,96,90,2,54.3,9.81
2017-04-27 16:50:00,200,117,83,0,54.8,7.08
2017-04-27 16:55:00,193,116,76,1,58.2,6.45
2017-04-27 17:00:00,198,115,83,0,55.8,6.73
2017-04-27 17:05:00,209,118,91,0,54.1,7.29
2017-04-27 17:10:00,194,119,75,0,55.8,6.59
2017-04-27 17:15:00,182,105,74,3,56.6,7.12
2017-04-27 17:20:00,189,105,82,2,56.3,6.78
2017-04-27 17:25:00,207,108,98,1,52.3,7.92
2017-04-27 17:30:00,194,105,89,0,56.3,6.53
2017-04-27 17:35:00,203,114,87,2,55.1,7.18
2017-04-27 17:40:00,204,117,86,1,58.7,6.54
2017-04-27 17:45:00,203,104,97,2,57.2,6.88
2017-04-27 17:50:00,186,95,91,0,56.6,6.12
2017-04-27 17:55:00,193,104,88,1,56.9,6.59
2017-04-27 18:00:00,174,94,80,0,55.8,6.18
2017-04-27 18:05:00,200,91,106,3,54.0,7.93
2017-04-27 18:10:00,216,90,125,1,54.3,10.73
2017-04-27 18:15:00,230,120,108,2,53.5,12.15
2017-04-27 18:20:00,220,101,118,1,56.8,10.94
2017-04-27 18:25:00,207,89,118,0,56.1,7.41
2017-04-27 18:30:00,214,96,116,2,54.7,7.21
2017-04-27 18:35:00,183,80,103,0,55.4,6.42
2017-04-27 18:40:00,190,83,107,0,57.0,6.18
2017-04-27 18:45:00,195,90,105,0,58.0,6.58
2017-04-27 18:50:00,200,75,123,2,57.6,6.86
2017-04-27 18:55:00,192,89,102,1,58.8,6.37
2017-04-27 19:00:00,195,85,109,1,57.7,6.21
2017-04-27 19:05:00,215,87,126,2,55.2,7.46
2017-04-27 19:10:00,192,80,111,1,55.7,6.97
2017-04-27 19:15:00,168,81,86,1,57.0,5.79
2017-04-27 19:20:00,177,86,91,0,54.5,7.11
2017-04-27 19:25:00,141,93,48,0,60.8,4.98
2017-04-27 19:30:00,189,150,37,2,55.7,6.94
2017-04-27 19:35:00,168,127,41,0,55.9,6.89
2017-04-27 19:40:00,164,126,38,0,55.7,6.53
2017-04-27 19:45:00,128,92,36,0,56.4,5.35
2017-04-27 19:50:00,157,115,42,0,58.4,6.67
2017-04-27 19:55:00,154,115,39,0,55.2,6.65
2017-04-27 20:00:00,127,95,32,0,52.9,6.22
2017-04-27 20:05:00,140,106,33,1,52.4,6.26
2017-04-27 20:10:00,151,110,41,0,56.3,6.5
2017-04-27 20:15:00,146,101,44,1,58.3,5.85
2017-04-27 20:20:00,155,118,35,2,55.8,6.12
2017-04-27 20:25:00,143,94,49,0,54.7,7.05
2017-04-27 20:30:00,132,104,28,0,62.9,5.08
2017-04-27 20:35:00,137,104,33,0,60.2,6.41
2017-04-27 20:40:00,140,107,33,0,56.6,7.24
2017-04-27 20:45:00,124,86,38,0,61.5,5.7
2017-04-27 20:50:00,156,119,36,1,56.5,5.93
2017-04-27 20:55:00,145,110,35,0,57.1,5.87
2017-04-27 21:00:00,115,79,36,0,61.9,4.73
2017-04-27 21:05:00,133,100,31,2,54.9,6.16
2017-04-27 21:10:00,131,97,33,1,58.4,5.77
2017-04-27 21:15:00,154,120,33,1,55.2,6.49
2017-04-27 21:20:00,148,114,33,1,59.0,6.54
2017-04-27 21:25:00,134,94,40,0,57.4,6.19
2017-04-27 21:30:00,166,115,51,0,52.9,8.19
2017-04-27 21:35:00,121,89,32,0,56.6,4.35
2017-04-27 21:40:00,109,74,35,0,57.0,4.64
2017-04-27 21:45:00,114,75,39,0,55.9,5.24
2017-04-27 21:50:00,142,95,47,0,60.0,5.6
2017-04-27 21:55:00,118,92,26,0,56.4,8.23
2017-04-27 22:00:00,129,88,41,0,57.1,5.29
2017-04-27 22:05:00,132,89,42,1,59.5,4.98
2017-04-27 22:10:00,119,79,39,1,59.8,5.01
2017-04-27 22:15:00,133,97,36,0,57.2,5.56
2017-04-27 22:20:00,126,89,37,0,61.0,4.66
2017-04-27 22:25:00,112,61,51,0,58.1,5.02
2017-04-27 22:30:00,112,83,29,0,57.3,4.5
2017-04-27 22:35:00,111,69,42,0,61.7,4.3
2017-04-27 22:40:00,78,44,34,0,57.9,3.33
2017-04-27 22:45:00,104,72,32,0,61.2,7.58
2017-04-27 22:50:00,94,67,27,0,59.9,3.9
2017-04-27 22:55:00,80,57,23,0,60.0,3.15
2017-04-27 23:00:00,104,69,34,1,59.8,4.69
2017-04-27 23:05:00,94,69,25,0,59.4,4.05
2017-04-27 23:10:00,125,88,37,0,59.6,5.4
2017-04-27 23:15:00,85,56,29,0,68.1,3.36
2017-04-27 23:20:00,88,60,28,0,58.5,3.53
2017-04-27 23:25:00,84,50,34,0,62.0,3.41
2017-04-27 23:30:00,73,43,30,0,70.0,2.77
2017-04-27 23:35:00,57,28,29,0,64.1,2.15
2017-04-27 23:40:00,86,50,36,0,59.0,3.54
2017-04-27 23:45:00,84,62,21,1,61.3,2.84
2017-04-27 23:50:00,66,40,26,0,63.8,2.4
2017-04-27 23:55:00,60,29,31,0,65.8,4.68
2017-04-28 00:00:00,46,25,21,0,63.1,1.74
2017-04-28 00:05:00,42,24,18,0,63.4,1.47
2017-04-28 00:10:00,63,39,23,1,59.0,2.51
2017-04-28 00:15:00,74,47,27,0,63.9,2.97
2017-04-28 00:20:00,53,30,23,0,62.7,2.34
2017-04-28 00:25:00,63,42,21,0,61.0,2.34
2017-04-28 00:30:00,43,23,20,0,65.6,1.94
2017-04-28 00:35:00,48,29,19,0,69.5,2.0
2017-04-28 00:40:00,50,38,12,0,63.5,1.55
2017-04-28 00:45:00,28,15,13,0,65.1,1.05
2017-04-28 00:50:00,49,29,20,0,64.3,1.77
2017-04-28 00:55:00,50,30,20,0,67.2,1.62
2017-04-28 01:00:00,41,23,18,0,64.3,1.65
2017-04-28 01:05:00,49,32,17,0,59.1,2.03
2017-04-28 01:10:00,41,23,18,0,66.0,1.61
2017-04-28 01:15:00,30,19,11,0,64.6,1.43
2017-04-28 01:20:00,31,24,7,0,58.6,1.66
2017-04-28 01:25:00,32,19,13,0,62.8,1.14
2017-04-28 01:30:00,38,30,8,0,62.7,1.37
2017-04-28 01:35:00,40,27,13,0,59.8,1.45
2017-04-28 01:40:00,27,13,14,0,61.5,1.14
2017-04-28 01:45:00,29,18,11,0,65.2,1.12
2017-04-28 01:50:00,31,26,5,0,63.2,1.11
2017-04-28 01:55:00,29,18,11,0,66.0,1.16
2017-04-28 02:00:00,21,17,4,0,63.1,0.85
2017-04-28 02:05:00,28,16,12,0,66.5,1.06
2017-04-28 02:10:00,28,18,10,0,67.5,0.87
2017-04-28 02:15:00,28,21,7,0,60.5,1.04
2017-04-28 02:20:00,23,10,13,0,63.5,1.01
2017-04-28 02:25:00,26,18,8,0,65.5,0.91
2017-04-28 02:30:00,20,16,4,0,60.5,0.74
2017-04-28 02:35:00,23,17,6,0,65.2,0.79
2017-04-28 02:40:00,29,17,12,0,61.7,1.27
2017-04-28 02:45:00,18,9,9,0,65.1,0.7
2017-04-28 02:50:00,28,19,9,0,71.1,1.33
2017-04-28 02:55:00,25,18,7,0,62.6,0.9
2017-04-28 03:00:00,24,17,7,0,72.3,0.81
2017-04-28 03:05:00,26,17,9,0,66.8,1.07
2017-04-28 03:10:00,28,19,9,0,57.8,1.23
2017-04-28 03:15:00,22,11,10,1,60.6,0.96
2017-04-28 03:20:00,11,2,9,0,62.3,0.57
2017-04-28 03:25:00,18,14,4,0,67.7,0.67
2017-04-28 03:30:00,18,12,6,0,63.0,0.79
2017-04-28 03:35:00,30,13,16,1,58.9,1.42
2017-04-28 03:40:00,19,12,7,0,62.7,0.75
2017-04-28 03:45:00,26,14,12,0,61.8,1.1
2017-04-28 03:50:00,37,22,15,0,64.8,2.18
2017-04-28 03:55:00,59,44,14,1,61.1,2.08
2017-04-28 04:00:00,37,29,8,0,62.9,1.35
2017-04-28 04:05:00,33,23,10,0,60.0,1.27
2017-04-28 04:10:00,23,14,9,0,63.1,1.09
2017-04-28 04:15:00,42,26,16,0,64.9,1.68
2017-04-28 04:20:00,46,30,16,0,59.9,1.75
2017-04-28 04:25:00,49,33,16,0,63.8,1.89
2017-04-28 04:30:00,53,33,20,0,61.9,2.17
2017-04-28 04:35:00,44,31,13,0,62.9,1.74
2017-04-28 04:40:00,46,30,14,2,66.6,2.01
2017-04-28 04:45:00,44,28,16,0,62.9,1.95
2017-04-28 04:50:00,52,35,17,0,61.4,1.96
2017-04-28 04:55:00,62,36,25,1,61.9,2.67
2017-04-28 05:00:00,61,39,22,0,62.2,2.47
2017-04-28 05:05:00,57,36,21,0,62.3,2.19
2017-04-28 05:10:00,67,41,26,0,64.8,2.51
2017-04-28 05:15:00,59,41,18,0,59.1,2.7
2017-04-28 05:20:00,68,50,18,0,62.0,2.37
2017-04-28 05:25:00,90,58,32,0,59.8,3.8
2017-04-28 05:30:00,99,37,59,3,62.5,4.28
2017-04-28 05:35:00,131,63,67,1,64.3,5.01
2017-04-28 05:40:00,109,37,72,0,60.2,4.62
2017-04-28 05:45:00,121,44,77,0,62.1,4.63
2017-04-28 05:50:00,118,47,71,0,63.5,3.79
2017-04-28 05:55:00,142,49,90,3,62.6,5.03
2017-04-28 06:00:00,149,59,90,0,56.0,5.5
2017-04-28 06:05:00,139,43,96,0,57.7,4.85
2017-04-28 06:10:00,150,62,87,1,63.7,5.69
2017-04-28 06:15:00,181,83,97,1,61.6,5.94
2017-04-28 06:20:00,227,85,137,5,61.1,7.07
2017-04-28 06:25:00,198,75,121,2,60.8,6.88
2017-04-28 06:30:00,180,83,92,5,60.9,6.17
2017-04-28 06:35:00,213,93,114,6,57.7,7.63
2017-04-28 06:40:00,190,84,104,2,58.7,7.55
2017-04-28 06:45:00,234,130,103,1,56.0,7.54
2017-04-28 06:50:00,234,109,121,4,56.9,8.38
2017-04-28 06:55:00,253,128,120,5,58.4,9.9
2017-04-28 07:00:00,226,129,92,5,57.2,8.37
2017-04-28 07:05:00,252,123,113,16,53.6,14.26
2017-04-28 07:10:00,290,170,108,12,53.3,14.18
2017-04-28 07:15:00,371,226,135,10,49.7,15.12
2017-04-28 07:20:00,294,169,122,3,54.2,11.22
2017-04-28 07:25:00,318,189,127,2,57.8,11.99
2017-04-28 07:30:00,337,202,130,5,58.0,14.5
2017-04-28 07:35:00,348,200,143,5,47.8,21.16
2017-04-28 07:40:00,315,187,125,3,46.9,15.64
2017-04-28 07:45:00,285,173,107,5,38.8,41.57
2017-04-28 07:50:00,251,157,86,8,37.8,50.44
2017-04-28 07:55:00,235,123,110,2,32.7,58.17
2017-04-28 08:00:00,194,111,76,7,28.8,64.51
2017-04-28 08:05:00,180,94,80,6,26.6,67.7
2017-04-28 08:10:00,241,128,103,10,27.9,48.28
2017-04-28 08:15:00,352,190,150,12,32.0,46.54
2017-04-28 08:20:00,294,154,133,7,30.4,50.02
2017-04-28 08:25:00,308,166,134,8,37.5,39.17
2017-04-28 08:30:00,237,136,94,7,38.2,31.15
2017-04-28 08:35:00,241,117,116,8,37.4,37.31
2017-04-28 08:40:00,309,160,143,6,47.0,17.49
2017-04-28 08:45:00,260,141,114,5,59.4,11.56
2017-04-28 08:50:00,279,139,134,6,59.5,13.05
2017-04-28 08:55:00,233,117,104,12,60.2,15.54
2017-04-28 09:00:00,172,85,79,8,58.6,13.85
2017-04-28 09:05:00,202,107,88,7,56.8,15.61
2017-04-28 09:10:00,173,94,74,5,54.6,12.97
2017-04-28 09:15:00,154,79,68,7,56.4,18.69
2017-04-28 09:20:00,207,107,94,6,60.0,11.47
2017-04-28 09:25:00,176,97,74,5,59.9,7.8
2017-04-28 09:30:00,208,112,92,4,57.4,18.44
2017-04-28 09:35:00,199,105,92,2,55.9,24.59
2017-04-28 09:40:00,209,116,92,1,57.8,14.02
2017-04-28 09:45:00,137,85,52,0,55.0,23.93
2017-04-28 09:50:00,178,97,75,6,54.7,13.98
2017-04-28 09:55:00,198,97,93,8,55.8,33.25
2017-04-28 10:00:00,161,73,85,3,59.3,13.8
2017-04-28 10:05:00,159,78,78,3,59.1,15.46
2017-04-28 10:10:00,168,93,71,4,59.0,21.93
2017-04-28 10:15:00,155,82,69,4,60.5,20.59
2017-04-28 10:20:00,179,80,98,1,57.7,12.97
2017-04-28 10:25:00,144,78,64,2,59.8,13.08
2017-04-28 10:30:00,177,87,89,1,56.9,17.9
2017-04-28 10:35:00,150,89,59,2,58.9,6.69
2017-04-28 10:40:00,122,59,62,1,58.9,19.86
2017-04-28 10:45:00,168,88,76,4,54.8,9.96
2017-04-28 10:50:00,159,69,85,5,58.6,12.99
2017-04-28 10:55:00,157,70,85,2,59.2,19.87
2017-04-28 11:00:00,158,91,66,1,59.6,12.67
2017-04-28 11:05:00,208,106,98,4,59.8,13.45
2017-04-28 11:10:00,142,61,76,5,59.5,8.29
2017-04-28 11:15:00,129,66,59,4,58.0,24.72
2017-04-28 11:20:00,152,78,70,4,65.1,11.21
2017-04-28 11:25:00,175,97,74,4,61.0,15.48
2017-04-28 11:30:00,177,96,77,4,56.6,16.08
2017-04-28 11:35:00,167,84,82,1,60.1,11.09
2017-04-28 11:40:00,168,80,81,7,59.8,10.88
2017-04-28 11:45:00,166,80,83,3,60.4,8.93
2017-04-28 11:50:00,137,57,76,4,61.6,14.08
2017-04-28 11:55:00,157,70,85,2,60.2,14.87
2017-04-28 12:00:00,135,75,59,1,61.5,9.69
2017-04-28 12:05:00,175,80,88,7,58.7,10.7
2017-04-28 12:10:00,194,100,92,2,58.5,18.35
2017-04-28 12:15:00,156,61,93,2,58.9,10.24
2017-04-28 12:20:00,170,83,85,2,59.4,8.81
2017-04-28 12:25:00,194,78,112,4,57.3,8.64
2017-04-28 12:30:00,125,56,69,0,59.6,7.37
2017-04-28 12:35:00,184,81,99,4,56.7,13.35
2017-04-28 12:40:00,201,100,100,1,59.2,8.16
2017-04-28 12:45:00,183,84,98,1,56.8,8.91
2017-04-28 12:50:00,170,68,98,4,56.3,8.81
2017-04-28 12:55:00,179,77,99,3,59.4,7.89
2017-04-28 13:00:00,212,80,127,5,56.8,8.14
2017-04-28 13:05:00,181,79,97,5,57.2,9.37
2017-04-28 13:10:00,142,64,75,3,57.2,7.81
2017-04-28 13:15:00,175,72,102,1,56.8,9.41
2017-04-28 13:20:00,213,79,130,4,60.0,7.88
2017-04-28 13:25:00,223,83,140,0,55.8,8.91
2017-04-28 13:30:00,186,74,110,2,58.2,20.77
2017-04-28 13:35:00,232,94,137,1,54.4,7.99
2017-04-28 13:40:00,209,72,133,4,57.1,8.63
2017-04-28 13:45:00,158,65,92,1,58.3,7.81
2017-04-28 13:50:00,213,74,138,1,57.6,8.85
2017-04-28 13:55:00,190,74,116,0,54.1,8.46
2017-04-28 14:00:00,189,76,111,2,56.3,7.42
2017-04-28 14:05:00,205,90,115,0,54.3,8.76
2017-04-28 14:10:00,217,92,124,1,56.7,7.31
2017-04-28 14:15:00,214,83,129,2,57.6,7.76
2017-04-28 14:20:00,175,61,110,4,57.5,7.0
2017-04-28 14:25:00,247,91,154,2,55.1,8.31
2017-04-28 14:30:00,190,80,108,2,56.5,6.57
2017-04-28 14:35:00,158,77,80,1,56.8,6.11
2017-04-28 14:40:00,216,71,144,1,55.8,7.72
2017-04-28 14:45:00,248,93,155,0,55.6,8.29
2017-04-28 14:50:00,210,73,137,0,54.2,7.63
2017-04-28 14:55:00,200,85,113,2,56.1,7.79
2017-04-28 15:00:00,217,91,124,2,58.3,6.78
2017-04-28 15:05:00,194,78,116,0,57.8,6.81
2017-04-28 15:10:00,192,70,122,0,58.4,6.62
2017-04-28 15:15:00,157,70,87,0,57.3,6.28
2017-04-28 15:20:00,226,94,130,2,58.1,6.9
2017-04-28 15:25:00,188,77,110,1,57.7,6.29
2017-04-28 15:30:00,200,82,117,1,59.8,7.91
2017-04-28 15:35:00,203,90,112,1,55.9,7.46
2017-04-28 15:40:00,228,85,142,1,57.3,7.08
2017-04-28 15:45:00,223,96,127,0,54.6,7.99
2017-04-28 15:50:00,165,69,95,1,56.1,6.45
2017-04-28 15:55:00,175,69,105,1,56.6,6.25
2017-04-28 16:00:00,213,83,128,2,55.7,9.87
2017-04-28 16:05:00,201,79,122,0,57.1,7.13
2017-04-28 16:10:00,215,72,143,0,54.6,8.85
2017-04-28 16:15:00,189,78,109,2,54.2,6.11
2017-04-28 16:20:00,222,81,140,1,53.4,8.37
2017-04-28 16:25:00,138,49,89,0,57.2,5.5
2017-04-28 16:30:00,175,66,109,0,57.7,5.88
2017-04-28 16:35:00,266,103,156,7,54.3,8.79
2017-04-28 16:40:00,197,64,129,4,55.8,7.49
2017-04-28 16:45:00,182,75,106,1,56.7,6.85
2017-04-28 16:50:00,221,93,127,1,59.1,7.62
2017-04-28 16:55:00,205,74,127,4,56.7,6.84
2017-04-28 17:00:00,179,65,114,0,60.8,6.77
2017-04-28 17:05:00,226,78,147,1,52.4,9.89
2017-04-28 17:10:00,197,59,138,0,57.2,7.52
2017-04-28 17:15:00,232,83,148,1,54.7,8.13
2017-04-28 17:20:00,193,72,118,3,52.1,7.55
2017-04-28 17:25:00,225,92,129,4,55.4,8.13
2017-04-28 17:30:00,213,89,123,1,54.4,6.81
2017-04-28 17:35:00,225,89,134,2,56.3,8.81
2017-04-28 17:40:00,205,98,105,2,56.0,7.13
2017-04-28 17:45:00,221,117,103,1,58.6,6.77
2017-04-28 17:50:00,196,95,101,0,56.5,6.79
2017-04-28 17:55:00,151,69,79,3,55.6,5.63
2017-04-28 18:00:00,209,100,109,0,57.2,7.16
2017-04-28 18:05:00,221,104,117,0,56.3,6.74
2017-04-28 18:10:00,239,110,129,0,56.3,7.91
2017-04-28 18:15:00,210,97,111,2,56.3,8.32
2017-04-28 18:20:00,217,98,118,1,58.6,7.37
2017-04-28 18:25:00,202,86,115,1,54.7,9.11
2017-04-28 18:30:00,241,115,125,1,56.9,7.15
2017-04-28 18:35:00,196,83,113,0,57.5,6.4
2017-04-28 18:40:00,191,79,112,0,56.4,6.43
2017-04-28 18:45:00,198,80,116,2,57.3,7.24
2017-04-28 18:50:00,218,82,134,2,57.6,7.37
2017-04-28 18:55:00,222,94,127,1,55.2,7.09
2017-04-28 19:00:00,232,95,137,0,56.5,7.83
2017-04-28 19:05:00,213,102,110,1,55.4,7.58
2017-04-28 19:10:00,181,93,86,2,57.4,6.19
2017-04-28 19:15:00,125,60,64,1,56.1,5.36
2017-04-28 19:20:00,182,83,95,4,55.3,7.44
2017-04-28 19:25:00,179,87,91,1,54.1,6.67
2017-04-28 19:30:00,165,120,45,0,55.8,6.2
2017-04-28 19:35:00,182,153,29,0,53.3,8.04
2017-04-28 19:40:00,135,109,26,0,57.1,5.01
2017-04-28 19:45:00,142,110,31,1,58.5,7.0
2017-04-28 19:50:00,167,129,38,0,52.2,7.04
2017-04-28 19:55:00,217,177,40,0,54.3,8.77
2017-04-28 20:00:00,157,124,33,0,53.7,6.93
2017-04-28 20:05:00,135,105,30,0,57.9,5.96
2017-04-28 20:10:00,191,144,47,0,52.4,9.07
2017-04-28 20:15:00,190,148,42,0,52.3,8.21
2017-04-28 20:20:00,142,110,31,1,53.2,5.96
2017-04-28 20:25:00,151,107,44,0,55.5,6.58
2017-04-28 20:30:00,153,113,39,1,54.4,13.03
2017-04-28 20:35:00,139,100,39,0,54.4,6.0
2017-04-28 20:40:00,109,82,26,1,56.6,4.84
2017-04-28 20:45:00,155,110,44,1,58.0,6.28
2017-04-28 20:50:00,90,65,25,0,53.5,8.81
2017-04-28 20:55:00,163,112,51,0,52.2,7.36
2017-04-28 21:00:00,149,112,37,0,57.0,5.24
2017-04-28 21:05:00,131,88,42,1,55.7,5.47
2017-04-28 21:10:00,141,107,33,1,58.9,5.86
2017-04-28 21:15:00,140,114,26,0,54.8,6.95
2017-04-28 21:20:00,136,97,39,0,53.8,5.87
2017-04-28 21:25:00,136,100,36,0,58.9,5.45
2017-04-28 21:30:00,154,115,39,0,57.4,5.49
2017-04-28 21:35:00,136,94,41,1,58.1,5.43
2017-04-28 21:40:00,138,97,41,0,56.6,6.36
2017-04-28 21:45:00,134,99,34,1,53.4,7.27
2017-04-28 21:50:00,148,105,41,2,57.6,6.07
2017-04-28 21:55:00,163,125,38,0,57.2,7.18
2017-04-28 22:00:00,155,111,44,0,56.4,5.7
2017-04-28 22:05:00,147,116,31,0,58.6,6.36
2017-04-28 22:10:00,148,105,43,0,58.0,5.84
2017-04-28 22:15:00,141,94,47,0,54.7,10.48
2017-04-28 22:20:00,164,124,40,0,55.4,7.01
2017-04-28 22:25:00,139,103,36,0,57.3,6.58
2017-04-28 22:30:00,146,101,44,1,60.6,5.57
2017-04-28 22:35:00,117,84,33,0,59.8,4.92
2017-04-28 22:40:00,121,74,46,1,57.4,5.34
2017-04-28 22:45:00,119,83,36,0,57.5,5.37
2017-04-28 22:50:00,110,71,39,0,59.1,9.03
2017-04-28 22:55:00,108,73,35,0,62.9,4.7
2017-04-28 23:00:00,110,68,40,2,64.0,4.3
2017-04-28 23:05:00,109,74,35,0,57.3,7.6
2017-04-28 23:10:00,111,74,37,0,59.5,4.25
2017-04-28 23:15:00,111,76,33,2,62.9,4.92
2017-04-28 23:20:00,86,53,33,0,60.2,3.94
2017-04-28 23:25:00,94,59,35,0,60.1,3.79
2017-04-28 23:30:00,107,65,42,0,62.4,4.05
2017-04-28 23:35:00,86,61,25,0,64.4,3.37
2017-04-28 23:40:00,74,49,25,0,63.3,3.03
2017-04-28 23:45:00,70,44,26,0,67.3,3.53
2017-04-28 23:50:00,78,49,29,0,63.3,2.89
2017-04-28 23:55:00,78,41,37,0,62.7,3.02
2017-04-29 00:00:00,69,50,19,0,63.6,2.32
2017-04-29 00:05:00,60,39,21,0,64.2,2.27
2017-04-29 00:10:00,68,39,29,0,64.5,2.89
2017-04-29 00:15:00,66,36,30,0,62.0,2.81
2017-04-29 00:20:00,87,48,39,0,62.4,4.06
2017-04-29 00:25:00,63,37,26,0,68.0,2.49
2017-04-29 00:30:00,64,37,27,0,65.8,2.62
2017-04-29 00:35:00,55,31,23,1,62.1,2.67
2017-04-29 00:40:00,46,32,14,0,66.9,1.69
2017-04-29 00:45:00,52,37,15,0,60.6,2.05
2017-04-29 00:50:00,51,28,23,0,65.8,2.11
2017-04-29 00:55:00,59,37,22,0,69.1,2.13
2017-04-29 01:00:00,47,27,20,0,61.0,1.64
2017-04-29 01:05:00,41,28,13,0,64.1,1.64
2017-04-29 01:10:00,49,30,19,0,54.3,1.91
2017-04-29 01:15:00,35,23,12,0,54.3,1.68
2017-04-29 01:20:00,45,29,16,0,62.7,1.84
2017-04-29 01:25:00,58,35,23,0,63.2,2.3
2017-04-29 01:30:00,47,34,13,0,65.8,1.67
2017-04-29 01:35:00,42,21,21,0,64.8,1.69
2017-04-29 01:40:00,39,25,14,0,68.1,1.46
2017-04-29 01:45:00,26,11,15,0,70.7,0.96
2017-04-29 01:50:00,30,16,14,0,65.0,1.23
2017-04-29 01:55:00,38,23,15,0,64.5,1.47
2017-04-29 02:00:00,33,21,12,0,58.2,1.36
2017-04-29 02:05:00,46,33,13,0,63.1,1.7
2017-04-29 02:10:00,39,21,17,1,67.7,1.51
2017-04-29 02:15:00,24,14,10,0,66.4,0.96
2017-04-29 02:20:00,46,23,23,0,67.2,1.67
2017-04-29 02:25:00,27,17,10,0,73.4,0.99
2017-04-29 02:30:00,21,16,5,0,69.6,0.77
2017-04-29 02:35:00,26,17,9,0,69.3,0.98
2017-04-29 02:40:00,43,21,22,0,65.1,2.01
2017-04-29 02:45:00,37,22,15,0,67.5,1.31
2017-04-29 02:50:00,34,20,14,0,75.1,1.19
2017-04-29 02:55:00,30,15,15,0,69.8,1.12
2017-04-29 03:00:00,38,22,16,0,66.2,1.56
2017-04-29 03:05:00,32,20,12,0,63.2,1.16
2017-04-29 03:10:00,32,20,12,0,68.2,1.23
2017-04-29 03:15:00,26,15,11,0,66.0,1.03
2017-04-29 03:20:00,27,10,17,0,73.1,1.04
2017-04-29 03:25:00,22,16,6,0,63.8,0.92
2017-04-29 03:30:00,20,11,9,0,61.6,0.86
2017-04-29 03:35:00,35,22,13,0,73.6,1.28
2017-04-29 03:40:00,36,22,13,1,63.3,1.58
2017-04-29 03:45:00,22,12,10,0,63.5,0.93
2017-04-29 03:50:00,48,31,17,0,63.7,1.94
2017-04-29 03:55:00,43,21,22,0,66.1,1.83
2017-04-29 04:00:00,38,20,18,0,63.2,1.79
2017-04-29 04:05:00,30,18,12,0,68.5,1.07
2017-04-29 04:10:00,35,26,9,0,64.5,1.24
2017-04-29 04:15:00,32,23,9,0,68.0,1.1
2017-04-29 04:20:00,38,25,13,0,69.2,1.47
2017-04-29 04:25:00,50,31,19,0,66.4,2.44
2017-04-29 04:30:00,37,19,18,0,68.4,1.45
2017-04-29 04:35:00,51,33,18,0,65.2,2.23
2017-04-29 04:40:00,48,31,16,1,62.7,2.22
2017-04-29 04:45:00,51,27,24,0,66.6,1.96
2017-04-29 04:50:00,39,29,9,1,64.1,1.69
2017-04-29 04:55:00,45,28,17,0,66.4,1.71
2017-04-29 05:00:00,57,41,15,1,68.2,2.41
2017-04-29 05:05:00,62,48,14,0,64.7,2.65
2017-04-29 05:10:00,53,28,25,0,65.4,2.02
2017-04-29 05:15:00,61,42,19,0,61.1,2.59
2017-04-29 05:20:00,73,51,22,0,61.3,2.64
2017-04-29 05:25:00,76,50,26,0,62.4,3.19
2017-04-29 05:30:00,75,32,41,2,61.1,3.21
2017-04-29 05:35:00,104,44,60,0,62.4,4.09
2017-04-29 05:40:00,111,49,62,0,61.8,4.3
2017-04-29 05:45:00,94,42,52,0,68.7,3.01
2017-04-29 05:50:00,110,50,58,2,64.6,3.85
2017-04-29 05:55:00,134,56,77,1,63.6,4.63
2017-04-29 06:00:00,117,45,71,1,62.7,4.17
2017-04-29 06:05:00,146,61,83,2,58.9,5.27
2017-04-29 06:10:00,162,74,87,1,60.8,5.61
2017-04-29 06:15:00,164,80,84,0,63.6,5.55
2017-04-29 06:20:00,172,76,93,3,61.7,5.81
2017-04-29 06:25:00,139,65,72,2,61.0,4.61
2017-04-29 06:30:00,153,78,75,0,63.9,4.89
2017-04-29 06:35:00,166,72,92,2,61.6,5.51
2017-04-29 06:40:00,163,70,93,0,59.8,5.92
2017-04-29 06:45:00,175,77,98,0,62.8,5.82
2017-04-29 06:50:00,170,73,95,2,59.9,6.24
2017-04-29 06:55:00,160,94,65,1,64.5,5.22
2017-04-29 07:00:00,158,73,84,1,62.5,5.35
2017-04-29 07:05:00,190,93,96,1,56.6,6.62
2017-04-29 07:10:00,170,84,84,2,58.5,5.91
2017-04-29 07:15:00,167,80,83,4,58.1,5.76
2017-04-29 07:20:00,206,107,94,5,58.5,7.3
2017-04-29 07:25:00,165,79,83,3,61.4,5.75
2017-04-29 07:30:00,236,143,92,1,58.0,7.4
2017-04-29 07:35:00,212,135,77,0,60.4,7.06
2017-04-29 07:40:00,201,113,87,1,58.5,6.55
2017-04-29 07:45:00,204,115,88,1,56.3,7.06
2017-04-29 07:50:00,198,113,83,2,60.0,6.65
2017-04-29 07:55:00,176,95,80,1,61.8,5.78
2017-04-29 08:00:00,161,78,82,1,62.9,5.35
2017-04-29 08:05:00,179,99,76,4,62.7,5.75
2017-04-29 08:10:00,192,105,85,2,58.7,6.47
2017-04-29 08:15:00,199,121,77,1,58.8,6.72
2017-04-29 08:20:00,230,131,95,4,59.3,8.58
2017-04-29 08:25:00,210,132,76,2,58.4,7.42
2017-04-29 08:30:00,211,131,80,0,59.1,6.99
2017-04-29 08:35:00,176,106,68,2,57.3,6.86
2017-04-29 08:40:00,180,101,75,4,59.1,6.74
2017-04-29 08:45:00,174,105,66,3,64.2,5.68
2017-04-29 08:50:00,194,100,87,7,65.4,9.35
2017-04-29 08:55:00,187,82,95,10,58.0,14.95
2017-04-29 09:00:00,155,78,73,4,60.6,14.4
2017-04-29 09:05:00,175,91,80,4,58.0,12.35
2017-04-29 09:10:00,156,92,59,5,58.3,14.71
2017-04-29 09:15:00,168,95,68,5,55.4,24.98
2017-04-29 09:20:00,156,74,78,4,54.0,15.86
2017-04-29 09:25:00,181,94,86,1,57.5,8.95
2017-04-29 09:30:00,184,104,77,3,55.0,11.21
2017-04-29 09:35:00,209,107,98,4,56.2,13.36
2017-04-29 09:40:00,188,98,89,1,60.3,11.45
2017-04-29 09:45:00,194,106,85,3,57.6,11.56
2017-04-29 09:50:00,154,88,63,3,55.9,15.02
2017-04-29 09:55:00,134,83,49,2,56.6,22.23
2017-04-29 10:00:00,162,80,77,5,54.4,17.41
2017-04-29 10:05:00,151,81,67,3,55.7,17.7
2017-04-29 10:10:00,156,78,75,3,56.0,15.4
2017-04-29 10:15:00,146,75,66,5,57.5,23.68
2017-04-29 10:20:00,181,88,88,5,57.9,12.42
2017-04-29 10:25:00,187,102,81,4,59.7,12.25
2017-04-29 10:30:00,156,86,69,1,56.5,20.91
2017-04-29 10:35:00,184,88,91,5,55.5,8.49
2017-04-29 10:40:00,186,104,79,3,55.2,9.71
2017-04-29 10:45:00,182,91,90,1,55.2,10.43
2017-04-29 10:50:00,197,113,81,3,55.3,9.46
2017-04-29 10:55:00,185,97,85,3,56.3,9.09
2017-04-29 11:00:00,209,113,92,4,57.1,12.04
2017-04-29 11:05:00,196,118,78,0,59.3,11.88
2017-04-29 11:10:00,214,109,102,3,54.4,10.1
2017-04-29 11:15:00,164,84,78,2,54.2,19.45
2017-04-29 11:20:00,169,81,86,2,57.1,14.08
2017-04-29 11:25:00,182,87,91,4,58.7,13.7
2017-04-29 11:30:00,190,96,86,8,57.4,17.7
2017-04-29 11:35:00,206,104,99,3,56.6,7.66
2017-04-29 11:40:00,189,99,85,5,59.6,8.11
2017-04-29 11:45:00,211,100,104,7,54.1,9.34
2017-04-29 11:50:00,163,61,96,6,54.6,11.28
2017-04-29 11:55:00,166,84,75,7,58.2,9.73
2017-04-29 12:00:00,155,77,76,2,56.1,7.68
2017-04-29 12:05:00,149,66,83,0,57.0,18.74
2017-04-29 12:10:00,210,112,96,2,55.2,9.58
2017-04-29 12:15:00,192,102,83,7,58.4,10.3
2017-04-29 12:20:00,197,91,105,1,57.8,14.3
2017-04-29 12:25:00,191,89,99,3,55.1,9.73
2017-04-29 12:30:00,192,91,100,1,59.1,8.91
2017-04-29 12:35:00,203,98,105,0,53.2,12.36
2017-04-29 12:40:00,182,89,91,2,57.1,9.34
2017-04-29 12:45:00,171,67,102,2,57.4,8.47
2017-04-29 12:50:00,193,91,100,2,57.2,12.98
2017-04-29 12:55:00,201,91,105,5,59.9,10.15
2017-04-29 13:00:00,196,86,102,8,58.2,10.04
2017-04-29 13:05:00,198,90,106,2,56.9,8.23
2017-04-29 13:10:00,199,97,102,0,56.5,7.7
2017-04-29 13:15:00,190,83,103,4,56.4,7.11
2017-04-29 13:20:00,192,73,117,2,57.4,7.6
2017-04-29 13:25:00,180,74,106,0,57.0,7.0
2017-04-29 13:30:00,199,94,104,1,55.0,7.77
2017-04-29 13:35:00,202,97,104,1,57.9,7.63
2017-04-29 13:40:00,211,82,128,1,55.3,11.56
2017-04-29 13:45:00,211,94,114,3,56.8,9.52
2017-04-29 13:50:00,197,77,116,4,57.6,10.94
2017-04-29 13:55:00,175,80,94,1,55.8,8.31
2017-04-29 14:00:00,194,82,110,2,57.2,8.29
2017-04-29 14:05:00,184,74,108,2,55.4,6.69
2017-04-29 14:10:00,198,94,104,0,56.3,7.13
2017-04-29 14:15:00,210,85,122,3,58.3,7.22
2017-04-29 14:20:00,208,89,119,0,59.5,7.05
2017-04-29 14:25:00,221,97,123,1,54.9,8.0
2017-04-29 14:30:00,198,92,105,1,56.4,7.23
2017-04-29 14:35:00,188,76,112,0,55.8,6.92
2017-04-29 14:40:00,196,82,113,1,57.2,11.98
2017-04-29 14:45:00,196,77,119,0,58.4,7.29
2017-04-29 14:50:00,218,92,126,0,54.4,7.82
2017-04-29 14:55:00,210,101,108,1,57.4,7.28
2017-04-29 15:00:00,218,100,118,0,56.8,7.57
2017-04-29 15:05:00,200,95,103,2,55.0,7.27
2017-04-29 15:10:00,191,74,116,1,55.7,6.85
2017-04-29 15:15:00,179,87,92,0,54.6,6.24
2017-04-29 15:20:00,166,75,88,3,55.9,9.33
2017-04-29 15:25:00,177,77,97,3,57.7,6.1
2017-04-29 15:30:00,196,86,109,1,53.2,6.95
2017-04-29 15:35:00,222,101,120,1,54.9,7.82
2017-04-29 15:40:00,206,110,95,1,56.2,7.07
2017-04-29 15:45:00,200,102,98,0,55.0,6.62
2017-04-29 15:50:00,175,90,83,2,59.6,5.76
2017-04-29 15:55:00,193,92,100,1,53.0,6.59
2017-04-29 16:00:00,180,88,89,3,56.6,5.89
2017-04-29 16:05:00,172,83,88,1,60.9,5.61
2017-04-29 16:10:00,222,121,98,3,56.8,7.55
2017-04-29 16:15:00,187,104,81,2,56.3,6.11
2017-04-29 16:20:00,204,126,76,2,55.8,6.97
2017-04-29 16:25:00,186,107,79,0,56.3,6.32
2017-04-29 16:30:00,174,89,85,0,57.6,6.53
2017-04-29 16:35:00,180,88,92,0,55.6,6.14
2017-04-29 16:40:00,194,100,93,1,54.6,7.5
2017-04-29 16:45:00,209,97,109,3,55.6,7.16
2017-04-29 16:50:00,210,107,100,3,56.7,7.01
2017-04-29 16:55:00,200,112,88,0,56.4,6.56
2017-04-29 17:00:00,176,89,85,2,56.5,6.22
2017-04-29 17:05:00,190,74,116,0,56.5,6.36
2017-04-29 17:10:00,185,86,99,0,56.1,6.5
2017-04-29 17:15:00,176,77,99,0,55.0,6.06
2017-04-29 17:20:00,173,99,74,0,55.8,6.13
2017-04-29 17:25:00,199,93,104,2,54.1,6.95
2017-04-29 17:30:00,194,94,99,1,55.7,6.63
2017-04-29 17:35:00,198,84,114,0,58.2,6.49
2017-04-29 17:40:00,189,90,98,1,59.0,6.01
2017-04-29 17:45:00,206,85,120,1,55.6,7.16
2017-04-29 17:50:00,182,84,98,0,57.0,5.8
2017-04-29 17:55:00,197,97,99,1,57.0,6.67
2017-04-29 18:00:00,182,63,119,0,57.7,6.33
2017-04-29 18:05:00,175,69,106,0,56.3,5.94
2017-04-29 18:10:00,201,97,104,0,58.2,6.63
2017-04-29 18:15:00,197,81,114,2,56.9,6.88
2017-04-29 18:20:00,197,98,97,2,59.0,6.38
2017-04-29 18:25:00,185,76,108,1,57.7,6.08
2017-04-29 18:30:00,194,91,102,1,56.1,6.56
2017-04-29 18:35:00,190,74,116,0,55.6,6.41
2017-04-29 18:40:00,152,61,90,1,60.0,4.74
2017-04-29 18:45:00,164,67,96,1,61.8,5.24
2017-04-29 18:50:00,192,77,114,1,58.7,6.26
2017-04-29 18:55:00,181,80,101,0,58.4,5.72
2017-04-29 19:00:00,144,66,78,0,58.0,4.79
2017-04-29 19:05:00,136,56,79,1,63.6,4.23
2017-04-29 19:10:00,158,75,83,0,57.1,5.38
2017-04-29 19:15:00,150,61,88,1,56.7,5.95
2017-04-29 19:20:00,154,77,77,0,57.1,6.03
2017-04-29 19:25:00,163,82,81,0,53.3,6.57
2017-04-29 19:30:00,156,121,34,1,57.5,5.96
2017-04-29 19:35:00,161,120,41,0,57.8,7.1
2017-04-29 19:40:00,140,104,36,0,56.4,5.89
2017-04-29 19:45:00,142,110,32,0,53.6,6.67
2017-04-29 19:50:00,145,105,40,0,56.1,6.5
2017-04-29 19:55:00,131,95,36,0,57.6,5.22
2017-04-29 20:00:00,142,105,37,0,56.5,6.56
2017-04-29 20:05:00,128,91,37,0,57.5,5.43
2017-04-29 20:10:00,141,98,42,1,57.5,7.27
2017-04-29 20:15:00,123,94,29,0,59.3,5.04
2017-04-29 20:20:00,163,125,38,0,57.1,7.74
2017-04-29 20:25:00,144,103,40,1,55.3,6.15
2017-04-29 20:30:00,136,97,39,0,55.0,5.56
2017-04-29 20:35:00,113,88,25,0,53.6,4.6
2017-04-29 20:40:00,166,126,40,0,58.2,6.37
2017-04-29 20:45:00,156,120,35,1,53.1,6.85
2017-04-29 20:50:00,174,130,43,1,53.8,7.46
2017-04-29 20:55:00,169,122,45,2,55.0,6.54
2017-04-29 21:00:00,166,119,46,1,53.1,8.16
2017-04-29 21:05:00,186,144,42,0,52.9,8.84
2017-04-29 21:10:00,149,116,33,0,55.2,5.99
2017-04-29 21:15:00,172,124,48,0,57.7,7.19
2017-04-29 21:20:00,162,121,41,0,56.6,6.66
2017-04-29 21:25:00,161,122,39,0,57.8,6.35
2017-04-29 21:30:00,142,99,43,0,57.7,5.43
2017-04-29 21:35:00,140,101,39,0,54.0,6.01
2017-04-29 21:40:00,152,109,43,0,58.2,6.66
2017-04-29 21:45:00,136,96,40,0,53.8,5.93
2017-04-29 21:50:00,137,95,42,0,58.5,5.56
2017-04-29 21:55:00,122,79,42,1,57.1,5.23
2017-04-29 22:00:00,116,78,37,1,59.6,4.44
2017-04-29 22:05:00,111,75,36,0,58.1,4.27
2017-04-29 22:10:00,109,73,36,0,61.4,4.0
2017-04-29 22:15:00,122,95,27,0,56.0,4.88
2017-04-29 22:20:00,107,77,30,0,56.1,4.59
2017-04-29 22:25:00,115,86,29,0,56.2,4.8
2017-04-29 22:30:00,111,81,29,1,60.5,5.26
2017-04-29 22:35:00,100,68,32,0,58.0,4.53
2017-04-29 22:40:00,90,68,22,0,60.2,3.57
2017-04-29 22:45:00,76,43,33,0,63.6,2.94
2017-04-29 22:50:00,85,58,27,0,61.9,3.51
2017-04-29 22:55:00,72,54,18,0,61.4,2.79
2017-04-29 23:00:00,77,45,32,0,59.5,10.64
2017-04-29 23:05:00,72,48,23,1,61.2,3.1
2017-04-29 23:10:00,98,56,42,0,61.5,4.13
2017-04-29 23:15:00,94,57,36,1,58.9,4.01
2017-04-29 23:20:00,83,54,29,0,60.4,3.03
2017-04-29 23:25:00,87,54,30,3,62.3,3.96
2017-04-29 23:30:00,88,60,28,0,66.5,3.27
2017-04-29 23:35:00,70,44,26,0,62.9,2.93
2017-04-29 23:40:00,68,42,26,0,61.5,2.34
2017-04-29 23:45:00,62,37,25,0,64.4,2.54
2017-04-29 23:50:00,54,28,26,0,68.0,2.03
2017-04-29 23:55:00,44,34,10,0,63.1,1.73
2017-04-30 00:00:00,45,26,19,0,62.0,1.68
2017-04-30 00:05:00,55,30,25,0,58.7,2.0
2017-04-30 00:10:00,60,39,21,0,64.5,2.23
2017-04-30 00:15:00,67,44,23,0,63.2,2.49
2017-04-30 00:20:00,74,55,19,0,67.5,2.77
2017-04-30 00:25:00,49,26,23,0,65.6,1.83
2017-04-30 00:30:00,34,26,8,0,71.5,1.24
2017-04-30 00:35:00,40,21,19,0,64.0,1.69
2017-04-30 00:40:00,37,24,13,0,69.4,1.32
2017-04-30 00:45:00,47,30,17,0,64.9,1.71
2017-04-30 00:50:00,35,24,11,0,63.5,1.23
2017-04-30 00:55:00,45,29,16,0,66.5,1.65
2017-04-30 01:00:00,41,25,16,0,63.1,1.44
2017-04-30 01:05:00,37,23,14,0,65.4,1.25
2017-04-30 01:10:00,41,25,16,0,69.1,1.46
2017-04-30 01:15:00,26,20,6,0,65.5,1.04
2017-04-30 01:20:00,38,19,19,0,62.2,1.58
2017-04-30 01:25:00,38,20,18,0,69.8,1.4
2017-04-30 01:30:00,28,17,11,0,58.5,1.28
2017-04-30 01:35:00,46,31,15,0,63.0,1.7
2017-04-30 01:40:00,35,23,12,0,68.7,1.28
2017-04-30 01:45:00,26,18,8,0,65.3,0.95
2017-04-30 01:50:00,34,23,11,0,67.5,1.28
2017-04-30 01:55:00,30,20,10,0,70.9,0.99
2017-04-30 02:00:00,30,17,13,0,66.9,1.09
2017-04-30 02:05:00,39,23,16,0,63.3,1.44
2017-04-30 02:10:00,28,13,15,0,71.0,1.01
2017-04-30 02:15:00,24,17,7,0,65.4,0.78
2017-04-30 02:20:00,30,17,13,0,67.1,1.09
2017-04-30 02:25:00,23,12,11,0,69.9,0.9
2017-04-30 02:30:00,29,16,12,1,67.3,1.03
2017-04-30 02:35:00,29,14,15,0,68.6,1.05
2017-04-30 02:40:00,33,22,11,0,65.2,1.32
2017-04-30 02:45:00,31,19,12,0,64.7,1.92
2017-04-30 02:50:00,22,12,10,0,65.3,0.68
2017-04-30 02:55:00,21,13,8,0,69.0,0.72
2017-04-30 03:00:00,26,16,10,0,67.5,0.99
2017-04-30 03:05:00,27,12,14,1,59.3,0.98
2017-04-30 03:10:00,24,12,12,0,60.3,0.99
2017-04-30 03:15:00,18,8,10,0,66.5,0.63
2017-04-30 03:20:00,24,15,8,1,62.0,0.81
2017-04-30 03:25:00,25,13,12,0,62.8,1.05
2017-04-30 03:30:00,12,7,5,0,58.8,0.51
2017-04-30 03:35:00,20,13,7,0,67.9,0.73
2017-04-30 03:40:00,15,8,7,0,70.5,0.56
2017-04-30 03:45:00,17,11,6,0,63.4,0.75
2017-04-30 03:50:00,20,12,8,0,69.9,0.81
2017-04-30 03:55:00,14,8,6,0,68.6,0.48
2017-04-30 04:00:00,20,14,6,0,80.3,0.86
2017-04-30 04:05:00,15,9,6,0,62.9,0.61
2017-04-30 04:10:00,25,17,8,0,70.6,0.93
2017-04-30 04:15:00,18,13,5,0,56.0,0.81
2017-04-30 04:20:00,21,11,10,0,68.7,0.8
2017-04-30 04:25:00,25,18,6,1,63.3,1.05
2017-04-30 04:30:00,28,22,6,0,65.7,0.84
2017-04-30 04:35:00,26,15,11,0,73.0,0.94
2017-04-30 04:40:00,23,15,8,0,64.1,0.98
2017-04-30 04:45:00,36,27,9,0,63.7,1.37
2017-04-30 04:50:00,26,13,13,0,69.1,0.94
2017-04-30 04:55:00,33,25,7,1,53.1,5.18
2017-04-30 05:00:00,38,25,13,0,58.8,1.75
2017-04-30 05:05:00,40,30,10,0,63.2,1.35
2017-04-30 05:10:00,26,18,8,0,64.8,1.19
2017-04-30 05:15:00,40,29,10,1,63.5,1.8
2017-04-30 05:20:00,37,21,16,0,64.8,1.43
2017-04-30 05:25:00,47,27,18,2,63.3,1.79
2017-04-30 05:30:00,43,20,23,0,65.6,1.5
2017-04-30 05:35:00,62,34,26,2,64.1,2.24
2017-04-30 05:40:00,60,30,30,0,65.9,2.02
2017-04-30 05:45:00,55,32,21,2,69.0,1.82
2017-04-30 05:50:00,71,29,42,0,69.6,2.22
2017-04-30 05:55:00,65,28,36,1,63.3,2.09
2017-04-30 06:00:00,68,32,35,1,67.0,2.11
2017-04-30 06:05:00,69,33,36,0,60.1,2.22
2017-04-30 06:10:00,101,51,50,0,60.9,3.27
2017-04-30 06:15:00,90,39,49,2,68.7,2.65
2017-04-30 06:20:00,74,24,49,1,68.9,2.15
2017-04-30 06:25:00,76,24,52,0,69.0,2.36
2017-04-30 06:30:00,78,38,40,0,62.8,2.41
2017-04-30 06:35:00,91,38,52,1,64.4,2.82
2017-04-30 06:40:00,77,31,46,0,65.7,2.46
2017-04-30 06:45:00,102,54,48,0,65.4,3.23
2017-04-30 06:50:00,86,35,49,2,63.1,2.75
2017-04-30 06:55:00,84,37,47,0,65.6,2.65
2017-04-30 07:00:00,80,35,42,3,64.7,2.49
2017-04-30 07:05:00,101,48,53,0,62.7,3.39
2017-04-30 07:10:00,98,48,50,0,63.9,3.02
2017-04-30 07:15:00,77,41,35,1,62.5,2.45
2017-04-30 07:20:00,72,42,28,2,64.4,2.32
2017-04-30 07:25:00,90,46,44,0,61.4,2.85
2017-04-30 07:30:00,89,46,41,2,64.4,2.75
2017-04-30 07:35:00,96,53,43,0,66.8,2.9
2017-04-30 07:40:00,99,50,47,2,63.1,3.02
2017-04-30 07:45:00,98,54,44,0,65.9,2.81
2017-04-30 07:50:00,94,57,37,0,61.6,2.85
2017-04-30 07:55:00,72,36,36,0,63.7,2.35
2017-04-30 08:00:00,100,51,49,0,58.6,3.3
2017-04-30 08:05:00,108,75,32,1,65.4,3.26
2017-04-30 08:10:00,87,44,42,1,66.0,2.58
2017-04-30 08:15:00,105,64,40,1,66.1,3.08
2017-04-30 08:20:00,101,55,46,0,66.4,2.99
2017-04-30 08:25:00,114,68,42,4,65.1,3.33
2017-04-30 08:30:00,120,68,52,0,63.6,3.78
2017-04-30 08:35:00,121,61,57,3,61.8,3.93
2017-04-30 08:40:00,113,66,47,0,61.9,4.32
2017-04-30 08:45:00,139,84,54,1,64.3,4.37
2017-04-30 08:50:00,136,67,69,0,60.9,4.58
2017-04-30 08:55:00,139,90,49,0,61.9,4.73
