Date,ToVol,SmVol,MeVol,LaVol,Speed,OccRate
2017-04-01 07:00:00,95,80,13,2,47.9,4.78
2017-04-01 07:05:00,69,50,18,1,45.6,4.77
2017-04-01 07:10:00,91,73,17,1,53.9,3.96
2017-04-01 07:15:00,95,77,16,2,48.0,3.99
2017-04-01 07:20:00,103,83,19,1,51.7,4.14
2017-04-01 07:25:00,76,64,12,0,46.9,3.19
2017-04-01 07:30:00,81,65,16,0,52.9,11.78
2017-04-01 07:35:00,128,100,25,3,54.4,5.95
2017-04-01 07:40:00,96,84,12,0,54.9,4.07
2017-04-01 07:45:00,101,88,13,0,52.4,4.33
2017-04-01 07:50:00,103,88,15,0,55.8,4.18
2017-04-01 07:55:00,89,72,16,1,56.0,3.46
2017-04-01 08:00:00,105,91,13,1,52.5,4.07
2017-04-01 08:05:00,141,108,32,1,55.3,5.7
2017-04-01 08:10:00,123,103,19,1,52.6,5.51
2017-04-01 08:15:00,108,99,9,0,52.0,4.43
2017-04-01 08:20:00,145,121,21,3,53.4,5.95
2017-04-01 08:25:00,133,102,30,1,51.5,5.67
2017-04-01 08:30:00,137,121,16,0,50.2,6.12
2017-04-01 08:35:00,140,121,19,0,54.6,5.46
2017-04-01 08:40:00,155,129,24,2,45.2,6.94
2017-04-01 08:45:00,135,118,15,2,50.3,5.38
2017-04-01 08:50:00,161,138,22,1,55.3,6.25
2017-04-01 08:55:00,136,112,24,0,53.8,5.8
2017-04-01 09:00:00,134,109,23,2,46.7,6.08
2017-04-01 09:05:00,172,148,20,4,50.3,7.06
2017-04-01 09:10:00,168,151,14,3,50.7,6.7
2017-04-01 09:15:00,132,113,19,0,51.5,5.47
2017-04-01 09:20:00,197,181,16,0,52.6,7.73
2017-04-01 09:25:00,188,163,24,1,48.2,7.97
2017-04-01 09:30:00,166,145,18,3,47.6,6.96
2017-04-01 09:35:00,177,158,18,1,51.5,6.94
2017-04-01 09:40:00,194,174,20,0,47.9,8.37
2017-04-01 09:45:00,150,131,19,0,48.3,6.9
2017-04-01 09:50:00,182,151,30,1,51.7,7.73
2017-04-01 09:55:00,185,157,27,1,46.3,8.48
2017-04-01 10:00:00,158,140,16,2,48.6,7.09
2017-04-01 10:05:00,190,158,29,3,48.3,8.69
2017-04-01 10:10:00,127,109,14,4,48.4,6.7
2017-04-01 10:15:00,155,142,13,0,49.0,6.44
2017-04-01 10:20:00,178,152,24,2,53.1,6.98
2017-04-01 10:25:00,145,121,21,3,51.2,6.08
2017-04-01 10:30:00,146,119,27,0,50.7,5.77
2017-04-01 10:35:00,194,168,25,1,53.3,7.72
2017-04-01 10:40:00,152,132,19,1,47.2,7.98
2017-04-01 10:45:00,139,121,17,1,46.1,7.03
2017-04-01 10:50:00,162,127,34,1,40.0,8.85
2017-04-01 10:55:00,187,168,18,1,50.5,7.86
2017-04-01 11:00:00,150,135,12,3,49.2,6.44
2017-04-01 11:05:00,195,167,27,1,44.3,9.99
2017-04-01 11:10:00,182,152,29,1,49.2,8.14
2017-04-01 11:15:00,134,116,17,1,50.5,5.83
2017-04-01 11:20:00,183,154,26,3,51.5,7.64
2017-04-01 11:25:00,196,163,32,1,45.6,9.05
2017-04-01 11:30:00,164,146,18,0,47.1,7.2
2017-04-01 11:35:00,212,188,22,2,46.5,10.02
2017-04-01 11:40:00,174,154,19,1,48.3,8.06
2017-04-01 11:45:00,153,129,23,1,47.3,6.69
2017-04-01 11:50:00,197,162,30,5,47.7,8.5
2017-04-01 11:55:00,175,156,17,2,46.0,7.89
2017-04-01 12:00:00,168,158,10,0,45.9,7.48
2017-04-01 12:05:00,228,208,19,1,47.7,9.67
2017-04-01 12:10:00,197,169,27,1,44.7,9.68
2017-04-01 12:15:00,173,154,18,1,43.0,9.56
2017-04-01 12:20:00,201,190,10,1,49.9,8.04
2017-04-01 12:25:00,189,171,16,2,51.7,7.45
2017-04-01 12:30:00,147,128,18,1,47.3,6.78
2017-04-01 12:35:00,196,176,19,1,49.3,8.81
2017-04-01 12:40:00,181,169,10,2,49.3,7.35
2017-04-01 12:45:00,158,138,18,2,47.8,6.49
2017-04-01 12:50:00,205,178,22,5,49.2,8.5
2017-04-01 12:55:00,197,169,27,1,43.5,9.73
2017-04-01 13:00:00,165,152,11,2,44.9,7.66
2017-04-01 13:05:00,179,157,21,1,49.0,8.28
2017-04-01 13:10:00,178,157,18,3,47.0,8.43
2017-04-01 13:15:00,95,87,8,0,43.1,6.05
2017-04-01 13:20:00,203,184,18,1,49.3,8.51
2017-04-01 13:25:00,200,180,19,1,43.0,11.99
2017-04-01 13:30:00,177,157,18,2,44.0,8.18
2017-04-01 13:35:00,198,176,19,3,51.0,7.67
2017-04-01 13:40:00,159,140,18,1,50.9,6.23
2017-04-01 13:45:00,152,138,14,0,48.6,6.3
2017-04-01 13:50:00,178,156,19,3,52.4,6.78
2017-04-01 13:55:00,167,144,19,4,50.1,6.42
2017-04-01 14:00:00,161,141,16,4,40.4,7.42
2017-04-01 14:05:00,218,203,14,1,46.0,8.69
2017-04-01 14:10:00,189,167,15,7,45.6,8.19
2017-04-01 14:15:00,166,142,23,1,46.3,7.15
2017-04-01 14:20:00,232,199,33,0,48.5,10.15
2017-04-01 14:25:00,197,163,32,2,43.4,10.54
2017-04-01 14:30:00,179,155,24,0,45.3,7.96
2017-04-01 14:35:00,207,171,34,2,46.9,9.39
2017-04-01 14:40:00,175,143,30,2,44.1,15.0
2017-04-01 14:45:00,164,145,19,0,48.9,7.49
2017-04-01 14:50:00,163,140,21,2,51.0,6.91
2017-04-01 14:55:00,156,142,13,1,49.1,6.54
2017-04-01 15:00:00,140,122,18,0,50.0,5.72
2017-04-01 15:05:00,173,144,26,3,50.3,6.98
2017-04-01 15:10:00,147,126,20,1,50.7,6.14
2017-04-01 15:15:00,131,107,24,0,47.8,6.81
2017-04-01 15:20:00,172,140,31,1,51.3,7.17
2017-04-01 15:25:00,141,119,21,1,50.9,6.01
2017-04-01 15:30:00,135,118,15,2,49.9,5.88
2017-04-01 15:35:00,173,154,17,2,51.3,7.1
2017-04-01 15:40:00,185,169,12,4,41.2,9.28
2017-04-01 15:45:00,78,69,8,1,49.8,4.19
2017-04-01 15:50:00,182,159,20,3,51.5,7.47
2017-04-01 15:55:00,112,90,20,2,47.2,9.25
2017-04-01 16:00:00,156,132,19,5,47.5,7.12
2017-04-01 16:05:00,107,87,20,0,42.6,7.67
2017-04-01 16:10:00,170,150,20,0,48.0,7.38
2017-04-01 16:15:00,165,141,22,2,46.7,7.67
2017-04-01 16:20:00,188,149,38,1,48.2,9.77
2017-04-01 16:25:00,184,156,27,1,46.9,8.23
2017-04-01 16:30:00,166,146,19,1,45.7,7.48
2017-04-01 16:35:00,172,150,21,1,47.2,7.44
2017-04-01 16:40:00,169,152,14,3,44.8,11.84
2017-04-01 16:45:00,159,139,17,3,45.0,7.34
2017-04-01 16:50:00,189,163,24,2,48.4,8.27
2017-04-01 16:55:00,201,182,15,4,42.1,10.35
2017-04-01 17:00:00,97,90,7,0,42.3,7.24
2017-04-01 17:05:00,205,185,19,1,48.1,11.3
2017-04-01 17:10:00,170,155,14,1,45.4,8.88
2017-04-01 17:15:00,129,117,11,1,45.1,9.14
2017-04-01 17:20:00,157,140,16,1,48.5,9.58
2017-04-01 17:25:00,183,158,23,2,47.8,7.71
2017-04-01 17:30:00,83,73,10,0,50.9,6.87
2017-04-01 17:35:00,206,175,27,4,47.1,8.75
2017-04-01 17:40:00,50,44,6,0,40.3,5.55
2017-04-01 17:45:00,92,77,13,2,48.0,5.98
2017-04-01 17:50:00,155,133,19,3,48.5,9.57
2017-04-01 17:55:00,181,154,25,2,43.6,11.46
2017-04-01 18:00:00,111,95,14,2,41.4,8.96
2017-04-01 18:05:00,144,131,13,0,46.5,8.99
2017-04-01 18:10:00,201,179,19,3,42.6,13.76
2017-04-01 18:15:00,176,154,17,5,45.5,9.05
2017-04-01 18:20:00,183,167,16,0,46.3,9.14
2017-04-01 18:25:00,128,115,11,2,40.8,10.14
2017-04-01 18:30:00,76,68,8,0,50.2,6.24
2017-04-01 18:35:00,113,97,16,0,50.6,9.97
2017-04-01 18:40:00,76,67,8,1,43.6,6.83
2017-04-01 18:45:00,133,123,8,2,45.3,8.31
2017-04-01 18:50:00,35,33,2,0,46.3,7.47
2017-04-01 18:55:00,126,112,14,0,47.8,8.37
2017-04-01 19:00:00,162,156,6,0,41.1,10.6
2017-04-01 19:05:00,109,103,5,1,43.9,9.16
2017-04-01 19:10:00,23,20,3,0,56.3,7.56
2017-04-01 19:15:00,104,86,18,0,44.5,10.51
2017-04-01 19:20:00,76,69,7,0,44.4,8.56
2017-04-01 19:25:00,96,89,7,0,44.1,9.07
2017-04-01 19:30:00,105,93,11,1,46.6,9.38
2017-04-01 19:35:00,19,16,3,0,41.3,5.41
2017-04-01 19:40:00,154,132,21,1,43.2,9.4
2017-04-01 19:45:00,15,14,1,0,54.5,2.67
2017-04-01 19:50:00,59,50,8,1,43.3,9.38
2017-04-01 19:55:00,40,30,9,1,37.8,12.07
2017-04-01 20:00:00,104,94,9,1,46.8,6.93
2017-04-01 20:05:00,52,49,3,0,52.7,9.95
2017-04-01 20:10:00,101,88,13,0,49.2,7.35
2017-04-01 20:15:00,45,35,10,0,42.4,12.72
2017-04-01 20:20:00,146,131,14,1,48.7,8.12
2017-04-01 20:25:00,181,163,18,0,43.8,8.48
2017-04-01 20:30:00,106,100,5,1,42.1,6.38
2017-04-01 20:35:00,86,77,9,0,39.4,14.13
2017-04-01 20:40:00,89,81,8,0,42.5,10.69
2017-04-01 20:45:00,111,98,12,1,45.8,14.41
2017-04-01 20:50:00,88,79,8,1,54.2,8.7
2017-04-01 20:55:00,15,14,1,0,43.0,9.53
2017-04-01 21:00:00,73,66,6,1,41.6,11.49
2017-04-01 21:05:00,12,11,1,0,43.8,2.21
2017-04-01 21:10:00,93,82,9,2,47.5,10.57
2017-04-01 21:15:00,43,34,9,0,38.5,17.49
2017-04-01 21:20:00,120,102,17,1,41.8,13.99
2017-04-01 21:25:00,29,26,3,0,52.3,11.82
2017-04-01 21:30:00,37,29,8,0,26.5,12.94
2017-04-01 21:35:00,30,26,4,0,37.6,11.64
2017-04-01 21:40:00,39,30,8,1,33.7,10.15
2017-04-01 21:45:00,164,131,31,2,42.7,9.02
2017-04-01 21:50:00,32,32,0,0,45.9,5.24
2017-04-01 21:55:00,65,59,6,0,47.7,5.82
2017-04-01 22:00:00,49,41,8,0,42.7,8.6
2017-04-01 22:05:00,50,42,8,0,39.9,8.31
2017-04-01 22:10:00,154,135,19,0,42.5,10.17
2017-04-01 22:15:00,77,69,8,0,46.3,6.94
2017-04-01 22:20:00,90,78,11,1,45.0,6.77
2017-04-01 22:25:00,9,7,2,0,45.3,1.54
2017-04-01 22:30:00,5,5,0,0,76.0,1.74
2017-04-01 22:35:00,15,13,2,0,41.0,9.6
2017-04-01 22:40:00,36,29,6,1,39.1,5.71
2017-04-01 22:45:00,136,114,21,1,42.2,8.96
2017-04-01 22:50:00,44,33,11,0,33.3,4.27
2017-04-01 22:55:00,104,91,12,1,43.6,7.22
2017-04-01 23:00:00,19,17,2,0,60.7,7.59
2017-04-01 23:05:00,116,95,21,0,50.2,5.7
2017-04-01 23:10:00,102,85,17,0,57.0,4.59
2017-04-01 23:15:00,121,104,16,1,49.2,5.54
2017-04-01 23:20:00,5,5,0,0,48.8,0.96
2017-04-01 23:25:00,46,38,8,0,63.3,3.09
2017-04-01 23:30:00,7,7,0,0,45.0,4.52
2017-04-01 23:35:00,4,3,1,0,41.0,2.33
2017-04-01 23:40:00,23,23,0,0,47.7,1.84
2017-04-01 23:45:00,24,21,2,1,51.6,3.18
2017-04-01 23:50:00,22,21,1,0,59.8,4.69
2017-04-01 23:55:00,24,22,2,0,53.0,1.72
2017-04-02 00:00:00,73,67,6,0,54.1,3.4
2017-04-02 00:05:00,76,65,11,0,54.0,3.38
2017-04-02 00:10:00,83,65,18,0,56.6,3.88
2017-04-02 00:15:00,15,12,3,0,49.1,5.12
2017-04-02 00:20:00,60,50,8,2,60.8,3.13
2017-04-02 00:25:00,85,74,11,0,53.9,4.08
2017-04-02 00:30:00,64,51,13,0,52.4,3.33
2017-04-02 00:35:00,58,48,10,0,58.1,2.59
2017-04-02 00:40:00,14,14,0,0,56.5,2.91
2017-04-02 00:45:00,34,29,5,0,61.1,4.43
2017-04-02 00:50:00,77,60,16,1,59.4,3.5
2017-04-02 00:55:00,4,3,1,0,52.7,1.78
2017-04-02 01:00:00,85,65,20,0,56.4,4.42
2017-04-02 01:05:00,78,66,11,1,53.7,3.66
2017-04-02 01:10:00,83,65,18,0,52.9,4.68
2017-04-02 01:15:00,68,60,8,0,56.7,2.97
2017-04-02 01:20:00,66,55,11,0,65.8,2.73
2017-04-02 01:25:00,55,45,10,0,59.4,2.31
2017-04-02 01:30:00,63,52,11,0,62.6,2.85
2017-04-02 01:35:00,60,55,5,0,55.5,3.15
2017-04-02 01:40:00,60,49,10,1,62.6,2.57
2017-04-02 01:45:00,59,45,14,0,60.9,2.58
2017-04-02 01:50:00,51,37,14,0,63.0,2.21
2017-04-02 01:55:00,4,4,0,0,55.3,1.81
2017-04-02 02:00:00,56,44,12,0,61.1,2.25
2017-04-02 02:05:00,14,14,0,0,68.3,6.59
2017-04-02 02:10:00,42,32,10,0,58.6,1.79
2017-04-02 02:15:00,42,34,8,0,52.0,2.64
2017-04-02 02:20:00,46,37,9,0,60.6,2.11
2017-04-02 02:25:00,52,44,8,0,57.6,2.27
2017-04-02 02:30:00,46,39,7,0,66.0,1.88
2017-04-02 02:35:00,12,9,3,0,67.6,0.84
2017-04-02 02:40:00,53,44,9,0,65.1,2.4
2017-04-02 02:45:00,62,48,13,1,60.0,2.59
2017-04-02 02:50:00,36,32,4,0,67.5,1.38
2017-04-02 02:55:00,43,33,10,0,65.6,1.77
2017-04-02 03:00:00,49,41,8,0,62.9,2.09
2017-04-02 03:05:00,48,42,6,0,67.9,1.92
2017-04-02 03:10:00,46,34,12,0,71.0,1.79
2017-04-02 03:15:00,48,34,14,0,66.2,1.99
2017-04-02 03:20:00,33,23,10,0,70.0,1.29
2017-04-02 03:25:00,44,37,7,0,60.5,1.81
2017-04-02 03:30:00,37,31,6,0,62.7,1.55
2017-04-02 03:35:00,45,41,4,0,63.4,1.85
2017-04-02 03:40:00,32,25,7,0,62.1,1.42
2017-04-02 03:45:00,25,20,5,0,58.3,1.2
2017-04-02 03:50:00,9,7,2,0,73.7,3.41
2017-04-02 03:55:00,30,26,4,0,70.0,1.4
2017-04-02 04:00:00,28,21,7,0,67.5,1.22
2017-04-02 04:05:00,36,30,6,0,53.3,2.38
2017-04-02 04:10:00,27,22,5,0,63.6,1.04
2017-04-02 04:15:00,41,33,8,0,66.1,1.72
2017-04-02 04:20:00,44,34,9,1,63.2,1.79
2017-04-02 04:25:00,33,28,4,1,60.2,1.34
2017-04-02 04:30:00,16,14,2,0,63.6,2.4
2017-04-02 04:35:00,36,29,7,0,60.3,1.66
2017-04-02 04:40:00,31,27,4,0,63.6,1.19
2017-04-02 04:45:00,18,16,2,0,63.8,0.91
2017-04-02 04:50:00,31,23,8,0,63.6,1.32
2017-04-02 04:55:00,33,29,4,0,65.3,2.45
2017-04-02 05:00:00,14,13,1,0,68.4,3.16
2017-04-02 05:05:00,25,21,4,0,65.5,0.89
2017-04-02 05:10:00,40,36,4,0,60.4,1.83
2017-04-02 05:15:00,30,26,4,0,62.5,1.93
2017-04-02 05:20:00,30,25,5,0,62.4,1.11
2017-04-02 05:25:00,38,29,9,0,72.7,1.37
2017-04-02 05:30:00,38,29,9,0,60.9,1.7
2017-04-02 05:35:00,48,38,9,1,59.8,2.04
2017-04-02 05:40:00,35,33,2,0,61.0,1.3
2017-04-02 05:45:00,33,27,6,0,62.6,1.33
2017-04-02 05:50:00,37,32,5,0,57.0,1.76
2017-04-02 05:55:00,12,7,5,0,55.8,2.24
2017-04-02 06:00:00,38,32,6,0,56.0,1.53
2017-04-02 06:05:00,62,48,14,0,50.9,2.74
2017-04-02 06:10:00,76,59,15,2,45.7,4.69
2017-04-02 06:15:00,41,34,7,0,57.1,1.81
2017-04-02 06:20:00,57,48,8,1,53.7,2.85
2017-04-02 06:25:00,62,48,14,0,53.3,3.08
2017-04-02 06:30:00,47,38,8,1,56.6,2.23
2017-04-02 06:35:00,59,47,12,0,53.9,3.0
2017-04-02 06:40:00,60,50,9,1,57.0,2.43
2017-04-02 06:45:00,64,52,11,1,58.6,3.02
2017-04-02 06:50:00,52,47,5,0,59.4,2.15
2017-04-02 06:55:00,60,47,12,1,55.3,2.44
2017-04-02 07:00:00,49,38,11,0,55.6,2.25
2017-04-02 07:05:00,57,43,14,0,52.2,2.96
2017-04-02 07:10:00,70,55,13,2,60.2,2.77
2017-04-02 07:15:00,60,53,7,0,59.9,2.33
2017-04-02 07:20:00,90,70,19,1,60.1,3.92
2017-04-02 07:25:00,54,40,14,0,59.6,1.93
2017-04-02 07:30:00,60,49,11,0,59.8,2.44
2017-04-02 07:35:00,76,63,12,1,61.7,2.56
2017-04-02 07:40:00,55,45,10,0,57.1,2.29
2017-04-02 07:45:00,60,51,8,1,54.8,2.41
2017-04-02 07:50:00,75,66,8,1,62.4,2.56
2017-04-02 07:55:00,55,47,7,1,59.0,2.27
2017-04-02 08:00:00,50,39,11,0,57.2,2.0
2017-04-02 08:05:00,92,79,12,1,62.3,3.38
2017-04-02 08:10:00,76,67,8,1,63.1,2.58
2017-04-02 08:15:00,90,85,4,1,54.8,3.38
2017-04-02 08:20:00,120,101,18,1,56.0,4.48
2017-04-02 08:25:00,98,89,9,0,58.3,3.56
2017-04-02 08:30:00,81,67,10,4,57.7,2.83
2017-04-02 08:35:00,117,97,20,0,56.4,4.43
2017-04-02 08:40:00,106,95,11,0,53.4,4.65
2017-04-02 08:45:00,114,99,15,0,49.9,4.94
2017-04-02 08:50:00,141,121,19,1,51.7,5.83
2017-04-02 08:55:00,112,91,21,0,54.3,4.53
2017-04-02 09:00:00,98,83,15,0,52.3,3.98
2017-04-02 09:05:00,114,98,16,0,54.2,4.44
2017-04-02 09:10:00,114,91,20,3,52.6,4.92
2017-04-02 09:15:00,111,103,7,1,51.5,4.36
2017-04-02 09:20:00,135,123,9,3,52.2,5.1
2017-04-02 09:25:00,124,111,10,3,50.1,4.98
2017-04-02 09:30:00,124,111,10,3,44.5,31.66
2017-04-02 09:35:00,159,135,22,2,41.9,26.53
2017-04-02 09:40:00,132,114,18,0,49.1,5.35
2017-04-02 09:45:00,24,19,5,0,36.2,7.15
2017-04-02 09:50:00,174,148,25,1,49.9,7.19
2017-04-02 09:55:00,143,135,6,2,48.3,5.8
2017-04-02 10:00:00,125,107,16,2,49.4,5.24
2017-04-02 10:05:00,164,142,21,1,45.0,7.74
2017-04-02 10:10:00,183,162,15,6,42.3,8.07
2017-04-02 10:15:00,140,119,16,5,45.4,5.9
2017-04-02 10:20:00,192,164,26,2,44.0,9.34
2017-04-02 10:25:00,144,133,9,2,49.5,5.54
2017-04-02 10:30:00,127,113,13,1,43.6,13.14
2017-04-02 10:35:00,194,166,23,5,44.8,8.63
2017-04-02 10:40:00,172,152,18,2,42.4,8.09
2017-04-02 10:45:00,128,108,17,3,50.2,5.0
2017-04-02 10:50:00,181,163,17,1,50.3,7.22
2017-04-02 10:55:00,158,142,13,3,53.6,6.19
2017-04-02 11:00:00,105,95,9,1,50.4,4.17
2017-04-02 11:05:00,161,146,14,1,49.0,6.9
2017-04-02 11:10:00,144,125,16,3,46.9,6.35
2017-04-02 11:15:00,169,143,25,1,40.7,9.19
2017-04-02 11:20:00,177,156,20,1,44.8,8.23
2017-04-02 11:25:00,139,125,11,3,45.1,6.17
2017-04-02 11:30:00,128,117,11,0,46.3,5.75
2017-04-02 11:35:00,170,150,17,3,46.1,7.1
2017-04-02 11:40:00,182,161,17,4,48.2,7.66
2017-04-02 11:45:00,130,115,13,2,48.8,5.49
2017-04-02 11:50:00,162,142,18,2,51.4,6.5
2017-04-02 11:55:00,152,142,7,3,47.2,6.49
2017-04-02 12:00:00,115,99,16,0,50.8,4.52
2017-04-02 12:05:00,159,144,15,0,48.4,6.55
2017-04-02 12:10:00,144,130,11,3,48.7,5.99
2017-04-02 12:15:00,116,106,7,3,46.4,4.49
2017-04-02 12:20:00,159,147,9,3,50.0,5.76
2017-04-02 12:25:00,161,145,14,2,46.7,6.54
2017-04-02 12:30:00,155,140,13,2,39.9,6.84
2017-04-02 12:35:00,166,151,11,4,44.8,6.97
2017-04-02 12:40:00,164,150,11,3,43.6,7.03
2017-04-02 12:45:00,117,105,8,4,49.4,5.47
2017-04-02 12:50:00,155,141,13,1,51.3,6.04
2017-04-02 12:55:00,139,123,12,4,50.8,5.39
2017-04-02 13:00:00,84,73,8,3,45.1,3.74
2017-04-02 13:05:00,163,149,14,0,48.3,6.28
2017-04-02 13:10:00,130,120,9,1,47.0,5.5
2017-04-02 13:15:00,157,144,13,0,44.2,6.65
2017-04-02 13:20:00,195,176,17,2,43.1,8.53
2017-04-02 13:25:00,165,145,18,2,42.6,7.24
2017-04-02 13:30:00,120,104,15,1,47.1,6.46
2017-04-02 13:35:00,197,170,22,5,45.5,8.24
2017-04-02 13:40:00,175,158,15,2,46.2,7.78
2017-04-02 13:45:00,140,119,14,7,45.1,6.52
2017-04-02 13:50:00,165,153,11,1,47.8,13.79
2017-04-02 13:55:00,162,144,14,4,42.7,6.79
2017-04-02 14:00:00,152,141,10,1,41.2,6.99
2017-04-02 14:05:00,165,146,8,11,46.2,5.92
2017-04-02 14:10:00,161,145,14,2,41.6,7.65
2017-04-02 14:15:00,187,154,32,1,34.5,12.33
2017-04-02 14:20:00,184,153,30,1,42.1,8.36
2017-04-02 14:25:00,185,164,21,0,39.7,10.32
2017-04-02 14:30:00,166,142,21,3,42.1,8.44
2017-04-02 14:35:00,183,157,26,0,45.0,8.28
2017-04-02 14:40:00,173,146,26,1,46.2,7.84
2017-04-02 14:45:00,150,126,23,1,42.7,7.41
2017-04-02 14:50:00,199,166,32,1,46.9,9.13
2017-04-02 14:55:00,184,160,24,0,44.9,8.49
2017-04-02 15:00:00,163,130,33,0,46.0,7.85
2017-04-02 15:05:00,174,136,37,1,46.5,7.89
2017-04-02 15:10:00,177,147,29,1,45.9,7.71
2017-04-02 15:15:00,170,145,24,1,43.0,8.46
2017-04-02 15:20:00,182,149,30,3,47.1,7.87
2017-04-02 15:25:00,181,144,36,1,46.8,8.54
2017-04-02 15:30:00,155,129,24,2,45.3,7.17
2017-04-02 15:35:00,204,165,35,4,46.7,9.01
2017-04-02 15:40:00,158,130,26,2,47.6,7.19
2017-04-02 15:45:00,136,118,17,1,47.9,5.95
2017-04-02 15:50:00,183,150,30,3,47.0,8.89
2017-04-02 15:55:00,168,138,29,1,43.7,8.15
2017-04-02 16:00:00,170,142,26,2,41.0,12.21
2017-04-02 16:05:00,170,142,26,2,47.4,7.83
2017-04-02 16:10:00,180,153,25,2,41.9,8.84
2017-04-02 16:15:00,160,142,18,0,42.9,8.13
2017-04-02 16:20:00,197,171,21,5,48.7,8.77
2017-04-02 16:25:00,173,145,26,2,47.3,7.89
2017-04-02 16:30:00,155,139,14,2,44.6,6.56
2017-04-02 16:35:00,168,152,13,3,45.6,7.32
2017-04-02 16:40:00,141,120,19,2,45.0,6.19
2017-04-02 16:45:00,114,95,16,3,50.3,4.7
2017-04-02 16:50:00,179,154,21,4,46.1,7.46
2017-04-02 16:55:00,150,135,11,4,45.8,6.23
2017-04-02 17:00:00,160,144,14,2,46.0,7.3
2017-04-02 17:05:00,181,162,16,3,47.5,7.93
2017-04-02 17:10:00,164,146,16,2,48.6,6.51
2017-04-02 17:15:00,156,133,20,3,49.2,6.35
2017-04-02 17:20:00,191,167,16,8,47.6,7.82
2017-04-02 17:25:00,174,154,17,3,45.7,7.07
2017-04-02 17:30:00,158,151,5,2,43.2,7.07
2017-04-02 17:35:00,203,175,22,6,46.0,9.99
2017-04-02 17:40:00,179,167,10,2,43.8,8.02
2017-04-02 17:45:00,153,134,15,4,45.8,6.67
2017-04-02 17:50:00,195,168,22,5,49.0,9.05
2017-04-02 17:55:00,185,172,13,0,46.4,8.2
2017-04-02 18:00:00,127,114,12,1,48.4,5.53
2017-04-02 18:05:00,158,142,16,0,52.2,6.26
2017-04-02 18:10:00,149,126,20,3,49.8,6.32
2017-04-02 18:15:00,126,117,7,2,49.9,5.03
2017-04-02 18:20:00,187,162,21,4,48.6,7.83
2017-04-02 18:25:00,128,110,16,2,49.8,5.58
2017-04-02 18:30:00,132,117,14,1,47.9,5.63
2017-04-02 18:35:00,179,156,21,2,49.8,7.34
2017-04-02 18:40:00,181,166,14,1,49.6,7.49
2017-04-02 18:45:00,109,97,10,2,49.2,5.16
2017-04-02 18:50:00,148,128,19,1,49.4,6.15
2017-04-02 18:55:00,163,145,17,1,49.9,6.99
2017-04-02 19:00:00,152,146,6,0,44.8,7.07
2017-04-02 19:05:00,162,154,8,0,47.6,6.73
2017-04-02 19:10:00,148,137,9,2,49.5,6.33
2017-04-02 19:15:00,154,138,15,1,45.8,7.19
2017-04-02 19:20:00,163,146,17,0,48.7,7.08
2017-04-02 19:25:00,168,152,16,0,48.9,7.6
2017-04-02 19:30:00,126,111,15,0,49.1,5.42
2017-04-02 19:35:00,163,144,15,4,48.9,6.94
2017-04-02 19:40:00,149,133,15,1,48.7,6.9
2017-04-02 19:45:00,121,112,9,0,50.1,5.49
2017-04-02 19:50:00,171,151,19,1,48.2,7.41
2017-04-02 19:55:00,157,127,30,0,46.8,8.26
2017-04-02 20:00:00,129,121,8,0,49.7,5.7
2017-04-02 20:05:00,186,165,21,0,51.3,8.48
2017-04-02 20:10:00,135,120,15,0,46.8,6.28
2017-04-02 20:15:00,138,122,15,1,45.0,6.59
2017-04-02 20:20:00,187,167,20,0,48.2,8.16
2017-04-02 20:25:00,140,124,15,1,47.2,6.56
2017-04-02 20:30:00,138,121,17,0,45.3,6.87
2017-04-02 20:35:00,194,168,26,0,43.8,9.27
2017-04-02 20:40:00,164,140,23,1,48.7,7.54
2017-04-02 20:45:00,168,144,24,0,43.8,9.32
2017-04-02 20:50:00,180,156,24,0,50.1,8.69
2017-04-02 20:55:00,143,134,8,1,52.1,6.15
2017-04-02 21:00:00,125,110,15,0,49.7,5.52
2017-04-02 21:05:00,152,131,21,0,48.1,7.66
2017-04-02 21:10:00,160,135,22,3,39.8,9.62
2017-04-02 21:15:00,114,95,19,0,44.4,5.69
2017-04-02 21:20:00,146,123,22,1,42.4,8.12
2017-04-02 21:25:00,127,106,21,0,44.7,6.5
2017-04-02 21:30:00,142,119,23,0,42.1,7.59
2017-04-02 21:35:00,147,133,14,0,40.7,8.28
2017-04-02 21:40:00,118,105,13,0,46.5,6.28
2017-04-02 21:45:00,117,106,11,0,48.7,5.38
2017-04-02 21:50:00,115,99,15,1,50.8,5.67
2017-04-02 21:55:00,112,97,14,1,47.9,5.73
2017-04-02 22:00:00,113,95,16,2,42.3,7.24
2017-04-02 22:05:00,106,95,11,0,50.5,4.31
2017-04-02 22:10:00,142,120,21,1,47.6,7.9
2017-04-02 22:15:00,136,123,13,0,47.3,6.36
2017-04-02 22:20:00,127,113,14,0,50.4,6.74
2017-04-02 22:25:00,84,77,7,0,54.9,3.81
2017-04-02 22:30:00,91,75,16,0,54.6,4.2
2017-04-02 22:35:00,72,58,14,0,53.2,3.56
2017-04-02 22:40:00,68,55,13,0,52.2,3.24
2017-04-02 22:45:00,83,70,13,0,48.4,4.15
2017-04-02 22:50:00,97,86,10,1,48.3,4.63
2017-04-02 22:55:00,85,70,14,1,54.0,3.78
2017-04-02 23:00:00,74,61,12,1,54.4,3.51
2017-04-02 23:05:00,72,62,10,0,55.8,3.46
2017-04-02 23:10:00,94,78,16,0,55.8,4.06
2017-04-02 23:15:00,82,69,13,0,52.5,3.93
2017-04-02 23:20:00,65,56,9,0,53.2,3.03
2017-04-02 23:25:00,67,61,6,0,54.7,3.97
2017-04-02 23:30:00,81,70,11,0,52.3,3.48
2017-04-02 23:35:00,82,71,11,0,56.9,3.25
2017-04-02 23:40:00,65,55,9,1,58.4,2.96
2017-04-02 23:45:00,76,67,8,1,57.3,3.36
2017-04-02 23:50:00,68,57,10,1,57.4,2.84
2017-04-02 23:55:00,62,54,8,0,59.6,2.54
2017-04-03 00:00:00,60,51,9,0,56.2,2.72
2017-04-03 00:05:00,58,44,14,0,56.2,2.83
2017-04-03 00:10:00,63,53,9,1,57.3,2.55
2017-04-03 00:15:00,68,53,14,1,60.7,2.88
2017-04-03 00:20:00,62,55,7,0,54.5,2.87
2017-04-03 00:25:00,57,51,6,0,55.6,2.43
2017-04-03 00:30:00,72,65,6,1,55.1,3.47
2017-04-03 00:35:00,57,45,12,0,58.3,2.56
2017-04-03 00:40:00,45,40,5,0,58.6,2.15
2017-04-03 00:45:00,52,40,12,0,60.2,3.02
2017-04-03 00:50:00,42,35,6,1,59.7,1.71
2017-04-03 00:55:00,31,29,2,0,59.7,1.18
2017-04-03 01:00:00,29,20,9,0,66.1,1.18
2017-04-03 01:05:00,43,36,7,0,63.4,2.08
2017-04-03 01:10:00,45,33,12,0,60.3,2.12
2017-04-03 01:15:00,33,28,5,0,59.5,1.5
2017-04-03 01:20:00,42,35,7,0,70.5,1.59
2017-04-03 01:25:00,34,26,8,0,65.4,1.39
2017-04-03 01:30:00,35,29,5,1,57.7,1.49
2017-04-03 01:35:00,31,25,6,0,65.1,1.19
2017-04-03 01:40:00,33,24,9,0,61.1,1.5
2017-04-03 01:45:00,28,25,3,0,64.2,1.02
2017-04-03 01:50:00,22,18,4,0,61.6,1.16
2017-04-03 01:55:00,32,25,7,0,63.7,1.3
2017-04-03 02:00:00,32,28,4,0,58.0,1.35
2017-04-03 02:05:00,27,23,4,0,65.0,1.0
2017-04-03 02:10:00,25,22,3,0,62.9,1.3
2017-04-03 02:15:00,26,20,6,0,58.0,1.25
2017-04-03 02:20:00,18,11,7,0,61.2,0.91
2017-04-03 02:25:00,15,13,2,0,61.8,0.58
2017-04-03 02:30:00,26,22,4,0,68.4,1.06
2017-04-03 02:35:00,21,20,1,0,59.4,0.92
2017-04-03 02:40:00,25,21,4,0,58.7,1.15
2017-04-03 02:45:00,19,13,6,0,59.5,0.73
2017-04-03 02:50:00,15,12,2,1,64.0,0.75
2017-04-03 02:55:00,19,14,5,0,61.3,0.94
2017-04-03 03:00:00,17,8,9,0,70.5,0.86
2017-04-03 03:05:00,27,20,7,0,63.0,1.06
2017-04-03 03:10:00,27,22,5,0,58.5,1.32
2017-04-03 03:15:00,15,13,2,0,63.6,0.67
2017-04-03 03:20:00,18,13,5,0,65.5,0.77
2017-04-03 03:25:00,20,13,7,0,58.5,0.98
2017-04-03 03:30:00,23,21,2,0,66.2,0.96
2017-04-03 03:35:00,19,19,0,0,67.2,0.75
2017-04-03 03:40:00,19,17,2,0,62.8,0.86
2017-04-03 03:45:00,14,11,3,0,69.8,0.6
2017-04-03 03:50:00,15,10,5,0,67.2,0.68
2017-04-03 03:55:00,16,13,3,0,61.9,0.7
2017-04-03 04:00:00,20,18,2,0,61.6,0.82
2017-04-03 04:05:00,21,17,3,1,56.8,0.99
2017-04-03 04:10:00,13,10,3,0,53.9,0.59
2017-04-03 04:15:00,20,14,6,0,62.9,0.89
2017-04-03 04:20:00,12,11,1,0,52.7,0.69
2017-04-03 04:25:00,18,15,3,0,62.0,0.73
2017-04-03 04:30:00,19,14,5,0,63.4,0.75
2017-04-03 04:35:00,40,32,7,1,51.8,2.19
2017-04-03 04:40:00,22,17,5,0,56.6,1.1
2017-04-03 04:45:00,43,38,5,0,52.9,1.82
2017-04-03 04:50:00,34,30,4,0,59.4,1.27
2017-04-03 04:55:00,27,23,4,0,66.5,1.05
2017-04-03 05:00:00,22,15,7,0,53.5,0.91
2017-04-03 05:05:00,18,16,2,0,59.2,0.78
2017-04-03 05:10:00,35,29,6,0,59.8,1.51
2017-04-03 05:15:00,28,23,5,0,62.7,1.2
2017-04-03 05:20:00,24,18,6,0,59.3,0.95
2017-04-03 05:25:00,31,29,2,0,54.5,1.28
2017-04-03 05:30:00,47,39,7,1,58.6,1.91
2017-04-03 05:35:00,48,39,9,0,49.1,2.28
2017-04-03 05:40:00,46,38,8,0,55.9,2.39
2017-04-03 05:45:00,47,43,4,0,54.7,2.04
2017-04-03 05:50:00,51,47,4,0,56.2,3.15
2017-04-03 05:55:00,54,50,4,0,57.7,8.81
2017-04-03 06:00:00,66,60,6,0,58.3,14.11
2017-04-03 06:05:00,74,57,16,1,54.3,3.61
2017-04-03 06:10:00,57,48,9,0,55.2,2.6
2017-04-03 06:15:00,75,64,11,0,56.9,2.87
2017-04-03 06:20:00,55,46,8,1,53.8,2.76
2017-04-03 06:25:00,75,57,17,1,46.3,3.68
2017-04-03 06:30:00,77,65,11,1,50.3,3.72
2017-04-03 06:35:00,103,76,25,2,53.5,4.72
2017-04-03 06:40:00,92,72,19,1,49.9,3.99
2017-04-03 06:45:00,100,86,14,0,50.4,4.59
2017-04-03 06:50:00,89,72,16,1,49.5,4.23
2017-04-03 06:55:00,99,85,14,0,53.4,4.23
2017-04-03 07:00:00,121,95,25,1,51.6,5.8
2017-04-03 07:05:00,108,92,16,0,57.1,4.02
2017-04-03 07:10:00,124,108,14,2,52.3,4.56
2017-04-03 07:15:00,141,116,24,1,53.7,5.52
2017-04-03 07:20:00,161,129,31,1,56.0,6.3
2017-04-03 07:25:00,154,139,13,2,50.7,6.26
2017-04-03 07:30:00,179,156,23,0,53.8,7.01
2017-04-03 07:35:00,224,201,22,1,52.4,8.58
2017-04-03 07:40:00,180,158,20,2,51.8,7.04
2017-04-03 07:45:00,179,161,16,2,54.7,6.34
2017-04-03 07:50:00,208,186,22,0,54.3,7.42
2017-04-03 07:55:00,151,135,16,0,54.0,5.62
2017-04-03 08:00:00,204,177,21,6,52.4,7.39
2017-04-03 08:05:00,214,193,18,3,53.5,7.8
2017-04-03 08:10:00,184,162,18,4,47.2,8.44
2017-04-03 08:15:00,192,168,22,2,39.5,16.14
2017-04-03 08:20:00,247,222,24,1,46.0,13.96
2017-04-03 08:25:00,150,137,12,1,53.6,5.9
2017-04-03 08:30:00,198,180,18,0,50.8,8.01
2017-04-03 08:35:00,217,190,27,0,54.2,7.89
2017-04-03 08:40:00,153,132,21,0,50.9,6.01
2017-04-03 08:45:00,174,149,25,0,52.1,7.22
2017-04-03 08:50:00,180,169,10,1,51.7,7.08
2017-04-03 08:55:00,140,119,20,1,53.2,5.94
2017-04-03 09:00:00,128,99,28,1,54.6,5.55
2017-04-03 09:05:00,153,137,15,1,53.7,5.89
2017-04-03 09:10:00,144,133,9,2,55.0,5.84
2017-04-03 09:15:00,175,150,23,2,51.2,9.91
2017-04-03 09:20:00,188,173,14,1,49.3,8.45
2017-04-03 09:25:00,166,149,15,2,50.2,6.62
2017-04-03 09:30:00,136,121,15,0,50.4,5.78
2017-04-03 09:35:00,177,158,16,3,48.3,7.43
2017-04-03 09:40:00,166,137,27,2,52.8,6.94
2017-04-03 09:45:00,191,167,23,1,49.3,9.28
2017-04-03 09:50:00,169,147,21,1,51.3,7.08
2017-04-03 09:55:00,155,135,18,2,48.5,6.91
2017-04-03 10:00:00,144,130,14,0,48.0,6.31
2017-04-03 10:05:00,154,126,28,0,39.4,11.14
2017-04-03 10:10:00,160,139,19,2,44.4,10.64
2017-04-03 10:15:00,155,137,17,1,50.3,6.75
2017-04-03 10:20:00,164,139,23,2,46.1,14.29
2017-04-03 10:25:00,180,159,21,0,47.4,7.75
2017-04-03 10:30:00,155,130,21,4,45.0,6.57
2017-04-03 10:35:00,122,99,21,2,50.6,4.8
2017-04-03 10:40:00,166,146,20,0,45.9,8.09
2017-04-03 10:45:00,165,141,22,2,48.0,7.37
2017-04-03 10:50:00,148,127,19,2,49.4,6.69
2017-04-03 10:55:00,168,152,15,1,50.7,6.81
2017-04-03 11:00:00,184,164,20,0,52.8,7.12
2017-04-03 11:05:00,187,158,29,0,47.3,8.22
2017-04-03 11:10:00,164,150,13,1,50.0,6.88
2017-04-03 11:15:00,144,126,18,0,50.4,6.5
2017-04-03 11:20:00,177,148,26,3,46.3,7.81
2017-04-03 11:25:00,158,137,19,2,48.4,6.71
2017-04-03 11:30:00,156,140,15,1,45.5,7.18
2017-04-03 11:35:00,148,134,13,1,48.3,6.33
2017-04-03 11:40:00,186,165,19,2,45.6,8.7
2017-04-03 11:45:00,155,137,17,1,52.5,6.39
2017-04-03 11:50:00,157,136,20,1,49.7,6.96
2017-04-03 11:55:00,170,151,19,0,49.3,7.22
2017-04-03 12:00:00,131,118,11,2,51.6,5.1
2017-04-03 12:05:00,155,134,20,1,50.5,6.23
2017-04-03 12:10:00,148,128,19,1,50.7,6.35
2017-04-03 12:15:00,173,155,15,3,48.7,6.97
2017-04-03 12:20:00,159,137,20,2,51.7,6.27
2017-04-03 12:25:00,138,123,14,1,49.7,5.96
2017-04-03 12:30:00,150,134,15,1,52.6,5.39
2017-04-03 12:35:00,130,119,9,2,48.5,5.87
2017-04-03 12:40:00,132,128,3,1,46.9,5.42
2017-04-03 12:45:00,155,144,8,3,46.1,6.13
2017-04-03 12:50:00,158,138,17,3,46.4,6.26
2017-04-03 12:55:00,138,121,17,0,51.0,6.36
2017-04-03 13:00:00,150,138,10,2,46.3,6.36
2017-04-03 13:05:00,143,129,11,3,50.3,5.66
2017-04-03 13:10:00,162,143,17,2,49.1,6.79
2017-04-03 13:15:00,142,135,6,1,49.3,5.56
2017-04-03 13:20:00,139,121,16,2,48.9,5.87
2017-04-03 13:25:00,150,136,11,3,47.0,6.8
2017-04-03 13:30:00,145,124,16,5,50.3,5.52
2017-04-03 13:35:00,143,121,15,7,44.3,9.83
2017-04-03 13:40:00,163,143,14,6,47.8,6.81
2017-04-03 13:45:00,140,126,10,4,49.9,5.52
2017-04-03 13:50:00,155,136,14,5,48.5,6.77
2017-04-03 13:55:00,138,125,11,2,47.9,5.47
2017-04-03 14:00:00,126,112,11,3,44.6,5.18
2017-04-03 14:05:00,146,125,15,6,46.1,6.32
2017-04-03 14:10:00,173,151,20,2,47.2,7.46
2017-04-03 14:15:00,174,137,37,0,48.8,7.43
2017-04-03 14:20:00,180,146,34,0,45.3,8.56
2017-04-03 14:25:00,185,157,26,2,48.3,8.08
2017-04-03 14:30:00,142,104,36,2,48.1,7.16
2017-04-03 14:35:00,165,127,38,0,47.3,8.35
2017-04-03 14:40:00,173,141,31,1,45.5,8.37
2017-04-03 14:45:00,187,147,37,3,44.0,9.49
2017-04-03 14:50:00,157,138,18,1,47.8,7.12
2017-04-03 14:55:00,175,144,31,0,48.2,8.08
2017-04-03 15:00:00,170,134,36,0,46.9,8.43
2017-04-03 15:05:00,167,133,32,2,44.1,8.46
2017-04-03 15:10:00,163,139,22,2,46.6,7.42
2017-04-03 15:15:00,138,123,14,1,49.2,6.16
2017-04-03 15:20:00,155,132,23,0,47.2,7.09
2017-04-03 15:25:00,176,147,27,2,50.0,7.77
2017-04-03 15:30:00,172,146,25,1,44.3,8.57
2017-04-03 15:35:00,185,140,43,2,39.0,11.16
2017-04-03 15:40:00,190,155,28,7,40.8,9.47
2017-04-03 15:45:00,158,133,25,0,43.9,7.66
2017-04-03 15:50:00,171,132,37,2,40.9,8.53
2017-04-03 15:55:00,161,123,38,0,47.0,7.76
2017-04-03 16:00:00,172,139,30,3,41.0,9.03
2017-04-03 16:05:00,145,116,28,1,43.4,7.28
2017-04-03 16:10:00,175,139,35,1,42.9,8.6
2017-04-03 16:15:00,182,156,25,1,42.4,9.82
2017-04-03 16:20:00,182,151,31,0,46.1,12.45
2017-04-03 16:25:00,152,132,19,1,45.5,7.06
2017-04-03 16:30:00,149,126,20,3,45.3,6.96
2017-04-03 16:35:00,148,133,13,2,46.7,6.78
2017-04-03 16:40:00,158,134,19,5,46.7,7.15
2017-04-03 16:45:00,175,157,16,2,45.2,8.04
2017-04-03 16:50:00,145,125,17,3,48.7,6.79
2017-04-03 16:55:00,138,121,12,5,46.9,6.96
2017-04-03 17:00:00,173,156,16,1,47.9,6.76
2017-04-03 17:05:00,161,129,26,6,37.7,18.2
2017-04-03 17:10:00,175,155,17,3,39.1,31.39
2017-04-03 17:15:00,174,156,15,3,45.8,8.32
2017-04-03 17:20:00,209,184,23,2,47.9,8.08
2017-04-03 17:25:00,184,168,14,2,46.6,8.35
2017-04-03 17:30:00,146,125,17,4,45.8,7.66
2017-04-03 17:35:00,205,172,30,3,51.0,8.56
2017-04-03 17:40:00,208,170,32,6,47.5,9.41
2017-04-03 17:45:00,153,140,12,1,47.8,7.18
2017-04-03 17:50:00,202,187,12,3,49.2,8.15
2017-04-03 17:55:00,186,161,21,4,47.7,7.46
2017-04-03 18:00:00,137,117,18,2,45.4,7.97
2017-04-03 18:05:00,226,202,18,6,43.9,11.53
2017-04-03 18:10:00,194,163,27,4,42.5,9.7
2017-04-03 18:15:00,211,189,19,3,47.3,8.57
2017-04-03 18:20:00,221,189,27,5,46.1,13.01
2017-04-03 18:25:00,196,174,17,5,43.3,9.29
2017-04-03 18:30:00,203,175,24,4,45.6,10.8
2017-04-03 18:35:00,210,183,25,2,49.2,8.55
2017-04-03 18:40:00,181,154,25,2,44.9,10.54
2017-04-03 18:45:00,223,203,20,0,45.0,10.18
2017-04-03 18:50:00,254,232,22,0,44.3,11.09
2017-04-03 18:55:00,208,184,23,1,48.8,9.42
2017-04-03 19:00:00,178,168,10,0,43.7,9.58
2017-04-03 19:05:00,201,191,8,2,50.8,8.76
2017-04-03 19:10:00,198,183,14,1,48.9,8.15
2017-04-03 19:15:00,174,162,11,1,45.4,10.05
2017-04-03 19:20:00,221,199,22,0,46.6,11.13
2017-04-03 19:25:00,208,181,26,1,39.2,13.63
2017-04-03 19:30:00,157,133,24,0,43.8,13.68
2017-04-03 19:35:00,186,161,23,2,47.7,10.44
2017-04-03 19:40:00,164,145,19,0,48.7,7.63
2017-04-03 19:45:00,182,148,33,1,45.0,9.29
2017-04-03 19:50:00,209,186,22,1,46.2,9.0
2017-04-03 19:55:00,160,143,17,0,46.1,9.9
2017-04-03 20:00:00,172,142,30,0,44.6,8.24
2017-04-03 20:05:00,183,152,30,1,49.3,8.37
2017-04-03 20:10:00,170,153,17,0,49.6,6.97
2017-04-03 20:15:00,161,144,16,1,45.8,8.37
2017-04-03 20:20:00,181,155,25,1,49.0,13.32
2017-04-03 20:25:00,186,157,27,2,48.8,8.64
2017-04-03 20:30:00,134,117,17,0,47.5,6.05
2017-04-03 20:35:00,156,131,24,1,49.4,8.39
2017-04-03 20:40:00,121,101,19,1,48.3,5.65
2017-04-03 20:45:00,140,121,19,0,50.7,5.75
2017-04-03 20:50:00,156,137,18,1,51.8,8.34
2017-04-03 20:55:00,147,130,17,0,49.7,7.06
2017-04-03 21:00:00,139,123,16,0,46.7,6.28
2017-04-03 21:05:00,162,141,20,1,47.4,7.07
2017-04-03 21:10:00,179,138,41,0,38.2,11.84
2017-04-03 21:15:00,141,117,23,1,35.4,11.59
2017-04-03 21:20:00,170,156,13,1,41.5,10.85
2017-04-03 21:25:00,177,152,24,1,40.1,10.79
2017-04-03 21:30:00,150,131,18,1,38.7,10.91
2017-04-03 21:35:00,178,148,29,1,41.0,12.74
2017-04-03 21:40:00,175,143,32,0,38.5,13.32
2017-04-03 21:45:00,176,145,28,3,40.3,10.26
2017-04-03 21:50:00,136,125,9,2,39.9,7.78
2017-04-03 21:55:00,140,126,12,2,43.4,9.0
2017-04-03 22:00:00,152,128,20,4,39.6,11.79
2017-04-03 22:05:00,184,155,27,2,37.9,14.45
2017-04-03 22:10:00,166,138,28,0,35.9,17.01
2017-04-03 22:15:00,163,132,29,2,41.6,10.72
2017-04-03 22:20:00,177,145,31,1,38.2,23.08
2017-04-03 22:25:00,178,143,33,2,36.0,13.9
2017-04-03 22:30:00,126,113,11,2,44.3,7.75
2017-04-03 22:35:00,111,94,17,0,45.3,5.84
2017-04-03 22:40:00,154,123,30,1,43.6,8.36
2017-04-03 22:45:00,131,113,18,0,40.4,9.78
2017-04-03 22:50:00,120,102,18,0,47.8,6.21
2017-04-03 22:55:00,114,90,22,2,43.8,7.29
2017-04-03 23:00:00,115,102,13,0,47.5,4.88
2017-04-03 23:05:00,100,89,11,0,50.7,4.77
2017-04-03 23:10:00,114,91,22,1,44.8,7.42
2017-04-03 23:15:00,99,81,17,1,50.6,4.58
2017-04-03 23:20:00,108,97,11,0,50.3,9.36
2017-04-03 23:25:00,73,58,15,0,56.7,3.53
2017-04-03 23:30:00,100,84,15,1,51.1,8.46
2017-04-03 23:35:00,111,92,17,2,45.2,4.94
2017-04-03 23:40:00,77,66,10,1,56.4,3.73
2017-04-03 23:45:00,94,85,9,0,59.2,3.88
2017-04-03 23:50:00,66,61,5,0,52.7,2.82
2017-04-03 23:55:00,81,63,18,0,57.6,3.29
2017-04-04 00:00:00,82,73,9,0,56.7,3.23
2017-04-04 00:05:00,48,47,1,0,54.3,2.1
2017-04-04 00:10:00,107,95,12,0,55.9,4.66
2017-04-04 00:15:00,90,81,9,0,53.2,4.09
2017-04-04 00:20:00,49,41,8,0,55.6,2.19
2017-04-04 00:25:00,54,48,6,0,57.3,2.28
2017-04-04 00:30:00,71,65,6,0,54.0,3.04
2017-04-04 00:35:00,68,60,7,1,55.3,3.29
2017-04-04 00:40:00,51,47,4,0,53.2,2.18
2017-04-04 00:45:00,49,41,8,0,56.2,6.03
2017-04-04 00:50:00,58,49,9,0,57.3,2.84
2017-04-04 00:55:00,64,50,13,1,59.4,2.75
2017-04-04 01:00:00,65,54,11,0,57.4,2.83
2017-04-04 01:05:00,44,39,5,0,60.9,1.91
2017-04-04 01:10:00,60,52,7,1,58.5,2.64
2017-04-04 01:15:00,35,32,3,0,61.6,1.56
2017-04-04 01:20:00,43,37,6,0,61.6,1.71
2017-04-04 01:25:00,41,33,8,0,61.2,1.74
2017-04-04 01:30:00,46,38,8,0,62.1,2.06
2017-04-04 01:35:00,34,28,6,0,62.9,1.46
2017-04-04 01:40:00,37,31,6,0,55.9,1.79
2017-04-04 01:45:00,42,35,7,0,57.3,1.93
2017-04-04 01:50:00,37,29,8,0,65.4,1.59
2017-04-04 01:55:00,46,37,9,0,63.0,1.87
2017-04-04 02:00:00,43,37,6,0,61.5,1.74
2017-04-04 02:05:00,49,37,10,2,52.9,5.55
2017-04-04 02:10:00,32,26,6,0,61.9,1.47
2017-04-04 02:15:00,27,21,6,0,64.9,1.07
2017-04-04 02:20:00,36,24,12,0,76.0,1.5
2017-04-04 02:25:00,31,22,9,0,65.0,1.22
2017-04-04 02:30:00,36,29,7,0,62.6,1.51
2017-04-04 02:35:00,35,29,6,0,62.7,1.42
2017-04-04 02:40:00,24,18,6,0,57.4,1.18
2017-04-04 02:45:00,34,28,6,0,62.8,1.33
2017-04-04 02:50:00,34,26,8,0,56.5,1.4
2017-04-04 02:55:00,31,23,7,1,62.4,1.47
2017-04-04 03:00:00,23,17,5,1,62.5,0.86
2017-04-04 03:05:00,36,28,7,1,65.7,1.46
2017-04-04 03:10:00,24,18,6,0,63.2,0.98
2017-04-04 03:15:00,34,30,4,0,64.4,1.35
2017-04-04 03:20:00,29,23,6,0,55.3,1.13
2017-04-04 03:25:00,21,17,4,0,62.4,0.79
2017-04-04 03:30:00,23,21,2,0,55.7,1.07
2017-04-04 03:35:00,19,17,2,0,61.7,0.92
2017-04-04 03:40:00,21,16,5,0,60.8,0.98
2017-04-04 03:45:00,23,18,5,0,65.8,0.94
2017-04-04 03:50:00,25,18,7,0,60.5,1.14
2017-04-04 03:55:00,27,18,9,0,60.4,1.18
2017-04-04 04:00:00,25,21,4,0,63.8,0.97
2017-04-04 04:05:00,24,19,5,0,58.6,1.1
2017-04-04 04:10:00,21,17,4,0,63.3,0.84
2017-04-04 04:15:00,21,17,4,0,68.1,0.92
2017-04-04 04:20:00,18,14,4,0,61.2,0.77
2017-04-04 04:25:00,22,17,5,0,72.2,0.79
2017-04-04 04:30:00,16,15,1,0,53.3,1.14
2017-04-04 04:35:00,21,17,4,0,58.5,1.08
2017-04-04 04:40:00,34,24,10,0,59.5,1.53
2017-04-04 04:45:00,25,17,7,1,58.8,1.13
2017-04-04 04:50:00,34,32,2,0,55.3,1.5
2017-04-04 04:55:00,40,28,12,0,62.0,1.96
2017-04-04 05:00:00,23,18,5,0,58.9,1.15
2017-04-04 05:05:00,23,21,2,0,57.0,1.03
2017-04-04 05:10:00,23,17,6,0,59.5,1.1
2017-04-04 05:15:00,27,19,7,1,60.3,1.56
2017-04-04 05:20:00,38,31,7,0,58.1,1.48
2017-04-04 05:25:00,30,22,8,0,58.7,1.34
2017-04-04 05:30:00,45,37,8,0,57.2,1.78
2017-04-04 05:35:00,38,32,6,0,50.7,1.74
2017-04-04 05:40:00,46,34,12,0,53.0,23.11
2017-04-04 05:45:00,43,34,9,0,41.1,35.13
2017-04-04 05:50:00,49,44,5,0,51.4,20.3
2017-04-04 05:55:00,56,48,6,2,53.3,2.36
2017-04-04 06:00:00,58,50,8,0,51.7,5.91
2017-04-04 06:05:00,66,56,10,0,56.6,2.88
2017-04-04 06:10:00,68,53,14,1,54.2,3.07
2017-04-04 06:15:00,59,48,10,1,52.8,2.41
2017-04-04 06:20:00,59,41,17,1,56.3,2.56
2017-04-04 06:25:00,75,57,18,0,49.7,3.66
2017-04-04 06:30:00,90,72,17,1,53.6,4.56
2017-04-04 06:35:00,95,79,16,0,47.8,5.14
2017-04-04 06:40:00,84,64,19,1,50.4,4.09
2017-04-04 06:45:00,95,71,20,4,53.6,5.07
2017-04-04 06:50:00,83,65,18,0,50.2,3.86
2017-04-04 06:55:00,81,68,13,0,53.9,4.11
2017-04-04 07:00:00,96,73,19,4,53.3,4.09
2017-04-04 07:05:00,132,107,25,0,56.7,5.05
2017-04-04 07:10:00,137,120,16,1,51.2,5.56
2017-04-04 07:15:00,138,109,29,0,56.7,5.67
2017-04-04 07:20:00,169,135,32,2,54.2,6.8
2017-04-04 07:25:00,117,93,24,0,53.8,4.62
2017-04-04 07:30:00,159,132,26,1,52.5,6.87
2017-04-04 07:35:00,219,201,16,2,52.3,8.18
2017-04-04 07:40:00,127,114,12,1,52.0,4.87
2017-04-04 07:45:00,185,168,17,0,51.3,7.39
2017-04-04 07:50:00,224,202,21,1,54.9,8.26
2017-04-04 07:55:00,141,123,18,0,51.7,5.46
2017-04-04 08:00:00,197,168,26,3,50.0,8.04
2017-04-04 08:05:00,240,204,32,4,48.0,10.6
2017-04-04 08:10:00,167,152,15,0,51.6,6.63
2017-04-04 08:15:00,211,191,19,1,50.7,8.44
2017-04-04 08:20:00,235,210,23,2,52.8,9.08
2017-04-04 08:25:00,171,158,12,1,50.2,6.69
2017-04-04 08:30:00,211,188,20,3,47.2,10.14
2017-04-04 08:35:00,226,203,22,1,52.9,8.94
2017-04-04 08:40:00,159,137,21,1,50.8,6.43
2017-04-04 08:45:00,163,143,17,3,48.8,6.8
2017-04-04 08:50:00,176,151,24,1,52.3,7.3
2017-04-04 08:55:00,117,98,19,0,55.1,4.57
2017-04-04 09:00:00,188,154,33,1,47.4,8.83
2017-04-04 09:05:00,165,146,18,1,56.0,6.27
2017-04-04 09:10:00,146,126,18,2,52.3,5.96
2017-04-04 09:15:00,170,151,16,3,53.6,7.04
2017-04-04 09:20:00,211,186,25,0,51.8,8.79
2017-04-04 09:25:00,151,134,17,0,48.2,6.44
2017-04-04 09:30:00,151,121,28,2,52.8,6.47
2017-04-04 09:35:00,143,125,16,2,53.4,5.71
2017-04-04 09:40:00,180,153,26,1,48.2,8.36
2017-04-04 09:45:00,182,153,25,4,51.3,7.34
2017-04-04 09:50:00,168,149,17,2,48.4,7.57
2017-04-04 09:55:00,173,153,18,2,48.8,7.67
2017-04-04 10:00:00,156,134,20,2,52.6,6.39
2017-04-04 10:05:00,160,146,14,0,47.3,6.99
2017-04-04 10:10:00,149,125,24,0,48.4,6.21
2017-04-04 10:15:00,171,143,27,1,46.2,7.51
2017-04-04 10:20:00,155,131,23,1,44.1,7.11
2017-04-04 10:25:00,154,134,20,0,51.1,6.47
2017-04-04 10:30:00,164,147,16,1,52.2,6.64
2017-04-04 10:35:00,136,115,21,0,48.0,5.72
2017-04-04 10:40:00,164,139,22,3,46.7,6.99
2017-04-04 10:45:00,177,151,26,0,48.1,7.87
2017-04-04 10:50:00,178,160,13,5,40.0,8.65
2017-04-04 10:55:00,179,153,24,2,45.1,8.16
2017-04-04 11:00:00,157,130,26,1,45.6,7.67
2017-04-04 11:05:00,166,144,20,2,47.5,8.6
2017-04-04 11:10:00,160,145,14,1,46.9,7.75
2017-04-04 11:15:00,165,143,22,0,43.4,7.74
2017-04-04 11:20:00,159,141,16,2,45.4,7.21
2017-04-04 11:25:00,144,134,10,0,47.9,6.22
2017-04-04 11:30:00,141,121,16,4,48.5,6.47
2017-04-04 11:35:00,174,154,18,2,43.8,7.81
2017-04-04 11:40:00,167,145,20,2,45.2,6.96
2017-04-04 11:45:00,177,161,16,0,48.0,8.0
2017-04-04 11:50:00,161,137,22,2,48.2,7.03
2017-04-04 11:55:00,149,133,15,1,49.9,6.1
2017-04-04 12:00:00,152,140,12,0,44.9,6.95
2017-04-04 12:05:00,128,112,14,2,50.3,5.31
2017-04-04 12:10:00,154,141,13,0,49.2,6.59
2017-04-04 12:15:00,137,126,11,0,50.6,5.5
2017-04-04 12:20:00,155,129,25,1,50.9,6.57
2017-04-04 12:25:00,140,120,20,0,50.5,5.97
2017-04-04 12:30:00,172,156,15,1,47.6,7.22
2017-04-04 12:35:00,135,111,19,5,46.0,6.25
2017-04-04 12:40:00,138,127,10,1,48.8,5.55
2017-04-04 12:45:00,138,126,9,3,49.5,5.38
2017-04-04 12:50:00,149,122,24,3,47.4,6.25
2017-04-04 12:55:00,134,122,12,0,55.6,5.13
2017-04-04 13:00:00,132,113,16,3,51.9,4.89
2017-04-04 13:05:00,144,120,24,0,52.9,6.01
2017-04-04 13:10:00,170,151,18,1,47.3,7.1
2017-04-04 13:15:00,143,130,12,1,48.7,5.93
2017-04-04 13:20:00,147,124,22,1,46.0,6.59
2017-04-04 13:25:00,153,129,23,1,45.7,6.9
2017-04-04 13:30:00,159,143,14,2,47.2,6.27
2017-04-04 13:35:00,169,150,18,1,41.8,8.38
2017-04-04 13:40:00,171,155,14,2,49.5,6.98
2017-04-04 13:45:00,182,159,20,3,47.0,7.72
2017-04-04 13:50:00,171,153,15,3,46.8,7.02
2017-04-04 13:55:00,157,136,19,2,47.3,6.88
2017-04-04 14:00:00,164,138,23,3,46.3,7.06
2017-04-04 14:05:00,154,126,24,4,42.8,6.81
2017-04-04 14:10:00,176,151,25,0,45.9,8.52
2017-04-04 14:15:00,177,150,27,0,47.5,7.94
2017-04-04 14:20:00,173,142,28,3,43.7,8.78
2017-04-04 14:25:00,165,147,16,2,41.5,7.98
2017-04-04 14:30:00,160,138,21,1,46.1,7.11
2017-04-04 14:35:00,147,121,24,2,46.3,6.5
2017-04-04 14:40:00,138,117,20,1,43.9,6.44
2017-04-04 14:45:00,148,130,18,0,44.3,6.87
2017-04-04 14:50:00,166,144,20,2,47.3,7.28
2017-04-04 14:55:00,178,157,21,0,45.4,8.32
2017-04-04 15:00:00,182,143,39,0,48.5,8.07
2017-04-04 15:05:00,176,150,23,3,47.6,7.49
2017-04-04 15:10:00,166,132,30,4,47.6,7.49
2017-04-04 15:15:00,167,143,23,1,40.8,9.02
2017-04-04 15:20:00,163,142,21,0,42.7,8.09
2017-04-04 15:25:00,166,142,23,1,44.0,7.88
2017-04-04 15:30:00,174,148,24,2,48.9,7.54
2017-04-04 15:35:00,156,135,20,1,49.2,6.91
2017-04-04 15:40:00,178,147,27,4,49.3,7.88
2017-04-04 15:45:00,153,136,17,0,50.5,6.18
2017-04-04 15:50:00,161,134,25,2,48.4,7.19
2017-04-04 15:55:00,137,118,19,0,46.7,6.11
2017-04-04 16:00:00,143,130,13,0,47.5,6.5
2017-04-04 16:05:00,154,126,26,2,47.0,7.05
2017-04-04 16:10:00,188,165,21,2,46.4,8.38
2017-04-04 16:15:00,160,138,21,1,49.2,7.53
2017-04-04 16:20:00,171,138,33,0,49.4,8.13
2017-04-04 16:25:00,194,167,25,2,46.6,8.9
2017-04-04 16:30:00,166,136,26,4,47.9,7.13
2017-04-04 16:35:00,172,146,24,2,46.4,8.47
2017-04-04 16:40:00,167,145,20,2,43.7,8.0
2017-04-04 16:45:00,151,129,19,3,47.0,6.77
2017-04-04 16:50:00,177,150,21,6,44.3,7.84
2017-04-04 16:55:00,174,158,15,1,45.4,8.14
2017-04-04 17:00:00,212,187,21,4,40.8,11.79
2017-04-04 17:05:00,186,166,17,3,39.6,9.81
2017-04-04 17:10:00,187,161,21,5,39.4,10.2
2017-04-04 17:15:00,185,166,18,1,39.2,9.99
2017-04-04 17:20:00,201,181,18,2,47.8,9.08
2017-04-04 17:25:00,198,175,19,4,48.7,8.37
2017-04-04 17:30:00,163,142,20,1,44.1,8.08
2017-04-04 17:35:00,221,197,22,2,47.1,10.61
2017-04-04 17:40:00,214,180,31,3,48.2,9.95
2017-04-04 17:45:00,167,146,20,1,48.4,7.77
2017-04-04 17:50:00,218,186,28,4,44.7,12.2
2017-04-04 17:55:00,207,180,24,3,46.3,10.47
2017-04-04 18:00:00,185,161,23,1,45.6,10.54
2017-04-04 18:05:00,201,176,23,2,46.5,9.58
2017-04-04 18:10:00,195,169,26,0,48.7,8.73
2017-04-04 18:15:00,186,153,30,3,43.4,9.87
2017-04-04 18:20:00,217,191,24,2,47.2,10.0
2017-04-04 18:25:00,207,185,21,1,46.6,10.99
2017-04-04 18:30:00,176,152,23,1,47.2,8.1
2017-04-04 18:35:00,219,191,26,2,45.4,12.26
2017-04-04 18:40:00,201,172,29,0,45.3,9.13
2017-04-04 18:45:00,193,175,17,1,41.9,10.02
2017-04-04 18:50:00,205,182,22,1,45.8,11.5
2017-04-04 18:55:00,213,184,26,3,48.0,10.31
2017-04-04 19:00:00,179,159,19,1,44.3,10.24
2017-04-04 19:05:00,215,202,12,1,45.9,9.89
2017-04-04 19:10:00,197,172,23,2,43.3,11.05
2017-04-04 19:15:00,187,167,20,0,46.7,8.48
2017-04-04 19:20:00,203,179,23,1,47.8,9.89
2017-04-04 19:25:00,204,176,28,0,46.6,9.65
2017-04-04 19:30:00,146,129,16,1,46.2,7.59
2017-04-04 19:35:00,189,163,26,0,45.6,9.94
2017-04-04 19:40:00,176,145,29,2,47.3,8.43
2017-04-04 19:45:00,147,131,15,1,49.0,6.89
2017-04-04 19:50:00,169,151,18,0,50.6,7.59
2017-04-04 19:55:00,162,153,9,0,48.2,10.59
2017-04-04 20:00:00,135,113,22,0,47.1,6.83
2017-04-04 20:05:00,172,155,16,1,49.8,7.46
2017-04-04 20:10:00,187,165,22,0,48.3,9.21
2017-04-04 20:15:00,158,132,26,0,48.5,7.13
2017-04-04 20:20:00,200,172,28,0,46.3,10.62
2017-04-04 20:25:00,160,145,15,0,48.7,7.66
2017-04-04 20:30:00,144,125,19,0,50.1,7.18
2017-04-04 20:35:00,200,181,19,0,47.5,9.44
2017-04-04 20:40:00,151,128,23,0,51.5,6.62
2017-04-04 20:45:00,134,121,13,0,50.2,6.04
2017-04-04 20:50:00,161,144,17,0,51.6,7.35
2017-04-04 20:55:00,142,124,18,0,54.0,6.19
2017-04-04 21:00:00,107,91,16,0,48.9,4.85
2017-04-04 21:05:00,157,133,21,3,47.3,8.0
2017-04-04 21:10:00,182,155,24,3,39.7,12.92
2017-04-04 21:15:00,151,127,23,1,41.7,9.57
2017-04-04 21:20:00,164,137,26,1,36.8,15.68
2017-04-04 21:25:00,176,150,23,3,35.0,14.69
2017-04-04 21:30:00,190,161,29,0,33.4,20.38
2017-04-04 21:35:00,175,142,32,1,39.5,13.58
2017-04-04 21:40:00,185,152,30,3,37.2,13.56
2017-04-04 21:45:00,197,161,34,2,38.8,12.99
2017-04-04 21:50:00,190,159,30,1,40.9,12.66
2017-04-04 21:55:00,159,127,29,3,38.3,11.56
2017-04-04 22:00:00,157,131,24,2,41.0,8.77
2017-04-04 22:05:00,150,134,14,2,38.9,10.09
2017-04-04 22:10:00,160,136,22,2,39.0,13.33
2017-04-04 22:15:00,170,146,24,0,40.6,11.2
2017-04-04 22:20:00,163,143,19,1,44.7,8.51
2017-04-04 22:25:00,192,163,28,1,38.6,12.78
2017-04-04 22:30:00,167,139,27,1,43.7,9.86
2017-04-04 22:35:00,147,126,19,2,44.2,9.31
2017-04-04 22:40:00,113,95,17,1,49.2,5.47
2017-04-04 22:45:00,105,89,14,2,44.3,5.74
2017-04-04 22:50:00,134,115,19,0,48.0,11.91
2017-04-04 22:55:00,130,110,19,1,49.8,6.24
2017-04-04 23:00:00,117,102,15,0,45.5,6.89
2017-04-04 23:05:00,114,102,12,0,47.2,5.52
2017-04-04 23:10:00,112,98,13,1,51.6,5.35
2017-04-04 23:15:00,69,56,13,0,49.2,3.62
2017-04-04 23:20:00,139,121,16,2,45.7,7.8
2017-04-04 23:25:00,94,77,17,0,51.4,4.71
2017-04-04 23:30:00,93,86,7,0,53.1,7.67
2017-04-04 23:35:00,95,78,17,0,51.3,4.73
2017-04-04 23:40:00,75,68,7,0,53.9,3.66
2017-04-04 23:45:00,86,79,7,0,56.3,3.81
2017-04-04 23:50:00,101,88,13,0,52.6,5.03
2017-04-04 23:55:00,70,60,9,1,56.7,2.85
2017-04-05 00:00:00,83,71,12,0,54.2,4.44
2017-04-05 00:05:00,49,43,6,0,54.4,2.18
2017-04-05 00:10:00,97,82,15,0,57.5,4.47
2017-04-05 00:15:00,88,73,15,0,51.9,3.94
2017-04-05 00:20:00,80,65,15,0,53.8,3.78
2017-04-05 00:25:00,87,76,11,0,54.1,3.98
2017-04-05 00:30:00,73,57,16,0,56.6,3.44
2017-04-05 00:35:00,74,66,8,0,57.1,3.17
2017-04-05 00:40:00,48,40,8,0,60.8,2.04
2017-04-05 00:45:00,73,57,15,1,55.3,3.26
2017-04-05 00:50:00,63,54,9,0,61.4,2.67
2017-04-05 00:55:00,61,49,12,0,59.3,2.7
2017-04-05 01:00:00,56,51,4,1,59.0,2.75
2017-04-05 01:05:00,40,38,2,0,61.9,1.64
2017-04-05 01:10:00,46,35,11,0,59.5,2.17
2017-04-05 01:15:00,57,48,9,0,55.1,2.68
2017-04-05 01:20:00,55,46,9,0,60.6,2.33
2017-04-05 01:25:00,50,35,15,0,62.4,2.36
2017-04-05 01:30:00,41,31,10,0,57.2,2.02
2017-04-05 01:35:00,39,31,8,0,55.1,1.74
2017-04-05 01:40:00,43,30,13,0,57.6,1.91
2017-04-05 01:45:00,50,41,9,0,58.6,2.26
2017-04-05 01:50:00,39,32,7,0,65.7,1.46
2017-04-05 01:55:00,38,29,9,0,61.7,1.68
2017-04-05 02:00:00,54,41,13,0,61.2,2.25
2017-04-05 02:05:00,40,35,5,0,60.2,1.94
2017-04-05 02:10:00,29,22,7,0,60.5,1.27
2017-04-05 02:15:00,22,15,7,0,62.5,1.03
2017-04-05 02:20:00,41,32,8,1,65.1,1.57
2017-04-05 02:25:00,34,25,9,0,63.7,1.46
2017-04-05 02:30:00,36,28,8,0,61.2,1.58
2017-04-05 02:35:00,34,28,6,0,62.2,1.71
2017-04-05 02:40:00,29,25,4,0,64.7,1.93
2017-04-05 02:45:00,30,21,9,0,61.6,1.46
2017-04-05 02:50:00,23,17,6,0,64.3,0.9
2017-04-05 02:55:00,25,22,3,0,63.8,1.13
2017-04-05 03:00:00,32,27,5,0,60.6,1.33
2017-04-05 03:05:00,45,36,9,0,62.7,1.92
2017-04-05 03:10:00,33,29,4,0,61.0,1.5
2017-04-05 03:15:00,33,30,2,1,68.1,1.47
2017-04-05 03:20:00,30,23,7,0,57.1,1.45
2017-04-05 03:25:00,25,20,5,0,63.4,17.73
2017-04-05 03:30:00,33,25,8,0,69.7,1.33
2017-04-05 03:35:00,26,20,6,0,56.7,1.14
2017-04-05 03:40:00,21,18,3,0,57.6,0.85
2017-04-05 03:45:00,26,21,5,0,65.1,1.13
2017-04-05 03:50:00,27,18,9,0,61.2,1.12
2017-04-05 03:55:00,12,10,2,0,61.5,0.46
2017-04-05 04:00:00,16,15,1,0,57.7,0.64
2017-04-05 04:05:00,19,16,3,0,63.4,0.93
2017-04-05 04:10:00,22,20,2,0,67.2,0.9
2017-04-05 04:15:00,25,18,6,1,64.3,1.35
2017-04-05 04:20:00,24,20,4,0,73.6,0.98
2017-04-05 04:25:00,20,14,6,0,61.3,0.89
2017-04-05 04:30:00,24,21,3,0,65.0,0.98
2017-04-05 04:35:00,30,22,8,0,55.4,1.48
2017-04-05 04:40:00,32,25,7,0,56.6,1.48
2017-04-05 04:45:00,31,25,6,0,60.8,1.5
2017-04-05 04:50:00,30,24,6,0,57.4,1.36
2017-04-05 04:55:00,35,24,11,0,64.8,1.37
2017-04-05 05:00:00,17,14,3,0,56.1,0.86
2017-04-05 05:05:00,33,28,5,0,55.1,1.34
2017-04-05 05:10:00,27,20,7,0,58.3,1.29
2017-04-05 05:15:00,36,29,7,0,58.1,1.81
2017-04-05 05:20:00,18,15,3,0,68.3,0.67
2017-04-05 05:25:00,37,29,8,0,52.5,1.67
2017-04-05 05:30:00,46,39,7,0,53.1,2.43
2017-04-05 05:35:00,35,29,5,1,56.8,1.49
2017-04-05 05:40:00,40,30,8,2,55.1,1.78
2017-04-05 05:45:00,52,47,5,0,53.7,2.36
2017-04-05 05:50:00,58,48,10,0,55.5,2.59
2017-04-05 05:55:00,42,32,10,0,55.0,2.01
2017-04-05 06:00:00,60,50,10,0,54.7,2.7
2017-04-05 06:05:00,67,51,13,3,48.8,3.61
2017-04-05 06:10:00,70,56,14,0,50.5,3.35
2017-04-05 06:15:00,65,53,12,0,57.5,2.52
2017-04-05 06:20:00,76,62,13,1,49.2,4.05
2017-04-05 06:25:00,48,37,11,0,59.1,1.96
2017-04-05 06:30:00,73,59,14,0,51.9,3.85
2017-04-05 06:35:00,85,71,14,0,53.2,4.15
2017-04-05 06:40:00,88,66,21,1,51.3,4.36
2017-04-05 06:45:00,108,90,18,0,49.1,5.18
2017-04-05 06:50:00,84,63,21,0,52.7,3.88
2017-04-05 06:55:00,90,71,18,1,51.9,4.5
2017-04-05 07:00:00,96,75,20,1,49.4,4.92
2017-04-05 07:05:00,100,87,12,1,57.6,3.94
2017-04-05 07:10:00,114,92,20,2,53.7,4.64
2017-04-05 07:15:00,136,111,24,1,55.9,5.68
2017-04-05 07:20:00,162,140,22,0,55.6,6.4
2017-04-05 07:25:00,124,105,19,0,50.9,5.42
2017-04-05 07:30:00,179,153,25,1,53.2,7.39
2017-04-05 07:35:00,211,178,31,2,52.0,8.74
2017-04-05 07:40:00,137,125,11,1,54.7,5.33
2017-04-05 07:45:00,167,152,15,0,48.7,8.13
2017-04-05 07:50:00,205,188,16,1,52.6,8.36
2017-04-05 07:55:00,178,157,19,2,46.6,8.74
2017-04-05 08:00:00,201,181,20,0,48.1,8.84
2017-04-05 08:05:00,228,203,25,0,48.7,9.7
2017-04-05 08:10:00,203,180,20,3,46.4,9.87
2017-04-05 08:15:00,211,184,27,0,49.0,9.37
2017-04-05 08:20:00,231,212,18,1,50.0,9.73
2017-04-05 08:25:00,165,143,21,1,50.0,7.49
2017-04-05 08:30:00,173,154,19,0,48.4,7.68
2017-04-05 08:35:00,223,201,21,1,49.3,10.43
2017-04-05 08:40:00,137,122,14,1,50.3,5.73
2017-04-05 08:45:00,163,138,23,2,49.5,7.38
2017-04-05 08:50:00,170,142,26,2,50.6,7.39
2017-04-05 08:55:00,114,103,10,1,49.9,5.02
2017-04-05 09:00:00,146,121,22,3,52.5,6.25
2017-04-05 09:05:00,176,150,25,1,51.3,7.52
2017-04-05 09:10:00,146,126,19,1,47.6,6.39
2017-04-05 09:15:00,164,124,37,3,49.8,7.53
2017-04-05 09:20:00,192,167,24,1,49.7,8.28
2017-04-05 09:25:00,131,108,20,3,51.2,5.65
2017-04-05 09:30:00,158,137,21,0,48.1,7.17
2017-04-05 09:35:00,154,131,22,1,49.9,6.89
2017-04-05 09:40:00,151,131,20,0,49.9,8.02
2017-04-05 09:45:00,157,130,26,1,50.8,6.94
2017-04-05 09:50:00,150,130,20,0,47.4,6.93
2017-04-05 09:55:00,152,131,21,0,45.6,7.63
2017-04-05 10:00:00,178,141,35,2,44.0,9.56
2017-04-05 10:05:00,133,111,22,0,50.7,6.25
2017-04-05 10:10:00,173,153,20,0,46.4,7.96
2017-04-05 10:15:00,171,139,32,0,46.2,8.34
2017-04-05 10:20:00,177,153,24,0,47.0,8.93
2017-04-05 10:25:00,195,179,15,1,46.1,9.35
2017-04-05 10:30:00,165,137,27,1,49.1,7.43
2017-04-05 10:35:00,160,140,18,2,45.5,7.97
2017-04-05 10:40:00,164,147,17,0,46.3,7.89
2017-04-05 10:45:00,158,139,17,2,47.0,7.14
2017-04-05 10:50:00,141,120,21,0,45.7,7.44
2017-04-05 10:55:00,157,136,20,1,46.3,7.38
2017-04-05 11:00:00,162,136,23,3,48.2,7.4
2017-04-05 11:05:00,168,137,29,2,47.7,7.94
2017-04-05 11:10:00,159,131,26,2,48.1,7.28
2017-04-05 11:15:00,142,116,25,1,48.2,6.91
2017-04-05 11:20:00,162,138,19,5,43.7,8.19
2017-04-05 11:25:00,178,156,21,1,41.7,10.38
2017-04-05 11:30:00,165,148,17,0,46.0,8.01
2017-04-05 11:35:00,180,158,22,0,43.8,10.43
2017-04-05 11:40:00,178,157,19,2,44.4,9.19
2017-04-05 11:45:00,163,142,20,1,45.2,8.09
2017-04-05 11:50:00,169,136,32,1,44.2,8.39
2017-04-05 11:55:00,152,121,28,3,45.2,7.16
2017-04-05 12:00:00,160,125,29,6,39.6,8.99
2017-04-05 12:05:00,168,144,21,3,40.6,9.52
2017-04-05 12:10:00,169,140,29,0,42.9,8.52
2017-04-05 12:15:00,98,80,17,1,44.8,7.49
2017-04-05 12:20:00,141,128,12,1,49.1,6.21
2017-04-05 12:25:00,146,119,26,1,49.0,7.06
2017-04-05 12:30:00,148,131,17,0,46.6,6.59
2017-04-05 12:35:00,128,112,16,0,47.9,5.56
2017-04-05 12:40:00,121,106,15,0,49.8,5.3
2017-04-05 12:45:00,133,111,22,0,47.8,5.82
2017-04-05 12:50:00,123,107,16,0,50.6,5.31
2017-04-05 12:55:00,135,112,21,2,47.5,6.45
2017-04-05 13:00:00,135,117,18,0,47.6,5.73
2017-04-05 13:05:00,152,133,15,4,48.5,6.65
2017-04-05 13:10:00,164,147,14,3,46.1,7.61
2017-04-05 13:15:00,150,129,21,0,46.5,6.81
2017-04-05 13:20:00,172,151,18,3,46.2,8.47
2017-04-05 13:25:00,141,122,19,0,48.1,6.47
2017-04-05 13:30:00,167,150,16,1,46.8,7.42
2017-04-05 13:35:00,158,135,23,0,48.6,7.19
2017-04-05 13:40:00,168,147,21,0,46.0,7.36
2017-04-05 13:45:00,170,146,24,0,47.9,8.16
2017-04-05 13:50:00,166,147,19,0,48.0,7.29
2017-04-05 13:55:00,156,134,22,0,45.7,7.35
2017-04-05 14:00:00,168,154,13,1,43.6,8.78
2017-04-05 14:05:00,173,152,20,1,42.0,9.07
2017-04-05 14:10:00,190,169,20,1,41.0,12.01
2017-04-05 14:15:00,166,152,14,0,46.5,7.25
2017-04-05 14:20:00,174,155,16,3,45.4,8.03
2017-04-05 14:25:00,184,161,22,1,44.0,9.68
2017-04-05 14:30:00,165,150,15,0,43.7,7.97
2017-04-05 14:35:00,142,122,19,1,45.1,6.89
2017-04-05 14:40:00,166,145,21,0,43.8,8.23
2017-04-05 14:45:00,147,121,26,0,43.4,7.64
2017-04-05 14:50:00,167,149,18,0,44.9,7.82
2017-04-05 14:55:00,174,140,34,0,43.6,8.76
2017-04-05 15:00:00,163,141,21,1,47.4,7.77
2017-04-05 15:05:00,172,153,17,2,44.3,8.55
2017-04-05 15:10:00,161,134,27,0,43.7,8.15
2017-04-05 15:15:00,176,151,25,0,44.1,8.71
2017-04-05 15:20:00,153,136,15,2,46.4,7.21
2017-04-05 15:25:00,153,134,18,1,43.2,7.39
2017-04-05 15:30:00,171,149,21,1,46.7,7.74
2017-04-05 15:35:00,164,144,19,1,46.4,7.32
2017-04-05 15:40:00,176,155,19,2,46.8,7.97
2017-04-05 15:45:00,178,160,18,0,43.7,8.39
2017-04-05 15:50:00,151,133,17,1,47.8,6.38
2017-04-05 15:55:00,149,127,20,2,44.7,7.22
2017-04-05 16:00:00,173,163,7,3,40.5,9.01
2017-04-05 16:05:00,162,145,16,1,42.5,7.62
2017-04-05 16:10:00,184,167,16,1,43.7,9.07
2017-04-05 16:15:00,148,139,9,0,45.7,6.65
2017-04-05 16:20:00,173,161,12,0,46.0,7.7
2017-04-05 16:25:00,178,153,23,2,42.9,8.52
2017-04-05 16:30:00,143,129,12,2,43.9,6.8
2017-04-05 16:35:00,167,148,18,1,43.1,8.77
2017-04-05 16:40:00,169,146,21,2,40.8,9.75
2017-04-05 16:45:00,183,165,18,0,40.9,9.93
2017-04-05 16:50:00,173,151,21,1,44.4,7.76
2017-04-05 16:55:00,182,160,21,1,44.6,8.9
2017-04-05 17:00:00,166,147,17,2,44.9,8.07
2017-04-05 17:05:00,155,139,15,1,48.0,7.05
2017-04-05 17:10:00,190,165,22,3,37.2,16.6
2017-04-05 17:15:00,166,152,13,1,43.0,8.8
2017-04-05 17:20:00,187,165,20,2,42.4,10.12
2017-04-05 17:25:00,188,161,26,1,44.5,8.97
2017-04-05 17:30:00,155,137,17,1,42.6,7.49
2017-04-05 17:35:00,175,149,24,2,45.8,7.88
2017-04-05 17:40:00,176,145,28,3,42.6,9.0
2017-04-05 17:45:00,152,136,16,0,45.8,6.99
2017-04-05 17:50:00,199,189,10,0,44.8,9.43
2017-04-05 17:55:00,185,161,22,2,46.2,8.49
2017-04-05 18:00:00,156,149,7,0,44.1,7.51
2017-04-05 18:05:00,205,180,23,2,42.9,10.94
2017-04-05 18:10:00,209,195,11,3,43.9,9.09
2017-04-05 18:15:00,183,168,13,2,41.8,10.79
2017-04-05 18:20:00,203,178,21,4,45.1,9.4
2017-04-05 18:25:00,231,211,18,2,42.4,13.01
2017-04-05 18:30:00,183,166,17,0,42.9,9.47
2017-04-05 18:35:00,218,198,19,1,43.0,11.55
2017-04-05 18:40:00,217,193,21,3,42.8,13.52
2017-04-05 18:45:00,185,173,12,0,42.0,10.66
2017-04-05 18:50:00,202,183,18,1,43.9,10.27
2017-04-05 18:55:00,207,180,26,1,44.0,11.71
2017-04-05 19:00:00,205,168,33,4,37.7,14.53
2017-04-05 19:05:00,216,180,34,2,42.9,14.14
2017-04-05 19:10:00,200,162,38,0,39.5,15.41
2017-04-05 19:15:00,182,137,44,1,39.8,15.48
2017-04-05 19:20:00,243,185,55,3,38.5,13.08
2017-04-05 19:25:00,192,138,54,0,37.1,10.92
2017-04-05 19:30:00,192,150,41,1,33.1,13.41
2017-04-05 19:35:00,210,158,51,1,39.0,10.31
2017-04-05 19:40:00,234,194,38,2,36.5,13.1
2017-04-05 19:45:00,190,149,39,2,37.0,14.0
2017-04-05 19:50:00,218,159,58,1,35.1,13.27
2017-04-05 19:55:00,197,156,39,2,33.8,12.13
2017-04-05 20:00:00,134,108,26,0,45.3,6.08
2017-04-05 20:05:00,154,120,33,1,46.2,8.45
2017-04-05 20:10:00,139,105,34,0,46.3,6.85
2017-04-05 20:15:00,177,148,27,2,37.3,12.67
2017-04-05 20:20:00,179,142,35,2,42.3,8.88
2017-04-05 20:25:00,163,125,37,1,43.7,8.23
2017-04-05 20:30:00,122,95,25,2,37.3,11.12
2017-04-05 20:35:00,159,123,35,1,41.4,7.21
2017-04-05 20:40:00,136,96,39,1,44.8,9.28
2017-04-05 20:45:00,176,138,36,2,41.2,9.93
2017-04-05 20:50:00,142,118,24,0,44.2,6.3
2017-04-05 20:55:00,177,139,36,2,44.4,10.41
2017-04-05 21:00:00,108,85,22,1,43.5,6.18
2017-04-05 21:05:00,148,109,39,0,44.6,8.93
2017-04-05 21:10:00,146,124,21,1,33.4,9.44
2017-04-05 21:15:00,123,96,27,0,43.6,8.98
2017-04-05 21:20:00,163,131,31,1,31.9,11.12
2017-04-05 21:25:00,178,146,30,2,30.6,14.71
2017-04-05 21:30:00,172,143,28,1,32.4,14.3
2017-04-05 21:35:00,177,145,30,2,26.8,18.7
2017-04-05 21:40:00,144,121,22,1,32.8,22.93
2017-04-05 21:45:00,161,129,30,2,32.5,15.69
2017-04-05 21:50:00,140,119,21,0,34.6,13.86
2017-04-05 21:55:00,160,135,25,0,30.1,14.2
2017-04-05 22:00:00,200,165,34,1,37.5,12.7
2017-04-05 22:05:00,169,132,37,0,36.8,18.67
2017-04-05 22:10:00,162,133,28,1,30.0,8.79
2017-04-05 22:15:00,132,101,30,1,34.9,7.26
2017-04-05 22:20:00,168,135,32,1,33.4,16.03
2017-04-05 22:25:00,158,125,28,5,29.1,28.37
2017-04-05 22:30:00,123,94,29,0,39.8,17.34
2017-04-05 22:35:00,131,102,28,1,40.0,6.25
2017-04-05 22:40:00,145,99,44,2,39.2,9.07
2017-04-05 22:45:00,102,64,38,0,45.6,5.53
2017-04-05 22:50:00,132,96,36,0,40.6,6.21
2017-04-05 22:55:00,96,74,22,0,48.8,6.06
2017-04-05 23:00:00,100,80,19,1,49.6,6.13
2017-04-05 23:05:00,120,91,27,2,46.2,5.55
2017-04-05 23:10:00,114,76,38,0,43.0,6.27
2017-04-05 23:15:00,98,58,40,0,43.6,5.95
2017-04-05 23:20:00,96,64,32,0,48.4,4.76
2017-04-05 23:25:00,89,63,25,1,44.0,4.43
2017-04-05 23:30:00,83,58,24,1,46.2,3.82
2017-04-05 23:35:00,86,65,20,1,48.7,4.1
2017-04-05 23:40:00,66,47,19,0,49.9,3.07
2017-04-05 23:45:00,77,56,21,0,55.3,3.86
2017-04-05 23:50:00,68,47,20,1,50.5,3.69
2017-04-05 23:55:00,69,48,21,0,53.6,2.86
2017-04-06 00:00:00,93,61,32,0,48.0,4.7
2017-04-06 00:05:00,82,56,26,0,45.8,3.67
2017-04-06 00:10:00,80,47,33,0,50.7,5.13
2017-04-06 00:15:00,102,75,27,0,46.7,5.75
2017-04-06 00:20:00,69,42,27,0,50.9,3.38
2017-04-06 00:25:00,55,39,16,0,54.2,2.35
2017-04-06 00:30:00,72,43,29,0,50.5,3.56
2017-04-06 00:35:00,38,30,8,0,52.6,1.63
2017-04-06 00:40:00,85,55,28,2,52.1,4.34
2017-04-06 00:45:00,57,41,16,0,51.2,2.55
2017-04-06 00:50:00,70,46,22,2,55.4,3.36
2017-04-06 00:55:00,51,31,19,1,53.3,2.5
2017-04-06 01:00:00,59,40,19,0,53.8,3.11
2017-04-06 01:05:00,34,19,15,0,55.2,2.24
2017-04-06 01:10:00,58,35,22,1,55.0,3.47
2017-04-06 01:15:00,53,33,20,0,54.8,5.1
2017-04-06 01:20:00,54,39,14,1,56.4,2.18
2017-04-06 01:25:00,63,47,16,0,55.4,2.68
2017-04-06 01:30:00,48,34,14,0,54.3,6.1
2017-04-06 01:35:00,41,33,8,0,51.9,1.82
2017-04-06 01:40:00,50,32,17,1,57.4,2.71
2017-04-06 01:45:00,35,29,6,0,60.9,1.48
2017-04-06 01:50:00,36,28,8,0,58.3,1.5
2017-04-06 01:55:00,41,33,8,0,63.8,4.95
2017-04-06 02:00:00,48,37,11,0,53.1,12.59
2017-04-06 02:05:00,42,28,14,0,61.8,5.12
2017-04-06 02:10:00,32,19,13,0,58.7,1.32
2017-04-06 02:15:00,31,22,9,0,60.8,7.96
2017-04-06 02:20:00,36,20,16,0,57.4,17.13
2017-04-06 02:25:00,35,23,12,0,58.2,1.58
2017-04-06 02:30:00,26,16,10,0,51.5,1.4
2017-04-06 02:35:00,27,18,9,0,56.8,1.11
2017-04-06 02:40:00,31,22,9,0,51.1,1.35
2017-04-06 02:45:00,21,14,7,0,61.2,0.82
2017-04-06 02:50:00,21,20,1,0,56.2,0.91
2017-04-06 02:55:00,37,28,9,0,58.6,1.54
2017-04-06 03:00:00,25,17,7,1,65.9,1.09
2017-04-06 03:05:00,37,27,10,0,59.3,3.46
2017-04-06 03:10:00,34,29,5,0,57.1,1.46
2017-04-06 03:15:00,20,15,5,0,60.2,0.93
2017-04-06 03:20:00,29,18,11,0,54.1,1.43
2017-04-06 03:25:00,31,22,9,0,61.7,1.32
2017-04-06 03:30:00,24,18,5,1,54.0,1.21
2017-04-06 03:35:00,21,17,4,0,51.1,0.95
2017-04-06 03:40:00,31,23,8,0,58.4,2.33
2017-04-06 03:45:00,28,20,8,0,56.5,1.25
2017-04-06 03:50:00,19,15,4,0,46.1,1.14
2017-04-06 03:55:00,21,14,7,0,63.6,0.95
2017-04-06 04:00:00,17,14,3,0,58.0,0.81
2017-04-06 04:05:00,27,23,4,0,51.0,1.25
2017-04-06 04:10:00,17,11,6,0,66.8,0.67
2017-04-06 04:15:00,30,18,12,0,56.7,1.25
2017-04-06 04:20:00,24,20,4,0,56.5,0.96
2017-04-06 04:25:00,26,17,9,0,58.2,1.21
2017-04-06 04:30:00,29,22,7,0,56.0,5.56
2017-04-06 04:35:00,22,18,4,0,53.6,1.04
2017-04-06 04:40:00,24,21,3,0,55.0,1.0
2017-04-06 04:45:00,27,17,10,0,52.6,1.36
2017-04-06 04:50:00,40,34,6,0,50.8,1.79
2017-04-06 04:55:00,28,21,7,0,58.4,1.21
2017-04-06 05:00:00,22,17,5,0,52.7,1.03
2017-04-06 05:05:00,21,16,5,0,60.7,0.95
2017-04-06 05:10:00,41,29,11,1,54.3,2.0
2017-04-06 05:15:00,20,10,10,0,55.9,0.82
2017-04-06 05:20:00,28,21,7,0,48.3,1.59
2017-04-06 05:25:00,34,23,11,0,49.4,2.09
2017-04-06 05:30:00,40,28,11,1,54.5,1.67
2017-04-06 05:35:00,33,21,11,1,54.6,2.01
2017-04-06 05:40:00,31,21,10,0,50.4,1.66
2017-04-06 05:45:00,42,34,8,0,52.7,1.57
2017-04-06 05:50:00,32,24,7,1,49.3,1.55
2017-04-06 05:55:00,49,34,14,1,48.9,3.59
2017-04-06 06:00:00,45,32,11,2,46.6,6.66
2017-04-06 06:05:00,60,41,15,4,39.1,5.01
2017-04-06 06:10:00,49,33,15,1,48.4,2.97
2017-04-06 06:15:00,67,49,18,0,48.6,3.76
2017-04-06 06:20:00,54,45,8,1,50.3,2.54
2017-04-06 06:25:00,58,52,6,0,46.1,3.48
2017-04-06 06:30:00,54,49,5,0,49.8,2.78
2017-04-06 06:35:00,68,59,9,0,52.3,3.07
2017-04-06 06:40:00,100,84,16,0,44.8,5.43
2017-04-06 06:45:00,83,71,12,0,48.6,4.07
2017-04-06 06:50:00,80,68,8,4,50.4,3.85
2017-04-06 06:55:00,78,57,20,1,48.8,4.16
2017-04-06 07:00:00,98,80,15,3,47.4,4.37
2017-04-06 07:05:00,123,108,13,2,48.0,5.16
2017-04-06 07:10:00,106,94,12,0,49.7,3.81
2017-04-06 07:15:00,138,116,19,3,50.2,5.96
2017-04-06 07:20:00,162,139,21,2,51.8,6.6
2017-04-06 07:25:00,123,109,13,1,51.1,4.67
2017-04-06 07:30:00,161,145,14,2,49.1,6.7
2017-04-06 07:35:00,187,169,18,0,48.1,8.1
2017-04-06 07:40:00,145,134,10,1,51.7,5.7
2017-04-06 07:45:00,141,128,11,2,53.1,5.42
2017-04-06 07:50:00,197,183,12,2,50.4,7.94
2017-04-06 07:55:00,144,127,13,4,46.9,6.27
2017-04-06 08:00:00,172,159,8,5,51.2,6.35
2017-04-06 08:05:00,188,170,16,2,46.9,8.09
2017-04-06 08:10:00,171,157,12,2,44.8,7.26
2017-04-06 08:15:00,183,175,7,1,46.4,7.48
2017-04-06 08:20:00,196,177,18,1,50.3,7.67
2017-04-06 08:25:00,162,152,8,2,46.3,6.56
2017-04-06 08:30:00,188,172,15,1,45.6,8.57
2017-04-06 08:35:00,224,210,10,4,44.4,10.78
2017-04-06 08:40:00,164,152,9,3,46.4,7.06
2017-04-06 08:45:00,168,157,11,0,46.9,6.96
2017-04-06 08:50:00,168,147,18,3,50.5,6.68
2017-04-06 08:55:00,137,119,17,1,48.7,5.8
2017-04-06 09:00:00,130,113,11,6,49.6,5.23
2017-04-06 09:05:00,162,135,24,3,49.1,7.02
2017-04-06 09:10:00,132,115,14,3,47.5,5.45
2017-04-06 09:15:00,148,132,15,1,48.3,6.5
2017-04-06 09:20:00,198,177,20,1,46.4,8.64
2017-04-06 09:25:00,131,116,13,2,47.9,5.63
2017-04-06 09:30:00,141,126,15,0,50.0,6.16
2017-04-06 09:35:00,152,136,16,0,49.8,6.22
2017-04-06 09:40:00,149,130,17,2,48.4,6.27
2017-04-06 09:45:00,170,149,19,2,46.4,7.46
2017-04-06 09:50:00,171,156,15,0,46.9,7.5
2017-04-06 09:55:00,148,128,18,2,48.1,6.27
2017-04-06 10:00:00,149,139,8,2,47.3,6.5
2017-04-06 10:05:00,145,125,18,2,46.2,6.89
2017-04-06 10:10:00,157,144,13,0,48.3,6.56
2017-04-06 10:15:00,156,129,21,6,43.8,6.92
2017-04-06 10:20:00,176,152,23,1,46.1,8.37
2017-04-06 10:25:00,176,156,20,0,44.3,7.91
2017-04-06 10:30:00,142,128,12,2,49.0,6.23
2017-04-06 10:35:00,136,112,21,3,45.8,6.22
2017-04-06 10:40:00,162,135,24,3,42.7,8.15
2017-04-06 10:45:00,142,132,9,1,42.7,7.71
2017-04-06 10:50:00,140,119,17,4,46.5,5.94
2017-04-06 10:55:00,163,137,20,6,43.0,7.54
2017-04-06 11:00:00,165,132,28,5,45.1,7.98
2017-04-06 11:05:00,172,149,23,0,41.1,9.12
2017-04-06 11:10:00,168,144,22,2,46.8,7.48
2017-04-06 11:15:00,137,117,19,1,45.3,6.71
2017-04-06 11:20:00,159,127,31,1,42.6,8.3
2017-04-06 11:25:00,145,129,16,0,45.4,7.24
2017-04-06 11:30:00,163,142,20,1,45.4,7.53
2017-04-06 11:35:00,170,143,27,0,49.6,7.88
2017-04-06 11:40:00,167,143,22,2,44.8,7.77
2017-04-06 11:45:00,137,112,20,5,46.9,6.41
2017-04-06 11:50:00,164,138,25,1,47.1,7.48
2017-04-06 11:55:00,124,109,14,1,48.6,5.44
2017-04-06 12:00:00,135,123,11,1,50.7,5.74
2017-04-06 12:05:00,130,113,15,2,50.0,5.31
2017-04-06 12:10:00,146,119,23,4,47.2,6.69
2017-04-06 12:15:00,147,129,13,5,48.0,6.32
2017-04-06 12:20:00,165,138,27,0,45.9,7.92
2017-04-06 12:25:00,143,123,19,1,48.0,5.97
2017-04-06 12:30:00,120,100,19,1,47.3,5.03
2017-04-06 12:35:00,109,97,12,0,52.9,4.38
2017-04-06 12:40:00,127,113,13,1,54.5,4.97
2017-04-06 12:45:00,125,110,13,2,50.4,5.34
2017-04-06 12:50:00,148,126,22,0,46.5,6.83
2017-04-06 12:55:00,114,101,13,0,52.2,4.76
2017-04-06 13:00:00,135,114,18,3,47.7,6.15
2017-04-06 13:05:00,151,121,26,4,46.4,7.03
2017-04-06 13:10:00,166,136,28,2,46.0,7.5
2017-04-06 13:15:00,150,130,13,7,47.2,6.18
2017-04-06 13:20:00,156,136,17,3,47.4,7.11
2017-04-06 13:25:00,163,137,22,4,43.4,7.72
2017-04-06 13:30:00,158,137,18,3,47.1,6.87
2017-04-06 13:35:00,103,96,7,0,46.2,4.76
2017-04-06 13:40:00,182,152,27,3,45.9,8.37
2017-04-06 13:45:00,163,140,19,4,46.0,6.91
2017-04-06 13:50:00,153,134,17,2,45.2,7.27
2017-04-06 13:55:00,152,137,15,0,45.9,6.89
2017-04-06 14:00:00,129,118,10,1,46.9,5.41
2017-04-06 14:05:00,141,120,20,1,48.0,6.33
2017-04-06 14:10:00,159,145,13,1,49.7,6.52
2017-04-06 14:15:00,172,145,25,2,46.5,8.11
2017-04-06 14:20:00,179,154,24,1,45.4,8.46
2017-04-06 14:25:00,185,157,27,1,43.3,8.77
2017-04-06 14:30:00,148,126,21,1,50.1,6.3
2017-04-06 14:35:00,148,127,19,2,42.8,6.84
2017-04-06 14:40:00,153,130,22,1,45.6,7.15
2017-04-06 14:45:00,157,132,23,2,47.2,6.81
2017-04-06 14:50:00,160,133,20,7,46.9,6.66
2017-04-06 14:55:00,169,141,25,3,41.8,8.45
2017-04-06 15:00:00,164,145,18,1,46.8,8.57
2017-04-06 15:05:00,176,148,26,2,42.5,8.38
2017-04-06 15:10:00,160,128,30,2,45.9,7.2
2017-04-06 15:15:00,151,132,18,1,44.1,7.08
2017-04-06 15:20:00,137,121,16,0,45.3,6.49
2017-04-06 15:25:00,160,143,16,1,43.6,7.85
2017-04-06 15:30:00,158,134,21,3,46.8,7.14
2017-04-06 15:35:00,171,145,24,2,46.8,7.62
2017-04-06 15:40:00,170,155,14,1,45.8,7.43
2017-04-06 15:45:00,161,134,24,3,47.1,7.01
2017-04-06 15:50:00,168,147,21,0,46.0,7.64
2017-04-06 15:55:00,127,109,15,3,50.5,5.36
2017-04-06 16:00:00,138,111,26,1,49.3,6.01
2017-04-06 16:05:00,145,126,17,2,50.2,6.27
2017-04-06 16:10:00,169,139,27,3,47.5,7.51
2017-04-06 16:15:00,150,129,20,1,50.2,6.39
2017-04-06 16:20:00,178,163,15,0,47.8,7.83
2017-04-06 16:25:00,162,145,16,1,44.4,7.73
2017-04-06 16:30:00,169,146,20,3,47.7,7.01
2017-04-06 16:35:00,148,125,18,5,47.2,6.52
2017-04-06 16:40:00,158,134,23,1,45.1,8.22
2017-04-06 16:45:00,172,138,27,7,43.0,8.49
2017-04-06 16:50:00,169,139,26,4,47.9,7.49
2017-04-06 16:55:00,171,147,21,3,47.8,7.58
2017-04-06 17:00:00,175,142,31,2,48.5,7.54
2017-04-06 17:05:00,160,139,17,4,46.6,7.14
2017-04-06 17:10:00,161,137,23,1,45.7,7.07
2017-04-06 17:15:00,157,135,21,1,46.0,7.61
2017-04-06 17:20:00,190,161,27,2,48.3,8.32
2017-04-06 17:25:00,155,138,16,1,51.3,6.22
2017-04-06 17:30:00,168,149,13,6,48.8,7.4
2017-04-06 17:35:00,194,160,31,3,50.2,8.35
2017-04-06 17:40:00,164,139,20,5,49.0,7.48
2017-04-06 17:45:00,163,139,23,1,42.7,9.78
2017-04-06 17:50:00,196,156,36,4,47.9,8.64
2017-04-06 17:55:00,181,161,19,1,46.8,8.74
2017-04-06 18:00:00,183,166,15,2,45.8,8.67
2017-04-06 18:05:00,200,176,22,2,49.8,8.5
2017-04-06 18:10:00,203,179,22,2,48.1,8.76
2017-04-06 18:15:00,198,169,27,2,43.4,10.97
2017-04-06 18:20:00,225,202,21,2,47.9,9.65
2017-04-06 18:25:00,223,191,26,6,46.0,11.71
2017-04-06 18:30:00,165,146,16,3,45.0,8.04
2017-04-06 18:35:00,210,183,25,2,46.5,9.62
2017-04-06 18:40:00,194,161,30,3,48.9,8.71
2017-04-06 18:45:00,186,169,14,3,44.9,8.36
2017-04-06 18:50:00,192,171,19,2,46.9,8.65
2017-04-06 18:55:00,212,183,21,8,47.5,9.68
2017-04-06 19:00:00,189,162,22,5,43.4,9.44
2017-04-06 19:05:00,218,207,11,0,43.9,10.15
2017-04-06 19:10:00,209,188,20,1,44.4,9.31
2017-04-06 19:15:00,186,163,22,1,46.2,8.17
2017-04-06 19:20:00,223,191,31,1,47.2,10.03
2017-04-06 19:25:00,203,177,25,1,45.6,8.92
2017-04-06 19:30:00,186,161,25,0,43.9,8.22
2017-04-06 19:35:00,182,156,25,1,50.6,7.66
2017-04-06 19:40:00,177,153,23,1,47.2,7.52
2017-04-06 19:45:00,142,117,22,3,44.8,6.37
2017-04-06 19:50:00,175,140,35,0,49.2,7.49
2017-04-06 19:55:00,140,115,25,0,50.1,6.06
2017-04-06 20:00:00,142,119,23,0,46.1,6.12
2017-04-06 20:05:00,166,139,26,1,49.8,7.44
2017-04-06 20:10:00,178,147,28,3,45.7,9.23
2017-04-06 20:15:00,152,136,15,1,48.7,6.51
2017-04-06 20:20:00,187,152,35,0,49.3,7.96
2017-04-06 20:25:00,181,158,20,3,46.8,8.79
2017-04-06 20:30:00,141,120,21,0,50.1,5.91
2017-04-06 20:35:00,177,148,29,0,48.3,8.07
2017-04-06 20:40:00,162,141,21,0,52.4,6.92
2017-04-06 20:45:00,144,114,29,1,51.3,6.77
2017-04-06 20:50:00,160,135,24,1,51.6,6.82
2017-04-06 20:55:00,153,133,20,0,50.9,6.66
2017-04-06 21:00:00,131,115,15,1,47.0,5.33
2017-04-06 21:05:00,167,144,23,0,46.3,7.26
2017-04-06 21:10:00,175,140,34,1,39.7,9.08
2017-04-06 21:15:00,182,141,38,3,42.3,9.09
2017-04-06 21:20:00,183,147,36,0,36.6,9.81
2017-04-06 21:25:00,174,146,27,1,33.2,10.74
2017-04-06 21:30:00,212,157,53,2,33.6,12.07
2017-04-06 21:35:00,153,124,28,1,43.9,8.69
2017-04-06 21:40:00,162,128,33,1,41.8,8.89
2017-04-06 21:45:00,158,131,26,1,41.6,7.54
2017-04-06 21:50:00,162,133,28,1,42.4,7.67
2017-04-06 21:55:00,146,119,26,1,41.8,6.67
2017-04-06 22:00:00,127,104,23,0,46.3,5.4
2017-04-06 22:05:00,167,129,37,1,36.8,9.83
2017-04-06 22:10:00,153,122,31,0,38.6,7.37
2017-04-06 22:15:00,163,126,36,1,39.5,10.04
2017-04-06 22:20:00,159,125,33,1,42.3,8.16
2017-04-06 22:25:00,178,140,37,1,40.3,9.78
2017-04-06 22:30:00,139,110,28,1,47.2,6.5
2017-04-06 22:35:00,152,117,34,1,38.5,8.19
2017-04-06 22:40:00,138,113,23,2,45.0,6.53
2017-04-06 22:45:00,108,86,22,0,48.6,5.29
2017-04-06 22:50:00,122,97,25,0,42.0,5.99
2017-04-06 22:55:00,103,88,14,1,48.6,4.5
2017-04-06 23:00:00,129,100,29,0,47.8,6.17
2017-04-06 23:05:00,150,117,33,0,40.9,7.77
2017-04-06 23:10:00,143,109,31,3,46.9,6.05
2017-04-06 23:15:00,115,95,18,2,48.4,5.0
2017-04-06 23:20:00,108,83,25,0,52.3,4.79
2017-04-06 23:25:00,86,76,10,0,50.9,3.64
2017-04-06 23:30:00,83,68,15,0,52.7,3.52
2017-04-06 23:35:00,95,71,24,0,51.2,4.54
2017-04-06 23:40:00,103,77,24,2,49.6,4.76
2017-04-06 23:45:00,86,73,13,0,53.5,3.47
2017-04-06 23:50:00,82,70,12,0,55.7,3.38
2017-04-06 23:55:00,79,66,13,0,57.7,3.14
2017-04-07 00:00:00,82,67,15,0,52.8,3.35
2017-04-07 00:05:00,67,58,9,0,54.4,2.66
2017-04-07 00:10:00,82,61,19,2,54.0,3.88
2017-04-07 00:15:00,91,70,21,0,57.8,3.57
2017-04-07 00:20:00,92,68,24,0,51.1,4.02
2017-04-07 00:25:00,76,64,12,0,54.6,3.08
2017-04-07 00:30:00,77,54,23,0,54.2,3.36
2017-04-07 00:35:00,67,56,9,2,53.9,2.76
2017-04-07 00:40:00,79,66,13,0,57.1,3.54
2017-04-07 00:45:00,64,44,19,1,58.0,2.64
2017-04-07 00:50:00,53,43,10,0,61.7,2.28
2017-04-07 00:55:00,71,54,17,0,51.3,3.33
2017-04-07 01:00:00,58,48,10,0,52.4,2.46
2017-04-07 01:05:00,62,56,6,0,57.6,2.31
2017-04-07 01:10:00,59,47,12,0,58.3,2.29
2017-04-07 01:15:00,40,31,9,0,60.9,2.09
2017-04-07 01:20:00,45,38,7,0,61.7,2.06
2017-04-07 01:25:00,50,45,5,0,59.5,2.06
2017-04-07 01:30:00,49,43,6,0,56.9,2.11
2017-04-07 01:35:00,42,35,7,0,55.2,1.95
2017-04-07 01:40:00,43,35,8,0,57.0,2.01
2017-04-07 01:45:00,34,31,2,1,63.2,1.39
2017-04-07 01:50:00,38,29,9,0,66.3,1.63
2017-04-07 01:55:00,41,33,8,0,66.8,1.48
2017-04-07 02:00:00,48,39,9,0,61.8,2.01
2017-04-07 02:05:00,46,36,9,1,59.5,1.97
2017-04-07 02:10:00,38,25,13,0,61.9,1.55
2017-04-07 02:15:00,35,31,4,0,62.4,1.49
2017-04-07 02:20:00,35,30,5,0,63.8,1.33
2017-04-07 02:25:00,38,34,4,0,62.3,1.62
2017-04-07 02:30:00,39,33,6,0,62.6,1.56
2017-04-07 02:35:00,31,27,4,0,65.7,1.36
2017-04-07 02:40:00,26,20,5,1,60.3,1.09
2017-04-07 02:45:00,35,28,7,0,62.2,1.34
2017-04-07 02:50:00,24,16,8,0,60.8,0.9
2017-04-07 02:55:00,34,29,4,1,63.2,1.4
2017-04-07 03:00:00,40,32,8,0,60.9,1.64
2017-04-07 03:05:00,34,27,7,0,68.4,1.39
2017-04-07 03:10:00,45,38,7,0,62.3,1.76
2017-04-07 03:15:00,32,25,7,0,58.9,1.44
2017-04-07 03:20:00,28,23,5,0,53.9,1.2
2017-04-07 03:25:00,22,18,4,0,59.8,0.9
2017-04-07 03:30:00,20,14,6,0,63.0,0.93
2017-04-07 03:35:00,18,14,4,0,61.0,0.83
2017-04-07 03:40:00,21,16,5,0,61.0,0.87
2017-04-07 03:45:00,40,31,9,0,63.1,1.63
2017-04-07 03:50:00,24,20,4,0,71.4,1.04
2017-04-07 03:55:00,26,21,5,0,65.5,1.13
2017-04-07 04:00:00,24,20,4,0,66.8,1.0
2017-04-07 04:05:00,35,29,6,0,61.4,1.41
2017-04-07 04:10:00,23,19,3,1,60.4,1.12
2017-04-07 04:15:00,18,13,5,0,73.1,0.86
2017-04-07 04:20:00,25,18,7,0,60.7,1.1
2017-04-07 04:25:00,25,21,4,0,59.2,1.22
2017-04-07 04:30:00,37,33,4,0,60.0,1.49
2017-04-07 04:35:00,30,23,7,0,51.5,1.84
2017-04-07 04:40:00,20,16,4,0,58.6,0.8
2017-04-07 04:45:00,38,35,3,0,52.9,1.7
2017-04-07 04:50:00,41,38,3,0,54.2,1.6
2017-04-07 04:55:00,37,31,6,0,56.5,1.62
2017-04-07 05:00:00,24,17,7,0,59.0,1.09
2017-04-07 05:05:00,24,16,8,0,58.5,1.11
2017-04-07 05:10:00,32,22,10,0,63.8,1.27
2017-04-07 05:15:00,37,34,3,0,60.5,1.31
2017-04-07 05:20:00,26,21,5,0,57.1,1.19
2017-04-07 05:25:00,46,40,6,0,61.8,1.72
2017-04-07 05:30:00,38,28,10,0,59.8,1.57
2017-04-07 05:35:00,51,43,7,1,56.0,2.28
2017-04-07 05:40:00,45,36,8,1,58.8,1.95
2017-04-07 05:45:00,57,47,10,0,56.4,2.29
2017-04-07 05:50:00,52,43,8,1,57.1,2.27
2017-04-07 05:55:00,43,33,10,0,55.9,2.06
2017-04-07 06:00:00,53,44,8,1,54.5,2.35
2017-04-07 06:05:00,77,59,18,0,57.7,3.48
2017-04-07 06:10:00,73,61,12,0,49.3,3.55
2017-04-07 06:15:00,68,55,13,0,48.5,3.37
2017-04-07 06:20:00,62,51,11,0,54.1,2.77
2017-04-07 06:25:00,72,58,13,1,51.5,3.69
2017-04-07 06:30:00,54,41,12,1,50.6,2.56
2017-04-07 06:35:00,96,72,22,2,50.9,4.77
2017-04-07 06:40:00,85,64,20,1,49.9,3.86
2017-04-07 06:45:00,85,69,16,0,51.9,3.65
2017-04-07 06:50:00,87,65,21,1,52.2,4.47
2017-04-07 06:55:00,93,63,29,1,47.8,5.04
2017-04-07 07:00:00,113,90,23,0,48.6,5.28
2017-04-07 07:05:00,103,81,22,0,55.9,4.01
2017-04-07 07:10:00,119,99,19,1,53.5,4.84
2017-04-07 07:15:00,130,102,28,0,58.5,4.96
2017-04-07 07:20:00,175,133,42,0,54.8,6.89
2017-04-07 07:25:00,140,115,24,1,52.5,5.73
2017-04-07 07:30:00,174,143,29,2,51.5,7.11
2017-04-07 07:35:00,217,185,31,1,54.5,8.44
2017-04-07 07:40:00,160,134,25,1,51.3,6.55
2017-04-07 07:45:00,170,149,21,0,53.3,6.85
2017-04-07 07:50:00,190,159,31,0,54.8,7.35
2017-04-07 07:55:00,156,136,19,1,47.8,6.49
2017-04-07 08:00:00,199,171,25,3,50.2,8.57
2017-04-07 08:05:00,227,203,22,2,48.1,10.04
2017-04-07 08:10:00,183,164,17,2,43.8,9.79
2017-04-07 08:15:00,201,168,32,1,49.4,8.77
2017-04-07 08:20:00,231,204,26,1,47.5,10.25
2017-04-07 08:25:00,164,151,12,1,48.0,7.29
2017-04-07 08:30:00,186,157,29,0,47.3,8.62
2017-04-07 08:35:00,231,202,26,3,48.7,9.77
2017-04-07 08:40:00,145,122,23,0,51.4,6.18
2017-04-07 08:45:00,157,132,24,1,51.9,6.54
2017-04-07 08:50:00,186,156,29,1,52.8,7.45
2017-04-07 08:55:00,139,107,31,1,52.4,5.75
2017-04-07 09:00:00,129,111,17,1,50.9,5.46
2017-04-07 09:05:00,183,155,25,3,52.9,7.37
2017-04-07 09:10:00,132,114,17,1,51.5,5.4
2017-04-07 09:15:00,163,137,25,1,48.6,7.62
2017-04-07 09:20:00,196,176,17,3,51.7,7.78
2017-04-07 09:25:00,123,104,18,1,48.1,5.43
2017-04-07 09:30:00,134,106,26,2,48.3,5.88
2017-04-07 09:35:00,170,137,32,1,50.0,7.49
2017-04-07 09:40:00,157,136,20,1,49.7,6.74
2017-04-07 09:45:00,185,159,26,0,46.4,8.67
2017-04-07 09:50:00,154,134,19,1,51.4,6.26
2017-04-07 09:55:00,164,147,16,1,48.7,6.49
2017-04-07 10:00:00,144,131,11,2,50.0,5.94
2017-04-07 10:05:00,137,121,16,0,48.8,5.93
2017-04-07 10:10:00,186,169,17,0,45.5,8.49
2017-04-07 10:15:00,141,120,20,1,50.8,5.48
2017-04-07 10:20:00,185,166,17,2,48.0,7.84
2017-04-07 10:25:00,167,150,17,0,50.6,7.29
2017-04-07 10:30:00,158,135,22,1,48.9,6.43
2017-04-07 10:35:00,156,132,22,2,47.5,7.2
2017-04-07 10:40:00,140,127,13,0,47.8,6.06
2017-04-07 10:45:00,166,147,16,3,47.2,7.24
2017-04-07 10:50:00,170,155,13,2,47.1,7.11
2017-04-07 10:55:00,163,153,10,0,47.1,7.22
2017-04-07 11:00:00,191,164,26,1,46.8,8.61
2017-04-07 11:05:00,166,141,23,2,48.6,7.36
2017-04-07 11:10:00,162,143,19,0,47.9,6.94
2017-04-07 11:15:00,155,138,16,1,47.2,7.88
2017-04-07 11:20:00,146,118,24,4,50.9,6.32
2017-04-07 11:25:00,167,149,16,2,46.5,7.16
2017-04-07 11:30:00,194,167,25,2,47.1,8.57
2017-04-07 11:35:00,161,143,17,1,51.7,6.92
2017-04-07 11:40:00,178,155,21,2,49.1,7.36
2017-04-07 11:45:00,185,158,23,4,47.9,8.34
2017-04-07 11:50:00,150,123,27,0,51.4,6.35
2017-04-07 11:55:00,154,134,19,1,49.3,6.43
2017-04-07 12:00:00,158,147,9,2,50.3,6.36
2017-04-07 12:05:00,146,124,17,5,48.2,6.28
2017-04-07 12:10:00,139,120,18,1,51.3,5.57
2017-04-07 12:15:00,148,130,18,0,48.2,6.22
2017-04-07 12:20:00,147,126,19,2,44.7,6.25
2017-04-07 12:25:00,159,143,15,1,48.8,6.58
2017-04-07 12:30:00,167,150,16,1,43.4,7.41
2017-04-07 12:35:00,133,120,12,1,45.3,5.67
2017-04-07 12:40:00,143,127,14,2,46.8,5.95
2017-04-07 12:45:00,135,118,12,5,47.8,5.46
2017-04-07 12:50:00,132,116,15,1,50.6,5.05
2017-04-07 12:55:00,131,119,12,0,52.4,5.36
2017-04-07 13:00:00,132,125,6,1,49.6,5.53
2017-04-07 13:05:00,150,134,14,2,50.1,6.15
2017-04-07 13:10:00,142,131,11,0,47.5,5.78
2017-04-07 13:15:00,158,139,17,2,45.1,7.27
2017-04-07 13:20:00,133,117,15,1,45.7,5.87
2017-04-07 13:25:00,166,153,12,1,44.2,7.17
2017-04-07 13:30:00,173,161,11,1,44.5,7.07
2017-04-07 13:35:00,160,143,16,1,48.7,6.29
2017-04-07 13:40:00,163,143,17,3,46.4,7.2
2017-04-07 13:45:00,174,151,14,9,47.3,7.16
2017-04-07 13:50:00,130,117,8,5,48.5,4.98
2017-04-07 13:55:00,133,118,9,6,47.5,5.36
2017-04-07 14:00:00,141,128,10,3,46.7,5.59
2017-04-07 14:05:00,157,128,28,1,46.6,7.42
2017-04-07 14:10:00,163,140,23,0,47.3,6.87
2017-04-07 14:15:00,169,144,25,0,45.3,7.87
2017-04-07 14:20:00,188,155,33,0,40.1,10.57
2017-04-07 14:25:00,169,136,33,0,37.2,10.82
2017-04-07 14:30:00,168,152,16,0,46.4,7.5
2017-04-07 14:35:00,150,121,27,2,48.2,6.67
2017-04-07 14:40:00,172,146,25,1,44.7,7.87
2017-04-07 14:45:00,165,128,36,1,46.3,8.08
2017-04-07 14:50:00,177,142,35,0,46.5,8.37
2017-04-07 14:55:00,180,148,31,1,48.5,7.98
2017-04-07 15:00:00,185,149,35,1,46.6,8.5
2017-04-07 15:05:00,183,151,30,2,45.4,8.74
2017-04-07 15:10:00,185,153,32,0,42.2,10.15
2017-04-07 15:15:00,168,149,18,1,45.9,7.71
2017-04-07 15:20:00,155,135,19,1,46.7,6.86
2017-04-07 15:25:00,164,135,25,4,45.3,7.52
2017-04-07 15:30:00,174,144,29,1,45.6,8.16
2017-04-07 15:35:00,158,126,31,1,47.3,7.15
2017-04-07 15:40:00,185,160,25,0,43.9,8.5
2017-04-07 15:45:00,177,145,26,6,42.4,8.71
2017-04-07 15:50:00,171,142,26,3,29.8,9.65
2017-04-07 15:55:00,155,125,28,2,45.8,8.49
2017-04-07 16:00:00,184,143,40,1,41.6,10.29
2017-04-07 16:05:00,178,145,31,2,45.7,8.12
2017-04-07 16:10:00,192,166,24,2,43.3,9.15
2017-04-07 16:15:00,184,158,26,0,42.3,9.1
2017-04-07 16:20:00,177,141,34,2,47.3,8.16
2017-04-07 16:25:00,178,158,18,2,45.7,8.04
2017-04-07 16:30:00,168,146,20,2,43.3,7.79
2017-04-07 16:35:00,143,120,21,2,45.1,6.28
2017-04-07 16:40:00,176,151,20,5,40.1,10.38
2017-04-07 16:45:00,163,140,21,2,43.4,7.25
2017-04-07 16:50:00,155,126,21,8,43.9,7.15
2017-04-07 16:55:00,170,144,22,4,46.0,7.8
2017-04-07 17:00:00,195,168,20,7,46.4,8.72
2017-04-07 17:05:00,150,133,12,5,38.3,9.28
2017-04-07 17:10:00,199,179,17,3,35.5,15.99
2017-04-07 17:15:00,181,168,12,1,40.7,8.39
2017-04-07 17:20:00,206,177,24,5,46.9,9.4
2017-04-07 17:25:00,186,166,15,5,43.9,9.48
2017-04-07 17:30:00,176,159,11,6,43.4,9.1
2017-04-07 17:35:00,225,202,19,4,42.5,10.71
2017-04-07 17:40:00,201,176,21,4,43.1,9.85
2017-04-07 17:45:00,172,155,14,3,45.0,10.41
2017-04-07 17:50:00,204,179,22,3,49.0,8.9
2017-04-07 17:55:00,201,181,19,1,46.8,9.35
2017-04-07 18:00:00,180,157,22,1,44.5,9.14
2017-04-07 18:05:00,208,188,17,3,45.7,9.35
2017-04-07 18:10:00,211,193,14,4,43.6,9.8
2017-04-07 18:15:00,194,168,23,3,43.0,9.51
2017-04-07 18:20:00,245,218,20,7,42.5,12.88
2017-04-07 18:25:00,243,218,20,5,41.8,11.43
2017-04-07 18:30:00,190,175,13,2,43.0,10.11
2017-04-07 18:35:00,225,193,30,2,42.9,11.64
2017-04-07 18:40:00,208,188,20,0,46.0,9.68
2017-04-07 18:45:00,192,175,17,0,44.2,8.88
2017-04-07 18:50:00,214,193,18,3,50.0,9.3
2017-04-07 18:55:00,210,181,28,1,46.8,9.91
2017-04-07 19:00:00,177,160,17,0,45.6,8.58
2017-04-07 19:05:00,205,180,24,1,47.1,10.22
2017-04-07 19:10:00,207,192,14,1,45.3,9.69
2017-04-07 19:15:00,186,165,19,2,42.9,8.68
2017-04-07 19:20:00,238,212,26,0,46.1,10.62
2017-04-07 19:25:00,201,166,34,1,46.6,10.12
2017-04-07 19:30:00,194,164,28,2,43.9,9.26
2017-04-07 19:35:00,207,181,25,1,46.0,9.48
2017-04-07 19:40:00,210,181,26,3,41.0,10.57
2017-04-07 19:45:00,164,143,20,1,47.7,7.75
2017-04-07 19:50:00,222,196,26,0,44.1,10.21
2017-04-07 19:55:00,198,172,26,0,45.7,9.06
2017-04-07 20:00:00,161,141,20,0,49.7,7.63
2017-04-07 20:05:00,204,187,17,0,48.3,8.76
2017-04-07 20:10:00,196,162,34,0,46.9,9.71
2017-04-07 20:15:00,162,136,26,0,46.3,7.68
2017-04-07 20:20:00,208,180,27,1,47.6,9.32
2017-04-07 20:25:00,168,146,21,1,46.1,7.89
2017-04-07 20:30:00,147,124,23,0,50.6,6.47
2017-04-07 20:35:00,187,152,34,1,44.3,9.36
2017-04-07 20:40:00,177,158,18,1,46.3,7.98
2017-04-07 20:45:00,141,121,20,0,47.4,6.63
2017-04-07 20:50:00,188,156,31,1,51.4,8.27
2017-04-07 20:55:00,174,146,27,1,50.8,7.58
2017-04-07 21:00:00,142,121,21,0,47.5,6.41
2017-04-07 21:05:00,180,152,27,1,45.3,8.88
2017-04-07 21:10:00,179,152,26,1,40.0,11.22
2017-04-07 21:15:00,171,125,44,2,37.7,10.06
2017-04-07 21:20:00,166,133,31,2,36.4,9.06
2017-04-07 21:25:00,179,142,34,3,39.0,11.25
2017-04-07 21:30:00,154,123,30,1,41.7,8.17
2017-04-07 21:35:00,182,151,31,0,36.7,11.71
2017-04-07 21:40:00,194,168,25,1,39.0,11.67
2017-04-07 21:45:00,188,162,25,1,40.7,9.86
2017-04-07 21:50:00,183,147,36,0,41.2,9.95
2017-04-07 21:55:00,173,150,22,1,33.5,10.6
2017-04-07 22:00:00,181,157,23,1,35.1,10.65
2017-04-07 22:05:00,157,131,26,0,37.9,8.94
2017-04-07 22:10:00,180,133,46,1,37.0,11.7
2017-04-07 22:15:00,192,147,43,2,38.9,10.91
2017-04-07 22:20:00,160,132,25,3,44.4,7.87
2017-04-07 22:25:00,179,152,23,4,38.1,9.45
2017-04-07 22:30:00,197,164,32,1,39.1,10.84
2017-04-07 22:35:00,158,125,32,1,36.9,9.71
2017-04-07 22:40:00,173,139,31,3,39.1,11.0
2017-04-07 22:45:00,168,134,32,2,37.2,9.98
2017-04-07 22:50:00,189,147,41,1,35.9,12.33
2017-04-07 22:55:00,194,153,40,1,38.7,11.52
2017-04-07 23:00:00,135,108,25,2,47.5,7.25
2017-04-07 23:05:00,160,142,18,0,41.2,7.56
2017-04-07 23:10:00,164,131,30,3,45.2,8.29
2017-04-07 23:15:00,128,106,22,0,43.9,6.58
2017-04-07 23:20:00,131,105,23,3,42.2,6.77
2017-04-07 23:25:00,125,108,17,0,45.5,6.49
2017-04-07 23:30:00,127,107,19,1,47.1,6.38
2017-04-07 23:35:00,124,96,27,1,46.8,6.37
2017-04-07 23:40:00,109,82,27,0,47.8,5.05
2017-04-07 23:45:00,123,102,19,2,53.4,5.71
2017-04-07 23:50:00,126,105,20,1,46.7,6.52
2017-04-07 23:55:00,75,60,14,1,47.2,3.61
2017-04-08 00:00:00,100,86,14,0,48.7,4.94
2017-04-08 00:05:00,94,74,20,0,49.8,4.4
2017-04-08 00:10:00,98,80,17,1,55.2,4.51
2017-04-08 00:15:00,123,107,15,1,52.9,5.16
2017-04-08 00:20:00,103,81,21,1,48.2,6.12
2017-04-08 00:25:00,98,78,19,1,52.6,4.69
2017-04-08 00:30:00,88,72,15,1,53.1,4.42
2017-04-08 00:35:00,101,84,17,0,51.4,4.59
2017-04-08 00:40:00,84,73,11,0,53.3,4.19
2017-04-08 00:45:00,97,79,18,0,56.4,4.49
2017-04-08 00:50:00,88,70,18,0,54.6,3.81
2017-04-08 00:55:00,81,61,18,2,57.0,3.51
2017-04-08 01:00:00,79,60,19,0,53.5,3.65
2017-04-08 01:05:00,64,55,9,0,56.6,3.09
2017-04-08 01:10:00,86,70,16,0,51.7,3.9
2017-04-08 01:15:00,75,62,13,0,54.4,3.82
2017-04-08 01:20:00,66,54,12,0,57.4,2.84
2017-04-08 01:25:00,104,78,26,0,52.0,5.13
2017-04-08 01:30:00,73,60,13,0,60.6,3.08
2017-04-08 01:35:00,66,54,12,0,57.0,2.94
2017-04-08 01:40:00,74,54,20,0,60.5,3.17
2017-04-08 01:45:00,59,52,7,0,63.9,2.38
2017-04-08 01:50:00,57,47,10,0,59.8,2.64
2017-04-08 01:55:00,57,39,17,1,60.5,2.51
2017-04-08 02:00:00,70,57,11,2,63.0,2.95
2017-04-08 02:05:00,54,45,9,0,52.4,2.3
2017-04-08 02:10:00,53,47,6,0,58.9,2.1
2017-04-08 02:15:00,67,51,15,1,58.8,2.84
2017-04-08 02:20:00,47,40,7,0,60.1,2.05
2017-04-08 02:25:00,49,40,9,0,60.6,1.96
2017-04-08 02:30:00,50,42,8,0,60.8,2.07
2017-04-08 02:35:00,71,61,10,0,60.3,2.83
2017-04-08 02:40:00,53,42,11,0,61.7,2.3
2017-04-08 02:45:00,52,44,8,0,56.5,2.29
2017-04-08 02:50:00,45,37,8,0,53.8,2.13
2017-04-08 02:55:00,44,33,11,0,60.0,1.86
2017-04-08 03:00:00,47,43,4,0,61.2,2.0
2017-04-08 03:05:00,52,44,8,0,71.7,2.08
2017-04-08 03:10:00,44,38,6,0,63.6,1.71
2017-04-08 03:15:00,41,36,5,0,63.0,1.64
2017-04-08 03:20:00,51,45,6,0,58.3,2.04
2017-04-08 03:25:00,38,36,2,0,62.5,1.55
2017-04-08 03:30:00,26,19,7,0,61.8,1.15
2017-04-08 03:35:00,51,40,10,1,51.6,2.53
2017-04-08 03:40:00,52,46,6,0,60.8,2.07
2017-04-08 03:45:00,40,30,9,1,65.9,1.55
2017-04-08 03:50:00,33,26,7,0,60.7,1.53
2017-04-08 03:55:00,33,28,5,0,63.9,1.32
2017-04-08 04:00:00,38,29,9,0,63.3,1.65
2017-04-08 04:05:00,32,23,9,0,62.1,1.35
2017-04-08 04:10:00,34,27,7,0,58.6,1.67
2017-04-08 04:15:00,42,35,6,1,62.6,1.85
2017-04-08 04:20:00,43,37,6,0,62.7,1.77
2017-04-08 04:25:00,42,29,13,0,56.7,2.1
2017-04-08 04:30:00,35,29,6,0,61.5,1.56
2017-04-08 04:35:00,50,42,7,1,58.6,2.09
2017-04-08 04:40:00,36,28,8,0,64.3,1.38
2017-04-08 04:45:00,33,29,4,0,51.9,1.66
2017-04-08 04:50:00,38,27,11,0,59.4,1.56
2017-04-08 04:55:00,31,24,7,0,63.9,1.29
2017-04-08 05:00:00,36,31,5,0,61.5,1.47
2017-04-08 05:05:00,45,37,8,0,57.8,2.34
2017-04-08 05:10:00,31,26,5,0,58.0,1.41
2017-04-08 05:15:00,44,37,7,0,60.5,1.84
2017-04-08 05:20:00,38,32,6,0,59.8,1.45
2017-04-08 05:25:00,47,39,8,0,60.1,2.1
2017-04-08 05:30:00,45,38,7,0,66.4,2.1
2017-04-08 05:35:00,46,40,6,0,61.2,1.79
2017-04-08 05:40:00,54,45,9,0,51.8,2.42
2017-04-08 05:45:00,46,39,7,0,55.8,2.3
2017-04-08 05:50:00,58,51,7,0,55.4,2.38
2017-04-08 05:55:00,66,57,8,1,59.1,2.75
2017-04-08 06:00:00,67,54,12,1,57.1,2.76
2017-04-08 06:05:00,65,53,11,1,54.9,2.98
2017-04-08 06:10:00,75,62,9,4,52.5,3.25
2017-04-08 06:15:00,80,64,15,1,51.6,3.22
2017-04-08 06:20:00,68,60,8,0,44.4,3.31
2017-04-08 06:25:00,50,44,6,0,55.2,2.22
2017-04-08 06:30:00,77,61,14,2,44.6,3.97
2017-04-08 06:35:00,92,69,20,3,52.7,3.99
2017-04-08 06:40:00,82,55,26,1,54.2,3.8
2017-04-08 06:45:00,105,85,17,3,54.7,4.61
2017-04-08 06:50:00,80,61,18,1,51.8,3.41
2017-04-08 06:55:00,70,57,13,0,54.5,3.27
2017-04-08 07:00:00,97,79,18,0,53.7,4.45
2017-04-08 07:05:00,61,46,15,0,46.9,3.1
2017-04-08 07:10:00,102,80,21,1,57.0,3.97
2017-04-08 07:15:00,57,47,10,0,58.2,2.24
2017-04-08 07:20:00,115,94,19,2,58.2,4.68
2017-04-08 07:25:00,73,59,14,0,60.2,2.79
2017-04-08 07:30:00,82,65,16,1,57.8,3.11
2017-04-08 07:35:00,110,95,14,1,57.4,4.04
2017-04-08 07:40:00,116,93,22,1,56.8,4.43
2017-04-08 07:45:00,91,69,22,0,56.9,3.59
2017-04-08 07:50:00,107,93,12,2,58.5,3.92
2017-04-08 07:55:00,111,91,20,0,57.5,3.97
2017-04-08 08:00:00,93,80,12,1,55.8,3.47
2017-04-08 08:05:00,121,109,11,1,55.6,4.57
2017-04-08 08:10:00,127,113,14,0,57.3,4.54
2017-04-08 08:15:00,101,84,15,2,58.0,3.74
2017-04-08 08:20:00,162,145,17,0,53.1,6.13
2017-04-08 08:25:00,143,124,18,1,55.4,5.45
2017-04-08 08:30:00,152,131,20,1,52.5,5.75
2017-04-08 08:35:00,171,148,23,0,52.0,6.81
2017-04-08 08:40:00,174,153,20,1,50.9,7.14
2017-04-08 08:45:00,120,104,15,1,52.2,4.82
2017-04-08 08:50:00,179,154,24,1,51.5,7.12
2017-04-08 08:55:00,152,132,20,0,51.7,6.34
2017-04-08 09:00:00,149,131,18,0,47.9,6.58
2017-04-08 09:05:00,161,136,24,1,52.1,6.32
2017-04-08 09:10:00,159,141,16,2,52.1,6.07
2017-04-08 09:15:00,147,126,16,5,45.1,6.91
2017-04-08 09:20:00,199,172,25,2,43.6,9.12
2017-04-08 09:25:00,178,162,15,1,44.7,8.84
2017-04-08 09:30:00,153,138,13,2,46.4,6.7
2017-04-08 09:35:00,175,155,19,1,51.1,7.21
2017-04-08 09:40:00,190,169,16,5,49.8,7.86
2017-04-08 09:45:00,153,132,21,0,50.9,6.69
2017-04-08 09:50:00,188,160,28,0,52.5,7.44
2017-04-08 09:55:00,189,163,23,3,47.9,8.17
2017-04-08 10:00:00,166,147,18,1,44.3,7.68
2017-04-08 10:05:00,219,203,15,1,47.2,9.22
2017-04-08 10:10:00,197,165,28,4,41.7,11.33
2017-04-08 10:15:00,165,150,15,0,47.6,7.21
2017-04-08 10:20:00,179,155,23,1,52.8,7.02
2017-04-08 10:25:00,182,161,19,2,46.6,8.37
2017-04-08 10:30:00,164,151,12,1,45.4,6.87
2017-04-08 10:35:00,133,113,19,1,52.6,5.42
2017-04-08 10:40:00,155,141,12,2,52.9,6.66
2017-04-08 10:45:00,174,153,20,1,43.5,8.07
2017-04-08 10:50:00,181,170,11,0,53.2,7.01
2017-04-08 10:55:00,183,173,9,1,48.6,7.49
2017-04-08 11:00:00,183,169,14,0,47.0,8.04
2017-04-08 11:05:00,207,184,21,2,48.8,8.5
2017-04-08 11:10:00,203,173,29,1,44.3,9.83
2017-04-08 11:15:00,159,142,14,3,46.5,7.15
2017-04-08 11:20:00,222,191,26,5,45.0,11.88
2017-04-08 11:25:00,195,171,22,2,44.9,9.61
2017-04-08 11:30:00,157,142,11,4,46.8,6.81
2017-04-08 11:35:00,192,168,22,2,50.8,7.9
2017-04-08 11:40:00,190,165,22,3,47.6,8.53
2017-04-08 11:45:00,153,136,17,0,50.2,6.37
2017-04-08 11:50:00,171,145,26,0,50.7,8.04
2017-04-08 11:55:00,181,162,19,0,51.0,7.73
2017-04-08 12:00:00,165,147,14,4,48.9,6.68
2017-04-08 12:05:00,210,192,15,3,50.1,8.38
2017-04-08 12:10:00,169,160,9,0,49.6,6.78
2017-04-08 12:15:00,174,157,15,2,47.5,7.47
2017-04-08 12:20:00,181,162,18,1,49.1,7.48
2017-04-08 12:25:00,182,160,18,4,48.3,7.43
2017-04-08 12:30:00,156,145,10,1,46.8,6.51
2017-04-08 12:35:00,183,170,13,0,46.1,7.97
2017-04-08 12:40:00,181,161,16,4,48.1,7.16
2017-04-08 12:45:00,175,158,15,2,46.2,7.68
2017-04-08 12:50:00,213,206,7,0,46.1,9.02
2017-04-08 12:55:00,217,196,21,0,41.1,10.3
2017-04-08 13:00:00,152,144,8,0,47.2,6.47
2017-04-08 13:05:00,198,180,18,0,48.4,8.06
2017-04-08 13:10:00,176,162,13,1,48.9,7.43
2017-04-08 13:15:00,172,149,21,2,42.4,8.32
2017-04-08 13:20:00,204,191,12,1,44.6,8.41
2017-04-08 13:25:00,179,163,13,3,49.4,6.9
2017-04-08 13:30:00,150,135,13,2,47.6,6.1
2017-04-08 13:35:00,192,176,13,3,48.2,7.81
2017-04-08 13:40:00,188,174,12,2,47.7,7.79
2017-04-08 13:45:00,133,122,7,4,51.4,5.23
2017-04-08 13:50:00,179,164,15,0,47.6,7.17
2017-04-08 13:55:00,162,143,12,7,44.4,6.28
2017-04-08 14:00:00,158,147,7,4,45.5,6.53
2017-04-08 14:05:00,203,166,33,4,47.6,9.71
2017-04-08 14:10:00,201,164,36,1,44.9,9.1
2017-04-08 14:15:00,185,161,22,2,41.5,10.43
2017-04-08 14:20:00,202,173,29,0,48.4,9.24
2017-04-08 14:25:00,177,160,17,0,44.7,8.28
2017-04-08 14:30:00,141,125,16,0,45.8,6.23
2017-04-08 14:35:00,197,173,24,0,46.3,8.92
2017-04-08 14:40:00,207,177,29,1,43.0,9.92
2017-04-08 14:45:00,192,171,20,1,38.2,10.58
2017-04-08 14:50:00,217,183,33,1,42.7,10.62
2017-04-08 14:55:00,176,150,25,1,46.5,7.84
2017-04-08 15:00:00,179,140,36,3,37.1,10.14
2017-04-08 15:05:00,215,182,31,2,37.1,12.35
2017-04-08 15:10:00,198,163,31,4,49.6,8.49
2017-04-08 15:15:00,150,122,22,6,49.8,6.48
2017-04-08 15:20:00,201,177,21,3,48.1,8.74
2017-04-08 15:25:00,186,167,17,2,47.7,8.01
2017-04-08 15:30:00,164,139,20,5,44.6,7.22
2017-04-08 15:35:00,219,182,32,5,41.6,12.08
2017-04-08 15:40:00,162,146,14,2,44.7,7.24
2017-04-08 15:45:00,172,152,16,4,44.7,8.09
2017-04-08 15:50:00,199,171,25,3,47.6,8.52
2017-04-08 15:55:00,172,139,31,2,49.4,7.55
2017-04-08 16:00:00,176,151,21,4,44.9,8.24
2017-04-08 16:05:00,205,168,37,0,47.5,9.22
2017-04-08 16:10:00,179,152,25,2,42.5,9.6
2017-04-08 16:15:00,173,152,18,3,43.9,8.67
2017-04-08 16:20:00,189,164,23,2,46.6,8.46
2017-04-08 16:25:00,189,162,24,3,47.5,8.71
2017-04-08 16:30:00,180,163,15,2,42.3,8.49
2017-04-08 16:35:00,206,178,23,5,48.1,8.9
2017-04-08 16:40:00,194,167,25,2,44.7,9.32
2017-04-08 16:45:00,152,133,16,3,47.7,6.62
2017-04-08 16:50:00,185,161,22,2,48.4,8.16
2017-04-08 16:55:00,185,160,25,0,47.6,8.51
2017-04-08 17:00:00,153,138,14,1,46.4,7.01
2017-04-08 17:05:00,205,178,24,3,43.7,10.79
2017-04-08 17:10:00,179,163,13,3,46.5,8.06
2017-04-08 17:15:00,153,138,12,3,45.4,7.28
2017-04-08 17:20:00,195,178,14,3,48.0,8.74
2017-04-08 17:25:00,199,171,26,2,46.0,9.71
2017-04-08 17:30:00,173,161,12,0,45.1,7.46
2017-04-08 17:35:00,201,172,29,0,48.4,8.4
2017-04-08 17:40:00,198,175,20,3,47.2,8.99
2017-04-08 17:45:00,187,172,15,0,43.6,9.04
2017-04-08 17:50:00,218,202,14,2,46.8,10.17
2017-04-08 17:55:00,200,183,16,1,46.1,9.23
2017-04-08 18:00:00,175,154,17,4,44.4,8.8
2017-04-08 18:05:00,192,168,21,3,48.7,8.56
2017-04-08 18:10:00,206,180,26,0,44.5,9.98
2017-04-08 18:15:00,168,157,10,1,47.3,7.17
2017-04-08 18:20:00,216,198,16,2,44.4,10.13
2017-04-08 18:25:00,85,73,10,2,47.5,5.46
2017-04-08 18:30:00,161,137,21,3,43.3,7.85
2017-04-08 18:35:00,206,182,23,1,44.5,9.72
2017-04-08 18:40:00,192,171,19,2,48.6,8.6
2017-04-08 18:45:00,154,145,9,0,47.6,7.19
2017-04-08 18:50:00,182,159,21,2,49.0,7.65
2017-04-08 18:55:00,169,149,18,2,48.5,7.67
2017-04-08 19:00:00,161,148,10,3,42.6,8.02
2017-04-08 19:05:00,182,172,9,1,46.8,8.48
2017-04-08 19:10:00,176,162,14,0,48.3,8.12
2017-04-08 19:15:00,170,156,12,2,43.6,8.22
2017-04-08 19:20:00,206,185,20,1,46.9,9.31
2017-04-08 19:25:00,175,157,15,3,44.9,7.91
2017-04-08 19:30:00,162,145,17,0,42.0,8.42
2017-04-08 19:35:00,180,151,28,1,46.5,8.25
2017-04-08 19:40:00,181,160,21,0,46.8,8.16
2017-04-08 19:45:00,151,133,17,1,45.8,7.55
2017-04-08 19:50:00,191,162,28,1,44.3,8.83
2017-04-08 19:55:00,155,140,15,0,49.8,6.8
2017-04-08 20:00:00,117,100,17,0,49.8,5.12
2017-04-08 20:05:00,189,160,29,0,48.1,8.59
2017-04-08 20:10:00,163,143,18,2,48.6,7.41
2017-04-08 20:15:00,126,102,23,1,50.8,5.88
2017-04-08 20:20:00,180,161,19,0,49.3,8.24
2017-04-08 20:25:00,172,149,22,1,48.5,7.41
2017-04-08 20:30:00,157,129,28,0,44.4,7.66
2017-04-08 20:35:00,179,159,18,2,48.4,8.39
2017-04-08 20:40:00,168,146,22,0,47.6,7.74
2017-04-08 20:45:00,179,149,27,3,44.2,8.8
2017-04-08 20:50:00,219,182,37,0,46.5,10.36
2017-04-08 20:55:00,167,148,19,0,48.9,7.84
2017-04-08 21:00:00,139,122,17,0,46.7,7.0
2017-04-08 21:05:00,167,149,16,2,47.2,7.48
2017-04-08 21:10:00,197,161,33,3,37.9,11.15
2017-04-08 21:15:00,160,137,21,2,33.7,13.0
2017-04-08 21:20:00,173,139,34,0,37.6,11.39
2017-04-08 21:25:00,164,130,32,2,37.0,10.19
2017-04-08 21:30:00,141,120,21,0,40.9,7.32
2017-04-08 21:35:00,153,126,24,3,46.1,9.35
2017-04-08 21:40:00,144,113,29,2,40.9,9.88
2017-04-08 21:45:00,169,139,30,0,44.6,9.07
2017-04-08 21:50:00,144,127,17,0,43.0,7.7
2017-04-08 21:55:00,140,121,18,1,38.8,8.15
2017-04-08 22:00:00,130,106,21,3,37.0,11.88
2017-04-08 22:05:00,169,129,38,2,35.5,12.38
2017-04-08 22:10:00,176,140,36,0,33.6,11.79
2017-04-08 22:15:00,171,142,29,0,39.9,10.51
2017-04-08 22:20:00,131,106,25,0,44.9,6.66
2017-04-08 22:25:00,153,123,28,2,45.6,8.13
2017-04-08 22:30:00,134,113,21,0,47.0,6.53
2017-04-08 22:35:00,142,121,20,1,40.5,8.63
2017-04-08 22:40:00,119,100,18,1,45.7,6.12
2017-04-08 22:45:00,109,99,9,1,48.4,5.31
2017-04-08 22:50:00,152,121,30,1,36.2,9.47
2017-04-08 22:55:00,129,105,22,2,47.7,6.16
2017-04-08 23:00:00,132,106,26,0,46.4,6.9
2017-04-08 23:05:00,131,109,20,2,49.3,6.21
2017-04-08 23:10:00,135,116,17,2,45.1,6.73
2017-04-08 23:15:00,101,92,9,0,49.9,4.37
2017-04-08 23:20:00,100,86,14,0,49.5,4.47
2017-04-08 23:25:00,94,84,10,0,48.4,4.48
2017-04-08 23:30:00,101,86,14,1,49.1,4.37
2017-04-08 23:35:00,108,92,16,0,48.4,5.47
2017-04-08 23:40:00,113,99,14,0,55.6,4.65
2017-04-08 23:45:00,107,87,20,0,52.3,4.76
2017-04-08 23:50:00,103,91,12,0,53.1,4.21
2017-04-08 23:55:00,89,75,13,1,57.5,4.02
2017-04-09 00:00:00,63,57,6,0,53.4,3.2
2017-04-09 00:05:00,112,89,22,1,47.4,5.47
2017-04-09 00:10:00,109,92,17,0,51.6,4.86
2017-04-09 00:15:00,115,91,24,0,52.0,5.51
2017-04-09 00:20:00,69,56,12,1,57.8,3.32
2017-04-09 00:25:00,109,94,14,1,49.0,5.16
2017-04-09 00:30:00,79,64,15,0,51.9,3.38
2017-04-09 00:35:00,81,66,14,1,55.0,3.38
2017-04-09 00:40:00,71,65,6,0,52.8,3.65
2017-04-09 00:45:00,83,69,14,0,55.0,3.28
2017-04-09 00:50:00,79,68,11,0,52.4,4.19
2017-04-09 00:55:00,103,85,18,0,51.1,4.72
2017-04-09 01:00:00,79,65,13,1,51.7,3.47
2017-04-09 01:05:00,85,70,15,0,54.8,4.23
2017-04-09 01:10:00,69,60,9,0,59.8,3.09
2017-04-09 01:15:00,75,63,12,0,57.9,3.04
2017-04-09 01:20:00,66,51,15,0,56.1,2.91
2017-04-09 01:25:00,57,47,10,0,55.4,2.82
2017-04-09 01:30:00,86,67,19,0,54.7,4.05
2017-04-09 01:35:00,76,57,17,2,55.6,3.32
2017-04-09 01:40:00,51,36,15,0,60.1,2.39
2017-04-09 01:45:00,62,51,11,0,59.7,2.81
2017-04-09 01:50:00,71,59,10,2,56.1,3.45
2017-04-09 01:55:00,66,51,15,0,59.4,2.57
2017-04-09 02:00:00,55,49,5,1,62.4,2.25
2017-04-09 02:05:00,79,56,23,0,56.8,3.57
2017-04-09 02:10:00,59,47,12,0,51.6,2.45
2017-04-09 02:15:00,51,44,7,0,61.2,1.86
2017-04-09 02:20:00,45,35,10,0,66.3,2.02
2017-04-09 02:25:00,47,39,8,0,58.4,2.08
2017-04-09 02:30:00,54,49,5,0,63.0,2.07
2017-04-09 02:35:00,61,53,8,0,59.4,2.58
2017-04-09 02:40:00,41,38,3,0,56.3,1.92
2017-04-09 02:45:00,54,42,12,0,65.4,2.2
2017-04-09 02:50:00,49,38,11,0,60.9,1.8
2017-04-09 02:55:00,40,34,6,0,65.0,1.68
2017-04-09 03:00:00,49,35,14,0,63.5,2.27
2017-04-09 03:05:00,44,39,5,0,67.2,1.7
2017-04-09 03:10:00,70,58,12,0,60.0,2.78
2017-04-09 03:15:00,35,27,6,2,65.2,1.34
2017-04-09 03:20:00,35,28,7,0,62.6,1.48
2017-04-09 03:25:00,34,27,7,0,61.9,1.63
2017-04-09 03:30:00,33,28,5,0,69.3,1.24
2017-04-09 03:35:00,37,31,6,0,58.0,1.45
2017-04-09 03:40:00,39,37,2,0,60.8,1.91
2017-04-09 03:45:00,34,28,6,0,65.5,1.28
2017-04-09 03:50:00,49,38,11,0,62.7,1.7
2017-04-09 03:55:00,41,35,6,0,66.5,1.86
2017-04-09 04:00:00,49,38,11,0,55.0,2.15
2017-04-09 04:05:00,30,28,2,0,62.9,1.18
2017-04-09 04:10:00,49,40,9,0,59.8,2.22
2017-04-09 04:15:00,37,27,10,0,69.1,1.33
2017-04-09 04:20:00,39,32,7,0,72.5,1.61
2017-04-09 04:25:00,25,19,6,0,57.2,1.34
2017-04-09 04:30:00,41,35,6,0,68.2,1.62
2017-04-09 04:35:00,40,28,11,1,58.9,1.66
2017-04-09 04:40:00,32,27,5,0,60.4,1.2
2017-04-09 04:45:00,20,16,3,1,67.0,0.87
2017-04-09 04:50:00,50,41,9,0,56.7,2.24
2017-04-09 04:55:00,31,23,8,0,78.6,1.17
2017-04-09 05:00:00,22,20,2,0,62.9,0.8
2017-04-09 05:05:00,29,24,5,0,64.8,1.02
2017-04-09 05:10:00,34,29,5,0,58.8,1.65
2017-04-09 05:15:00,34,24,10,0,63.9,1.54
2017-04-09 05:20:00,35,27,8,0,54.7,1.72
2017-04-09 05:25:00,54,48,6,0,62.6,1.82
2017-04-09 05:30:00,42,35,7,0,56.5,1.74
2017-04-09 05:35:00,31,26,5,0,60.5,1.43
2017-04-09 05:40:00,39,36,3,0,55.9,1.65
2017-04-09 05:45:00,43,37,6,0,58.6,1.56
2017-04-09 05:50:00,57,46,10,1,52.3,3.04
2017-04-09 05:55:00,34,32,1,1,52.8,1.95
2017-04-09 06:00:00,47,41,6,0,52.1,1.96
2017-04-09 06:05:00,66,60,5,1,58.1,2.8
2017-04-09 06:10:00,46,40,5,1,58.9,2.11
2017-04-09 06:15:00,69,51,16,2,54.8,2.89
2017-04-09 06:20:00,62,46,16,0,57.3,2.4
2017-04-09 06:25:00,44,35,9,0,60.6,1.88
2017-04-09 06:30:00,62,51,10,1,53.5,2.87
2017-04-09 06:35:00,67,57,10,0,57.4,2.71
2017-04-09 06:40:00,49,38,10,1,52.7,2.51
2017-04-09 06:45:00,71,55,15,1,50.2,3.36
2017-04-09 06:50:00,80,64,15,1,51.2,3.8
2017-04-09 06:55:00,54,41,12,1,56.6,2.34
2017-04-09 07:00:00,60,48,10,2,54.4,2.58
2017-04-09 07:05:00,74,58,15,1,51.8,3.42
2017-04-09 07:10:00,88,73,12,3,64.2,2.98
2017-04-09 07:15:00,57,46,11,0,58.8,2.71
2017-04-09 07:20:00,92,71,20,1,61.7,3.52
2017-04-09 07:25:00,61,53,8,0,58.3,2.28
2017-04-09 07:30:00,44,38,6,0,55.9,1.62
2017-04-09 07:35:00,63,44,15,4,62.2,2.47
2017-04-09 07:40:00,63,54,8,1,56.5,2.72
2017-04-09 07:45:00,79,64,14,1,61.0,2.76
2017-04-09 07:50:00,85,78,6,1,62.2,2.53
2017-04-09 07:55:00,62,50,11,1,59.1,2.41
2017-04-09 08:00:00,48,34,13,1,60.2,2.11
2017-04-09 08:05:00,89,76,11,2,61.9,3.21
2017-04-09 08:10:00,72,63,8,1,60.4,2.29
2017-04-09 08:15:00,56,46,10,0,53.2,2.37
2017-04-09 08:20:00,93,83,9,1,54.7,3.54
2017-04-09 08:25:00,87,74,11,2,60.9,3.09
2017-04-09 08:30:00,120,105,14,1,56.3,4.04
2017-04-09 08:35:00,120,104,15,1,55.4,4.38
2017-04-09 08:40:00,112,96,15,1,50.0,5.03
2017-04-09 08:45:00,131,114,13,4,51.8,5.27
2017-04-09 08:50:00,138,109,26,3,54.7,5.17
2017-04-09 08:55:00,97,83,13,1,52.2,4.2
2017-04-09 09:00:00,129,111,18,0,50.3,5.34
2017-04-09 09:05:00,141,116,23,2,52.6,5.07
2017-04-09 09:10:00,123,107,15,1,52.9,4.68
2017-04-09 09:15:00,100,82,14,4,52.2,4.02
2017-04-09 09:20:00,136,114,20,2,49.1,5.51
2017-04-09 09:25:00,121,103,17,1,54.5,4.28
2017-04-09 09:30:00,110,99,11,0,50.3,4.3
2017-04-09 09:35:00,144,130,13,1,48.6,6.38
2017-04-09 09:40:00,123,108,13,2,48.3,5.07
2017-04-09 09:45:00,117,96,20,1,52.1,4.31
2017-04-09 09:50:00,179,156,19,4,49.8,7.24
2017-04-09 09:55:00,147,128,17,2,43.4,7.01
2017-04-09 10:00:00,140,131,8,1,46.4,5.73
2017-04-09 10:05:00,163,150,11,2,48.1,6.28
2017-04-09 10:10:00,151,138,12,1,47.2,7.06
2017-04-09 10:15:00,167,147,15,5,46.4,6.39
2017-04-09 10:20:00,163,140,19,4,46.2,7.03
2017-04-09 10:25:00,143,132,9,2,47.2,6.51
2017-04-09 10:30:00,158,144,13,1,44.9,6.74
2017-04-09 10:35:00,189,167,22,0,38.6,8.3
2017-04-09 10:40:00,193,168,18,7,43.0,11.08
2017-04-09 10:45:00,137,120,13,4,46.4,6.7
2017-04-09 10:50:00,171,155,14,2,52.8,6.59
2017-04-09 10:55:00,144,134,6,4,49.7,5.96
2017-04-09 11:00:00,171,154,12,5,50.5,6.47
2017-04-09 11:05:00,163,148,13,2,48.3,6.66
2017-04-09 11:10:00,140,124,12,4,40.7,8.32
2017-04-09 11:15:00,145,129,15,1,46.6,6.34
2017-04-09 11:20:00,154,139,13,2,48.9,5.65
2017-04-09 11:25:00,132,118,12,2,47.0,5.96
2017-04-09 11:30:00,145,135,9,1,47.6,6.07
2017-04-09 11:35:00,181,155,25,1,47.4,7.66
2017-04-09 11:40:00,168,152,13,3,43.4,6.59
2017-04-09 11:45:00,140,129,10,1,42.4,7.31
2017-04-09 11:50:00,174,158,13,3,43.1,6.86
2017-04-09 11:55:00,151,138,10,3,46.0,6.22
2017-04-09 12:00:00,105,97,8,0,47.3,4.63
2017-04-09 12:05:00,164,145,16,3,49.2,6.83
2017-04-09 12:10:00,135,124,9,2,47.4,5.28
2017-04-09 12:15:00,108,100,8,0,46.7,5.01
2017-04-09 12:20:00,177,161,14,2,47.8,6.91
2017-04-09 12:25:00,163,146,16,1,52.0,7.2
2017-04-09 12:30:00,119,115,2,2,43.4,5.3
2017-04-09 12:35:00,189,174,14,1,43.1,9.37
2017-04-09 12:40:00,194,181,12,1,40.7,8.37
2017-04-09 12:45:00,119,109,7,3,47.1,5.08
2017-04-09 12:50:00,153,140,12,1,51.6,6.97
2017-04-09 12:55:00,134,122,8,4,43.0,5.89
2017-04-09 13:00:00,151,134,16,1,46.9,5.95
2017-04-09 13:05:00,197,173,20,4,40.0,9.16
2017-04-09 13:10:00,127,116,7,4,38.3,6.72
2017-04-09 13:15:00,185,175,8,2,38.6,7.55
2017-04-09 13:20:00,170,156,13,1,37.5,8.5
2017-04-09 13:25:00,162,148,13,1,40.9,7.2
2017-04-09 13:30:00,160,145,14,1,39.0,7.93
2017-04-09 13:35:00,212,194,17,1,43.9,8.97
2017-04-09 13:40:00,132,122,8,2,50.2,5.96
2017-04-09 13:45:00,165,140,24,1,38.7,8.01
2017-04-09 13:50:00,207,190,13,4,35.7,8.72
2017-04-09 13:55:00,194,169,23,2,35.2,10.85
2017-04-09 14:00:00,136,123,10,3,41.9,6.71
2017-04-09 14:05:00,182,166,14,2,43.1,7.77
2017-04-09 14:10:00,116,103,13,0,44.9,8.67
2017-04-09 14:15:00,156,141,13,2,43.3,7.47
2017-04-09 14:20:00,207,187,19,1,38.8,12.24
2017-04-09 14:25:00,157,142,14,1,42.1,7.85
2017-04-09 14:30:00,147,122,25,0,40.6,8.21
2017-04-09 14:35:00,205,181,23,1,35.2,11.66
2017-04-09 14:40:00,188,158,27,3,36.0,12.41
2017-04-09 14:45:00,128,113,15,0,40.0,6.74
2017-04-09 14:50:00,186,164,22,0,44.2,8.36
2017-04-09 14:55:00,168,149,17,2,41.5,6.85
2017-04-09 15:00:00,150,133,15,2,41.3,7.04
2017-04-09 15:05:00,184,160,22,2,47.7,8.89
2017-04-09 15:10:00,141,117,21,3,45.1,6.12
2017-04-09 15:15:00,169,146,20,3,45.9,6.78
2017-04-09 15:20:00,164,133,22,9,49.1,7.69
2017-04-09 15:25:00,153,126,23,4,43.0,6.89
2017-04-09 15:30:00,171,154,12,5,41.7,7.26
2017-04-09 15:35:00,184,160,19,5,44.4,11.33
2017-04-09 15:40:00,164,142,20,2,43.5,8.4
2017-04-09 15:45:00,145,127,16,2,46.4,6.43
2017-04-09 15:50:00,185,160,21,4,48.2,7.38
2017-04-09 15:55:00,125,102,21,2,48.3,6.19
2017-04-09 16:00:00,165,145,18,2,46.2,7.46
2017-04-09 16:05:00,188,167,21,0,47.4,7.52
2017-04-09 16:10:00,130,115,13,2,49.5,6.23
2017-04-09 16:15:00,157,140,17,0,47.4,7.21
2017-04-09 16:20:00,182,161,20,1,49.4,7.95
2017-04-09 16:25:00,163,142,21,0,46.3,6.62
2017-04-09 16:30:00,126,110,12,4,46.9,5.91
2017-04-09 16:35:00,183,162,19,2,47.8,7.97
2017-04-09 16:40:00,167,148,16,3,49.4,6.62
2017-04-09 16:45:00,126,114,11,1,48.2,6.02
2017-04-09 16:50:00,145,131,13,1,49.7,6.5
2017-04-09 16:55:00,134,120,13,1,48.3,5.79
2017-04-09 17:00:00,158,143,13,2,46.1,7.24
2017-04-09 17:05:00,186,165,18,3,50.1,7.04
2017-04-09 17:10:00,149,127,21,1,47.6,7.25
2017-04-09 17:15:00,162,150,11,1,47.4,7.06
2017-04-09 17:20:00,201,177,23,1,48.2,9.08
2017-04-09 17:25:00,187,169,16,2,46.2,7.53
2017-04-09 17:30:00,126,106,19,1,50.0,6.13
2017-04-09 17:35:00,168,145,22,1,49.6,7.46
2017-04-09 17:40:00,182,161,20,1,47.3,7.33
2017-04-09 17:45:00,110,92,16,2,50.5,5.55
2017-04-09 17:50:00,158,143,13,2,51.7,6.67
2017-04-09 17:55:00,155,136,19,0,45.6,7.94
2017-04-09 18:00:00,155,139,13,3,46.6,7.27
2017-04-09 18:05:00,170,152,16,2,48.2,7.27
2017-04-09 18:10:00,154,134,20,0,45.5,7.67
2017-04-09 18:15:00,186,163,21,2,50.9,7.18
2017-04-09 18:20:00,183,168,14,1,49.2,9.16
2017-04-09 18:25:00,134,115,19,0,49.7,6.0
2017-04-09 18:30:00,156,138,14,4,47.6,6.55
2017-04-09 18:35:00,173,157,15,1,47.9,7.72
2017-04-09 18:40:00,128,118,8,2,51.1,6.04
2017-04-09 18:45:00,125,106,17,2,51.0,5.4
2017-04-09 18:50:00,165,140,24,1,52.8,6.48
2017-04-09 18:55:00,120,105,14,1,53.2,5.35
2017-04-09 19:00:00,137,121,15,1,49.7,6.37
2017-04-09 19:05:00,161,149,11,1,48.5,6.45
2017-04-09 19:10:00,177,163,12,2,44.6,8.24
2017-04-09 19:15:00,133,120,13,0,45.7,6.71
2017-04-09 19:20:00,177,153,21,3,48.4,7.31
2017-04-09 19:25:00,137,123,14,0,47.8,6.67
2017-04-09 19:30:00,165,135,29,1,47.3,7.69
2017-04-09 19:35:00,184,150,32,2,46.8,10.45
2017-04-09 19:40:00,165,138,26,1,45.0,8.02
2017-04-09 19:45:00,151,133,17,1,48.6,6.91
2017-04-09 19:50:00,189,164,25,0,48.1,8.85
2017-04-09 19:55:00,163,140,21,2,46.9,7.0
2017-04-09 20:00:00,135,117,17,1,45.9,6.49
2017-04-09 20:05:00,160,125,34,1,47.7,8.44
2017-04-09 20:10:00,179,156,21,2,45.6,8.12
2017-04-09 20:15:00,159,135,23,1,41.9,8.23
2017-04-09 20:20:00,188,157,31,0,49.4,9.06
2017-04-09 20:25:00,157,131,25,1,49.2,6.95
2017-04-09 20:30:00,122,112,9,1,46.5,6.27
2017-04-09 20:35:00,174,145,29,0,48.6,7.63
2017-04-09 20:40:00,137,113,23,1,45.1,7.55
2017-04-09 20:45:00,176,153,23,0,45.9,7.87
2017-04-09 20:50:00,208,187,21,0,47.6,10.51
2017-04-09 20:55:00,142,129,12,1,45.7,6.73
2017-04-09 21:00:00,139,121,17,1,49.1,6.17
2017-04-09 21:05:00,153,133,18,2,51.0,6.78
2017-04-09 21:10:00,198,167,29,2,36.9,13.2
2017-04-09 21:15:00,131,105,23,3,40.6,12.08
2017-04-09 21:20:00,142,115,23,4,43.1,8.27
2017-04-09 21:25:00,158,128,28,2,37.3,9.13
2017-04-09 21:30:00,127,116,11,0,41.7,6.83
2017-04-09 21:35:00,116,100,14,2,44.6,6.96
2017-04-09 21:40:00,135,119,14,2,48.4,6.32
2017-04-09 21:45:00,115,90,24,1,50.0,5.58
2017-04-09 21:50:00,124,98,25,1,41.5,7.4
2017-04-09 21:55:00,139,115,22,2,43.5,7.44
2017-04-09 22:00:00,125,113,12,0,48.3,5.25
2017-04-09 22:05:00,108,89,19,0,43.7,6.26
2017-04-09 22:10:00,129,109,20,0,44.0,7.05
2017-04-09 22:15:00,110,96,13,1,48.8,5.32
2017-04-09 22:20:00,141,117,24,0,45.6,7.59
2017-04-09 22:25:00,90,78,11,1,50.2,4.72
2017-04-09 22:30:00,108,94,13,1,45.7,5.48
2017-04-09 22:35:00,104,83,20,1,48.0,4.75
2017-04-09 22:40:00,78,63,15,0,48.1,4.45
2017-04-09 22:45:00,93,75,18,0,49.9,4.7
2017-04-09 22:50:00,81,65,14,2,53.6,3.49
2017-04-09 22:55:00,72,65,7,0,55.1,3.81
2017-04-09 23:00:00,80,62,18,0,55.5,3.84
2017-04-09 23:05:00,100,78,21,1,53.9,4.22
2017-04-09 23:10:00,104,87,17,0,50.6,4.76
2017-04-09 23:15:00,76,63,13,0,49.3,4.14
2017-04-09 23:20:00,83,69,14,0,51.0,3.57
2017-04-09 23:25:00,91,77,14,0,55.5,3.63
2017-04-09 23:30:00,67,56,11,0,56.4,3.38
2017-04-09 23:35:00,70,61,9,0,56.0,3.04
2017-04-09 23:40:00,55,49,6,0,55.1,3.88
2017-04-09 23:45:00,60,54,6,0,62.1,2.55
2017-04-09 23:50:00,72,56,16,0,53.4,3.09
2017-04-09 23:55:00,45,38,7,0,60.3,2.04
2017-04-10 00:00:00,92,71,21,0,56.4,3.88
2017-04-10 00:05:00,56,48,8,0,54.5,2.39
2017-04-10 00:10:00,61,49,12,0,55.7,3.0
2017-04-10 00:15:00,64,56,8,0,59.4,2.74
2017-04-10 00:20:00,74,62,12,0,54.2,3.35
2017-04-10 00:25:00,60,46,14,0,51.9,3.15
2017-04-10 00:30:00,66,54,11,1,54.9,3.13
2017-04-10 00:35:00,60,51,9,0,54.8,2.81
2017-04-10 00:40:00,43,34,9,0,58.2,2.02
2017-04-10 00:45:00,54,43,11,0,59.9,2.35
2017-04-10 00:50:00,55,47,8,0,56.2,2.57
2017-04-10 00:55:00,45,37,7,1,56.4,2.16
2017-04-10 01:00:00,41,36,5,0,62.8,1.87
2017-04-10 01:05:00,45,38,7,0,60.9,2.0
2017-04-10 01:10:00,49,34,15,0,57.6,1.92
2017-04-10 01:15:00,32,25,7,0,58.8,1.42
2017-04-10 01:20:00,41,31,10,0,67.1,1.7
2017-04-10 01:25:00,27,24,3,0,62.9,1.13
2017-04-10 01:30:00,32,24,8,0,56.4,1.66
2017-04-10 01:35:00,36,20,16,0,58.5,1.89
2017-04-10 01:40:00,25,23,2,0,63.2,1.21
2017-04-10 01:45:00,27,23,3,1,57.6,1.24
2017-04-10 01:50:00,39,33,6,0,57.3,1.83
2017-04-10 01:55:00,34,28,6,0,63.7,1.51
2017-04-10 02:00:00,48,41,7,0,58.4,2.12
2017-04-10 02:05:00,37,30,7,0,59.5,1.46
2017-04-10 02:10:00,31,29,2,0,57.7,1.49
2017-04-10 02:15:00,19,18,1,0,67.7,0.79
2017-04-10 02:20:00,19,13,6,0,60.9,0.88
2017-04-10 02:25:00,25,21,4,0,56.7,1.39
2017-04-10 02:30:00,40,33,7,0,58.3,1.66
2017-04-10 02:35:00,32,28,4,0,58.8,1.52
2017-04-10 02:40:00,11,7,4,0,65.0,0.48
2017-04-10 02:45:00,22,18,4,0,58.2,0.97
2017-04-10 02:50:00,20,18,2,0,61.7,0.84
2017-04-10 02:55:00,33,27,6,0,61.6,1.51
2017-04-10 03:00:00,20,15,5,0,59.4,0.99
2017-04-10 03:05:00,20,17,3,0,62.9,0.98
2017-04-10 03:10:00,22,16,6,0,57.8,1.0
2017-04-10 03:15:00,22,17,5,0,69.0,1.03
2017-04-10 03:20:00,20,17,3,0,60.0,0.94
2017-04-10 03:25:00,17,13,4,0,61.9,0.73
2017-04-10 03:30:00,15,14,1,0,64.4,0.48
2017-04-10 03:35:00,26,22,4,0,64.2,1.04
2017-04-10 03:40:00,20,15,5,0,44.7,0.93
2017-04-10 03:45:00,18,13,5,0,61.2,0.88
2017-04-10 03:50:00,27,21,6,0,52.1,1.22
2017-04-10 03:55:00,25,19,6,0,60.4,1.06
2017-04-10 04:00:00,12,10,2,0,56.4,0.6
2017-04-10 04:05:00,23,17,6,0,63.5,1.04
2017-04-10 04:10:00,15,9,6,0,60.7,0.65
2017-04-10 04:15:00,31,24,7,0,58.0,1.36
2017-04-10 04:20:00,28,21,7,0,54.9,1.3
2017-04-10 04:25:00,21,19,2,0,55.7,0.99
2017-04-10 04:30:00,23,20,3,0,54.1,1.22
2017-04-10 04:35:00,31,23,7,1,63.7,1.62
2017-04-10 04:40:00,23,21,2,0,54.3,0.92
2017-04-10 04:45:00,32,29,3,0,52.3,1.71
2017-04-10 04:50:00,21,16,5,0,56.6,0.87
2017-04-10 04:55:00,26,20,6,0,57.7,1.11
2017-04-10 05:00:00,23,17,6,0,56.4,1.05
2017-04-10 05:05:00,27,20,7,0,59.2,1.23
2017-04-10 05:10:00,28,20,8,0,61.0,1.31
2017-04-10 05:15:00,24,15,9,0,64.2,1.17
2017-04-10 05:20:00,25,20,5,0,62.1,1.09
2017-04-10 05:25:00,34,25,9,0,65.0,1.44
2017-04-10 05:30:00,47,42,5,0,51.5,2.41
2017-04-10 05:35:00,37,36,1,0,53.8,1.66
2017-04-10 05:40:00,32,25,5,2,60.6,1.32
2017-04-10 05:45:00,55,49,6,0,49.1,2.52
2017-04-10 05:50:00,64,53,11,0,49.1,3.37
2017-04-10 05:55:00,54,44,9,1,52.8,2.18
2017-04-10 06:00:00,69,56,12,1,55.5,2.68
2017-04-10 06:05:00,82,69,13,0,54.3,3.61
2017-04-10 06:10:00,60,44,16,0,53.1,2.58
2017-04-10 06:15:00,70,46,23,1,55.8,3.11
2017-04-10 06:20:00,64,46,15,3,48.8,3.1
2017-04-10 06:25:00,74,59,14,1,47.8,3.14
2017-04-10 06:30:00,85,70,15,0,50.6,4.62
2017-04-10 06:35:00,111,86,24,1,49.5,5.53
2017-04-10 06:40:00,105,72,31,2,50.4,5.25
2017-04-10 06:45:00,89,71,16,2,54.9,4.14
2017-04-10 06:50:00,56,45,11,0,48.2,11.32
2017-04-10 06:55:00,87,68,19,0,53.3,3.97
2017-04-10 07:00:00,112,88,24,0,49.6,5.2
2017-04-10 07:05:00,131,107,24,0,51.7,5.6
2017-04-10 07:10:00,132,102,28,2,52.4,5.24
2017-04-10 07:15:00,127,109,17,1,52.0,6.41
2017-04-10 07:20:00,157,131,24,2,57.4,6.06
2017-04-10 07:25:00,151,124,22,5,51.3,6.16
2017-04-10 07:30:00,164,137,22,5,50.7,6.44
2017-04-10 07:35:00,220,186,27,7,48.5,8.88
2017-04-10 07:40:00,160,138,17,5,49.5,6.71
2017-04-10 07:45:00,195,170,22,3,47.9,7.96
2017-04-10 07:50:00,204,184,18,2,52.3,8.25
2017-04-10 07:55:00,167,147,17,3,50.5,6.85
2017-04-10 08:00:00,189,169,18,2,50.6,7.35
2017-04-10 08:05:00,225,199,21,5,47.5,9.99
2017-04-10 08:10:00,143,124,18,1,49.2,5.61
2017-04-10 08:15:00,195,171,22,2,46.6,8.26
2017-04-10 08:20:00,228,200,24,4,47.0,10.62
2017-04-10 08:25:00,179,153,24,2,46.8,8.03
2017-04-10 08:30:00,188,162,24,2,47.7,8.15
2017-04-10 08:35:00,216,186,28,2,49.6,9.15
2017-04-10 08:40:00,140,106,31,3,36.3,11.88
2017-04-10 08:45:00,164,126,35,3,28.7,18.92
2017-04-10 08:50:00,155,131,20,4,35.7,19.1
2017-04-10 08:55:00,147,124,20,3,42.6,14.08
2017-04-10 09:00:00,165,140,24,1,45.3,7.9
2017-04-10 09:05:00,193,162,28,3,50.9,8.06
2017-04-10 09:10:00,123,99,23,1,48.1,5.59
2017-04-10 09:15:00,158,134,24,0,48.8,6.66
2017-04-10 09:20:00,183,157,25,1,53.2,7.38
2017-04-10 09:25:00,134,114,20,0,50.1,5.37
2017-04-10 09:30:00,149,131,18,0,51.0,6.25
2017-04-10 09:35:00,164,138,24,2,49.5,7.02
2017-04-10 09:40:00,159,130,27,2,49.3,7.15
2017-04-10 09:45:00,184,157,24,3,50.1,7.74
2017-04-10 09:50:00,159,142,15,2,52.1,6.25
2017-04-10 09:55:00,90,78,11,1,47.5,5.05
2017-04-10 10:00:00,123,98,25,0,49.3,5.74
2017-04-10 10:05:00,144,122,22,0,48.5,6.48
2017-04-10 10:10:00,175,159,15,1,46.4,7.89
2017-04-10 10:15:00,158,146,12,0,48.1,6.78
2017-04-10 10:20:00,184,158,25,1,47.3,8.59
2017-04-10 10:25:00,167,147,19,1,49.4,6.89
2017-04-10 10:30:00,169,153,15,1,50.6,6.75
2017-04-10 10:35:00,161,134,27,0,47.9,6.99
2017-04-10 10:40:00,173,152,21,0,46.4,8.04
2017-04-10 10:45:00,175,154,20,1,45.2,12.97
2017-04-10 10:50:00,169,151,18,0,47.3,7.32
2017-04-10 10:55:00,156,132,22,2,50.8,6.51
2017-04-10 11:00:00,172,143,27,2,49.7,7.29
2017-04-10 11:05:00,186,165,19,2,48.0,8.26
2017-04-10 11:10:00,182,153,27,2,46.8,8.36
2017-04-10 11:15:00,165,146,16,3,47.5,7.55
2017-04-10 11:20:00,187,161,23,3,44.7,9.01
2017-04-10 11:25:00,166,147,15,4,48.2,7.0
2017-04-10 11:30:00,171,143,27,1,45.6,8.06
2017-04-10 11:35:00,167,146,21,0,46.3,7.45
2017-04-10 11:40:00,169,146,23,0,47.1,8.21
2017-04-10 11:45:00,173,145,27,1,46.5,7.76
2017-04-10 11:50:00,177,152,21,4,45.3,8.39
2017-04-10 11:55:00,151,131,19,1,47.1,6.75
2017-04-10 12:00:00,138,117,16,5,53.5,5.38
2017-04-10 12:05:00,146,128,17,1,49.0,5.99
2017-04-10 12:10:00,151,124,23,4,49.0,6.42
2017-04-10 12:15:00,159,141,15,3,49.0,6.22
2017-04-10 12:20:00,131,119,10,2,48.4,6.86
2017-04-10 12:25:00,142,125,13,4,48.7,5.52
2017-04-10 12:30:00,138,126,11,1,49.4,5.47
2017-04-10 12:35:00,135,115,17,3,52.1,5.31
2017-04-10 12:40:00,139,122,14,3,45.3,6.71
2017-04-10 12:45:00,143,127,15,1,47.9,5.98
2017-04-10 12:50:00,172,147,17,8,43.5,7.71
2017-04-10 12:55:00,139,115,19,5,47.5,8.12
2017-04-10 13:00:00,144,122,22,0,49.5,6.06
2017-04-10 13:05:00,141,121,18,2,47.9,5.73
2017-04-10 13:10:00,151,131,18,2,48.2,6.33
2017-04-10 13:15:00,139,125,13,1,48.0,5.4
2017-04-10 13:20:00,151,131,17,3,45.3,6.72
2017-04-10 13:25:00,141,128,10,3,49.4,5.48
2017-04-10 13:30:00,155,137,16,2,46.1,6.57
2017-04-10 13:35:00,147,127,17,3,47.6,6.19
2017-04-10 13:40:00,170,156,13,1,46.9,7.23
2017-04-10 13:45:00,150,132,13,5,43.7,6.51
2017-04-10 13:50:00,148,121,20,7,44.3,5.84
2017-04-10 13:55:00,128,108,12,8,45.6,8.96
2017-04-10 14:00:00,128,114,12,2,44.3,5.93
2017-04-10 14:05:00,152,120,31,1,46.0,7.41
2017-04-10 14:10:00,175,139,36,0,48.1,7.65
2017-04-10 14:15:00,169,143,26,0,46.4,7.99
2017-04-10 14:20:00,166,138,26,2,46.8,9.37
2017-04-10 14:25:00,187,169,16,2,46.7,9.99
2017-04-10 14:30:00,172,152,19,1,42.1,9.78
2017-04-10 14:35:00,167,142,25,0,43.0,8.64
2017-04-10 14:40:00,190,168,22,0,45.4,9.49
2017-04-10 14:45:00,185,156,26,3,41.5,9.46
2017-04-10 14:50:00,178,147,31,0,44.5,8.88
2017-04-10 14:55:00,169,142,27,0,43.2,10.27
2017-04-10 15:00:00,189,154,33,2,47.3,8.74
2017-04-10 15:05:00,173,149,18,6,34.7,10.34
2017-04-10 15:10:00,171,138,27,6,38.4,9.33
2017-04-10 15:15:00,165,115,43,7,44.4,8.28
2017-04-10 15:20:00,166,140,23,3,42.2,8.28
2017-04-10 15:25:00,170,122,42,6,44.9,8.49
2017-04-10 15:30:00,166,130,32,4,43.8,8.45
2017-04-10 15:35:00,169,134,31,4,46.8,7.46
2017-04-10 15:40:00,178,140,31,7,46.6,8.86
2017-04-10 15:45:00,186,154,27,5,41.9,9.36
2017-04-10 15:50:00,193,154,38,1,43.2,9.59
2017-04-10 15:55:00,162,120,41,1,46.8,7.88
2017-04-10 16:00:00,165,140,21,4,43.0,8.25
2017-04-10 16:05:00,178,146,24,8,43.6,9.84
2017-04-10 16:10:00,176,147,27,2,42.7,8.48
2017-04-10 16:15:00,171,139,31,1,44.7,8.38
2017-04-10 16:20:00,162,138,24,0,48.8,7.64
2017-04-10 16:25:00,176,148,25,3,46.6,7.71
2017-04-10 16:30:00,154,137,13,4,43.9,7.05
2017-04-10 16:35:00,159,144,11,4,44.0,6.95
2017-04-10 16:40:00,138,124,11,3,46.8,5.86
2017-04-10 16:45:00,141,124,14,3,47.1,6.39
2017-04-10 16:50:00,154,135,18,1,45.3,6.79
2017-04-10 16:55:00,177,156,16,5,46.9,7.48
2017-04-10 17:00:00,210,190,15,5,42.0,10.38
2017-04-10 17:05:00,143,122,19,2,47.4,6.21
2017-04-10 17:10:00,180,158,19,3,45.7,9.21
2017-04-10 17:15:00,167,147,19,1,42.7,8.51
2017-04-10 17:20:00,206,180,17,9,44.8,10.72
2017-04-10 17:25:00,183,158,20,5,46.4,8.04
2017-04-10 17:30:00,162,147,11,4,45.9,7.48
2017-04-10 17:35:00,214,186,26,2,46.4,9.34
2017-04-10 17:40:00,205,184,17,4,45.3,8.84
2017-04-10 17:45:00,144,130,14,0,49.4,6.2
2017-04-10 17:50:00,221,194,20,7,46.9,9.25
2017-04-10 17:55:00,228,209,13,6,43.0,10.2
2017-04-10 18:00:00,190,176,13,1,43.3,9.73
2017-04-10 18:05:00,220,204,15,1,43.6,10.75
2017-04-10 18:10:00,221,199,19,3,45.5,10.25
2017-04-10 18:15:00,184,171,11,2,44.4,8.15
2017-04-10 18:20:00,224,198,25,1,48.2,9.66
2017-04-10 18:25:00,228,208,19,1,45.1,11.08
2017-04-10 18:30:00,189,170,17,2,44.4,9.34
2017-04-10 18:35:00,218,188,28,2,47.1,10.17
2017-04-10 18:40:00,205,177,28,0,46.0,11.07
2017-04-10 18:45:00,205,180,24,1,44.5,10.07
2017-04-10 18:50:00,219,186,32,1,47.5,10.04
2017-04-10 18:55:00,219,196,23,0,42.9,14.92
2017-04-10 19:00:00,162,146,15,1,43.9,11.33
2017-04-10 19:05:00,239,221,16,2,42.3,12.9
2017-04-10 19:10:00,197,186,10,1,42.7,12.17
2017-04-10 19:15:00,175,154,21,0,46.0,8.0
2017-04-10 19:20:00,219,189,30,0,44.4,11.29
2017-04-10 19:25:00,168,146,22,0,48.6,8.16
2017-04-10 19:30:00,190,160,27,3,41.9,11.22
2017-04-10 19:35:00,202,166,34,2,45.0,9.82
2017-04-10 19:40:00,206,169,35,2,42.5,11.15
2017-04-10 19:45:00,148,129,19,0,49.3,6.95
2017-04-10 19:50:00,187,160,26,1,43.4,9.66
2017-04-10 19:55:00,174,150,24,0,45.1,8.52
2017-04-10 20:00:00,178,151,25,2,38.0,13.03
2017-04-10 20:05:00,164,143,20,1,48.5,7.67
2017-04-10 20:10:00,165,141,24,0,46.7,8.08
2017-04-10 20:15:00,173,146,25,2,42.9,9.38
2017-04-10 20:20:00,197,173,23,1,45.5,14.87
2017-04-10 20:25:00,194,164,30,0,46.8,9.82
2017-04-10 20:30:00,129,113,16,0,47.5,5.97
2017-04-10 20:35:00,166,142,24,0,47.4,8.22
2017-04-10 20:40:00,154,135,18,1,50.6,6.92
2017-04-10 20:45:00,144,126,18,0,49.2,6.79
2017-04-10 20:50:00,171,142,29,0,51.0,8.01
2017-04-10 20:55:00,159,136,23,0,49.6,7.57
2017-04-10 21:00:00,128,108,20,0,51.5,5.61
2017-04-10 21:05:00,172,146,25,1,45.7,10.05
2017-04-10 21:10:00,166,142,23,1,41.6,11.05
2017-04-10 21:15:00,152,127,24,1,38.2,11.2
2017-04-10 21:20:00,178,139,39,0,35.8,13.12
2017-04-10 21:25:00,170,140,29,1,36.5,15.15
2017-04-10 21:30:00,192,160,31,1,36.5,14.32
2017-04-10 21:35:00,187,154,30,3,36.7,15.45
2017-04-10 21:40:00,154,134,20,0,40.4,10.16
2017-04-10 21:45:00,169,134,33,2,39.0,11.39
2017-04-10 21:50:00,169,145,21,3,40.0,12.13
2017-04-10 21:55:00,165,144,19,2,34.7,14.12
2017-04-10 22:00:00,175,141,34,0,35.2,18.22
2017-04-10 22:05:00,143,119,22,2,40.5,9.9
2017-04-10 22:10:00,166,141,25,0,43.2,8.42
2017-04-10 22:15:00,165,129,33,3,40.2,17.77
2017-04-10 22:20:00,171,147,24,0,44.7,10.11
2017-04-10 22:25:00,186,147,36,3,39.5,14.12
2017-04-10 22:30:00,171,147,23,1,37.9,12.04
2017-04-10 22:35:00,148,124,22,2,36.5,16.69
2017-04-10 22:40:00,152,126,23,3,37.9,12.41
2017-04-10 22:45:00,109,95,14,0,44.5,6.85
2017-04-10 22:50:00,100,84,16,0,44.8,6.25
2017-04-10 22:55:00,116,98,18,0,48.7,5.93
2017-04-10 23:00:00,109,95,13,1,43.5,5.54
2017-04-10 23:05:00,108,95,12,1,51.7,5.06
2017-04-10 23:10:00,136,117,19,0,46.7,7.29
2017-04-10 23:15:00,122,104,18,0,47.4,6.65
2017-04-10 23:20:00,86,72,14,0,52.7,4.08
2017-04-10 23:25:00,83,72,11,0,50.3,3.82
2017-04-10 23:30:00,101,81,19,1,50.6,4.81
2017-04-10 23:35:00,91,77,14,0,52.4,4.46
2017-04-10 23:40:00,93,73,20,0,52.9,4.07
2017-04-10 23:45:00,70,63,7,0,55.9,3.38
2017-04-10 23:50:00,92,78,14,0,50.0,4.46
2017-04-10 23:55:00,95,77,17,1,51.4,4.66
2017-04-11 00:00:00,108,93,15,0,49.5,5.46
2017-04-11 00:05:00,86,73,13,0,52.4,4.06
2017-04-11 00:10:00,83,66,17,0,52.4,3.88
2017-04-11 00:15:00,106,93,13,0,47.5,5.53
2017-04-11 00:20:00,81,67,14,0,54.4,4.03
2017-04-11 00:25:00,72,60,11,1,55.2,3.35
2017-04-11 00:30:00,61,48,11,2,53.7,3.3
2017-04-11 00:35:00,63,54,8,1,51.2,2.89
2017-04-11 00:40:00,69,61,8,0,51.0,3.35
2017-04-11 00:45:00,70,57,13,0,58.1,3.04
2017-04-11 00:50:00,91,66,25,0,56.1,4.35
2017-04-11 00:55:00,67,57,10,0,58.0,2.77
2017-04-11 01:00:00,56,40,16,0,58.4,2.49
2017-04-11 01:05:00,61,48,13,0,56.8,2.88
2017-04-11 01:10:00,69,52,16,1,55.7,3.0
2017-04-11 01:15:00,48,42,6,0,59.1,1.88
2017-04-11 01:20:00,43,35,8,0,58.9,2.04
2017-04-11 01:25:00,56,44,11,1,59.9,2.43
2017-04-11 01:30:00,36,29,7,0,54.5,1.77
2017-04-11 01:35:00,34,26,7,1,52.5,1.86
2017-04-11 01:40:00,50,35,13,2,50.4,6.21
2017-04-11 01:45:00,52,40,12,0,55.6,2.8
2017-04-11 01:50:00,49,35,14,0,55.0,2.38
2017-04-11 01:55:00,38,29,9,0,58.7,2.79
2017-04-11 02:00:00,37,27,10,0,57.7,1.85
2017-04-11 02:05:00,43,36,7,0,57.6,2.21
2017-04-11 02:10:00,29,21,8,0,55.5,1.55
2017-04-11 02:15:00,32,27,4,1,54.2,1.64
2017-04-11 02:20:00,16,13,3,0,62.5,0.7
2017-04-11 02:25:00,35,26,9,0,55.0,1.85
2017-04-11 02:30:00,30,24,6,0,49.6,1.69
2017-04-11 02:35:00,26,20,4,2,60.2,1.63
2017-04-11 02:40:00,37,27,10,0,53.8,1.92
2017-04-11 02:45:00,28,25,3,0,53.4,2.82
2017-04-11 02:50:00,21,19,2,0,52.7,1.07
2017-04-11 02:55:00,37,33,4,0,61.1,1.69
2017-04-11 03:00:00,21,17,4,0,57.8,1.03
2017-04-11 03:05:00,26,19,7,0,54.8,1.31
2017-04-11 03:10:00,29,26,3,0,54.1,1.38
2017-04-11 03:15:00,23,19,4,0,53.2,1.24
2017-04-11 03:20:00,30,24,6,0,50.4,1.88
2017-04-11 03:25:00,22,19,3,0,53.8,1.18
2017-04-11 03:30:00,24,15,9,0,56.7,1.13
2017-04-11 03:35:00,28,23,5,0,55.1,1.34
2017-04-11 03:40:00,22,16,6,0,61.4,1.12
2017-04-11 03:45:00,39,29,10,0,57.1,2.25
2017-04-11 03:50:00,26,20,6,0,51.2,1.34
2017-04-11 03:55:00,33,25,7,1,48.4,1.57
2017-04-11 04:00:00,17,11,6,0,58.6,0.94
2017-04-11 04:05:00,24,17,7,0,52.0,1.87
2017-04-11 04:10:00,22,19,3,0,50.7,1.06
2017-04-11 04:15:00,28,18,10,0,55.7,2.09
2017-04-11 04:20:00,30,25,5,0,56.3,1.41
2017-04-11 04:25:00,26,17,9,0,55.7,5.63
2017-04-11 04:30:00,28,20,7,1,51.6,3.07
2017-04-11 04:35:00,24,18,5,1,50.4,5.41
2017-04-11 04:40:00,30,15,15,0,46.7,8.36
2017-04-11 04:45:00,51,37,14,0,50.3,2.79
2017-04-11 04:50:00,39,29,10,0,53.3,1.84
2017-04-11 04:55:00,21,16,5,0,53.8,0.99
2017-04-11 05:00:00,23,20,2,1,49.8,1.11
2017-04-11 05:05:00,23,17,6,0,54.6,1.38
2017-04-11 05:10:00,28,16,11,1,49.9,1.56
2017-04-11 05:15:00,29,20,8,1,55.1,1.42
2017-04-11 05:20:00,25,19,6,0,50.6,1.2
2017-04-11 05:25:00,31,21,10,0,57.4,1.43
2017-04-11 05:30:00,28,19,9,0,50.7,1.45
2017-04-11 05:35:00,39,26,13,0,50.5,2.03
2017-04-11 05:40:00,38,31,7,0,47.4,1.91
2017-04-11 05:45:00,41,31,8,2,42.5,3.75
2017-04-11 05:50:00,45,30,13,2,41.9,4.8
2017-04-11 05:55:00,54,39,13,2,45.3,3.68
2017-04-11 06:00:00,47,34,12,1,51.4,2.36
2017-04-11 06:05:00,60,47,13,0,50.3,3.21
2017-04-11 06:10:00,63,50,13,0,45.0,3.43
2017-04-11 06:15:00,62,43,18,1,49.9,3.59
2017-04-11 06:20:00,65,51,12,2,49.2,3.65
2017-04-11 06:25:00,77,63,14,0,49.7,4.03
2017-04-11 06:30:00,60,49,10,1,49.2,3.27
2017-04-11 06:35:00,84,70,13,1,47.4,4.64
2017-04-11 06:40:00,75,59,14,2,49.0,4.03
2017-04-11 06:45:00,78,57,20,1,45.2,6.1
2017-04-11 06:50:00,81,62,18,1,44.6,5.27
2017-04-11 06:55:00,91,75,15,1,42.3,5.1
2017-04-11 07:00:00,89,73,16,0,45.1,4.45
2017-04-11 07:05:00,118,97,18,3,49.9,5.39
2017-04-11 07:10:00,105,89,16,0,50.6,4.37
2017-04-11 07:15:00,157,137,19,1,48.8,7.32
2017-04-11 07:20:00,166,128,35,3,49.0,7.97
2017-04-11 07:25:00,122,104,16,2,48.7,5.52
2017-04-11 07:30:00,162,140,19,3,49.9,7.17
2017-04-11 07:35:00,211,181,27,3,48.3,9.65
2017-04-11 07:40:00,142,125,15,2,47.0,6.22
2017-04-11 07:45:00,177,159,17,1,49.7,7.3
2017-04-11 07:50:00,192,174,18,0,49.6,8.24
2017-04-11 07:55:00,166,148,18,0,48.1,7.42
2017-04-11 08:00:00,185,165,19,1,47.7,8.27
2017-04-11 08:05:00,196,174,20,2,48.0,8.93
2017-04-11 08:10:00,163,145,18,0,48.9,7.26
2017-04-11 08:15:00,189,163,23,3,49.4,8.28
2017-04-11 08:20:00,222,194,27,1,47.0,10.71
2017-04-11 08:25:00,185,163,21,1,44.3,8.83
2017-04-11 08:30:00,199,181,16,2,46.0,8.87
2017-04-11 08:35:00,199,181,18,0,49.4,9.02
2017-04-11 08:40:00,152,136,16,0,47.9,6.59
2017-04-11 08:45:00,168,144,22,2,45.6,8.11
2017-04-11 08:50:00,168,149,19,0,51.1,7.02
2017-04-11 08:55:00,121,109,12,0,48.0,5.25
2017-04-11 09:00:00,153,126,22,5,50.1,6.53
2017-04-11 09:05:00,178,159,18,1,52.3,7.29
2017-04-11 09:10:00,154,139,14,1,47.0,7.1
2017-04-11 09:15:00,167,146,19,2,47.5,7.89
2017-04-11 09:20:00,156,136,19,1,51.2,6.29
2017-04-11 09:25:00,154,127,26,1,48.2,7.09
2017-04-11 09:30:00,148,130,16,2,49.9,6.1
2017-04-11 09:35:00,155,138,16,1,49.4,6.34
2017-04-11 09:40:00,176,140,36,0,46.9,8.0
2017-04-11 09:45:00,173,149,24,0,48.1,7.52
2017-04-11 09:50:00,171,150,20,1,47.0,7.43
2017-04-11 09:55:00,160,143,13,4,48.3,6.81
2017-04-11 10:00:00,164,140,24,0,44.2,8.59
2017-04-11 10:05:00,163,138,25,0,44.7,8.99
2017-04-11 10:10:00,183,157,25,1,47.7,7.79
2017-04-11 10:15:00,169,149,20,0,48.6,7.13
2017-04-11 10:20:00,186,164,22,0,49.5,8.12
2017-04-11 10:25:00,178,146,31,1,47.7,7.92
2017-04-11 10:30:00,148,129,16,3,51.4,6.12
2017-04-11 10:35:00,115,103,11,1,50.0,4.8
2017-04-11 10:40:00,158,132,25,1,50.6,6.6
2017-04-11 10:45:00,135,124,11,0,51.2,5.81
2017-04-11 10:50:00,160,130,30,0,47.6,6.89
2017-04-11 10:55:00,173,148,24,1,44.4,8.27
2017-04-11 11:00:00,182,161,18,3,48.1,7.78
2017-04-11 11:05:00,151,134,17,0,51.3,6.33
2017-04-11 11:10:00,156,135,20,1,50.2,6.1
2017-04-11 11:15:00,167,143,22,2,45.7,7.72
2017-04-11 11:20:00,160,140,20,0,47.7,6.91
2017-04-11 11:25:00,167,141,25,1,49.4,7.38
2017-04-11 11:30:00,168,144,23,1,48.0,7.32
2017-04-11 11:35:00,150,128,22,0,47.6,6.84
2017-04-11 11:40:00,180,160,18,2,46.2,8.27
2017-04-11 11:45:00,164,146,17,1,46.2,9.26
2017-04-11 11:50:00,180,154,23,3,44.8,8.38
2017-04-11 11:55:00,149,130,19,0,49.1,6.1
2017-04-11 12:00:00,157,135,21,1,43.7,7.75
2017-04-11 12:05:00,135,115,20,0,51.5,5.55
2017-04-11 12:10:00,168,146,21,1,47.2,7.77
2017-04-11 12:15:00,145,128,15,2,49.6,5.83
2017-04-11 12:20:00,166,149,15,2,46.2,7.1
2017-04-11 12:25:00,144,123,18,3,45.7,6.64
2017-04-11 12:30:00,124,104,19,1,52.9,4.94
2017-04-11 12:35:00,131,115,15,1,47.9,5.41
2017-04-11 12:40:00,121,106,14,1,50.1,8.78
2017-04-11 12:45:00,165,143,21,1,40.6,11.77
2017-04-11 12:50:00,155,135,20,0,48.0,6.57
2017-04-11 12:55:00,127,116,9,2,51.6,5.21
2017-04-11 13:00:00,137,116,16,5,50.2,5.43
2017-04-11 13:05:00,162,145,17,0,46.6,7.32
2017-04-11 13:10:00,140,122,16,2,50.1,5.68
2017-04-11 13:15:00,143,131,11,1,49.2,5.76
2017-04-11 13:20:00,166,141,21,4,43.5,7.42
2017-04-11 13:25:00,161,144,16,1,45.7,6.69
2017-04-11 13:30:00,180,163,17,0,47.5,8.49
2017-04-11 13:35:00,163,147,14,2,49.5,6.57
2017-04-11 13:40:00,174,159,14,1,48.1,7.17
2017-04-11 13:45:00,167,150,15,2,45.6,6.86
2017-04-11 13:50:00,163,144,17,2,43.6,6.94
2017-04-11 13:55:00,143,123,16,4,45.4,5.89
2017-04-11 14:00:00,179,147,32,0,40.8,10.39
2017-04-11 14:05:00,163,135,27,1,44.4,7.58
2017-04-11 14:10:00,179,151,27,1,48.5,7.82
2017-04-11 14:15:00,180,144,35,1,45.5,10.15
2017-04-11 14:20:00,172,146,26,0,47.0,7.55
2017-04-11 14:25:00,182,158,23,1,45.3,8.78
2017-04-11 14:30:00,166,146,19,1,46.4,11.83
2017-04-11 14:35:00,141,115,26,0,47.0,7.39
2017-04-11 14:40:00,157,132,24,1,44.8,7.7
2017-04-11 14:45:00,171,145,25,1,46.3,8.81
2017-04-11 14:50:00,170,150,19,1,47.2,7.62
2017-04-11 14:55:00,153,132,21,0,49.8,11.42
2017-04-11 15:00:00,173,157,14,2,49.3,7.41
2017-04-11 15:05:00,174,149,23,2,47.4,8.04
2017-04-11 15:10:00,164,142,19,3,47.9,9.06
2017-04-11 15:15:00,133,112,20,1,46.7,24.91
2017-04-11 15:20:00,157,134,22,1,44.9,7.49
2017-04-11 15:25:00,176,148,25,3,43.1,8.45
2017-04-11 15:30:00,184,152,31,1,44.3,8.79
2017-04-11 15:35:00,162,143,18,1,48.5,7.15
2017-04-11 15:40:00,176,153,22,1,45.7,8.43
2017-04-11 15:45:00,180,155,24,1,43.9,12.23
2017-04-11 15:50:00,159,131,27,1,46.0,7.92
2017-04-11 15:55:00,169,145,20,4,45.0,7.62
2017-04-11 16:00:00,152,135,17,0,46.3,7.2
2017-04-11 16:05:00,153,133,20,0,47.7,6.65
2017-04-11 16:10:00,171,145,26,0,44.1,8.04
2017-04-11 16:15:00,159,131,27,1,47.9,7.05
2017-04-11 16:20:00,173,152,20,1,46.3,8.52
2017-04-11 16:25:00,164,145,18,1,47.4,7.38
2017-04-11 16:30:00,141,122,18,1,50.0,6.26
2017-04-11 16:35:00,159,130,29,0,46.7,7.9
2017-04-11 16:40:00,150,134,14,2,47.9,6.94
2017-04-11 16:45:00,166,142,24,0,42.1,9.21
2017-04-11 16:50:00,179,154,20,5,46.2,8.04
2017-04-11 16:55:00,173,148,23,2,45.9,8.66
2017-04-11 17:00:00,199,163,34,2,49.0,9.42
2017-04-11 17:05:00,171,145,21,5,39.9,9.39
2017-04-11 17:10:00,162,146,16,0,42.6,8.73
2017-04-11 17:15:00,171,155,14,2,48.2,7.35
2017-04-11 17:20:00,200,178,19,3,47.3,8.62
2017-04-11 17:25:00,170,148,18,4,48.2,7.43
2017-04-11 17:30:00,168,143,21,4,45.2,8.22
2017-04-11 17:35:00,214,186,20,8,44.2,9.74
2017-04-11 17:40:00,177,157,15,5,48.2,7.58
2017-04-11 17:45:00,135,122,11,2,50.6,5.87
2017-04-11 17:50:00,201,180,15,6,46.8,8.76
2017-04-11 17:55:00,151,132,15,4,49.8,6.45
2017-04-11 18:00:00,174,160,12,2,46.3,7.99
2017-04-11 18:05:00,227,197,23,7,42.3,11.74
2017-04-11 18:10:00,200,175,21,4,46.8,10.9
2017-04-11 18:15:00,179,162,15,2,43.9,8.53
2017-04-11 18:20:00,236,216,15,5,44.6,10.34
2017-04-11 18:25:00,203,178,20,5,44.3,9.58
2017-04-11 18:30:00,182,166,13,3,43.1,8.88
2017-04-11 18:35:00,223,198,23,2,47.6,9.94
2017-04-11 18:40:00,207,190,13,4,46.4,9.1
2017-04-11 18:45:00,197,177,19,1,44.7,9.11
2017-04-11 18:50:00,210,187,23,0,48.4,9.03
2017-04-11 18:55:00,208,172,35,1,43.8,10.43
2017-04-11 19:00:00,189,165,23,1,45.3,9.3
2017-04-11 19:05:00,213,184,24,5,47.7,9.8
2017-04-11 19:10:00,190,172,18,0,44.9,8.77
2017-04-11 19:15:00,190,171,19,0,43.4,8.92
2017-04-11 19:20:00,218,193,25,0,46.2,11.72
2017-04-11 19:25:00,191,159,32,0,48.7,9.25
2017-04-11 19:30:00,176,142,34,0,47.1,9.21
2017-04-11 19:35:00,186,157,29,0,47.3,9.35
2017-04-11 19:40:00,175,153,22,0,48.8,8.8
2017-04-11 19:45:00,153,130,22,1,46.0,7.55
2017-04-11 19:50:00,197,160,36,1,47.7,9.22
2017-04-11 19:55:00,121,98,22,1,50.9,5.93
2017-04-11 20:00:00,99,88,11,0,52.6,4.64
2017-04-11 20:05:00,136,109,27,0,51.2,6.46
2017-04-11 20:10:00,199,158,41,0,46.3,10.5
2017-04-11 20:15:00,170,139,30,1,45.5,8.58
2017-04-11 20:20:00,205,176,27,2,45.8,9.97
2017-04-11 20:25:00,218,179,39,0,49.4,9.88
2017-04-11 20:30:00,160,130,30,0,47.1,7.99
2017-04-11 20:35:00,168,129,39,0,47.7,8.59
2017-04-11 20:40:00,138,109,27,2,47.0,7.15
2017-04-11 20:45:00,120,99,19,2,50.6,5.5
2017-04-11 20:50:00,169,142,26,1,47.8,7.93
2017-04-11 20:55:00,152,133,19,0,50.5,6.06
2017-04-11 21:00:00,136,117,19,0,48.6,6.26
2017-04-11 21:05:00,184,145,39,0,43.0,9.35
2017-04-11 21:10:00,188,153,31,4,38.3,15.01
2017-04-11 21:15:00,181,143,33,5,38.5,13.15
2017-04-11 21:20:00,149,112,37,0,36.6,11.3
2017-04-11 21:25:00,171,137,33,1,38.0,12.09
2017-04-11 21:30:00,160,127,32,1,34.4,12.78
2017-04-11 21:35:00,168,130,38,0,38.0,14.62
2017-04-11 21:40:00,178,143,33,2,38.3,10.85
2017-04-11 21:45:00,176,144,29,3,38.2,12.86
2017-04-11 21:50:00,182,149,31,2,40.8,11.74
2017-04-11 21:55:00,129,105,24,0,44.5,6.74
2017-04-11 22:00:00,133,113,19,1,42.7,8.24
2017-04-11 22:05:00,158,127,30,1,34.4,15.28
2017-04-11 22:10:00,161,130,29,2,39.8,13.18
2017-04-11 22:15:00,173,136,35,2,40.5,12.05
2017-04-11 22:20:00,155,115,40,0,38.7,9.92
2017-04-11 22:25:00,164,131,32,1,39.0,10.77
2017-04-11 22:30:00,144,120,24,0,45.3,6.82
2017-04-11 22:35:00,120,100,19,1,48.4,5.86
2017-04-11 22:40:00,145,107,36,2,38.8,11.68
2017-04-11 22:45:00,142,108,33,1,41.9,9.87
2017-04-11 22:50:00,149,120,29,0,44.3,7.82
2017-04-11 22:55:00,123,100,23,0,47.0,6.15
2017-04-11 23:00:00,114,98,16,0,47.6,5.92
2017-04-11 23:05:00,128,102,25,1,48.7,6.82
2017-04-11 23:10:00,138,115,22,1,42.8,8.26
2017-04-11 23:15:00,103,86,17,0,51.9,4.36
2017-04-11 23:20:00,92,68,23,1,46.5,4.76
2017-04-11 23:25:00,108,85,23,0,48.8,5.97
2017-04-11 23:30:00,114,95,19,0,46.0,7.54
2017-04-11 23:35:00,119,91,27,1,47.9,7.76
2017-04-11 23:40:00,99,76,23,0,46.5,5.51
2017-04-11 23:45:00,98,79,19,0,53.0,4.44
2017-04-11 23:50:00,81,65,16,0,50.3,3.45
2017-04-11 23:55:00,77,68,9,0,51.9,3.46
2017-04-12 00:00:00,92,69,21,2,48.4,4.49
2017-04-12 00:05:00,85,71,14,0,50.6,7.43
2017-04-12 00:10:00,85,71,14,0,54.4,4.33
2017-04-12 00:15:00,101,76,24,1,54.7,4.72
2017-04-12 00:20:00,88,72,16,0,51.5,3.95
2017-04-12 00:25:00,75,65,10,0,51.5,3.42
2017-04-12 00:30:00,76,60,14,2,56.8,3.53
2017-04-12 00:35:00,83,68,14,1,56.2,3.72
2017-04-12 00:40:00,50,36,14,0,56.4,12.33
2017-04-12 00:45:00,59,48,11,0,56.4,3.99
2017-04-12 00:50:00,70,54,16,0,58.6,3.32
2017-04-12 00:55:00,51,35,16,0,58.0,2.13
2017-04-12 01:00:00,47,34,13,0,55.4,2.15
2017-04-12 01:05:00,55,45,10,0,60.1,2.67
2017-04-12 01:10:00,43,32,11,0,60.4,2.15
2017-04-12 01:15:00,39,31,8,0,57.3,1.65
2017-04-12 01:20:00,42,35,6,1,61.3,1.78
2017-04-12 01:25:00,62,51,11,0,60.7,2.77
2017-04-12 01:30:00,50,38,12,0,58.1,2.48
2017-04-12 01:35:00,37,28,8,1,65.2,1.69
2017-04-12 01:40:00,44,37,7,0,55.2,1.91
2017-04-12 01:45:00,48,34,14,0,60.8,2.26
2017-04-12 01:50:00,54,49,5,0,61.2,2.37
2017-04-12 01:55:00,41,31,10,0,61.1,1.74
2017-04-12 02:00:00,39,32,7,0,67.5,1.72
2017-04-12 02:05:00,35,28,7,0,63.1,1.52
2017-04-12 02:10:00,34,25,9,0,60.3,1.46
2017-04-12 02:15:00,39,34,5,0,60.0,1.57
2017-04-12 02:20:00,34,29,5,0,62.3,1.35
2017-04-12 02:25:00,32,24,8,0,62.6,1.53
2017-04-12 02:30:00,37,29,8,0,69.8,1.48
2017-04-12 02:35:00,37,33,4,0,68.3,1.72
2017-04-12 02:40:00,35,23,12,0,60.0,1.71
2017-04-12 02:45:00,32,27,4,1,57.1,1.54
2017-04-12 02:50:00,28,21,7,0,61.0,1.34
2017-04-12 02:55:00,33,27,6,0,61.9,1.46
2017-04-12 03:00:00,23,19,4,0,64.1,0.89
2017-04-12 03:05:00,37,28,9,0,60.5,1.52
2017-04-12 03:10:00,35,28,7,0,61.4,1.45
2017-04-12 03:15:00,29,20,9,0,64.8,1.27
2017-04-12 03:20:00,22,17,5,0,56.9,1.07
2017-04-12 03:25:00,23,19,4,0,68.8,0.92
2017-04-12 03:30:00,33,25,8,0,55.2,1.42
2017-04-12 03:35:00,31,24,7,0,65.8,1.21
2017-04-12 03:40:00,20,14,6,0,67.0,1.06
2017-04-12 03:45:00,30,26,4,0,56.1,1.46
2017-04-12 03:50:00,21,16,5,0,52.7,0.84
2017-04-12 03:55:00,27,21,6,0,62.0,1.16
2017-04-12 04:00:00,18,15,3,0,63.0,0.82
2017-04-12 04:05:00,31,22,9,0,59.3,1.32
2017-04-12 04:10:00,30,22,7,1,58.3,1.38
2017-04-12 04:15:00,24,20,4,0,64.1,1.05
2017-04-12 04:20:00,34,28,5,1,56.6,1.64
2017-04-12 04:25:00,28,19,9,0,58.7,1.3
2017-04-12 04:30:00,44,33,11,0,53.1,2.32
2017-04-12 04:35:00,29,21,8,0,65.1,1.28
2017-04-12 04:40:00,27,23,4,0,55.7,1.33
2017-04-12 04:45:00,36,31,5,0,59.2,1.67
2017-04-12 04:50:00,38,33,5,0,62.7,1.57
2017-04-12 04:55:00,25,20,5,0,60.7,1.2
2017-04-12 05:00:00,18,14,3,1,56.0,0.82
2017-04-12 05:05:00,25,20,5,0,62.0,1.08
2017-04-12 05:10:00,36,26,10,0,54.6,1.88
2017-04-12 05:15:00,32,25,7,0,54.3,1.49
2017-04-12 05:20:00,21,15,6,0,59.7,0.84
2017-04-12 05:25:00,32,26,6,0,58.5,1.37
2017-04-12 05:30:00,39,27,12,0,57.7,1.72
2017-04-12 05:35:00,28,19,9,0,61.5,1.19
2017-04-12 05:40:00,31,27,4,0,58.1,1.32
2017-04-12 05:45:00,53,44,9,0,49.6,2.55
2017-04-12 05:50:00,55,43,12,0,50.0,2.6
2017-04-12 05:55:00,46,39,7,0,56.5,1.89
2017-04-12 06:00:00,57,40,14,3,55.9,2.56
2017-04-12 06:05:00,69,55,13,1,59.1,2.84
2017-04-12 06:10:00,57,44,13,0,57.7,2.25
2017-04-12 06:15:00,66,53,13,0,51.9,3.31
2017-04-12 06:20:00,78,64,14,0,52.7,3.54
2017-04-12 06:25:00,77,61,15,1,51.6,3.65
2017-04-12 06:30:00,72,55,14,3,50.3,3.36
2017-04-12 06:35:00,79,66,11,2,51.2,3.64
2017-04-12 06:40:00,89,66,20,3,45.1,5.0
2017-04-12 06:45:00,80,74,6,0,52.6,3.92
2017-04-12 06:50:00,77,70,7,0,52.2,3.52
2017-04-12 06:55:00,98,73,24,1,50.1,4.35
2017-04-12 07:00:00,94,75,17,2,51.5,4.33
2017-04-12 07:05:00,131,110,19,2,55.9,4.88
2017-04-12 07:10:00,100,88,12,0,53.2,3.76
2017-04-12 07:15:00,127,96,28,3,54.0,5.2
2017-04-12 07:20:00,184,142,41,1,53.7,7.4
2017-04-12 07:25:00,132,116,15,1,51.1,4.87
2017-04-12 07:30:00,167,142,21,4,53.5,6.69
2017-04-12 07:35:00,189,156,26,7,53.1,7.68
2017-04-12 07:40:00,134,123,10,1,54.9,4.84
2017-04-12 07:45:00,175,158,16,1,53.1,7.1
2017-04-12 07:50:00,176,157,18,1,55.8,6.2
2017-04-12 07:55:00,163,146,13,4,50.6,5.98
2017-04-12 08:00:00,216,191,15,10,51.6,7.88
2017-04-12 08:05:00,211,186,17,8,49.3,8.42
2017-04-12 08:10:00,191,164,23,4,39.6,11.14
2017-04-12 08:15:00,215,193,20,2,40.4,14.38
2017-04-12 08:20:00,216,188,26,2,47.4,9.8
2017-04-12 08:25:00,155,134,21,0,48.1,6.82
2017-04-12 08:30:00,182,157,22,3,50.6,7.47
2017-04-12 08:35:00,195,173,22,0,50.7,7.6
2017-04-12 08:40:00,156,142,13,1,51.4,6.38
2017-04-12 08:45:00,164,141,18,5,51.4,6.76
2017-04-12 08:50:00,159,141,16,2,56.9,6.14
2017-04-12 08:55:00,121,107,13,1,51.9,5.27
2017-04-12 09:00:00,152,131,21,0,55.2,6.43
2017-04-12 09:05:00,190,166,24,0,54.1,7.53
2017-04-12 09:10:00,135,121,12,2,52.7,5.5
2017-04-12 09:15:00,161,153,8,0,52.6,6.49
2017-04-12 09:20:00,197,162,33,2,51.7,8.09
2017-04-12 09:25:00,132,115,17,0,48.3,5.72
2017-04-12 09:30:00,174,154,19,1,47.7,7.8
2017-04-12 09:35:00,151,130,19,2,48.4,6.62
2017-04-12 09:40:00,171,145,23,3,49.4,17.73
2017-04-12 09:45:00,186,161,21,4,46.8,9.74
2017-04-12 09:50:00,178,153,23,2,48.3,7.55
2017-04-12 09:55:00,160,146,14,0,48.9,7.03
2017-04-12 10:00:00,153,136,17,0,50.9,6.39
2017-04-12 10:05:00,159,134,24,1,49.4,6.8
2017-04-12 10:10:00,168,144,24,0,48.2,7.08
2017-04-12 10:15:00,160,134,24,2,48.5,6.64
2017-04-12 10:20:00,160,138,22,0,50.5,6.53
2017-04-12 10:25:00,173,154,18,1,49.5,7.0
2017-04-12 10:30:00,159,141,15,3,50.8,6.32
2017-04-12 10:35:00,138,117,18,3,48.5,5.94
2017-04-12 10:40:00,152,129,20,3,48.1,6.55
2017-04-12 10:45:00,168,141,26,1,45.3,7.75
2017-04-12 10:50:00,170,157,13,0,47.0,7.25
2017-04-12 10:55:00,161,141,18,2,51.5,6.53
2017-04-12 11:00:00,160,134,20,6,45.3,7.4
2017-04-12 11:05:00,151,135,16,0,45.2,6.25
2017-04-12 11:10:00,174,156,18,0,43.1,8.09
2017-04-12 11:15:00,144,128,15,1,46.3,6.66
2017-04-12 11:20:00,151,129,21,1,44.8,7.08
2017-04-12 11:25:00,159,143,15,1,45.5,7.02
2017-04-12 11:30:00,174,148,26,0,45.0,8.53
2017-04-12 11:35:00,176,151,24,1,42.7,10.12
2017-04-12 11:40:00,188,160,26,2,45.0,10.06
2017-04-12 11:45:00,165,137,27,1,43.7,8.91
2017-04-12 11:50:00,161,145,16,0,48.9,6.67
2017-04-12 11:55:00,138,115,22,1,48.7,5.74
2017-04-12 12:00:00,136,114,20,2,47.9,5.71
2017-04-12 12:05:00,162,139,17,6,48.6,7.13
2017-04-12 12:10:00,137,121,11,5,47.7,5.94
2017-04-12 12:15:00,156,136,17,3,46.2,6.67
2017-04-12 12:20:00,148,132,15,1,45.5,6.51
2017-04-12 12:25:00,129,108,20,1,51.0,5.32
2017-04-12 12:30:00,141,121,15,5,46.3,6.11
2017-04-12 12:35:00,116,97,16,3,50.3,4.64
2017-04-12 12:40:00,140,123,14,3,46.2,6.47
2017-04-12 12:45:00,141,130,10,1,48.0,6.12
2017-04-12 12:50:00,151,125,18,8,50.4,8.27
2017-04-12 12:55:00,125,108,13,4,48.4,5.46
2017-04-12 13:00:00,129,114,12,3,48.8,5.27
2017-04-12 13:05:00,159,140,15,4,47.8,6.56
2017-04-12 13:10:00,161,137,20,4,46.1,6.99
2017-04-12 13:15:00,152,130,15,7,44.9,6.61
2017-04-12 13:20:00,160,140,16,4,43.9,6.98
2017-04-12 13:25:00,154,131,16,7,44.7,6.28
2017-04-12 13:30:00,145,122,19,4,41.4,7.38
2017-04-12 13:35:00,137,128,6,3,48.5,5.21
2017-04-12 13:40:00,153,136,13,4,45.1,6.37
2017-04-12 13:45:00,157,139,14,4,42.7,6.65
2017-04-12 13:50:00,150,132,16,2,42.4,6.55
2017-04-12 13:55:00,129,111,15,3,43.0,5.65
2017-04-12 14:00:00,144,129,13,2,48.3,6.97
2017-04-12 14:05:00,182,144,35,3,40.6,10.51
2017-04-12 14:10:00,165,127,36,2,47.4,8.29
2017-04-12 14:15:00,175,150,23,2,45.4,8.93
2017-04-12 14:20:00,151,122,27,2,48.3,7.13
2017-04-12 14:25:00,165,144,21,0,45.4,8.21
2017-04-12 14:30:00,187,155,28,4,42.2,11.35
2017-04-12 14:35:00,154,127,27,0,45.6,7.21
2017-04-12 14:40:00,177,146,30,1,43.7,8.99
2017-04-12 14:45:00,165,141,23,1,44.3,8.16
2017-04-12 14:50:00,173,142,30,1,44.7,8.07
2017-04-12 14:55:00,152,118,34,0,47.8,7.23
2017-04-12 15:00:00,154,117,35,2,50.0,6.79
2017-04-12 15:05:00,187,154,27,6,44.0,9.21
2017-04-12 15:10:00,164,132,25,7,44.1,8.27
2017-04-12 15:15:00,165,122,33,10,46.9,7.66
2017-04-12 15:20:00,173,121,44,8,45.0,8.15
2017-04-12 15:25:00,156,126,28,2,42.7,7.85
2017-04-12 15:30:00,176,137,35,4,46.4,8.41
2017-04-12 15:35:00,173,142,26,5,47.1,8.05
2017-04-12 15:40:00,176,136,30,10,38.6,10.97
2017-04-12 15:45:00,182,147,29,6,40.3,9.89
2017-04-12 15:50:00,165,125,36,4,46.1,7.91
2017-04-12 15:55:00,143,121,20,2,45.8,6.63
2017-04-12 16:00:00,165,133,25,7,42.3,8.29
2017-04-12 16:05:00,146,123,20,3,42.9,6.88
2017-04-12 16:10:00,171,148,23,0,45.5,8.34
2017-04-12 16:15:00,182,144,37,1,45.5,9.19
2017-04-12 16:20:00,176,142,32,2,46.1,8.99
2017-04-12 16:25:00,157,137,19,1,48.0,7.11
2017-04-12 16:30:00,133,117,15,1,48.3,5.36
2017-04-12 16:35:00,122,104,13,5,42.5,15.97
2017-04-12 16:40:00,115,103,10,2,46.6,5.54
2017-04-12 16:45:00,128,112,10,6,48.6,5.62
2017-04-12 16:50:00,145,133,11,1,46.8,6.02
2017-04-12 16:55:00,159,144,10,5,45.5,6.57
2017-04-12 17:00:00,174,156,16,2,46.2,7.35
2017-04-12 17:05:00,135,118,14,3,49.3,5.51
2017-04-12 17:10:00,187,170,14,3,41.7,12.84
2017-04-12 17:15:00,175,161,10,4,39.6,8.82
2017-04-12 17:20:00,221,201,12,8,42.5,10.78
2017-04-12 17:25:00,185,167,14,4,48.9,7.6
2017-04-12 17:30:00,165,153,8,4,44.3,7.02
2017-04-12 17:35:00,188,161,18,9,47.3,7.8
2017-04-12 17:40:00,189,166,21,2,47.5,7.76
2017-04-12 17:45:00,176,164,8,4,49.4,7.61
2017-04-12 17:50:00,187,169,15,3,46.8,8.14
2017-04-12 17:55:00,160,150,8,2,49.1,6.35
2017-04-12 18:00:00,154,142,10,2,46.2,7.01
2017-04-12 18:05:00,194,183,7,4,45.0,8.0
2017-04-12 18:10:00,208,190,14,4,46.1,9.44
2017-04-12 18:15:00,171,150,18,3,45.8,7.39
2017-04-12 18:20:00,234,211,17,6,45.4,9.94
2017-04-12 18:25:00,214,190,21,3,46.6,9.36
2017-04-12 18:30:00,176,155,19,2,48.0,7.94
2017-04-12 18:35:00,218,192,25,1,49.0,9.37
2017-04-12 18:40:00,217,192,18,7,43.9,9.69
2017-04-12 18:45:00,194,175,15,4,43.5,9.73
2017-04-12 18:50:00,219,192,27,0,44.2,11.17
2017-04-12 18:55:00,196,163,32,1,47.3,8.72
2017-04-12 19:00:00,189,164,23,2,45.8,8.95
2017-04-12 19:05:00,198,176,22,0,47.2,9.03
2017-04-12 19:10:00,202,185,16,1,41.0,11.42
2017-04-12 19:15:00,190,174,16,0,44.4,9.71
2017-04-12 19:20:00,212,186,26,0,42.3,10.84
2017-04-12 19:25:00,212,180,31,1,41.3,13.45
2017-04-12 19:30:00,176,149,26,1,43.8,8.76
2017-04-12 19:35:00,228,180,44,4,44.5,10.62
2017-04-12 19:40:00,186,165,21,0,47.8,8.75
2017-04-12 19:45:00,181,155,25,1,42.4,9.21
2017-04-12 19:50:00,197,167,26,4,47.1,9.05
2017-04-12 19:55:00,163,137,25,1,46.5,7.54
2017-04-12 20:00:00,138,115,23,0,44.6,7.9
2017-04-12 20:05:00,190,162,28,0,44.6,10.72
2017-04-12 20:10:00,163,140,22,1,48.4,7.38
2017-04-12 20:15:00,145,120,25,0,42.2,8.96
2017-04-12 20:20:00,184,154,30,0,48.9,11.13
2017-04-12 20:25:00,152,127,25,0,49.1,7.13
2017-04-12 20:30:00,160,120,39,1,44.6,9.34
2017-04-12 20:35:00,174,144,28,2,44.5,8.6
2017-04-12 20:40:00,152,120,31,1,47.9,7.26
2017-04-12 20:45:00,124,106,17,1,46.7,6.16
2017-04-12 20:50:00,184,150,34,0,44.1,12.29
2017-04-12 20:55:00,174,144,28,2,47.5,7.96
2017-04-12 21:00:00,112,92,20,0,49.5,5.3
2017-04-12 21:05:00,165,137,25,3,46.5,8.42
2017-04-12 21:10:00,161,123,36,2,39.2,12.49
2017-04-12 21:15:00,181,144,35,2,33.5,17.45
2017-04-12 21:20:00,189,152,34,3,36.1,13.05
2017-04-12 21:25:00,182,148,32,2,36.1,13.04
2017-04-12 21:30:00,182,152,28,2,34.8,13.44
2017-04-12 21:35:00,159,129,29,1,38.6,11.58
2017-04-12 21:40:00,185,161,24,0,40.8,10.53
2017-04-12 21:45:00,179,151,25,3,39.8,10.54
2017-04-12 21:50:00,168,139,28,1,42.5,8.77
2017-04-12 21:55:00,158,135,19,4,37.0,12.0
2017-04-12 22:00:00,172,139,29,4,37.3,14.54
2017-04-12 22:05:00,156,117,39,0,39.3,10.13
2017-04-12 22:10:00,151,126,25,0,43.0,7.97
2017-04-12 22:15:00,184,149,35,0,40.9,10.74
2017-04-12 22:20:00,166,134,30,2,38.9,11.53
2017-04-12 22:25:00,151,125,26,0,46.1,7.98
2017-04-12 22:30:00,172,142,29,1,40.5,11.47
2017-04-12 22:35:00,129,106,22,1,41.0,9.93
2017-04-12 22:40:00,107,83,24,0,41.8,6.89
2017-04-12 22:45:00,125,92,33,0,44.5,11.72
2017-04-12 22:50:00,148,119,29,0,39.1,12.69
2017-04-12 22:55:00,130,101,29,0,41.8,8.04
2017-04-12 23:00:00,125,101,24,0,45.0,7.55
2017-04-12 23:05:00,144,115,29,0,45.0,8.25
2017-04-12 23:10:00,112,86,26,0,46.0,6.14
2017-04-12 23:15:00,104,90,14,0,49.0,4.67
2017-04-12 23:20:00,102,84,16,2,48.7,4.73
2017-04-12 23:25:00,82,62,20,0,53.0,3.7
2017-04-12 23:30:00,112,97,15,0,51.7,4.79
2017-04-12 23:35:00,88,73,15,0,50.3,4.15
2017-04-12 23:40:00,99,79,20,0,56.9,4.17
2017-04-12 23:45:00,76,65,11,0,56.8,3.35
2017-04-12 23:50:00,80,58,22,0,56.5,3.45
2017-04-12 23:55:00,84,68,16,0,53.6,3.82
2017-04-13 00:00:00,84,72,12,0,54.7,3.85
2017-04-13 00:05:00,69,60,9,0,54.3,2.81
2017-04-13 00:10:00,90,71,19,0,58.4,3.87
2017-04-13 00:15:00,99,76,23,0,55.9,4.44
2017-04-13 00:20:00,80,62,18,0,54.3,3.65
2017-04-13 00:25:00,79,61,18,0,55.7,3.32
2017-04-13 00:30:00,65,52,12,1,55.7,2.74
2017-04-13 00:35:00,68,57,11,0,56.5,3.47
2017-04-13 00:40:00,52,44,8,0,58.4,2.36
2017-04-13 00:45:00,67,58,8,1,57.2,2.78
2017-04-13 00:50:00,82,72,10,0,56.2,3.62
2017-04-13 00:55:00,60,50,10,0,55.5,2.78
2017-04-13 01:00:00,39,30,9,0,61.6,1.55
2017-04-13 01:05:00,51,41,10,0,52.7,2.23
2017-04-13 01:10:00,69,55,14,0,55.2,2.99
2017-04-13 01:15:00,47,40,7,0,62.4,2.0
2017-04-13 01:20:00,52,36,16,0,61.5,2.22
2017-04-13 01:25:00,48,36,12,0,62.8,2.07
2017-04-13 01:30:00,61,44,17,0,59.7,2.45
2017-04-13 01:35:00,23,17,6,0,53.5,1.95
2017-04-13 01:40:00,48,35,13,0,59.6,2.1
2017-04-13 01:45:00,41,33,8,0,63.8,1.77
2017-04-13 01:50:00,33,20,13,0,61.1,1.68
2017-04-13 01:55:00,50,40,10,0,60.8,2.01
2017-04-13 02:00:00,50,35,15,0,62.7,2.08
2017-04-13 02:05:00,47,41,6,0,55.6,2.17
2017-04-13 02:10:00,35,26,9,0,63.2,1.55
2017-04-13 02:15:00,32,24,8,0,63.1,1.42
2017-04-13 02:20:00,34,28,6,0,65.3,1.85
2017-04-13 02:25:00,23,17,6,0,57.3,1.06
2017-04-13 02:30:00,34,26,8,0,60.2,1.67
2017-04-13 02:35:00,41,36,5,0,64.4,1.62
2017-04-13 02:40:00,18,13,5,0,59.1,1.13
2017-04-13 02:45:00,37,28,8,1,65.3,1.55
2017-04-13 02:50:00,11,8,3,0,59.2,1.13
2017-04-13 02:55:00,28,21,7,0,64.2,1.07
2017-04-13 03:00:00,37,29,8,0,62.1,1.54
2017-04-13 03:05:00,29,23,6,0,60.5,1.16
2017-04-13 03:10:00,35,28,7,0,55.0,1.74
2017-04-13 03:15:00,32,24,8,0,59.8,1.43
2017-04-13 03:20:00,40,31,9,0,56.3,1.91
2017-04-13 03:25:00,16,9,7,0,62.8,0.83
2017-04-13 03:30:00,14,12,2,0,60.3,0.6
2017-04-13 03:35:00,25,22,3,0,59.7,1.06
2017-04-13 03:40:00,33,27,6,0,58.4,1.36
2017-04-13 03:45:00,22,18,4,0,72.5,0.97
2017-04-13 03:50:00,22,15,7,0,60.8,0.88
2017-04-13 03:55:00,24,19,5,0,68.4,1.02
2017-04-13 04:00:00,25,18,7,0,66.2,1.13
2017-04-13 04:05:00,24,20,3,1,62.2,0.97
2017-04-13 04:10:00,23,16,7,0,60.0,1.06
2017-04-13 04:15:00,27,18,9,0,58.9,1.19
2017-04-13 04:20:00,28,25,3,0,59.0,1.18
2017-04-13 04:25:00,26,21,5,0,55.3,1.31
2017-04-13 04:30:00,51,41,9,1,51.5,2.25
2017-04-13 04:35:00,30,28,2,0,58.4,1.43
2017-04-13 04:40:00,34,28,6,0,50.5,1.58
2017-04-13 04:45:00,34,23,11,0,61.9,1.48
2017-04-13 04:50:00,35,27,8,0,60.8,1.38
2017-04-13 04:55:00,24,20,4,0,66.5,1.06
2017-04-13 05:00:00,32,23,9,0,55.0,1.54
2017-04-13 05:05:00,24,18,6,0,59.4,1.02
2017-04-13 05:10:00,38,30,7,1,55.9,1.57
2017-04-13 05:15:00,24,19,5,0,61.3,1.0
2017-04-13 05:20:00,37,30,6,1,58.8,1.55
2017-04-13 05:25:00,35,26,8,1,63.5,1.47
2017-04-13 05:30:00,36,31,5,0,37.9,13.27
2017-04-13 05:35:00,41,34,7,0,38.7,14.3
2017-04-13 05:40:00,35,25,10,0,55.4,6.58
2017-04-13 05:45:00,56,44,12,0,47.6,3.19
2017-04-13 05:50:00,53,37,16,0,54.7,2.7
2017-04-13 05:55:00,49,36,12,1,58.7,2.24
2017-04-13 06:00:00,62,50,11,1,57.1,2.29
2017-04-13 06:05:00,73,52,21,0,56.0,3.42
2017-04-13 06:10:00,62,54,6,2,50.8,2.68
2017-04-13 06:15:00,55,42,13,0,52.3,2.44
2017-04-13 06:20:00,69,52,16,1,52.3,3.37
2017-04-13 06:25:00,79,61,15,3,50.6,4.24
2017-04-13 06:30:00,58,48,10,0,55.2,2.59
2017-04-13 06:35:00,88,72,13,3,51.2,4.19
2017-04-13 06:40:00,91,71,18,2,49.2,4.22
2017-04-13 06:45:00,91,73,17,1,52.4,3.81
2017-04-13 06:50:00,89,66,23,0,52.7,4.06
2017-04-13 06:55:00,93,74,18,1,52.3,4.19
2017-04-13 07:00:00,107,90,16,1,48.8,4.92
2017-04-13 07:05:00,123,94,26,3,55.8,4.72
2017-04-13 07:10:00,107,89,18,0,54.8,4.08
2017-04-13 07:15:00,136,109,26,1,55.1,5.34
2017-04-13 07:20:00,160,135,25,0,54.4,6.1
2017-04-13 07:25:00,118,96,22,0,56.5,4.39
2017-04-13 07:30:00,147,126,19,2,52.2,5.57
2017-04-13 07:35:00,195,168,25,2,53.7,7.87
2017-04-13 07:40:00,133,111,22,0,54.1,5.0
2017-04-13 07:45:00,174,152,17,5,54.4,6.72
2017-04-13 07:50:00,185,160,21,4,55.5,6.66
2017-04-13 07:55:00,160,139,19,2,49.6,6.64
2017-04-13 08:00:00,207,190,13,4,52.6,7.36
2017-04-13 08:05:00,234,213,18,3,45.2,10.59
2017-04-13 08:10:00,174,154,19,1,47.6,6.96
2017-04-13 08:15:00,195,173,21,1,49.9,8.05
2017-04-13 08:20:00,240,210,29,1,49.9,10.28
2017-04-13 08:25:00,176,153,22,1,49.1,7.46
2017-04-13 08:30:00,182,159,21,2,51.8,7.37
2017-04-13 08:35:00,207,183,23,1,52.0,8.17
2017-04-13 08:40:00,150,138,12,0,50.9,6.13
2017-04-13 08:45:00,167,140,25,2,53.4,6.79
2017-04-13 08:50:00,170,149,20,1,54.7,6.26
2017-04-13 08:55:00,117,101,16,0,55.9,4.64
2017-04-13 09:00:00,162,134,26,2,49.6,7.57
2017-04-13 09:05:00,161,141,19,1,55.0,6.26
2017-04-13 09:10:00,148,121,25,2,50.3,6.37
2017-04-13 09:15:00,158,138,20,0,53.8,6.35
2017-04-13 09:20:00,223,197,22,4,48.2,10.81
2017-04-13 09:25:00,154,127,26,1,49.5,6.48
2017-04-13 09:30:00,181,159,20,2,47.7,8.26
2017-04-13 09:35:00,174,152,21,1,47.4,7.9
2017-04-13 09:40:00,140,126,13,1,49.5,6.5
2017-04-13 09:45:00,157,136,19,2,53.2,6.58
2017-04-13 09:50:00,179,149,27,3,49.0,7.63
2017-04-13 09:55:00,178,163,15,0,48.1,7.91
2017-04-13 10:00:00,158,136,19,3,47.5,7.13
2017-04-13 10:05:00,157,131,23,3,48.0,8.95
2017-04-13 10:10:00,170,154,16,0,50.6,6.8
2017-04-13 10:15:00,176,160,15,1,48.7,7.48
2017-04-13 10:20:00,179,157,19,3,48.5,7.75
2017-04-13 10:25:00,172,144,25,3,50.0,7.33
2017-04-13 10:30:00,175,151,22,2,48.9,7.3
2017-04-13 10:35:00,155,138,15,2,47.4,6.9
2017-04-13 10:40:00,155,140,13,2,46.2,6.66
2017-04-13 10:45:00,148,132,16,0,49.3,6.34
2017-04-13 10:50:00,163,145,17,1,46.9,8.26
2017-04-13 10:55:00,161,138,22,1,47.9,6.68
2017-04-13 11:00:00,169,147,20,2,49.2,7.43
2017-04-13 11:05:00,171,144,26,1,47.9,7.88
2017-04-13 11:10:00,154,133,18,3,47.5,6.69
2017-04-13 11:15:00,156,140,15,1,48.5,6.97
2017-04-13 11:20:00,158,139,16,3,47.5,6.8
2017-04-13 11:25:00,164,147,17,0,48.7,7.04
2017-04-13 11:30:00,148,133,14,1,49.7,10.42
2017-04-13 11:35:00,151,132,18,1,51.0,6.25
2017-04-13 11:40:00,162,149,11,2,47.4,7.38
2017-04-13 11:45:00,165,138,25,2,51.9,6.8
2017-04-13 11:50:00,149,129,17,3,51.5,6.16
2017-04-13 11:55:00,133,114,17,2,51.0,5.28
2017-04-13 12:00:00,147,133,13,1,48.5,6.09
2017-04-13 12:05:00,141,130,8,3,49.2,6.24
2017-04-13 12:10:00,156,135,17,4,49.7,6.64
2017-04-13 12:15:00,139,123,13,3,48.7,5.7
2017-04-13 12:20:00,143,122,18,3,47.3,6.43
2017-04-13 12:25:00,150,132,18,0,47.6,6.24
2017-04-13 12:30:00,127,108,18,1,48.2,5.28
2017-04-13 12:35:00,133,116,16,1,49.6,5.72
2017-04-13 12:40:00,137,129,7,1,48.7,5.77
2017-04-13 12:45:00,121,108,12,1,51.1,4.75
2017-04-13 12:50:00,135,123,11,1,48.1,5.49
2017-04-13 12:55:00,144,130,12,2,45.9,6.46
2017-04-13 13:00:00,134,116,18,0,50.4,5.44
2017-04-13 13:05:00,139,119,18,2,49.8,5.67
2017-04-13 13:10:00,157,144,13,0,49.2,6.03
2017-04-13 13:15:00,137,123,13,1,49.8,5.45
2017-04-13 13:20:00,156,138,15,3,45.7,6.97
2017-04-13 13:25:00,157,148,9,0,46.7,7.1
2017-04-13 13:30:00,170,153,12,5,46.6,6.77
2017-04-13 13:35:00,158,138,18,2,51.3,6.34
2017-04-13 13:40:00,176,156,20,0,46.4,7.51
2017-04-13 13:45:00,188,171,16,1,44.3,8.38
2017-04-13 13:50:00,170,153,17,0,48.2,6.99
2017-04-13 13:55:00,152,129,22,1,45.4,7.07
2017-04-13 14:00:00,179,153,26,0,46.1,8.03
2017-04-13 14:05:00,146,128,17,1,46.0,6.7
2017-04-13 14:10:00,185,176,9,0,47.1,8.34
2017-04-13 14:15:00,165,144,20,1,48.1,7.48
2017-04-13 14:20:00,172,144,28,0,48.9,7.74
2017-04-13 14:25:00,172,147,24,1,44.8,8.59
2017-04-13 14:30:00,155,119,32,4,45.4,7.81
2017-04-13 14:35:00,166,141,25,0,46.3,7.57
2017-04-13 14:40:00,162,137,25,0,46.3,7.53
2017-04-13 14:45:00,147,123,23,1,46.6,6.8
2017-04-13 14:50:00,158,126,28,4,48.5,7.08
2017-04-13 14:55:00,168,148,19,1,48.0,7.61
2017-04-13 15:00:00,171,152,17,2,47.2,7.74
2017-04-13 15:05:00,193,157,35,1,45.7,10.75
2017-04-13 15:10:00,156,131,25,0,51.2,6.63
2017-04-13 15:15:00,157,137,19,1,48.4,6.79
2017-04-13 15:20:00,147,130,16,1,49.9,6.19
2017-04-13 15:25:00,181,157,22,2,44.9,8.29
2017-04-13 15:30:00,174,145,26,3,44.3,7.7
2017-04-13 15:35:00,168,148,19,1,47.4,7.2
2017-04-13 15:40:00,168,139,26,3,49.3,7.45
2017-04-13 15:45:00,196,166,27,3,45.4,8.94
2017-04-13 15:50:00,170,145,24,1,47.4,7.69
2017-04-13 15:55:00,160,140,17,3,43.9,7.45
2017-04-13 16:00:00,145,120,25,0,47.2,6.73
2017-04-13 16:05:00,151,125,24,2,47.4,6.49
2017-04-13 16:10:00,176,160,15,1,44.1,8.28
2017-04-13 16:15:00,169,150,19,0,47.2,7.56
2017-04-13 16:20:00,178,156,20,2,46.1,8.27
2017-04-13 16:25:00,169,147,18,4,47.1,7.77
2017-04-13 16:30:00,160,133,25,2,47.0,7.15
2017-04-13 16:35:00,150,129,18,3,45.7,7.06
2017-04-13 16:40:00,146,131,13,2,48.3,6.72
2017-04-13 16:45:00,151,132,19,0,43.3,8.11
2017-04-13 16:50:00,172,151,17,4,49.2,7.57
2017-04-13 16:55:00,165,151,12,2,44.6,7.65
2017-04-13 17:00:00,177,157,17,3,47.0,8.23
2017-04-13 17:05:00,156,127,29,0,47.6,7.19
2017-04-13 17:10:00,192,180,12,0,42.6,9.95
2017-04-13 17:15:00,179,153,21,5,45.4,8.38
2017-04-13 17:20:00,202,182,19,1,47.2,9.41
2017-04-13 17:25:00,190,172,14,4,46.2,9.18
2017-04-13 17:30:00,165,147,16,2,44.2,7.92
2017-04-13 17:35:00,193,170,20,3,46.0,10.01
2017-04-13 17:40:00,222,194,26,2,44.3,10.81
2017-04-13 17:45:00,161,144,17,0,45.8,7.72
2017-04-13 17:50:00,181,166,14,1,48.8,7.97
2017-04-13 17:55:00,177,157,18,2,48.5,8.11
2017-04-13 18:00:00,166,145,20,1,45.7,8.0
2017-04-13 18:05:00,207,186,21,0,48.2,9.79
2017-04-13 18:10:00,213,192,18,3,44.9,10.1
2017-04-13 18:15:00,185,165,19,1,48.2,8.59
2017-04-13 18:20:00,223,196,26,1,47.4,10.28
2017-04-13 18:25:00,209,188,21,0,46.0,9.66
2017-04-13 18:30:00,168,137,25,6,43.2,11.46
2017-04-13 18:35:00,214,192,21,1,49.2,8.98
2017-04-13 18:40:00,216,178,35,3,45.5,10.65
2017-04-13 18:45:00,197,170,25,2,42.4,13.93
2017-04-13 18:50:00,222,190,31,1,47.1,9.9
2017-04-13 18:55:00,213,182,30,1,44.7,10.66
2017-04-13 19:00:00,179,157,22,0,43.7,8.81
2017-04-13 19:05:00,202,164,35,3,22.4,41.27
2017-04-13 19:10:00,191,154,33,4,17.7,49.79
2017-04-13 19:15:00,208,187,18,3,36.5,15.79
2017-04-13 19:20:00,225,194,29,2,44.7,10.15
2017-04-13 19:25:00,213,174,38,1,43.9,11.46
2017-04-13 19:30:00,154,134,20,0,47.8,8.81
2017-04-13 19:35:00,196,168,27,1,45.7,10.69
2017-04-13 19:40:00,157,136,21,0,49.9,6.89
2017-04-13 19:45:00,164,135,28,1,48.6,7.84
2017-04-13 19:50:00,221,180,41,0,45.1,11.33
2017-04-13 19:55:00,177,139,38,0,48.6,11.97
2017-04-13 20:00:00,158,128,30,0,47.2,7.02
2017-04-13 20:05:00,204,167,36,1,46.9,10.04
2017-04-13 20:10:00,201,158,42,1,47.8,9.54
2017-04-13 20:15:00,142,113,28,1,48.9,6.79
2017-04-13 20:20:00,206,173,30,3,48.1,9.58
2017-04-13 20:25:00,158,128,30,0,49.5,7.47
2017-04-13 20:30:00,131,109,21,1,49.9,6.54
2017-04-13 20:35:00,174,144,28,2,48.5,8.99
2017-04-13 20:40:00,182,150,32,0,49.2,8.85
2017-04-13 20:45:00,110,92,18,0,46.7,5.3
2017-04-13 20:50:00,188,160,28,0,46.5,9.56
2017-04-13 20:55:00,158,133,23,2,51.9,7.59
2017-04-13 21:00:00,144,120,23,1,46.5,6.45
2017-04-13 21:05:00,168,142,25,1,45.1,8.43
2017-04-13 21:10:00,174,143,28,3,42.7,10.02
2017-04-13 21:15:00,171,138,31,2,36.6,11.97
2017-04-13 21:20:00,147,110,36,1,38.4,11.61
2017-04-13 21:25:00,141,109,30,2,37.0,14.42
2017-04-13 21:30:00,184,145,36,3,33.2,15.34
2017-04-13 21:35:00,188,133,52,3,38.1,16.56
2017-04-13 21:40:00,166,132,32,2,39.5,10.93
2017-04-13 21:45:00,177,139,37,1,41.9,11.08
2017-04-13 21:50:00,163,134,29,0,41.1,18.22
2017-04-13 21:55:00,148,117,30,1,42.6,8.84
2017-04-13 22:00:00,137,110,26,1,39.6,10.79
2017-04-13 22:05:00,145,117,26,2,39.0,9.62
2017-04-13 22:10:00,162,129,30,3,38.5,10.52
2017-04-13 22:15:00,179,142,35,2,39.4,12.45
2017-04-13 22:20:00,172,137,32,3,36.0,20.02
2017-04-13 22:25:00,183,158,22,3,44.7,11.82
2017-04-13 22:30:00,138,115,22,1,44.4,8.69
2017-04-13 22:35:00,132,111,20,1,45.5,8.95
2017-04-13 22:40:00,132,102,30,0,43.5,9.0
2017-04-13 22:45:00,119,93,26,0,47.4,5.62
2017-04-13 22:50:00,150,117,31,2,37.3,10.05
2017-04-13 22:55:00,102,78,24,0,46.6,5.65
2017-04-13 23:00:00,121,97,24,0,44.8,6.5
2017-04-13 23:05:00,121,93,28,0,49.6,5.85
2017-04-13 23:10:00,122,95,27,0,47.0,7.11
2017-04-13 23:15:00,105,88,17,0,52.0,6.16
2017-04-13 23:20:00,105,81,22,2,50.9,5.25
2017-04-13 23:25:00,104,79,23,2,49.0,5.22
2017-04-13 23:30:00,91,71,20,0,53.7,4.31
2017-04-13 23:35:00,108,92,16,0,48.6,5.25
2017-04-13 23:40:00,93,80,13,0,51.7,4.3
2017-04-13 23:45:00,94,77,17,0,52.6,4.53
2017-04-13 23:50:00,97,73,24,0,55.4,4.44
2017-04-13 23:55:00,97,71,26,0,51.0,4.88
2017-04-14 00:00:00,92,77,15,0,56.1,3.97
2017-04-14 00:05:00,92,71,21,0,48.0,4.6
2017-04-14 00:10:00,97,81,16,0,52.5,4.56
2017-04-14 00:15:00,100,84,15,1,49.9,5.18
2017-04-14 00:20:00,88,66,20,2,50.7,4.21
2017-04-14 00:25:00,82,69,13,0,53.2,3.63
2017-04-14 00:30:00,62,48,13,1,55.1,2.92
2017-04-14 00:35:00,64,53,11,0,62.6,2.61
2017-04-14 00:40:00,71,55,16,0,55.4,3.12
2017-04-14 00:45:00,68,52,16,0,53.4,3.28
2017-04-14 00:50:00,66,52,14,0,54.9,2.72
2017-04-14 00:55:00,69,58,11,0,54.5,3.17
2017-04-14 01:00:00,72,57,15,0,55.0,3.59
2017-04-14 01:05:00,45,39,6,0,58.5,1.97
2017-04-14 01:10:00,62,48,14,0,57.0,2.7
2017-04-14 01:15:00,57,44,13,0,58.2,2.36
2017-04-14 01:20:00,57,44,13,0,59.3,2.65
2017-04-14 01:25:00,61,46,15,0,65.4,3.04
2017-04-14 01:30:00,51,40,11,0,59.2,2.27
2017-04-14 01:35:00,42,31,10,1,60.7,1.79
2017-04-14 01:40:00,52,40,12,0,58.7,2.59
2017-04-14 01:45:00,37,31,6,0,64.3,1.52
2017-04-14 01:50:00,35,24,11,0,59.0,1.68
2017-04-14 01:55:00,51,38,13,0,65.1,2.06
2017-04-14 02:00:00,43,28,14,1,60.6,1.75
2017-04-14 02:05:00,35,28,7,0,58.2,1.68
2017-04-14 02:10:00,35,26,9,0,59.4,1.66
2017-04-14 02:15:00,48,38,10,0,58.4,1.95
2017-04-14 02:20:00,40,28,12,0,60.2,1.75
2017-04-14 02:25:00,36,28,8,0,57.6,1.68
2017-04-14 02:30:00,29,21,8,0,56.3,1.39
2017-04-14 02:35:00,51,39,10,2,57.6,8.55
2017-04-14 02:40:00,44,31,13,0,59.7,2.01
2017-04-14 02:45:00,39,31,8,0,61.1,1.57
2017-04-14 02:50:00,39,30,8,1,54.9,1.97
2017-04-14 02:55:00,21,11,10,0,60.8,0.98
2017-04-14 03:00:00,51,41,10,0,60.4,2.41
2017-04-14 03:05:00,42,32,10,0,55.8,1.96
2017-04-14 03:10:00,39,29,9,1,64.4,1.54
2017-04-14 03:15:00,35,27,7,1,69.3,1.44
2017-04-14 03:20:00,32,23,9,0,60.9,1.43
2017-04-14 03:25:00,25,14,11,0,61.0,1.17
2017-04-14 03:30:00,23,14,9,0,62.3,1.03
2017-04-14 03:35:00,28,22,6,0,63.8,2.13
2017-04-14 03:40:00,22,18,4,0,59.1,0.93
2017-04-14 03:45:00,31,19,12,0,64.0,1.28
2017-04-14 03:50:00,29,19,10,0,57.4,1.22
2017-04-14 03:55:00,25,19,6,0,72.2,0.99
2017-04-14 04:00:00,28,24,4,0,61.0,1.43
2017-04-14 04:05:00,35,25,10,0,62.0,1.62
2017-04-14 04:10:00,25,17,8,0,67.9,0.94
2017-04-14 04:15:00,26,20,6,0,63.9,1.07
2017-04-14 04:20:00,29,21,8,0,59.3,1.34
2017-04-14 04:25:00,35,29,6,0,57.6,2.1
2017-04-14 04:30:00,35,29,6,0,54.4,13.3
2017-04-14 04:35:00,31,20,9,2,54.1,1.72
2017-04-14 04:40:00,39,30,9,0,55.5,1.95
2017-04-14 04:45:00,40,30,10,0,56.5,1.95
2017-04-14 04:50:00,46,39,7,0,57.9,2.34
2017-04-14 04:55:00,31,24,7,0,56.1,1.55
2017-04-14 05:00:00,19,17,2,0,60.3,0.87
2017-04-14 05:05:00,30,22,8,0,57.9,1.35
2017-04-14 05:10:00,26,15,11,0,60.5,1.29
2017-04-14 05:15:00,39,29,10,0,58.1,1.78
2017-04-14 05:20:00,29,23,6,0,56.1,4.65
2017-04-14 05:25:00,37,30,7,0,39.8,34.86
2017-04-14 05:30:00,45,36,9,0,52.5,24.97
2017-04-14 05:35:00,33,28,5,0,56.8,1.71
2017-04-14 05:40:00,45,38,7,0,51.5,2.11
2017-04-14 05:45:00,49,42,7,0,49.2,2.44
2017-04-14 05:50:00,48,37,11,0,53.6,2.0
2017-04-14 05:55:00,41,37,4,0,59.0,1.56
2017-04-14 06:00:00,55,44,11,0,56.5,2.16
2017-04-14 06:05:00,58,50,8,0,56.4,2.7
2017-04-14 06:10:00,64,48,16,0,58.2,2.59
2017-04-14 06:15:00,66,48,17,1,56.1,2.89
2017-04-14 06:20:00,78,64,14,0,49.8,4.26
2017-04-14 06:25:00,65,50,14,1,55.0,3.05
2017-04-14 06:30:00,77,64,12,1,56.1,3.73
2017-04-14 06:35:00,75,64,10,1,51.2,3.44
2017-04-14 06:40:00,88,71,16,1,51.1,4.53
2017-04-14 06:45:00,85,64,21,0,53.9,3.59
2017-04-14 06:50:00,81,69,11,1,55.2,3.76
2017-04-14 06:55:00,73,54,19,0,54.4,3.56
2017-04-14 07:00:00,98,82,15,1,50.9,4.33
2017-04-14 07:05:00,119,95,23,1,56.1,5.01
2017-04-14 07:10:00,102,80,22,0,54.8,3.86
2017-04-14 07:15:00,134,108,25,1,55.9,5.07
2017-04-14 07:20:00,145,121,23,1,53.1,5.51
2017-04-14 07:25:00,124,102,21,1,54.5,4.67
2017-04-14 07:30:00,152,131,21,0,54.3,5.74
2017-04-14 07:35:00,192,169,22,1,52.0,8.27
2017-04-14 07:40:00,157,131,21,5,53.4,6.07
2017-04-14 07:45:00,174,151,20,3,55.1,6.32
2017-04-14 07:50:00,203,179,22,2,54.1,7.6
2017-04-14 07:55:00,161,140,20,1,50.6,6.37
2017-04-14 08:00:00,203,182,16,5,50.1,8.05
2017-04-14 08:05:00,212,189,20,3,50.0,7.87
2017-04-14 08:10:00,173,147,23,3,48.6,6.75
2017-04-14 08:15:00,205,179,26,0,48.9,9.11
2017-04-14 08:20:00,254,219,33,2,48.2,11.27
2017-04-14 08:25:00,177,157,17,3,47.7,7.97
2017-04-14 08:30:00,203,185,17,1,50.9,8.33
2017-04-14 08:35:00,212,183,29,0,52.1,8.69
2017-04-14 08:40:00,110,96,14,0,52.2,9.79
2017-04-14 08:45:00,156,129,24,3,51.8,6.74
2017-04-14 08:50:00,190,161,27,2,53.4,7.77
2017-04-14 08:55:00,134,114,19,1,52.3,5.34
2017-04-14 09:00:00,140,115,24,1,51.9,6.13
2017-04-14 09:05:00,174,145,28,1,54.1,7.06
2017-04-14 09:10:00,127,102,21,4,53.9,4.83
2017-04-14 09:15:00,159,139,17,3,52.6,6.16
2017-04-14 09:20:00,190,171,15,4,54.0,7.56
2017-04-14 09:25:00,148,127,20,1,45.8,8.16
2017-04-14 09:30:00,170,147,19,4,50.8,7.32
2017-04-14 09:35:00,172,143,27,2,49.0,7.34
2017-04-14 09:40:00,152,134,18,0,46.7,13.54
2017-04-14 09:45:00,163,130,30,3,46.6,7.66
2017-04-14 09:50:00,177,159,16,2,45.6,8.11
2017-04-14 09:55:00,161,134,27,0,43.3,8.63
2017-04-14 10:00:00,157,138,15,4,45.7,6.92
2017-04-14 10:05:00,170,147,20,3,45.6,8.06
2017-04-14 10:10:00,178,153,25,0,46.2,7.88
2017-04-14 10:15:00,169,149,17,3,45.7,7.33
2017-04-14 10:20:00,191,164,27,0,43.0,10.36
2017-04-14 10:25:00,195,169,26,0,46.1,9.19
2017-04-14 10:30:00,169,140,29,0,47.2,7.44
2017-04-14 10:35:00,129,109,20,0,46.3,10.81
2017-04-14 10:40:00,156,123,31,2,46.2,7.03
2017-04-14 10:45:00,150,122,26,2,48.7,6.66
2017-04-14 10:50:00,175,140,31,4,48.0,8.1
2017-04-14 10:55:00,141,123,18,0,49.4,6.21
2017-04-14 11:00:00,144,123,21,0,49.5,6.43
2017-04-14 11:05:00,157,135,22,0,50.2,6.7
2017-04-14 11:10:00,181,152,29,0,46.6,8.75
2017-04-14 11:15:00,157,135,22,0,49.9,6.77
2017-04-14 11:20:00,165,144,20,1,43.4,8.04
2017-04-14 11:25:00,148,125,22,1,47.4,6.67
2017-04-14 11:30:00,164,135,28,1,47.7,7.45
2017-04-14 11:35:00,158,129,29,0,47.4,7.46
2017-04-14 11:40:00,180,160,17,3,48.1,8.03
2017-04-14 11:45:00,171,142,28,1,48.3,7.49
2017-04-14 11:50:00,161,143,17,1,45.9,7.78
2017-04-14 11:55:00,158,142,15,1,50.2,6.35
2017-04-14 12:00:00,134,117,13,4,48.5,5.9
2017-04-14 12:05:00,142,114,24,4,48.0,7.1
2017-04-14 12:10:00,163,141,19,3,44.8,7.65
2017-04-14 12:15:00,171,149,20,2,48.1,6.99
2017-04-14 12:20:00,171,151,18,2,46.9,7.04
2017-04-14 12:25:00,148,123,25,0,45.2,7.1
2017-04-14 12:30:00,153,134,19,0,48.1,6.68
2017-04-14 12:35:00,153,135,17,1,48.4,6.82
2017-04-14 12:40:00,150,133,16,1,47.7,6.94
2017-04-14 12:45:00,105,90,14,1,47.5,4.88
2017-04-14 12:50:00,152,136,16,0,46.7,7.13
2017-04-14 12:55:00,158,131,26,1,47.4,7.69
2017-04-14 13:00:00,146,125,20,1,48.3,6.69
2017-04-14 13:05:00,159,135,24,0,50.9,6.84
2017-04-14 13:10:00,189,172,17,0,43.7,8.57
2017-04-14 13:15:00,155,128,27,0,48.5,7.14
2017-04-14 13:20:00,167,140,26,1,47.9,8.1
2017-04-14 13:25:00,167,143,21,3,43.9,7.61
2017-04-14 13:30:00,167,142,25,0,49.2,7.29
2017-04-14 13:35:00,162,145,16,1,49.4,6.57
2017-04-14 13:40:00,178,161,16,1,47.3,7.56
2017-04-14 13:45:00,182,159,23,0,46.9,7.85
2017-04-14 13:50:00,163,142,21,0,49.6,6.4
2017-04-14 13:55:00,154,138,16,0,50.3,7.55
2017-04-14 14:00:00,163,146,16,1,48.1,7.05
2017-04-14 14:05:00,167,149,16,2,47.4,7.6
2017-04-14 14:10:00,166,135,30,1,45.4,7.81
2017-04-14 14:15:00,159,143,15,1,50.2,6.76
2017-04-14 14:20:00,175,142,30,3,45.5,11.52
2017-04-14 14:25:00,172,147,24,1,41.8,10.06
2017-04-14 14:30:00,148,126,22,0,45.0,7.1
2017-04-14 14:35:00,157,135,21,1,46.3,11.73
2017-04-14 14:40:00,172,141,30,1,43.9,8.82
2017-04-14 14:45:00,153,129,23,1,46.7,7.08
2017-04-14 14:50:00,163,139,23,1,48.5,7.26
2017-04-14 14:55:00,163,128,32,3,50.1,6.95
2017-04-14 15:00:00,160,139,21,0,48.2,7.07
2017-04-14 15:05:00,187,161,25,1,46.0,9.04
2017-04-14 15:10:00,172,136,36,0,45.1,8.74
2017-04-14 15:15:00,159,131,25,3,48.8,7.3
2017-04-14 15:20:00,154,131,21,2,48.6,7.26
2017-04-14 15:25:00,148,119,29,0,44.6,7.75
2017-04-14 15:30:00,169,138,28,3,47.0,10.36
2017-04-14 15:35:00,171,148,20,3,46.5,7.73
2017-04-14 15:40:00,187,150,34,3,43.8,9.65
2017-04-14 15:45:00,174,140,32,2,45.2,8.26
2017-04-14 15:50:00,181,156,23,2,46.4,8.23
2017-04-14 15:55:00,153,122,29,2,45.9,7.29
2017-04-14 16:00:00,170,145,24,1,45.2,8.43
2017-04-14 16:05:00,162,143,18,1,45.5,7.51
2017-04-14 16:10:00,185,165,20,0,45.4,8.25
2017-04-14 16:15:00,182,163,17,2,48.6,8.22
2017-04-14 16:20:00,172,146,25,1,48.4,8.81
2017-04-14 16:25:00,168,145,21,2,48.6,7.49
2017-04-14 16:30:00,164,146,16,2,47.0,7.54
2017-04-14 16:35:00,154,140,14,0,46.7,7.03
2017-04-14 16:40:00,168,155,13,0,45.8,8.76
2017-04-14 16:45:00,170,150,20,0,45.8,8.5
2017-04-14 16:50:00,179,155,23,1,45.8,8.5
2017-04-14 16:55:00,180,151,26,3,47.8,8.22
2017-04-14 17:00:00,208,174,30,4,49.1,9.05
2017-04-14 17:05:00,169,143,25,1,46.4,7.71
2017-04-14 17:10:00,203,182,19,2,44.7,11.11
2017-04-14 17:15:00,153,129,20,4,45.6,7.46
2017-04-14 17:20:00,206,181,23,2,47.4,9.02
2017-04-14 17:25:00,202,180,20,2,46.3,9.21
2017-04-14 17:30:00,183,154,27,2,43.8,9.93
2017-04-14 17:35:00,208,183,22,3,46.3,9.12
2017-04-14 17:40:00,221,177,39,5,46.5,11.57
2017-04-14 17:45:00,168,143,22,3,47.2,7.69
2017-04-14 17:50:00,244,215,22,7,46.2,11.06
2017-04-14 17:55:00,222,199,21,2,41.0,14.94
2017-04-14 18:00:00,175,152,19,4,44.9,8.09
2017-04-14 18:05:00,227,193,33,1,46.9,10.07
2017-04-14 18:10:00,202,170,31,1,47.1,10.28
2017-04-14 18:15:00,203,172,29,2,41.8,12.63
2017-04-14 18:20:00,248,219,25,4,43.9,11.98
2017-04-14 18:25:00,218,197,20,1,44.3,12.37
2017-04-14 18:30:00,203,171,30,2,42.8,11.37
2017-04-14 18:35:00,218,173,42,3,21.9,45.47
2017-04-14 18:40:00,248,206,38,4,27.7,24.4
2017-04-14 18:45:00,182,148,33,1,42.7,9.37
2017-04-14 18:50:00,217,183,31,3,36.1,20.95
2017-04-14 18:55:00,220,176,41,3,46.2,10.64
2017-04-14 19:00:00,187,162,25,0,48.3,8.85
2017-04-14 19:05:00,200,177,23,0,48.8,9.65
2017-04-14 19:10:00,195,173,22,0,45.3,9.32
2017-04-14 19:15:00,171,154,15,2,42.8,17.17
2017-04-14 19:20:00,226,193,32,1,46.9,10.11
2017-04-14 19:25:00,217,183,34,0,43.2,12.14
2017-04-14 19:30:00,188,153,33,2,43.7,9.03
2017-04-14 19:35:00,204,167,36,1,44.5,12.15
2017-04-14 19:40:00,212,167,44,1,45.3,11.64
2017-04-14 19:45:00,180,142,38,0,45.8,9.59
2017-04-14 19:50:00,221,193,28,0,46.2,10.88
2017-04-14 19:55:00,186,147,38,1,50.2,8.39
2017-04-14 20:00:00,168,133,35,0,46.0,8.67
2017-04-14 20:05:00,203,162,40,1,46.4,10.07
2017-04-14 20:10:00,196,161,34,1,46.2,10.4
2017-04-14 20:15:00,144,131,12,1,51.0,7.35
2017-04-14 20:20:00,183,144,39,0,47.6,8.84
2017-04-14 20:25:00,175,142,32,1,48.2,8.61
2017-04-14 20:30:00,163,138,24,1,43.4,8.76
2017-04-14 20:35:00,220,183,37,0,44.6,12.21
2017-04-14 20:40:00,192,153,39,0,47.8,10.05
2017-04-14 20:45:00,158,128,29,1,44.9,14.8
2017-04-14 20:50:00,204,162,42,0,47.7,10.33
2017-04-14 20:55:00,203,165,37,1,44.9,10.39
2017-04-14 21:00:00,170,149,21,0,42.8,9.57
2017-04-14 21:05:00,193,168,23,2,43.0,11.69
2017-04-14 21:10:00,205,162,40,3,32.6,20.33
2017-04-14 21:15:00,163,130,28,5,35.2,11.73
2017-04-14 21:20:00,186,146,38,2,33.1,18.03
2017-04-14 21:25:00,175,133,37,5,37.8,15.16
2017-04-14 21:30:00,203,161,39,3,37.2,14.43
2017-04-14 21:35:00,177,145,28,4,38.3,17.77
2017-04-14 21:40:00,183,150,32,1,36.9,13.99
2017-04-14 21:45:00,172,133,37,2,40.0,12.48
2017-04-14 21:50:00,166,131,32,3,43.6,8.43
2017-04-14 21:55:00,154,123,31,0,40.0,10.94
2017-04-14 22:00:00,132,106,24,2,35.6,10.75
2017-04-14 22:05:00,184,140,41,3,36.1,19.79
2017-04-14 22:10:00,168,128,37,3,38.4,10.62
2017-04-14 22:15:00,166,127,37,2,40.6,11.34
2017-04-14 22:20:00,170,129,39,2,39.2,11.95
2017-04-14 22:25:00,174,146,25,3,42.9,10.54
2017-04-14 22:30:00,161,119,41,1,45.4,9.18
2017-04-14 22:35:00,146,114,31,1,41.6,10.0
2017-04-14 22:40:00,132,102,24,6,44.5,7.56
2017-04-14 22:45:00,150,124,24,2,40.8,10.43
2017-04-14 22:50:00,143,119,24,0,45.7,7.19
2017-04-14 22:55:00,135,119,16,0,48.0,6.2
2017-04-14 23:00:00,111,83,27,1,48.3,5.73
2017-04-14 23:05:00,166,132,32,2,43.7,9.29
2017-04-14 23:10:00,139,111,28,0,47.2,7.15
2017-04-14 23:15:00,122,102,19,1,49.6,6.38
2017-04-14 23:20:00,115,94,20,1,48.4,5.87
2017-04-14 23:25:00,126,93,32,1,41.0,7.27
2017-04-14 23:30:00,122,96,25,1,50.0,6.14
2017-04-14 23:35:00,128,104,24,0,50.3,6.86
2017-04-14 23:40:00,125,98,27,0,50.4,6.79
2017-04-14 23:45:00,125,94,31,0,49.7,5.87
2017-04-14 23:50:00,121,96,23,2,51.0,5.96
2017-04-14 23:55:00,92,67,25,0,52.7,4.44
2017-04-15 00:00:00,82,66,15,1,57.8,3.66
2017-04-15 00:05:00,114,85,29,0,43.6,8.32
2017-04-15 00:10:00,113,84,29,0,51.9,5.85
2017-04-15 00:15:00,127,101,26,0,51.8,6.1
2017-04-15 00:20:00,110,82,28,0,52.8,5.49
2017-04-15 00:25:00,86,73,13,0,53.1,3.81
2017-04-15 00:30:00,93,66,26,1,52.4,5.02
2017-04-15 00:35:00,92,73,19,0,52.0,4.47
2017-04-15 00:40:00,62,51,11,0,58.2,2.63
2017-04-15 00:45:00,97,81,16,0,52.7,5.72
2017-04-15 00:50:00,74,60,14,0,59.7,3.18
2017-04-15 00:55:00,74,60,14,0,54.0,3.33
2017-04-15 01:00:00,70,58,11,1,61.2,3.09
2017-04-15 01:05:00,66,58,8,0,60.4,3.12
2017-04-15 01:10:00,63,40,23,0,58.7,2.95
2017-04-15 01:15:00,71,59,12,0,53.7,3.49
2017-04-15 01:20:00,76,52,24,0,59.3,3.59
2017-04-15 01:25:00,83,65,17,1,61.0,3.67
2017-04-15 01:30:00,58,45,12,1,54.9,2.76
2017-04-15 01:35:00,68,52,16,0,55.6,3.26
2017-04-15 01:40:00,62,48,14,0,57.6,3.14
2017-04-15 01:45:00,58,39,19,0,58.1,2.71
2017-04-15 01:50:00,73,61,12,0,57.0,3.21
2017-04-15 01:55:00,42,32,10,0,65.0,1.88
2017-04-15 02:00:00,54,36,18,0,65.6,2.33
2017-04-15 02:05:00,54,37,17,0,59.3,2.51
2017-04-15 02:10:00,62,47,14,1,58.9,2.91
2017-04-15 02:15:00,50,34,16,0,66.7,2.1
2017-04-15 02:20:00,69,57,12,0,59.1,3.25
2017-04-15 02:25:00,62,50,12,0,54.5,2.92
2017-04-15 02:30:00,43,32,11,0,62.4,1.81
2017-04-15 02:35:00,59,45,14,0,64.5,2.5
2017-04-15 02:40:00,60,44,16,0,61.6,2.8
2017-04-15 02:45:00,49,40,9,0,61.9,2.15
2017-04-15 02:50:00,47,33,14,0,59.3,1.84
2017-04-15 02:55:00,54,39,15,0,61.5,2.52
2017-04-15 03:00:00,35,27,8,0,65.6,1.61
2017-04-15 03:05:00,61,51,10,0,62.6,2.63
2017-04-15 03:10:00,51,41,10,0,63.4,2.02
2017-04-15 03:15:00,40,31,9,0,63.4,1.69
2017-04-15 03:20:00,54,38,16,0,61.1,2.33
2017-04-15 03:25:00,37,24,13,0,63.5,1.59
2017-04-15 03:30:00,30,23,7,0,64.1,1.32
2017-04-15 03:35:00,39,31,8,0,61.4,1.64
2017-04-15 03:40:00,48,38,9,1,61.8,2.01
2017-04-15 03:45:00,50,42,8,0,61.0,2.45
2017-04-15 03:50:00,40,29,11,0,67.6,1.53
2017-04-15 03:55:00,45,28,17,0,62.1,1.69
2017-04-15 04:00:00,41,27,14,0,58.1,1.96
2017-04-15 04:05:00,33,26,7,0,62.3,1.53
2017-04-15 04:10:00,36,31,4,1,61.9,1.63
2017-04-15 04:15:00,48,29,19,0,67.2,2.08
2017-04-15 04:20:00,49,36,13,0,63.0,1.96
2017-04-15 04:25:00,35,26,9,0,65.7,1.46
2017-04-15 04:30:00,47,33,14,0,58.2,2.05
2017-04-15 04:35:00,45,37,8,0,51.2,2.63
2017-04-15 04:40:00,41,32,8,1,59.9,1.61
2017-04-15 04:45:00,38,29,9,0,61.2,1.76
2017-04-15 04:50:00,54,45,9,0,64.5,2.22
2017-04-15 04:55:00,46,34,12,0,63.3,1.95
2017-04-15 05:00:00,37,33,4,0,58.4,1.45
2017-04-15 05:05:00,36,34,2,0,66.2,1.42
2017-04-15 05:10:00,49,35,13,1,58.4,2.38
2017-04-15 05:15:00,33,25,8,0,62.8,1.4
2017-04-15 05:20:00,25,20,5,0,63.9,1.26
2017-04-15 05:25:00,57,43,14,0,57.3,2.52
2017-04-15 05:30:00,45,37,8,0,57.9,2.09
2017-04-15 05:35:00,56,45,11,0,54.0,2.35
2017-04-15 05:40:00,55,41,14,0,48.4,2.75
2017-04-15 05:45:00,47,33,13,1,55.3,2.08
2017-04-15 05:50:00,71,53,16,2,53.4,3.11
2017-04-15 05:55:00,51,39,12,0,54.4,2.36
2017-04-15 06:00:00,61,47,14,0,61.4,2.47
2017-04-15 06:05:00,66,50,16,0,57.4,2.78
2017-04-15 06:10:00,81,58,22,1,56.2,3.4
2017-04-15 06:15:00,53,42,8,3,56.7,2.38
2017-04-15 06:20:00,74,61,11,2,48.5,4.08
2017-04-15 06:25:00,75,60,14,1,51.9,3.41
2017-04-15 06:30:00,72,57,12,3,51.1,3.17
2017-04-15 06:35:00,95,71,21,3,48.4,4.79
2017-04-15 06:40:00,106,85,20,1,48.6,5.01
2017-04-15 06:45:00,88,71,15,2,48.6,4.57
2017-04-15 06:50:00,89,74,13,2,53.1,4.24
2017-04-15 06:55:00,73,58,15,0,54.3,3.03
2017-04-15 07:00:00,75,61,13,1,55.5,3.43
2017-04-15 07:05:00,83,65,17,1,54.8,3.53
2017-04-15 07:10:00,93,74,19,0,60.3,3.73
2017-04-15 07:15:00,75,62,12,1,61.7,2.56
2017-04-15 07:20:00,107,94,11,2,56.0,3.96
2017-04-15 07:25:00,72,60,10,2,60.7,2.67
2017-04-15 07:30:00,68,52,16,0,60.4,2.76
2017-04-15 07:35:00,97,77,19,1,59.0,3.57
2017-04-15 07:40:00,102,86,15,1,60.4,3.39
2017-04-15 07:45:00,79,67,11,1,57.8,3.11
2017-04-15 07:50:00,105,84,20,1,57.3,3.88
2017-04-15 07:55:00,100,82,15,3,56.2,4.01
2017-04-15 08:00:00,100,82,15,3,54.2,4.05
2017-04-15 08:05:00,144,123,19,2,56.1,4.93
2017-04-15 08:10:00,126,105,18,3,56.7,5.16
2017-04-15 08:15:00,124,106,18,0,52.2,5.24
2017-04-15 08:20:00,142,113,28,1,52.5,5.9
2017-04-15 08:25:00,149,124,24,1,55.7,5.94
2017-04-15 08:30:00,124,108,14,2,54.2,4.88
2017-04-15 08:35:00,169,147,20,2,53.9,6.91
2017-04-15 08:40:00,150,129,21,0,55.1,5.87
2017-04-15 08:45:00,143,115,25,3,46.5,7.04
2017-04-15 08:50:00,148,126,20,2,55.6,5.83
2017-04-15 08:55:00,157,142,13,2,50.6,7.16
2017-04-15 09:00:00,146,131,13,2,48.5,6.57
2017-04-15 09:05:00,150,122,25,3,55.9,5.73
2017-04-15 09:10:00,177,149,26,2,51.3,7.27
2017-04-15 09:15:00,161,138,21,2,50.0,7.08
2017-04-15 09:20:00,190,154,34,2,51.6,8.4
2017-04-15 09:25:00,180,160,16,4,52.2,7.43
2017-04-15 09:30:00,134,114,18,2,47.7,6.0
2017-04-15 09:35:00,176,156,19,1,51.8,7.15
2017-04-15 09:40:00,179,163,15,1,52.9,7.32
2017-04-15 09:45:00,141,117,23,1,49.1,6.32
2017-04-15 09:50:00,206,185,20,1,52.0,8.33
2017-04-15 09:55:00,199,176,21,2,45.0,10.45
2017-04-15 10:00:00,100,91,9,0,50.0,4.16
2017-04-15 10:05:00,189,159,29,1,50.1,8.01
2017-04-15 10:10:00,181,158,23,0,51.2,7.67
2017-04-15 10:15:00,182,155,24,3,46.4,9.56
2017-04-15 10:20:00,167,144,22,1,52.5,6.91
2017-04-15 10:25:00,149,138,11,0,47.8,6.59
2017-04-15 10:30:00,159,133,21,5,48.7,7.47
2017-04-15 10:35:00,222,194,24,4,50.8,9.38
2017-04-15 10:40:00,170,153,15,2,50.4,7.22
2017-04-15 10:45:00,145,129,12,4,51.1,5.84
2017-04-15 10:50:00,219,194,22,3,47.7,9.04
2017-04-15 10:55:00,199,170,24,5,44.5,10.14
2017-04-15 11:00:00,164,136,22,6,46.4,7.59
2017-04-15 11:05:00,195,171,18,6,50.3,8.62
2017-04-15 11:10:00,180,157,21,2,52.5,7.64
2017-04-15 11:15:00,158,136,21,1,50.5,6.96
2017-04-15 11:20:00,199,180,17,2,49.0,8.51
2017-04-15 11:25:00,193,170,22,1,48.8,8.12
2017-04-15 11:30:00,166,147,16,3,48.1,7.23
2017-04-15 11:35:00,192,174,16,2,49.5,7.88
2017-04-15 11:40:00,202,169,30,3,49.7,8.57
2017-04-15 11:45:00,154,127,23,4,51.2,6.15
2017-04-15 11:50:00,205,167,36,2,49.0,9.4
2017-04-15 11:55:00,190,167,21,2,44.0,8.79
2017-04-15 12:00:00,152,124,20,8,47.3,6.23
2017-04-15 12:05:00,189,169,15,5,49.2,7.57
2017-04-15 12:10:00,186,164,15,7,43.1,7.95
2017-04-15 12:15:00,162,142,14,6,37.8,11.2
2017-04-15 12:20:00,176,157,15,4,48.7,6.85
2017-04-15 12:25:00,175,155,10,10,46.0,6.88
2017-04-15 12:30:00,148,124,21,3,47.2,6.44
2017-04-15 12:35:00,183,165,15,3,46.6,7.68
2017-04-15 12:40:00,192,177,13,2,45.0,8.03
2017-04-15 12:45:00,137,124,12,1,43.8,6.26
2017-04-15 12:50:00,189,162,23,4,45.6,9.61
2017-04-15 12:55:00,182,163,17,2,47.4,7.53
2017-04-15 13:00:00,170,152,15,3,42.1,7.11
2017-04-15 13:05:00,205,179,21,5,42.8,9.23
2017-04-15 13:10:00,155,139,14,2,45.9,7.19
2017-04-15 13:15:00,169,151,15,3,35.1,17.45
2017-04-15 13:20:00,214,184,26,4,34.3,13.05
2017-04-15 13:25:00,174,155,15,4,46.1,7.06
2017-04-15 13:30:00,166,153,10,3,47.4,6.86
2017-04-15 13:35:00,215,186,23,6,47.2,9.12
2017-04-15 13:40:00,188,162,22,4,47.9,7.53
2017-04-15 13:45:00,166,144,14,8,45.1,7.11
2017-04-15 13:50:00,200,166,28,6,50.5,7.98
2017-04-15 13:55:00,197,156,40,1,44.7,9.71
2017-04-15 14:00:00,176,132,44,0,46.7,8.83
2017-04-15 14:05:00,195,161,32,2,47.4,10.11
2017-04-15 14:10:00,199,159,33,7,36.8,14.18
2017-04-15 14:15:00,167,142,24,1,42.3,8.93
2017-04-15 14:20:00,203,166,33,4,33.7,17.83
2017-04-15 14:25:00,178,148,26,4,30.5,23.21
2017-04-15 14:30:00,206,169,37,0,40.1,12.39
2017-04-15 14:35:00,204,164,38,2,45.9,9.89
2017-04-15 14:40:00,185,152,30,3,27.2,23.86
2017-04-15 14:45:00,158,123,30,5,24.0,44.39
2017-04-15 14:50:00,210,163,46,1,20.1,38.52
2017-04-15 14:55:00,185,149,33,3,41.7,15.37
2017-04-15 15:00:00,175,141,33,1,39.2,10.98
2017-04-15 15:05:00,189,150,29,10,45.0,8.94
2017-04-15 15:10:00,192,161,28,3,48.5,8.84
2017-04-15 15:15:00,174,129,39,6,42.6,8.35
2017-04-15 15:20:00,195,151,38,6,47.4,8.89
2017-04-15 15:25:00,190,159,24,7,47.2,8.48
2017-04-15 15:30:00,173,145,24,4,44.4,8.49
2017-04-15 15:35:00,199,166,24,9,41.1,9.33
2017-04-15 15:40:00,201,151,38,12,37.9,12.72
2017-04-15 15:45:00,128,102,19,7,35.2,9.16
2017-04-15 15:50:00,134,115,14,5,39.5,6.81
2017-04-15 15:55:00,133,110,17,6,45.2,7.12
2017-04-15 16:00:00,129,99,22,8,43.0,6.46
2017-04-15 16:05:00,223,185,29,9,30.8,16.03
2017-04-15 16:10:00,205,161,40,4,30.9,17.14
2017-04-15 16:15:00,183,143,39,1,41.9,9.52
2017-04-15 16:20:00,133,101,29,3,49.6,5.69
2017-04-15 16:25:00,140,124,13,3,45.5,6.01
2017-04-15 16:30:00,141,130,9,2,43.0,6.24
2017-04-15 16:35:00,172,146,18,8,48.2,6.92
2017-04-15 16:40:00,164,146,12,6,41.8,7.85
2017-04-15 16:45:00,147,125,18,4,41.4,8.66
2017-04-15 16:50:00,177,153,18,6,48.5,7.11
2017-04-15 16:55:00,180,161,17,2,46.6,7.8
2017-04-15 17:00:00,169,150,15,4,46.4,6.74
2017-04-15 17:05:00,198,183,10,5,46.2,8.15
2017-04-15 17:10:00,205,185,17,3,45.4,8.98
2017-04-15 17:15:00,171,156,7,8,46.0,6.98
2017-04-15 17:20:00,204,182,16,6,44.3,8.84
2017-04-15 17:25:00,223,205,13,5,41.3,12.25
2017-04-15 17:30:00,190,173,11,6,42.6,8.25
2017-04-15 17:35:00,211,198,8,5,46.3,8.27
2017-04-15 17:40:00,183,165,14,4,45.7,7.69
2017-04-15 17:45:00,176,159,10,7,46.3,7.85
2017-04-15 17:50:00,204,181,18,5,44.5,8.96
2017-04-15 17:55:00,218,187,22,9,41.7,12.32
2017-04-15 18:00:00,168,151,14,3,44.6,6.92
2017-04-15 18:05:00,229,202,23,4,45.0,9.83
2017-04-15 18:10:00,196,174,15,7,47.1,8.49
2017-04-15 18:15:00,167,153,8,6,45.6,7.7
2017-04-15 18:20:00,220,198,18,4,46.8,9.04
2017-04-15 18:25:00,183,158,21,4,47.3,7.83
2017-04-15 18:30:00,155,139,15,1,49.5,6.47
2017-04-15 18:35:00,192,177,13,2,50.2,7.86
2017-04-15 18:40:00,173,151,19,3,47.6,7.76
2017-04-15 18:45:00,152,132,18,2,48.4,6.57
2017-04-15 18:50:00,187,163,21,3,48.7,8.28
2017-04-15 18:55:00,185,160,23,2,46.9,8.05
2017-04-15 19:00:00,169,145,21,3,44.6,8.38
2017-04-15 19:05:00,175,152,19,4,48.0,7.89
2017-04-15 19:10:00,189,167,20,2,48.7,8.64
2017-04-15 19:15:00,140,126,12,2,46.4,6.26
2017-04-15 19:20:00,160,147,13,0,44.7,8.1
2017-04-15 19:25:00,189,160,28,1,40.1,11.14
2017-04-15 19:30:00,162,134,28,0,47.3,8.06
2017-04-15 19:35:00,190,153,36,1,45.6,9.52
2017-04-15 19:40:00,190,160,29,1,44.8,10.49
2017-04-15 19:45:00,157,134,23,0,45.9,7.81
2017-04-15 19:50:00,169,131,38,0,49.4,8.63
2017-04-15 19:55:00,163,127,36,0,51.0,7.06
2017-04-15 20:00:00,152,123,28,1,44.5,7.97
2017-04-15 20:05:00,194,149,44,1,48.0,9.93
2017-04-15 20:10:00,170,133,37,0,49.0,8.19
2017-04-15 20:15:00,129,106,23,0,49.4,6.64
2017-04-15 20:20:00,188,151,37,0,46.5,9.79
2017-04-15 20:25:00,165,141,22,2,47.3,8.54
2017-04-15 20:30:00,168,135,32,1,43.9,8.71
2017-04-15 20:35:00,210,169,41,0,43.5,11.67
2017-04-15 20:40:00,162,140,22,0,48.4,19.95
2017-04-15 20:45:00,143,120,22,1,46.0,20.24
2017-04-15 20:50:00,194,145,48,1,49.1,15.77
2017-04-15 20:55:00,174,140,34,0,51.3,8.25
2017-04-15 21:00:00,154,127,25,2,45.8,7.33
2017-04-15 21:05:00,174,139,34,1,48.3,9.77
2017-04-15 21:10:00,174,137,37,0,39.8,12.55
2017-04-15 21:15:00,145,113,32,0,41.5,9.75
2017-04-15 21:20:00,168,139,29,0,35.1,13.57
2017-04-15 21:25:00,153,109,43,1,36.5,19.58
2017-04-15 21:30:00,183,142,37,4,35.7,15.08
2017-04-15 21:35:00,171,143,28,0,41.7,11.42
2017-04-15 21:40:00,163,142,21,0,40.5,9.66
2017-04-15 21:45:00,177,141,33,3,39.0,16.39
2017-04-15 21:50:00,162,117,42,3,41.5,9.53
2017-04-15 21:55:00,138,105,28,5,39.3,10.72
2017-04-15 22:00:00,138,114,23,1,43.9,7.23
2017-04-15 22:05:00,147,117,29,1,40.2,9.33
2017-04-15 22:10:00,166,137,28,1,39.5,10.04
2017-04-15 22:15:00,150,111,38,1,44.6,9.53
2017-04-15 22:20:00,135,108,27,0,43.3,7.0
2017-04-15 22:25:00,137,113,24,0,43.3,7.92
2017-04-15 22:30:00,124,98,26,0,46.6,6.15
2017-04-15 22:35:00,155,116,33,6,38.4,15.69
2017-04-15 22:40:00,117,90,27,0,47.9,5.66
2017-04-15 22:45:00,115,93,20,2,45.9,7.73
2017-04-15 22:50:00,150,118,31,1,44.1,8.66
2017-04-15 22:55:00,151,118,32,1,45.4,9.96
2017-04-15 23:00:00,123,99,23,1,49.7,5.92
2017-04-15 23:05:00,146,109,35,2,43.0,10.58
2017-04-15 23:10:00,105,89,16,0,50.8,5.16
2017-04-15 23:15:00,117,99,18,0,47.3,6.05
2017-04-15 23:20:00,93,74,17,2,54.6,3.83
2017-04-15 23:25:00,99,76,22,1,49.3,5.38
2017-04-15 23:30:00,91,67,24,0,49.5,5.64
2017-04-15 23:35:00,95,66,28,1,52.9,4.89
2017-04-15 23:40:00,86,71,15,0,55.3,4.2
2017-04-15 23:45:00,136,107,29,0,50.5,7.24
2017-04-15 23:50:00,125,101,23,1,50.6,6.99
2017-04-15 23:55:00,100,69,31,0,56.4,4.8
2017-04-16 00:00:00,88,60,28,0,54.5,4.36
2017-04-16 00:05:00,78,66,11,1,52.5,3.48
2017-04-16 00:10:00,92,75,17,0,51.8,4.25
2017-04-16 00:15:00,88,60,28,0,56.8,4.21
2017-04-16 00:20:00,101,83,18,0,49.6,5.72
2017-04-16 00:25:00,77,62,15,0,52.4,3.87
2017-04-16 00:30:00,81,65,15,1,59.9,3.66
2017-04-16 00:35:00,80,61,18,1,56.1,3.65
2017-04-16 00:40:00,81,63,18,0,52.7,3.91
2017-04-16 00:45:00,91,76,14,1,53.9,4.43
2017-04-16 00:50:00,87,59,28,0,59.5,3.84
2017-04-16 00:55:00,66,55,11,0,57.9,7.49
2017-04-16 01:00:00,69,56,13,0,58.3,4.51
2017-04-16 01:05:00,61,49,12,0,55.5,2.98
2017-04-16 01:10:00,76,57,19,0,61.6,3.55
2017-04-16 01:15:00,69,51,18,0,57.9,3.2
2017-04-16 01:20:00,64,46,18,0,60.3,2.87
2017-04-16 01:25:00,77,64,13,0,59.2,3.56
2017-04-16 01:30:00,59,46,13,0,54.8,3.06
2017-04-16 01:35:00,52,42,10,0,55.2,2.28
2017-04-16 01:40:00,59,43,16,0,58.4,2.67
2017-04-16 01:45:00,51,41,10,0,58.4,2.44
2017-04-16 01:50:00,60,45,15,0,58.6,2.67
2017-04-16 01:55:00,47,35,12,0,60.8,3.23
2017-04-16 02:00:00,72,53,19,0,60.2,3.19
2017-04-16 02:05:00,77,55,21,1,56.9,3.6
2017-04-16 02:10:00,47,30,17,0,62.1,2.05
2017-04-16 02:15:00,62,46,16,0,59.8,7.29
2017-04-16 02:20:00,56,41,15,0,63.9,2.53
2017-04-16 02:25:00,47,37,10,0,56.5,2.49
2017-04-16 02:30:00,53,37,14,2,63.0,2.59
2017-04-16 02:35:00,40,31,9,0,68.0,2.03
2017-04-16 02:40:00,32,26,6,0,75.9,1.41
2017-04-16 02:45:00,39,31,8,0,71.7,1.48
2017-04-16 02:50:00,59,47,12,0,61.9,2.52
2017-04-16 02:55:00,34,21,13,0,66.3,1.54
2017-04-16 03:00:00,46,31,15,0,62.6,2.07
2017-04-16 03:05:00,63,44,19,0,63.7,2.86
2017-04-16 03:10:00,47,34,13,0,68.6,2.06
2017-04-16 03:15:00,48,30,18,0,68.0,2.03
2017-04-16 03:20:00,37,29,8,0,63.6,1.46
2017-04-16 03:25:00,40,31,9,0,65.1,1.58
2017-04-16 03:30:00,44,37,7,0,61.2,1.8
2017-04-16 03:35:00,31,24,6,1,62.7,1.52
2017-04-16 03:40:00,40,33,6,1,63.1,18.83
2017-04-16 03:45:00,30,21,8,1,65.8,1.7
2017-04-16 03:50:00,39,29,10,0,71.4,1.69
2017-04-16 03:55:00,27,20,7,0,71.3,1.12
2017-04-16 04:00:00,41,33,8,0,58.0,1.85
2017-04-16 04:05:00,42,30,12,0,62.8,2.15
2017-04-16 04:10:00,41,34,7,0,65.3,1.63
2017-04-16 04:15:00,25,20,5,0,61.0,0.97
2017-04-16 04:20:00,50,34,15,1,60.3,2.03
2017-04-16 04:25:00,35,24,11,0,59.1,1.66
2017-04-16 04:30:00,37,28,9,0,61.3,5.95
2017-04-16 04:35:00,33,25,7,1,56.0,2.06
2017-04-16 04:40:00,31,24,7,0,60.9,1.21
2017-04-16 04:45:00,29,23,6,0,59.7,1.23
2017-04-16 04:50:00,39,27,12,0,64.2,1.61
2017-04-16 04:55:00,44,33,11,0,62.3,5.37
2017-04-16 05:00:00,37,32,5,0,62.0,2.05
2017-04-16 05:05:00,27,20,7,0,62.9,1.21
2017-04-16 05:10:00,29,22,7,0,65.5,1.31
2017-04-16 05:15:00,40,26,14,0,61.1,1.75
2017-04-16 05:20:00,38,27,10,1,59.0,1.57
2017-04-16 05:25:00,44,35,9,0,63.2,1.83
2017-04-16 05:30:00,27,19,8,0,57.6,2.17
2017-04-16 05:35:00,56,48,8,0,61.2,2.3
2017-04-16 05:40:00,49,34,14,1,60.5,2.56
2017-04-16 05:45:00,49,38,10,1,60.8,2.8
2017-04-16 05:50:00,43,37,6,0,54.5,1.92
2017-04-16 05:55:00,61,51,10,0,53.7,2.7
2017-04-16 06:00:00,59,50,9,0,62.3,2.25
2017-04-16 06:05:00,76,69,7,0,52.7,3.14
2017-04-16 06:10:00,50,39,11,0,62.7,1.91
2017-04-16 06:15:00,44,32,11,1,50.2,2.0
2017-04-16 06:20:00,62,48,14,0,57.4,3.13
2017-04-16 06:25:00,64,49,14,1,54.6,3.28
2017-04-16 06:30:00,66,56,10,0,50.8,3.27
2017-04-16 06:35:00,71,58,13,0,54.5,3.44
2017-04-16 06:40:00,71,57,12,2,61.0,2.84
2017-04-16 06:45:00,75,64,11,0,55.7,3.25
2017-04-16 06:50:00,52,43,8,1,54.3,2.61
2017-04-16 06:55:00,53,44,8,1,58.8,2.29
2017-04-16 07:00:00,74,64,9,1,48.1,3.85
2017-04-16 07:05:00,42,32,9,1,52.6,1.99
2017-04-16 07:10:00,78,56,21,1,60.0,3.01
2017-04-16 07:15:00,52,39,13,0,61.2,1.78
2017-04-16 07:20:00,66,56,10,0,58.5,2.77
2017-04-16 07:25:00,60,53,5,2,61.8,2.16
2017-04-16 07:30:00,44,32,11,1,61.4,1.73
2017-04-16 07:35:00,54,43,10,1,64.9,1.94
2017-04-16 07:40:00,59,48,9,2,59.4,2.1
2017-04-16 07:45:00,56,44,12,0,56.6,2.27
2017-04-16 07:50:00,56,51,5,0,61.6,2.02
2017-04-16 07:55:00,70,61,7,2,60.9,2.57
2017-04-16 08:00:00,68,57,11,0,55.0,2.74
2017-04-16 08:05:00,89,81,7,1,56.4,3.13
2017-04-16 08:10:00,93,85,8,0,59.0,3.37
2017-04-16 08:15:00,80,65,14,1,53.6,3.09
2017-04-16 08:20:00,107,89,17,1,56.0,4.26
2017-04-16 08:25:00,116,101,14,1,55.3,4.46
2017-04-16 08:30:00,108,91,16,1,56.7,4.25
2017-04-16 08:35:00,145,118,26,1,53.9,6.04
2017-04-16 08:40:00,139,119,19,1,50.3,6.03
2017-04-16 08:45:00,119,102,16,1,51.8,5.24
2017-04-16 08:50:00,134,118,13,3,53.7,5.52
2017-04-16 08:55:00,135,112,21,2,51.3,5.68
2017-04-16 09:00:00,113,101,11,1,50.5,4.41
2017-04-16 09:05:00,149,132,14,3,48.8,5.96
2017-04-16 09:10:00,124,103,17,4,52.0,4.82
2017-04-16 09:15:00,98,85,12,1,52.6,3.75
2017-04-16 09:20:00,140,118,19,3,53.4,5.62
2017-04-16 09:25:00,123,95,26,2,53.2,5.22
2017-04-16 09:30:00,118,102,14,2,52.1,4.68
2017-04-16 09:35:00,137,122,14,1,53.5,5.5
2017-04-16 09:40:00,148,137,10,1,51.5,5.87
2017-04-16 09:45:00,133,113,19,1,46.1,6.6
2017-04-16 09:50:00,157,138,15,4,48.5,6.71
2017-04-16 09:55:00,161,140,19,2,47.9,6.87
2017-04-16 10:00:00,130,114,14,2,49.1,5.48
2017-04-16 10:05:00,195,168,24,3,40.1,10.42
2017-04-16 10:10:00,183,166,17,0,46.9,7.65
2017-04-16 10:15:00,138,127,11,0,47.7,5.65
2017-04-16 10:20:00,155,130,23,2,49.7,6.86
2017-04-16 10:25:00,158,142,15,1,50.7,6.54
2017-04-16 10:30:00,142,126,16,0,44.7,6.49
2017-04-16 10:35:00,185,164,20,1,51.4,7.52
2017-04-16 10:40:00,158,136,20,2,50.2,6.82
2017-04-16 10:45:00,160,146,13,1,46.3,6.86
2017-04-16 10:50:00,178,161,16,1,46.7,8.82
2017-04-16 10:55:00,153,131,20,2,51.4,6.22
2017-04-16 11:00:00,125,112,12,1,51.5,5.8
2017-04-16 11:05:00,179,165,11,3,52.2,7.13
2017-04-16 11:10:00,146,128,16,2,48.4,6.19
2017-04-16 11:15:00,144,118,25,1,41.1,7.76
2017-04-16 11:20:00,187,163,22,2,46.3,8.85
2017-04-16 11:25:00,154,138,15,1,51.6,6.45
2017-04-16 11:30:00,129,121,7,1,48.9,5.58
2017-04-16 11:35:00,169,148,16,5,48.3,6.96
2017-04-16 11:40:00,159,138,17,4,48.8,7.49
2017-04-16 11:45:00,141,123,14,4,47.2,6.31
2017-04-16 11:50:00,180,159,21,0,45.0,8.94
2017-04-16 11:55:00,151,130,20,1,46.3,6.49
2017-04-16 12:00:00,131,110,19,2,50.7,5.48
2017-04-16 12:05:00,176,163,11,2,46.3,7.62
2017-04-16 12:10:00,156,137,14,5,44.2,7.23
2017-04-16 12:15:00,115,101,12,2,43.0,4.81
2017-04-16 12:20:00,177,163,11,3,47.5,6.86
2017-04-16 12:25:00,143,127,10,6,46.0,6.79
2017-04-16 12:30:00,174,152,19,3,41.3,8.01
2017-04-16 12:35:00,197,176,18,3,42.4,8.58
2017-04-16 12:40:00,172,156,13,3,44.0,6.89
2017-04-16 12:45:00,179,166,13,0,39.8,8.46
2017-04-16 12:50:00,186,165,17,4,43.3,8.52
2017-04-16 12:55:00,167,140,25,2,43.7,7.33
2017-04-16 13:00:00,138,122,12,4,45.4,5.77
2017-04-16 13:05:00,193,177,13,3,41.5,8.57
2017-04-16 13:10:00,188,172,13,3,34.7,14.5
2017-04-16 13:15:00,171,149,16,6,39.2,7.95
2017-04-16 13:20:00,196,174,18,4,45.3,7.99
2017-04-16 13:25:00,196,171,23,2,36.1,10.96
2017-04-16 13:30:00,172,154,15,3,35.4,9.46
2017-04-16 13:35:00,196,176,16,4,43.9,9.13
2017-04-16 13:40:00,190,173,17,0,37.5,8.9
2017-04-16 13:45:00,175,158,14,3,37.6,9.62
2017-04-16 13:50:00,191,166,22,3,44.2,8.48
2017-04-16 13:55:00,185,157,27,1,33.6,12.83
2017-04-16 14:00:00,173,147,25,1,35.0,14.36
2017-04-16 14:05:00,190,160,28,2,38.2,11.36
2017-04-16 14:10:00,177,143,34,0,32.1,13.55
2017-04-16 14:15:00,181,145,34,2,39.6,10.68
2017-04-16 14:20:00,188,162,26,0,45.8,9.29
2017-04-16 14:25:00,205,177,26,2,42.1,10.54
2017-04-16 14:30:00,196,165,31,0,38.1,12.56
2017-04-16 14:35:00,195,167,27,1,40.5,11.23
2017-04-16 14:40:00,194,167,26,1,35.9,13.38
2017-04-16 14:45:00,147,132,14,1,45.6,6.42
2017-04-16 14:50:00,184,166,17,1,46.2,7.65
2017-04-16 14:55:00,179,152,22,5,43.2,7.79
2017-04-16 15:00:00,180,155,24,1,39.3,9.51
2017-04-16 15:05:00,188,160,25,3,34.7,11.19
2017-04-16 15:10:00,179,156,21,2,35.5,12.28
2017-04-16 15:15:00,165,136,26,3,36.0,13.02
2017-04-16 15:20:00,206,176,25,5,43.9,9.63
2017-04-16 15:25:00,172,157,13,2,44.3,7.93
2017-04-16 15:30:00,138,123,14,1,45.8,6.05
2017-04-16 15:35:00,184,164,20,0,44.5,8.97
2017-04-16 15:40:00,158,140,15,3,45.6,7.18
2017-04-16 15:45:00,143,114,26,3,45.4,6.79
2017-04-16 15:50:00,188,162,23,3,47.8,7.67
2017-04-16 15:55:00,155,134,20,1,52.0,6.36
2017-04-16 16:00:00,155,125,24,6,43.5,7.01
2017-04-16 16:05:00,192,170,18,4,45.3,7.9
2017-04-16 16:10:00,177,154,20,3,45.8,7.77
2017-04-16 16:15:00,125,102,20,3,47.6,5.77
2017-04-16 16:20:00,167,149,15,3,46.7,7.65
2017-04-16 16:25:00,138,116,18,4,49.3,5.75
2017-04-16 16:30:00,141,124,13,4,45.8,6.16
2017-04-16 16:35:00,194,173,19,2,43.9,8.95
2017-04-16 16:40:00,147,132,15,0,49.4,6.48
2017-04-16 16:45:00,124,105,19,0,47.9,6.0
2017-04-16 16:50:00,147,121,25,1,45.6,7.42
2017-04-16 16:55:00,160,146,11,3,45.5,6.64
2017-04-16 17:00:00,142,130,11,1,47.1,6.16
2017-04-16 17:05:00,152,135,16,1,47.8,6.58
2017-04-16 17:10:00,167,150,14,3,46.6,7.15
2017-04-16 17:15:00,136,128,6,2,47.6,5.82
2017-04-16 17:20:00,180,168,9,3,47.1,7.67
2017-04-16 17:25:00,162,147,13,2,49.4,7.05
2017-04-16 17:30:00,138,125,11,2,45.6,6.25
2017-04-16 17:35:00,178,153,22,3,49.6,7.61
2017-04-16 17:40:00,164,146,17,1,45.8,7.1
2017-04-16 17:45:00,131,112,17,2,48.7,5.67
2017-04-16 17:50:00,177,158,19,0,47.4,8.41
2017-04-16 17:55:00,172,151,19,2,48.7,7.83
2017-04-16 18:00:00,140,124,15,1,48.5,6.58
2017-04-16 18:05:00,161,146,14,1,51.9,6.78
2017-04-16 18:10:00,145,126,19,0,50.5,6.36
2017-04-16 18:15:00,124,112,10,2,51.0,5.05
2017-04-16 18:20:00,170,154,16,0,50.0,7.12
2017-04-16 18:25:00,182,162,19,1,50.1,7.77
2017-04-16 18:30:00,131,121,9,1,52.1,5.43
2017-04-16 18:35:00,190,179,10,1,46.1,8.96
2017-04-16 18:40:00,167,148,18,1,49.6,7.33
2017-04-16 18:45:00,115,97,18,0,50.4,4.92
2017-04-16 18:50:00,157,143,12,2,50.8,6.88
2017-04-16 18:55:00,124,111,13,0,51.6,5.36
2017-04-16 19:00:00,123,102,21,0,47.9,5.71
2017-04-16 19:05:00,152,127,21,4,50.0,6.75
2017-04-16 19:10:00,165,147,17,1,46.8,8.1
2017-04-16 19:15:00,151,127,24,0,45.4,6.78
2017-04-16 19:20:00,163,139,24,0,47.3,7.85
2017-04-16 19:25:00,160,131,28,1,48.3,7.25
2017-04-16 19:30:00,155,126,29,0,47.4,7.72
2017-04-16 19:35:00,166,144,21,1,48.6,7.81
2017-04-16 19:40:00,156,125,27,4,48.9,7.39
2017-04-16 19:45:00,116,98,18,0,47.7,6.73
2017-04-16 19:50:00,163,133,28,2,48.0,8.37
2017-04-16 19:55:00,175,142,32,1,44.7,9.33
2017-04-16 20:00:00,117,92,25,0,47.3,6.14
2017-04-16 20:05:00,187,161,25,1,46.4,9.67
2017-04-16 20:10:00,188,156,31,1,44.0,11.81
2017-04-16 20:15:00,145,114,31,0,46.8,8.79
2017-04-16 20:20:00,117,97,20,0,47.1,10.02
2017-04-16 20:25:00,146,120,26,0,49.4,6.56
2017-04-16 20:30:00,119,98,21,0,52.8,5.49
2017-04-16 20:35:00,202,169,31,2,44.4,10.93
2017-04-16 20:40:00,166,136,30,0,47.8,10.01
2017-04-16 20:45:00,171,132,39,0,45.9,9.72
2017-04-16 20:50:00,195,170,25,0,46.0,9.63
2017-04-16 20:55:00,123,102,20,1,47.8,7.67
2017-04-16 21:00:00,115,98,17,0,46.5,5.32
2017-04-16 21:05:00,187,155,32,0,41.3,10.85
2017-04-16 21:10:00,176,142,33,1,36.4,14.74
2017-04-16 21:15:00,155,122,30,3,37.5,11.41
2017-04-16 21:20:00,129,103,25,1,40.6,7.03
2017-04-16 21:25:00,122,102,20,0,42.9,6.34
2017-04-16 21:30:00,170,132,33,5,36.0,12.0
2017-04-16 21:35:00,161,122,37,2,42.8,9.42
2017-04-16 21:40:00,121,102,19,0,45.3,6.12
2017-04-16 21:45:00,113,87,26,0,49.6,5.44
2017-04-16 21:50:00,142,104,34,4,44.9,9.13
2017-04-16 21:55:00,108,83,25,0,45.5,5.22
2017-04-16 22:00:00,94,78,15,1,50.9,4.52
2017-04-16 22:05:00,104,79,25,0,49.7,5.29
2017-04-16 22:10:00,149,122,27,0,42.1,8.77
2017-04-16 22:15:00,135,106,29,0,47.8,7.4
2017-04-16 22:20:00,108,91,17,0,48.8,5.26
2017-04-16 22:25:00,112,87,25,0,49.2,6.47
2017-04-16 22:30:00,89,64,24,1,50.0,4.46
2017-04-16 22:35:00,96,79,17,0,52.4,4.31
2017-04-16 22:40:00,91,69,22,0,50.3,4.2
2017-04-16 22:45:00,85,67,16,2,55.1,5.47
2017-04-16 22:50:00,105,80,24,1,46.2,6.42
2017-04-16 22:55:00,102,82,20,0,50.0,5.69
2017-04-16 23:00:00,80,61,19,0,54.9,4.1
2017-04-16 23:05:00,107,84,23,0,53.1,5.25
2017-04-16 23:10:00,82,65,17,0,55.0,3.64
2017-04-16 23:15:00,74,61,13,0,53.3,3.23
2017-04-16 23:20:00,82,67,14,1,53.4,4.07
2017-04-16 23:25:00,66,49,17,0,54.2,3.17
2017-04-16 23:30:00,80,62,18,0,53.9,3.82
2017-04-16 23:35:00,88,72,16,0,53.9,4.3
2017-04-16 23:40:00,68,48,19,1,56.4,2.9
2017-04-16 23:45:00,62,51,11,0,61.1,2.81
2017-04-16 23:50:00,66,55,11,0,59.1,2.78
2017-04-16 23:55:00,73,56,17,0,55.0,3.45
2017-04-17 00:00:00,63,46,16,1,56.2,2.91
2017-04-17 00:05:00,40,32,8,0,58.6,1.77
2017-04-17 00:10:00,88,67,20,1,53.7,4.7
2017-04-17 00:15:00,78,59,18,1,56.1,3.7
2017-04-17 00:20:00,65,50,15,0,54.0,3.22
2017-04-17 00:25:00,65,53,12,0,52.8,3.15
2017-04-17 00:30:00,60,41,19,0,56.2,2.7
2017-04-17 00:35:00,78,61,16,1,57.7,3.89
2017-04-17 00:40:00,51,36,15,0,60.0,2.24
2017-04-17 00:45:00,61,51,10,0,59.6,3.95
2017-04-17 00:50:00,51,38,13,0,56.9,2.7
2017-04-17 00:55:00,29,24,5,0,54.9,1.32
2017-04-17 01:00:00,30,23,7,0,58.2,1.3
2017-04-17 01:05:00,31,23,8,0,61.6,1.39
2017-04-17 01:10:00,45,39,6,0,59.1,1.94
2017-04-17 01:15:00,32,28,4,0,59.0,1.42
2017-04-17 01:20:00,40,30,10,0,57.1,2.04
2017-04-17 01:25:00,40,30,10,0,53.7,1.89
2017-04-17 01:30:00,42,27,15,0,59.8,1.97
2017-04-17 01:35:00,28,21,7,0,56.5,8.73
2017-04-17 01:40:00,35,28,7,0,57.6,8.72
2017-04-17 01:45:00,38,29,9,0,63.6,1.74
2017-04-17 01:50:00,22,18,4,0,63.1,0.99
2017-04-17 01:55:00,24,19,5,0,71.4,0.96
2017-04-17 02:00:00,34,26,7,1,65.0,1.37
2017-04-17 02:05:00,53,40,12,1,55.2,2.49
2017-04-17 02:10:00,30,19,11,0,60.8,1.36
2017-04-17 02:15:00,19,10,9,0,61.5,0.91
2017-04-17 02:20:00,27,21,6,0,61.7,1.22
2017-04-17 02:25:00,28,23,5,0,60.3,1.44
2017-04-17 02:30:00,41,32,9,0,60.3,1.81
2017-04-17 02:35:00,27,19,8,0,57.7,1.27
2017-04-17 02:40:00,34,26,8,0,57.5,1.27
2017-04-17 02:45:00,23,18,5,0,63.4,1.0
2017-04-17 02:50:00,17,12,5,0,59.9,0.59
2017-04-17 02:55:00,26,20,6,0,69.0,1.16
2017-04-17 03:00:00,25,19,6,0,60.3,1.08
2017-04-17 03:05:00,19,17,2,0,59.9,1.1
2017-04-17 03:10:00,24,20,4,0,60.7,1.1
2017-04-17 03:15:00,25,17,8,0,70.0,1.02
2017-04-17 03:20:00,22,18,4,0,54.8,0.99
2017-04-17 03:25:00,14,10,4,0,70.2,0.72
2017-04-17 03:30:00,14,12,2,0,57.6,0.65
2017-04-17 03:35:00,21,13,8,0,70.3,0.96
2017-04-17 03:40:00,21,16,5,0,70.4,0.86
2017-04-17 03:45:00,21,12,9,0,64.7,0.93
2017-04-17 03:50:00,14,10,4,0,58.4,0.74
2017-04-17 03:55:00,19,15,4,0,58.8,0.82
2017-04-17 04:00:00,21,17,4,0,55.5,0.98
2017-04-17 04:05:00,19,16,3,0,59.9,0.76
2017-04-17 04:10:00,21,11,10,0,61.0,1.09
2017-04-17 04:15:00,20,14,5,1,59.0,0.88
2017-04-17 04:20:00,19,14,5,0,59.8,0.83
2017-04-17 04:25:00,20,14,6,0,55.7,0.87
2017-04-17 04:30:00,31,22,8,1,58.9,1.49
2017-04-17 04:35:00,19,13,6,0,57.3,0.92
2017-04-17 04:40:00,18,16,2,0,61.3,0.77
2017-04-17 04:45:00,28,24,4,0,56.0,1.2
2017-04-17 04:50:00,28,21,7,0,55.8,1.16
2017-04-17 04:55:00,29,25,4,0,60.1,1.28
2017-04-17 05:00:00,25,23,2,0,59.7,0.98
2017-04-17 05:05:00,15,11,4,0,58.2,0.55
2017-04-17 05:10:00,19,16,3,0,59.0,0.92
2017-04-17 05:15:00,20,15,5,0,52.8,1.22
2017-04-17 05:20:00,27,20,7,0,58.7,1.24
2017-04-17 05:25:00,37,25,12,0,60.9,1.66
2017-04-17 05:30:00,33,21,12,0,67.9,1.4
2017-04-17 05:35:00,36,27,9,0,50.8,1.82
2017-04-17 05:40:00,32,24,8,0,51.7,1.78
2017-04-17 05:45:00,38,26,11,1,49.9,2.09
2017-04-17 05:50:00,50,35,15,0,56.5,2.56
2017-04-17 05:55:00,38,30,8,0,55.4,1.65
2017-04-17 06:00:00,44,30,12,2,55.1,2.0
2017-04-17 06:05:00,72,58,13,1,58.0,3.4
2017-04-17 06:10:00,56,45,10,1,54.1,2.63
2017-04-17 06:15:00,60,43,17,0,57.8,2.57
2017-04-17 06:20:00,64,48,15,1,58.0,2.89
2017-04-17 06:25:00,70,53,15,2,44.8,3.39
2017-04-17 06:30:00,75,55,17,3,49.4,3.51
2017-04-17 06:35:00,60,49,10,1,50.8,2.88
2017-04-17 06:40:00,101,79,21,1,45.8,5.54
2017-04-17 06:45:00,97,78,19,0,53.7,4.49
2017-04-17 06:50:00,72,56,15,1,51.7,3.37
2017-04-17 06:55:00,103,81,22,0,47.4,5.39
2017-04-17 07:00:00,109,91,16,2,47.2,5.75
2017-04-17 07:05:00,153,128,25,0,52.2,6.3
2017-04-17 07:10:00,108,94,13,1,48.5,4.66
2017-04-17 07:15:00,151,126,24,1,52.6,6.56
2017-04-17 07:20:00,181,148,30,3,49.7,7.78
2017-04-17 07:25:00,136,113,22,1,51.2,5.99
2017-04-17 07:30:00,170,141,28,1,51.4,8.16
2017-04-17 07:35:00,233,197,35,1,48.9,10.91
2017-04-17 07:40:00,166,150,14,2,50.0,7.12
2017-04-17 07:45:00,181,156,24,1,49.9,8.04
2017-04-17 07:50:00,213,181,31,1,51.4,9.76
2017-04-17 07:55:00,162,131,30,1,48.3,7.55
2017-04-17 08:00:00,200,172,27,1,46.0,9.39
2017-04-17 08:05:00,223,196,25,2,47.3,9.93
2017-04-17 08:10:00,176,151,25,0,45.5,8.56
2017-04-17 08:15:00,219,192,23,4,45.4,10.13
2017-04-17 08:20:00,230,206,24,0,47.5,10.55
2017-04-17 08:25:00,185,168,16,1,45.1,9.41
2017-04-17 08:30:00,185,156,28,1,48.7,8.61
2017-04-17 08:35:00,217,198,19,0,49.1,9.73
2017-04-17 08:40:00,168,149,17,2,45.6,7.83
2017-04-17 08:45:00,141,126,15,0,51.4,5.79
2017-04-17 08:50:00,157,132,21,4,55.0,6.09
2017-04-17 08:55:00,119,105,13,1,50.9,4.77
2017-04-17 09:00:00,143,124,19,0,47.0,7.29
2017-04-17 09:05:00,144,120,23,1,49.4,6.91
2017-04-17 09:10:00,124,106,18,0,49.7,5.32
2017-04-17 09:15:00,145,124,21,0,49.0,6.8
2017-04-17 09:20:00,220,188,31,1,47.9,10.54
2017-04-17 09:25:00,139,121,17,1,46.8,6.62
2017-04-17 09:30:00,180,156,24,0,46.3,8.69
2017-04-17 09:35:00,172,150,21,1,43.9,8.69
2017-04-17 09:40:00,181,156,25,0,47.8,8.5
2017-04-17 09:45:00,183,156,26,1,41.6,10.31
2017-04-17 09:50:00,156,134,21,1,45.8,7.78
2017-04-17 09:55:00,153,131,22,0,47.5,7.4
2017-04-17 10:00:00,151,121,26,4,43.8,8.07
2017-04-17 10:05:00,134,104,29,1,45.1,6.94
2017-04-17 10:10:00,172,142,28,2,44.6,8.5
2017-04-17 10:15:00,166,131,33,2,45.8,8.35
2017-04-17 10:20:00,159,128,30,1,45.3,7.56
2017-04-17 10:25:00,174,156,15,3,40.1,9.1
2017-04-17 10:30:00,173,133,36,4,40.4,9.34
2017-04-17 10:35:00,133,117,16,0,45.0,6.53
2017-04-17 10:40:00,159,136,21,2,44.1,8.22
2017-04-17 10:45:00,170,144,24,2,42.2,9.44
2017-04-17 10:50:00,167,146,19,2,42.7,9.27
2017-04-17 10:55:00,157,126,30,1,45.3,7.68
2017-04-17 11:00:00,177,142,35,0,43.8,9.33
2017-04-17 11:05:00,178,143,32,3,41.5,11.11
2017-04-17 11:10:00,168,138,28,2,42.8,8.97
2017-04-17 11:15:00,150,132,17,1,43.2,7.47
2017-04-17 11:20:00,157,128,27,2,42.5,8.4
2017-04-17 11:25:00,140,110,29,1,43.3,7.98
2017-04-17 11:30:00,159,131,26,2,42.8,8.16
2017-04-17 11:35:00,164,138,21,5,43.5,8.82
2017-04-17 11:40:00,142,119,20,3,44.1,6.61
2017-04-17 11:45:00,170,142,24,4,42.0,9.38
2017-04-17 11:50:00,159,139,18,2,42.0,8.52
2017-04-17 11:55:00,144,127,14,3,46.3,6.56
2017-04-17 12:00:00,138,117,17,4,47.2,7.11
2017-04-17 12:05:00,134,118,14,2,42.7,6.59
2017-04-17 12:10:00,134,112,18,4,45.3,6.59
2017-04-17 12:15:00,134,120,14,0,45.9,5.98
2017-04-17 12:20:00,146,126,19,1,47.4,6.45
2017-04-17 12:25:00,139,116,19,4,45.4,6.73
2017-04-17 12:30:00,165,145,18,2,44.3,7.45
2017-04-17 12:35:00,157,137,20,0,41.3,7.63
2017-04-17 12:40:00,133,119,13,1,47.1,5.62
2017-04-17 12:45:00,146,129,15,2,46.1,6.77
2017-04-17 12:50:00,148,132,15,1,47.8,6.35
2017-04-17 12:55:00,143,124,14,5,42.7,7.1
2017-04-17 13:00:00,168,146,20,2,41.4,7.78
2017-04-17 13:05:00,136,112,20,4,45.7,6.41
2017-04-17 13:10:00,119,102,13,4,46.9,5.07
2017-04-17 13:15:00,124,103,19,2,45.5,5.63
2017-04-17 13:20:00,127,103,18,6,45.0,5.81
2017-04-17 13:25:00,153,137,13,3,33.9,10.85
2017-04-17 13:30:00,151,140,9,2,40.7,6.71
2017-04-17 13:35:00,156,141,14,1,41.2,7.45
2017-04-17 13:40:00,162,142,13,7,43.3,7.55
2017-04-17 13:45:00,164,144,19,1,44.3,7.41
2017-04-17 13:50:00,145,131,12,2,43.0,6.83
2017-04-17 13:55:00,142,119,22,1,43.8,6.63
2017-04-17 14:00:00,149,131,14,4,43.3,6.55
2017-04-17 14:05:00,157,127,25,5,46.6,6.62
2017-04-17 14:10:00,159,142,14,3,43.7,6.79
2017-04-17 14:15:00,157,133,23,1,46.0,6.89
2017-04-17 14:20:00,177,140,32,5,45.4,8.13
2017-04-17 14:25:00,155,130,21,4,46.7,6.79
2017-04-17 14:30:00,154,131,17,6,45.1,7.01
2017-04-17 14:35:00,138,130,7,1,43.3,6.41
2017-04-17 14:40:00,134,114,17,3,44.3,6.01
2017-04-17 14:45:00,169,147,21,1,39.2,9.0
2017-04-17 14:50:00,164,141,19,4,44.7,7.14
2017-04-17 14:55:00,170,148,21,1,44.7,7.37
2017-04-17 15:00:00,160,135,23,2,46.9,7.05
2017-04-17 15:05:00,151,125,26,0,48.1,6.9
2017-04-17 15:10:00,141,120,21,0,46.6,6.71
2017-04-17 15:15:00,149,121,23,5,46.9,6.89
2017-04-17 15:20:00,138,120,17,1,43.3,6.31
2017-04-17 15:25:00,170,155,13,2,41.4,20.18
2017-04-17 15:30:00,169,146,22,1,44.7,8.06
2017-04-17 15:35:00,162,145,15,2,44.3,7.69
2017-04-17 15:40:00,181,155,21,5,43.1,8.62
2017-04-17 15:45:00,159,132,27,0,47.0,7.33
2017-04-17 15:50:00,178,157,20,1,44.1,8.6
2017-04-17 15:55:00,132,109,21,2,46.6,6.26
2017-04-17 16:00:00,164,138,25,1,44.6,8.1
2017-04-17 16:05:00,154,130,24,0,43.6,7.22
2017-04-17 16:10:00,169,136,32,1,45.7,8.05
2017-04-17 16:15:00,159,130,28,1,46.5,7.26
2017-04-17 16:20:00,165,136,28,1,48.8,7.33
2017-04-17 16:25:00,177,141,35,1,45.2,8.51
2017-04-17 16:30:00,181,156,23,2,46.8,7.81
2017-04-17 16:35:00,159,127,28,4,44.0,8.73
2017-04-17 16:40:00,140,117,23,0,48.2,6.35
2017-04-17 16:45:00,157,131,25,1,42.2,8.04
2017-04-17 16:50:00,183,153,28,2,46.8,8.24
2017-04-17 16:55:00,156,132,24,0,49.1,7.21
2017-04-17 17:00:00,211,180,31,0,47.0,10.0
2017-04-17 17:05:00,128,102,24,2,44.9,6.56
2017-04-17 17:10:00,181,154,22,5,47.4,8.49
2017-04-17 17:15:00,156,142,12,2,45.1,6.64
2017-04-17 17:20:00,200,176,21,3,47.4,8.42
2017-04-17 17:25:00,156,140,13,3,50.1,5.81
2017-04-17 17:30:00,153,131,19,3,47.4,6.86
2017-04-17 17:35:00,214,182,26,6,47.7,8.91
2017-04-17 17:40:00,186,164,18,4,46.9,7.2
2017-04-17 17:45:00,169,147,19,3,49.5,7.11
2017-04-17 17:50:00,190,161,23,6,49.5,8.11
2017-04-17 17:55:00,177,150,23,4,48.8,7.69
2017-04-17 18:00:00,172,143,24,5,46.6,7.94
2017-04-17 18:05:00,168,149,13,6,50.0,6.63
2017-04-17 18:10:00,195,169,19,7,44.9,8.63
2017-04-17 18:15:00,174,154,14,6,47.9,8.02
2017-04-17 18:20:00,217,197,17,3,48.6,8.91
2017-04-17 18:25:00,214,194,18,2,43.3,10.55
2017-04-17 18:30:00,196,170,25,1,42.9,11.57
2017-04-17 18:35:00,223,193,28,2,47.6,9.83
2017-04-17 18:40:00,205,178,26,1,45.5,9.86
2017-04-17 18:45:00,188,143,37,8,44.4,9.51
2017-04-17 18:50:00,229,200,26,3,43.2,13.1
2017-04-17 18:55:00,199,176,22,1,48.7,8.82
2017-04-17 19:00:00,172,151,20,1,45.6,8.18
2017-04-17 19:05:00,208,178,27,3,44.9,9.64
2017-04-17 19:10:00,226,195,30,1,42.0,12.03
2017-04-17 19:15:00,165,146,19,0,46.5,6.99
2017-04-17 19:20:00,210,168,41,1,46.7,9.22
2017-04-17 19:25:00,175,142,33,0,49.8,8.05
2017-04-17 19:30:00,144,116,28,0,47.8,7.46
2017-04-17 19:35:00,166,136,27,3,49.4,8.54
2017-04-17 19:40:00,147,123,22,2,51.5,6.91
2017-04-17 19:45:00,141,105,34,2,48.4,7.38
2017-04-17 19:50:00,148,114,33,1,48.3,8.28
2017-04-17 19:55:00,147,117,29,1,51.0,6.53
2017-04-17 20:00:00,127,102,24,1,49.6,5.83
2017-04-17 20:05:00,179,130,47,2,49.4,8.11
2017-04-17 20:10:00,166,139,27,0,48.2,7.89
2017-04-17 20:15:00,141,114,27,0,47.5,6.47
2017-04-17 20:20:00,161,121,40,0,50.8,7.1
2017-04-17 20:25:00,150,117,32,1,50.8,6.57
2017-04-17 20:30:00,122,101,21,0,50.7,5.9
2017-04-17 20:35:00,156,128,28,0,50.2,7.78
2017-04-17 20:40:00,149,117,32,0,50.8,6.94
2017-04-17 20:45:00,114,91,23,0,50.3,4.82
2017-04-17 20:50:00,160,128,32,0,50.4,7.17
2017-04-17 20:55:00,169,134,34,1,48.7,8.07
2017-04-17 21:00:00,110,89,19,2,51.7,4.75
2017-04-17 21:05:00,182,149,33,0,46.1,9.4
2017-04-17 21:10:00,186,147,35,4,37.7,15.08
2017-04-17 21:15:00,172,134,34,4,37.7,12.57
2017-04-17 21:20:00,173,141,27,5,38.0,19.29
2017-04-17 21:25:00,160,119,39,2,41.7,9.9
2017-04-17 21:30:00,163,133,26,4,34.5,21.93
2017-04-17 21:35:00,176,126,48,2,41.5,11.51
2017-04-17 21:40:00,178,143,35,0,39.1,14.23
2017-04-17 21:45:00,158,123,35,0,42.1,9.3
2017-04-17 21:50:00,143,117,25,1,44.8,7.49
2017-04-17 21:55:00,147,111,35,1,42.0,9.15
2017-04-17 22:00:00,130,95,34,1,45.6,6.92
2017-04-17 22:05:00,137,104,33,0,41.8,8.32
2017-04-17 22:10:00,113,96,16,1,39.4,13.16
2017-04-17 22:15:00,156,117,38,1,42.6,9.13
2017-04-17 22:20:00,178,132,44,2,38.5,13.29
2017-04-17 22:25:00,116,92,24,0,47.4,6.49
2017-04-17 22:30:00,121,94,26,1,47.2,6.19
2017-04-17 22:35:00,120,93,26,1,47.1,7.13
2017-04-17 22:40:00,110,81,28,1,46.2,6.0
2017-04-17 22:45:00,88,70,17,1,46.1,5.89
2017-04-17 22:50:00,114,89,25,0,48.7,5.35
2017-04-17 22:55:00,106,77,28,1,49.3,5.43
2017-04-17 23:00:00,124,100,23,1,44.5,6.35
2017-04-17 23:05:00,114,92,21,1,49.9,5.2
2017-04-17 23:10:00,127,89,37,1,49.4,6.28
2017-04-17 23:15:00,79,61,18,0,55.2,3.38
2017-04-17 23:20:00,80,64,15,1,55.1,3.19
2017-04-17 23:25:00,79,60,19,0,52.2,3.77
2017-04-17 23:30:00,96,71,25,0,46.7,4.69
2017-04-17 23:35:00,105,76,28,1,52.6,5.07
2017-04-17 23:40:00,78,62,16,0,57.4,3.42
2017-04-17 23:45:00,76,58,18,0,56.9,3.19
2017-04-17 23:50:00,74,61,13,0,59.8,3.21
2017-04-17 23:55:00,84,65,19,0,56.4,3.46
2017-04-18 00:00:00,85,65,20,0,55.0,3.8
2017-04-18 00:05:00,80,56,24,0,56.6,3.74
2017-04-18 00:10:00,82,64,18,0,61.6,3.49
2017-04-18 00:15:00,85,62,21,2,57.2,3.61
2017-04-18 00:20:00,78,57,21,0,57.8,3.3
2017-04-18 00:25:00,65,41,24,0,59.8,2.73
2017-04-18 00:30:00,65,46,18,1,56.5,2.56
2017-04-18 00:35:00,66,53,13,0,54.1,3.05
2017-04-18 00:40:00,52,40,12,0,57.9,2.08
2017-04-18 00:45:00,59,50,9,0,55.5,2.54
2017-04-18 00:50:00,63,49,14,0,57.6,2.82
2017-04-18 00:55:00,44,32,12,0,57.3,2.03
2017-04-18 01:00:00,59,44,15,0,58.0,2.75
2017-04-18 01:05:00,47,36,11,0,52.5,2.18
2017-04-18 01:10:00,54,42,12,0,62.0,2.48
2017-04-18 01:15:00,27,18,9,0,66.4,1.11
2017-04-18 01:20:00,39,32,7,0,57.2,1.53
2017-04-18 01:25:00,57,44,13,0,62.6,2.22
2017-04-18 01:30:00,45,34,11,0,60.4,1.93
2017-04-18 01:35:00,40,31,9,0,57.2,1.63
2017-04-18 01:40:00,37,22,15,0,62.6,2.21
2017-04-18 01:45:00,45,36,9,0,55.0,2.07
2017-04-18 01:50:00,32,23,9,0,62.7,1.4
2017-04-18 01:55:00,32,23,9,0,67.5,1.25
2017-04-18 02:00:00,36,24,12,0,65.1,1.56
2017-04-18 02:05:00,43,31,12,0,61.0,1.88
2017-04-18 02:10:00,41,30,11,0,55.6,5.44
2017-04-18 02:15:00,33,26,6,1,53.7,12.29
2017-04-18 02:20:00,35,28,7,0,66.0,1.82
2017-04-18 02:25:00,30,26,4,0,60.8,1.09
2017-04-18 02:30:00,37,33,3,1,59.7,1.45
2017-04-18 02:35:00,35,24,11,0,62.0,1.57
2017-04-18 02:40:00,24,17,7,0,65.4,0.9
2017-04-18 02:45:00,29,22,7,0,60.6,1.16
2017-04-18 02:50:00,26,21,5,0,60.4,1.04
2017-04-18 02:55:00,28,23,5,0,63.8,1.18
2017-04-18 03:00:00,22,18,4,0,68.1,0.87
2017-04-18 03:05:00,34,23,11,0,63.0,1.3
2017-04-18 03:10:00,40,29,11,0,62.5,1.93
2017-04-18 03:15:00,39,31,8,0,64.9,1.66
2017-04-18 03:20:00,26,21,5,0,62.0,1.05
2017-04-18 03:25:00,23,15,8,0,62.9,0.99
2017-04-18 03:30:00,22,19,3,0,60.7,1.01
2017-04-18 03:35:00,24,16,8,0,59.4,1.09
2017-04-18 03:40:00,23,16,7,0,70.4,1.48
2017-04-18 03:45:00,20,15,5,0,69.1,0.85
2017-04-18 03:50:00,20,18,2,0,62.3,0.75
2017-04-18 03:55:00,17,11,5,1,62.0,0.87
2017-04-18 04:00:00,14,12,2,0,65.0,0.54
2017-04-18 04:05:00,24,19,5,0,58.2,1.02
2017-04-18 04:10:00,32,23,9,0,59.1,1.27
2017-04-18 04:15:00,23,18,5,0,64.3,0.99
2017-04-18 04:20:00,26,15,11,0,65.2,1.13
2017-04-18 04:25:00,27,19,8,0,61.7,1.05
2017-04-18 04:30:00,18,13,5,0,59.3,1.04
2017-04-18 04:35:00,22,16,6,0,58.1,0.92
2017-04-18 04:40:00,23,15,8,0,58.5,1.08
2017-04-18 04:45:00,21,16,5,0,54.9,0.98
2017-04-18 04:50:00,29,23,6,0,58.5,1.15
2017-04-18 04:55:00,31,19,11,1,62.8,1.23
2017-04-18 05:00:00,20,16,4,0,56.1,11.73
2017-04-18 05:05:00,30,21,9,0,58.5,1.27
2017-04-18 05:10:00,30,18,12,0,55.0,1.48
2017-04-18 05:15:00,37,27,10,0,57.7,1.69
2017-04-18 05:20:00,16,13,3,0,67.0,0.64
2017-04-18 05:25:00,26,20,6,0,50.3,1.28
2017-04-18 05:30:00,39,27,12,0,60.4,1.67
2017-04-18 05:35:00,43,28,14,1,52.7,2.45
2017-04-18 05:40:00,36,27,9,0,53.6,1.67
2017-04-18 05:45:00,43,37,6,0,58.8,1.78
2017-04-18 05:50:00,53,37,16,0,55.5,2.36
2017-04-18 05:55:00,37,29,6,2,49.1,1.95
2017-04-18 06:00:00,61,48,12,1,48.8,2.62
2017-04-18 06:05:00,62,48,12,2,57.9,2.61
2017-04-18 06:10:00,62,48,14,0,55.8,2.49
2017-04-18 06:15:00,71,58,12,1,52.7,3.26
2017-04-18 06:20:00,70,54,14,2,54.9,3.22
2017-04-18 06:25:00,84,65,18,1,47.2,4.1
2017-04-18 06:30:00,71,56,14,1,50.3,3.27
2017-04-18 06:35:00,96,71,24,1,52.6,4.49
2017-04-18 06:40:00,96,83,12,1,44.8,6.0
2017-04-18 06:45:00,85,67,17,1,49.8,3.87
2017-04-18 06:50:00,95,71,23,1,47.6,4.56
2017-04-18 06:55:00,87,62,24,1,53.2,4.05
2017-04-18 07:00:00,125,102,21,2,48.4,6.09
2017-04-18 07:05:00,122,97,24,1,55.6,4.78
2017-04-18 07:10:00,108,88,17,3,52.3,4.26
2017-04-18 07:15:00,140,116,24,0,56.1,5.54
2017-04-18 07:20:00,193,153,38,2,51.4,8.49
2017-04-18 07:25:00,134,110,22,2,53.1,5.31
2017-04-18 07:30:00,169,135,30,4,53.7,6.75
2017-04-18 07:35:00,210,179,29,2,53.3,8.41
2017-04-18 07:40:00,140,122,18,0,50.7,5.77
2017-04-18 07:45:00,170,154,15,1,53.3,6.45
2017-04-18 07:50:00,239,211,26,2,49.2,9.31
2017-04-18 07:55:00,161,136,24,1,51.5,6.41
2017-04-18 08:00:00,192,169,21,2,50.3,7.51
2017-04-18 08:05:00,235,205,28,2,51.7,9.5
2017-04-18 08:10:00,172,154,15,3,45.2,7.62
2017-04-18 08:15:00,196,177,19,0,49.1,7.91
2017-04-18 08:20:00,232,200,30,2,49.5,9.17
2017-04-18 08:25:00,167,149,16,2,46.2,7.15
2017-04-18 08:30:00,189,165,23,1,48.7,7.95
2017-04-18 08:35:00,224,202,19,3,49.2,9.47
2017-04-18 08:40:00,148,128,20,0,51.4,6.12
2017-04-18 08:45:00,143,120,22,1,53.1,5.88
2017-04-18 08:50:00,150,124,22,4,56.3,5.75
2017-04-18 08:55:00,135,111,24,0,54.0,5.37
2017-04-18 09:00:00,154,141,11,2,52.4,6.15
2017-04-18 09:05:00,181,150,29,2,53.1,7.42
2017-04-18 09:10:00,120,101,19,0,54.7,4.79
2017-04-18 09:15:00,154,126,28,0,51.4,6.39
2017-04-18 09:20:00,223,189,33,1,50.0,9.84
2017-04-18 09:25:00,162,136,25,1,49.9,6.49
2017-04-18 09:30:00,139,115,24,0,51.3,6.34
2017-04-18 09:35:00,144,128,15,1,54.6,5.7
2017-04-18 09:40:00,149,129,18,2,50.4,6.47
2017-04-18 09:45:00,195,167,25,3,45.6,9.74
2017-04-18 09:50:00,187,156,28,3,48.1,8.09
2017-04-18 09:55:00,148,122,24,2,51.9,6.07
2017-04-18 10:00:00,150,130,18,2,51.0,6.11
2017-04-18 10:05:00,161,137,24,0,48.2,7.54
2017-04-18 10:10:00,152,128,20,4,48.1,6.52
2017-04-18 10:15:00,170,143,25,2,47.0,7.56
2017-04-18 10:20:00,188,161,27,0,49.4,8.57
2017-04-18 10:25:00,179,154,23,2,48.1,7.46
2017-04-18 10:30:00,184,161,23,0,47.6,8.41
2017-04-18 10:35:00,154,134,17,3,48.1,6.8
2017-04-18 10:40:00,146,128,16,2,48.3,6.4
2017-04-18 10:45:00,153,121,32,0,50.1,6.68
2017-04-18 10:50:00,188,171,16,1,48.8,7.91
2017-04-18 10:55:00,168,144,23,1,48.6,7.33
2017-04-18 11:00:00,176,150,25,1,47.5,8.32
2017-04-18 11:05:00,159,147,11,1,48.1,7.69
2017-04-18 11:10:00,166,139,26,1,48.8,7.37
2017-04-18 11:15:00,162,142,18,2,46.5,7.31
2017-04-18 11:20:00,178,155,23,0,45.8,8.68
2017-04-18 11:25:00,167,143,23,1,48.6,7.26
2017-04-18 11:30:00,171,150,20,1,47.2,8.02
2017-04-18 11:35:00,168,145,20,3,48.8,7.36
2017-04-18 11:40:00,179,159,20,0,45.7,8.24
2017-04-18 11:45:00,164,134,27,3,49.3,7.0
2017-04-18 11:50:00,166,150,16,0,46.5,7.47
2017-04-18 11:55:00,152,126,26,0,47.3,6.86
2017-04-18 12:00:00,147,125,19,3,45.3,7.15
2017-04-18 12:05:00,126,108,18,0,52.5,5.17
2017-04-18 12:10:00,145,121,23,1,48.6,6.75
2017-04-18 12:15:00,146,136,9,1,51.2,5.81
2017-04-18 12:20:00,147,124,21,2,52.2,6.15
2017-04-18 12:25:00,142,123,18,1,49.2,6.19
2017-04-18 12:30:00,126,117,9,0,47.5,5.08
2017-04-18 12:35:00,120,102,18,0,47.0,5.51
2017-04-18 12:40:00,130,112,16,2,48.2,5.59
2017-04-18 12:45:00,165,146,18,1,44.6,7.72
2017-04-18 12:50:00,137,122,13,2,46.8,5.97
2017-04-18 12:55:00,118,100,18,0,52.2,4.69
2017-04-18 13:00:00,161,146,15,0,47.3,6.88
2017-04-18 13:05:00,156,138,16,2,48.1,6.71
2017-04-18 13:10:00,164,136,27,1,47.8,7.02
2017-04-18 13:15:00,124,108,15,1,51.0,4.99
2017-04-18 13:20:00,143,122,20,1,49.8,5.82
2017-04-18 13:25:00,159,131,27,1,46.7,7.36
2017-04-18 13:30:00,173,153,20,0,48.7,8.1
2017-04-18 13:35:00,168,140,26,2,47.2,8.02
2017-04-18 13:40:00,168,135,32,1,48.3,7.45
2017-04-18 13:45:00,160,134,26,0,49.8,6.87
2017-04-18 13:50:00,170,148,20,2,44.6,7.97
2017-04-18 13:55:00,126,105,21,0,47.5,5.71
2017-04-18 14:00:00,148,123,23,2,46.3,6.82
2017-04-18 14:05:00,154,134,20,0,47.1,7.22
2017-04-18 14:10:00,190,161,27,2,42.4,9.91
2017-04-18 14:15:00,164,140,23,1,46.9,8.18
2017-04-18 14:20:00,182,161,18,3,44.6,8.83
2017-04-18 14:25:00,181,152,28,1,46.2,8.22
2017-04-18 14:30:00,145,130,15,0,47.6,6.26
2017-04-18 14:35:00,150,127,23,0,45.0,7.05
2017-04-18 14:40:00,137,117,20,0,49.8,5.71
2017-04-18 14:45:00,155,128,26,1,44.1,8.0
2017-04-18 14:50:00,170,146,22,2,44.6,7.69
2017-04-18 14:55:00,165,140,24,1,44.8,7.98
2017-04-18 15:00:00,171,146,23,2,49.2,7.86
2017-04-18 15:05:00,161,135,24,2,46.7,7.27
2017-04-18 15:10:00,154,118,35,1,42.0,8.48
2017-04-18 15:15:00,146,134,11,1,44.8,7.47
2017-04-18 15:20:00,147,133,13,1,46.3,7.34
2017-04-18 15:25:00,171,141,26,4,45.3,8.87
2017-04-18 15:30:00,148,123,22,3,47.0,6.56
2017-04-18 15:35:00,171,139,32,0,44.9,8.41
2017-04-18 15:40:00,178,141,34,3,44.1,9.45
2017-04-18 15:45:00,168,148,20,0,46.6,7.41
2017-04-18 15:50:00,148,119,25,4,43.9,7.99
2017-04-18 15:55:00,151,126,25,0,44.9,7.66
2017-04-18 16:00:00,161,128,31,2,38.4,10.3
2017-04-18 16:05:00,164,137,26,1,41.0,11.7
2017-04-18 16:10:00,179,159,20,0,43.1,9.31
2017-04-18 16:15:00,160,132,27,1,44.9,7.9
2017-04-18 16:20:00,184,154,30,0,42.9,10.02
2017-04-18 16:25:00,193,162,28,3,43.8,10.03
2017-04-18 16:30:00,162,141,20,1,43.0,8.9
2017-04-18 16:35:00,187,163,24,0,44.1,9.07
2017-04-18 16:40:00,163,139,22,2,44.5,8.89
2017-04-18 16:45:00,161,136,23,2,43.6,8.88
2017-04-18 16:50:00,178,154,23,1,42.2,9.28
2017-04-18 16:55:00,160,138,19,3,43.1,8.27
2017-04-18 17:00:00,191,165,26,0,46.9,8.79
2017-04-18 17:05:00,163,137,26,0,47.8,7.43
2017-04-18 17:10:00,190,163,27,0,38.9,10.71
2017-04-18 17:15:00,162,132,29,1,46.0,7.09
2017-04-18 17:20:00,208,169,39,0,47.3,9.36
2017-04-18 17:25:00,188,167,21,0,46.2,11.0
2017-04-18 17:30:00,178,148,29,1,41.9,10.23
2017-04-18 17:35:00,209,169,39,1,46.1,9.77
2017-04-18 17:40:00,205,172,31,2,44.9,9.59
2017-04-18 17:45:00,174,154,20,0,44.7,9.55
2017-04-18 17:50:00,176,148,28,0,49.6,8.6
2017-04-18 17:55:00,207,181,25,1,43.0,10.76
2017-04-18 18:00:00,171,147,23,1,48.9,8.14
2017-04-18 18:05:00,183,158,24,1,46.2,9.26
2017-04-18 18:10:00,209,178,27,4,43.3,10.4
2017-04-18 18:15:00,190,161,27,2,45.0,9.45
2017-04-18 18:20:00,223,195,26,2,47.7,9.89
2017-04-18 18:25:00,213,187,26,0,45.1,11.33
2017-04-18 18:30:00,170,145,25,0,46.3,7.88
2017-04-18 18:35:00,236,198,37,1,44.7,13.66
2017-04-18 18:40:00,160,129,30,1,43.1,9.33
2017-04-18 18:45:00,170,148,21,1,47.8,8.11
2017-04-18 18:50:00,202,171,29,2,48.9,9.07
2017-04-18 18:55:00,201,162,36,3,45.2,10.85
2017-04-18 19:00:00,186,148,37,1,46.6,8.67
2017-04-18 19:05:00,216,178,35,3,48.2,9.47
2017-04-18 19:10:00,205,177,28,0,42.5,10.81
2017-04-18 19:15:00,184,163,19,2,42.1,9.31
2017-04-18 19:20:00,207,187,19,1,47.5,8.93
2017-04-18 19:25:00,199,173,25,1,45.8,10.58
2017-04-18 19:30:00,191,168,22,1,44.0,10.43
2017-04-18 19:35:00,189,152,36,1,47.6,10.73
2017-04-18 19:40:00,176,146,29,1,48.2,8.18
2017-04-18 19:45:00,182,151,28,3,43.9,14.18
2017-04-18 19:50:00,200,160,38,2,45.7,9.88
2017-04-18 19:55:00,141,112,29,0,49.6,6.71
2017-04-18 20:00:00,144,119,25,0,48.3,7.08
2017-04-18 20:05:00,146,119,25,2,52.2,9.51
2017-04-18 20:10:00,160,132,28,0,50.4,7.17
2017-04-18 20:15:00,157,140,17,0,46.4,8.25
2017-04-18 20:20:00,193,151,41,1,48.0,9.07
2017-04-18 20:25:00,177,134,43,0,46.7,9.58
2017-04-18 20:30:00,140,119,21,0,48.7,7.03
2017-04-18 20:35:00,171,132,39,0,48.5,9.12
2017-04-18 20:40:00,121,105,16,0,51.0,6.13
2017-04-18 20:45:00,133,107,26,0,47.0,6.37
2017-04-18 20:50:00,160,124,35,1,52.1,6.92
2017-04-18 20:55:00,141,114,27,0,49.7,10.61
2017-04-18 21:00:00,137,106,29,2,44.9,6.59
2017-04-18 21:05:00,159,124,34,1,50.2,7.79
2017-04-18 21:10:00,167,125,37,5,40.7,12.95
2017-04-18 21:15:00,151,110,38,3,39.6,9.98
2017-04-18 21:20:00,111,79,32,0,37.3,11.55
2017-04-18 21:25:00,165,129,34,2,40.9,10.16
2017-04-18 21:30:00,177,136,41,0,34.9,13.03
2017-04-18 21:35:00,186,146,37,3,41.1,13.74
2017-04-18 21:40:00,143,117,26,0,40.1,8.5
2017-04-18 21:45:00,170,135,31,4,29.8,21.12
2017-04-18 21:50:00,178,138,36,4,38.4,13.48
2017-04-18 21:55:00,152,124,27,1,41.0,8.59
2017-04-18 22:00:00,96,82,14,0,38.8,7.48
2017-04-18 22:05:00,138,106,30,2,38.4,9.43
2017-04-18 22:10:00,150,114,34,2,38.7,9.04
2017-04-18 22:15:00,177,139,35,3,40.9,13.81
2017-04-18 22:20:00,160,134,25,1,39.8,12.71
2017-04-18 22:25:00,176,131,42,3,38.3,16.92
2017-04-18 22:30:00,121,92,28,1,47.2,8.16
2017-04-18 22:35:00,147,114,30,3,42.0,7.99
2017-04-18 22:40:00,117,95,22,0,42.9,7.55
2017-04-18 22:45:00,121,91,30,0,44.1,6.93
2017-04-18 22:50:00,124,103,21,0,45.4,6.59
2017-04-18 22:55:00,161,125,36,0,46.2,10.29
2017-04-18 23:00:00,131,106,25,0,48.4,5.91
2017-04-18 23:05:00,108,87,19,2,51.2,5.68
2017-04-18 23:10:00,79,65,14,0,48.2,5.94
2017-04-18 23:15:00,90,71,19,0,50.4,4.11
2017-04-18 23:20:00,75,57,18,0,52.6,3.77
2017-04-18 23:25:00,86,72,14,0,49.9,3.62
2017-04-18 23:30:00,93,69,24,0,51.8,4.77
2017-04-18 23:35:00,98,83,15,0,52.4,5.15
2017-04-18 23:40:00,82,61,21,0,50.7,4.41
2017-04-18 23:45:00,93,72,21,0,56.6,4.02
2017-04-18 23:50:00,68,52,16,0,60.5,3.33
2017-04-18 23:55:00,59,50,9,0,56.9,2.81
2017-04-19 00:00:00,78,64,14,0,52.7,11.4
2017-04-19 00:05:00,54,41,13,0,57.1,2.75
2017-04-19 00:10:00,69,54,15,0,55.1,3.57
2017-04-19 00:15:00,65,54,11,0,59.1,3.07
2017-04-19 00:20:00,68,51,17,0,53.2,3.25
2017-04-19 00:25:00,62,48,14,0,53.9,2.91
2017-04-19 00:30:00,17,13,4,0,55.6,1.96
2017-04-19 00:35:00,44,31,13,0,58.3,2.18
2017-04-19 00:40:00,43,35,8,0,56.8,2.2
2017-04-19 00:45:00,69,59,10,0,55.8,3.63
2017-04-19 00:50:00,69,58,10,1,55.7,3.4
2017-04-19 00:55:00,57,41,15,1,54.3,2.73
2017-04-19 01:00:00,51,44,7,0,53.8,2.62
2017-04-19 01:05:00,44,35,9,0,58.9,2.03
2017-04-19 01:10:00,65,49,16,0,54.7,2.66
2017-04-19 01:15:00,36,27,8,1,56.5,2.54
2017-04-19 01:20:00,52,42,10,0,67.6,2.13
2017-04-19 01:25:00,34,25,9,0,61.2,2.11
2017-04-19 01:30:00,33,25,7,1,50.8,2.28
2017-04-19 01:35:00,43,29,14,0,63.4,1.89
2017-04-19 01:40:00,40,29,11,0,61.5,1.77
2017-04-19 01:45:00,36,28,8,0,59.7,1.58
2017-04-19 01:50:00,42,34,7,1,57.5,1.89
2017-04-19 01:55:00,39,34,5,0,64.2,1.79
2017-04-19 02:00:00,41,28,13,0,65.2,1.64
2017-04-19 02:05:00,45,40,5,0,63.0,2.03
2017-04-19 02:10:00,36,27,9,0,57.1,2.04
2017-04-19 02:15:00,42,30,12,0,62.0,1.86
2017-04-19 02:20:00,32,24,8,0,63.6,1.51
2017-04-19 02:25:00,23,17,6,0,58.9,1.15
2017-04-19 02:30:00,17,13,4,0,63.9,0.86
2017-04-19 02:35:00,38,27,11,0,65.1,1.53
2017-04-19 02:40:00,31,26,5,0,57.9,1.5
2017-04-19 02:45:00,29,25,4,0,59.5,1.56
2017-04-19 02:50:00,17,16,1,0,56.4,0.88
2017-04-19 02:55:00,26,16,10,0,66.7,1.42
2017-04-19 03:00:00,25,13,12,0,72.7,1.28
2017-04-19 03:05:00,25,18,7,0,64.0,1.21
2017-04-19 03:10:00,34,30,4,0,62.9,1.49
2017-04-19 03:15:00,20,16,4,0,59.6,1.15
2017-04-19 03:20:00,17,13,4,0,62.0,0.93
2017-04-19 03:25:00,23,18,5,0,61.1,1.14
2017-04-19 03:30:00,25,15,9,1,59.9,1.49
2017-04-19 03:35:00,26,16,10,0,61.7,1.02
2017-04-19 03:40:00,20,16,4,0,64.0,0.74
2017-04-19 03:45:00,14,9,5,0,65.1,0.86
2017-04-19 03:50:00,24,20,3,1,57.4,1.03
2017-04-19 03:55:00,11,6,5,0,56.9,0.89
2017-04-19 04:00:00,20,15,5,0,51.9,1.29
2017-04-19 04:05:00,21,18,3,0,66.1,0.87
2017-04-19 04:10:00,20,17,3,0,59.8,1.06
2017-04-19 04:15:00,16,13,3,0,62.9,0.9
2017-04-19 04:20:00,25,18,7,0,64.0,1.2
2017-04-19 04:25:00,19,14,5,0,66.0,0.84
2017-04-19 04:30:00,22,18,4,0,54.4,1.31
2017-04-19 04:35:00,14,6,8,0,77.0,0.63
2017-04-19 04:40:00,14,11,3,0,68.5,0.94
2017-04-19 04:45:00,15,11,4,0,59.2,1.03
2017-04-19 04:50:00,19,13,6,0,55.4,1.22
2017-04-19 04:55:00,19,17,2,0,61.0,1.15
2017-04-19 05:00:00,26,18,8,0,63.6,1.16
2017-04-19 05:05:00,37,27,10,0,58.1,1.68
2017-04-19 05:10:00,19,14,5,0,55.6,1.23
2017-04-19 05:15:00,32,27,5,0,56.7,1.9
2017-04-19 05:20:00,24,17,7,0,66.7,1.65
2017-04-19 05:25:00,26,18,8,0,64.2,1.36
2017-04-19 05:30:00,19,15,4,0,52.2,1.31
2017-04-19 05:35:00,40,35,5,0,58.1,1.95
2017-04-19 05:40:00,28,22,6,0,52.6,1.49
2017-04-19 05:45:00,39,29,10,0,55.7,2.27
2017-04-19 05:50:00,39,30,9,0,57.3,1.78
2017-04-19 05:55:00,19,11,8,0,58.1,1.98
2017-04-19 06:00:00,46,39,6,1,54.7,2.55
2017-04-19 06:05:00,59,45,12,2,58.8,2.58
2017-04-19 06:10:00,50,40,9,1,52.5,2.19
2017-04-19 06:15:00,56,45,11,0,51.1,3.89
2017-04-19 06:20:00,68,56,11,1,49.3,3.02
2017-04-19 06:25:00,70,55,15,0,48.0,3.93
2017-04-19 06:30:00,73,63,10,0,53.1,3.27
2017-04-19 06:35:00,49,39,10,0,52.6,3.19
2017-04-19 06:40:00,71,56,14,1,51.8,4.54
2017-04-19 06:45:00,62,52,9,1,53.0,2.91
2017-04-19 06:50:00,58,46,11,1,47.3,3.68
2017-04-19 06:55:00,100,77,21,2,49.1,4.75
2017-04-19 07:00:00,118,96,20,2,45.2,7.01
2017-04-19 07:05:00,98,87,11,0,52.0,5.35
2017-04-19 07:10:00,108,87,19,2,50.7,4.65
2017-04-19 07:15:00,152,123,26,3,54.1,6.26
2017-04-19 07:20:00,140,115,21,4,51.4,6.89
2017-04-19 07:25:00,119,100,17,2,52.3,4.54
2017-04-19 07:30:00,165,139,23,3,50.7,6.75
2017-04-19 07:35:00,196,174,21,1,50.5,7.59
2017-04-19 07:40:00,125,111,9,5,53.6,4.47
2017-04-19 07:45:00,179,160,15,4,48.8,6.94
2017-04-19 07:50:00,179,157,17,5,49.2,8.76
2017-04-19 07:55:00,167,143,17,7,43.6,6.9
2017-04-19 08:00:00,121,108,9,4,50.9,7.2
2017-04-19 08:05:00,245,201,43,1,46.8,9.85
2017-04-19 08:10:00,181,150,28,3,48.8,7.61
2017-04-19 08:15:00,216,189,24,3,50.5,8.95
2017-04-19 08:20:00,232,195,37,0,47.6,9.95
2017-04-19 08:25:00,174,147,26,1,49.5,9.66
2017-04-19 08:30:00,39,32,7,0,50.2,4.35
2017-04-19 08:35:00,140,126,12,2,52.3,7.73
2017-04-19 08:40:00,129,111,18,0,53.0,5.89
2017-04-19 08:45:00,52,41,10,1,57.5,4.84
2017-04-19 08:50:00,192,165,26,1,55.6,7.16
2017-04-19 08:55:00,80,59,21,0,50.5,4.07
2017-04-19 09:00:00,125,99,24,2,54.7,5.85
2017-04-19 09:05:00,158,139,18,1,58.3,6.6
2017-04-19 09:10:00,95,81,14,0,53.6,6.35
2017-04-19 09:15:00,115,102,13,0,52.0,6.81
2017-04-19 09:20:00,142,131,11,0,56.0,7.01
2017-04-19 09:25:00,115,93,22,0,49.5,7.36
2017-04-19 09:30:00,146,124,21,1,49.8,8.0
2017-04-19 09:35:00,72,59,12,1,47.0,5.58
2017-04-19 09:40:00,122,110,12,0,50.9,5.61
2017-04-19 09:45:00,117,100,15,2,52.0,7.23
2017-04-19 09:50:00,103,88,14,1,47.1,6.37
2017-04-19 09:55:00,72,61,10,1,52.2,6.25
2017-04-19 10:00:00,115,102,13,0,47.5,6.75
2017-04-19 10:05:00,112,87,24,1,42.8,9.07
2017-04-19 10:10:00,76,63,13,0,49.6,6.79
2017-04-19 10:15:00,149,136,13,0,48.9,8.98
2017-04-19 10:20:00,36,30,5,1,46.8,8.21
2017-04-19 10:25:00,80,74,6,0,48.8,6.65
2017-04-19 10:30:00,158,134,23,1,52.5,7.12
2017-04-19 10:35:00,140,122,18,0,48.4,8.01
2017-04-19 10:40:00,122,111,10,1,46.6,6.67
2017-04-19 10:45:00,134,117,16,1,49.7,6.96
2017-04-19 10:50:00,152,133,18,1,50.2,6.95
2017-04-19 10:55:00,176,149,24,3,49.7,7.51
2017-04-19 11:00:00,168,135,31,2,50.2,7.38
2017-04-19 11:05:00,169,147,20,2,47.6,8.28
2017-04-19 11:10:00,188,163,23,2,46.9,8.98
2017-04-19 11:15:00,97,79,16,2,49.6,5.99
2017-04-19 11:20:00,102,85,17,0,43.1,6.94
2017-04-19 11:25:00,110,84,22,4,42.2,9.67
2017-04-19 11:30:00,142,116,25,1,50.6,8.2
2017-04-19 11:35:00,134,115,17,2,52.5,6.0
2017-04-19 11:40:00,112,101,9,2,53.4,7.36
2017-04-19 11:45:00,65,53,11,1,47.5,7.35
2017-04-19 11:50:00,49,41,6,2,47.6,6.99
2017-04-19 11:55:00,134,114,17,3,47.1,6.51
2017-04-19 12:00:00,58,45,12,1,50.0,5.06
2017-04-19 12:05:00,117,96,19,2,47.6,5.53
2017-04-19 12:10:00,80,68,11,1,49.3,5.23
2017-04-19 12:15:00,78,66,9,3,47.5,7.52
2017-04-19 12:20:00,169,142,23,4,46.6,7.11
2017-04-19 12:25:00,132,109,16,7,48.8,8.73
2017-04-19 12:30:00,76,62,9,5,49.0,4.31
2017-04-19 12:35:00,62,53,8,1,44.4,5.93
2017-04-19 12:40:00,52,49,3,0,46.2,6.57
2017-04-19 12:45:00,145,130,14,1,46.7,6.91
2017-04-19 12:50:00,117,100,15,2,47.9,6.36
2017-04-19 12:55:00,72,61,10,1,46.0,4.44
2017-04-19 13:00:00,101,88,10,3,46.5,5.86
2017-04-19 13:05:00,104,85,15,4,39.1,8.91
2017-04-19 13:10:00,130,111,17,2,43.5,5.9
2017-04-19 13:15:00,111,104,6,1,44.5,5.69
2017-04-19 13:20:00,127,104,18,5,47.2,5.73
2017-04-19 13:25:00,125,105,17,3,46.8,7.2
2017-04-19 13:30:00,71,59,12,0,48.4,3.95
2017-04-19 13:35:00,171,152,18,1,44.4,8.64
2017-04-19 13:40:00,72,57,14,1,52.6,9.56
2017-04-19 13:45:00,115,97,16,2,43.9,7.49
2017-04-19 13:50:00,91,72,17,2,46.1,8.77
2017-04-19 13:55:00,156,128,27,1,42.1,11.53
2017-04-19 14:00:00,135,108,23,4,43.3,9.38
2017-04-19 14:05:00,151,117,34,0,47.6,7.32
2017-04-19 14:10:00,166,137,28,1,44.2,8.41
2017-04-19 14:15:00,150,123,24,3,43.5,11.71
2017-04-19 14:20:00,133,107,25,1,45.9,10.32
2017-04-19 14:25:00,127,106,20,1,40.5,10.03
2017-04-19 14:30:00,66,56,8,2,45.8,8.68
2017-04-19 14:35:00,101,83,17,1,42.5,7.52
2017-04-19 14:40:00,123,104,17,2,47.4,7.23
2017-04-19 14:45:00,71,56,15,0,45.4,6.4
2017-04-19 14:50:00,150,125,23,2,46.8,7.65
2017-04-19 14:55:00,72,63,6,3,48.6,6.51
2017-04-19 15:00:00,149,113,32,4,49.0,7.29
2017-04-19 15:05:00,148,116,29,3,50.0,8.2
2017-04-19 15:10:00,153,119,28,6,48.0,8.51
2017-04-19 15:15:00,93,71,17,5,44.9,6.65
2017-04-19 15:20:00,138,105,28,5,46.5,7.53
2017-04-19 15:25:00,74,59,12,3,41.7,6.15
2017-04-19 15:30:00,135,106,21,8,44.4,6.72
2017-04-19 15:35:00,98,73,23,2,44.8,7.07
2017-04-19 15:40:00,56,48,7,1,40.8,6.2
2017-04-19 15:45:00,88,68,16,4,44.3,8.64
2017-04-19 15:50:00,76,64,9,3,48.4,5.5
2017-04-19 15:55:00,121,98,11,12,44.1,9.0
2017-04-19 16:00:00,135,115,17,3,44.1,9.22
2017-04-19 16:05:00,87,81,4,2,43.5,5.16
2017-04-19 16:10:00,83,69,13,1,50.2,6.03
2017-04-19 16:15:00,133,104,27,2,48.2,8.89
2017-04-19 16:20:00,137,116,14,7,51.8,7.96
2017-04-19 16:25:00,126,106,15,5,49.1,6.79
2017-04-19 16:30:00,45,31,12,2,47.6,6.25
2017-04-19 16:35:00,46,39,5,2,47.4,6.38
2017-04-19 16:40:00,158,135,19,4,44.5,9.13
2017-04-19 16:45:00,80,75,2,3,44.5,5.88
2017-04-19 16:50:00,106,97,8,1,47.0,6.29
2017-04-19 16:55:00,111,99,11,1,44.9,7.39
2017-04-19 17:00:00,117,96,16,5,45.3,7.61
2017-04-19 17:05:00,106,97,5,4,45.4,6.24
2017-04-19 17:10:00,102,92,8,2,41.2,8.63
2017-04-19 17:15:00,125,108,16,1,46.4,8.23
2017-04-19 17:20:00,133,123,9,1,45.7,7.33
2017-04-19 17:25:00,128,115,11,2,47.7,7.94
2017-04-19 17:30:00,42,37,5,0,46.3,8.92
2017-04-19 17:35:00,96,90,4,2,45.0,10.7
2017-04-19 17:40:00,147,121,21,5,47.9,10.09
2017-04-19 17:45:00,146,126,19,1,47.3,8.0
2017-04-19 17:50:00,145,131,14,0,44.4,8.23
2017-04-19 17:55:00,102,95,5,2,41.5,8.63
2017-04-19 18:00:00,148,127,20,1,40.8,9.16
2017-04-19 18:05:00,158,145,12,1,42.9,10.14
2017-04-19 18:10:00,23,20,3,0,29.2,28.66
2017-04-19 18:15:00,138,129,9,0,45.9,7.82
2017-04-19 18:20:00,109,97,12,0,46.8,10.47
2017-04-19 18:25:00,128,115,12,1,46.7,9.32
2017-04-19 18:30:00,75,65,9,1,50.1,8.29
2017-04-19 18:35:00,38,34,3,1,61.5,7.53
2017-04-19 18:40:00,221,207,12,2,38.0,18.46
2017-04-19 18:45:00,142,125,16,1,47.1,6.62
2017-04-19 18:50:00,224,196,26,2,45.4,10.19
2017-04-19 18:55:00,143,122,19,2,45.5,10.96
2017-04-19 19:00:00,187,150,34,3,46.4,10.48
2017-04-19 19:05:00,255,226,29,0,42.3,12.6
2017-04-19 19:10:00,201,175,26,0,41.5,10.86
2017-04-19 19:15:00,166,157,8,1,41.4,9.09
2017-04-19 19:20:00,178,163,13,2,42.2,9.64
2017-04-19 19:25:00,191,165,25,1,38.9,11.22
2017-04-19 19:30:00,186,157,29,0,43.9,10.5
2017-04-19 19:35:00,205,167,38,0,44.4,10.5
2017-04-19 19:40:00,187,153,33,1,40.1,13.47
2017-04-19 19:45:00,139,123,14,2,39.7,17.05
2017-04-19 19:50:00,237,179,57,1,40.1,18.2
2017-04-19 19:55:00,178,153,25,0,44.3,8.56
2017-04-19 20:00:00,192,155,36,1,38.7,13.07
2017-04-19 20:05:00,159,135,24,0,46.6,7.53
2017-04-19 20:10:00,171,143,27,1,47.2,10.58
2017-04-19 20:15:00,169,141,27,1,41.5,12.13
2017-04-19 20:20:00,168,142,26,0,45.9,8.37
2017-04-19 20:25:00,184,153,30,1,42.5,8.93
2017-04-19 20:30:00,131,109,22,0,45.1,7.74
2017-04-19 20:35:00,188,152,36,0,45.8,10.1
2017-04-19 20:40:00,168,139,27,2,43.1,8.97
2017-04-19 20:45:00,95,81,13,1,46.2,6.7
2017-04-19 20:50:00,84,69,15,0,46.3,7.34
2017-04-19 20:55:00,78,67,11,0,50.4,8.93
2017-04-19 21:00:00,30,23,7,0,46.3,14.64
2017-04-19 21:05:00,93,77,14,2,48.6,11.51
2017-04-19 21:10:00,101,87,14,0,34.6,14.12
2017-04-19 21:15:00,89,67,21,1,40.4,11.5
2017-04-19 21:20:00,84,67,16,1,34.2,15.38
2017-04-19 21:25:00,112,92,19,1,39.0,13.12
2017-04-19 21:30:00,28,25,3,0,53.7,12.04
2017-04-19 21:35:00,13,7,6,0,22.7,14.15
2017-04-19 21:40:00,50,43,7,0,45.8,11.55
2017-04-19 21:45:00,103,83,18,2,40.1,10.07
2017-04-19 21:50:00,100,74,26,0,34.8,16.64
2017-04-19 21:55:00,79,64,13,2,41.5,15.94
2017-04-19 22:00:00,63,47,16,0,43.7,5.13
2017-04-19 22:05:00,85,74,11,0,34.6,13.63
2017-04-19 22:10:00,75,63,12,0,38.9,11.38
2017-04-19 22:15:00,57,49,8,0,41.8,7.08
2017-04-19 22:20:00,85,69,16,0,38.9,16.84
2017-04-19 22:25:00,18,14,4,0,31.7,5.54
2017-04-19 22:30:00,22,19,3,0,51.0,4.69
2017-04-19 22:35:00,53,41,12,0,40.3,6.43
2017-04-19 22:40:00,49,39,10,0,42.2,8.54
2017-04-19 22:45:00,42,33,9,0,34.4,5.72
2017-04-19 22:50:00,58,47,11,0,45.0,5.28
2017-04-19 22:55:00,49,40,9,0,52.5,5.77
2017-04-19 23:00:00,56,48,8,0,45.5,6.02
2017-04-19 23:05:00,99,82,17,0,54.8,6.91
2017-04-19 23:10:00,44,36,8,0,47.3,8.02
2017-04-19 23:15:00,10,9,1,0,55.3,1.52
2017-04-19 23:20:00,21,16,5,0,49.7,5.14
2017-04-19 23:25:00,36,31,5,0,43.2,3.9
2017-04-19 23:30:00,25,21,4,0,52.3,5.27
2017-04-19 23:35:00,32,26,6,0,58.5,7.32
2017-04-19 23:40:00,49,40,9,0,53.9,3.77
2017-04-19 23:45:00,49,39,10,0,61.3,6.76
2017-04-19 23:50:00,33,24,8,1,56.7,7.34
2017-04-19 23:55:00,27,26,1,0,51.8,3.25
2017-04-20 00:00:00,84,72,12,0,54.7,3.85
2017-04-20 00:05:00,47,31,16,0,57.7,5.17
2017-04-20 00:10:00,17,14,3,0,57.0,3.86
2017-04-20 00:15:00,110,85,24,1,57.6,4.31
2017-04-20 00:20:00,46,35,11,0,52.1,2.33
2017-04-20 00:25:00,24,17,7,0,62.6,3.31
2017-04-20 00:30:00,22,12,10,0,57.5,5.14
2017-04-20 00:35:00,14,11,3,0,51.8,2.3
2017-04-20 00:40:00,52,44,8,0,58.4,2.36
2017-04-20 00:45:00,58,47,11,0,59.2,3.15
2017-04-20 00:50:00,23,14,9,0,66.2,3.1
2017-04-20 00:55:00,13,11,2,0,53.0,1.94
2017-04-20 01:00:00,24,15,9,0,60.4,3.29
2017-04-20 01:05:00,10,8,2,0,65.7,3.3
2017-04-20 01:10:00,26,22,4,0,67.3,3.37
2017-04-20 01:15:00,36,26,10,0,47.8,4.0
2017-04-20 01:20:00,16,13,3,0,60.7,2.19
2017-04-20 01:25:00,7,5,2,0,68.5,0.97
2017-04-20 01:30:00,13,9,4,0,64.0,1.5
2017-04-20 01:35:00,11,6,5,0,64.1,1.17
2017-04-20 01:40:00,17,9,8,0,54.2,2.18
2017-04-20 01:45:00,9,5,3,1,60.7,1.72
2017-04-20 01:50:00,19,15,3,1,57.7,1.54
2017-04-20 01:55:00,15,12,3,0,55.4,1.79
2017-04-20 02:00:00,22,20,2,0,64.2,3.29
2017-04-20 02:05:00,11,9,2,0,48.8,2.46
2017-04-20 02:10:00,20,15,5,0,59.7,1.98
2017-04-20 02:15:00,4,2,2,0,62.3,0.62
2017-04-20 02:20:00,20,17,3,0,60.3,3.35
2017-04-20 02:25:00,5,2,3,0,66.3,0.54
2017-04-20 02:30:00,21,16,5,0,70.0,1.37
2017-04-20 02:35:00,12,7,5,0,58.0,2.46
2017-04-20 02:40:00,16,12,4,0,71.4,1.36
2017-04-20 02:45:00,17,14,3,0,69.7,1.09
2017-04-20 02:50:00,19,14,5,0,59.1,2.47
2017-04-20 02:55:00,21,15,5,1,63.8,1.7
2017-04-20 03:00:00,15,15,0,0,63.2,1.19
2017-04-20 03:05:00,9,6,3,0,63.3,3.04
2017-04-20 03:10:00,9,7,2,0,57.9,0.88
2017-04-20 03:15:00,12,8,4,0,63.6,3.61
2017-04-20 03:20:00,9,5,4,0,59.7,1.59
2017-04-20 03:25:00,4,4,0,0,52.2,0.34
2017-04-20 03:30:00,9,8,1,0,61.0,1.76
2017-04-20 03:35:00,12,10,2,0,58.8,1.07
2017-04-20 03:40:00,33,27,6,0,58.4,1.36
2017-04-20 03:45:00,22,18,4,0,72.5,0.97
2017-04-20 03:50:00,7,7,0,0,52.7,1.93
2017-04-20 03:55:00,13,10,3,0,58.6,0.74
2017-04-20 04:00:00,13,13,0,0,62.5,1.43
2017-04-20 04:05:00,13,12,0,1,57.7,1.14
2017-04-20 04:10:00,13,10,3,0,54.6,1.6
2017-04-20 04:15:00,27,18,9,0,58.9,1.19
2017-04-20 04:20:00,6,5,1,0,53.5,0.3
2017-04-20 04:25:00,26,21,5,0,55.3,1.31
2017-04-20 04:30:00,51,41,9,1,51.5,2.25
2017-04-20 04:35:00,30,28,2,0,58.4,1.43
2017-04-20 04:40:00,26,20,6,0,53.5,1.71
2017-04-20 04:45:00,34,23,11,0,61.9,1.48
2017-04-20 04:50:00,10,7,3,0,66.7,1.58
2017-04-20 04:55:00,13,10,3,0,68.0,1.38
2017-04-20 05:00:00,12,9,3,0,68.9,1.6
2017-04-20 05:05:00,21,15,6,0,62.5,1.12
2017-04-20 05:10:00,18,17,1,0,55.1,0.91
2017-04-20 05:15:00,24,19,5,0,61.3,1.0
2017-04-20 05:20:00,14,12,2,0,73.8,1.58
2017-04-20 05:25:00,19,12,7,0,64.8,1.22
2017-04-20 05:30:00,16,15,1,0,51.7,1.7
2017-04-20 05:35:00,13,12,1,0,52.8,1.98
2017-04-20 05:40:00,11,7,4,0,69.3,4.37
2017-04-20 05:45:00,10,6,4,0,47.3,2.35
2017-04-20 05:50:00,53,37,16,0,54.7,2.7
2017-04-20 05:55:00,29,21,8,0,67.5,5.66
2017-04-20 06:00:00,62,50,11,1,57.1,2.29
2017-04-20 06:05:00,14,13,1,0,63.1,1.77
2017-04-20 06:10:00,62,54,6,2,50.8,2.68
2017-04-20 06:15:00,55,42,13,0,52.3,2.44
2017-04-20 06:20:00,69,52,16,1,52.3,3.37
2017-04-20 06:25:00,9,5,4,0,43.5,1.95
2017-04-20 06:30:00,56,40,16,0,48.7,7.18
2017-04-20 06:35:00,47,43,4,0,61.1,4.33
2017-04-20 06:40:00,76,59,15,2,44.3,5.79
2017-04-20 06:45:00,91,73,17,1,52.4,3.81
2017-04-20 06:50:00,89,66,23,0,52.7,4.06
2017-04-20 06:55:00,93,74,18,1,52.3,4.19
2017-04-20 07:00:00,51,47,4,0,60.0,9.38
2017-04-20 07:05:00,49,36,13,0,49.3,4.82
2017-04-20 07:10:00,30,23,4,3,52.3,4.15
2017-04-20 07:15:00,136,109,26,1,55.1,5.34
2017-04-20 07:20:00,149,119,30,0,59.5,8.17
2017-04-20 07:25:00,89,76,13,0,52.7,4.84
2017-04-20 07:30:00,171,149,21,1,51.2,8.15
2017-04-20 07:35:00,223,191,30,2,52.2,9.24
2017-04-20 07:40:00,149,132,17,0,52.7,6.29
2017-04-20 07:45:00,178,155,23,0,52.7,8.22
2017-04-20 07:50:00,198,176,20,2,54.1,8.73
2017-04-20 07:55:00,144,119,24,1,51.1,6.1
2017-04-20 08:00:00,182,158,23,1,52.9,7.32
2017-04-20 08:05:00,206,183,23,0,47.0,10.7
2017-04-20 08:10:00,162,139,21,2,48.6,8.22
2017-04-20 08:15:00,141,125,16,0,49.3,8.83
2017-04-20 08:20:00,220,193,27,0,49.8,10.41
2017-04-20 08:25:00,163,142,20,1,49.4,7.16
2017-04-20 08:30:00,198,178,20,0,47.8,9.25
2017-04-20 08:35:00,208,173,35,0,48.6,9.59
2017-04-20 08:40:00,136,120,15,1,52.7,5.99
2017-04-20 08:45:00,158,135,22,1,47.6,7.31
2017-04-20 08:50:00,101,88,12,1,50.0,5.75
2017-04-20 08:55:00,123,108,13,2,50.2,5.39
2017-04-20 09:00:00,133,106,24,3,50.2,5.58
2017-04-20 09:05:00,69,54,15,0,46.4,5.1
2017-04-20 09:10:00,126,112,13,1,50.2,5.2
2017-04-20 09:15:00,152,130,20,2,52.2,7.02
2017-04-20 09:20:00,153,130,22,1,50.2,9.46
2017-04-20 09:25:00,116,98,17,1,52.7,5.28
2017-04-20 09:30:00,93,76,16,1,50.3,7.33
2017-04-20 09:35:00,170,147,22,1,52.0,7.56
2017-04-20 09:40:00,110,93,17,0,48.9,6.83
2017-04-20 09:45:00,140,116,24,0,51.6,6.93
2017-04-20 09:50:00,90,73,16,1,48.0,6.6
2017-04-20 09:55:00,123,108,15,0,48.7,5.98
2017-04-20 10:00:00,127,105,21,1,44.9,6.94
2017-04-20 10:05:00,104,86,18,0,45.4,7.36
2017-04-20 10:10:00,134,113,20,1,45.8,8.89
2017-04-20 10:15:00,136,122,13,1,48.1,7.93
2017-04-20 10:20:00,166,140,25,1,48.3,7.4
2017-04-20 10:25:00,197,171,25,1,42.7,11.26
2017-04-20 10:30:00,121,106,14,1,49.2,6.51
2017-04-20 10:35:00,154,135,18,1,47.2,6.94
2017-04-20 10:40:00,158,136,20,2,46.9,7.29
2017-04-20 10:45:00,161,141,19,1,45.9,8.66
2017-04-20 10:50:00,98,84,14,0,44.6,7.47
2017-04-20 10:55:00,98,84,13,1,48.0,5.31
2017-04-20 11:00:00,66,54,11,1,45.4,5.64
2017-04-20 11:05:00,127,108,18,1,47.3,8.19
2017-04-20 11:10:00,104,92,11,1,43.4,7.4
2017-04-20 11:15:00,120,100,19,1,45.1,6.61
2017-04-20 11:20:00,144,119,25,0,45.5,7.41
2017-04-20 11:25:00,98,86,12,0,49.0,7.36
2017-04-20 11:30:00,115,95,20,0,47.2,9.12
2017-04-20 11:35:00,89,76,13,0,48.8,10.09
2017-04-20 11:40:00,85,76,9,0,47.2,9.38
2017-04-20 11:45:00,121,100,20,1,47.1,8.3
2017-04-20 11:50:00,87,72,14,1,50.6,5.1
2017-04-20 11:55:00,50,43,7,0,48.7,5.41
2017-04-20 12:00:00,110,97,12,1,51.5,4.92
2017-04-20 12:05:00,98,83,14,1,49.5,7.22
2017-04-20 12:10:00,61,51,10,0,50.2,5.59
2017-04-20 12:15:00,132,114,18,0,47.6,6.68
2017-04-20 12:20:00,108,88,20,0,48.5,6.87
2017-04-20 12:25:00,73,61,12,0,52.2,4.67
2017-04-20 12:30:00,158,142,16,0,49.5,6.93
2017-04-20 12:35:00,116,101,15,0,44.2,6.98
2017-04-20 12:40:00,132,105,26,1,48.9,5.87
2017-04-20 12:45:00,104,81,20,3,52.8,7.38
2017-04-20 12:50:00,125,100,24,1,47.2,7.2
2017-04-20 12:55:00,45,37,8,0,51.4,5.04
2017-04-20 13:00:00,111,94,16,1,47.0,7.37
2017-04-20 13:05:00,115,100,15,0,45.2,5.7
2017-04-20 13:10:00,88,62,25,1,48.6,6.53
2017-04-20 13:15:00,54,46,8,0,46.5,6.18
2017-04-20 13:20:00,157,130,26,1,44.6,7.9
2017-04-20 13:25:00,79,61,17,1,41.3,7.08
2017-04-20 13:30:00,155,137,17,1,45.2,10.73
2017-04-20 13:35:00,68,56,10,2,47.0,5.08
2017-04-20 13:40:00,166,134,32,0,46.3,7.64
2017-04-20 13:45:00,86,71,13,2,44.5,6.99
2017-04-20 13:50:00,118,95,22,1,40.0,9.17
2017-04-20 13:55:00,106,88,17,1,43.8,6.57
2017-04-20 14:00:00,81,62,19,0,48.0,7.77
2017-04-20 14:05:00,145,117,27,1,45.9,8.79
2017-04-20 14:10:00,117,97,19,1,45.5,8.32
2017-04-20 14:15:00,117,97,20,0,48.1,9.18
2017-04-20 14:20:00,68,55,13,0,44.8,5.71
2017-04-20 14:25:00,16,13,2,1,37.3,9.23
2017-04-20 14:30:00,155,119,32,4,45.4,7.81
2017-04-20 14:35:00,17,16,1,0,35.7,11.75
2017-04-20 14:40:00,18,13,5,0,36.2,5.91
2017-04-20 14:45:00,147,123,23,1,46.6,6.8
2017-04-20 14:50:00,30,22,8,0,49.7,14.72
2017-04-20 14:55:00,10,6,4,0,44.3,2.6
2017-04-20 15:00:00,20,15,5,0,41.7,11.12
2017-04-20 15:05:00,35,27,8,0,51.8,7.41
2017-04-20 15:10:00,50,40,10,0,42.4,4.02
2017-04-20 15:15:00,32,29,2,1,41.3,16.24
2017-04-20 15:20:00,147,130,16,1,49.9,6.19
2017-04-20 15:25:00,181,157,22,2,44.9,8.29
2017-04-20 15:30:00,174,145,26,3,44.3,7.7
2017-04-20 15:35:00,168,148,19,1,47.4,7.2
2017-04-20 15:40:00,168,139,26,3,49.3,7.45
2017-04-20 15:45:00,17,13,4,0,43.3,5.41
2017-04-20 15:50:00,170,145,24,1,47.4,7.69
2017-04-20 15:55:00,27,21,4,2,53.7,9.9
2017-04-20 16:00:00,24,21,3,0,47.0,12.79
2017-04-20 16:05:00,151,125,24,2,47.4,6.49
2017-04-20 16:10:00,176,160,15,1,44.1,8.28
2017-04-20 16:15:00,169,150,19,0,47.2,7.56
2017-04-20 16:20:00,30,25,5,0,45.7,14.73
2017-04-20 16:25:00,169,147,18,4,47.1,7.77
2017-04-20 16:30:00,160,133,25,2,47.0,7.15
2017-04-20 16:35:00,150,129,18,3,45.7,7.06
2017-04-20 16:40:00,146,131,13,2,48.3,6.72
2017-04-20 16:45:00,52,42,9,1,42.5,8.94
2017-04-20 16:50:00,26,21,5,0,47.0,11.93
2017-04-20 16:55:00,80,64,16,0,44.4,8.86
2017-04-20 17:00:00,177,157,17,3,47.0,8.23
2017-04-20 17:05:00,156,127,29,0,47.6,7.19
2017-04-20 17:10:00,192,180,12,0,42.6,9.95
2017-04-20 17:15:00,179,153,21,5,45.4,8.38
2017-04-20 17:20:00,13,11,2,0,41.3,6.34
2017-04-20 17:25:00,30,29,1,0,50.0,12.64
2017-04-20 17:30:00,165,147,16,2,44.2,7.92
2017-04-20 17:35:00,193,170,20,3,46.0,10.01
2017-04-20 17:40:00,222,194,26,2,44.3,10.81
2017-04-20 17:45:00,161,144,17,0,45.8,7.72
2017-04-20 17:50:00,181,166,14,1,48.8,7.97
2017-04-20 17:55:00,33,25,8,0,46.2,7.28
2017-04-20 18:00:00,43,34,8,1,45.2,10.73
2017-04-20 18:05:00,207,186,21,0,48.2,9.79
2017-04-20 18:10:00,213,192,18,3,44.9,10.1
2017-04-20 18:15:00,19,17,2,0,28.7,39.36
2017-04-20 18:20:00,223,196,26,1,47.4,10.28
2017-04-20 18:25:00,5,3,2,0,43.3,3.08
2017-04-20 18:30:00,168,137,25,6,43.2,11.46
2017-04-20 18:35:00,214,192,21,1,49.2,8.98
2017-04-20 18:40:00,30,22,7,1,52.7,11.93
2017-04-20 18:45:00,197,170,25,2,42.4,13.93
2017-04-20 18:50:00,222,190,31,1,47.1,9.9
2017-04-20 18:55:00,213,182,30,1,44.7,10.66
2017-04-20 19:00:00,127,118,9,0,31.1,39.2
2017-04-20 19:05:00,202,164,35,3,22.4,41.27
2017-04-20 19:10:00,191,154,33,4,17.7,49.79
2017-04-20 19:15:00,208,187,18,3,36.5,15.79
2017-04-20 19:20:00,225,194,29,2,44.7,10.15
2017-04-20 19:25:00,30,25,5,0,51.3,13.05
2017-04-20 19:30:00,154,134,20,0,47.8,8.81
2017-04-20 19:35:00,196,168,27,1,45.7,10.69
2017-04-20 19:40:00,157,136,21,0,49.9,6.89
2017-04-20 19:45:00,164,135,28,1,48.6,7.84
2017-04-20 19:50:00,221,180,41,0,45.1,11.33
2017-04-20 19:55:00,177,139,38,0,48.6,11.97
2017-04-20 20:00:00,158,128,30,0,47.2,7.02
2017-04-20 20:05:00,45,41,4,0,48.8,8.09
2017-04-20 20:10:00,201,158,42,1,47.8,9.54
2017-04-20 20:15:00,12,11,1,0,36.0,5.77
2017-04-20 20:20:00,206,173,30,3,48.1,9.58
2017-04-20 20:25:00,158,128,30,0,49.5,7.47
2017-04-20 20:30:00,131,109,21,1,49.9,6.54
2017-04-20 20:35:00,174,144,28,2,48.5,8.99
2017-04-20 20:40:00,182,150,32,0,49.2,8.85
2017-04-20 20:45:00,110,92,18,0,46.7,5.3
2017-04-20 20:50:00,188,160,28,0,46.5,9.56
2017-04-20 20:55:00,158,133,23,2,51.9,7.59
2017-04-20 21:00:00,144,120,23,1,46.5,6.45
2017-04-20 21:05:00,168,142,25,1,45.1,8.43
2017-04-20 21:10:00,174,143,28,3,42.7,10.02
2017-04-20 21:15:00,28,23,4,1,55.7,12.82
2017-04-20 21:20:00,147,110,36,1,38.4,11.61
2017-04-20 21:25:00,141,109,30,2,37.0,14.42
2017-04-20 21:30:00,184,145,36,3,33.2,15.34
2017-04-20 21:35:00,30,22,8,0,46.7,18.64
2017-04-20 21:40:00,166,132,32,2,39.5,10.93
2017-04-20 21:45:00,18,9,9,0,42.5,4.55
2017-04-20 21:50:00,163,134,29,0,41.1,18.22
2017-04-20 21:55:00,6,5,1,0,28.3,10.62
2017-04-20 22:00:00,137,110,26,1,39.6,10.79
2017-04-20 22:05:00,145,117,26,2,39.0,9.62
2017-04-20 22:10:00,111,94,15,2,37.9,7.5
2017-04-20 22:15:00,179,142,35,2,39.4,12.45
2017-04-20 22:20:00,172,137,32,3,36.0,20.02
2017-04-20 22:25:00,29,19,9,1,51.7,8.47
2017-04-20 22:30:00,138,115,22,1,44.4,8.69
2017-04-20 22:35:00,132,111,20,1,45.5,8.95
2017-04-20 22:40:00,132,102,30,0,43.5,9.0
2017-04-20 22:45:00,119,93,26,0,47.4,5.62
2017-04-20 22:50:00,150,117,31,2,37.3,10.05
2017-04-20 22:55:00,102,78,24,0,46.6,5.65
2017-04-20 23:00:00,121,97,24,0,44.8,6.5
2017-04-20 23:05:00,121,93,28,0,49.6,5.85
2017-04-20 23:10:00,122,95,27,0,47.0,7.11
2017-04-20 23:15:00,105,88,17,0,52.0,6.16
2017-04-20 23:20:00,105,81,22,2,50.9,5.25
2017-04-20 23:25:00,104,79,23,2,49.0,5.22
2017-04-20 23:30:00,91,71,20,0,53.7,4.31
2017-04-20 23:35:00,108,92,16,0,48.6,5.25
2017-04-20 23:40:00,93,80,13,0,51.7,4.3
2017-04-20 23:45:00,27,17,10,0,42.5,2.65
2017-04-20 23:50:00,23,11,12,0,66.2,1.49
2017-04-20 23:55:00,97,71,26,0,51.0,4.88
2017-04-21 00:00:00,92,77,15,0,56.1,3.97
2017-04-21 00:05:00,92,71,21,0,48.0,4.6
2017-04-21 00:10:00,15,10,5,0,65.3,6.26
2017-04-21 00:15:00,79,68,10,1,47.1,5.53
2017-04-21 00:20:00,88,66,20,2,50.7,4.21
2017-04-21 00:25:00,82,69,13,0,53.2,3.63
2017-04-21 00:30:00,62,48,13,1,55.1,2.92
2017-04-21 00:35:00,64,53,11,0,62.6,2.61
2017-04-21 00:40:00,71,55,16,0,55.4,3.12
2017-04-21 00:45:00,14,11,3,0,62.0,5.74
2017-04-21 00:50:00,66,52,14,0,54.9,2.72
2017-04-21 00:55:00,69,58,11,0,54.5,3.17
2017-04-21 01:00:00,72,57,15,0,55.0,3.59
2017-04-21 01:05:00,45,39,6,0,58.5,1.97
2017-04-21 01:10:00,62,48,14,0,57.0,2.7
2017-04-21 01:15:00,57,44,13,0,58.2,2.36
2017-04-21 01:20:00,57,44,13,0,59.3,2.65
2017-04-21 01:25:00,61,46,15,0,65.4,3.04
2017-04-21 01:30:00,51,40,11,0,59.2,2.27
2017-04-21 01:35:00,42,31,10,1,60.7,1.79
2017-04-21 01:40:00,52,40,12,0,58.7,2.59
2017-04-21 01:45:00,37,31,6,0,64.3,1.52
2017-04-21 01:50:00,35,24,11,0,59.0,1.68
2017-04-21 01:55:00,51,38,13,0,65.1,2.06
2017-04-21 02:00:00,43,28,14,1,60.6,1.75
2017-04-21 02:05:00,35,28,7,0,58.2,1.68
2017-04-21 02:10:00,35,26,9,0,59.4,1.66
2017-04-21 02:15:00,48,38,10,0,58.4,1.95
2017-04-21 02:20:00,40,28,12,0,60.2,1.75
2017-04-21 02:25:00,36,28,8,0,57.6,1.68
2017-04-21 02:30:00,29,21,8,0,56.3,1.39
2017-04-21 02:35:00,51,39,10,2,57.6,8.55
2017-04-21 02:40:00,44,31,13,0,59.7,2.01
2017-04-21 02:45:00,39,31,8,0,61.1,1.57
2017-04-21 02:50:00,39,30,8,1,54.9,1.97
2017-04-21 02:55:00,21,11,10,0,60.8,0.98
2017-04-21 03:00:00,51,41,10,0,60.4,2.41
2017-04-21 03:05:00,42,32,10,0,55.8,1.96
2017-04-21 03:10:00,39,29,9,1,64.4,1.54
2017-04-21 03:15:00,35,27,7,1,69.3,1.44
2017-04-21 03:20:00,32,23,9,0,60.9,1.43
2017-04-21 03:25:00,25,14,11,0,61.0,1.17
2017-04-21 03:30:00,23,14,9,0,62.3,1.03
2017-04-21 03:35:00,28,22,6,0,63.8,2.13
2017-04-21 03:40:00,22,18,4,0,59.1,0.93
2017-04-21 03:45:00,31,19,12,0,64.0,1.28
2017-04-21 03:50:00,29,19,10,0,57.4,1.22
2017-04-21 03:55:00,25,19,6,0,72.2,0.99
2017-04-21 04:00:00,28,24,4,0,61.0,1.43
2017-04-21 04:05:00,35,25,10,0,62.0,1.62
2017-04-21 04:10:00,25,17,8,0,67.9,0.94
2017-04-21 04:15:00,26,20,6,0,63.9,1.07
2017-04-21 04:20:00,29,21,8,0,59.3,1.34
2017-04-21 04:25:00,35,29,6,0,57.6,2.1
2017-04-21 04:30:00,35,29,6,0,54.4,13.3
2017-04-21 04:35:00,31,20,9,2,54.1,1.72
2017-04-21 04:40:00,39,30,9,0,55.5,1.95
2017-04-21 04:45:00,40,30,10,0,56.5,1.95
2017-04-21 04:50:00,46,39,7,0,57.9,2.34
2017-04-21 04:55:00,31,24,7,0,56.1,1.55
2017-04-21 05:00:00,19,17,2,0,60.3,0.87
2017-04-21 05:05:00,30,22,8,0,57.9,1.35
2017-04-21 05:10:00,26,15,11,0,60.5,1.29
2017-04-21 05:15:00,39,29,10,0,58.1,1.78
2017-04-21 05:20:00,29,23,6,0,56.1,4.65
2017-04-21 05:25:00,37,30,7,0,39.8,34.86
2017-04-21 05:30:00,13,10,2,1,65.3,4.48
2017-04-21 05:35:00,33,28,5,0,56.8,1.71
2017-04-21 05:40:00,45,38,7,0,51.5,2.11
2017-04-21 05:45:00,49,42,7,0,49.2,2.44
2017-04-21 05:50:00,48,37,11,0,53.6,2.0
2017-04-21 05:55:00,41,37,4,0,59.0,1.56
2017-04-21 06:00:00,55,44,11,0,56.5,2.16
2017-04-21 06:05:00,10,8,2,0,56.7,3.66
2017-04-21 06:10:00,64,48,16,0,58.2,2.59
2017-04-21 06:15:00,66,48,17,1,56.1,2.89
2017-04-21 06:20:00,78,64,14,0,49.8,4.26
2017-04-21 06:25:00,65,50,14,1,55.0,3.05
2017-04-21 06:30:00,77,64,12,1,56.1,3.73
2017-04-21 06:35:00,75,64,10,1,51.2,3.44
2017-04-21 06:40:00,88,71,16,1,51.1,4.53
2017-04-21 06:45:00,85,64,21,0,53.9,3.59
2017-04-21 06:50:00,81,69,11,1,55.2,3.76
2017-04-21 06:55:00,73,54,19,0,54.4,3.56
2017-04-21 07:00:00,98,82,15,1,50.9,4.33
2017-04-21 07:05:00,119,95,23,1,56.1,5.01
2017-04-21 07:10:00,102,80,22,0,54.8,3.86
2017-04-21 07:15:00,134,108,25,1,55.9,5.07
2017-04-21 07:20:00,145,121,23,1,53.1,5.51
2017-04-21 07:25:00,124,102,21,1,54.5,4.67
2017-04-21 07:30:00,152,131,21,0,54.3,5.74
2017-04-21 07:35:00,115,102,13,0,53.5,5.36
2017-04-21 07:40:00,157,131,21,5,53.4,6.07
2017-04-21 07:45:00,174,151,20,3,55.1,6.32
2017-04-21 07:50:00,203,179,22,2,54.1,7.6
2017-04-21 07:55:00,161,140,20,1,50.6,6.37
2017-04-21 08:00:00,11,8,3,0,45.0,4.96
2017-04-21 08:05:00,212,189,20,3,50.0,7.87
2017-04-21 08:10:00,173,147,23,3,48.6,6.75
2017-04-21 08:15:00,205,179,26,0,48.9,9.11
2017-04-21 08:20:00,254,219,33,2,48.2,11.27
2017-04-21 08:25:00,177,157,17,3,47.7,7.97
2017-04-21 08:30:00,203,185,17,1,50.9,8.33
2017-04-21 08:35:00,23,19,4,0,54.7,9.07
2017-04-21 08:40:00,78,60,18,0,55.6,5.28
2017-04-21 08:45:00,143,112,31,0,54.1,5.62
2017-04-21 08:50:00,170,145,23,2,52.6,6.49
2017-04-21 08:55:00,145,126,19,0,53.7,6.25
2017-04-21 09:00:00,141,105,35,1,54.3,5.91
2017-04-21 09:05:00,172,145,25,2,53.9,7.0
2017-04-21 09:10:00,126,111,15,0,50.7,4.98
2017-04-21 09:15:00,179,148,31,0,47.8,7.92
2017-04-21 09:20:00,200,164,35,1,52.1,8.53
2017-04-21 09:25:00,139,114,23,2,51.4,5.75
2017-04-21 09:30:00,159,132,27,0,50.6,6.94
2017-04-21 09:35:00,151,129,22,0,49.1,6.54
2017-04-21 09:40:00,175,144,29,2,47.3,8.01
2017-04-21 09:45:00,199,166,29,4,48.7,8.9
2017-04-21 09:50:00,170,152,17,1,49.5,6.98
2017-04-21 09:55:00,138,110,25,3,51.0,5.96
2017-04-21 10:00:00,143,117,25,1,47.3,6.4
2017-04-21 10:05:00,159,133,25,1,49.2,7.34
2017-04-21 10:10:00,173,136,36,1,48.8,7.52
2017-04-21 10:15:00,158,137,19,2,49.4,6.76
2017-04-21 10:20:00,157,130,27,0,50.8,7.22
2017-04-21 10:25:00,161,139,19,3,52.0,6.35
2017-04-21 10:30:00,183,151,32,0,49.4,7.57
2017-04-21 10:35:00,128,114,13,1,53.3,5.21
2017-04-21 10:40:00,159,134,24,1,48.2,7.1
2017-04-21 10:45:00,181,156,24,1,46.9,8.15
2017-04-21 10:50:00,172,147,24,1,44.7,8.05
2017-04-21 10:55:00,169,147,20,2,50.7,7.61
2017-04-21 11:00:00,204,175,27,2,47.8,8.51
2017-04-21 11:05:00,179,143,34,2,45.2,9.45
2017-04-21 11:10:00,166,148,17,1,51.8,6.7
2017-04-21 11:15:00,145,128,17,0,48.6,6.2
2017-04-21 11:20:00,170,153,16,1,44.2,8.0
2017-04-21 11:25:00,181,153,25,3,45.7,7.93
2017-04-21 11:30:00,142,116,25,1,50.3,6.0
2017-04-21 11:35:00,161,140,19,2,50.1,6.7
2017-04-21 11:40:00,163,131,27,5,51.4,6.63
2017-04-21 11:45:00,178,149,26,3,47.9,7.82
2017-04-21 11:50:00,164,143,20,1,48.9,6.83
2017-04-21 11:55:00,161,134,22,5,45.3,7.54
2017-04-21 12:00:00,158,136,18,4,45.8,7.29
2017-04-21 12:05:00,153,134,17,2,45.6,7.08
2017-04-21 12:10:00,145,115,28,2,47.0,6.94
2017-04-21 12:15:00,164,147,16,1,47.9,6.74
2017-04-21 12:20:00,152,135,15,2,50.8,5.97
2017-04-21 12:25:00,161,145,15,1,50.1,6.56
2017-04-21 12:30:00,153,145,7,1,45.4,6.43
2017-04-21 12:35:00,147,135,11,1,40.9,6.83
2017-04-21 12:40:00,138,124,14,0,46.8,5.96
2017-04-21 12:45:00,137,116,20,1,44.1,6.16
2017-04-21 12:50:00,138,125,12,1,50.3,5.42
2017-04-21 12:55:00,164,142,22,0,48.4,6.86
2017-04-21 13:00:00,155,137,17,1,48.1,6.53
2017-04-21 13:05:00,145,123,20,2,49.8,5.99
2017-04-21 13:10:00,148,127,19,2,50.2,5.79
2017-04-21 13:15:00,143,125,14,4,50.3,5.37
2017-04-21 13:20:00,137,123,13,1,45.9,5.54
2017-04-21 13:25:00,153,134,18,1,44.3,7.48
2017-04-21 13:30:00,160,133,26,1,45.9,6.89
2017-04-21 13:35:00,156,130,26,0,49.1,6.68
2017-04-21 13:40:00,160,134,24,2,48.5,6.6
2017-04-21 13:45:00,174,149,23,2,47.9,8.37
2017-04-21 13:50:00,170,145,25,0,47.4,7.64
2017-04-21 13:55:00,155,140,15,0,46.3,7.13
2017-04-21 14:00:00,119,92,27,0,45.9,6.13
2017-04-21 14:05:00,154,136,17,1,48.0,6.7
2017-04-21 14:10:00,188,161,25,2,44.0,9.24
2017-04-21 14:15:00,180,156,24,0,49.3,7.6
2017-04-21 14:20:00,180,161,19,0,45.7,8.28
2017-04-21 14:25:00,179,141,36,2,44.8,8.9
2017-04-21 14:30:00,180,148,28,4,47.9,8.07
2017-04-21 14:35:00,144,123,19,2,47.7,6.21
2017-04-21 14:40:00,152,120,30,2,45.3,7.51
2017-04-21 14:45:00,158,134,24,0,44.6,7.89
2017-04-21 14:50:00,173,150,23,0,48.5,7.58
2017-04-21 14:55:00,163,139,22,2,45.9,7.52
2017-04-21 15:00:00,186,160,22,4,41.6,8.77
2017-04-21 15:05:00,166,148,17,1,50.6,7.91
2017-04-21 15:10:00,155,135,19,1,50.9,6.66
2017-04-21 15:15:00,166,147,17,2,48.2,7.21
2017-04-21 15:20:00,177,149,27,1,46.5,8.53
2017-04-21 15:25:00,153,127,23,3,48.1,6.46
2017-04-21 15:30:00,159,129,27,3,48.8,7.23
2017-04-21 15:35:00,167,134,28,5,48.3,7.37
2017-04-21 15:40:00,166,138,28,0,47.1,7.74
2017-04-21 15:45:00,159,129,28,2,46.7,7.69
2017-04-21 15:50:00,149,129,18,2,48.0,6.76
2017-04-21 15:55:00,165,134,27,4,48.7,7.43
2017-04-21 16:00:00,159,132,27,0,47.7,7.81
2017-04-21 16:05:00,153,124,27,2,46.6,7.06
2017-04-21 16:10:00,170,143,21,6,44.9,7.68
2017-04-21 16:15:00,151,123,26,2,41.7,7.56
2017-04-21 16:20:00,181,149,28,4,48.0,8.38
2017-04-21 16:25:00,177,147,29,1,45.2,8.87
2017-04-21 16:30:00,176,152,22,2,50.3,7.79
2017-04-21 16:35:00,176,142,29,5,45.2,8.54
2017-04-21 16:40:00,160,136,23,1,47.6,7.1
2017-04-21 16:45:00,163,133,26,4,45.8,8.09
2017-04-21 16:50:00,186,155,30,1,45.9,8.6
2017-04-21 16:55:00,168,137,28,3,49.1,7.52
2017-04-21 17:00:00,178,144,28,6,48.1,7.87
2017-04-21 17:05:00,197,166,25,6,37.6,15.54
2017-04-21 17:10:00,191,160,27,4,44.9,16.63
2017-04-21 17:15:00,175,146,28,1,45.8,8.75
2017-04-21 17:20:00,203,173,26,4,47.7,9.47
2017-04-21 17:25:00,204,165,35,4,43.4,14.47
2017-04-21 17:30:00,167,136,29,2,47.5,8.26
2017-04-21 17:35:00,197,167,29,1,48.8,8.76
2017-04-21 17:40:00,196,166,27,3,46.3,9.5
2017-04-21 17:45:00,181,156,25,0,44.3,9.09
2017-04-21 17:50:00,213,178,33,2,46.2,10.01
2017-04-21 17:55:00,201,173,27,1,47.2,10.14
2017-04-21 18:00:00,194,169,24,1,44.3,9.15
2017-04-21 18:05:00,233,204,28,1,46.4,10.53
2017-04-21 18:10:00,215,185,29,1,43.9,11.29
2017-04-21 18:15:00,211,173,37,1,41.3,12.13
2017-04-21 18:20:00,230,189,41,0,44.6,11.38
2017-04-21 18:25:00,221,186,34,1,46.2,10.72
2017-04-21 18:30:00,186,162,22,2,44.5,9.7
2017-04-21 18:35:00,214,177,35,2,47.1,9.89
2017-04-21 18:40:00,227,194,33,0,46.4,11.13
2017-04-21 18:45:00,189,162,25,2,46.4,9.41
2017-04-21 18:50:00,199,171,26,2,46.8,9.38
2017-04-21 18:55:00,221,186,33,2,43.3,13.44
2017-04-21 19:00:00,189,160,28,1,42.4,10.34
2017-04-21 19:05:00,218,182,34,2,47.7,10.15
2017-04-21 19:10:00,206,176,29,1,46.6,9.87
2017-04-21 19:15:00,168,144,22,2,45.0,8.58
2017-04-21 19:20:00,214,188,26,0,47.7,10.31
2017-04-21 19:25:00,205,177,27,1,44.0,10.72
2017-04-21 19:30:00,184,148,35,1,45.2,8.81
2017-04-21 19:35:00,235,187,48,0,41.4,14.27
2017-04-21 19:40:00,208,167,41,0,45.5,11.71
2017-04-21 19:45:00,187,150,36,1,43.3,10.44
2017-04-21 19:50:00,232,195,37,0,46.3,10.28
2017-04-21 19:55:00,207,157,50,0,43.6,10.69
2017-04-21 20:00:00,194,154,40,0,42.0,11.66
2017-04-21 20:05:00,200,157,43,0,46.8,9.83
2017-04-21 20:10:00,217,179,38,0,45.1,11.13
2017-04-21 20:15:00,164,139,25,0,48.4,12.18
2017-04-21 20:20:00,173,137,36,0,49.7,8.33
2017-04-21 20:25:00,171,129,40,2,49.2,8.42
2017-04-21 20:30:00,173,135,37,1,46.4,9.08
2017-04-21 20:35:00,195,156,38,1,47.5,9.55
2017-04-21 20:40:00,186,148,37,1,46.7,9.38
2017-04-21 20:45:00,168,137,31,0,42.2,9.57
2017-04-21 20:50:00,222,182,39,1,48.8,10.76
2017-04-21 20:55:00,181,132,49,0,48.8,9.36
2017-04-21 21:00:00,153,123,30,0,46.2,8.21
2017-04-21 21:05:00,151,124,26,1,46.0,7.58
2017-04-21 21:10:00,200,148,49,3,38.4,14.83
2017-04-21 21:15:00,171,129,40,2,35.2,12.72
2017-04-21 21:20:00,193,156,33,4,39.0,14.45
2017-04-21 21:25:00,168,131,36,1,38.7,14.2
2017-04-21 21:30:00,168,134,32,2,34.2,15.73
2017-04-21 21:35:00,167,132,34,1,42.5,9.55
2017-04-21 21:40:00,172,126,43,3,41.5,9.43
2017-04-21 21:45:00,202,156,41,5,37.6,16.44
2017-04-21 21:50:00,190,150,38,2,36.6,20.67
2017-04-21 21:55:00,168,126,42,0,37.9,14.24
2017-04-21 22:00:00,167,136,30,1,38.0,12.67
2017-04-21 22:05:00,170,142,24,4,39.1,16.71
2017-04-21 22:10:00,154,120,33,1,38.2,10.85
2017-04-21 22:15:00,180,123,55,2,37.4,14.42
2017-04-21 22:20:00,182,136,45,1,39.3,16.48
2017-04-21 22:25:00,183,139,37,7,39.9,19.06
2017-04-21 22:30:00,181,136,42,3,39.9,11.53
2017-04-21 22:35:00,155,119,30,6,39.1,11.54
2017-04-21 22:40:00,128,92,32,4,42.8,8.52
2017-04-21 22:45:00,161,117,39,5,35.6,14.73
2017-04-21 22:50:00,146,126,18,2,45.4,7.17
2017-04-21 22:55:00,170,137,32,1,41.1,10.89
2017-04-21 23:00:00,130,102,27,1,48.2,6.96
2017-04-21 23:05:00,147,115,32,0,45.2,9.0
2017-04-21 23:10:00,119,98,20,1,50.5,6.2
2017-04-21 23:15:00,138,105,31,2,45.8,8.46
2017-04-21 23:20:00,130,101,29,0,39.1,9.68
2017-04-21 23:25:00,114,92,20,2,47.9,9.35
2017-04-21 23:30:00,128,98,29,1,49.4,7.21
2017-04-21 23:35:00,120,95,25,0,49.1,7.61
2017-04-21 23:40:00,117,92,25,0,52.4,5.37
2017-04-21 23:45:00,115,87,28,0,51.4,5.73
2017-04-21 23:50:00,122,98,24,0,50.1,5.62
2017-04-21 23:55:00,103,90,12,1,50.2,4.86
2017-04-22 00:00:00,97,68,28,1,53.5,4.2
2017-04-22 00:05:00,83,62,21,0,54.5,3.59
2017-04-22 00:10:00,103,76,26,1,50.1,6.34
2017-04-22 00:15:00,118,94,24,0,53.6,6.46
2017-04-22 00:20:00,104,85,19,0,51.6,5.32
2017-04-22 00:25:00,77,54,22,1,54.8,3.48
2017-04-22 00:30:00,83,59,24,0,57.7,3.89
2017-04-22 00:35:00,88,70,17,1,50.8,4.34
2017-04-22 00:40:00,73,56,15,2,59.2,3.08
2017-04-22 00:45:00,94,70,24,0,55.5,4.19
2017-04-22 00:50:00,91,64,26,1,53.4,4.56
2017-04-22 00:55:00,99,79,20,0,50.9,4.96
2017-04-22 01:00:00,72,52,19,1,54.8,3.21
2017-04-22 01:05:00,61,44,17,0,56.9,2.51
2017-04-22 01:10:00,77,56,21,0,56.2,3.5
2017-04-22 01:15:00,71,51,20,0,56.7,3.0
2017-04-22 01:20:00,92,73,19,0,56.3,4.03
2017-04-22 01:25:00,87,71,15,1,54.6,3.98
2017-04-22 01:30:00,59,45,14,0,55.7,2.42
2017-04-22 01:35:00,51,44,7,0,57.7,2.21
2017-04-22 01:40:00,67,48,19,0,59.3,3.42
2017-04-22 01:45:00,70,51,19,0,61.6,2.82
2017-04-22 01:50:00,69,56,12,1,55.0,3.03
2017-04-22 01:55:00,69,54,15,0,55.1,3.56
2017-04-22 02:00:00,48,41,7,0,67.2,2.04
2017-04-22 02:05:00,66,48,18,0,57.8,2.84
2017-04-22 02:10:00,60,44,15,1,60.8,2.74
2017-04-22 02:15:00,39,31,8,0,60.0,1.7
2017-04-22 02:20:00,62,44,18,0,61.5,2.72
2017-04-22 02:25:00,48,34,12,2,58.9,2.24
2017-04-22 02:30:00,65,53,12,0,59.1,2.7
2017-04-22 02:35:00,36,31,5,0,60.9,2.66
2017-04-22 02:40:00,58,38,20,0,60.2,2.7
2017-04-22 02:45:00,59,37,22,0,62.4,2.53
2017-04-22 02:50:00,47,36,11,0,57.1,2.18
2017-04-22 02:55:00,45,30,14,1,59.3,1.79
2017-04-22 03:00:00,37,25,12,0,71.9,1.65
2017-04-22 03:05:00,53,42,11,0,63.0,2.59
2017-04-22 03:10:00,41,31,9,1,59.7,1.71
2017-04-22 03:15:00,36,25,11,0,61.9,1.62
2017-04-22 03:20:00,41,28,13,0,58.5,1.78
2017-04-22 03:25:00,38,29,9,0,70.1,1.49
2017-04-22 03:30:00,50,37,13,0,59.6,2.35
2017-04-22 03:35:00,47,34,13,0,56.2,2.42
2017-04-22 03:40:00,51,42,9,0,61.2,2.1
2017-04-22 03:45:00,37,25,12,0,62.4,1.79
2017-04-22 03:50:00,34,30,4,0,66.6,1.43
2017-04-22 03:55:00,43,31,12,0,65.4,1.8
2017-04-22 04:00:00,34,27,7,0,65.7,1.38
2017-04-22 04:05:00,28,20,8,0,63.1,1.18
2017-04-22 04:10:00,41,32,8,1,62.7,1.64
2017-04-22 04:15:00,34,25,9,0,73.6,1.33
2017-04-22 04:20:00,34,24,10,0,64.2,1.55
2017-04-22 04:25:00,42,31,9,2,62.8,1.92
2017-04-22 04:30:00,36,28,8,0,54.4,1.55
2017-04-22 04:35:00,31,19,12,0,54.4,1.65
2017-04-22 04:40:00,43,33,10,0,62.6,1.79
2017-04-22 04:45:00,32,21,11,0,57.4,1.52
2017-04-22 04:50:00,34,31,3,0,57.5,1.37
2017-04-22 04:55:00,42,29,13,0,70.8,1.84
2017-04-22 05:00:00,30,25,5,0,56.4,1.27
2017-04-22 05:05:00,31,24,7,0,61.7,1.45
2017-04-22 05:10:00,35,26,9,0,65.4,1.51
2017-04-22 05:15:00,41,32,9,0,62.0,1.68
2017-04-22 05:20:00,42,33,8,1,58.7,2.03
2017-04-22 05:25:00,55,44,11,0,56.5,2.42
2017-04-22 05:30:00,51,42,9,0,59.9,2.34
2017-04-22 05:35:00,50,39,10,1,58.6,2.07
2017-04-22 05:40:00,47,37,10,0,56.2,2.0
2017-04-22 05:45:00,35,31,4,0,58.6,1.28
2017-04-22 05:50:00,41,33,6,2,53.5,1.99
2017-04-22 05:55:00,59,43,15,1,61.2,2.12
2017-04-22 06:00:00,51,41,8,2,58.1,1.94
2017-04-22 06:05:00,77,61,14,2,46.7,3.41
2017-04-22 06:10:00,73,64,8,1,52.5,3.15
2017-04-22 06:15:00,57,42,13,2,52.6,2.39
2017-04-22 06:20:00,68,58,10,0,51.6,2.97
2017-04-22 06:25:00,71,54,15,2,54.0,3.2
2017-04-22 06:30:00,86,67,19,0,52.6,4.2
2017-04-22 06:35:00,106,83,21,2,52.4,5.23
2017-04-22 06:40:00,78,68,9,1,54.6,2.96
2017-04-22 06:45:00,94,74,20,0,51.4,4.61
2017-04-22 06:50:00,86,67,17,2,49.6,4.73
2017-04-22 06:55:00,58,43,14,1,49.8,2.65
2017-04-22 07:00:00,76,58,18,0,54.6,3.29
2017-04-22 07:05:00,86,67,17,2,56.5,3.4
2017-04-22 07:10:00,110,95,15,0,58.7,4.3
2017-04-22 07:15:00,63,49,12,2,62.1,2.38
2017-04-22 07:20:00,103,81,21,1,57.6,4.05
2017-04-22 07:25:00,82,57,22,3,54.3,3.65
2017-04-22 07:30:00,75,58,17,0,56.4,3.0
2017-04-22 07:35:00,86,70,15,1,60.1,2.9
2017-04-22 07:40:00,116,102,12,2,57.0,4.1
2017-04-22 07:45:00,94,75,15,4,55.1,3.82
2017-04-22 07:50:00,91,72,15,4,57.3,2.99
2017-04-22 07:55:00,134,109,24,1,53.4,5.65
2017-04-22 08:00:00,122,88,34,0,57.4,4.93
2017-04-22 08:05:00,139,110,27,2,54.9,5.69
2017-04-22 08:10:00,137,106,31,0,57.6,5.57
2017-04-22 08:15:00,105,79,23,3,54.4,4.4
2017-04-22 08:20:00,162,123,36,3,53.7,6.79
2017-04-22 08:25:00,164,136,26,2,50.3,10.57
2017-04-22 08:30:00,149,120,27,2,49.4,6.26
2017-04-22 08:35:00,180,155,24,1,54.2,7.37
2017-04-22 08:40:00,154,133,20,1,53.9,6.12
2017-04-22 08:45:00,142,117,23,2,52.1,6.68
2017-04-22 08:50:00,174,150,23,1,53.9,7.4
2017-04-22 08:55:00,178,152,26,0,51.3,7.55
2017-04-22 09:00:00,152,130,22,0,47.7,6.51
2017-04-22 09:05:00,132,112,20,0,55.4,5.29
2017-04-22 09:10:00,170,149,19,2,51.3,7.13
2017-04-22 09:15:00,136,108,25,3,50.1,6.12
2017-04-22 09:20:00,188,161,27,0,51.0,7.88
2017-04-22 09:25:00,176,148,28,0,51.6,7.09
2017-04-22 09:30:00,146,122,21,3,50.4,6.35
2017-04-22 09:35:00,175,152,22,1,52.5,7.15
2017-04-22 09:40:00,184,154,30,0,49.9,9.06
2017-04-22 09:45:00,170,139,28,3,47.5,7.29
2017-04-22 09:50:00,196,166,29,1,49.9,8.56
2017-04-22 09:55:00,214,179,34,1,46.1,10.25
2017-04-22 10:00:00,158,135,21,2,48.8,7.12
2017-04-22 10:05:00,213,181,29,3,47.9,10.37
2017-04-22 10:10:00,181,153,27,1,48.2,7.81
2017-04-22 10:15:00,182,151,30,1,45.6,9.78
2017-04-22 10:20:00,209,179,29,1,49.3,8.79
2017-04-22 10:25:00,205,172,31,2,44.7,10.8
2017-04-22 10:30:00,141,122,16,3,49.4,6.08
2017-04-22 10:35:00,182,143,33,6,51.8,7.38
2017-04-22 10:40:00,214,186,25,3,48.5,9.32
2017-04-22 10:45:00,148,126,21,1,47.7,6.35
2017-04-22 10:50:00,181,156,21,4,53.3,7.33
2017-04-22 10:55:00,158,141,15,2,50.3,6.36
2017-04-22 11:00:00,137,118,19,0,49.1,5.91
2017-04-22 11:05:00,190,167,22,1,49.9,8.06
2017-04-22 11:10:00,197,168,27,2,48.3,8.83
2017-04-22 11:15:00,151,123,24,4,46.3,6.8
2017-04-22 11:20:00,181,149,32,0,51.0,7.48
2017-04-22 11:25:00,181,159,19,3,52.5,7.35
2017-04-22 11:30:00,157,129,24,4,52.2,6.65
2017-04-22 11:35:00,197,161,28,8,49.8,8.61
2017-04-22 11:40:00,181,149,28,4,49.7,8.03
2017-04-22 11:45:00,153,133,18,2,50.1,6.5
2017-04-22 11:50:00,189,155,32,2,50.1,8.08
2017-04-22 11:55:00,175,142,33,0,48.7,7.71
2017-04-22 12:00:00,148,132,15,1,50.9,7.7
2017-04-22 12:05:00,198,172,26,0,47.8,8.34
2017-04-22 12:10:00,191,170,17,4,46.5,9.73
2017-04-22 12:15:00,165,148,14,3,45.0,6.95
2017-04-22 12:20:00,178,155,21,2,47.0,7.38
2017-04-22 12:25:00,173,154,17,2,46.0,7.79
2017-04-22 12:30:00,144,124,19,1,47.5,6.55
2017-04-22 12:35:00,178,163,10,5,44.5,7.32
2017-04-22 12:40:00,187,172,10,5,45.2,8.16
2017-04-22 12:45:00,177,150,27,0,42.8,8.94
2017-04-22 12:50:00,201,179,19,3,37.8,10.47
2017-04-22 12:55:00,208,184,23,1,42.6,11.09
2017-04-22 13:00:00,170,141,28,1,45.0,8.79
2017-04-22 13:05:00,188,165,20,3,51.0,15.67
2017-04-22 13:10:00,176,152,23,1,48.6,7.22
2017-04-22 13:15:00,164,143,14,7,46.5,7.16
2017-04-22 13:20:00,203,176,22,5,44.7,8.65
2017-04-22 13:25:00,155,127,25,3,43.9,19.53
2017-04-22 13:30:00,175,146,26,3,43.5,8.98
2017-04-22 13:35:00,186,165,19,2,48.2,8.0
2017-04-22 13:40:00,176,148,25,3,46.2,7.51
2017-04-22 13:45:00,160,137,22,1,43.9,7.68
2017-04-22 13:50:00,205,174,30,1,44.8,10.7
2017-04-22 13:55:00,158,129,28,1,42.8,8.81
2017-04-22 14:00:00,98,86,12,0,44.7,13.11
2017-04-22 14:05:00,100,84,16,0,51.6,4.5
2017-04-22 14:10:00,125,102,22,1,49.7,5.58
2017-04-22 14:15:00,154,120,34,0,42.8,9.81
2017-04-22 14:20:00,156,130,26,0,48.2,7.41
2017-04-22 14:25:00,162,136,24,2,47.0,7.61
2017-04-22 14:30:00,156,131,25,0,44.4,8.18
2017-04-22 14:35:00,165,138,27,0,48.2,7.65
2017-04-22 14:40:00,164,125,38,1,47.5,8.55
2017-04-22 14:45:00,165,138,20,7,46.3,7.56
2017-04-22 14:50:00,181,149,31,1,46.9,9.23
2017-04-22 14:55:00,193,167,23,3,44.9,11.13
2017-04-22 15:00:00,156,129,23,4,44.3,7.6
2017-04-22 15:05:00,208,170,34,4,44.8,10.16
2017-04-22 15:10:00,178,131,40,7,48.7,9.82
2017-04-22 15:15:00,180,147,30,3,44.7,8.21
2017-04-22 15:20:00,209,160,38,11,44.8,10.22
2017-04-22 15:25:00,196,138,51,7,40.9,11.43
2017-04-22 15:30:00,157,120,32,5,43.6,7.88
2017-04-22 15:35:00,188,142,37,9,45.1,8.6
2017-04-22 15:40:00,186,155,26,5,42.4,9.81
2017-04-22 15:45:00,158,125,30,3,39.4,10.21
2017-04-22 15:50:00,188,157,21,10,43.8,9.21
2017-04-22 15:55:00,190,163,21,6,44.4,8.63
2017-04-22 16:00:00,162,128,29,5,46.2,7.2
2017-04-22 16:05:00,209,166,34,9,46.5,8.98
2017-04-22 16:10:00,192,153,31,8,44.8,10.55
2017-04-22 16:15:00,169,138,22,9,43.3,8.26
2017-04-22 16:20:00,185,153,28,4,45.3,8.17
2017-04-22 16:25:00,173,136,32,5,47.4,7.47
2017-04-22 16:30:00,143,123,18,2,46.3,6.2
2017-04-22 16:35:00,192,169,19,4,45.9,8.57
2017-04-22 16:40:00,200,174,22,4,44.5,8.9
2017-04-22 16:45:00,184,152,28,4,40.1,10.69
2017-04-22 16:50:00,212,186,24,2,46.6,9.67
2017-04-22 16:55:00,186,159,25,2,48.7,8.23
2017-04-22 17:00:00,152,129,19,4,46.6,7.01
2017-04-22 17:05:00,214,189,24,1,42.9,10.58
2017-04-22 17:10:00,197,178,18,1,44.5,9.56
2017-04-22 17:15:00,160,142,17,1,45.2,7.35
2017-04-22 17:20:00,233,211,20,2,46.5,10.32
2017-04-22 17:25:00,204,187,16,1,45.8,9.67
2017-04-22 17:30:00,199,174,21,4,39.6,13.86
2017-04-22 17:35:00,219,184,30,5,44.9,10.19
2017-04-22 17:40:00,185,162,23,0,48.8,8.24
2017-04-22 17:45:00,186,164,20,2,42.1,9.96
2017-04-22 17:50:00,202,182,20,0,50.9,8.83
2017-04-22 17:55:00,193,172,17,4,47.0,9.09
2017-04-22 18:00:00,171,142,27,2,49.6,7.85
2017-04-22 18:05:00,204,175,28,1,49.9,9.26
2017-04-22 18:10:00,214,187,22,5,48.8,9.14
2017-04-22 18:15:00,164,136,27,1,47.8,7.79
2017-04-22 18:20:00,191,165,26,0,48.5,8.54
2017-04-22 18:25:00,111,101,8,2,49.2,5.0
2017-04-22 18:30:00,169,141,28,0,45.4,8.33
2017-04-22 18:35:00,195,156,36,3,49.9,8.89
2017-04-22 18:40:00,172,150,21,1,48.2,8.58
2017-04-22 18:45:00,159,132,25,2,46.1,7.55
2017-04-22 18:50:00,162,140,22,0,49.2,7.48
2017-04-22 18:55:00,193,165,27,1,48.9,9.06
2017-04-22 19:00:00,142,116,25,1,48.6,6.59
2017-04-22 19:05:00,193,156,37,0,45.1,9.38
2017-04-22 19:10:00,180,139,39,2,44.5,9.13
2017-04-22 19:15:00,165,144,20,1,47.9,7.84
2017-04-22 19:20:00,184,164,20,0,49.1,7.95
2017-04-22 19:25:00,152,129,23,0,47.1,6.85
2017-04-22 19:30:00,135,109,26,0,49.9,6.48
2017-04-22 19:35:00,162,135,27,0,48.3,7.87
2017-04-22 19:40:00,168,140,28,0,48.1,8.6
2017-04-22 19:45:00,131,99,32,0,47.6,6.24
2017-04-22 19:50:00,192,153,38,1,46.5,10.24
2017-04-22 19:55:00,173,127,46,0,48.5,8.4
2017-04-22 20:00:00,124,96,28,0,50.1,7.0
2017-04-22 20:05:00,171,134,37,0,52.0,7.66
2017-04-22 20:10:00,159,135,24,0,49.1,7.02
2017-04-22 20:15:00,151,119,32,0,45.3,12.24
2017-04-22 20:20:00,185,144,41,0,50.5,9.02
2017-04-22 20:25:00,166,131,35,0,50.4,8.39
2017-04-22 20:30:00,129,97,30,2,49.2,7.73
2017-04-22 20:35:00,212,172,38,2,45.9,11.36
2017-04-22 20:40:00,112,88,24,0,48.9,5.49
2017-04-22 20:45:00,88,71,17,0,49.8,4.86
2017-04-22 20:50:00,85,66,19,0,52.9,3.8
2017-04-22 20:55:00,187,151,36,0,50.7,8.46
2017-04-22 21:00:00,162,128,32,2,48.9,8.69
2017-04-22 21:05:00,168,120,46,2,47.8,9.57
2017-04-22 21:10:00,175,134,41,0,43.8,11.32
2017-04-22 21:15:00,144,113,31,0,41.7,10.14
2017-04-22 21:20:00,172,133,38,1,38.7,12.35
2017-04-22 21:25:00,147,118,29,0,43.1,8.55
2017-04-22 21:30:00,162,117,42,3,40.0,12.18
2017-04-22 21:35:00,161,126,35,0,40.9,10.47
2017-04-22 21:40:00,172,125,45,2,43.3,11.31
2017-04-22 21:45:00,179,122,52,5,41.1,13.16
2017-04-22 21:50:00,189,146,39,4,35.5,20.9
2017-04-22 21:55:00,191,145,40,6,36.5,13.95
2017-04-22 22:00:00,154,114,38,2,35.8,13.64
2017-04-22 22:05:00,157,117,36,4,40.5,9.98
2017-04-22 22:10:00,147,115,31,1,41.7,7.84
2017-04-22 22:15:00,148,110,37,1,46.5,8.87
2017-04-22 22:20:00,131,101,28,2,47.3,6.66
2017-04-22 22:25:00,112,91,20,1,45.5,6.85
2017-04-22 22:30:00,134,106,28,0,49.5,6.58
2017-04-22 22:35:00,121,98,23,0,46.7,6.19
2017-04-22 22:40:00,119,97,21,1,45.4,7.2
2017-04-22 22:45:00,113,91,22,0,45.8,6.14
2017-04-22 22:50:00,106,82,24,0,46.9,4.77
2017-04-22 22:55:00,106,81,24,1,53.5,5.28
2017-04-22 23:00:00,97,77,20,0,50.4,4.32
2017-04-22 23:05:00,125,88,37,0,50.0,7.24
2017-04-22 23:10:00,114,95,19,0,48.3,5.19
2017-04-22 23:15:00,98,73,24,1,52.1,4.7
2017-04-22 23:20:00,101,69,32,0,50.8,4.65
2017-04-22 23:25:00,93,67,24,2,52.1,4.34
2017-04-22 23:30:00,103,90,13,0,51.0,5.69
2017-04-22 23:35:00,104,82,21,1,55.3,5.39
2017-04-22 23:40:00,85,66,19,0,57.0,7.37
2017-04-22 23:45:00,101,70,31,0,53.7,4.57
2017-04-22 23:50:00,91,62,28,1,56.6,4.28
2017-04-22 23:55:00,77,62,15,0,58.1,3.32
2017-04-23 00:00:00,92,66,26,0,60.2,3.92
2017-04-23 00:05:00,85,61,24,0,53.7,3.84
2017-04-23 00:10:00,101,75,26,0,53.1,4.81
2017-04-23 00:15:00,121,91,30,0,50.5,6.45
2017-04-23 00:20:00,85,65,19,1,53.8,4.13
2017-04-23 00:25:00,79,61,18,0,52.2,3.61
2017-04-23 00:30:00,91,68,22,1,49.9,4.81
2017-04-23 00:35:00,77,55,22,0,52.3,3.85
2017-04-23 00:40:00,84,62,22,0,60.6,3.72
2017-04-23 00:45:00,86,66,20,0,55.8,3.92
2017-04-23 00:50:00,76,57,19,0,58.3,3.3
2017-04-23 00:55:00,69,45,24,0,59.9,3.22
2017-04-23 01:00:00,71,50,21,0,56.8,3.18
2017-04-23 01:05:00,66,53,13,0,60.3,3.21
2017-04-23 01:10:00,69,53,16,0,57.1,4.0
2017-04-23 01:15:00,58,44,13,1,59.9,2.69
2017-04-23 01:20:00,60,44,16,0,60.5,2.69
2017-04-23 01:25:00,79,61,18,0,62.6,3.34
2017-04-23 01:30:00,56,46,10,0,61.8,2.51
2017-04-23 01:35:00,50,38,12,0,60.1,2.37
2017-04-23 01:40:00,57,38,19,0,61.1,2.45
2017-04-23 01:45:00,68,48,20,0,60.6,9.64
2017-04-23 01:50:00,53,42,11,0,62.6,2.36
2017-04-23 01:55:00,51,40,11,0,61.2,2.06
2017-04-23 02:00:00,59,46,13,0,59.2,2.77
2017-04-23 02:05:00,57,45,12,0,57.1,2.46
2017-04-23 02:10:00,54,39,15,0,62.2,2.38
2017-04-23 02:15:00,68,48,20,0,60.8,3.07
2017-04-23 02:20:00,57,37,20,0,54.9,2.66
2017-04-23 02:25:00,43,30,13,0,60.6,2.09
2017-04-23 02:30:00,48,36,12,0,62.3,1.77
2017-04-23 02:35:00,62,40,22,0,56.9,2.92
2017-04-23 02:40:00,43,28,15,0,61.0,1.83
2017-04-23 02:45:00,39,26,12,1,54.9,1.89
2017-04-23 02:50:00,54,38,15,1,62.6,2.21
2017-04-23 02:55:00,46,37,9,0,60.7,2.0
2017-04-23 03:00:00,51,38,13,0,56.4,2.28
2017-04-23 03:05:00,53,36,17,0,59.0,2.28
2017-04-23 03:10:00,47,37,9,1,62.2,1.85
2017-04-23 03:15:00,53,39,13,1,60.5,2.55
2017-04-23 03:20:00,37,32,5,0,59.9,1.53
2017-04-23 03:25:00,41,30,11,0,59.9,1.88
2017-04-23 03:30:00,37,30,7,0,65.9,2.6
2017-04-23 03:35:00,38,29,9,0,56.0,6.22
2017-04-23 03:40:00,41,25,16,0,65.4,1.75
2017-04-23 03:45:00,34,27,7,0,61.9,1.5
2017-04-23 03:50:00,33,23,10,0,64.4,1.27
2017-04-23 03:55:00,34,28,6,0,64.1,1.31
2017-04-23 04:00:00,34,23,11,0,62.5,1.42
2017-04-23 04:05:00,20,18,2,0,68.3,0.81
2017-04-23 04:10:00,54,46,8,0,61.5,2.3
2017-04-23 04:15:00,39,28,11,0,70.7,1.53
2017-04-23 04:20:00,49,37,12,0,58.2,2.15
2017-04-23 04:25:00,23,17,6,0,55.5,1.03
2017-04-23 04:30:00,41,30,11,0,62.1,1.66
2017-04-23 04:35:00,49,37,12,0,58.0,2.2
2017-04-23 04:40:00,32,22,10,0,64.1,11.79
2017-04-23 04:45:00,28,21,7,0,62.1,1.26
2017-04-23 04:50:00,34,25,9,0,67.9,1.4
2017-04-23 04:55:00,32,26,6,0,67.5,1.32
2017-04-23 05:00:00,31,20,11,0,58.4,4.8
2017-04-23 05:05:00,36,32,4,0,62.7,1.58
2017-04-23 05:10:00,42,35,7,0,59.8,1.74
2017-04-23 05:15:00,39,33,5,1,68.4,1.54
2017-04-23 05:20:00,38,30,8,0,65.6,1.55
2017-04-23 05:25:00,38,28,10,0,63.9,1.67
2017-04-23 05:30:00,51,39,12,0,60.0,2.2
2017-04-23 05:35:00,52,42,10,0,59.8,2.25
2017-04-23 05:40:00,41,31,10,0,60.6,1.69
2017-04-23 05:45:00,43,33,8,2,59.8,1.76
2017-04-23 05:50:00,54,45,9,0,58.4,2.16
2017-04-23 05:55:00,40,35,4,1,73.4,1.4
2017-04-23 06:00:00,48,33,14,1,67.4,1.75
2017-04-23 06:05:00,70,57,13,0,61.6,2.9
2017-04-23 06:10:00,43,35,7,1,62.4,1.6
2017-04-23 06:15:00,49,43,6,0,51.6,2.11
2017-04-23 06:20:00,50,39,11,0,56.8,2.18
2017-04-23 06:25:00,57,46,10,1,51.6,2.75
2017-04-23 06:30:00,68,49,19,0,49.1,3.33
2017-04-23 06:35:00,57,45,10,2,56.2,2.52
2017-04-23 06:40:00,77,66,11,0,53.6,3.62
2017-04-23 06:45:00,59,45,14,0,51.1,2.87
2017-04-23 06:50:00,58,45,12,1,58.0,2.44
2017-04-23 06:55:00,48,36,11,1,55.8,1.99
2017-04-23 07:00:00,71,56,15,0,54.2,2.85
2017-04-23 07:05:00,51,40,10,1,51.2,2.64
2017-04-23 07:10:00,81,70,8,3,56.3,3.24
2017-04-23 07:15:00,59,46,11,2,59.0,2.22
2017-04-23 07:20:00,65,51,13,1,59.7,2.55
2017-04-23 07:25:00,62,52,10,0,59.8,2.25
2017-04-23 07:30:00,59,47,12,0,57.9,2.55
2017-04-23 07:35:00,51,45,6,0,62.0,1.62
2017-04-23 07:40:00,61,43,13,5,57.7,2.21
2017-04-23 07:45:00,76,63,12,1,52.9,2.92
2017-04-23 07:50:00,75,68,6,1,53.9,2.38
2017-04-23 07:55:00,69,54,14,1,57.9,2.86
2017-04-23 08:00:00,61,46,15,0,54.9,2.71
2017-04-23 08:05:00,99,71,28,0,60.2,3.83
2017-04-23 08:10:00,94,72,19,3,59.5,3.54
2017-04-23 08:15:00,96,75,20,1,57.4,3.65
2017-04-23 08:20:00,136,107,29,0,57.2,5.43
2017-04-23 08:25:00,109,90,18,1,58.1,4.11
2017-04-23 08:30:00,99,75,23,1,56.2,3.76
2017-04-23 08:35:00,137,108,29,0,53.1,5.97
2017-04-23 08:40:00,107,88,19,0,52.6,4.34
2017-04-23 08:45:00,133,107,25,1,51.3,5.69
2017-04-23 08:50:00,158,135,23,0,51.6,6.47
2017-04-23 08:55:00,111,94,17,0,53.1,4.37
2017-04-23 09:00:00,99,85,13,1,52.4,4.07
2017-04-23 09:05:00,144,124,18,2,55.7,5.37
2017-04-23 09:10:00,113,94,19,0,50.7,4.93
2017-04-23 09:15:00,118,107,9,2,50.9,4.74
2017-04-23 09:20:00,146,129,14,3,50.9,5.74
2017-04-23 09:25:00,129,119,6,4,52.1,5.17
2017-04-23 09:30:00,140,122,15,3,46.7,6.01
2017-04-23 09:35:00,141,124,16,1,48.7,5.49
2017-04-23 09:40:00,122,104,16,2,54.5,4.7
2017-04-23 09:45:00,120,110,9,1,52.0,4.95
2017-04-23 09:50:00,163,144,14,5,50.5,6.37
2017-04-23 09:55:00,159,137,16,6,48.2,6.45
2017-04-23 10:00:00,121,104,15,2,48.4,4.83
2017-04-23 10:05:00,159,139,19,1,46.4,6.7
2017-04-23 10:10:00,164,139,20,5,42.1,10.95
2017-04-23 10:15:00,134,119,12,3,42.4,6.1
2017-04-23 10:20:00,164,137,26,1,46.2,7.1
2017-04-23 10:25:00,159,138,19,2,39.6,7.42
2017-04-23 10:30:00,144,123,19,2,40.3,15.47
2017-04-23 10:35:00,158,139,16,3,49.8,6.19
2017-04-23 10:40:00,159,143,11,5,42.0,7.48
2017-04-23 10:45:00,139,125,9,5,44.3,6.62
2017-04-23 10:50:00,187,165,16,6,48.6,7.57
2017-04-23 10:55:00,137,128,8,1,44.9,5.83
2017-04-23 11:00:00,123,113,7,3,45.8,5.0
2017-04-23 11:05:00,162,147,13,2,38.5,7.18
2017-04-23 11:10:00,146,125,19,2,39.8,7.44
2017-04-23 11:15:00,148,133,13,2,41.1,6.8
2017-04-23 11:20:00,135,126,8,1,45.6,5.74
2017-04-23 11:25:00,141,133,8,0,50.1,5.98
2017-04-23 11:30:00,118,103,13,2,41.7,5.2
2017-04-23 11:35:00,143,133,9,1,37.2,6.05
2017-04-23 11:40:00,163,149,12,2,43.1,6.49
2017-04-23 11:45:00,126,110,14,2,38.6,5.94
2017-04-23 11:50:00,191,169,21,1,46.7,8.65
2017-04-23 11:55:00,158,143,13,2,45.6,7.08
2017-04-23 12:00:00,128,107,18,3,51.7,5.44
2017-04-23 12:05:00,151,137,10,4,48.5,6.1
2017-04-23 12:10:00,151,133,11,7,34.7,7.73
2017-04-23 12:15:00,118,107,8,3,42.5,4.96
2017-04-23 12:20:00,166,156,7,3,48.1,6.68
2017-04-23 12:25:00,152,134,15,3,37.1,16.95
2017-04-23 12:30:00,150,133,14,3,30.2,40.43
2017-04-23 12:35:00,190,164,21,5,29.7,21.52
2017-04-23 12:40:00,159,145,13,1,43.0,7.27
2017-04-23 12:45:00,141,127,12,2,35.8,9.99
2017-04-23 12:50:00,166,145,18,3,32.0,40.56
2017-04-23 12:55:00,152,146,6,0,39.7,33.52
2017-04-23 13:00:00,123,109,12,2,32.2,31.94
2017-04-23 13:05:00,198,179,17,2,27.2,38.14
2017-04-23 13:10:00,167,149,13,5,32.8,33.15
2017-04-23 13:15:00,145,130,13,2,29.0,33.09
2017-04-23 13:20:00,174,160,12,2,32.3,33.82
2017-04-23 13:25:00,155,142,13,0,33.2,33.66
2017-04-23 13:30:00,127,107,19,1,31.0,32.42
2017-04-23 13:35:00,152,133,19,0,32.0,33.21
2017-04-23 13:40:00,146,128,18,0,32.4,33.01
2017-04-23 13:45:00,166,150,14,2,28.4,36.49
2017-04-23 13:50:00,179,158,19,2,36.6,23.39
2017-04-23 13:55:00,190,162,28,0,37.7,11.4
2017-04-23 14:00:00,160,136,24,0,28.2,9.33
2017-04-23 14:05:00,195,177,16,2,32.7,12.83
2017-04-23 14:10:00,198,161,37,0,37.1,12.35
2017-04-23 14:15:00,152,130,20,2,28.8,13.14
2017-04-23 14:20:00,186,164,22,0,28.2,36.42
2017-04-23 14:25:00,167,151,16,0,28.9,35.42
2017-04-23 14:30:00,160,146,13,1,28.1,35.09
2017-04-23 14:35:00,189,173,14,2,30.1,36.08
2017-04-23 14:40:00,178,151,23,4,28.0,35.87
2017-04-23 14:45:00,134,122,11,1,31.3,33.59
2017-04-23 14:50:00,170,147,15,8,30.7,33.67
2017-04-23 14:55:00,157,136,21,0,31.6,33.74
2017-04-23 15:00:00,129,105,17,7,30.9,32.81
2017-04-23 15:05:00,159,122,29,8,30.9,34.02
2017-04-23 15:10:00,157,117,34,6,29.7,34.85
2017-04-23 15:15:00,126,97,25,4,27.7,35.66
2017-04-23 15:20:00,162,132,19,11,38.0,31.9
2017-04-23 15:25:00,171,145,20,6,40.7,8.52
2017-04-23 15:30:00,158,136,16,6,40.7,8.43
2017-04-23 15:35:00,163,137,21,5,44.9,7.36
2017-04-23 15:40:00,199,172,20,7,40.6,10.6
2017-04-23 15:45:00,135,111,19,5,44.2,6.39
2017-04-23 15:50:00,164,143,16,5,45.7,7.56
2017-04-23 15:55:00,190,167,14,9,46.4,8.06
2017-04-23 16:00:00,153,132,18,3,44.0,6.92
2017-04-23 16:05:00,171,155,15,1,44.8,8.38
2017-04-23 16:10:00,197,170,20,7,45.2,8.97
2017-04-23 16:15:00,141,123,14,4,33.6,8.24
2017-04-23 16:20:00,140,123,13,4,43.5,6.34
2017-04-23 16:25:00,121,106,11,4,46.0,5.04
2017-04-23 16:30:00,115,106,6,3,39.6,4.75
2017-04-23 16:35:00,145,134,9,2,42.3,6.31
2017-04-23 16:40:00,140,126,11,3,44.0,5.69
2017-04-23 16:45:00,121,114,5,2,43.0,4.93
2017-04-23 16:50:00,160,148,10,2,39.8,6.76
2017-04-23 16:55:00,152,134,12,6,42.1,6.66
2017-04-23 17:00:00,121,111,6,4,45.4,5.16
2017-04-23 17:05:00,148,131,14,3,45.5,6.35
2017-04-23 17:10:00,157,144,11,2,43.4,7.22
2017-04-23 17:15:00,158,145,10,3,47.4,6.89
2017-04-23 17:20:00,184,169,15,0,42.5,8.05
2017-04-23 17:25:00,174,162,11,1,35.6,8.18
2017-04-23 17:30:00,150,138,10,2,44.0,6.33
2017-04-23 17:35:00,189,174,9,6,39.4,7.85
2017-04-23 17:40:00,160,148,11,1,41.6,7.2
2017-04-23 17:45:00,120,113,6,1,43.9,5.31
2017-04-23 17:50:00,168,153,14,1,42.9,7.71
2017-04-23 17:55:00,167,152,13,2,42.2,7.55
2017-04-23 18:00:00,149,139,10,0,36.9,6.63
2017-04-23 18:05:00,138,130,8,0,47.2,5.8
2017-04-23 18:10:00,163,154,9,0,45.3,7.38
2017-04-23 18:15:00,108,99,7,2,41.7,4.51
2017-04-23 18:20:00,161,147,12,2,46.6,6.9
2017-04-23 18:25:00,137,129,7,1,45.4,5.9
2017-04-23 18:30:00,127,111,13,3,46.5,5.49
2017-04-23 18:35:00,145,134,11,0,50.0,5.92
2017-04-23 18:40:00,158,140,16,2,51.3,6.68
2017-04-23 18:45:00,108,92,15,1,49.1,4.86
2017-04-23 18:50:00,203,170,30,3,45.7,9.03
2017-04-23 18:55:00,122,106,15,1,51.2,5.27
2017-04-23 19:00:00,127,107,18,2,51.0,5.37
2017-04-23 19:05:00,172,146,23,3,51.2,7.27
2017-04-23 19:10:00,163,143,19,1,47.8,7.5
2017-04-23 19:15:00,132,113,17,2,48.7,5.81
2017-04-23 19:20:00,185,167,18,0,46.6,8.45
2017-04-23 19:25:00,183,162,21,0,46.8,8.37
2017-04-23 19:30:00,150,134,14,2,45.5,8.08
2017-04-23 19:35:00,169,139,29,1,47.9,7.8
2017-04-23 19:40:00,172,140,32,0,47.4,8.13
2017-04-23 19:45:00,116,86,29,1,50.3,5.32
2017-04-23 19:50:00,172,145,26,1,49.1,7.92
2017-04-23 19:55:00,141,111,30,0,48.5,6.68
2017-04-23 20:00:00,111,91,20,0,49.4,5.21
2017-04-23 20:05:00,179,154,25,0,48.1,8.71
2017-04-23 20:10:00,147,131,16,0,48.2,7.14
2017-04-23 20:15:00,143,106,34,3,45.9,7.22
2017-04-23 20:20:00,160,138,21,1,49.8,7.23
2017-04-23 20:25:00,157,128,28,1,47.3,8.16
2017-04-23 20:30:00,134,112,22,0,46.8,7.71
2017-04-23 20:35:00,181,141,39,1,47.3,9.1
2017-04-23 20:40:00,169,142,25,2,44.9,8.19
2017-04-23 20:45:00,148,122,26,0,46.2,8.39
2017-04-23 20:50:00,189,158,31,0,50.5,9.26
2017-04-23 20:55:00,174,139,35,0,44.2,9.05
2017-04-23 21:00:00,121,105,14,2,48.3,5.24
2017-04-23 21:05:00,166,138,28,0,47.6,7.5
2017-04-23 21:10:00,144,120,23,1,38.1,11.5
2017-04-23 21:15:00,148,125,20,3,40.0,8.27
2017-04-23 21:20:00,140,118,22,0,42.4,9.08
2017-04-23 21:25:00,126,102,24,0,45.2,7.21
2017-04-23 21:30:00,142,111,31,0,43.0,8.09
2017-04-23 21:35:00,132,104,26,2,46.7,6.44
2017-04-23 21:40:00,129,103,26,0,45.0,6.19
2017-04-23 21:45:00,131,103,27,1,46.3,7.1
2017-04-23 21:50:00,134,106,28,0,47.4,6.45
2017-04-23 21:55:00,101,78,22,1,47.6,4.85
2017-04-23 22:00:00,110,90,19,1,46.1,5.36
2017-04-23 22:05:00,107,87,19,1,46.6,5.46
2017-04-23 22:10:00,134,112,22,0,41.7,7.29
2017-04-23 22:15:00,106,85,20,1,50.8,4.84
2017-04-23 22:20:00,104,79,23,2,49.5,4.92
2017-04-23 22:25:00,105,85,18,2,47.8,5.25
2017-04-23 22:30:00,107,87,19,1,47.0,5.56
2017-04-23 22:35:00,52,38,14,0,48.2,3.55
2017-04-23 22:40:00,84,66,18,0,45.1,4.83
2017-04-23 22:45:00,72,49,23,0,53.8,3.28
2017-04-23 22:50:00,121,98,22,1,45.5,5.98
2017-04-23 22:55:00,89,73,16,0,49.9,4.28
2017-04-23 23:00:00,73,53,20,0,56.7,3.29
2017-04-23 23:05:00,87,60,27,0,54.5,4.27
2017-04-23 23:10:00,93,71,22,0,52.7,3.99
2017-04-23 23:15:00,81,66,14,1,44.6,3.82
2017-04-23 23:20:00,57,43,14,0,56.4,2.81
2017-04-23 23:25:00,58,45,13,0,57.5,2.76
2017-04-23 23:30:00,65,50,14,1,57.9,2.77
2017-04-23 23:35:00,65,55,10,0,55.7,3.19
2017-04-23 23:40:00,75,59,16,0,56.8,3.34
2017-04-23 23:45:00,61,42,19,0,61.3,3.26
2017-04-23 23:50:00,72,52,18,2,59.4,2.86
2017-04-23 23:55:00,52,36,16,0,56.0,2.59
2017-04-24 00:00:00,57,39,18,0,58.5,2.75
2017-04-24 00:05:00,49,37,12,0,55.0,3.21
2017-04-24 00:10:00,59,39,20,0,59.3,2.49
2017-04-24 00:15:00,68,51,17,0,67.0,2.87
2017-04-24 00:20:00,47,36,11,0,56.9,2.07
2017-04-24 00:25:00,50,36,14,0,57.3,2.22
2017-04-24 00:30:00,58,41,17,0,54.0,2.87
2017-04-24 00:35:00,57,44,13,0,52.8,2.51
2017-04-24 00:40:00,53,35,18,0,61.5,2.36
2017-04-24 00:45:00,52,43,9,0,60.4,2.53
2017-04-24 00:50:00,40,29,11,0,57.4,2.12
2017-04-24 00:55:00,30,19,11,0,64.1,1.38
2017-04-24 01:00:00,31,25,6,0,58.1,1.28
2017-04-24 01:05:00,44,30,14,0,64.1,1.85
2017-04-24 01:10:00,39,31,8,0,55.2,1.67
2017-04-24 01:15:00,21,15,6,0,60.8,0.93
2017-04-24 01:20:00,26,16,10,0,64.1,1.16
2017-04-24 01:25:00,56,37,19,0,61.8,2.35
2017-04-24 01:30:00,35,21,14,0,67.1,1.5
2017-04-24 01:35:00,29,20,9,0,58.4,1.3
2017-04-24 01:40:00,30,20,9,1,63.2,1.16
2017-04-24 01:45:00,28,18,10,0,62.7,1.18
2017-04-24 01:50:00,31,19,12,0,64.7,1.34
2017-04-24 01:55:00,29,23,6,0,63.1,1.23
2017-04-24 02:00:00,29,19,10,0,56.8,1.4
2017-04-24 02:05:00,32,19,13,0,60.0,1.4
2017-04-24 02:10:00,20,14,6,0,56.8,4.48
2017-04-24 02:15:00,26,15,11,0,64.6,1.1
2017-04-24 02:20:00,23,16,7,0,66.3,1.03
2017-04-24 02:25:00,23,16,7,0,66.1,1.0
2017-04-24 02:30:00,21,13,8,0,65.6,0.83
2017-04-24 02:35:00,20,13,7,0,60.5,0.94
2017-04-24 02:40:00,32,23,9,0,56.8,1.44
2017-04-24 02:45:00,18,12,5,1,61.8,1.09
2017-04-24 02:50:00,18,13,5,0,55.5,0.91
2017-04-24 02:55:00,19,10,9,0,63.2,0.78
2017-04-24 03:00:00,27,16,11,0,64.2,1.23
2017-04-24 03:05:00,22,18,4,0,66.3,0.76
2017-04-24 03:10:00,22,17,5,0,57.6,0.91
2017-04-24 03:15:00,16,10,6,0,67.6,0.69
2017-04-24 03:20:00,21,15,6,0,60.1,1.09
2017-04-24 03:25:00,25,19,5,1,66.2,0.95
2017-04-24 03:30:00,22,17,5,0,55.3,0.88
2017-04-24 03:35:00,17,13,4,0,65.4,0.81
2017-04-24 03:40:00,19,12,7,0,65.7,0.91
2017-04-24 03:45:00,17,10,7,0,63.6,0.71
2017-04-24 03:50:00,20,12,8,0,62.1,0.73
2017-04-24 03:55:00,23,20,3,0,56.9,1.04
2017-04-24 04:00:00,13,9,4,0,63.6,0.67
2017-04-24 04:05:00,19,13,6,0,57.9,0.89
2017-04-24 04:10:00,22,12,10,0,55.4,1.07
2017-04-24 04:15:00,19,16,3,0,59.9,0.76
2017-04-24 04:20:00,19,14,5,0,63.5,0.75
2017-04-24 04:25:00,20,14,6,0,60.6,0.88
2017-04-24 04:30:00,19,14,5,0,55.0,0.83
2017-04-24 04:35:00,28,18,9,1,60.0,1.29
2017-04-24 04:40:00,25,18,7,0,60.5,1.07
2017-04-24 04:45:00,22,13,8,1,61.2,1.0
2017-04-24 04:50:00,33,21,12,0,68.2,1.36
2017-04-24 04:55:00,21,17,4,0,58.9,0.88
2017-04-24 05:00:00,13,7,6,0,56.8,0.58
2017-04-24 05:05:00,24,14,10,0,64.6,0.94
2017-04-24 05:10:00,22,18,4,0,60.8,0.97
2017-04-24 05:15:00,20,18,2,0,68.5,0.8
2017-04-24 05:20:00,28,20,8,0,61.2,1.37
2017-04-24 05:25:00,46,37,9,0,56.5,2.0
2017-04-24 05:30:00,48,36,12,0,56.8,2.0
2017-04-24 05:35:00,43,35,8,0,53.6,1.9
2017-04-24 05:40:00,49,35,13,1,57.7,1.98
2017-04-24 05:45:00,41,29,10,2,58.4,1.57
2017-04-24 05:50:00,43,33,9,1,52.2,1.87
2017-04-24 05:55:00,49,39,9,1,57.6,1.81
2017-04-24 06:00:00,65,52,13,0,57.9,2.47
2017-04-24 06:05:00,88,70,15,3,52.9,4.44
2017-04-24 06:10:00,75,61,14,0,51.8,3.14
2017-04-24 06:15:00,51,39,12,0,53.8,2.2
2017-04-24 06:20:00,68,48,19,1,53.6,3.51
2017-04-24 06:25:00,92,65,24,3,43.2,4.51
2017-04-24 06:30:00,92,74,17,1,54.4,4.04
2017-04-24 06:35:00,90,76,14,0,55.0,4.01
2017-04-24 06:40:00,100,76,23,1,52.9,4.88
2017-04-24 06:45:00,92,70,21,1,49.4,4.65
2017-04-24 06:50:00,86,63,21,2,49.9,3.56
2017-04-24 06:55:00,118,96,22,0,50.1,5.28
2017-04-24 07:00:00,92,72,19,1,50.7,3.97
2017-04-24 07:05:00,140,103,34,3,55.1,6.01
2017-04-24 07:10:00,125,101,22,2,55.8,4.59
2017-04-24 07:15:00,119,96,19,4,53.7,4.88
2017-04-24 07:20:00,159,130,27,2,52.9,6.2
2017-04-24 07:25:00,137,113,22,2,52.2,4.99
2017-04-24 07:30:00,167,141,23,3,55.1,6.22
2017-04-24 07:35:00,175,148,23,4,55.0,6.63
2017-04-24 07:40:00,164,128,28,8,54.1,6.28
2017-04-24 07:45:00,191,167,14,10,47.7,7.16
2017-04-24 07:50:00,199,173,21,5,55.9,7.28
2017-04-24 07:55:00,173,143,29,1,48.6,8.11
2017-04-24 08:00:00,188,153,35,0,51.0,7.83
2017-04-24 08:05:00,211,171,40,0,53.3,8.45
2017-04-24 08:10:00,155,121,33,1,51.8,7.37
2017-04-24 08:15:00,175,143,31,1,53.2,7.17
2017-04-24 08:20:00,213,176,37,0,54.0,8.45
2017-04-24 08:25:00,149,125,24,0,49.7,6.08
2017-04-24 08:30:00,182,148,34,0,49.7,8.64
2017-04-24 08:35:00,202,175,26,1,50.2,13.77
2017-04-24 08:40:00,174,142,32,0,47.0,7.55
2017-04-24 08:45:00,171,147,24,0,52.5,7.21
2017-04-24 08:50:00,215,184,30,1,50.3,9.04
2017-04-24 08:55:00,142,116,26,0,50.6,5.97
2017-04-24 09:00:00,105,86,18,1,52.2,4.21
2017-04-24 09:05:00,196,172,23,1,49.1,8.46
2017-04-24 09:10:00,135,111,24,0,46.3,6.95
2017-04-24 09:15:00,160,131,29,0,48.9,7.07
2017-04-24 09:20:00,155,115,38,2,40.5,11.17
2017-04-24 09:25:00,177,145,28,4,50.6,7.33
2017-04-24 09:30:00,177,152,24,1,49.3,7.45
2017-04-24 09:35:00,175,142,33,0,49.5,7.69
2017-04-24 09:40:00,168,139,28,1,52.5,6.76
2017-04-24 09:45:00,191,155,35,1,47.8,9.19
2017-04-24 09:50:00,171,135,33,3,47.4,7.87
2017-04-24 09:55:00,126,94,32,0,51.6,5.55
2017-04-24 10:00:00,143,120,22,1,41.3,14.62
2017-04-24 10:05:00,202,165,36,1,37.0,22.03
2017-04-24 10:10:00,126,107,19,0,44.8,6.31
2017-04-24 10:15:00,168,139,28,1,48.9,7.25
2017-04-24 10:20:00,178,148,28,2,44.6,8.84
2017-04-24 10:25:00,179,156,20,3,50.4,7.42
2017-04-24 10:30:00,164,139,20,5,47.1,7.13
2017-04-24 10:35:00,142,126,14,2,51.1,5.71
2017-04-24 10:40:00,154,139,10,5,49.4,6.67
2017-04-24 10:45:00,139,114,20,5,49.3,5.97
2017-04-24 10:50:00,187,154,26,7,44.7,8.61
2017-04-24 10:55:00,165,138,22,5,46.3,7.27
2017-04-24 11:00:00,186,160,26,0,47.9,8.11
2017-04-24 11:05:00,173,142,26,5,46.3,8.08
2017-04-24 11:10:00,171,144,25,2,48.8,7.35
2017-04-24 11:15:00,159,126,25,8,44.9,7.31
2017-04-24 11:20:00,169,136,31,2,44.7,7.66
2017-04-24 11:25:00,162,130,29,3,45.5,7.21
2017-04-24 11:30:00,162,130,30,2,43.7,7.95
2017-04-24 11:35:00,146,120,24,2,47.6,6.52
2017-04-24 11:40:00,172,142,30,0,47.0,7.5
2017-04-24 11:45:00,152,120,27,5,47.7,6.68
2017-04-24 11:50:00,174,143,29,2,43.4,9.15
2017-04-24 11:55:00,135,108,23,4,46.8,5.8
2017-04-24 12:00:00,151,120,26,5,48.4,6.3
2017-04-24 12:05:00,156,127,26,3,44.6,7.07
2017-04-24 12:10:00,132,111,20,1,49.4,5.45
2017-04-24 12:15:00,157,128,24,5,48.1,6.84
2017-04-24 12:20:00,168,134,28,6,46.0,6.92
2017-04-24 12:25:00,177,141,32,4,43.6,8.61
2017-04-24 12:30:00,143,129,12,2,39.4,6.37
2017-04-24 12:35:00,141,128,7,6,38.7,6.36
2017-04-24 12:40:00,130,118,11,1,44.9,5.71
2017-04-24 12:45:00,149,137,10,2,46.1,6.26
2017-04-24 12:50:00,157,143,12,2,47.4,6.36
2017-04-24 12:55:00,165,151,13,1,44.1,7.26
2017-04-24 13:00:00,175,154,19,2,44.0,7.56
2017-04-24 13:05:00,161,139,18,4,46.0,6.39
2017-04-24 13:10:00,172,142,25,5,45.9,7.42
2017-04-24 13:15:00,143,121,17,5,50.0,5.58
2017-04-24 13:20:00,155,129,23,3,45.0,7.29
2017-04-24 13:25:00,139,113,23,3,45.6,7.48
2017-04-24 13:30:00,159,132,25,2,46.8,6.79
2017-04-24 13:35:00,160,134,24,2,45.8,7.67
2017-04-24 13:40:00,181,156,23,2,46.1,8.53
2017-04-24 13:45:00,193,165,27,1,45.0,8.84
2017-04-24 13:50:00,175,144,31,0,44.7,8.14
2017-04-24 13:55:00,150,114,34,2,46.4,8.78
2017-04-24 14:00:00,161,121,37,3,44.5,9.43
2017-04-24 14:05:00,169,121,46,2,42.9,8.32
2017-04-24 14:10:00,172,135,36,1,45.3,8.64
2017-04-24 14:15:00,167,132,33,2,47.1,8.72
2017-04-24 14:20:00,175,137,36,2,46.1,8.5
2017-04-24 14:25:00,185,153,31,1,44.9,9.03
2017-04-24 14:30:00,184,139,44,1,42.6,9.63
2017-04-24 14:35:00,148,132,14,2,47.0,6.28
2017-04-24 14:40:00,144,116,23,5,44.7,6.74
2017-04-24 14:45:00,167,137,24,6,39.4,10.24
2017-04-24 14:50:00,162,137,19,6,43.6,7.62
2017-04-24 14:55:00,166,132,30,4,46.4,7.53
2017-04-24 15:00:00,154,120,31,3,46.9,7.31
2017-04-24 15:05:00,167,113,41,13,47.0,7.62
2017-04-24 15:10:00,145,98,35,12,47.1,6.24
2017-04-24 15:15:00,144,104,38,2,46.5,6.92
2017-04-24 15:20:00,170,123,39,8,44.4,7.9
2017-04-24 15:25:00,147,114,28,5,47.4,6.17
2017-04-24 15:30:00,158,122,32,4,44.1,7.62
2017-04-24 15:35:00,162,130,26,6,44.7,7.45
2017-04-24 15:40:00,169,126,35,8,43.7,9.28
2017-04-24 15:45:00,175,137,32,6,44.0,8.19
2017-04-24 15:50:00,169,126,41,2,45.0,7.92
2017-04-24 15:55:00,138,121,16,1,45.8,6.46
2017-04-24 16:00:00,138,113,23,2,45.2,6.36
2017-04-24 16:05:00,169,146,20,3,45.6,7.74
2017-04-24 16:10:00,164,126,33,5,47.1,7.32
2017-04-24 16:15:00,152,123,25,4,46.3,7.02
2017-04-24 16:20:00,190,164,18,8,46.0,8.39
2017-04-24 16:25:00,156,128,21,7,45.5,6.75
2017-04-24 16:30:00,156,128,23,5,45.5,6.77
2017-04-24 16:35:00,161,132,19,10,42.5,7.52
2017-04-24 16:40:00,157,137,14,6,42.5,7.99
2017-04-24 16:45:00,157,141,13,3,43.8,7.39
2017-04-24 16:50:00,152,131,18,3,45.5,7.01
2017-04-24 16:55:00,179,152,26,1,45.8,8.11
2017-04-24 17:00:00,207,195,10,2,41.7,10.29
2017-04-24 17:05:00,175,154,21,0,45.9,8.53
2017-04-24 17:10:00,181,154,25,2,42.6,8.91
2017-04-24 17:15:00,169,141,28,0,45.9,8.26
2017-04-24 17:20:00,209,171,35,3,47.0,9.49
2017-04-24 17:25:00,166,141,25,0,48.9,7.21
2017-04-24 17:30:00,154,128,24,2,43.5,7.7
2017-04-24 17:35:00,209,177,28,4,47.1,9.24
2017-04-24 17:40:00,177,139,35,3,49.8,7.85
2017-04-24 17:45:00,172,148,19,5,42.7,9.74
2017-04-24 17:50:00,216,186,27,3,47.1,9.64
2017-04-24 17:55:00,180,154,22,4,47.6,7.4
2017-04-24 18:00:00,178,151,26,1,43.6,8.45
2017-04-24 18:05:00,213,182,28,3,44.1,11.02
2017-04-24 18:10:00,210,175,29,6,43.7,10.57
2017-04-24 18:15:00,174,159,14,1,44.7,8.96
2017-04-24 18:20:00,230,204,25,1,45.6,10.86
2017-04-24 18:25:00,224,194,27,3,46.7,10.38
2017-04-24 18:30:00,197,171,22,4,42.3,9.97
2017-04-24 18:35:00,197,172,25,0,51.1,8.6
2017-04-24 18:40:00,219,197,20,2,45.9,11.95
2017-04-24 18:45:00,179,144,34,1,44.9,8.96
2017-04-24 18:50:00,221,177,41,3,45.7,11.19
2017-04-24 18:55:00,193,157,32,4,46.2,9.6
2017-04-24 19:00:00,186,155,31,0,42.6,9.87
2017-04-24 19:05:00,221,183,35,3,48.5,9.64
2017-04-24 19:10:00,194,169,25,0,46.0,10.13
2017-04-24 19:15:00,191,160,30,1,43.7,9.79
2017-04-24 19:20:00,219,197,21,1,48.5,10.06
2017-04-24 19:25:00,184,153,30,1,49.8,9.29
2017-04-24 19:30:00,156,134,22,0,47.6,7.24
2017-04-24 19:35:00,214,171,42,1,46.9,10.25
2017-04-24 19:40:00,205,171,32,2,46.7,9.36
2017-04-24 19:45:00,174,140,34,0,46.6,9.3
2017-04-24 19:50:00,187,140,45,2,49.8,8.62
2017-04-24 19:55:00,172,141,31,0,49.7,8.67
2017-04-24 20:00:00,137,107,28,2,49.8,6.18
2017-04-24 20:05:00,172,132,39,1,49.0,8.55
2017-04-24 20:10:00,183,156,27,0,49.9,8.46
2017-04-24 20:15:00,156,126,30,0,46.9,7.73
2017-04-24 20:20:00,168,135,33,0,51.0,8.05
2017-04-24 20:25:00,189,145,42,2,46.8,8.54
2017-04-24 20:30:00,170,143,26,1,45.2,10.15
2017-04-24 20:35:00,177,142,35,0,49.7,8.64
2017-04-24 20:40:00,156,129,27,0,50.2,7.81
2017-04-24 20:45:00,136,112,24,0,49.2,6.34
2017-04-24 20:50:00,172,136,36,0,48.1,9.51
2017-04-24 20:55:00,180,139,39,2,48.8,8.98
2017-04-24 21:00:00,159,136,23,0,46.0,7.42
2017-04-24 21:05:00,170,142,26,2,47.2,7.91
2017-04-24 21:10:00,194,155,39,0,38.7,13.45
2017-04-24 21:15:00,177,138,34,5,36.2,15.68
2017-04-24 21:20:00,169,125,43,1,35.5,18.21
2017-04-24 21:25:00,161,119,41,1,41.1,9.99
2017-04-24 21:30:00,180,134,43,3,35.3,15.55
2017-04-24 21:35:00,182,146,36,0,37.9,11.06
2017-04-24 21:40:00,160,117,43,0,37.1,12.5
2017-04-24 21:45:00,207,153,52,2,37.3,15.55
2017-04-24 21:50:00,175,137,37,1,40.2,13.43
2017-04-24 21:55:00,142,107,34,1,39.3,15.03
2017-04-24 22:00:00,143,112,29,2,38.1,11.41
2017-04-24 22:05:00,144,115,29,0,40.8,8.45
2017-04-24 22:10:00,161,124,37,0,37.9,11.62
2017-04-24 22:15:00,174,139,33,2,42.3,10.74
2017-04-24 22:20:00,175,140,34,1,39.3,11.36
2017-04-24 22:25:00,148,118,30,0,44.9,8.43
2017-04-24 22:30:00,133,104,28,1,45.4,7.93
2017-04-24 22:35:00,111,83,26,2,49.4,5.1
2017-04-24 22:40:00,138,116,22,0,46.4,9.67
2017-04-24 22:45:00,128,97,31,0,46.0,6.53
2017-04-24 22:50:00,84,73,11,0,45.2,4.53
2017-04-24 22:55:00,102,77,23,2,54.4,4.86
2017-04-24 23:00:00,108,87,21,0,46.6,7.52
2017-04-24 23:05:00,119,94,24,1,48.2,5.94
2017-04-24 23:10:00,102,84,18,0,53.0,4.86
2017-04-24 23:15:00,102,76,26,0,50.3,5.56
2017-04-24 23:20:00,80,59,21,0,54.0,3.81
2017-04-24 23:25:00,97,79,18,0,52.6,4.11
2017-04-24 23:30:00,84,64,20,0,53.1,4.8
2017-04-24 23:35:00,105,82,23,0,47.7,4.96
2017-04-24 23:40:00,74,58,16,0,51.2,4.12
2017-04-24 23:45:00,88,67,21,0,55.5,4.34
2017-04-24 23:50:00,77,62,15,0,56.3,3.47
2017-04-24 23:55:00,75,60,14,1,54.3,4.62
2017-04-25 00:00:00,78,62,16,0,57.1,3.25
2017-04-25 00:05:00,59,50,9,0,55.5,2.52
2017-04-25 00:10:00,82,60,22,0,57.7,3.89
2017-04-25 00:15:00,91,72,19,0,53.3,5.72
2017-04-25 00:20:00,75,60,15,0,53.8,5.48
2017-04-25 00:25:00,83,65,17,1,51.8,4.0
2017-04-25 00:30:00,57,38,19,0,58.2,2.64
2017-04-25 00:35:00,51,34,16,1,58.9,2.32
2017-04-25 00:40:00,62,41,21,0,57.0,2.71
2017-04-25 00:45:00,76,58,18,0,57.1,3.45
2017-04-25 00:50:00,70,51,19,0,60.7,2.99
2017-04-25 00:55:00,44,37,7,0,60.0,1.85
2017-04-25 01:00:00,40,28,12,0,62.2,1.61
2017-04-25 01:05:00,59,46,13,0,57.8,2.54
2017-04-25 01:10:00,55,40,15,0,56.4,2.22
2017-04-25 01:15:00,62,45,17,0,60.0,2.73
2017-04-25 01:20:00,53,31,22,0,61.9,2.32
2017-04-25 01:25:00,56,38,17,1,60.7,2.9
2017-04-25 01:30:00,57,38,19,0,59.9,2.33
2017-04-25 01:35:00,39,33,6,0,58.2,1.77
2017-04-25 01:40:00,45,32,13,0,56.9,2.04
2017-04-25 01:45:00,49,32,17,0,59.4,2.35
2017-04-25 01:50:00,44,36,8,0,54.5,8.62
2017-04-25 01:55:00,34,27,6,1,47.9,8.39
2017-04-25 02:00:00,58,49,9,0,56.8,2.57
2017-04-25 02:05:00,42,33,9,0,58.2,2.03
2017-04-25 02:10:00,31,24,7,0,58.7,1.38
2017-04-25 02:15:00,26,20,6,0,60.6,1.1
2017-04-25 02:20:00,29,16,13,0,62.6,1.26
2017-04-25 02:25:00,31,20,11,0,61.0,1.36
2017-04-25 02:30:00,19,17,2,0,52.7,0.82
2017-04-25 02:35:00,45,31,14,0,62.1,2.02
2017-04-25 02:40:00,30,21,9,0,61.3,1.42
2017-04-25 02:45:00,31,25,5,1,68.2,1.09
2017-04-25 02:50:00,33,24,8,1,64.1,1.29
2017-04-25 02:55:00,25,19,6,0,65.3,0.98
2017-04-25 03:00:00,27,19,8,0,61.4,1.15
2017-04-25 03:05:00,38,21,17,0,61.1,1.69
2017-04-25 03:10:00,35,22,13,0,60.9,1.56
2017-04-25 03:15:00,29,23,6,0,61.5,1.26
2017-04-25 03:20:00,27,20,7,0,56.6,1.42
2017-04-25 03:25:00,25,19,6,0,52.3,1.13
2017-04-25 03:30:00,26,16,10,0,64.6,1.15
2017-04-25 03:35:00,29,22,7,0,63.1,1.25
2017-04-25 03:40:00,35,25,10,0,57.9,1.46
2017-04-25 03:45:00,26,20,5,1,75.1,1.09
2017-04-25 03:50:00,12,6,6,0,59.4,0.54
2017-04-25 03:55:00,16,14,2,0,53.9,0.75
2017-04-25 04:00:00,20,13,7,0,67.2,0.93
2017-04-25 04:05:00,17,11,6,0,61.0,0.83
2017-04-25 04:10:00,23,18,5,0,59.6,1.09
2017-04-25 04:15:00,25,23,2,0,57.1,1.03
2017-04-25 04:20:00,24,20,4,0,68.0,1.06
2017-04-25 04:25:00,19,14,5,0,61.7,0.79
2017-04-25 04:30:00,33,28,5,0,52.7,1.37
2017-04-25 04:35:00,29,19,10,0,58.2,2.68
2017-04-25 04:40:00,33,28,5,0,63.4,1.4
2017-04-25 04:45:00,21,16,5,0,54.9,0.99
2017-04-25 04:50:00,24,17,7,0,60.9,1.07
2017-04-25 04:55:00,18,14,4,0,61.2,0.67
2017-04-25 05:00:00,20,15,5,0,59.8,0.94
2017-04-25 05:05:00,21,15,6,0,59.8,0.99
2017-04-25 05:10:00,35,24,11,0,64.9,1.48
2017-04-25 05:15:00,27,22,5,0,63.0,1.16
2017-04-25 05:20:00,40,34,6,0,60.2,1.83
2017-04-25 05:25:00,24,17,7,0,56.0,0.95
2017-04-25 05:30:00,43,36,6,1,56.1,1.95
2017-04-25 05:35:00,36,27,9,0,56.9,1.54
2017-04-25 05:40:00,42,33,8,1,56.3,1.82
2017-04-25 05:45:00,38,31,7,0,59.9,1.58
2017-04-25 05:50:00,60,52,7,1,53.6,2.78
2017-04-25 05:55:00,58,42,15,1,56.0,2.6
2017-04-25 06:00:00,64,45,18,1,56.3,2.71
2017-04-25 06:05:00,68,54,13,1,56.2,2.98
2017-04-25 06:10:00,70,59,8,3,50.0,2.75
2017-04-25 06:15:00,71,55,16,0,47.4,3.66
2017-04-25 06:20:00,57,45,12,0,52.5,2.8
2017-04-25 06:25:00,81,70,11,0,44.0,4.14
2017-04-25 06:30:00,80,66,12,2,50.3,6.13
2017-04-25 06:35:00,87,63,24,0,54.9,4.31
2017-04-25 06:40:00,105,93,12,0,45.6,5.49
2017-04-25 06:45:00,94,67,25,2,50.2,4.22
2017-04-25 06:50:00,62,49,10,3,56.6,2.8
2017-04-25 06:55:00,70,55,14,1,43.3,4.33
2017-04-25 07:00:00,105,84,21,0,52.8,5.23
2017-04-25 07:05:00,116,99,17,0,56.2,4.53
2017-04-25 07:10:00,107,84,23,0,52.8,4.66
2017-04-25 07:15:00,161,135,25,1,53.6,6.36
2017-04-25 07:20:00,190,157,32,1,53.6,7.88
2017-04-25 07:25:00,123,109,14,0,51.4,4.97
2017-04-25 07:30:00,182,147,34,1,53.4,7.63
2017-04-25 07:35:00,198,163,32,3,53.3,8.69
2017-04-25 07:40:00,153,124,26,3,51.3,6.46
2017-04-25 07:45:00,181,161,20,0,51.2,7.49
2017-04-25 07:50:00,194,164,27,3,53.5,7.58
2017-04-25 07:55:00,170,151,18,1,49.3,7.41
2017-04-25 08:00:00,189,173,16,0,51.1,7.84
2017-04-25 08:05:00,222,192,29,1,49.5,9.31
2017-04-25 08:10:00,175,153,21,1,48.3,8.2
2017-04-25 08:15:00,202,177,24,1,49.6,8.42
2017-04-25 08:20:00,221,181,39,1,52.4,8.85
2017-04-25 08:25:00,165,135,28,2,50.0,7.11
2017-04-25 08:30:00,203,173,29,1,50.5,8.6
2017-04-25 08:35:00,217,196,21,0,50.4,8.92
2017-04-25 08:40:00,150,132,16,2,54.2,5.99
2017-04-25 08:45:00,154,125,27,2,54.7,6.15
2017-04-25 08:50:00,165,140,24,1,53.2,6.57
2017-04-25 08:55:00,124,103,20,1,52.4,5.19
2017-04-25 09:00:00,163,129,31,3,52.9,6.6
2017-04-25 09:05:00,171,139,30,2,51.5,7.11
2017-04-25 09:10:00,150,124,25,1,49.1,6.82
2017-04-25 09:15:00,180,158,22,0,48.5,8.07
2017-04-25 09:20:00,209,172,36,1,51.1,8.81
2017-04-25 09:25:00,146,125,18,3,48.4,6.41
2017-04-25 09:30:00,132,109,21,2,52.2,5.66
2017-04-25 09:35:00,162,129,32,1,48.4,7.5
2017-04-25 09:40:00,177,150,26,1,49.7,7.34
2017-04-25 09:45:00,165,143,22,0,50.1,7.14
2017-04-25 09:50:00,164,143,21,0,50.0,6.88
2017-04-25 09:55:00,186,156,29,1,47.3,8.56
2017-04-25 10:00:00,145,121,23,1,51.9,5.85
2017-04-25 10:05:00,152,119,33,0,46.6,7.99
2017-04-25 10:10:00,172,140,30,2,45.0,8.1
2017-04-25 10:15:00,163,146,16,1,50.4,7.12
2017-04-25 10:20:00,183,158,24,1,46.4,8.88
2017-04-25 10:25:00,183,158,24,1,46.7,8.17
2017-04-25 10:30:00,174,155,18,1,47.8,7.57
2017-04-25 10:35:00,161,136,22,3,38.7,8.01
2017-04-25 10:40:00,161,141,15,5,45.1,6.91
2017-04-25 10:45:00,170,142,25,3,45.8,7.38
2017-04-25 10:50:00,159,138,17,4,49.5,6.65
2017-04-25 10:55:00,186,165,21,0,44.0,10.5
2017-04-25 11:00:00,160,137,23,0,51.1,6.77
2017-04-25 11:05:00,160,141,19,0,49.7,6.98
2017-04-25 11:10:00,154,132,18,4,46.6,6.9
2017-04-25 11:15:00,136,115,21,0,47.5,6.7
2017-04-25 11:20:00,150,124,24,2,46.0,7.15
2017-04-25 11:25:00,177,146,30,1,44.9,8.26
2017-04-25 11:30:00,149,130,19,0,50.6,6.07
2017-04-25 11:35:00,146,123,20,3,48.8,6.27
2017-04-25 11:40:00,169,143,25,1,47.0,7.72
2017-04-25 11:45:00,159,132,25,2,49.1,6.98
2017-04-25 11:50:00,160,137,20,3,45.3,7.98
2017-04-25 11:55:00,156,136,19,1,49.4,6.34
2017-04-25 12:00:00,150,130,20,0,47.0,6.64
2017-04-25 12:05:00,144,122,21,1,48.1,6.21
2017-04-25 12:10:00,148,128,19,1,49.6,6.24
2017-04-25 12:15:00,162,140,21,1,46.9,7.0
2017-04-25 12:20:00,162,142,17,3,47.5,6.75
2017-04-25 12:25:00,144,134,10,0,49.4,5.96
2017-04-25 12:30:00,142,120,19,3,51.0,5.73
2017-04-25 12:35:00,146,123,23,0,48.6,6.28
2017-04-25 12:40:00,141,114,25,2,48.2,6.49
2017-04-25 12:45:00,127,107,19,1,51.1,5.14
2017-04-25 12:50:00,156,139,17,0,45.8,6.63
2017-04-25 12:55:00,145,121,22,2,52.1,6.04
2017-04-25 13:00:00,160,134,24,2,46.7,6.93
2017-04-25 13:05:00,153,131,20,2,50.6,5.95
2017-04-25 13:10:00,157,132,25,0,47.7,7.06
2017-04-25 13:15:00,159,139,20,0,47.3,6.64
2017-04-25 13:20:00,152,129,22,1,41.4,8.26
2017-04-25 13:25:00,168,140,28,0,45.0,8.16
2017-04-25 13:30:00,154,141,13,0,49.7,6.4
2017-04-25 13:35:00,172,150,21,1,43.1,8.85
2017-04-25 13:40:00,177,163,12,2,45.7,7.76
2017-04-25 13:45:00,164,141,23,0,50.3,7.26
2017-04-25 13:50:00,176,154,20,2,50.1,7.56
2017-04-25 13:55:00,144,121,21,2,46.2,6.37
2017-04-25 14:00:00,165,135,29,1,46.1,7.57
2017-04-25 14:05:00,150,116,32,2,46.5,7.04
2017-04-25 14:10:00,150,115,32,3,47.4,6.81
2017-04-25 14:15:00,157,132,20,5,50.7,6.81
2017-04-25 14:20:00,172,146,19,7,47.1,7.89
2017-04-25 14:25:00,158,134,24,0,47.3,7.05
2017-04-25 14:30:00,167,131,34,2,48.5,7.52
2017-04-25 14:35:00,156,127,28,1,47.1,7.82
2017-04-25 14:40:00,149,111,37,1,48.2,7.02
2017-04-25 14:45:00,157,132,24,1,48.3,7.05
2017-04-25 14:50:00,167,138,27,2,41.1,10.73
2017-04-25 14:55:00,144,124,19,1,51.6,6.04
2017-04-25 15:00:00,173,151,21,1,50.2,7.34
2017-04-25 15:05:00,180,149,30,1,46.6,8.27
2017-04-25 15:10:00,169,139,29,1,45.2,7.82
2017-04-25 15:15:00,155,130,25,0,48.0,7.18
2017-04-25 15:20:00,172,137,33,2,45.5,7.96
2017-04-25 15:25:00,176,149,24,3,45.9,8.23
2017-04-25 15:30:00,178,149,27,2,48.6,8.04
2017-04-25 15:35:00,179,143,36,0,45.5,8.67
2017-04-25 15:40:00,166,130,36,0,50.2,7.35
2017-04-25 15:45:00,175,146,29,0,46.9,7.96
2017-04-25 15:50:00,158,130,27,1,51.2,7.01
2017-04-25 15:55:00,152,133,19,0,48.8,7.02
2017-04-25 16:00:00,160,132,28,0,44.3,8.54
2017-04-25 16:05:00,166,135,29,2,47.0,7.92
2017-04-25 16:10:00,167,141,25,1,47.1,7.49
2017-04-25 16:15:00,187,158,29,0,43.8,9.62
2017-04-25 16:20:00,165,142,22,1,49.4,7.19
2017-04-25 16:25:00,163,137,26,0,47.4,7.76
2017-04-25 16:30:00,163,139,24,0,49.6,7.0
2017-04-25 16:35:00,165,132,32,1,47.7,7.91
2017-04-25 16:40:00,154,138,16,0,47.2,6.94
2017-04-25 16:45:00,149,122,25,2,47.7,7.19
2017-04-25 16:50:00,154,126,24,4,48.2,7.2
2017-04-25 16:55:00,175,129,44,2,47.0,8.21
2017-04-25 17:00:00,192,166,25,1,47.8,8.45
2017-04-25 17:05:00,171,152,19,0,48.4,7.76
2017-04-25 17:10:00,196,165,30,1,41.9,14.03
2017-04-25 17:15:00,179,142,35,2,45.5,8.71
2017-04-25 17:20:00,213,183,27,3,46.6,9.77
2017-04-25 17:25:00,200,172,26,2,48.4,8.83
2017-04-25 17:30:00,162,144,17,1,48.8,7.38
2017-04-25 17:35:00,207,184,21,2,48.2,9.53
2017-04-25 17:40:00,196,168,26,2,48.7,8.82
2017-04-25 17:45:00,161,131,28,2,47.4,7.7
2017-04-25 17:50:00,203,175,28,0,46.0,9.32
2017-04-25 17:55:00,211,179,31,1,46.0,9.94
2017-04-25 18:00:00,184,145,33,6,44.8,10.23
2017-04-25 18:05:00,202,172,29,1,45.5,10.56
2017-04-25 18:10:00,200,175,24,1,41.0,12.47
2017-04-25 18:15:00,186,156,28,2,39.8,10.69
2017-04-25 18:20:00,243,208,33,2,44.6,12.75
2017-04-25 18:25:00,219,185,32,2,43.0,11.3
2017-04-25 18:30:00,171,137,33,1,45.1,8.14
2017-04-25 18:35:00,227,197,27,3,46.2,10.46
2017-04-25 18:40:00,208,170,37,1,45.1,10.3
2017-04-25 18:45:00,184,144,39,1,43.3,10.05
2017-04-25 18:50:00,231,193,37,1,46.2,10.89
2017-04-25 18:55:00,211,158,52,1,44.7,11.65
2017-04-25 19:00:00,192,162,27,3,43.6,13.14
2017-04-25 19:05:00,210,179,29,2,45.0,10.49
2017-04-25 19:10:00,196,161,35,0,43.3,10.67
2017-04-25 19:15:00,167,135,32,0,45.7,8.06
2017-04-25 19:20:00,218,188,29,1,46.0,9.89
2017-04-25 19:25:00,197,166,30,1,45.2,10.03
2017-04-25 19:30:00,138,105,33,0,48.5,6.57
2017-04-25 19:35:00,178,148,30,0,49.7,8.43
2017-04-25 19:40:00,165,136,26,3,47.1,8.33
2017-04-25 19:45:00,177,148,28,1,40.6,11.4
2017-04-25 19:50:00,202,151,49,2,45.9,10.83
2017-04-25 19:55:00,176,140,34,2,47.6,9.88
2017-04-25 20:00:00,134,108,25,1,48.9,6.45
2017-04-25 20:05:00,193,153,40,0,48.4,9.2
2017-04-25 20:10:00,169,123,44,2,49.4,9.13
2017-04-25 20:15:00,137,111,25,1,46.9,6.48
2017-04-25 20:20:00,188,158,30,0,47.4,9.6
2017-04-25 20:25:00,161,128,33,0,49.8,7.92
2017-04-25 20:30:00,160,132,28,0,45.6,9.21
2017-04-25 20:35:00,188,146,41,1,46.2,10.88
2017-04-25 20:40:00,177,133,42,2,47.2,9.42
2017-04-25 20:45:00,145,112,33,0,49.1,8.75
2017-04-25 20:50:00,163,128,34,1,51.5,8.06
2017-04-25 20:55:00,159,132,27,0,52.4,7.75
2017-04-25 21:00:00,118,98,18,2,46.2,5.32
2017-04-25 21:05:00,172,136,35,1,45.2,9.46
2017-04-25 21:10:00,139,101,38,0,42.2,8.54
2017-04-25 21:15:00,162,132,29,1,42.4,10.86
2017-04-25 21:20:00,180,135,43,2,38.0,12.28
2017-04-25 21:25:00,157,128,29,0,41.9,9.25
2017-04-25 21:30:00,180,136,41,3,36.0,17.12
2017-04-25 21:35:00,181,138,40,3,40.2,13.28
2017-04-25 21:40:00,167,120,44,3,43.4,9.56
2017-04-25 21:45:00,180,147,29,4,43.0,10.69
2017-04-25 21:50:00,162,132,26,4,39.1,12.41
2017-04-25 21:55:00,160,136,23,1,36.3,13.57
2017-04-25 22:00:00,137,110,26,1,46.0,7.29
2017-04-25 22:05:00,131,108,23,0,43.1,6.64
2017-04-25 22:10:00,134,115,19,0,44.2,6.19
2017-04-25 22:15:00,151,122,28,1,43.7,7.99
2017-04-25 22:20:00,181,137,42,2,42.9,11.5
2017-04-25 22:25:00,145,114,30,1,41.3,10.91
2017-04-25 22:30:00,148,118,30,0,48.4,7.07
2017-04-25 22:35:00,144,117,27,0,44.3,7.29
2017-04-25 22:40:00,117,93,23,1,46.7,6.08
2017-04-25 22:45:00,116,91,24,1,48.4,5.81
2017-04-25 22:50:00,125,100,22,3,45.9,6.38
2017-04-25 22:55:00,138,106,31,1,47.3,8.35
2017-04-25 23:00:00,113,89,23,1,50.4,5.62
2017-04-25 23:05:00,129,100,28,1,54.8,5.67
2017-04-25 23:10:00,125,97,28,0,51.0,6.8
2017-04-25 23:15:00,107,85,21,1,49.3,5.04
2017-04-25 23:20:00,94,71,23,0,51.3,4.38
2017-04-25 23:25:00,86,65,19,2,49.9,7.76
2017-04-25 23:30:00,90,74,16,0,52.4,4.14
2017-04-25 23:35:00,106,75,29,2,57.7,6.86
2017-04-25 23:40:00,92,65,27,0,53.0,4.5
2017-04-25 23:45:00,103,83,20,0,55.7,4.65
2017-04-25 23:50:00,89,57,32,0,57.8,4.11
2017-04-25 23:55:00,72,60,11,1,58.1,3.16
2017-04-26 00:00:00,99,81,18,0,52.5,5.8
2017-04-26 00:05:00,68,51,17,0,53.4,3.58
2017-04-26 00:10:00,81,60,21,0,56.3,4.37
2017-04-26 00:15:00,77,55,22,0,57.6,3.49
2017-04-26 00:20:00,73,56,16,1,50.0,4.63
2017-04-26 00:25:00,70,51,19,0,51.5,4.08
2017-04-26 00:30:00,68,48,20,0,55.2,3.49
2017-04-26 00:35:00,60,44,15,1,57.2,3.45
2017-04-26 00:40:00,52,36,16,0,51.7,2.67
2017-04-26 00:45:00,60,50,9,1,55.3,4.03
2017-04-26 00:50:00,61,48,13,0,57.5,2.86
2017-04-26 00:55:00,46,37,9,0,57.5,2.19
2017-04-26 01:00:00,45,33,12,0,56.1,2.15
2017-04-26 01:05:00,54,39,15,0,54.7,6.33
2017-04-26 01:10:00,62,52,10,0,55.7,2.64
2017-04-26 01:15:00,55,39,16,0,57.7,2.75
2017-04-26 01:20:00,46,34,12,0,57.6,2.54
2017-04-26 01:25:00,53,41,12,0,53.0,3.22
2017-04-26 01:30:00,56,39,17,0,53.3,3.2
2017-04-26 01:35:00,43,34,9,0,55.7,5.59
2017-04-26 01:40:00,36,23,12,1,58.6,9.25
2017-04-26 01:45:00,43,27,16,0,55.6,6.85
2017-04-26 01:50:00,53,37,16,0,50.6,3.62
2017-04-26 01:55:00,45,32,13,0,57.5,2.38
2017-04-26 02:00:00,40,29,11,0,58.4,6.15
2017-04-26 02:05:00,46,34,12,0,54.0,2.48
2017-04-26 02:10:00,38,28,9,1,55.9,17.24
2017-04-26 02:15:00,36,22,13,1,60.9,1.93
2017-04-26 02:20:00,41,30,11,0,57.5,1.95
2017-04-26 02:25:00,37,24,13,0,57.8,9.81
2017-04-26 02:30:00,38,24,14,0,58.7,1.9
2017-04-26 02:35:00,34,27,7,0,52.2,9.31
2017-04-26 02:40:00,43,37,6,0,57.0,2.2
2017-04-26 02:45:00,41,32,9,0,56.5,5.53
2017-04-26 02:50:00,26,17,9,0,65.4,2.18
2017-04-26 02:55:00,30,22,8,0,61.2,1.64
2017-04-26 03:00:00,29,19,10,0,61.9,1.75
2017-04-26 03:05:00,41,22,18,1,57.9,2.28
2017-04-26 03:10:00,27,18,9,0,62.4,1.18
2017-04-26 03:15:00,24,20,4,0,66.1,1.15
2017-04-26 03:20:00,25,21,4,0,63.4,1.29
2017-04-26 03:25:00,25,23,2,0,57.8,2.96
2017-04-26 03:30:00,30,21,9,0,56.0,1.52
2017-04-26 03:35:00,17,12,5,0,60.3,0.83
2017-04-26 03:40:00,27,20,7,0,64.5,1.49
2017-04-26 03:45:00,32,23,9,0,59.9,1.51
2017-04-26 03:50:00,28,18,10,0,51.9,1.61
2017-04-26 03:55:00,13,8,5,0,57.7,0.68
2017-04-26 04:00:00,25,17,8,0,61.8,1.74
2017-04-26 04:05:00,27,17,10,0,55.5,1.43
2017-04-26 04:10:00,24,15,9,0,57.8,1.32
2017-04-26 04:15:00,26,16,10,0,65.5,1.33
2017-04-26 04:20:00,29,13,16,0,49.3,1.93
2017-04-26 04:25:00,25,13,12,0,49.8,1.37
2017-04-26 04:30:00,25,20,5,0,62.7,2.31
2017-04-26 04:35:00,29,21,8,0,59.0,1.68
2017-04-26 04:40:00,32,20,11,1,57.2,1.64
2017-04-26 04:45:00,33,23,10,0,51.2,1.61
2017-04-26 04:50:00,24,14,10,0,59.7,1.17
2017-04-26 04:55:00,35,28,7,0,71.2,1.78
2017-04-26 05:00:00,15,11,4,0,54.3,0.85
2017-04-26 05:05:00,18,12,6,0,51.0,1.33
2017-04-26 05:10:00,30,13,17,0,56.8,1.48
2017-04-26 05:15:00,23,16,7,0,59.3,1.04
2017-04-26 05:20:00,22,18,4,0,57.9,0.83
2017-04-26 05:25:00,22,12,10,0,59.4,1.25
2017-04-26 05:30:00,48,25,22,1,53.6,2.82
2017-04-26 05:35:00,28,22,6,0,54.0,1.21
2017-04-26 05:40:00,36,26,10,0,54.5,1.77
2017-04-26 05:45:00,45,35,10,0,55.3,2.02
2017-04-26 05:50:00,55,45,10,0,53.9,2.49
2017-04-26 05:55:00,38,24,13,1,58.0,1.72
2017-04-26 06:00:00,57,40,16,1,57.7,2.49
2017-04-26 06:05:00,66,47,19,0,52.8,3.42
2017-04-26 06:10:00,77,53,23,1,54.1,3.46
2017-04-26 06:15:00,63,40,23,0,55.7,3.14
2017-04-26 06:20:00,76,58,17,1,49.0,3.46
2017-04-26 06:25:00,66,41,25,0,48.1,3.89
2017-04-26 06:30:00,76,53,23,0,51.4,3.86
2017-04-26 06:35:00,76,58,18,0,53.8,3.5
2017-04-26 06:40:00,79,57,22,0,55.9,3.7
2017-04-26 06:45:00,80,66,14,0,48.1,3.87
2017-04-26 06:50:00,87,64,22,1,49.5,4.51
2017-04-26 06:55:00,97,74,23,0,48.1,4.84
2017-04-26 07:00:00,104,65,37,2,52.1,4.75
2017-04-26 07:05:00,111,85,24,2,55.4,4.78
2017-04-26 07:10:00,111,93,17,1,52.8,4.81
2017-04-26 07:15:00,107,82,24,1,55.0,5.74
2017-04-26 07:20:00,171,137,34,0,54.7,7.04
2017-04-26 07:25:00,129,105,24,0,54.9,5.17
2017-04-26 07:30:00,172,128,44,0,53.8,7.42
2017-04-26 07:35:00,203,157,44,2,52.0,8.62
2017-04-26 07:40:00,146,115,30,1,52.8,5.83
2017-04-26 07:45:00,184,150,34,0,54.0,7.45
2017-04-26 07:50:00,226,193,32,1,52.5,8.97
2017-04-26 07:55:00,166,132,34,0,50.4,7.08
2017-04-26 08:00:00,188,160,28,0,48.5,8.06
2017-04-26 08:05:00,251,214,35,2,47.7,11.7
2017-04-26 08:10:00,194,156,37,1,47.1,9.32
2017-04-26 08:15:00,199,165,34,0,48.6,8.57
2017-04-26 08:20:00,226,186,39,1,48.7,9.47
2017-04-26 08:25:00,165,132,33,0,49.5,7.04
2017-04-26 08:30:00,205,169,36,0,46.4,9.57
2017-04-26 08:35:00,229,194,34,1,49.5,9.07
2017-04-26 08:40:00,138,104,34,0,49.2,6.04
2017-04-26 08:45:00,160,122,37,1,50.4,6.89
2017-04-26 08:50:00,188,156,31,1,55.9,6.95
2017-04-26 08:55:00,126,100,26,0,52.5,5.37
2017-04-26 09:00:00,131,101,30,0,53.6,5.4
2017-04-26 09:05:00,165,130,33,2,50.6,6.91
2017-04-26 09:10:00,150,116,33,1,51.3,6.12
2017-04-26 09:15:00,161,136,24,1,51.1,6.49
2017-04-26 09:20:00,168,137,27,4,54.5,6.83
2017-04-26 09:25:00,143,121,22,0,49.1,6.2
2017-04-26 09:30:00,151,121,30,0,47.2,7.69
2017-04-26 09:35:00,165,128,37,0,50.6,7.39
2017-04-26 09:40:00,163,126,36,1,47.8,7.82
2017-04-26 09:45:00,190,160,26,4,45.7,9.36
2017-04-26 09:50:00,154,128,24,2,52.0,6.48
2017-04-26 09:55:00,147,116,29,2,48.9,6.49
2017-04-26 10:00:00,167,140,27,0,50.5,6.96
2017-04-26 10:05:00,173,135,38,0,47.2,8.03
2017-04-26 10:10:00,116,101,15,0,49.1,5.6
2017-04-26 10:15:00,173,142,29,2,49.9,7.3
2017-04-26 10:20:00,169,140,28,1,50.1,7.69
2017-04-26 10:25:00,177,154,23,0,45.0,7.94
2017-04-26 10:30:00,178,139,37,2,47.5,7.98
2017-04-26 10:35:00,165,140,20,5,43.9,8.85
2017-04-26 10:40:00,183,154,26,3,38.5,10.35
2017-04-26 10:45:00,158,124,32,2,48.7,8.08
2017-04-26 10:50:00,178,151,25,2,46.1,7.78
2017-04-26 10:55:00,161,128,29,4,48.6,7.04
2017-04-26 11:00:00,184,158,22,4,42.3,8.97
2017-04-26 11:05:00,165,134,29,2,45.9,7.51
2017-04-26 11:10:00,186,147,38,1,45.9,8.72
2017-04-26 11:15:00,158,124,32,2,50.0,6.57
2017-04-26 11:20:00,155,129,26,0,49.0,6.38
2017-04-26 11:25:00,161,130,27,4,50.0,6.99
2017-04-26 11:30:00,168,135,31,2,47.6,7.7
2017-04-26 11:35:00,198,159,38,1,44.9,9.97
2017-04-26 11:40:00,180,142,35,3,45.8,8.98
2017-04-26 11:45:00,185,147,36,2,45.1,9.54
2017-04-26 11:50:00,160,132,26,2,47.3,6.73
2017-04-26 11:55:00,141,114,26,1,45.6,6.26
2017-04-26 12:00:00,131,107,20,4,47.8,9.18
2017-04-26 12:05:00,149,117,28,4,48.1,6.32
2017-04-26 12:10:00,165,129,34,2,44.4,7.32
2017-04-26 12:15:00,158,138,18,2,49.4,6.43
2017-04-26 12:20:00,154,133,21,0,45.6,6.95
2017-04-26 12:25:00,156,137,18,1,41.9,7.05
2017-04-26 12:30:00,140,125,13,2,48.0,5.47
2017-04-26 12:35:00,135,112,19,4,42.9,6.35
2017-04-26 12:40:00,133,112,18,3,44.0,6.96
2017-04-26 12:45:00,142,124,16,2,45.2,6.29
2017-04-26 12:50:00,143,121,22,0,45.6,6.02
2017-04-26 12:55:00,153,126,27,0,43.3,7.48
2017-04-26 13:00:00,170,137,30,3,43.7,8.25
2017-04-26 13:05:00,147,116,31,0,47.3,6.73
2017-04-26 13:10:00,163,133,28,2,45.3,7.85
2017-04-26 13:15:00,152,130,22,0,44.5,6.98
2017-04-26 13:20:00,142,112,28,2,46.2,6.53
2017-04-26 13:25:00,136,113,23,0,45.2,6.42
2017-04-26 13:30:00,161,130,29,2,41.4,7.49
2017-04-26 13:35:00,169,146,23,0,45.7,7.57
2017-04-26 13:40:00,177,145,30,2,44.9,8.96
2017-04-26 13:45:00,169,145,24,0,42.6,9.1
2017-04-26 13:50:00,171,132,37,2,40.0,13.45
2017-04-26 13:55:00,175,136,38,1,42.6,10.11
2017-04-26 14:00:00,143,112,31,0,44.9,7.33
2017-04-26 14:05:00,179,141,36,2,42.9,9.94
2017-04-26 14:10:00,177,124,52,1,44.8,8.94
2017-04-26 14:15:00,178,135,43,0,42.0,10.35
2017-04-26 14:20:00,169,124,42,3,44.3,8.33
2017-04-26 14:25:00,178,139,38,1,46.0,8.98
2017-04-26 14:30:00,168,127,39,2,43.7,7.89
2017-04-26 14:35:00,150,111,33,6,44.4,7.0
2017-04-26 14:40:00,148,118,29,1,45.3,6.58
2017-04-26 14:45:00,147,116,31,0,45.7,6.36
2017-04-26 14:50:00,190,148,36,6,44.8,8.61
2017-04-26 14:55:00,167,131,33,3,46.8,7.63
2017-04-26 15:00:00,153,105,44,4,48.5,6.92
2017-04-26 15:05:00,177,127,41,9,45.8,8.45
2017-04-26 15:10:00,143,97,41,5,46.4,9.67
2017-04-26 15:15:00,144,101,41,2,46.9,6.74
2017-04-26 15:20:00,150,91,55,4,45.2,7.74
2017-04-26 15:25:00,136,94,33,9,46.8,7.05
2017-04-26 15:30:00,147,105,36,6,47.0,7.04
2017-04-26 15:35:00,151,108,36,7,49.4,6.4
2017-04-26 15:40:00,158,112,43,3,46.8,7.27
2017-04-26 15:45:00,164,121,38,5,42.9,7.89
2017-04-26 15:50:00,137,104,29,4,46.4,5.71
2017-04-26 15:55:00,147,115,27,5,41.4,7.11
2017-04-26 16:00:00,169,125,38,6,43.2,8.37
2017-04-26 16:05:00,157,131,22,4,43.4,7.09
2017-04-26 16:10:00,147,121,23,3,47.2,6.31
2017-04-26 16:15:00,154,109,39,6,48.7,7.01
2017-04-26 16:20:00,162,133,26,3,43.7,7.68
2017-04-26 16:25:00,165,135,26,4,44.5,7.54
2017-04-26 16:30:00,168,133,31,4,45.5,7.55
2017-04-26 16:35:00,147,114,32,1,45.0,6.75
2017-04-26 16:40:00,174,141,32,1,44.9,8.65
2017-04-26 16:45:00,184,143,36,5,45.9,8.3
2017-04-26 16:50:00,181,148,27,6,44.5,8.3
2017-04-26 16:55:00,170,145,23,2,45.5,7.45
2017-04-26 17:00:00,190,154,32,4,45.8,8.32
2017-04-26 17:05:00,162,127,32,3,37.5,15.46
2017-04-26 17:10:00,133,110,22,1,38.7,13.11
2017-04-26 17:15:00,168,139,27,2,41.5,9.17
2017-04-26 17:20:00,210,164,44,2,47.9,9.55
2017-04-26 17:25:00,203,164,35,4,44.1,9.26
2017-04-26 17:30:00,179,144,29,6,43.3,8.42
2017-04-26 17:35:00,191,156,33,2,47.0,8.49
2017-04-26 17:40:00,178,146,29,3,41.3,10.23
2017-04-26 17:45:00,161,120,37,4,43.5,7.59
2017-04-26 17:50:00,227,194,30,3,45.3,10.02
2017-04-26 17:55:00,215,183,30,2,42.5,12.64
2017-04-26 18:00:00,168,134,32,2,47.0,7.62
2017-04-26 18:05:00,205,171,33,1,47.6,9.78
2017-04-26 18:10:00,210,162,45,3,46.7,11.99
2017-04-26 18:15:00,202,174,25,3,41.7,10.02
2017-04-26 18:20:00,192,159,32,1,46.7,8.92
2017-04-26 18:25:00,210,170,38,2,46.6,9.84
2017-04-26 18:30:00,177,147,28,2,43.5,9.2
2017-04-26 18:35:00,233,186,44,3,44.8,11.3
2017-04-26 18:40:00,238,196,40,2,43.1,12.84
2017-04-26 18:45:00,198,151,45,2,41.7,10.41
2017-04-26 18:50:00,226,185,39,2,47.4,10.78
2017-04-26 18:55:00,189,154,30,5,47.5,8.89
2017-04-26 19:00:00,209,160,46,3,37.8,16.06
2017-04-26 19:05:00,227,183,42,2,38.1,12.75
2017-04-26 19:10:00,211,178,31,2,42.5,11.5
2017-04-26 19:15:00,179,133,45,1,41.8,10.0
2017-04-26 19:20:00,224,198,26,0,43.7,11.06
2017-04-26 19:25:00,192,169,23,0,43.3,9.05
2017-04-26 19:30:00,170,135,34,1,41.6,11.52
2017-04-26 19:35:00,196,163,33,0,41.7,10.04
2017-04-26 19:40:00,226,177,49,0,41.4,12.06
2017-04-26 19:45:00,204,162,40,2,43.8,11.71
2017-04-26 19:50:00,158,127,30,1,46.7,11.18
2017-04-26 19:55:00,184,144,38,2,43.8,11.28
2017-04-26 20:00:00,181,150,30,1,44.3,12.31
2017-04-26 20:05:00,177,147,30,0,48.4,8.41
2017-04-26 20:10:00,169,136,33,0,48.1,8.14
2017-04-26 20:15:00,178,145,33,0,43.0,10.21
2017-04-26 20:20:00,203,160,43,0,48.6,10.57
2017-04-26 20:25:00,168,138,30,0,48.6,7.85
2017-04-26 20:30:00,143,114,29,0,47.2,6.7
2017-04-26 20:35:00,193,160,32,1,46.2,9.9
2017-04-26 20:40:00,158,132,24,2,46.7,7.62
2017-04-26 20:45:00,152,119,33,0,46.1,7.27
2017-04-26 20:50:00,182,145,37,0,49.2,8.83
2017-04-26 20:55:00,176,146,30,0,49.5,8.35
2017-04-26 21:00:00,135,106,28,1,46.4,7.0
2017-04-26 21:05:00,175,141,32,2,41.9,12.1
2017-04-26 21:10:00,194,161,28,5,37.0,13.86
2017-04-26 21:15:00,172,134,38,0,34.5,13.17
2017-04-26 21:20:00,167,132,34,1,36.3,13.11
2017-04-26 21:25:00,160,127,33,0,34.3,12.3
2017-04-26 21:30:00,158,132,23,3,38.9,10.44
2017-04-26 21:35:00,179,144,31,4,40.1,10.99
2017-04-26 21:40:00,174,141,32,1,39.8,10.05
2017-04-26 21:45:00,225,175,48,2,36.2,15.93
2017-04-26 21:50:00,198,157,39,2,35.4,16.23
2017-04-26 21:55:00,158,123,33,2,35.5,15.2
2017-04-26 22:00:00,185,152,31,2,38.9,11.6
2017-04-26 22:05:00,156,119,35,2,36.6,14.81
2017-04-26 22:10:00,166,129,36,1,36.5,12.16
2017-04-26 22:15:00,176,140,33,3,42.6,9.24
2017-04-26 22:20:00,183,159,24,0,38.6,11.45
2017-04-26 22:25:00,174,140,34,0,38.3,16.23
2017-04-26 22:30:00,153,134,16,3,39.8,10.38
2017-04-26 22:35:00,121,99,21,1,43.2,7.5
2017-04-26 22:40:00,101,80,20,1,45.7,4.77
2017-04-26 22:45:00,115,95,19,1,45.2,5.62
2017-04-26 22:50:00,131,107,23,1,46.6,6.82
2017-04-26 22:55:00,158,122,35,1,45.7,8.63
2017-04-26 23:00:00,95,76,17,2,52.1,4.21
2017-04-26 23:05:00,80,63,16,1,49.3,3.88
2017-04-26 23:10:00,93,81,12,0,48.3,5.74
2017-04-26 23:15:00,107,89,18,0,48.7,5.01
2017-04-26 23:20:00,91,78,13,0,50.2,4.72
2017-04-26 23:25:00,92,72,20,0,55.6,5.33
2017-04-26 23:30:00,100,81,18,1,49.2,5.02
2017-04-26 23:35:00,102,83,19,0,51.1,4.84
2017-04-26 23:40:00,84,73,11,0,53.6,3.83
2017-04-26 23:45:00,101,86,15,0,51.3,4.41
2017-04-26 23:50:00,107,79,28,0,48.0,4.91
2017-04-26 23:55:00,79,55,24,0,54.7,3.48
2017-04-27 00:00:00,68,52,16,0,52.7,3.18
2017-04-27 00:05:00,75,59,16,0,54.2,3.16
2017-04-27 00:10:00,91,69,22,0,54.9,3.99
2017-04-27 00:15:00,88,69,19,0,56.4,3.85
2017-04-27 00:20:00,59,50,9,0,59.2,2.6
2017-04-27 00:25:00,76,51,25,0,59.1,3.62
2017-04-27 00:30:00,63,47,16,0,59.2,9.93
2017-04-27 00:35:00,88,61,27,0,54.2,4.18
2017-04-27 00:40:00,62,42,20,0,55.8,2.74
2017-04-27 00:45:00,59,44,15,0,56.4,2.7
2017-04-27 00:50:00,59,47,11,1,52.2,3.25
2017-04-27 00:55:00,59,46,13,0,56.1,2.66
2017-04-27 01:00:00,39,28,11,0,63.6,1.55
2017-04-27 01:05:00,55,42,12,1,57.2,2.48
2017-04-27 01:10:00,76,63,13,0,60.1,3.36
2017-04-27 01:15:00,45,32,13,0,55.0,2.19
2017-04-27 01:20:00,54,37,17,0,60.1,2.54
2017-04-27 01:25:00,67,50,15,2,56.9,2.94
2017-04-27 01:30:00,47,33,13,1,59.1,2.36
2017-04-27 01:35:00,41,31,10,0,66.4,1.62
2017-04-27 01:40:00,59,47,12,0,59.8,2.57
2017-04-27 01:45:00,28,23,5,0,65.3,1.12
2017-04-27 01:50:00,37,26,11,0,58.8,1.78
2017-04-27 01:55:00,59,38,21,0,57.4,3.18
2017-04-27 02:00:00,41,33,8,0,61.2,1.8
2017-04-27 02:05:00,49,37,12,0,61.0,2.07
2017-04-27 02:10:00,41,27,14,0,56.9,1.92
2017-04-27 02:15:00,30,21,9,0,62.9,1.35
2017-04-27 02:20:00,25,16,9,0,62.4,1.22
2017-04-27 02:25:00,38,28,10,0,60.5,1.72
2017-04-27 02:30:00,40,27,13,0,60.9,1.75
2017-04-27 02:35:00,48,38,10,0,60.1,2.12
2017-04-27 02:40:00,41,27,14,0,59.9,1.84
2017-04-27 02:45:00,42,26,16,0,63.2,1.93
2017-04-27 02:50:00,31,25,6,0,52.5,1.87
2017-04-27 02:55:00,28,19,9,0,59.4,1.38
2017-04-27 03:00:00,36,21,14,1,65.5,1.5
2017-04-27 03:05:00,45,30,15,0,62.9,1.73
2017-04-27 03:10:00,32,19,13,0,65.8,1.33
2017-04-27 03:15:00,23,15,8,0,64.7,1.03
2017-04-27 03:20:00,25,16,9,0,61.4,1.12
2017-04-27 03:25:00,14,11,3,0,59.2,0.67
2017-04-27 03:30:00,33,28,5,0,58.0,1.52
2017-04-27 03:35:00,21,15,6,0,58.2,0.75
2017-04-27 03:40:00,31,25,6,0,61.0,1.26
2017-04-27 03:45:00,27,15,12,0,61.6,1.21
2017-04-27 03:50:00,22,17,5,0,63.9,1.07
2017-04-27 03:55:00,24,15,9,0,65.1,1.04
2017-04-27 04:00:00,26,18,7,1,60.5,1.1
2017-04-27 04:05:00,21,11,10,0,59.0,1.0
2017-04-27 04:10:00,29,24,5,0,56.3,1.31
2017-04-27 04:15:00,25,20,5,0,63.4,1.01
2017-04-27 04:20:00,14,9,5,0,68.6,0.6
2017-04-27 04:25:00,29,17,12,0,61.6,1.28
2017-04-27 04:30:00,16,11,4,1,57.4,1.26
2017-04-27 04:35:00,30,20,10,0,57.4,1.54
2017-04-27 04:40:00,28,21,7,0,65.1,1.14
2017-04-27 04:45:00,28,17,11,0,58.9,1.32
2017-04-27 04:50:00,26,20,6,0,65.7,1.14
2017-04-27 04:55:00,25,18,7,0,56.7,1.11
2017-04-27 05:00:00,28,15,13,0,59.2,1.4
2017-04-27 05:05:00,22,16,6,0,63.2,0.88
2017-04-27 05:10:00,34,25,9,0,56.7,1.67
2017-04-27 05:15:00,24,16,8,0,60.4,1.09
2017-04-27 05:20:00,30,21,9,0,56.7,1.17
2017-04-27 05:25:00,37,26,10,1,49.6,1.98
2017-04-27 05:30:00,19,16,3,0,48.6,1.76
2017-04-27 05:35:00,13,12,1,0,52.8,1.98
2017-04-27 05:40:00,5,5,0,0,52.0,2.0
2017-04-27 05:45:00,10,6,4,0,47.3,2.35
2017-04-27 05:50:00,53,37,16,0,54.7,2.7
2017-04-27 05:55:00,12,10,2,0,54.0,3.21
2017-04-27 06:00:00,62,50,11,1,57.1,2.29
2017-04-27 06:05:00,14,13,1,0,63.1,1.77
2017-04-27 06:10:00,62,54,6,2,50.8,2.68
2017-04-27 06:15:00,55,42,13,0,52.3,2.44
2017-04-27 06:20:00,69,52,16,1,52.3,3.37
2017-04-27 06:25:00,46,33,13,0,48.5,3.75
2017-04-27 06:30:00,25,18,7,0,56.3,2.56
2017-04-27 06:35:00,47,43,4,0,61.1,4.33
2017-04-27 06:40:00,15,10,5,0,49.3,7.12
2017-04-27 06:45:00,91,73,17,1,52.4,3.81
2017-04-27 06:50:00,89,66,23,0,52.7,4.06
2017-04-27 06:55:00,93,74,18,1,52.3,4.19
2017-04-27 07:00:00,51,47,4,0,60.0,9.38
2017-04-27 07:05:00,49,36,13,0,49.3,4.82
2017-04-27 07:10:00,30,23,4,3,52.3,4.15
2017-04-27 07:15:00,136,109,26,1,55.1,5.34
2017-04-27 07:20:00,149,119,30,0,59.5,8.17
2017-04-27 07:25:00,89,76,13,0,52.7,4.84
2017-04-27 07:30:00,65,52,12,1,49.0,4.46
2017-04-27 07:35:00,194,162,25,7,53.0,7.01
2017-04-27 07:40:00,160,134,20,6,50.4,5.79
2017-04-27 07:45:00,199,153,45,1,49.6,8.18
2017-04-27 07:50:00,237,185,48,4,53.2,9.84
2017-04-27 07:55:00,144,115,29,0,51.3,6.14
2017-04-27 08:00:00,212,173,36,3,46.4,9.56
2017-04-27 08:05:00,237,192,44,1,50.6,9.75
2017-04-27 08:10:00,174,145,29,0,46.5,8.03
2017-04-27 08:15:00,203,162,41,0,51.1,8.34
2017-04-27 08:20:00,247,194,51,2,49.4,10.75
2017-04-27 08:25:00,175,131,44,0,47.8,7.59
2017-04-27 08:30:00,194,157,37,0,50.6,7.88
2017-04-27 08:35:00,214,170,42,2,51.4,8.76
2017-04-27 08:40:00,140,112,28,0,52.4,5.66
2017-04-27 08:45:00,147,115,32,0,53.7,6.06
2017-04-27 08:50:00,182,146,36,0,54.2,7.0
2017-04-27 08:55:00,138,119,18,1,50.6,5.62
2017-04-27 09:00:00,137,107,30,0,53.6,5.58
2017-04-27 09:05:00,196,151,42,3,49.7,8.53
2017-04-27 09:10:00,142,107,33,2,49.1,6.88
2017-04-27 09:15:00,182,150,31,1,47.4,8.11
2017-04-27 09:20:00,181,150,29,2,51.9,7.33
2017-04-27 09:25:00,159,118,38,3,50.4,6.82
2017-04-27 09:30:00,179,139,38,2,44.2,8.95
2017-04-27 09:35:00,175,141,33,1,50.7,8.21
2017-04-27 09:40:00,162,125,37,0,52.7,6.83
2017-04-27 09:45:00,181,133,47,1,49.0,8.24
2017-04-27 09:50:00,177,131,42,4,48.9,8.34
2017-04-27 09:55:00,161,124,37,0,49.3,6.95
2017-04-27 10:00:00,159,118,39,2,49.3,7.21
2017-04-27 10:05:00,165,124,41,0,43.6,9.89
2017-04-27 10:10:00,188,149,38,1,48.8,8.51
2017-04-27 10:15:00,184,140,41,3,48.7,8.17
2017-04-27 10:20:00,183,161,21,1,43.3,9.42
2017-04-27 10:25:00,185,143,42,0,45.5,9.2
2017-04-27 10:30:00,185,158,24,3,46.1,8.1
2017-04-27 10:35:00,151,120,30,1,48.7,6.69
2017-04-27 10:40:00,172,140,31,1,45.2,8.8
2017-04-27 10:45:00,150,123,26,1,52.2,6.14
2017-04-27 10:50:00,152,129,23,0,50.3,6.37
2017-04-27 10:55:00,170,141,27,2,45.2,7.36
2017-04-27 11:00:00,152,128,22,2,43.4,6.92
2017-04-27 11:05:00,147,121,22,4,47.5,6.55
2017-04-27 11:10:00,186,162,21,3,47.1,7.79
2017-04-27 11:15:00,157,124,31,2,46.8,7.09
2017-04-27 11:20:00,146,122,23,1,48.8,6.58
2017-04-27 11:25:00,161,130,28,3,45.2,7.34
2017-04-27 11:30:00,167,124,41,2,45.7,7.68
2017-04-27 11:35:00,167,136,30,1,48.0,7.6
2017-04-27 11:40:00,175,135,34,6,46.7,7.84
2017-04-27 11:45:00,152,128,23,1,49.1,6.67
2017-04-27 11:50:00,148,118,27,3,50.6,6.72
2017-04-27 11:55:00,133,104,28,1,50.3,5.66
2017-04-27 12:00:00,121,97,20,4,48.9,5.02
2017-04-27 12:05:00,139,105,33,1,47.6,6.29
2017-04-27 12:10:00,149,114,31,4,48.0,6.82
2017-04-27 12:15:00,150,120,26,4,47.3,6.56
2017-04-27 12:20:00,148,117,30,1,45.9,6.41
2017-04-27 12:25:00,135,117,14,4,44.8,5.95
2017-04-27 12:30:00,124,105,17,2,48.4,6.57
2017-04-27 12:35:00,137,120,13,4,48.0,6.3
2017-04-27 12:40:00,135,118,13,4,44.2,7.26
2017-04-27 12:45:00,142,118,23,1,45.0,6.82
2017-04-27 12:50:00,138,122,16,0,46.2,5.77
2017-04-27 12:55:00,147,130,15,2,43.3,6.96
2017-04-27 13:00:00,170,133,32,5,46.1,21.02
2017-04-27 13:05:00,146,109,32,5,46.4,16.01
2017-04-27 13:10:00,167,137,23,7,43.0,8.71
2017-04-27 13:15:00,134,103,18,13,45.6,11.41
2017-04-27 13:20:00,137,105,21,11,45.5,10.38
2017-04-27 13:25:00,138,104,28,6,45.0,7.14
2017-04-27 13:30:00,173,147,25,1,44.4,8.06
2017-04-27 13:35:00,175,144,30,1,48.6,7.53
2017-04-27 13:40:00,168,131,27,10,48.6,9.08
2017-04-27 13:45:00,177,143,31,3,46.6,8.75
2017-04-27 13:50:00,176,133,42,1,49.0,9.62
2017-04-27 13:55:00,155,136,19,0,47.3,7.19
2017-04-27 14:00:00,157,124,31,2,43.9,8.29
2017-04-27 14:05:00,151,116,32,3,35.4,10.46
2017-04-27 14:10:00,165,139,26,0,38.7,16.91
2017-04-27 14:15:00,173,142,28,3,41.1,9.24
2017-04-27 14:20:00,168,141,23,4,39.2,8.9
2017-04-27 14:25:00,157,124,33,0,44.0,7.21
2017-04-27 14:30:00,193,144,48,1,45.2,11.47
2017-04-27 14:35:00,157,118,37,2,42.2,7.47
2017-04-27 14:40:00,162,117,43,2,45.9,8.49
2017-04-27 14:45:00,160,124,34,2,43.7,7.72
2017-04-27 14:50:00,178,147,27,4,41.3,8.29
2017-04-27 14:55:00,178,129,47,2,45.7,9.5
2017-04-27 15:00:00,177,118,53,6,46.7,9.82
2017-04-27 15:05:00,155,98,52,5,47.4,14.49
2017-04-27 15:10:00,187,144,38,5,47.6,15.12
2017-04-27 15:15:00,152,104,45,3,45.3,7.26
2017-04-27 15:20:00,148,107,38,3,43.5,7.45
2017-04-27 15:25:00,149,111,32,6,41.9,7.53
2017-04-27 15:30:00,141,103,32,6,46.5,6.22
2017-04-27 15:35:00,131,106,22,3,47.4,5.96
2017-04-27 15:40:00,163,119,37,7,44.2,8.1
2017-04-27 15:45:00,157,110,41,6,48.2,7.31
2017-04-27 15:50:00,135,100,30,5,46.7,6.76
2017-04-27 15:55:00,148,114,31,3,46.5,6.71
2017-04-27 16:00:00,147,118,27,2,44.8,6.63
2017-04-27 16:05:00,142,115,24,3,41.2,7.47
2017-04-27 16:10:00,163,126,33,4,46.8,6.97
2017-04-27 16:15:00,169,139,26,4,49.4,6.96
2017-04-27 16:20:00,167,135,31,1,46.6,7.27
2017-04-27 16:25:00,175,140,33,2,45.7,7.91
2017-04-27 16:30:00,179,149,25,5,43.2,10.22
2017-04-27 16:35:00,153,120,26,7,44.0,6.84
2017-04-27 16:40:00,160,124,36,0,46.9,7.84
2017-04-27 16:45:00,160,128,29,3,46.1,7.13
2017-04-27 16:50:00,171,133,32,6,47.2,7.34
2017-04-27 16:55:00,178,148,26,4,43.8,8.01
2017-04-27 17:00:00,194,154,30,10,45.6,8.19
2017-04-27 17:05:00,169,144,19,6,41.5,8.04
2017-04-27 17:10:00,198,173,19,6,43.3,9.84
2017-04-27 17:15:00,173,150,22,1,44.2,7.46
2017-04-27 17:20:00,128,107,17,4,51.1,7.08
2017-04-27 17:25:00,173,146,22,5,43.3,13.11
2017-04-27 17:30:00,146,124,19,3,41.3,8.66
2017-04-27 17:35:00,203,169,30,4,46.4,9.1
2017-04-27 17:40:00,178,150,24,4,46.0,7.54
2017-04-27 17:45:00,177,143,30,4,41.7,8.19
2017-04-27 17:50:00,196,171,25,0,48.5,8.48
2017-04-27 17:55:00,189,161,25,3,47.3,7.8
2017-04-27 18:00:00,172,141,30,1,43.4,8.28
2017-04-27 18:05:00,224,180,36,8,42.5,13.65
2017-04-27 18:10:00,186,155,29,2,45.9,8.29
2017-04-27 18:15:00,187,151,32,4,44.2,8.27
2017-04-27 18:20:00,207,164,41,2,48.0,8.75
2017-04-27 18:25:00,199,164,30,5,45.0,9.35
2017-04-27 18:30:00,191,154,35,2,42.3,9.61
2017-04-27 18:35:00,226,184,39,3,43.6,10.65
2017-04-27 18:40:00,203,170,33,0,46.0,8.89
2017-04-27 18:45:00,186,158,25,3,45.8,8.66
2017-04-27 18:50:00,225,191,30,4,44.0,12.99
2017-04-27 18:55:00,231,197,32,2,43.6,11.98
2017-04-27 19:00:00,183,158,24,1,45.8,8.14
2017-04-27 19:05:00,219,183,35,1,49.0,9.76
2017-04-27 19:10:00,201,157,40,4,46.0,10.69
2017-04-27 19:15:00,170,140,28,2,47.1,7.85
2017-04-27 19:20:00,201,176,25,0,45.0,9.41
2017-04-27 19:25:00,207,183,24,0,47.2,9.98
2017-04-27 19:30:00,169,137,32,0,44.1,8.81
2017-04-27 19:35:00,165,132,32,1,50.2,7.85
2017-04-27 19:40:00,195,158,36,1,47.1,9.07
2017-04-27 19:45:00,166,137,29,0,47.4,8.41
2017-04-27 19:50:00,183,153,30,0,49.2,8.84
2017-04-27 19:55:00,188,151,35,2,47.9,9.39
2017-04-27 20:00:00,156,127,28,1,47.4,7.43
2017-04-27 20:05:00,175,142,32,1,50.1,7.44
2017-04-27 20:10:00,190,148,42,0,48.0,8.69
2017-04-27 20:15:00,171,140,30,1,47.8,7.66
2017-04-27 20:20:00,204,152,52,0,46.9,9.82
2017-04-27 20:25:00,180,150,30,0,50.2,7.88
2017-04-27 20:30:00,160,129,31,0,48.0,7.96
2017-04-27 20:35:00,154,133,19,2,50.8,6.64
2017-04-27 20:40:00,171,143,27,1,48.5,8.16
2017-04-27 20:45:00,156,128,26,2,46.6,7.72
2017-04-27 20:50:00,194,157,34,3,48.8,9.62
2017-04-27 20:55:00,164,133,29,2,49.3,7.47
2017-04-27 21:00:00,118,89,28,1,50.2,7.57
2017-04-27 21:05:00,195,157,38,0,46.8,9.81
2017-04-27 21:10:00,178,143,32,3,42.1,11.02
2017-04-27 21:15:00,162,141,20,1,41.0,9.55
2017-04-27 21:20:00,161,128,33,0,38.9,18.4
2017-04-27 21:25:00,178,134,42,2,36.9,14.03
2017-04-27 21:30:00,192,156,36,0,36.4,13.25
2017-04-27 21:35:00,163,133,30,0,42.7,9.88
2017-04-27 21:40:00,179,138,39,2,37.6,12.49
2017-04-27 21:45:00,176,144,30,2,37.0,14.14
2017-04-27 21:50:00,178,143,34,1,42.3,15.96
2017-04-27 21:55:00,157,114,42,1,41.3,18.57
2017-04-27 22:00:00,129,104,23,2,46.5,7.9
2017-04-27 22:05:00,153,118,31,4,37.3,14.5
2017-04-27 22:10:00,194,161,30,3,41.7,12.24
2017-04-27 22:15:00,174,126,45,3,37.2,11.78
2017-04-27 22:20:00,160,130,29,1,41.9,10.72
2017-04-27 22:25:00,167,132,31,4,43.1,8.8
2017-04-27 22:30:00,161,135,25,1,41.0,10.05
2017-04-27 22:35:00,167,134,33,0,39.2,10.62
2017-04-27 22:40:00,92,73,17,2,47.9,4.75
2017-04-27 22:45:00,138,115,23,0,44.2,11.0
2017-04-27 22:50:00,147,118,29,0,34.8,13.7
2017-04-27 22:55:00,125,97,26,2,50.2,6.32
2017-04-27 23:00:00,111,90,21,0,48.3,5.19
2017-04-27 23:05:00,129,103,26,0,47.7,6.21
2017-04-27 23:10:00,113,88,25,0,50.2,5.2
2017-04-27 23:15:00,112,86,25,1,51.0,5.38
2017-04-27 23:20:00,101,85,16,0,51.5,4.82
2017-04-27 23:25:00,104,85,19,0,47.8,4.51
2017-04-27 23:30:00,89,66,21,2,54.7,3.89
2017-04-27 23:35:00,103,82,20,1,48.3,5.39
2017-04-27 23:40:00,88,68,19,1,55.1,7.7
2017-04-27 23:45:00,131,98,33,0,51.8,6.02
2017-04-27 23:50:00,100,76,24,0,54.3,4.67
2017-04-27 23:55:00,80,67,13,0,51.7,3.57
2017-04-28 00:00:00,67,52,15,0,60.8,2.7
2017-04-28 00:05:00,66,53,13,0,53.1,3.02
2017-04-28 00:10:00,94,78,15,1,51.1,5.63
2017-04-28 00:15:00,97,74,23,0,56.1,3.97
2017-04-28 00:20:00,74,62,12,0,56.7,3.27
2017-04-28 00:25:00,88,66,21,1,54.0,4.13
2017-04-28 00:30:00,65,46,19,0,58.6,2.94
2017-04-28 00:35:00,63,46,17,0,57.5,2.59
2017-04-28 00:40:00,59,45,14,0,58.5,2.78
2017-04-28 00:45:00,60,47,13,0,56.5,3.27
2017-04-28 00:50:00,59,37,22,0,60.9,2.63
2017-04-28 00:55:00,70,56,13,1,53.5,5.94
2017-04-28 01:00:00,62,45,17,0,57.2,11.66
2017-04-28 01:05:00,65,53,11,1,58.4,2.91
2017-04-28 01:10:00,69,54,15,0,56.9,3.41
2017-04-28 01:15:00,41,32,9,0,61.8,1.8
2017-04-28 01:20:00,65,49,15,1,53.1,3.17
2017-04-28 01:25:00,68,54,14,0,59.1,2.77
2017-04-28 01:30:00,55,43,12,0,56.5,2.73
2017-04-28 01:35:00,50,36,13,1,56.3,2.07
2017-04-28 01:40:00,50,38,12,0,52.8,2.38
2017-04-28 01:45:00,55,35,20,0,56.2,2.16
2017-04-28 01:50:00,47,29,18,0,61.6,2.56
2017-04-28 01:55:00,49,34,15,0,60.7,1.78
2017-04-28 02:00:00,27,19,7,1,56.5,1.3
2017-04-28 02:05:00,59,41,17,1,62.3,2.28
2017-04-28 02:10:00,43,33,10,0,60.5,1.87
2017-04-28 02:15:00,37,24,13,0,65.2,1.53
2017-04-28 02:20:00,38,26,12,0,61.5,1.54
2017-04-28 02:25:00,38,26,12,0,61.1,1.68
2017-04-28 02:30:00,36,26,10,0,63.2,1.49
2017-04-28 02:35:00,39,28,11,0,61.4,1.81
2017-04-28 02:40:00,38,27,11,0,59.3,1.55
2017-04-28 02:45:00,29,21,8,0,69.0,1.36
2017-04-28 02:50:00,29,20,9,0,58.9,1.16
2017-04-28 02:55:00,33,26,7,0,57.4,1.55
2017-04-28 03:00:00,26,15,10,1,64.4,1.18
2017-04-28 03:05:00,27,23,3,1,60.9,1.11
2017-04-28 03:10:00,44,31,13,0,63.8,1.59
2017-04-28 03:15:00,35,27,8,0,61.7,1.46
2017-04-28 03:20:00,23,15,8,0,58.6,1.22
2017-04-28 03:25:00,21,19,2,0,52.1,0.72
2017-04-28 03:30:00,32,22,10,0,58.7,1.63
2017-04-28 03:35:00,20,11,8,1,66.7,0.76
2017-04-28 03:40:00,29,24,5,0,57.4,1.43
2017-04-28 03:45:00,31,19,12,0,65.7,1.23
2017-04-28 03:50:00,18,12,6,0,70.7,0.91
2017-04-28 03:55:00,29,22,7,0,58.2,1.25
2017-04-28 04:00:00,16,9,7,0,66.0,0.82
2017-04-28 04:05:00,31,24,7,0,61.2,1.38
2017-04-28 04:10:00,33,26,7,0,64.5,1.55
2017-04-28 04:15:00,22,16,6,0,64.5,0.99
2017-04-28 04:20:00,41,27,14,0,66.6,1.58
2017-04-28 04:25:00,20,16,4,0,60.3,0.86
2017-04-28 04:30:00,22,18,4,0,50.9,1.42
2017-04-28 04:35:00,30,24,6,0,59.7,1.31
2017-04-28 04:40:00,23,16,7,0,58.5,1.25
2017-04-28 04:45:00,25,21,4,0,61.6,1.0
2017-04-28 04:50:00,47,30,17,0,58.5,2.04
2017-04-28 04:55:00,20,14,6,0,59.8,3.08
2017-04-28 05:00:00,26,21,5,0,61.1,0.97
2017-04-28 05:05:00,21,15,6,0,60.6,0.83
2017-04-28 05:10:00,46,37,9,0,57.2,2.27
2017-04-28 05:15:00,23,17,6,0,60.6,0.93
2017-04-28 05:20:00,25,21,4,0,56.8,1.22
2017-04-28 05:25:00,32,27,5,0,49.6,1.67
2017-04-28 05:30:00,32,25,7,0,60.4,1.71
2017-04-28 05:35:00,45,35,9,1,58.6,1.79
2017-04-28 05:40:00,47,36,10,1,61.9,1.74
2017-04-28 05:45:00,37,26,10,1,58.8,1.7
2017-04-28 05:50:00,52,35,16,1,56.9,2.38
2017-04-28 05:55:00,42,29,13,0,60.6,2.19
2017-04-28 06:00:00,45,35,10,0,58.7,1.92
2017-04-28 06:05:00,71,47,22,2,54.2,3.42
2017-04-28 06:10:00,59,36,21,2,58.6,2.92
2017-04-28 06:15:00,76,52,23,1,54.1,3.48
2017-04-28 06:20:00,51,36,14,1,51.5,3.29
2017-04-28 06:25:00,44,33,10,1,57.8,2.57
2017-04-28 06:30:00,41,28,13,0,58.1,2.71
2017-04-28 06:35:00,81,61,19,1,57.7,4.35
2017-04-28 06:40:00,52,40,12,0,47.8,3.05
2017-04-28 06:45:00,74,53,19,2,60.2,3.93
2017-04-28 06:50:00,108,84,22,2,50.8,5.61
2017-04-28 06:55:00,58,37,21,0,45.0,4.11
2017-04-28 07:00:00,126,92,32,2,47.7,7.8
2017-04-28 07:05:00,122,94,28,0,51.3,5.63
2017-04-28 07:10:00,83,61,22,0,55.6,5.79
2017-04-28 07:15:00,98,79,18,1,56.3,5.54
2017-04-28 07:20:00,108,78,28,2,53.7,5.87
2017-04-28 07:25:00,115,91,23,1,53.2,6.11
2017-04-28 07:30:00,163,136,22,5,49.7,7.02
2017-04-28 07:35:00,158,135,20,3,49.4,6.58
2017-04-28 07:40:00,111,91,20,0,50.6,6.46
2017-04-28 07:45:00,115,88,23,4,51.3,6.58
2017-04-28 07:50:00,171,135,36,0,53.2,8.67
2017-04-28 07:55:00,84,65,19,0,51.5,6.73
2017-04-28 08:00:00,24,19,5,0,44.2,2.67
2017-04-28 08:05:00,145,123,22,0,49.3,8.78
2017-04-28 08:10:00,56,43,13,0,45.8,6.65
2017-04-28 08:15:00,125,115,10,0,49.5,8.61
2017-04-28 08:20:00,78,63,15,0,47.1,12.14
2017-04-28 08:25:00,193,159,33,1,44.9,10.46
2017-04-28 08:30:00,74,58,16,0,52.0,15.47
2017-04-28 08:35:00,161,129,32,0,49.1,7.62
2017-04-28 08:40:00,156,117,37,2,48.0,8.51
2017-04-28 08:45:00,59,48,11,0,55.8,7.79
2017-04-28 08:50:00,89,71,18,0,52.0,8.96
2017-04-28 08:55:00,61,51,9,1,48.0,3.93
2017-04-28 09:00:00,150,121,29,0,49.6,8.6
2017-04-28 09:05:00,88,79,9,0,53.4,6.99
2017-04-28 09:10:00,151,125,26,0,51.5,6.16
2017-04-28 09:15:00,127,104,23,0,53.0,8.2
2017-04-28 09:20:00,40,32,8,0,50.7,8.08
2017-04-28 09:25:00,57,42,14,1,50.1,3.9
2017-04-28 09:30:00,125,105,20,0,51.7,6.42
2017-04-28 09:35:00,75,60,14,1,50.6,9.31
2017-04-28 09:40:00,56,47,9,0,46.9,8.72
2017-04-28 09:45:00,117,107,10,0,39.5,7.61
2017-04-28 09:50:00,75,64,9,2,32.0,40.26
2017-04-28 09:55:00,13,12,1,0,26.3,37.13
2017-04-28 10:00:00,28,27,1,0,34.0,45.03
2017-04-28 10:05:00,149,120,29,0,49.0,8.22
2017-04-28 10:10:00,34,28,6,0,40.1,6.34
2017-04-28 10:15:00,42,33,9,0,49.5,8.49
2017-04-28 10:20:00,157,130,27,0,50.8,7.22
2017-04-28 10:25:00,55,43,11,1,45.6,9.06
2017-04-28 10:30:00,37,28,8,1,46.9,5.42
2017-04-28 10:35:00,90,71,16,3,47.5,6.9
2017-04-28 10:40:00,8,5,2,1,38.7,2.46
2017-04-28 10:45:00,85,71,14,0,52.9,11.6
2017-04-28 10:50:00,14,11,3,0,44.3,3.15
2017-04-28 10:55:00,50,41,9,0,49.5,7.48
2017-04-28 11:00:00,33,28,5,0,46.4,5.2
2017-04-28 11:05:00,69,60,8,1,51.0,6.93
2017-04-28 11:10:00,81,68,13,0,49.8,9.08
2017-04-28 11:15:00,29,22,7,0,54.7,12.67
2017-04-28 11:20:00,57,47,6,4,51.0,4.68
2017-04-28 11:25:00,23,18,5,0,45.7,10.99
2017-04-28 11:30:00,142,116,25,1,50.3,6.0
2017-04-28 11:35:00,161,140,19,2,50.1,6.7
2017-04-28 11:40:00,14,13,1,0,41.7,6.85
2017-04-28 11:45:00,37,31,6,0,48.1,5.0
2017-04-28 11:50:00,16,13,3,0,51.3,6.86
2017-04-28 11:55:00,161,134,22,5,45.3,7.54
2017-04-28 12:00:00,58,45,13,0,48.2,12.51
2017-04-28 12:05:00,153,134,17,2,45.6,7.08
2017-04-28 12:10:00,145,115,28,2,47.0,6.94
2017-04-28 12:15:00,61,55,6,0,41.8,6.04
2017-04-28 12:20:00,20,16,3,1,42.7,5.17
2017-04-28 12:25:00,33,28,5,0,49.3,7.29
2017-04-28 12:30:00,153,145,7,1,45.4,6.43
2017-04-28 12:35:00,65,60,4,1,35.4,5.14
2017-04-28 12:40:00,36,30,5,1,41.4,4.32
2017-04-28 12:45:00,79,67,11,1,42.9,8.36
2017-04-28 12:50:00,8,6,2,0,61.3,3.04
2017-04-28 12:55:00,126,109,17,0,48.1,5.66
2017-04-28 13:00:00,54,45,9,0,47.4,7.27
2017-04-28 13:05:00,66,51,8,7,48.5,9.82
2017-04-28 13:10:00,171,140,31,0,45.2,7.35
2017-04-28 13:15:00,112,85,24,3,49.0,6.45
2017-04-28 13:20:00,137,107,24,6,39.7,7.19
2017-04-28 13:25:00,180,156,17,7,41.1,12.18
2017-04-28 13:30:00,150,120,26,4,45.0,9.43
2017-04-28 13:35:00,181,160,20,1,49.5,7.71
2017-04-28 13:40:00,171,139,32,0,49.1,6.74
2017-04-28 13:45:00,136,113,23,0,44.6,7.55
2017-04-28 13:50:00,171,129,41,1,47.4,7.7
2017-04-28 13:55:00,161,120,40,1,50.9,7.07
2017-04-28 14:00:00,162,120,42,0,47.0,7.95
2017-04-28 14:05:00,170,129,41,0,44.0,9.65
2017-04-28 14:10:00,180,134,46,0,45.1,9.85
2017-04-28 14:15:00,192,158,34,0,47.0,7.82
2017-04-28 14:20:00,177,142,34,1,46.8,8.52
2017-04-28 14:25:00,162,135,27,0,44.9,8.7
2017-04-28 14:30:00,206,172,34,0,45.0,9.28
2017-04-28 14:35:00,139,118,19,2,47.3,7.31
2017-04-28 14:40:00,194,151,42,1,47.3,8.29
2017-04-28 14:45:00,156,132,22,2,45.9,7.25
2017-04-28 14:50:00,156,132,23,1,47.5,7.77
2017-04-28 14:55:00,191,149,40,2,46.7,8.23
2017-04-28 15:00:00,165,134,29,2,46.8,8.63
2017-04-28 15:05:00,178,144,31,3,44.7,10.9
2017-04-28 15:10:00,185,145,36,4,47.3,7.67
2017-04-28 15:15:00,125,95,28,2,45.3,7.0
2017-04-28 15:20:00,197,172,25,0,47.3,8.39
2017-04-28 15:25:00,164,127,37,0,44.2,8.98
2017-04-28 15:30:00,177,132,43,2,47.1,10.05
2017-04-28 15:35:00,189,150,38,1,44.4,8.32
2017-04-28 15:40:00,178,134,42,2,48.1,9.65
2017-04-28 15:45:00,180,146,33,1,43.6,8.92
2017-04-28 15:50:00,154,113,39,2,45.5,8.23
2017-04-28 15:55:00,195,159,36,0,48.5,8.04
2017-04-28 16:00:00,163,130,32,1,46.6,7.74
2017-04-28 16:05:00,164,135,29,0,42.4,9.02
2017-04-28 16:10:00,179,149,28,2,48.3,6.97
2017-04-28 16:15:00,164,135,29,0,48.7,8.54
2017-04-28 16:20:00,209,169,39,1,46.6,8.46
2017-04-28 16:25:00,169,135,32,2,48.5,8.58
2017-04-28 16:30:00,206,165,41,0,47.1,8.95
2017-04-28 16:35:00,147,119,26,2,43.1,8.28
2017-04-28 16:40:00,200,161,37,2,46.7,8.88
2017-04-28 16:45:00,157,129,27,1,49.1,7.53
2017-04-28 16:50:00,194,155,37,2,47.3,8.38
2017-04-28 16:55:00,208,166,42,0,46.2,8.79
2017-04-28 17:00:00,198,159,39,0,49.1,8.87
2017-04-28 17:05:00,154,127,26,1,42.9,12.61
2017-04-28 17:10:00,196,159,32,5,41.8,16.81
2017-04-28 17:15:00,166,141,24,1,39.6,9.83
2017-04-28 17:20:00,233,188,38,7,39.8,10.19
2017-04-28 17:25:00,161,140,18,3,45.8,7.77
2017-04-28 17:30:00,213,173,40,0,46.1,9.2
2017-04-28 17:35:00,192,161,31,0,46.0,9.87
2017-04-28 17:40:00,178,154,23,1,44.2,10.96
2017-04-28 17:45:00,198,169,29,0,44.6,8.42
2017-04-28 17:50:00,208,176,32,0,49.4,10.33
2017-04-28 17:55:00,215,178,37,0,47.2,9.12
2017-04-28 18:00:00,199,165,33,1,43.9,10.91
2017-04-28 18:05:00,207,169,38,0,45.0,11.33
2017-04-28 18:10:00,214,178,35,1,45.4,9.63
2017-04-28 18:15:00,193,154,37,2,44.3,9.61
2017-04-28 18:20:00,216,171,43,2,45.6,11.21
2017-04-28 18:25:00,193,143,47,3,47.4,10.15
2017-04-28 18:30:00,208,158,49,1,45.9,9.55
2017-04-28 18:35:00,238,196,41,1,46.3,10.87
2017-04-28 18:40:00,182,140,40,2,42.7,10.98
2017-04-28 18:45:00,186,152,34,0,43.4,10.38
2017-04-28 18:50:00,247,199,47,1,49.2,10.36
2017-04-28 18:55:00,210,175,35,0,44.7,11.87
2017-04-28 19:00:00,185,131,51,3,46.0,11.21
2017-04-28 19:05:00,222,165,55,2,45.1,10.94
2017-04-28 19:10:00,213,173,40,0,48.2,9.8
2017-04-28 19:15:00,164,129,31,4,44.7,9.79
2017-04-28 19:20:00,219,175,41,3,44.5,11.34
2017-04-28 19:25:00,185,153,30,2,41.1,11.17
2017-04-28 19:30:00,194,159,35,0,45.6,9.16
2017-04-28 19:35:00,249,206,41,2,43.7,18.43
2017-04-28 19:40:00,200,166,32,2,46.0,9.46
2017-04-28 19:45:00,164,133,30,1,47.8,7.86
2017-04-28 19:50:00,208,167,39,2,47.5,13.51
2017-04-28 19:55:00,196,160,35,1,49.5,8.6
2017-04-28 20:00:00,137,112,25,0,46.1,12.35
2017-04-28 20:05:00,182,144,38,0,49.0,9.52
2017-04-28 20:10:00,164,132,32,0,47.9,7.63
2017-04-28 20:15:00,195,155,40,0,45.6,9.18
2017-04-28 20:20:00,186,153,33,0,46.9,10.66
2017-04-28 20:25:00,201,162,38,1,44.2,10.83
2017-04-28 20:30:00,167,138,29,0,46.8,8.9
2017-04-28 20:35:00,194,146,47,1,46.2,10.9
2017-04-28 20:40:00,159,130,29,0,48.2,7.26
2017-04-28 20:45:00,170,135,35,0,48.4,7.7
2017-04-28 20:50:00,216,189,27,0,47.5,10.37
2017-04-28 20:55:00,195,159,33,3,50.2,10.09
2017-04-28 21:00:00,172,131,41,0,41.0,10.79
2017-04-28 21:05:00,197,161,34,2,40.2,11.62
2017-04-28 21:10:00,207,170,35,2,34.4,19.78
2017-04-28 21:15:00,126,104,22,0,37.6,9.76
2017-04-28 21:20:00,178,141,35,2,36.8,12.84
2017-04-28 21:25:00,205,160,42,3,39.1,14.63
2017-04-28 21:30:00,197,163,32,2,36.3,11.71
2017-04-28 21:35:00,187,147,35,5,40.7,15.44
2017-04-28 21:40:00,187,150,34,3,37.9,17.3
2017-04-28 21:45:00,189,154,35,0,39.2,10.48
2017-04-28 21:50:00,183,135,48,0,34.3,15.85
2017-04-28 21:55:00,131,102,28,1,36.5,8.59
2017-04-28 22:00:00,174,132,39,3,36.6,21.27
2017-04-28 22:05:00,203,148,51,4,36.4,17.42
2017-04-28 22:10:00,157,120,35,2,37.8,10.13
2017-04-28 22:15:00,187,139,45,3,37.4,14.39
2017-04-28 22:20:00,190,145,44,1,36.8,14.07
2017-04-28 22:25:00,167,131,36,0,45.1,9.93
2017-04-28 22:30:00,133,106,27,0,42.7,8.23
2017-04-28 22:35:00,141,107,33,1,41.9,9.65
2017-04-28 22:40:00,163,127,33,3,41.9,9.76
2017-04-28 22:45:00,148,118,28,2,38.8,11.0
2017-04-28 22:50:00,124,102,19,3,43.6,8.59
2017-04-28 22:55:00,137,108,28,1,41.5,11.34
2017-04-28 23:00:00,175,142,33,0,45.4,7.85
2017-04-28 23:05:00,121,105,16,0,48.3,5.95
2017-04-28 23:10:00,121,88,29,4,41.2,8.13
2017-04-28 23:15:00,109,86,22,1,44.8,5.86
2017-04-28 23:20:00,158,117,40,1,48.7,7.22
2017-04-28 23:25:00,109,85,23,1,43.9,5.6
2017-04-28 23:30:00,111,87,23,1,48.4,5.43
2017-04-28 23:35:00,107,84,22,1,49.6,5.72
2017-04-28 23:40:00,128,103,23,2,48.1,6.04
2017-04-28 23:45:00,92,76,16,0,54.2,4.0
2017-04-28 23:50:00,112,89,23,0,54.1,4.86
2017-04-28 23:55:00,70,60,9,1,55.3,3.14
2017-04-29 00:00:00,122,95,26,1,54.4,5.05
2017-04-29 00:05:00,89,68,21,0,55.3,4.01
2017-04-29 00:10:00,109,89,19,1,53.3,5.56
2017-04-29 00:15:00,93,70,23,0,58.3,6.71
2017-04-29 00:20:00,96,79,17,0,53.3,4.41
2017-04-29 00:25:00,92,76,16,0,52.2,4.09
2017-04-29 00:30:00,91,69,22,0,59.1,3.76
2017-04-29 00:35:00,96,68,28,0,56.2,4.84
2017-04-29 00:40:00,100,77,23,0,50.4,5.2
2017-04-29 00:45:00,87,62,25,0,56.7,3.85
2017-04-29 00:50:00,110,82,28,0,57.6,4.65
2017-04-29 00:55:00,80,70,10,0,57.9,3.33
2017-04-29 01:00:00,83,63,20,0,51.5,4.12
2017-04-29 01:05:00,61,44,16,1,58.4,2.67
2017-04-29 01:10:00,79,66,13,0,55.6,3.53
2017-04-29 01:15:00,63,49,13,1,55.6,2.95
2017-04-29 01:20:00,87,66,21,0,54.9,4.61
2017-04-29 01:25:00,97,74,23,0,52.2,8.52
2017-04-29 01:30:00,76,60,16,0,55.1,3.49
2017-04-29 01:35:00,54,44,10,0,58.3,2.24
2017-04-29 01:40:00,63,43,20,0,56.8,3.88
2017-04-29 01:45:00,56,44,12,0,64.4,2.82
2017-04-29 01:50:00,48,36,11,1,63.0,3.94
2017-04-29 01:55:00,15,11,4,0,49.1,1.64
2017-04-29 02:00:00,21,15,6,0,72.8,4.26
2017-04-29 02:05:00,57,40,17,0,65.5,3.32
2017-04-29 02:10:00,20,14,6,0,63.8,1.8
2017-04-29 02:15:00,11,6,5,0,56.3,1.51
2017-04-29 02:20:00,28,21,7,0,59.3,2.37
2017-04-29 02:25:00,32,21,11,0,58.3,1.64
2017-04-29 02:30:00,65,53,12,0,59.1,2.7
2017-04-29 02:35:00,36,31,5,0,60.9,2.66
2017-04-29 02:40:00,29,18,11,0,60.3,1.53
2017-04-29 02:45:00,38,27,10,1,58.7,2.91
2017-04-29 02:50:00,31,21,10,0,61.3,1.42
2017-04-29 02:55:00,33,28,5,0,70.2,5.06
2017-04-29 03:00:00,18,11,7,0,63.4,6.83
2017-04-29 03:05:00,33,24,9,0,57.3,2.05
2017-04-29 03:10:00,16,10,6,0,68.0,2.21
2017-04-29 03:15:00,8,3,5,0,81.0,1.63
2017-04-29 03:20:00,28,17,11,0,66.5,2.23
2017-04-29 03:25:00,28,20,8,0,68.3,1.2
2017-04-29 03:30:00,24,19,5,0,56.9,1.2
2017-04-29 03:35:00,20,16,4,0,65.6,1.68
2017-04-29 03:40:00,38,23,15,0,67.9,2.78
2017-04-29 03:45:00,56,47,9,0,55.2,2.81
2017-04-29 03:50:00,31,23,8,0,56.6,2.27
2017-04-29 03:55:00,35,28,7,0,61.0,1.92
2017-04-29 04:00:00,25,19,6,0,62.7,4.89
2017-04-29 04:05:00,27,19,6,2,66.6,1.54
2017-04-29 04:10:00,43,34,9,0,64.1,1.73
2017-04-29 04:15:00,52,31,21,0,65.1,2.06
2017-04-29 04:20:00,33,27,6,0,71.3,1.26
2017-04-29 04:25:00,48,40,8,0,60.3,1.84
2017-04-29 04:30:00,28,24,4,0,60.1,1.19
2017-04-29 04:35:00,18,15,3,0,56.8,1.03
2017-04-29 04:40:00,41,35,6,0,56.5,1.98
2017-04-29 04:45:00,34,24,10,0,69.0,1.43
2017-04-29 04:50:00,42,32,10,0,58.6,1.94
2017-04-29 04:55:00,43,31,12,0,58.2,1.95
2017-04-29 05:00:00,33,25,8,0,58.1,1.43
2017-04-29 05:05:00,41,30,11,0,58.7,1.89
2017-04-29 05:10:00,33,27,6,0,65.4,1.34
2017-04-29 05:15:00,45,38,7,0,58.1,1.91
2017-04-29 05:20:00,45,35,10,0,58.1,1.97
2017-04-29 05:25:00,55,45,9,1,63.5,2.32
2017-04-29 05:30:00,44,34,9,1,58.7,1.63
2017-04-29 05:35:00,53,38,14,1,59.6,2.1
2017-04-29 05:40:00,52,41,11,0,62.8,2.48
2017-04-29 05:45:00,44,38,6,0,61.1,1.64
2017-04-29 05:50:00,32,23,8,1,57.5,1.82
2017-04-29 05:55:00,30,20,10,0,61.7,2.06
2017-04-29 06:00:00,61,50,11,0,61.4,2.52
2017-04-29 06:05:00,60,47,13,0,55.9,3.89
2017-04-29 06:10:00,25,20,5,0,49.0,2.28
2017-04-29 06:15:00,28,17,11,0,51.9,2.55
2017-04-29 06:20:00,17,13,3,1,63.9,2.26
2017-04-29 06:25:00,68,51,16,1,50.5,3.12
2017-04-29 06:30:00,39,32,6,1,48.8,2.47
2017-04-29 06:35:00,34,24,9,1,41.1,5.01
2017-04-29 06:40:00,49,31,17,1,50.5,3.2
2017-04-29 06:45:00,50,35,15,0,50.0,4.33
2017-04-29 06:50:00,46,38,7,1,51.9,3.18
2017-04-29 06:55:00,52,37,14,1,57.0,3.54
2017-04-29 07:00:00,21,13,8,0,53.0,1.97
2017-04-29 07:05:00,27,17,10,0,60.4,3.48
2017-04-29 07:10:00,61,48,12,1,59.6,4.29
2017-04-29 07:15:00,55,47,6,2,63.4,3.07
2017-04-29 07:20:00,62,45,16,1,64.0,4.34
2017-04-29 07:25:00,36,29,6,1,58.0,3.32
2017-04-29 07:30:00,55,48,6,1,61.1,3.64
2017-04-29 07:35:00,77,68,8,1,57.4,3.91
2017-04-29 07:40:00,66,59,7,0,52.4,3.36
2017-04-29 07:45:00,56,41,14,1,51.7,4.09
2017-04-29 07:50:00,91,72,15,4,57.3,2.99
2017-04-29 07:55:00,75,54,21,0,59.4,4.98
2017-04-29 08:00:00,27,21,6,0,52.5,4.3
2017-04-29 08:05:00,58,42,16,0,55.7,4.9
2017-04-29 08:10:00,16,11,5,0,57.3,3.52
2017-04-29 08:15:00,6,5,1,0,67.7,2.0
2017-04-29 08:20:00,100,71,27,2,53.2,4.98
2017-04-29 08:25:00,8,6,2,0,67.3,1.24
2017-04-29 08:30:00,31,24,7,0,53.4,4.16
2017-04-29 08:35:00,41,31,10,0,52.7,8.47
2017-04-29 08:40:00,154,133,20,1,53.9,6.12
2017-04-29 08:45:00,20,12,8,0,53.7,4.08
2017-04-29 08:50:00,174,150,23,1,53.9,7.4
2017-04-29 08:55:00,178,152,26,0,51.3,7.55
2017-04-29 09:00:00,21,16,4,1,52.7,8.56
2017-04-29 09:05:00,132,112,20,0,55.4,5.29
2017-04-29 09:10:00,170,149,19,2,51.3,7.13
2017-04-29 09:15:00,136,108,25,3,50.1,6.12
2017-04-29 09:20:00,188,161,27,0,51.0,7.88
2017-04-29 09:25:00,176,148,28,0,51.6,7.09
2017-04-29 09:30:00,146,122,21,3,50.4,6.35
2017-04-29 09:35:00,16,15,1,0,45.3,6.49
2017-04-29 09:40:00,184,154,30,0,49.9,9.06
2017-04-29 09:45:00,170,139,28,3,47.5,7.29
2017-04-29 09:50:00,196,166,29,1,49.9,8.56
2017-04-29 09:55:00,33,24,9,0,37.2,6.27
2017-04-29 10:00:00,158,135,21,2,48.8,7.12
2017-04-29 10:05:00,213,181,29,3,47.9,10.37
2017-04-29 10:10:00,181,153,27,1,48.2,7.81
2017-04-29 10:15:00,182,151,30,1,45.6,9.78
2017-04-29 10:20:00,209,179,29,1,49.3,8.79
2017-04-29 10:25:00,205,172,31,2,44.7,10.8
2017-04-29 10:30:00,141,122,16,3,49.4,6.08
2017-04-29 10:35:00,182,143,33,6,51.8,7.38
2017-04-29 10:40:00,214,186,25,3,48.5,9.32
2017-04-29 10:45:00,148,126,21,1,47.7,6.35
2017-04-29 10:50:00,181,156,21,4,53.3,7.33
2017-04-29 10:55:00,158,141,15,2,50.3,6.36
2017-04-29 11:00:00,137,118,19,0,49.1,5.91
2017-04-29 11:05:00,190,167,22,1,49.9,8.06
2017-04-29 11:10:00,197,168,27,2,48.3,8.83
2017-04-29 11:15:00,151,123,24,4,46.3,6.8
2017-04-29 11:20:00,181,149,32,0,51.0,7.48
2017-04-29 11:25:00,181,159,19,3,52.5,7.35
2017-04-29 11:30:00,157,129,24,4,52.2,6.65
2017-04-29 11:35:00,197,161,28,8,49.8,8.61
2017-04-29 11:40:00,181,149,28,4,49.7,8.03
2017-04-29 11:45:00,153,133,18,2,50.1,6.5
2017-04-29 11:50:00,189,155,32,2,50.1,8.08
2017-04-29 11:55:00,175,142,33,0,48.7,7.71
2017-04-29 12:00:00,148,132,15,1,50.9,7.7
2017-04-29 12:05:00,198,172,26,0,47.8,8.34
2017-04-29 12:10:00,191,170,17,4,46.5,9.73
2017-04-29 12:15:00,165,148,14,3,45.0,6.95
2017-04-29 12:20:00,178,155,21,2,47.0,7.38
2017-04-29 12:25:00,173,154,17,2,46.0,7.79
2017-04-29 12:30:00,144,124,19,1,47.5,6.55
2017-04-29 12:35:00,178,163,10,5,44.5,7.32
2017-04-29 12:40:00,187,172,10,5,45.2,8.16
2017-04-29 12:45:00,177,150,27,0,42.8,8.94
2017-04-29 12:50:00,201,179,19,3,37.8,10.47
2017-04-29 12:55:00,208,184,23,1,42.6,11.09
2017-04-29 13:00:00,170,141,28,1,45.0,8.79
2017-04-29 13:05:00,188,165,20,3,51.0,15.67
2017-04-29 13:10:00,176,152,23,1,48.6,7.22
2017-04-29 13:15:00,164,143,14,7,46.5,7.16
2017-04-29 13:20:00,203,176,22,5,44.7,8.65
2017-04-29 13:25:00,155,127,25,3,43.9,19.53
2017-04-29 13:30:00,175,146,26,3,43.5,8.98
2017-04-29 13:35:00,186,165,19,2,48.2,8.0
2017-04-29 13:40:00,163,128,35,0,50.8,7.93
2017-04-29 13:45:00,166,109,53,4,49.3,8.33
2017-04-29 13:50:00,210,158,51,1,44.6,10.94
2017-04-29 13:55:00,182,144,35,3,46.4,8.96
2017-04-29 14:00:00,163,115,47,1,45.7,8.96
2017-04-29 14:05:00,196,141,54,1,45.8,10.23
2017-04-29 14:10:00,198,138,58,2,45.8,11.94
2017-04-29 14:15:00,159,119,36,4,43.4,7.88
2017-04-29 14:20:00,166,131,35,0,44.5,9.52
2017-04-29 14:25:00,32,27,5,0,47.7,13.09
2017-04-29 14:30:00,156,131,25,0,44.4,8.18
2017-04-29 14:35:00,98,89,9,0,45.8,15.15
2017-04-29 14:40:00,175,141,33,1,46.8,7.89
2017-04-29 14:45:00,154,130,24,0,45.2,7.6
2017-04-29 14:50:00,167,134,32,1,48.5,7.95
2017-04-29 14:55:00,158,122,32,4,45.6,8.07
2017-04-29 15:00:00,175,137,32,6,44.5,9.52
2017-04-29 15:05:00,201,152,45,4,44.3,10.56
2017-04-29 15:10:00,130,99,29,2,46.4,8.17
2017-04-29 15:15:00,171,126,43,2,43.9,7.94
2017-04-29 15:20:00,177,128,37,12,49.9,7.74
2017-04-29 15:25:00,173,120,46,7,45.9,7.56
2017-04-29 15:30:00,140,103,33,4,45.2,6.33
2017-04-29 15:35:00,211,160,43,8,42.5,11.32
2017-04-29 15:40:00,185,133,49,3,45.1,9.63
2017-04-29 15:45:00,155,110,43,2,47.6,6.9
2017-04-29 15:50:00,215,169,43,3,44.0,10.04
2017-04-29 15:55:00,186,153,30,3,45.7,8.24
2017-04-29 16:00:00,171,130,38,3,41.4,8.33
2017-04-29 16:05:00,192,151,35,6,47.7,8.29
2017-04-29 16:10:00,170,133,33,4,39.3,13.54
2017-04-29 16:15:00,25,22,3,0,46.3,3.29
2017-04-29 16:20:00,185,153,28,4,45.3,8.17
2017-04-29 16:25:00,173,136,32,5,47.4,7.47
2017-04-29 16:30:00,35,26,9,0,49.7,2.52
2017-04-29 16:35:00,192,169,19,4,45.9,8.57
2017-04-29 16:40:00,69,57,11,1,41.5,12.0
2017-04-29 16:45:00,59,46,13,0,45.3,9.22
2017-04-29 16:50:00,25,21,4,0,42.7,13.08
2017-04-29 16:55:00,30,23,7,0,50.3,12.68
2017-04-29 17:00:00,30,27,2,1,53.0,11.55
2017-04-29 17:05:00,55,50,3,2,46.1,5.97
2017-04-29 17:10:00,70,64,5,1,47.2,5.3
2017-04-29 17:15:00,52,44,7,1,46.0,4.88
2017-04-29 17:20:00,52,46,6,0,49.3,5.87
2017-04-29 17:25:00,60,47,12,1,49.9,6.74
2017-04-29 17:30:00,16,14,2,0,33.5,3.91
2017-04-29 17:35:00,219,184,30,5,44.9,10.19
2017-04-29 17:40:00,185,162,23,0,48.8,8.24
2017-04-29 17:45:00,21,16,3,2,35.8,5.82
2017-04-29 17:50:00,30,27,3,0,47.0,13.92
2017-04-29 17:55:00,10,9,1,0,45.3,3.93
2017-04-29 18:00:00,23,20,3,0,53.3,9.41
2017-04-29 18:05:00,17,14,3,0,35.0,8.41
2017-04-29 18:10:00,18,13,4,1,45.3,4.73
2017-04-29 18:15:00,164,136,27,1,47.8,7.79
2017-04-29 18:20:00,191,165,26,0,48.5,8.54
2017-04-29 18:25:00,17,15,2,0,41.5,4.5
2017-04-29 18:30:00,46,44,2,0,48.8,9.48
2017-04-29 18:35:00,195,156,36,3,49.9,8.89
2017-04-29 18:40:00,172,150,21,1,48.2,8.58
2017-04-29 18:45:00,159,132,25,2,46.1,7.55
2017-04-29 18:50:00,162,140,22,0,49.2,7.48
2017-04-29 18:55:00,193,165,27,1,48.9,9.06
2017-04-29 19:00:00,112,95,16,1,43.8,9.15
2017-04-29 19:05:00,17,14,3,0,51.0,7.34
2017-04-29 19:10:00,6,5,1,0,32.0,3.67
2017-04-29 19:15:00,165,144,20,1,47.9,7.84
2017-04-29 19:20:00,184,164,20,0,49.1,7.95
2017-04-29 19:25:00,152,129,23,0,47.1,6.85
2017-04-29 19:30:00,135,109,26,0,49.9,6.48
2017-04-29 19:35:00,162,135,27,0,48.3,7.87
2017-04-29 19:40:00,24,22,2,0,51.7,11.77
2017-04-29 19:45:00,131,99,32,0,47.6,6.24
2017-04-29 19:50:00,24,18,6,0,47.0,10.01
2017-04-29 19:55:00,173,127,46,0,48.5,8.4
2017-04-29 20:00:00,124,96,28,0,50.1,7.0
2017-04-29 20:05:00,171,134,37,0,52.0,7.66
2017-04-29 20:10:00,159,135,24,0,49.1,7.02
2017-04-29 20:15:00,45,26,19,0,51.1,3.21
2017-04-29 20:20:00,35,25,10,0,51.7,14.67
2017-04-29 20:25:00,166,131,35,0,50.4,8.39
2017-04-29 20:30:00,21,17,4,0,50.7,9.53
2017-04-29 20:35:00,212,172,38,2,45.9,11.36
2017-04-29 20:40:00,112,88,24,0,48.9,5.49
2017-04-29 20:45:00,27,22,5,0,46.7,13.61
2017-04-29 20:50:00,85,66,19,0,52.9,3.8
2017-04-29 20:55:00,187,151,36,0,50.7,8.46
2017-04-29 21:00:00,18,17,1,0,49.3,8.64
2017-04-29 21:05:00,50,45,5,0,53.1,3.77
2017-04-29 21:10:00,175,134,41,0,43.8,11.32
2017-04-29 21:15:00,144,113,31,0,41.7,10.14
2017-04-29 21:20:00,172,133,38,1,38.7,12.35
2017-04-29 21:25:00,147,118,29,0,43.1,8.55
2017-04-29 21:30:00,162,117,42,3,40.0,12.18
2017-04-29 21:35:00,58,52,6,0,56.6,4.45
2017-04-29 21:40:00,172,125,45,2,43.3,11.31
2017-04-29 21:45:00,179,122,52,5,41.1,13.16
2017-04-29 21:50:00,189,146,39,4,35.5,20.9
2017-04-29 21:55:00,191,145,40,6,36.5,13.95
2017-04-29 22:00:00,154,114,38,2,35.8,13.64
2017-04-29 22:05:00,16,13,2,1,31.0,9.3
2017-04-29 22:10:00,147,115,31,1,41.7,7.84
2017-04-29 22:15:00,148,110,37,1,46.5,8.87
2017-04-29 22:20:00,21,17,4,0,55.0,8.52
2017-04-29 22:25:00,112,91,20,1,45.5,6.85
2017-04-29 22:30:00,34,23,11,0,34.5,8.82
2017-04-29 22:35:00,41,37,4,0,41.1,4.37
2017-04-29 22:40:00,18,13,5,0,50.0,8.52
2017-04-29 22:45:00,53,41,12,0,51.0,8.79
2017-04-29 22:50:00,106,82,24,0,46.9,4.77
2017-04-29 22:55:00,106,81,24,1,53.5,5.28
2017-04-29 23:00:00,97,77,20,0,50.4,4.32
2017-04-29 23:05:00,125,88,37,0,50.0,7.24
2017-04-29 23:10:00,114,95,19,0,48.3,5.19
2017-04-29 23:15:00,98,73,24,1,52.1,4.7
2017-04-29 23:20:00,68,46,22,0,47.8,5.06
2017-04-29 23:25:00,93,67,24,2,52.1,4.34
2017-04-29 23:30:00,103,90,13,0,51.0,5.69
2017-04-29 23:35:00,104,82,21,1,55.3,5.39
2017-04-29 23:40:00,85,66,19,0,57.0,7.37
2017-04-29 23:45:00,101,70,31,0,53.7,4.57
2017-04-29 23:50:00,91,62,28,1,56.6,4.28
2017-04-29 23:55:00,77,62,15,0,58.1,3.32
2017-04-30 00:00:00,92,66,26,0,60.2,3.92
2017-04-30 00:05:00,85,61,24,0,53.7,3.84
2017-04-30 00:10:00,38,22,16,0,62.3,4.37
2017-04-30 00:15:00,43,39,4,0,53.1,2.38
2017-04-30 00:20:00,85,65,19,1,53.8,4.13
2017-04-30 00:25:00,79,61,18,0,52.2,3.61
2017-04-30 00:30:00,91,68,22,1,49.9,4.81
2017-04-30 00:35:00,77,55,22,0,52.3,3.85
2017-04-30 00:40:00,84,62,22,0,60.6,3.72
2017-04-30 00:45:00,86,66,20,0,55.8,3.92
2017-04-30 00:50:00,76,57,19,0,58.3,3.3
2017-04-30 00:55:00,69,45,24,0,59.9,3.22
2017-04-30 01:00:00,71,50,21,0,56.8,3.18
2017-04-30 01:05:00,66,53,13,0,60.3,3.21
2017-04-30 01:10:00,69,53,16,0,57.1,4.0
2017-04-30 01:15:00,58,44,13,1,59.9,2.69
2017-04-30 01:20:00,60,44,16,0,60.5,2.69
2017-04-30 01:25:00,79,61,18,0,62.6,3.34
2017-04-30 01:30:00,56,46,10,0,61.8,2.51
2017-04-30 01:35:00,50,38,12,0,60.1,2.37
2017-04-30 01:40:00,57,38,19,0,61.1,2.45
2017-04-30 01:45:00,68,48,20,0,60.6,9.64
2017-04-30 01:50:00,53,42,11,0,62.6,2.36
2017-04-30 01:55:00,51,40,11,0,61.2,2.06
2017-04-30 02:00:00,59,46,13,0,59.2,2.77
2017-04-30 02:05:00,57,45,12,0,57.1,2.46
2017-04-30 02:10:00,54,39,15,0,62.2,2.38
2017-04-30 02:15:00,68,48,20,0,60.8,3.07
2017-04-30 02:20:00,57,37,20,0,54.9,2.66
2017-04-30 02:25:00,43,30,13,0,60.6,2.09
2017-04-30 02:30:00,48,36,12,0,62.3,1.77
2017-04-30 02:35:00,62,40,22,0,56.9,2.92
2017-04-30 02:40:00,43,28,15,0,61.0,1.83
2017-04-30 02:45:00,39,26,12,1,54.9,1.89
2017-04-30 02:50:00,54,38,15,1,62.6,2.21
2017-04-30 02:55:00,46,37,9,0,60.7,2.0
2017-04-30 03:00:00,51,38,13,0,56.4,2.28
2017-04-30 03:05:00,53,36,17,0,59.0,2.28
2017-04-30 03:10:00,47,37,9,1,62.2,1.85
2017-04-30 03:15:00,23,13,10,0,66.9,1.37
2017-04-30 03:20:00,37,32,5,0,59.9,1.53
2017-04-30 03:25:00,41,30,11,0,59.9,1.88
2017-04-30 03:30:00,37,30,7,0,65.9,2.6
2017-04-30 03:35:00,5,2,3,0,58.0,2.85
2017-04-30 03:40:00,41,25,16,0,65.4,1.75
2017-04-30 03:45:00,34,27,7,0,61.9,1.5
2017-04-30 03:50:00,33,23,10,0,64.4,1.27
2017-04-30 03:55:00,34,28,6,0,64.1,1.31
2017-04-30 04:00:00,34,23,11,0,62.5,1.42
2017-04-30 04:05:00,20,18,2,0,68.3,0.81
2017-04-30 04:10:00,54,46,8,0,61.5,2.3
2017-04-30 04:15:00,39,28,11,0,70.7,1.53
2017-04-30 04:20:00,49,37,12,0,58.2,2.15
2017-04-30 04:25:00,23,17,6,0,55.5,1.03
2017-04-30 04:30:00,41,30,11,0,62.1,1.66
2017-04-30 04:35:00,12,9,3,0,81.4,26.14
2017-04-30 04:40:00,18,14,4,0,63.6,13.38
2017-04-30 04:45:00,28,21,7,0,62.1,1.26
2017-04-30 04:50:00,34,25,9,0,67.9,1.4
2017-04-30 04:55:00,18,17,1,0,63.8,1.18
2017-04-30 05:00:00,8,6,2,0,71.5,0.77
2017-04-30 05:05:00,36,32,4,0,62.7,1.58
2017-04-30 05:10:00,18,12,6,0,68.1,3.44
2017-04-30 05:15:00,39,33,5,1,68.4,1.54
2017-04-30 05:20:00,38,30,8,0,65.6,1.55
2017-04-30 05:25:00,6,5,1,0,43.7,1.65
2017-04-30 05:30:00,3,3,0,0,65.0,1.0
2017-04-30 05:35:00,22,20,2,0,53.7,1.91
2017-04-30 05:40:00,17,14,3,0,46.8,1.18
2017-04-30 05:45:00,43,33,8,2,59.8,1.76
2017-04-30 05:50:00,18,17,1,0,55.5,1.21
2017-04-30 05:55:00,40,35,4,1,73.4,1.4
2017-04-30 06:00:00,48,33,14,1,67.4,1.75
2017-04-30 06:05:00,70,57,13,0,61.6,2.9
2017-04-30 06:10:00,43,35,7,1,62.4,1.6
2017-04-30 06:15:00,49,43,6,0,51.6,2.11
2017-04-30 06:20:00,50,39,11,0,56.8,2.18
2017-04-30 06:25:00,57,46,10,1,51.6,2.75
2017-04-30 06:30:00,68,49,19,0,49.1,3.33
2017-04-30 06:35:00,57,45,10,2,56.2,2.52
2017-04-30 06:40:00,77,66,11,0,53.6,3.62
2017-04-30 06:45:00,59,45,14,0,51.1,2.87
2017-04-30 06:50:00,58,45,12,1,58.0,2.44
2017-04-30 06:55:00,48,36,11,1,55.8,1.99
2017-04-30 07:00:00,71,56,15,0,54.2,2.85
2017-04-30 07:05:00,51,40,10,1,51.2,2.64
2017-04-30 07:10:00,81,70,8,3,56.3,3.24
2017-04-30 07:15:00,59,46,11,2,59.0,2.22
2017-04-30 07:20:00,65,51,13,1,59.7,2.55
2017-04-30 07:25:00,62,52,10,0,59.8,2.25
2017-04-30 07:30:00,59,47,12,0,57.9,2.55
2017-04-30 07:35:00,51,45,6,0,62.0,1.62
2017-04-30 07:40:00,61,43,13,5,57.7,2.21
2017-04-30 07:45:00,76,63,12,1,52.9,2.92
2017-04-30 07:50:00,75,68,6,1,53.9,2.38
2017-04-30 07:55:00,69,54,14,1,57.9,2.86
2017-04-30 08:00:00,61,46,15,0,54.9,2.71
2017-04-30 08:05:00,99,71,28,0,60.2,3.83
2017-04-30 08:10:00,94,72,19,3,59.5,3.54
2017-04-30 08:15:00,96,75,20,1,57.4,3.65
2017-04-30 08:20:00,136,107,29,0,57.2,5.43
2017-04-30 08:25:00,109,90,18,1,58.1,4.11
2017-04-30 08:30:00,99,75,23,1,56.2,3.76
2017-04-30 08:35:00,137,108,29,0,53.1,5.97
2017-04-30 08:40:00,107,88,19,0,52.6,4.34
2017-04-30 08:45:00,133,107,25,1,51.3,5.69
2017-04-30 08:50:00,158,135,23,0,51.6,6.47
2017-04-30 08:55:00,111,94,17,0,53.1,4.37
