Date,ToVol,Speed,OccRate,HeavyShare,flow_3cls_occ,time_4bin,hour_sin,hour_cos
2017-04-02 00:00:00,43,50.3,1.9,0.20930232558139536,원활,새벽(0-5),0.0,1.0
2017-04-02 00:05:00,45,58.9,1.84,0.28888888888888886,원활,새벽(0-5),0.0,1.0
2017-04-02 00:10:00,46,50.6,1.87,0.2608695652173913,원활,새벽(0-5),0.0,1.0
2017-04-02 00:15:00,45,50.9,1.72,0.2,원활,새벽(0-5),0.0,1.0
2017-04-02 00:20:00,27,62.2,1.12,0.5185185185185185,원활,새벽(0-5),0.0,1.0
2017-04-02 00:25:00,30,63.5,1.17,0.5,원활,새벽(0-5),0.0,1.0
2017-04-02 00:30:00,27,73.6,0.99,0.48148148148148145,원활,새벽(0-5),0.0,1.0
2017-04-02 00:35:00,40,52.7,1.76,0.375,원활,새벽(0-5),0.0,1.0
2017-04-02 00:40:00,31,59.9,1.24,0.41935483870967744,원활,새벽(0-5),0.0,1.0
2017-04-02 00:45:00,38,59.1,1.49,0.2631578947368421,원활,새벽(0-5),0.0,1.0
2017-04-02 00:50:00,39,54.5,1.84,0.3076923076923077,원활,새벽(0-5),0.0,1.0
2017-04-02 00:55:00,38,50.6,1.42,0.2894736842105263,원활,새벽(0-5),0.0,1.0
2017-04-02 01:00:00,27,50.8,1.18,0.3333333333333333,원활,새벽(0-5),0.25881904510252074,0.9659258262890683
2017-04-02 01:05:00,28,65.0,1.07,0.32142857142857145,원활,새벽(0-5),0.25881904510252074,0.9659258262890683
2017-04-02 01:10:00,35,58.1,1.52,0.42857142857142855,원활,새벽(0-5),0.25881904510252074,0.9659258262890683
2017-04-02 01:15:00,26,59.3,1.03,0.3076923076923077,원활,새벽(0-5),0.25881904510252074,0.9659258262890683
2017-04-02 01:20:00,27,53.2,1.08,0.25925925925925924,원활,새벽(0-5),0.25881904510252074,0.9659258262890683
2017-04-02 01:25:00,15,59.4,0.63,0.26666666666666666,원활,새벽(0-5),0.25881904510252074,0.9659258262890683
2017-04-02 01:30:00,24,55.7,1.08,0.16666666666666666,원활,새벽(0-5),0.25881904510252074,0.9659258262890683
2017-04-02 01:35:00,21,54.7,0.9,0.3333333333333333,원활,새벽(0-5),0.25881904510252074,0.9659258262890683
2017-04-02 01:40:00,18,63.0,0.59,0.2777777777777778,원활,새벽(0-5),0.25881904510252074,0.9659258262890683
2017-04-02 01:45:00,24,58.2,1.04,0.25,원활,새벽(0-5),0.25881904510252074,0.9659258262890683
2017-04-02 01:50:00,22,63.4,0.94,0.3181818181818182,원활,새벽(0-5),0.25881904510252074,0.9659258262890683
2017-04-02 01:55:00,28,57.6,1.15,0.35714285714285715,원활,새벽(0-5),0.25881904510252074,0.9659258262890683
2017-04-02 02:00:00,29,58.2,1.2,0.27586206896551724,원활,새벽(0-5),0.49999999999999994,0.8660254037844387
2017-04-02 02:05:00,23,56.2,1.11,0.30434782608695654,원활,새벽(0-5),0.49999999999999994,0.8660254037844387
2017-04-02 02:10:00,30,60.8,1.58,0.36666666666666664,원활,새벽(0-5),0.49999999999999994,0.8660254037844387
2017-04-02 02:15:00,18,61.1,0.71,0.16666666666666666,원활,새벽(0-5),0.49999999999999994,0.8660254037844387
2017-04-02 02:20:00,15,55.9,0.66,0.4666666666666667,원활,새벽(0-5),0.49999999999999994,0.8660254037844387
2017-04-02 02:25:00,16,51.5,0.66,0.4375,원활,새벽(0-5),0.49999999999999994,0.8660254037844387
2017-04-02 02:30:00,21,60.9,0.76,0.47619047619047616,원활,새벽(0-5),0.49999999999999994,0.8660254037844387
2017-04-02 02:35:00,13,69.5,0.49,0.46153846153846156,원활,새벽(0-5),0.49999999999999994,0.8660254037844387
2017-04-02 02:40:00,17,61.3,0.72,0.17647058823529413,원활,새벽(0-5),0.49999999999999994,0.8660254037844387
2017-04-02 02:45:00,15,66.6,0.52,0.26666666666666666,원활,새벽(0-5),0.49999999999999994,0.8660254037844387
2017-04-02 02:50:00,21,55.4,0.88,0.23809523809523808,원활,새벽(0-5),0.49999999999999994,0.8660254037844387
2017-04-02 02:55:00,20,54.2,0.74,0.55,원활,새벽(0-5),0.49999999999999994,0.8660254037844387
2017-04-02 03:00:00,15,64.6,0.65,0.5333333333333333,원활,새벽(0-5),0.7071067811865476,0.7071067811865476
2017-04-02 03:05:00,13,61.8,0.58,0.15384615384615385,원활,새벽(0-5),0.7071067811865476,0.7071067811865476
2017-04-02 03:10:00,21,61.8,0.81,0.42857142857142855,원활,새벽(0-5),0.7071067811865476,0.7071067811865476
2017-04-02 03:15:00,14,57.8,0.63,0.5,원활,새벽(0-5),0.7071067811865476,0.7071067811865476
2017-04-02 03:20:00,14,64.9,0.48,0.5,원활,새벽(0-5),0.7071067811865476,0.7071067811865476
2017-04-02 03:25:00,22,63.2,0.84,0.5454545454545454,원활,새벽(0-5),0.7071067811865476,0.7071067811865476
2017-04-02 03:30:00,13,57.2,0.59,0.46153846153846156,원활,새벽(0-5),0.7071067811865476,0.7071067811865476
2017-04-02 03:35:00,14,57.5,0.6,0.21428571428571427,원활,새벽(0-5),0.7071067811865476,0.7071067811865476
2017-04-02 03:40:00,20,60.0,0.81,0.55,원활,새벽(0-5),0.7071067811865476,0.7071067811865476
2017-04-02 03:45:00,13,61.6,0.59,0.5384615384615384,원활,새벽(0-5),0.7071067811865476,0.7071067811865476
2017-04-02 03:50:00,19,61.5,0.82,0.47368421052631576,원활,새벽(0-5),0.7071067811865476,0.7071067811865476
2017-04-02 03:55:00,11,64.0,0.43,0.36363636363636365,원활,새벽(0-5),0.7071067811865476,0.7071067811865476
2017-04-02 04:00:00,24,61.5,1.04,0.5,원활,새벽(0-5),0.8660254037844386,0.5000000000000001
2017-04-02 04:05:00,15,62.5,0.55,0.26666666666666666,원활,새벽(0-5),0.8660254037844386,0.5000000000000001
2017-04-02 04:10:00,19,71.3,0.87,0.47368421052631576,원활,새벽(0-5),0.8660254037844386,0.5000000000000001
2017-04-02 04:15:00,21,57.2,0.84,0.5714285714285714,원활,새벽(0-5),0.8660254037844386,0.5000000000000001
2017-04-02 04:20:00,23,48.9,0.83,0.43478260869565216,원활,새벽(0-5),0.8660254037844386,0.5000000000000001
2017-04-02 04:25:00,18,55.6,0.8,0.4444444444444444,원활,새벽(0-5),0.8660254037844386,0.5000000000000001
2017-04-02 04:30:00,26,58.8,1.02,0.5384615384615384,원활,새벽(0-5),0.8660254037844386,0.5000000000000001
2017-04-02 04:35:00,20,63.6,0.75,0.4,원활,새벽(0-5),0.8660254037844386,0.5000000000000001
2017-04-02 04:40:00,25,55.9,0.98,0.28,원활,새벽(0-5),0.8660254037844386,0.5000000000000001
2017-04-02 04:45:00,21,60.1,0.9,0.3333333333333333,원활,새벽(0-5),0.8660254037844386,0.5000000000000001
2017-04-02 04:50:00,20,59.6,0.78,0.3,원활,새벽(0-5),0.8660254037844386,0.5000000000000001
2017-04-02 04:55:00,19,63.4,0.91,0.631578947368421,원활,새벽(0-5),0.8660254037844386,0.5000000000000001
2017-04-02 05:00:00,23,65.9,1.06,0.17391304347826086,원활,새벽(0-5),0.9659258262890683,0.25881904510252074
2017-04-02 05:05:00,30,56.7,1.33,0.5,원활,새벽(0-5),0.9659258262890683,0.25881904510252074
2017-04-02 05:10:00,22,61.4,0.82,0.4090909090909091,원활,새벽(0-5),0.9659258262890683,0.25881904510252074
2017-04-02 05:15:00,25,70.3,1.03,0.4,원활,새벽(0-5),0.9659258262890683,0.25881904510252074
2017-04-02 05:20:00,34,55.2,1.45,0.3235294117647059,원활,새벽(0-5),0.9659258262890683,0.25881904510252074
2017-04-02 05:25:00,29,68.6,1.03,0.3448275862068966,원활,새벽(0-5),0.9659258262890683,0.25881904510252074
2017-04-02 05:30:00,16,49.2,0.74,0.375,원활,새벽(0-5),0.9659258262890683,0.25881904510252074
2017-04-02 05:35:00,22,59.6,0.98,0.2727272727272727,원활,새벽(0-5),0.9659258262890683,0.25881904510252074
2017-04-02 05:40:00,24,52.8,1.04,0.3333333333333333,원활,새벽(0-5),0.9659258262890683,0.25881904510252074
2017-04-02 05:45:00,31,52.3,1.32,0.22580645161290322,원활,새벽(0-5),0.9659258262890683,0.25881904510252074
2017-04-02 05:50:00,42,57.7,1.63,0.30952380952380953,원활,새벽(0-5),0.9659258262890683,0.25881904510252074
2017-04-02 05:55:00,42,57.3,1.87,0.4523809523809524,원활,새벽(0-5),0.9659258262890683,0.25881904510252074
2017-04-02 06:00:00,42,58.1,1.68,0.38095238095238093,원활,오전(6-11),1.0,6.123233995736766e-17
2017-04-02 06:05:00,35,59.6,1.57,0.4,원활,오전(6-11),1.0,6.123233995736766e-17
2017-04-02 06:10:00,30,61.8,1.09,0.23333333333333334,원활,오전(6-11),1.0,6.123233995736766e-17
2017-04-02 06:15:00,47,56.3,1.72,0.3404255319148936,원활,오전(6-11),1.0,6.123233995736766e-17
2017-04-02 06:20:00,41,58.9,1.57,0.4146341463414634,원활,오전(6-11),1.0,6.123233995736766e-17
2017-04-02 06:25:00,54,60.6,1.94,0.37037037037037035,원활,오전(6-11),1.0,6.123233995736766e-17
2017-04-02 06:30:00,45,61.1,1.67,0.35555555555555557,원활,오전(6-11),1.0,6.123233995736766e-17
2017-04-02 06:35:00,45,63.8,1.71,0.4222222222222222,원활,오전(6-11),1.0,6.123233995736766e-17
2017-04-02 06:40:00,55,63.3,2.0,0.43636363636363634,원활,오전(6-11),1.0,6.123233995736766e-17
2017-04-02 06:45:00,61,56.7,2.69,0.4918032786885246,원활,오전(6-11),1.0,6.123233995736766e-17
2017-04-02 06:50:00,38,53.1,1.49,0.39473684210526316,원활,오전(6-11),1.0,6.123233995736766e-17
2017-04-02 06:55:00,48,55.7,2.02,0.375,원활,오전(6-11),1.0,6.123233995736766e-17
2017-04-02 07:00:00,48,63.7,1.68,0.22916666666666666,원활,오전(6-11),0.9659258262890683,-0.25881904510252085
2017-04-02 07:05:00,46,58.7,1.86,0.43478260869565216,원활,오전(6-11),0.9659258262890683,-0.25881904510252085
2017-04-02 07:10:00,67,60.7,2.52,0.34328358208955223,원활,오전(6-11),0.9659258262890683,-0.25881904510252085
2017-04-02 07:15:00,87,59.6,3.17,0.39080459770114945,원활,오전(6-11),0.9659258262890683,-0.25881904510252085
2017-04-02 07:20:00,89,59.6,3.35,0.3258426966292135,원활,오전(6-11),0.9659258262890683,-0.25881904510252085
2017-04-02 07:25:00,105,55.7,4.31,0.2761904761904762,보통,오전(6-11),0.9659258262890683,-0.25881904510252085
2017-04-02 07:30:00,73,58.7,2.65,0.3150684931506849,원활,오전(6-11),0.9659258262890683,-0.25881904510252085
2017-04-02 07:35:00,76,56.5,3.1,0.2894736842105263,원활,오전(6-11),0.9659258262890683,-0.25881904510252085
2017-04-02 07:40:00,69,60.8,2.76,0.30434782608695654,원활,오전(6-11),0.9659258262890683,-0.25881904510252085
2017-04-02 07:45:00,67,55.4,2.7,0.3582089552238806,원활,오전(6-11),0.9659258262890683,-0.25881904510252085
2017-04-02 07:50:00,82,57.9,3.17,0.35365853658536583,원활,오전(6-11),0.9659258262890683,-0.25881904510252085
2017-04-02 07:55:00,73,53.1,2.99,0.3424657534246575,원활,오전(6-11),0.9659258262890683,-0.25881904510252085
2017-04-02 08:00:00,68,58.9,2.26,0.29411764705882354,원활,오전(6-11),0.8660254037844387,-0.4999999999999998
2017-04-02 08:05:00,70,56.3,3.22,0.2857142857142857,원활,오전(6-11),0.8660254037844387,-0.4999999999999998
2017-04-02 08:10:00,61,59.5,2.1,0.18032786885245902,원활,오전(6-11),0.8660254037844387,-0.4999999999999998
2017-04-02 08:15:00,61,54.0,2.34,0.2459016393442623,원활,오전(6-11),0.8660254037844387,-0.4999999999999998
2017-04-02 08:20:00,74,54.9,2.66,0.2702702702702703,원활,오전(6-11),0.8660254037844387,-0.4999999999999998
2017-04-02 08:25:00,76,56.7,3.1,0.25,원활,오전(6-11),0.8660254037844387,-0.4999999999999998
2017-04-02 08:30:00,77,56.4,2.85,0.2077922077922078,원활,오전(6-11),0.8660254037844387,-0.4999999999999998
2017-04-02 08:35:00,85,54.7,3.0,0.25882352941176473,원활,오전(6-11),0.8660254037844387,-0.4999999999999998
2017-04-02 08:40:00,113,53.9,4.35,0.30973451327433627,보통,오전(6-11),0.8660254037844387,-0.4999999999999998
2017-04-02 08:45:00,137,45.9,8.32,0.24817518248175183,혼잡,오전(6-11),0.8660254037844387,-0.4999999999999998
2017-04-02 08:50:00,125,45.8,8.84,0.256,혼잡,오전(6-11),0.8660254037844387,-0.4999999999999998
2017-04-02 08:55:00,124,49.3,5.27,0.28225806451612906,보통,오전(6-11),0.8660254037844387,-0.4999999999999998
2017-04-02 09:00:00,89,50.6,4.61,0.2696629213483146,보통,오전(6-11),0.7071067811865476,-0.7071067811865475
2017-04-02 09:05:00,96,51.8,4.06,0.3125,보통,오전(6-11),0.7071067811865476,-0.7071067811865475
2017-04-02 09:10:00,102,53.4,4.06,0.18627450980392157,보통,오전(6-11),0.7071067811865476,-0.7071067811865475
2017-04-02 09:15:00,109,52.9,3.99,0.22018348623853212,보통,오전(6-11),0.7071067811865476,-0.7071067811865475
2017-04-02 09:20:00,93,54.4,3.93,0.1935483870967742,보통,오전(6-11),0.7071067811865476,-0.7071067811865475
2017-04-02 09:25:00,122,51.7,6.2,0.32786885245901637,보통,오전(6-11),0.7071067811865476,-0.7071067811865475
2017-04-02 09:30:00,99,50.6,4.26,0.29292929292929293,보통,오전(6-11),0.7071067811865476,-0.7071067811865475
2017-04-02 09:35:00,94,53.5,3.57,0.30851063829787234,원활,오전(6-11),0.7071067811865476,-0.7071067811865475
2017-04-02 09:40:00,92,51.7,4.49,0.25,보통,오전(6-11),0.7071067811865476,-0.7071067811865475
2017-04-02 09:45:00,107,48.4,5.28,0.35514018691588783,보통,오전(6-11),0.7071067811865476,-0.7071067811865475
2017-04-02 09:50:00,111,51.3,4.35,0.27927927927927926,보통,오전(6-11),0.7071067811865476,-0.7071067811865475
2017-04-02 09:55:00,130,51.8,4.9,0.23846153846153847,보통,오전(6-11),0.7071067811865476,-0.7071067811865475
2017-04-02 10:00:00,109,53.5,4.97,0.42201834862385323,보통,오전(6-11),0.49999999999999994,-0.8660254037844387
2017-04-02 10:05:00,122,50.0,4.96,0.36065573770491804,보통,오전(6-11),0.49999999999999994,-0.8660254037844387
2017-04-02 10:10:00,93,53.6,3.79,0.34408602150537637,보통,오전(6-11),0.49999999999999994,-0.8660254037844387
2017-04-02 10:15:00,120,53.0,4.56,0.38333333333333336,보통,오전(6-11),0.49999999999999994,-0.8660254037844387
2017-04-02 10:20:00,82,52.3,4.85,0.35365853658536583,보통,오전(6-11),0.49999999999999994,-0.8660254037844387
2017-04-02 10:25:00,108,47.6,6.88,0.4166666666666667,혼잡,오전(6-11),0.49999999999999994,-0.8660254037844387
2017-04-02 10:30:00,131,48.6,9.31,0.2900763358778626,혼잡,오전(6-11),0.49999999999999994,-0.8660254037844387
2017-04-02 10:35:00,128,43.4,14.34,0.3359375,혼잡,오전(6-11),0.49999999999999994,-0.8660254037844387
2017-04-02 10:40:00,136,40.6,17.14,0.35294117647058826,혼잡,오전(6-11),0.49999999999999994,-0.8660254037844387
2017-04-02 10:45:00,163,37.0,18.12,0.3067484662576687,혼잡,오전(6-11),0.49999999999999994,-0.8660254037844387
2017-04-02 10:50:00,140,41.8,9.27,0.3142857142857143,혼잡,오전(6-11),0.49999999999999994,-0.8660254037844387
2017-04-02 10:55:00,160,42.9,7.67,0.28125,혼잡,오전(6-11),0.49999999999999994,-0.8660254037844387
2017-04-02 11:00:00,115,47.5,5.76,0.3652173913043478,보통,오전(6-11),0.258819045102521,-0.9659258262890682
2017-04-02 11:05:00,125,49.0,5.57,0.328,보통,오전(6-11),0.258819045102521,-0.9659258262890682
2017-04-02 11:10:00,127,51.2,5.51,0.4015748031496063,보통,오전(6-11),0.258819045102521,-0.9659258262890682
2017-04-02 11:15:00,139,45.6,6.44,0.31654676258992803,보통,오전(6-11),0.258819045102521,-0.9659258262890682
2017-04-02 11:20:00,104,49.4,4.66,0.25,보통,오전(6-11),0.258819045102521,-0.9659258262890682
2017-04-02 11:25:00,128,47.4,5.53,0.3046875,보통,오전(6-11),0.258819045102521,-0.9659258262890682
2017-04-02 11:30:00,128,46.6,6.26,0.25,보통,오전(6-11),0.258819045102521,-0.9659258262890682
2017-04-02 11:35:00,118,51.8,4.96,0.2796610169491525,보통,오전(6-11),0.258819045102521,-0.9659258262890682
2017-04-02 11:40:00,117,47.5,5.08,0.3076923076923077,보통,오전(6-11),0.258819045102521,-0.9659258262890682
2017-04-02 11:45:00,137,48.3,6.0,0.36496350364963503,보통,오전(6-11),0.258819045102521,-0.9659258262890682
2017-04-02 11:50:00,118,50.6,4.67,0.3220338983050847,보통,오전(6-11),0.258819045102521,-0.9659258262890682
2017-04-02 11:55:00,153,46.7,6.65,0.3137254901960784,보통,오전(6-11),0.258819045102521,-0.9659258262890682
2017-04-02 12:00:00,134,49.6,5.38,0.29850746268656714,보통,오후(12-17),1.2246467991473532e-16,-1.0
2017-04-02 12:05:00,132,46.5,5.92,0.3484848484848485,보통,오후(12-17),1.2246467991473532e-16,-1.0
2017-04-02 12:10:00,123,44.5,5.57,0.2682926829268293,보통,오후(12-17),1.2246467991473532e-16,-1.0
2017-04-02 12:15:00,152,46.3,6.78,0.3092105263157895,혼잡,오후(12-17),1.2246467991473532e-16,-1.0
2017-04-02 12:20:00,140,45.6,6.3,0.2785714285714286,보통,오후(12-17),1.2246467991473532e-16,-1.0
2017-04-02 12:25:00,142,45.8,6.22,0.323943661971831,보통,오후(12-17),1.2246467991473532e-16,-1.0
2017-04-02 12:30:00,149,42.3,7.89,0.2751677852348993,혼잡,오후(12-17),1.2246467991473532e-16,-1.0
2017-04-02 12:35:00,182,38.7,11.56,0.35714285714285715,혼잡,오후(12-17),1.2246467991473532e-16,-1.0
2017-04-02 12:40:00,181,42.9,9.14,0.287292817679558,혼잡,오후(12-17),1.2246467991473532e-16,-1.0
2017-04-02 12:45:00,179,40.3,9.93,0.3128491620111732,혼잡,오후(12-17),1.2246467991473532e-16,-1.0
2017-04-02 12:50:00,135,42.3,7.27,0.24444444444444444,혼잡,오후(12-17),1.2246467991473532e-16,-1.0
2017-04-02 12:55:00,152,43.2,7.56,0.27631578947368424,혼잡,오후(12-17),1.2246467991473532e-16,-1.0
2017-04-02 13:00:00,155,39.2,8.66,0.3161290322580645,혼잡,오후(12-17),-0.25881904510252035,-0.9659258262890684
2017-04-02 13:05:00,137,45.1,6.17,0.34306569343065696,보통,오후(12-17),-0.25881904510252035,-0.9659258262890684
2017-04-02 13:10:00,157,44.2,7.14,0.35668789808917195,혼잡,오후(12-17),-0.25881904510252035,-0.9659258262890684
2017-04-02 13:15:00,183,43.6,8.33,0.34972677595628415,혼잡,오후(12-17),-0.25881904510252035,-0.9659258262890684
2017-04-02 13:20:00,178,41.4,8.38,0.24719101123595505,혼잡,오후(12-17),-0.25881904510252035,-0.9659258262890684
2017-04-02 13:25:00,147,46.3,6.25,0.2789115646258503,보통,오후(12-17),-0.25881904510252035,-0.9659258262890684
2017-04-02 13:30:00,139,40.5,7.17,0.302158273381295,혼잡,오후(12-17),-0.25881904510252035,-0.9659258262890684
2017-04-02 13:35:00,160,40.7,8.07,0.3125,혼잡,오후(12-17),-0.25881904510252035,-0.9659258262890684
2017-04-02 13:40:00,156,43.7,7.38,0.2948717948717949,혼잡,오후(12-17),-0.25881904510252035,-0.9659258262890684
2017-04-02 13:45:00,173,40.2,10.68,0.35260115606936415,혼잡,오후(12-17),-0.25881904510252035,-0.9659258262890684
2017-04-02 13:50:00,192,44.4,8.57,0.3229166666666667,혼잡,오후(12-17),-0.25881904510252035,-0.9659258262890684
2017-04-02 13:55:00,178,43.5,7.75,0.21910112359550563,혼잡,오후(12-17),-0.25881904510252035,-0.9659258262890684
2017-04-02 14:00:00,183,41.4,8.93,0.2459016393442623,혼잡,오후(12-17),-0.5000000000000001,-0.8660254037844386
2017-04-02 14:05:00,170,43.3,7.88,0.31176470588235294,혼잡,오후(12-17),-0.5000000000000001,-0.8660254037844386
2017-04-02 14:10:00,189,39.8,9.99,0.24867724867724866,혼잡,오후(12-17),-0.5000000000000001,-0.8660254037844386
2017-04-02 14:15:00,152,38.9,8.76,0.2565789473684211,혼잡,오후(12-17),-0.5000000000000001,-0.8660254037844386
2017-04-02 14:20:00,150,44.0,7.09,0.23333333333333334,혼잡,오후(12-17),-0.5000000000000001,-0.8660254037844386
2017-04-02 14:25:00,179,41.2,8.95,0.24581005586592178,혼잡,오후(12-17),-0.5000000000000001,-0.8660254037844386
2017-04-02 14:30:00,175,43.8,7.81,0.2571428571428571,혼잡,오후(12-17),-0.5000000000000001,-0.8660254037844386
2017-04-02 14:35:00,160,42.2,7.73,0.28125,혼잡,오후(12-17),-0.5000000000000001,-0.8660254037844386
2017-04-02 14:40:00,146,43.7,6.49,0.2602739726027397,보통,오후(12-17),-0.5000000000000001,-0.8660254037844386
2017-04-02 14:45:00,169,42.1,8.85,0.2603550295857988,혼잡,오후(12-17),-0.5000000000000001,-0.8660254037844386
2017-04-02 14:50:00,150,46.7,6.16,0.25333333333333335,보통,오후(12-17),-0.5000000000000001,-0.8660254037844386
2017-04-02 14:55:00,155,44.5,7.43,0.2903225806451613,혼잡,오후(12-17),-0.5000000000000001,-0.8660254037844386
2017-04-02 15:00:00,154,43.2,7.36,0.21428571428571427,혼잡,오후(12-17),-0.7071067811865475,-0.7071067811865477
2017-04-02 15:05:00,179,43.4,8.22,0.2905027932960894,혼잡,오후(12-17),-0.7071067811865475,-0.7071067811865477
2017-04-02 15:10:00,166,43.7,8.28,0.25903614457831325,혼잡,오후(12-17),-0.7071067811865475,-0.7071067811865477
2017-04-02 15:15:00,149,41.2,6.86,0.22818791946308725,혼잡,오후(12-17),-0.7071067811865475,-0.7071067811865477
2017-04-02 15:20:00,161,45.9,6.57,0.19254658385093168,보통,오후(12-17),-0.7071067811865475,-0.7071067811865477
2017-04-02 15:25:00,153,41.1,9.62,0.23529411764705882,혼잡,오후(12-17),-0.7071067811865475,-0.7071067811865477
2017-04-02 15:30:00,135,42.8,6.39,0.22962962962962963,보통,오후(12-17),-0.7071067811865475,-0.7071067811865477
2017-04-02 15:35:00,141,44.6,6.16,0.28368794326241137,보통,오후(12-17),-0.7071067811865475,-0.7071067811865477
2017-04-02 15:40:00,135,46.6,5.9,0.18518518518518517,보통,오후(12-17),-0.7071067811865475,-0.7071067811865477
2017-04-02 15:45:00,140,42.6,6.61,0.2785714285714286,보통,오후(12-17),-0.7071067811865475,-0.7071067811865477
2017-04-02 15:50:00,119,46.5,5.09,0.18487394957983194,보통,오후(12-17),-0.7071067811865475,-0.7071067811865477
2017-04-02 15:55:00,146,40.7,7.09,0.18493150684931506,혼잡,오후(12-17),-0.7071067811865475,-0.7071067811865477
2017-04-02 16:00:00,147,44.3,6.36,0.24489795918367346,보통,오후(12-17),-0.8660254037844385,-0.5000000000000004
2017-04-02 16:05:00,149,45.1,6.43,0.22818791946308725,보통,오후(12-17),-0.8660254037844385,-0.5000000000000004
2017-04-02 16:10:00,129,43.6,7.83,0.20155038759689922,혼잡,오후(12-17),-0.8660254037844385,-0.5000000000000004
2017-04-02 16:15:00,155,43.8,12.53,0.1870967741935484,혼잡,오후(12-17),-0.8660254037844385,-0.5000000000000004
2017-04-02 16:20:00,121,45.6,4.98,0.19008264462809918,보통,오후(12-17),-0.8660254037844385,-0.5000000000000004
2017-04-02 16:25:00,153,39.6,8.5,0.2549019607843137,혼잡,오후(12-17),-0.8660254037844385,-0.5000000000000004
2017-04-02 16:30:00,155,48.6,11.63,0.2645161290322581,혼잡,오후(12-17),-0.8660254037844385,-0.5000000000000004
2017-04-02 16:35:00,142,43.8,6.43,0.18309859154929578,보통,오후(12-17),-0.8660254037844385,-0.5000000000000004
2017-04-02 16:40:00,158,47.5,17.5,0.2974683544303797,혼잡,오후(12-17),-0.8660254037844385,-0.5000000000000004
2017-04-02 16:45:00,124,47.4,5.15,0.28225806451612906,보통,오후(12-17),-0.8660254037844385,-0.5000000000000004
2017-04-02 16:50:00,127,44.4,5.78,0.25196850393700787,보통,오후(12-17),-0.8660254037844385,-0.5000000000000004
2017-04-02 16:55:00,128,45.1,6.89,0.3359375,혼잡,오후(12-17),-0.8660254037844385,-0.5000000000000004
2017-04-02 17:00:00,131,45.8,6.23,0.22900763358778625,보통,오후(12-17),-0.9659258262890683,-0.25881904510252063
2017-04-02 17:05:00,129,43.7,5.67,0.24031007751937986,보통,오후(12-17),-0.9659258262890683,-0.25881904510252063
2017-04-02 17:10:00,141,46.3,6.16,0.2765957446808511,보통,오후(12-17),-0.9659258262890683,-0.25881904510252063
2017-04-02 17:15:00,155,46.8,6.75,0.2645161290322581,혼잡,오후(12-17),-0.9659258262890683,-0.25881904510252063
2017-04-02 17:20:00,136,47.0,6.06,0.27941176470588236,보통,오후(12-17),-0.9659258262890683,-0.25881904510252063
2017-04-02 17:25:00,142,46.9,5.99,0.3591549295774648,보통,오후(12-17),-0.9659258262890683,-0.25881904510252063
2017-04-02 17:30:00,77,48.5,5.87,0.22077922077922077,보통,오후(12-17),-0.9659258262890683,-0.25881904510252063
2017-04-02 17:35:00,110,49.7,4.31,0.36363636363636365,보통,오후(12-17),-0.9659258262890683,-0.25881904510252063
2017-04-02 17:40:00,138,49.3,5.32,0.2391304347826087,보통,오후(12-17),-0.9659258262890683,-0.25881904510252063
2017-04-02 17:45:00,132,49.7,5.55,0.29545454545454547,보통,오후(12-17),-0.9659258262890683,-0.25881904510252063
2017-04-02 17:50:00,138,47.3,5.77,0.35507246376811596,보통,오후(12-17),-0.9659258262890683,-0.25881904510252063
2017-04-02 17:55:00,151,44.6,7.02,0.24503311258278146,혼잡,오후(12-17),-0.9659258262890683,-0.25881904510252063
2017-04-02 18:00:00,116,51.8,4.73,0.20689655172413793,보통,저녁(18-23),-1.0,-1.8369701987210297e-16
2017-04-02 18:05:00,136,46.6,5.7,0.20588235294117646,보통,저녁(18-23),-1.0,-1.8369701987210297e-16
2017-04-02 18:10:00,139,45.3,5.91,0.302158273381295,보통,저녁(18-23),-1.0,-1.8369701987210297e-16
2017-04-02 18:15:00,142,45.0,6.42,0.28169014084507044,보통,저녁(18-23),-1.0,-1.8369701987210297e-16
2017-04-02 18:20:00,123,47.8,5.12,0.24390243902439024,보통,저녁(18-23),-1.0,-1.8369701987210297e-16
2017-04-02 18:25:00,107,49.0,4.77,0.2897196261682243,보통,저녁(18-23),-1.0,-1.8369701987210297e-16
2017-04-02 18:30:00,110,49.8,4.23,0.3,보통,저녁(18-23),-1.0,-1.8369701987210297e-16
2017-04-02 18:35:00,125,49.5,4.76,0.216,보통,저녁(18-23),-1.0,-1.8369701987210297e-16
2017-04-02 18:40:00,133,50.4,4.78,0.2932330827067669,보통,저녁(18-23),-1.0,-1.8369701987210297e-16
2017-04-02 18:45:00,106,53.2,3.83,0.3113207547169811,보통,저녁(18-23),-1.0,-1.8369701987210297e-16
2017-04-02 18:50:00,108,48.9,4.31,0.2962962962962963,보통,저녁(18-23),-1.0,-1.8369701987210297e-16
2017-04-02 18:55:00,115,46.1,5.06,0.2608695652173913,보통,저녁(18-23),-1.0,-1.8369701987210297e-16
2017-04-02 19:00:00,127,43.2,6.13,0.2755905511811024,보통,저녁(18-23),-0.9659258262890684,0.2588190451025203
2017-04-02 19:05:00,144,44.5,6.87,0.1527777777777778,혼잡,저녁(18-23),-0.9659258262890684,0.2588190451025203
2017-04-02 19:10:00,124,44.4,6.45,0.16129032258064516,보통,저녁(18-23),-0.9659258262890684,0.2588190451025203
2017-04-02 19:15:00,165,41.5,10.25,0.1393939393939394,혼잡,저녁(18-23),-0.9659258262890684,0.2588190451025203
2017-04-02 19:20:00,147,43.0,8.54,0.14965986394557823,혼잡,저녁(18-23),-0.9659258262890684,0.2588190451025203
2017-04-02 19:25:00,131,45.1,6.38,0.16030534351145037,보통,저녁(18-23),-0.9659258262890684,0.2588190451025203
2017-04-02 19:30:00,125,46.2,7.07,0.152,혼잡,저녁(18-23),-0.9659258262890684,0.2588190451025203
2017-04-02 19:35:00,126,46.7,5.95,0.1746031746031746,보통,저녁(18-23),-0.9659258262890684,0.2588190451025203
2017-04-02 19:40:00,104,47.1,4.79,0.27884615384615385,보통,저녁(18-23),-0.9659258262890684,0.2588190451025203
2017-04-02 19:45:00,114,45.4,6.07,0.16666666666666666,보통,저녁(18-23),-0.9659258262890684,0.2588190451025203
2017-04-02 19:50:00,116,47.5,5.61,0.1810344827586207,보통,저녁(18-23),-0.9659258262890684,0.2588190451025203
2017-04-02 19:55:00,110,48.0,5.56,0.13636363636363635,보통,저녁(18-23),-0.9659258262890684,0.2588190451025203
2017-04-02 20:00:00,120,50.3,5.9,0.175,보통,저녁(18-23),-0.8660254037844386,0.5000000000000001
2017-04-02 20:05:00,122,48.2,5.83,0.20491803278688525,보통,저녁(18-23),-0.8660254037844386,0.5000000000000001
2017-04-02 20:10:00,109,44.8,5.87,0.1834862385321101,보통,저녁(18-23),-0.8660254037844386,0.5000000000000001
2017-04-02 20:15:00,116,49.1,5.28,0.25,보통,저녁(18-23),-0.8660254037844386,0.5000000000000001
2017-04-02 20:20:00,79,44.6,3.81,0.20253164556962025,보통,저녁(18-23),-0.8660254037844386,0.5000000000000001
2017-04-02 20:25:00,111,45.3,5.33,0.17117117117117117,보통,저녁(18-23),-0.8660254037844386,0.5000000000000001
2017-04-02 20:30:00,119,46.4,6.11,0.18487394957983194,보통,저녁(18-23),-0.8660254037844386,0.5000000000000001
2017-04-02 20:35:00,98,44.9,4.44,0.17346938775510204,보통,저녁(18-23),-0.8660254037844386,0.5000000000000001
2017-04-02 20:40:00,120,51.3,5.32,0.2,보통,저녁(18-23),-0.8660254037844386,0.5000000000000001
2017-04-02 20:45:00,99,49.0,4.56,0.20202020202020202,보통,저녁(18-23),-0.8660254037844386,0.5000000000000001
2017-04-02 20:50:00,105,43.6,5.9,0.19047619047619047,보통,저녁(18-23),-0.8660254037844386,0.5000000000000001
2017-04-02 20:55:00,111,46.6,5.25,0.16216216216216217,보통,저녁(18-23),-0.8660254037844386,0.5000000000000001
2017-04-02 21:00:00,99,45.7,5.36,0.18181818181818182,보통,저녁(18-23),-0.7071067811865477,0.7071067811865474
2017-04-02 21:05:00,97,46.4,4.97,0.17525773195876287,보통,저녁(18-23),-0.7071067811865477,0.7071067811865474
2017-04-02 21:10:00,75,43.1,3.72,0.29333333333333333,보통,저녁(18-23),-0.7071067811865477,0.7071067811865474
2017-04-02 21:15:00,122,45.5,6.66,0.19672131147540983,혼잡,저녁(18-23),-0.7071067811865477,0.7071067811865474
2017-04-02 21:20:00,90,44.3,4.61,0.2,보통,저녁(18-23),-0.7071067811865477,0.7071067811865474
2017-04-02 21:25:00,102,44.5,4.67,0.21568627450980393,보통,저녁(18-23),-0.7071067811865477,0.7071067811865474
2017-04-02 21:30:00,87,46.7,4.26,0.25287356321839083,보통,저녁(18-23),-0.7071067811865477,0.7071067811865474
2017-04-02 21:35:00,76,46.3,3.96,0.25,보통,저녁(18-23),-0.7071067811865477,0.7071067811865474
2017-04-02 21:40:00,73,46.0,3.29,0.2191780821917808,원활,저녁(18-23),-0.7071067811865477,0.7071067811865474
2017-04-02 21:45:00,72,49.3,3.05,0.19444444444444445,원활,저녁(18-23),-0.7071067811865477,0.7071067811865474
2017-04-02 21:50:00,73,52.2,3.61,0.2602739726027397,원활,저녁(18-23),-0.7071067811865477,0.7071067811865474
2017-04-02 21:55:00,67,52.0,3.05,0.29850746268656714,원활,저녁(18-23),-0.7071067811865477,0.7071067811865474
2017-04-02 22:00:00,55,54.2,2.39,0.18181818181818182,원활,저녁(18-23),-0.5000000000000004,0.8660254037844384
2017-04-02 22:05:00,88,51.9,4.05,0.19318181818181818,보통,저녁(18-23),-0.5000000000000004,0.8660254037844384
2017-04-02 22:10:00,68,49.1,3.13,0.27941176470588236,원활,저녁(18-23),-0.5000000000000004,0.8660254037844384
2017-04-02 22:15:00,55,47.9,4.63,0.2727272727272727,보통,저녁(18-23),-0.5000000000000004,0.8660254037844384
2017-04-02 22:20:00,53,50.3,2.26,0.22641509433962265,원활,저녁(18-23),-0.5000000000000004,0.8660254037844384
2017-04-02 22:25:00,72,49.0,3.05,0.20833333333333334,원활,저녁(18-23),-0.5000000000000004,0.8660254037844384
2017-04-02 22:30:00,44,50.0,2.05,0.29545454545454547,원활,저녁(18-23),-0.5000000000000004,0.8660254037844384
2017-04-02 22:35:00,76,55.2,3.46,0.35526315789473684,원활,저녁(18-23),-0.5000000000000004,0.8660254037844384
2017-04-02 22:40:00,84,49.8,4.17,0.14285714285714285,보통,저녁(18-23),-0.5000000000000004,0.8660254037844384
2017-04-02 22:45:00,65,49.5,2.88,0.2153846153846154,원활,저녁(18-23),-0.5000000000000004,0.8660254037844384
2017-04-02 22:50:00,49,51.0,2.37,0.12244897959183673,원활,저녁(18-23),-0.5000000000000004,0.8660254037844384
2017-04-02 22:55:00,53,49.7,2.71,0.22641509433962265,원활,저녁(18-23),-0.5000000000000004,0.8660254037844384
2017-04-02 23:00:00,39,47.2,1.74,0.2564102564102564,원활,저녁(18-23),-0.2588190451025207,0.9659258262890683
2017-04-02 23:05:00,45,52.5,2.18,0.3333333333333333,원활,저녁(18-23),-0.2588190451025207,0.9659258262890683
2017-04-02 23:10:00,40,54.9,1.46,0.325,원활,저녁(18-23),-0.2588190451025207,0.9659258262890683
2017-04-02 23:15:00,50,60.5,2.12,0.28,원활,저녁(18-23),-0.2588190451025207,0.9659258262890683
2017-04-02 23:20:00,35,64.3,1.25,0.14285714285714285,원활,저녁(18-23),-0.2588190451025207,0.9659258262890683
2017-04-02 23:25:00,49,55.1,2.41,0.2857142857142857,원활,저녁(18-23),-0.2588190451025207,0.9659258262890683
2017-04-02 23:30:00,34,58.2,1.35,0.29411764705882354,원활,저녁(18-23),-0.2588190451025207,0.9659258262890683
2017-04-02 23:35:00,35,61.5,1.35,0.17142857142857143,원활,저녁(18-23),-0.2588190451025207,0.9659258262890683
2017-04-02 23:40:00,28,57.0,1.07,0.10714285714285714,원활,저녁(18-23),-0.2588190451025207,0.9659258262890683
2017-04-02 23:45:00,32,55.0,1.21,0.1875,원활,저녁(18-23),-0.2588190451025207,0.9659258262890683
2017-04-02 23:50:00,24,57.6,1.01,0.25,원활,저녁(18-23),-0.2588190451025207,0.9659258262890683
2017-04-02 23:55:00,26,53.1,1.04,0.19230769230769232,원활,저녁(18-23),-0.2588190451025207,0.9659258262890683
2017-04-03 00:00:00,30,58.6,1.09,0.3,원활,새벽(0-5),0.0,1.0
2017-04-03 00:05:00,28,57.5,1.29,0.39285714285714285,원활,새벽(0-5),0.0,1.0
2017-04-03 00:10:00,42,53.1,1.53,0.21428571428571427,원활,새벽(0-5),0.0,1.0
2017-04-03 00:15:00,32,56.2,1.25,0.3125,원활,새벽(0-5),0.0,1.0
2017-04-03 00:20:00,22,52.8,1.02,0.3181818181818182,원활,새벽(0-5),0.0,1.0
2017-04-03 00:25:00,18,61.2,0.77,0.2222222222222222,원활,새벽(0-5),0.0,1.0
2017-04-03 00:30:00,15,59.7,0.67,0.3333333333333333,원활,새벽(0-5),0.0,1.0
2017-04-03 00:35:00,26,58.8,1.28,0.34615384615384615,원활,새벽(0-5),0.0,1.0
2017-04-03 00:40:00,31,51.1,1.25,0.25806451612903225,원활,새벽(0-5),0.0,1.0
2017-04-03 00:45:00,16,55.9,0.66,0.1875,원활,새벽(0-5),0.0,1.0
2017-04-03 00:50:00,23,57.1,1.01,0.4782608695652174,원활,새벽(0-5),0.0,1.0
2017-04-03 00:55:00,17,54.4,0.78,0.11764705882352941,원활,새벽(0-5),0.0,1.0
2017-04-03 01:00:00,10,56.5,0.41,0.3,원활,새벽(0-5),0.25881904510252074,0.9659258262890683
2017-04-03 01:05:00,15,64.7,0.55,0.4,원활,새벽(0-5),0.25881904510252074,0.9659258262890683
2017-04-03 01:10:00,22,54.6,0.91,0.45454545454545453,원활,새벽(0-5),0.25881904510252074,0.9659258262890683
2017-04-03 01:15:00,15,48.8,0.79,0.3333333333333333,원활,새벽(0-5),0.25881904510252074,0.9659258262890683
2017-04-03 01:20:00,16,58.7,0.76,0.3125,원활,새벽(0-5),0.25881904510252074,0.9659258262890683
2017-04-03 01:25:00,12,65.5,0.5,0.25,원활,새벽(0-5),0.25881904510252074,0.9659258262890683
2017-04-03 01:30:00,11,74.3,0.44,0.5454545454545454,원활,새벽(0-5),0.25881904510252074,0.9659258262890683
2017-04-03 01:35:00,16,53.5,0.61,0.375,원활,새벽(0-5),0.25881904510252074,0.9659258262890683
2017-04-03 01:40:00,11,58.7,0.4,0.18181818181818182,원활,새벽(0-5),0.25881904510252074,0.9659258262890683
2017-04-03 01:45:00,14,83.8,0.5,0.2857142857142857,원활,새벽(0-5),0.25881904510252074,0.9659258262890683
2017-04-03 01:50:00,12,59.0,0.52,0.5,원활,새벽(0-5),0.25881904510252074,0.9659258262890683
2017-04-03 01:55:00,13,57.8,0.52,0.3076923076923077,원활,새벽(0-5),0.25881904510252074,0.9659258262890683
2017-04-03 02:00:00,13,64.2,0.48,0.23076923076923078,원활,새벽(0-5),0.49999999999999994,0.8660254037844387
2017-04-03 02:05:00,12,60.7,0.49,0.4166666666666667,원활,새벽(0-5),0.49999999999999994,0.8660254037844387
2017-04-03 02:10:00,12,80.9,0.44,0.5,원활,새벽(0-5),0.49999999999999994,0.8660254037844387
2017-04-03 02:15:00,13,60.8,0.44,0.3076923076923077,원활,새벽(0-5),0.49999999999999994,0.8660254037844387
2017-04-03 02:20:00,7,71.3,0.27,0.2857142857142857,원활,새벽(0-5),0.49999999999999994,0.8660254037844387
2017-04-03 02:25:00,10,65.6,0.36,0.5,원활,새벽(0-5),0.49999999999999994,0.8660254037844387
2017-04-03 02:30:00,9,58.1,0.4,0.2222222222222222,원활,새벽(0-5),0.49999999999999994,0.8660254037844387
2017-04-03 02:35:00,11,58.1,0.43,0.18181818181818182,원활,새벽(0-5),0.49999999999999994,0.8660254037844387
2017-04-03 02:40:00,20,86.3,6.17,0.65,보통,새벽(0-5),0.49999999999999994,0.8660254037844387
2017-04-03 02:45:00,28,87.8,3.98,0.6428571428571429,보통,새벽(0-5),0.49999999999999994,0.8660254037844387
2017-04-03 02:50:00,11,57.2,0.47,0.36363636363636365,원활,새벽(0-5),0.49999999999999994,0.8660254037844387
2017-04-03 02:55:00,9,73.9,0.32,0.4444444444444444,원활,새벽(0-5),0.49999999999999994,0.8660254037844387
2017-04-03 03:00:00,14,68.8,0.67,0.5714285714285714,원활,새벽(0-5),0.7071067811865476,0.7071067811865476
2017-04-03 03:05:00,15,58.7,0.67,0.4666666666666667,원활,새벽(0-5),0.7071067811865476,0.7071067811865476
2017-04-03 03:10:00,15,66.7,0.62,0.3333333333333333,원활,새벽(0-5),0.7071067811865476,0.7071067811865476
2017-04-03 03:15:00,13,71.8,0.58,0.46153846153846156,원활,새벽(0-5),0.7071067811865476,0.7071067811865476
2017-04-03 03:20:00,14,56.7,0.65,0.42857142857142855,원활,새벽(0-5),0.7071067811865476,0.7071067811865476
2017-04-03 03:25:00,13,57.0,0.57,0.15384615384615385,원활,새벽(0-5),0.7071067811865476,0.7071067811865476
2017-04-03 03:30:00,14,62.8,0.67,0.42857142857142855,원활,새벽(0-5),0.7071067811865476,0.7071067811865476
2017-04-03 03:35:00,12,59.4,0.56,0.4166666666666667,원활,새벽(0-5),0.7071067811865476,0.7071067811865476
2017-04-03 03:40:00,9,58.0,0.43,0.5555555555555556,원활,새벽(0-5),0.7071067811865476,0.7071067811865476
2017-04-03 03:45:00,10,58.7,0.46,0.4,원활,새벽(0-5),0.7071067811865476,0.7071067811865476
2017-04-03 03:50:00,22,52.1,1.24,0.5454545454545454,원활,새벽(0-5),0.7071067811865476,0.7071067811865476
2017-04-03 03:55:00,14,53.1,0.74,0.42857142857142855,원활,새벽(0-5),0.7071067811865476,0.7071067811865476
2017-04-03 04:00:00,10,48.6,0.46,0.2,원활,새벽(0-5),0.8660254037844386,0.5000000000000001
2017-04-03 04:05:00,18,63.7,0.74,0.5,원활,새벽(0-5),0.8660254037844386,0.5000000000000001
2017-04-03 04:10:00,11,57.8,0.5,0.2727272727272727,원활,새벽(0-5),0.8660254037844386,0.5000000000000001
2017-04-03 04:15:00,22,53.5,1.1,0.36363636363636365,원활,새벽(0-5),0.8660254037844386,0.5000000000000001
2017-04-03 04:20:00,13,60.1,0.53,0.6153846153846154,원활,새벽(0-5),0.8660254037844386,0.5000000000000001
2017-04-03 04:25:00,23,65.9,1.2,0.4782608695652174,원활,새벽(0-5),0.8660254037844386,0.5000000000000001
2017-04-03 04:30:00,19,69.3,0.75,0.47368421052631576,원활,새벽(0-5),0.8660254037844386,0.5000000000000001
2017-04-03 04:35:00,23,47.6,1.26,0.6521739130434783,원활,새벽(0-5),0.8660254037844386,0.5000000000000001
2017-04-03 04:40:00,23,52.3,0.99,0.2608695652173913,원활,새벽(0-5),0.8660254037844386,0.5000000000000001
2017-04-03 04:45:00,20,66.5,0.86,0.55,원활,새벽(0-5),0.8660254037844386,0.5000000000000001
2017-04-03 04:50:00,22,56.8,1.12,0.22727272727272727,원활,새벽(0-5),0.8660254037844386,0.5000000000000001
2017-04-03 04:55:00,21,53.8,0.89,0.19047619047619047,원활,새벽(0-5),0.8660254037844386,0.5000000000000001
2017-04-03 05:00:00,31,56.8,1.64,0.5161290322580645,원활,새벽(0-5),0.9659258262890683,0.25881904510252074
2017-04-03 05:05:00,34,64.6,1.66,0.4411764705882353,원활,새벽(0-5),0.9659258262890683,0.25881904510252074
2017-04-03 05:10:00,35,66.2,1.44,0.37142857142857144,원활,새벽(0-5),0.9659258262890683,0.25881904510252074
2017-04-03 05:15:00,60,61.0,2.58,0.23333333333333334,원활,새벽(0-5),0.9659258262890683,0.25881904510252074
2017-04-03 05:20:00,60,61.1,3.12,0.36666666666666664,원활,새벽(0-5),0.9659258262890683,0.25881904510252074
2017-04-03 05:25:00,54,53.8,2.57,0.3148148148148148,원활,새벽(0-5),0.9659258262890683,0.25881904510252074
2017-04-03 05:30:00,42,59.8,1.85,0.35714285714285715,원활,새벽(0-5),0.9659258262890683,0.25881904510252074
2017-04-03 05:35:00,56,63.3,2.32,0.3392857142857143,원활,새벽(0-5),0.9659258262890683,0.25881904510252074
2017-04-03 05:40:00,52,58.6,2.59,0.3076923076923077,원활,새벽(0-5),0.9659258262890683,0.25881904510252074
2017-04-03 05:45:00,56,61.1,2.31,0.4107142857142857,원활,새벽(0-5),0.9659258262890683,0.25881904510252074
2017-04-03 05:50:00,60,56.1,2.67,0.3,원활,새벽(0-5),0.9659258262890683,0.25881904510252074
2017-04-03 05:55:00,76,58.5,6.35,0.39473684210526316,보통,새벽(0-5),0.9659258262890683,0.25881904510252074
2017-04-03 06:00:00,89,52.9,4.02,0.2808988764044944,보통,오전(6-11),1.0,6.123233995736766e-17
2017-04-03 06:05:00,82,60.6,3.06,0.4146341463414634,원활,오전(6-11),1.0,6.123233995736766e-17
2017-04-03 06:10:00,90,55.4,3.5,0.4222222222222222,원활,오전(6-11),1.0,6.123233995736766e-17
2017-04-03 06:15:00,100,56.4,3.71,0.35,원활,오전(6-11),1.0,6.123233995736766e-17
2017-04-03 06:20:00,104,56.9,3.6,0.36538461538461536,원활,오전(6-11),1.0,6.123233995736766e-17
2017-04-03 06:25:00,129,57.2,4.92,0.3488372093023256,보통,오전(6-11),1.0,6.123233995736766e-17
2017-04-03 06:30:00,129,55.9,4.71,0.3488372093023256,보통,오전(6-11),1.0,6.123233995736766e-17
2017-04-03 06:35:00,151,51.9,5.92,0.37748344370860926,보통,오전(6-11),1.0,6.123233995736766e-17
2017-04-03 06:40:00,146,57.6,5.41,0.3356164383561644,보통,오전(6-11),1.0,6.123233995736766e-17
2017-04-03 06:45:00,138,58.8,5.14,0.37681159420289856,보통,오전(6-11),1.0,6.123233995736766e-17
2017-04-03 06:50:00,138,53.0,5.2,0.391304347826087,보통,오전(6-11),1.0,6.123233995736766e-17
2017-04-03 06:55:00,140,48.3,5.79,0.35714285714285715,보통,오전(6-11),1.0,6.123233995736766e-17
2017-04-03 07:00:00,147,50.3,6.1,0.3741496598639456,보통,오전(6-11),0.9659258262890683,-0.25881904510252085
2017-04-03 07:05:00,176,51.0,7.92,0.35795454545454547,혼잡,오전(6-11),0.9659258262890683,-0.25881904510252085
2017-04-03 07:10:00,204,49.2,9.34,0.3088235294117647,혼잡,오전(6-11),0.9659258262890683,-0.25881904510252085
2017-04-03 07:15:00,255,47.3,11.97,0.3176470588235294,혼잡,오전(6-11),0.9659258262890683,-0.25881904510252085
2017-04-03 07:20:00,226,37.6,13.95,0.28761061946902655,혼잡,오전(6-11),0.9659258262890683,-0.25881904510252085
2017-04-03 07:25:00,217,43.7,10.46,0.2995391705069124,혼잡,오전(6-11),0.9659258262890683,-0.25881904510252085
2017-04-03 07:30:00,261,38.5,14.88,0.2950191570881226,혼잡,오전(6-11),0.9659258262890683,-0.25881904510252085
2017-04-03 07:35:00,295,35.8,19.49,0.31864406779661014,혼잡,오전(6-11),0.9659258262890683,-0.25881904510252085
2017-04-03 07:40:00,261,36.4,23.29,0.24904214559386972,혼잡,오전(6-11),0.9659258262890683,-0.25881904510252085
2017-04-03 07:45:00,220,34.7,24.14,0.2409090909090909,혼잡,오전(6-11),0.9659258262890683,-0.25881904510252085
2017-04-03 07:50:00,274,35.4,26.22,0.2737226277372263,혼잡,오전(6-11),0.9659258262890683,-0.25881904510252085
2017-04-03 07:55:00,301,38.6,16.95,0.2823920265780731,혼잡,오전(6-11),0.9659258262890683,-0.25881904510252085
2017-04-03 08:00:00,270,43.0,12.31,0.3148148148148148,혼잡,오전(6-11),0.8660254037844387,-0.4999999999999998
2017-04-03 08:05:00,230,42.4,11.22,0.2956521739130435,혼잡,오전(6-11),0.8660254037844387,-0.4999999999999998
2017-04-03 08:10:00,221,45.4,9.2,0.2895927601809955,혼잡,오전(6-11),0.8660254037844387,-0.4999999999999998
2017-04-03 08:15:00,300,44.5,12.88,0.31333333333333335,혼잡,오전(6-11),0.8660254037844387,-0.4999999999999998
2017-04-03 08:20:00,256,45.3,10.98,0.25,혼잡,오전(6-11),0.8660254037844387,-0.4999999999999998
2017-04-03 08:25:00,201,44.1,8.71,0.27860696517412936,혼잡,오전(6-11),0.8660254037844387,-0.4999999999999998
2017-04-03 08:30:00,209,45.8,8.62,0.21052631578947367,혼잡,오전(6-11),0.8660254037844387,-0.4999999999999998
2017-04-03 08:35:00,212,34.8,42.27,0.25471698113207547,혼잡,오전(6-11),0.8660254037844387,-0.4999999999999998
2017-04-03 08:40:00,224,41.7,22.18,0.22767857142857142,혼잡,오전(6-11),0.8660254037844387,-0.4999999999999998
2017-04-03 08:45:00,167,47.0,7.85,0.25149700598802394,혼잡,오전(6-11),0.8660254037844387,-0.4999999999999998
2017-04-03 08:50:00,154,51.0,5.75,0.2857142857142857,보통,오전(6-11),0.8660254037844387,-0.4999999999999998
2017-04-03 08:55:00,177,47.7,8.33,0.3050847457627119,혼잡,오전(6-11),0.8660254037844387,-0.4999999999999998
2017-04-03 09:00:00,179,50.4,7.1,0.2569832402234637,혼잡,오전(6-11),0.7071067811865476,-0.7071067811865475
2017-04-03 09:05:00,164,49.6,6.77,0.31097560975609756,혼잡,오전(6-11),0.7071067811865476,-0.7071067811865475
2017-04-03 09:10:00,129,50.7,5.3,0.2868217054263566,보통,오전(6-11),0.7071067811865476,-0.7071067811865475
2017-04-03 09:15:00,174,51.5,6.64,0.21264367816091953,보통,오전(6-11),0.7071067811865476,-0.7071067811865475
2017-04-03 09:20:00,184,47.1,8.74,0.2391304347826087,혼잡,오전(6-11),0.7071067811865476,-0.7071067811865475
2017-04-03 09:25:00,184,50.0,8.43,0.20652173913043478,혼잡,오전(6-11),0.7071067811865476,-0.7071067811865475
2017-04-03 09:30:00,142,50.3,5.97,0.2323943661971831,보통,오전(6-11),0.7071067811865476,-0.7071067811865475
2017-04-03 09:35:00,168,52.6,6.22,0.3273809523809524,보통,오전(6-11),0.7071067811865476,-0.7071067811865475
2017-04-03 09:40:00,154,49.0,7.43,0.2792207792207792,혼잡,오전(6-11),0.7071067811865476,-0.7071067811865475
2017-04-03 09:45:00,157,48.8,8.32,0.3057324840764331,혼잡,오전(6-11),0.7071067811865476,-0.7071067811865475
2017-04-03 09:50:00,169,48.4,7.5,0.30177514792899407,혼잡,오전(6-11),0.7071067811865476,-0.7071067811865475
2017-04-03 09:55:00,151,48.5,6.47,0.40397350993377484,보통,오전(6-11),0.7071067811865476,-0.7071067811865475
2017-04-03 10:00:00,168,49.7,9.08,0.375,혼잡,오전(6-11),0.49999999999999994,-0.8660254037844387
2017-04-03 10:05:00,146,50.5,7.2,0.4041095890410959,혼잡,오전(6-11),0.49999999999999994,-0.8660254037844387
2017-04-03 10:10:00,148,48.4,6.34,0.33783783783783783,보통,오전(6-11),0.49999999999999994,-0.8660254037844387
2017-04-03 10:15:00,133,52.3,6.35,0.3684210526315789,보통,오전(6-11),0.49999999999999994,-0.8660254037844387
2017-04-03 10:20:00,122,53.0,5.5,0.4098360655737705,보통,오전(6-11),0.49999999999999994,-0.8660254037844387
2017-04-03 10:25:00,132,48.4,8.15,0.38636363636363635,혼잡,오전(6-11),0.49999999999999994,-0.8660254037844387
2017-04-03 10:30:00,127,48.6,8.42,0.3779527559055118,혼잡,오전(6-11),0.49999999999999994,-0.8660254037844387
2017-04-03 10:35:00,138,51.6,7.39,0.427536231884058,혼잡,오전(6-11),0.49999999999999994,-0.8660254037844387
2017-04-03 10:40:00,122,54.7,6.01,0.36065573770491804,보통,오전(6-11),0.49999999999999994,-0.8660254037844387
2017-04-03 10:45:00,146,51.0,6.86,0.3493150684931507,혼잡,오전(6-11),0.49999999999999994,-0.8660254037844387
2017-04-03 10:50:00,138,48.0,6.76,0.37681159420289856,혼잡,오전(6-11),0.49999999999999994,-0.8660254037844387
2017-04-03 10:55:00,114,55.1,4.57,0.34210526315789475,보통,오전(6-11),0.49999999999999994,-0.8660254037844387
2017-04-03 11:00:00,99,51.4,3.94,0.2222222222222222,보통,오전(6-11),0.258819045102521,-0.9659258262890682
2017-04-03 11:05:00,115,48.0,4.83,0.2782608695652174,보통,오전(6-11),0.258819045102521,-0.9659258262890682
2017-04-03 11:10:00,133,51.3,5.52,0.39849624060150374,보통,오전(6-11),0.258819045102521,-0.9659258262890682
2017-04-03 11:15:00,139,46.3,6.0,0.3381294964028777,보통,오전(6-11),0.258819045102521,-0.9659258262890682
2017-04-03 11:20:00,126,52.3,4.73,0.3253968253968254,보통,오전(6-11),0.258819045102521,-0.9659258262890682
2017-04-03 11:25:00,157,48.9,6.76,0.34394904458598724,혼잡,오전(6-11),0.258819045102521,-0.9659258262890682
2017-04-03 11:30:00,137,49.4,5.71,0.31386861313868614,보통,오전(6-11),0.258819045102521,-0.9659258262890682
2017-04-03 11:35:00,142,46.9,6.73,0.3380281690140845,혼잡,오전(6-11),0.258819045102521,-0.9659258262890682
2017-04-03 11:40:00,103,50.0,4.3,0.33980582524271846,보통,오전(6-11),0.258819045102521,-0.9659258262890682
2017-04-03 11:45:00,155,43.3,7.64,0.3225806451612903,혼잡,오전(6-11),0.258819045102521,-0.9659258262890682
2017-04-03 11:50:00,150,47.7,6.59,0.2866666666666667,보통,오전(6-11),0.258819045102521,-0.9659258262890682
2017-04-03 11:55:00,170,45.8,8.02,0.3058823529411765,혼잡,오전(6-11),0.258819045102521,-0.9659258262890682
2017-04-03 12:00:00,134,48.9,5.62,0.3208955223880597,보통,오후(12-17),1.2246467991473532e-16,-1.0
2017-04-03 12:05:00,139,46.0,6.33,0.2949640287769784,보통,오후(12-17),1.2246467991473532e-16,-1.0
2017-04-03 12:10:00,119,47.8,5.3,0.2605042016806723,보통,오후(12-17),1.2246467991473532e-16,-1.0
2017-04-03 12:15:00,133,51.2,5.47,0.3684210526315789,보통,오후(12-17),1.2246467991473532e-16,-1.0
2017-04-03 12:20:00,117,48.5,5.03,0.3418803418803419,보통,오후(12-17),1.2246467991473532e-16,-1.0
2017-04-03 12:25:00,124,49.0,5.12,0.3064516129032258,보통,오후(12-17),1.2246467991473532e-16,-1.0
2017-04-03 12:30:00,113,55.3,4.27,0.3008849557522124,보통,오후(12-17),1.2246467991473532e-16,-1.0
2017-04-03 12:35:00,119,51.9,4.78,0.3445378151260504,보통,오후(12-17),1.2246467991473532e-16,-1.0
2017-04-03 12:40:00,144,50.9,6.1,0.3611111111111111,보통,오후(12-17),1.2246467991473532e-16,-1.0
2017-04-03 12:45:00,134,52.5,5.09,0.31343283582089554,보통,오후(12-17),1.2246467991473532e-16,-1.0
2017-04-03 12:50:00,129,49.2,5.52,0.26356589147286824,보통,오후(12-17),1.2246467991473532e-16,-1.0
2017-04-03 12:55:00,143,50.1,5.87,0.34965034965034963,보통,오후(12-17),1.2246467991473532e-16,-1.0
2017-04-03 13:00:00,123,50.8,5.25,0.2764227642276423,보통,오후(12-17),-0.25881904510252035,-0.9659258262890684
2017-04-03 13:05:00,144,47.6,6.14,0.3055555555555556,보통,오후(12-17),-0.25881904510252035,-0.9659258262890684
2017-04-03 13:10:00,149,47.6,6.18,0.2953020134228188,보통,오후(12-17),-0.25881904510252035,-0.9659258262890684
2017-04-03 13:15:00,164,47.6,6.99,0.25609756097560976,혼잡,오후(12-17),-0.25881904510252035,-0.9659258262890684
2017-04-03 13:20:00,140,46.1,5.94,0.3142857142857143,보통,오후(12-17),-0.25881904510252035,-0.9659258262890684
2017-04-03 13:25:00,147,49.0,5.83,0.3401360544217687,보통,오후(12-17),-0.25881904510252035,-0.9659258262890684
2017-04-03 13:30:00,134,49.0,5.77,0.2462686567164179,보통,오후(12-17),-0.25881904510252035,-0.9659258262890684
2017-04-03 13:35:00,151,49.1,6.36,0.2847682119205298,보통,오후(12-17),-0.25881904510252035,-0.9659258262890684
2017-04-03 13:40:00,134,46.7,5.53,0.35074626865671643,보통,오후(12-17),-0.25881904510252035,-0.9659258262890684
2017-04-03 13:45:00,154,45.6,7.37,0.2922077922077922,혼잡,오후(12-17),-0.25881904510252035,-0.9659258262890684
2017-04-03 13:50:00,114,51.7,4.24,0.2807017543859649,보통,오후(12-17),-0.25881904510252035,-0.9659258262890684
2017-04-03 13:55:00,162,48.6,6.78,0.3271604938271605,혼잡,오후(12-17),-0.25881904510252035,-0.9659258262890684
2017-04-03 14:00:00,165,48.8,6.86,0.3393939393939394,혼잡,오후(12-17),-0.5000000000000001,-0.8660254037844386
2017-04-03 14:05:00,131,49.7,5.68,0.42748091603053434,보통,오후(12-17),-0.5000000000000001,-0.8660254037844386
2017-04-03 14:10:00,126,47.2,5.22,0.2857142857142857,보통,오후(12-17),-0.5000000000000001,-0.8660254037844386
2017-04-03 14:15:00,151,48.7,6.91,0.36423841059602646,혼잡,오후(12-17),-0.5000000000000001,-0.8660254037844386
2017-04-03 14:20:00,132,48.8,5.15,0.3181818181818182,보통,오후(12-17),-0.5000000000000001,-0.8660254037844386
2017-04-03 14:25:00,141,48.5,5.9,0.3333333333333333,보통,오후(12-17),-0.5000000000000001,-0.8660254037844386
2017-04-03 14:30:00,94,48.2,4.75,0.2765957446808511,보통,오후(12-17),-0.5000000000000001,-0.8660254037844386
2017-04-03 14:35:00,151,49.1,6.08,0.2847682119205298,보통,오후(12-17),-0.5000000000000001,-0.8660254037844386
2017-04-03 14:40:00,141,50.0,5.54,0.2978723404255319,보통,오후(12-17),-0.5000000000000001,-0.8660254037844386
2017-04-03 14:45:00,146,48.7,6.65,0.2671232876712329,보통,오후(12-17),-0.5000000000000001,-0.8660254037844386
2017-04-03 14:50:00,128,48.2,5.44,0.2421875,보통,오후(12-17),-0.5000000000000001,-0.8660254037844386
2017-04-03 14:55:00,136,47.5,5.77,0.3088235294117647,보통,오후(12-17),-0.5000000000000001,-0.8660254037844386
2017-04-03 15:00:00,138,46.6,6.08,0.2898550724637681,보통,오후(12-17),-0.7071067811865475,-0.7071067811865477
2017-04-03 15:05:00,129,49.9,5.25,0.32558139534883723,보통,오후(12-17),-0.7071067811865475,-0.7071067811865477
2017-04-03 15:10:00,171,47.0,7.48,0.3333333333333333,혼잡,오후(12-17),-0.7071067811865475,-0.7071067811865477
2017-04-03 15:15:00,155,49.8,6.39,0.25161290322580643,보통,오후(12-17),-0.7071067811865475,-0.7071067811865477
2017-04-03 15:20:00,136,51.0,5.46,0.22058823529411764,보통,오후(12-17),-0.7071067811865475,-0.7071067811865477
2017-04-03 15:25:00,145,48.8,6.02,0.2206896551724138,보통,오후(12-17),-0.7071067811865475,-0.7071067811865477
2017-04-03 15:30:00,155,46.7,6.82,0.2064516129032258,혼잡,오후(12-17),-0.7071067811865475,-0.7071067811865477
2017-04-03 15:35:00,138,46.9,6.04,0.21739130434782608,보통,오후(12-17),-0.7071067811865475,-0.7071067811865477
2017-04-03 15:40:00,111,47.2,4.78,0.23423423423423423,보통,오후(12-17),-0.7071067811865475,-0.7071067811865477
2017-04-03 15:45:00,147,48.4,6.24,0.2653061224489796,보통,오후(12-17),-0.7071067811865475,-0.7071067811865477
2017-04-03 15:50:00,144,47.2,6.84,0.3194444444444444,혼잡,오후(12-17),-0.7071067811865475,-0.7071067811865477
2017-04-03 15:55:00,173,41.7,8.44,0.2658959537572254,혼잡,오후(12-17),-0.7071067811865475,-0.7071067811865477
2017-04-03 16:00:00,131,47.2,5.43,0.22900763358778625,보통,오후(12-17),-0.8660254037844385,-0.5000000000000004
2017-04-03 16:05:00,125,48.9,5.0,0.216,보통,오후(12-17),-0.8660254037844385,-0.5000000000000004
2017-04-03 16:10:00,150,44.5,6.93,0.28,혼잡,오후(12-17),-0.8660254037844385,-0.5000000000000004
2017-04-03 16:15:00,134,43.6,6.6,0.2462686567164179,보통,오후(12-17),-0.8660254037844385,-0.5000000000000004
2017-04-03 16:20:00,161,45.2,8.28,0.2360248447204969,혼잡,오후(12-17),-0.8660254037844385,-0.5000000000000004
2017-04-03 16:25:00,135,47.4,16.85,0.26666666666666666,혼잡,오후(12-17),-0.8660254037844385,-0.5000000000000004
2017-04-03 16:30:00,184,44.3,9.45,0.25,혼잡,오후(12-17),-0.8660254037844385,-0.5000000000000004
2017-04-03 16:35:00,148,50.3,6.36,0.27702702702702703,보통,오후(12-17),-0.8660254037844385,-0.5000000000000004
2017-04-03 16:40:00,152,49.3,5.7,0.17763157894736842,보통,오후(12-17),-0.8660254037844385,-0.5000000000000004
2017-04-03 16:45:00,144,47.6,5.86,0.2569444444444444,보통,오후(12-17),-0.8660254037844385,-0.5000000000000004
2017-04-03 16:50:00,121,49.2,4.95,0.3140495867768595,보통,오후(12-17),-0.8660254037844385,-0.5000000000000004
2017-04-03 16:55:00,102,50.5,4.53,0.28431372549019607,보통,오후(12-17),-0.8660254037844385,-0.5000000000000004
2017-04-03 17:00:00,177,49.7,6.54,0.23728813559322035,보통,오후(12-17),-0.9659258262890683,-0.25881904510252063
2017-04-03 17:05:00,145,48.6,6.49,0.3103448275862069,보통,오후(12-17),-0.9659258262890683,-0.25881904510252063
2017-04-03 17:10:00,136,41.7,6.23,0.3088235294117647,보통,오후(12-17),-0.9659258262890683,-0.25881904510252063
2017-04-03 17:15:00,163,45.1,6.65,0.2822085889570552,보통,오후(12-17),-0.9659258262890683,-0.25881904510252063
2017-04-03 17:20:00,183,51.0,8.35,0.273224043715847,혼잡,오후(12-17),-0.9659258262890683,-0.25881904510252063
2017-04-03 17:25:00,160,48.6,6.46,0.275,보통,오후(12-17),-0.9659258262890683,-0.25881904510252063
2017-04-03 17:30:00,145,44.4,6.34,0.2896551724137931,보통,오후(12-17),-0.9659258262890683,-0.25881904510252063
2017-04-03 17:35:00,130,48.8,5.52,0.3153846153846154,보통,오후(12-17),-0.9659258262890683,-0.25881904510252063
2017-04-03 17:40:00,161,47.6,7.13,0.3416149068322981,혼잡,오후(12-17),-0.9659258262890683,-0.25881904510252063
2017-04-03 17:45:00,165,47.7,6.62,0.2606060606060606,보통,오후(12-17),-0.9659258262890683,-0.25881904510252063
2017-04-03 17:50:00,117,45.1,5.54,0.26495726495726496,보통,오후(12-17),-0.9659258262890683,-0.25881904510252063
2017-04-03 17:55:00,141,48.3,6.02,0.2978723404255319,보통,오후(12-17),-0.9659258262890683,-0.25881904510252063
2017-04-03 18:00:00,161,48.4,6.18,0.3167701863354037,보통,저녁(18-23),-1.0,-1.8369701987210297e-16
2017-04-03 18:05:00,177,49.8,6.8,0.288135593220339,혼잡,저녁(18-23),-1.0,-1.8369701987210297e-16
2017-04-03 18:10:00,197,46.2,7.25,0.25888324873096447,혼잡,저녁(18-23),-1.0,-1.8369701987210297e-16
2017-04-03 18:15:00,156,40.5,9.7,0.3269230769230769,혼잡,저녁(18-23),-1.0,-1.8369701987210297e-16
2017-04-03 18:20:00,201,45.4,8.4,0.31343283582089554,혼잡,저녁(18-23),-1.0,-1.8369701987210297e-16
2017-04-03 18:25:00,187,45.1,7.25,0.25668449197860965,혼잡,저녁(18-23),-1.0,-1.8369701987210297e-16
2017-04-03 18:30:00,164,41.0,8.84,0.31097560975609756,혼잡,저녁(18-23),-1.0,-1.8369701987210297e-16
2017-04-03 18:35:00,160,46.1,5.86,0.29375,보통,저녁(18-23),-1.0,-1.8369701987210297e-16
2017-04-03 18:40:00,135,48.0,5.18,0.3037037037037037,보통,저녁(18-23),-1.0,-1.8369701987210297e-16
2017-04-03 18:45:00,165,47.8,7.29,0.3090909090909091,혼잡,저녁(18-23),-1.0,-1.8369701987210297e-16
2017-04-03 18:50:00,141,48.1,5.53,0.2624113475177305,보통,저녁(18-23),-1.0,-1.8369701987210297e-16
2017-04-03 18:55:00,176,43.8,7.42,0.2556818181818182,혼잡,저녁(18-23),-1.0,-1.8369701987210297e-16
2017-04-03 19:00:00,104,41.7,5.44,0.2980769230769231,보통,저녁(18-23),-0.9659258262890684,0.2588190451025203
2017-04-03 19:05:00,160,45.4,7.19,0.26875,혼잡,저녁(18-23),-0.9659258262890684,0.2588190451025203
2017-04-03 19:10:00,188,42.6,7.98,0.19680851063829788,혼잡,저녁(18-23),-0.9659258262890684,0.2588190451025203
2017-04-03 19:15:00,124,43.9,7.34,0.25806451612903225,혼잡,저녁(18-23),-0.9659258262890684,0.2588190451025203
2017-04-03 19:20:00,137,43.6,7.27,0.20437956204379562,혼잡,저녁(18-23),-0.9659258262890684,0.2588190451025203
2017-04-03 19:25:00,112,46.3,5.25,0.19642857142857142,보통,저녁(18-23),-0.9659258262890684,0.2588190451025203
2017-04-03 19:30:00,132,46.7,7.95,0.2727272727272727,혼잡,저녁(18-23),-0.9659258262890684,0.2588190451025203
2017-04-03 19:35:00,128,44.6,5.88,0.171875,보통,저녁(18-23),-0.9659258262890684,0.2588190451025203
2017-04-03 19:40:00,157,43.9,7.28,0.21656050955414013,혼잡,저녁(18-23),-0.9659258262890684,0.2588190451025203
2017-04-03 19:45:00,123,47.2,7.74,0.2032520325203252,혼잡,저녁(18-23),-0.9659258262890684,0.2588190451025203
2017-04-03 19:50:00,136,44.2,6.97,0.23529411764705882,혼잡,저녁(18-23),-0.9659258262890684,0.2588190451025203
2017-04-03 19:55:00,131,46.1,5.54,0.20610687022900764,보통,저녁(18-23),-0.9659258262890684,0.2588190451025203
2017-04-03 20:00:00,83,45.6,4.75,0.1686746987951807,보통,저녁(18-23),-0.8660254037844386,0.5000000000000001
2017-04-03 20:05:00,113,49.5,5.2,0.23893805309734514,보통,저녁(18-23),-0.8660254037844386,0.5000000000000001
2017-04-03 20:10:00,124,46.6,5.63,0.2903225806451613,보통,저녁(18-23),-0.8660254037844386,0.5000000000000001
2017-04-03 20:15:00,96,48.8,7.57,0.23958333333333334,혼잡,저녁(18-23),-0.8660254037844386,0.5000000000000001
2017-04-03 20:20:00,81,54.8,3.28,0.20987654320987653,원활,저녁(18-23),-0.8660254037844386,0.5000000000000001
2017-04-03 20:25:00,102,45.9,4.74,0.21568627450980393,보통,저녁(18-23),-0.8660254037844386,0.5000000000000001
2017-04-03 20:30:00,115,49.2,5.96,0.21739130434782608,보통,저녁(18-23),-0.8660254037844386,0.5000000000000001
2017-04-03 20:35:00,115,43.2,6.88,0.23478260869565218,혼잡,저녁(18-23),-0.8660254037844386,0.5000000000000001
2017-04-03 20:40:00,92,49.5,3.91,0.18478260869565216,보통,저녁(18-23),-0.8660254037844386,0.5000000000000001
2017-04-03 20:45:00,91,46.5,4.46,0.1978021978021978,보통,저녁(18-23),-0.8660254037844386,0.5000000000000001
2017-04-03 20:50:00,123,47.6,6.2,0.2032520325203252,보통,저녁(18-23),-0.8660254037844386,0.5000000000000001
2017-04-03 20:55:00,113,49.8,5.08,0.21238938053097345,보통,저녁(18-23),-0.8660254037844386,0.5000000000000001
2017-04-03 21:00:00,75,46.7,3.4,0.26666666666666666,원활,저녁(18-23),-0.7071067811865477,0.7071067811865474
2017-04-03 21:05:00,78,45.6,4.06,0.28205128205128205,보통,저녁(18-23),-0.7071067811865477,0.7071067811865474
2017-04-03 21:10:00,126,46.9,5.98,0.1746031746031746,보통,저녁(18-23),-0.7071067811865477,0.7071067811865474
2017-04-03 21:15:00,120,43.4,5.24,0.16666666666666666,보통,저녁(18-23),-0.7071067811865477,0.7071067811865474
2017-04-03 21:20:00,96,49.0,5.1,0.20833333333333334,보통,저녁(18-23),-0.7071067811865477,0.7071067811865474
2017-04-03 21:25:00,94,47.1,4.6,0.2872340425531915,보통,저녁(18-23),-0.7071067811865477,0.7071067811865474
2017-04-03 21:30:00,99,45.8,5.18,0.23232323232323232,보통,저녁(18-23),-0.7071067811865477,0.7071067811865474
2017-04-03 21:35:00,111,44.3,6.43,0.1981981981981982,보통,저녁(18-23),-0.7071067811865477,0.7071067811865474
2017-04-03 21:40:00,97,47.7,4.49,0.18556701030927836,보통,저녁(18-23),-0.7071067811865477,0.7071067811865474
2017-04-03 21:45:00,92,42.3,5.72,0.21739130434782608,보통,저녁(18-23),-0.7071067811865477,0.7071067811865474
2017-04-03 21:50:00,92,50.5,3.99,0.18478260869565216,보통,저녁(18-23),-0.7071067811865477,0.7071067811865474
2017-04-03 21:55:00,83,49.2,3.94,0.21686746987951808,보통,저녁(18-23),-0.7071067811865477,0.7071067811865474
2017-04-03 22:00:00,115,46.5,4.94,0.25217391304347825,보통,저녁(18-23),-0.5000000000000004,0.8660254037844384
2017-04-03 22:05:00,102,47.8,5.59,0.13725490196078433,보통,저녁(18-23),-0.5000000000000004,0.8660254037844384
2017-04-03 22:10:00,81,48.7,3.5,0.2222222222222222,원활,저녁(18-23),-0.5000000000000004,0.8660254037844384
2017-04-03 22:15:00,121,46.4,5.23,0.2644628099173554,보통,저녁(18-23),-0.5000000000000004,0.8660254037844384
2017-04-03 22:20:00,68,48.3,3.39,0.19117647058823528,원활,저녁(18-23),-0.5000000000000004,0.8660254037844384
2017-04-03 22:25:00,90,48.1,4.21,0.25555555555555554,보통,저녁(18-23),-0.5000000000000004,0.8660254037844384
2017-04-03 22:30:00,84,52.3,3.64,0.16666666666666666,원활,저녁(18-23),-0.5000000000000004,0.8660254037844384
2017-04-03 22:35:00,96,48.3,4.16,0.28125,보통,저녁(18-23),-0.5000000000000004,0.8660254037844384
2017-04-03 22:40:00,87,49.5,4.23,0.21839080459770116,보통,저녁(18-23),-0.5000000000000004,0.8660254037844384
2017-04-03 22:45:00,64,54.0,2.99,0.265625,원활,저녁(18-23),-0.5000000000000004,0.8660254037844384
2017-04-03 22:50:00,53,51.6,2.18,0.3584905660377358,원활,저녁(18-23),-0.5000000000000004,0.8660254037844384
2017-04-03 22:55:00,61,54.7,3.36,0.36065573770491804,원활,저녁(18-23),-0.5000000000000004,0.8660254037844384
2017-04-03 23:00:00,72,46.9,3.75,0.2361111111111111,보통,저녁(18-23),-0.2588190451025207,0.9659258262890683
2017-04-03 23:05:00,81,49.5,3.67,0.25925925925925924,원활,저녁(18-23),-0.2588190451025207,0.9659258262890683
2017-04-03 23:10:00,53,52.9,2.56,0.3018867924528302,원활,저녁(18-23),-0.2588190451025207,0.9659258262890683
2017-04-03 23:15:00,66,48.9,2.87,0.2727272727272727,원활,저녁(18-23),-0.2588190451025207,0.9659258262890683
2017-04-03 23:20:00,48,51.5,1.84,0.20833333333333334,원활,저녁(18-23),-0.2588190451025207,0.9659258262890683
2017-04-03 23:25:00,60,50.9,2.77,0.31666666666666665,원활,저녁(18-23),-0.2588190451025207,0.9659258262890683
2017-04-03 23:30:00,39,54.7,1.9,0.28205128205128205,원활,저녁(18-23),-0.2588190451025207,0.9659258262890683
2017-04-03 23:35:00,51,50.4,2.12,0.23529411764705882,원활,저녁(18-23),-0.2588190451025207,0.9659258262890683
2017-04-03 23:40:00,53,54.3,2.05,0.2830188679245283,원활,저녁(18-23),-0.2588190451025207,0.9659258262890683
2017-04-03 23:45:00,19,52.5,0.95,0.3157894736842105,원활,저녁(18-23),-0.2588190451025207,0.9659258262890683
2017-04-03 23:50:00,26,55.4,1.13,0.3076923076923077,원활,저녁(18-23),-0.2588190451025207,0.9659258262890683
2017-04-03 23:55:00,38,55.1,1.63,0.3157894736842105,원활,저녁(18-23),-0.2588190451025207,0.9659258262890683
2017-04-04 00:00:00,34,50.9,1.31,0.23529411764705882,원활,새벽(0-5),0.0,1.0
2017-04-04 00:05:00,46,54.4,1.87,0.21739130434782608,원활,새벽(0-5),0.0,1.0
2017-04-04 00:10:00,46,53.7,1.78,0.2608695652173913,원활,새벽(0-5),0.0,1.0
2017-04-04 00:15:00,29,58.1,1.16,0.20689655172413793,원활,새벽(0-5),0.0,1.0
2017-04-04 00:20:00,31,57.9,1.24,0.3548387096774194,원활,새벽(0-5),0.0,1.0
2017-04-04 00:25:00,35,51.6,1.5,0.22857142857142856,원활,새벽(0-5),0.0,1.0
2017-04-04 00:30:00,21,61.0,0.85,0.23809523809523808,원활,새벽(0-5),0.0,1.0
2017-04-04 00:35:00,25,54.5,1.05,0.28,원활,새벽(0-5),0.0,1.0
2017-04-04 00:40:00,35,57.2,1.44,0.2,원활,새벽(0-5),0.0,1.0
2017-04-04 00:45:00,30,55.8,1.29,0.4,원활,새벽(0-5),0.0,1.0
2017-04-04 00:50:00,15,53.9,0.67,0.5333333333333333,원활,새벽(0-5),0.0,1.0
2017-04-04 00:55:00,23,53.0,0.99,0.2608695652173913,원활,새벽(0-5),0.0,1.0
2017-04-04 01:00:00,17,61.1,0.71,0.29411764705882354,원활,새벽(0-5),0.25881904510252074,0.9659258262890683
2017-04-04 01:05:00,19,55.6,0.8,0.47368421052631576,원활,새벽(0-5),0.25881904510252074,0.9659258262890683
2017-04-04 01:10:00,22,56.6,0.89,0.13636363636363635,원활,새벽(0-5),0.25881904510252074,0.9659258262890683
2017-04-04 01:15:00,16,56.2,0.74,0.5625,원활,새벽(0-5),0.25881904510252074,0.9659258262890683
2017-04-04 01:20:00,23,62.0,0.88,0.391304347826087,원활,새벽(0-5),0.25881904510252074,0.9659258262890683
2017-04-04 01:25:00,13,53.7,0.53,0.3076923076923077,원활,새벽(0-5),0.25881904510252074,0.9659258262890683
2017-04-04 01:30:00,12,56.4,0.47,0.16666666666666666,원활,새벽(0-5),0.25881904510252074,0.9659258262890683
2017-04-04 01:35:00,17,52.7,0.72,0.35294117647058826,원활,새벽(0-5),0.25881904510252074,0.9659258262890683
2017-04-04 01:40:00,17,56.7,0.7,0.4117647058823529,원활,새벽(0-5),0.25881904510252074,0.9659258262890683
2017-04-04 01:45:00,10,65.6,0.41,0.2,원활,새벽(0-5),0.25881904510252074,0.9659258262890683
2017-04-04 01:50:00,12,59.5,0.6,0.3333333333333333,원활,새벽(0-5),0.25881904510252074,0.9659258262890683
2017-04-04 01:55:00,11,50.3,0.5,0.45454545454545453,원활,새벽(0-5),0.25881904510252074,0.9659258262890683
2017-04-04 02:00:00,15,52.5,0.62,0.5333333333333333,원활,새벽(0-5),0.49999999999999994,0.8660254037844387
2017-04-04 02:05:00,13,63.6,0.48,0.5384615384615384,원활,새벽(0-5),0.49999999999999994,0.8660254037844387
2017-04-04 02:10:00,14,57.5,0.68,0.5,원활,새벽(0-5),0.49999999999999994,0.8660254037844387
2017-04-04 02:15:00,11,52.3,0.46,0.09090909090909091,원활,새벽(0-5),0.49999999999999994,0.8660254037844387
2017-04-04 02:20:00,7,63.3,0.31,0.5714285714285714,원활,새벽(0-5),0.49999999999999994,0.8660254037844387
2017-04-04 02:25:00,11,64.7,0.39,0.5454545454545454,원활,새벽(0-5),0.49999999999999994,0.8660254037844387
2017-04-04 02:30:00,10,54.9,0.39,0.1,원활,새벽(0-5),0.49999999999999994,0.8660254037844387
2017-04-04 02:35:00,14,54.8,0.68,0.21428571428571427,원활,새벽(0-5),0.49999999999999994,0.8660254037844387
2017-04-04 02:40:00,8,70.1,0.31,0.375,원활,새벽(0-5),0.49999999999999994,0.8660254037844387
2017-04-04 02:45:00,10,60.4,0.42,0.1,원활,새벽(0-5),0.49999999999999994,0.8660254037844387
2017-04-04 02:50:00,11,65.3,0.46,0.36363636363636365,원활,새벽(0-5),0.49999999999999994,0.8660254037844387
2017-04-04 02:55:00,11,61.9,0.49,0.45454545454545453,원활,새벽(0-5),0.49999999999999994,0.8660254037844387
2017-04-04 03:00:00,10,66.7,0.35,0.3,원활,새벽(0-5),0.7071067811865476,0.7071067811865476
2017-04-04 03:05:00,13,59.8,0.51,0.23076923076923078,원활,새벽(0-5),0.7071067811865476,0.7071067811865476
2017-04-04 03:10:00,12,58.0,0.5,0.4166666666666667,원활,새벽(0-5),0.7071067811865476,0.7071067811865476
2017-04-04 03:15:00,16,54.2,0.67,0.4375,원활,새벽(0-5),0.7071067811865476,0.7071067811865476
2017-04-04 03:20:00,11,55.2,0.5,0.45454545454545453,원활,새벽(0-5),0.7071067811865476,0.7071067811865476
2017-04-04 03:25:00,9,55.5,0.32,0.2222222222222222,원활,새벽(0-5),0.7071067811865476,0.7071067811865476
2017-04-04 03:30:00,13,57.3,0.68,0.46153846153846156,원활,새벽(0-5),0.7071067811865476,0.7071067811865476
2017-04-04 03:35:00,11,53.2,0.51,0.45454545454545453,원활,새벽(0-5),0.7071067811865476,0.7071067811865476
2017-04-04 03:40:00,11,48.6,0.46,0.18181818181818182,원활,새벽(0-5),0.7071067811865476,0.7071067811865476
2017-04-04 03:45:00,12,52.8,0.63,0.25,원활,새벽(0-5),0.7071067811865476,0.7071067811865476
2017-04-04 03:50:00,13,60.6,0.57,0.6153846153846154,원활,새벽(0-5),0.7071067811865476,0.7071067811865476
2017-04-04 03:55:00,11,52.0,0.58,0.18181818181818182,원활,새벽(0-5),0.7071067811865476,0.7071067811865476
2017-04-04 04:00:00,12,60.7,0.5,0.16666666666666666,원활,새벽(0-5),0.8660254037844386,0.5000000000000001
2017-04-04 04:05:00,17,56.5,0.69,0.4117647058823529,원활,새벽(0-5),0.8660254037844386,0.5000000000000001
2017-04-04 04:10:00,15,63.0,0.59,0.26666666666666666,원활,새벽(0-5),0.8660254037844386,0.5000000000000001
2017-04-04 04:15:00,14,53.2,0.99,0.5714285714285714,원활,새벽(0-5),0.8660254037844386,0.5000000000000001
2017-04-04 04:20:00,19,65.2,0.71,0.3684210526315789,원활,새벽(0-5),0.8660254037844386,0.5000000000000001
2017-04-04 04:25:00,16,52.8,0.69,0.375,원활,새벽(0-5),0.8660254037844386,0.5000000000000001
2017-04-04 04:30:00,14,51.7,0.57,0.35714285714285715,원활,새벽(0-5),0.8660254037844386,0.5000000000000001
2017-04-04 04:35:00,19,53.8,0.94,0.2631578947368421,원활,새벽(0-5),0.8660254037844386,0.5000000000000001
2017-04-04 04:40:00,17,54.7,0.8,0.29411764705882354,원활,새벽(0-5),0.8660254037844386,0.5000000000000001
2017-04-04 04:45:00,29,58.9,1.27,0.41379310344827586,원활,새벽(0-5),0.8660254037844386,0.5000000000000001
2017-04-04 04:50:00,24,57.1,1.1,0.2916666666666667,원활,새벽(0-5),0.8660254037844386,0.5000000000000001
2017-04-04 04:55:00,32,56.4,1.31,0.34375,원활,새벽(0-5),0.8660254037844386,0.5000000000000001
2017-04-04 05:00:00,18,56.9,0.71,0.1111111111111111,원활,새벽(0-5),0.9659258262890683,0.25881904510252074
2017-04-04 05:05:00,32,62.6,1.19,0.28125,원활,새벽(0-5),0.9659258262890683,0.25881904510252074
2017-04-04 05:10:00,35,57.2,1.47,0.2571428571428571,원활,새벽(0-5),0.9659258262890683,0.25881904510252074
2017-04-04 05:15:00,45,54.6,1.94,0.37777777777777777,원활,새벽(0-5),0.9659258262890683,0.25881904510252074
2017-04-04 05:20:00,54,54.6,2.35,0.24074074074074073,원활,새벽(0-5),0.9659258262890683,0.25881904510252074
2017-04-04 05:25:00,40,57.7,1.73,0.35,원활,새벽(0-5),0.9659258262890683,0.25881904510252074
2017-04-04 05:30:00,38,57.0,1.68,0.42105263157894735,원활,새벽(0-5),0.9659258262890683,0.25881904510252074
2017-04-04 05:35:00,41,50.6,1.84,0.2682926829268293,원활,새벽(0-5),0.9659258262890683,0.25881904510252074
2017-04-04 05:40:00,37,60.7,1.5,0.2972972972972973,원활,새벽(0-5),0.9659258262890683,0.25881904510252074
2017-04-04 05:45:00,59,56.7,2.21,0.288135593220339,원활,새벽(0-5),0.9659258262890683,0.25881904510252074
2017-04-04 05:50:00,50,61.8,2.11,0.24,원활,새벽(0-5),0.9659258262890683,0.25881904510252074
2017-04-04 05:55:00,91,53.4,4.08,0.3956043956043956,보통,새벽(0-5),0.9659258262890683,0.25881904510252074
2017-04-04 06:00:00,88,54.9,3.47,0.2727272727272727,원활,오전(6-11),1.0,6.123233995736766e-17
2017-04-04 06:05:00,94,59.1,3.47,0.3723404255319149,원활,오전(6-11),1.0,6.123233995736766e-17
2017-04-04 06:10:00,70,57.6,2.53,0.4714285714285714,원활,오전(6-11),1.0,6.123233995736766e-17
2017-04-04 06:15:00,93,57.8,3.41,0.3655913978494624,원활,오전(6-11),1.0,6.123233995736766e-17
2017-04-04 06:20:00,76,57.0,2.67,0.27631578947368424,원활,오전(6-11),1.0,6.123233995736766e-17
2017-04-04 06:25:00,105,56.0,3.91,0.4095238095238095,보통,오전(6-11),1.0,6.123233995736766e-17
2017-04-04 06:30:00,96,61.4,3.27,0.3333333333333333,원활,오전(6-11),1.0,6.123233995736766e-17
2017-04-04 06:35:00,121,58.0,4.33,0.4049586776859504,보통,오전(6-11),1.0,6.123233995736766e-17
2017-04-04 06:40:00,116,55.6,4.21,0.3620689655172414,보통,오전(6-11),1.0,6.123233995736766e-17
2017-04-04 06:45:00,121,56.5,4.48,0.3305785123966942,보통,오전(6-11),1.0,6.123233995736766e-17
2017-04-04 06:50:00,119,53.9,4.47,0.35294117647058826,보통,오전(6-11),1.0,6.123233995736766e-17
2017-04-04 06:55:00,106,54.8,4.17,0.29245283018867924,보통,오전(6-11),1.0,6.123233995736766e-17
2017-04-04 07:00:00,141,51.0,5.98,0.3546099290780142,보통,오전(6-11),0.9659258262890683,-0.25881904510252085
2017-04-04 07:05:00,138,52.5,5.56,0.45652173913043476,보통,오전(6-11),0.9659258262890683,-0.25881904510252085
2017-04-04 07:10:00,215,49.0,9.15,0.3209302325581395,혼잡,오전(6-11),0.9659258262890683,-0.25881904510252085
2017-04-04 07:15:00,206,51.2,10.41,0.35436893203883496,혼잡,오전(6-11),0.9659258262890683,-0.25881904510252085
2017-04-04 07:20:00,200,39.0,12.3,0.265,혼잡,오전(6-11),0.9659258262890683,-0.25881904510252085
2017-04-04 07:25:00,215,42.8,11.7,0.27906976744186046,혼잡,오전(6-11),0.9659258262890683,-0.25881904510252085
2017-04-04 07:30:00,260,38.1,16.13,0.3423076923076923,혼잡,오전(6-11),0.9659258262890683,-0.25881904510252085
2017-04-04 07:35:00,296,34.5,19.87,0.2905405405405405,혼잡,오전(6-11),0.9659258262890683,-0.25881904510252085
2017-04-04 07:40:00,167,30.1,23.52,0.3772455089820359,혼잡,오전(6-11),0.9659258262890683,-0.25881904510252085
2017-04-04 07:45:00,226,37.5,13.41,0.3053097345132743,혼잡,오전(6-11),0.9659258262890683,-0.25881904510252085
2017-04-04 07:50:00,184,35.2,23.14,0.2826086956521739,혼잡,오전(6-11),0.9659258262890683,-0.25881904510252085
2017-04-04 07:55:00,262,32.7,22.54,0.2824427480916031,혼잡,오전(6-11),0.9659258262890683,-0.25881904510252085
2017-04-04 08:00:00,237,32.2,19.23,0.3755274261603376,혼잡,오전(6-11),0.8660254037844387,-0.4999999999999998
2017-04-04 08:05:00,211,34.7,16.84,0.2796208530805687,혼잡,오전(6-11),0.8660254037844387,-0.4999999999999998
2017-04-04 08:10:00,232,30.0,25.13,0.27155172413793105,혼잡,오전(6-11),0.8660254037844387,-0.4999999999999998
2017-04-04 08:15:00,262,29.7,29.65,0.32061068702290074,혼잡,오전(6-11),0.8660254037844387,-0.4999999999999998
2017-04-04 08:20:00,151,29.2,29.71,0.2913907284768212,혼잡,오전(6-11),0.8660254037844387,-0.4999999999999998
2017-04-04 08:25:00,177,34.2,13.86,0.2598870056497175,혼잡,오전(6-11),0.8660254037844387,-0.4999999999999998
2017-04-04 08:30:00,187,33.5,52.22,0.25668449197860965,혼잡,오전(6-11),0.8660254037844387,-0.4999999999999998
2017-04-04 08:35:00,271,32.8,28.49,0.23985239852398524,혼잡,오전(6-11),0.8660254037844387,-0.4999999999999998
2017-04-04 08:40:00,261,35.9,16.26,0.25287356321839083,혼잡,오전(6-11),0.8660254037844387,-0.4999999999999998
2017-04-04 08:45:00,213,34.7,14.24,0.29107981220657275,혼잡,오전(6-11),0.8660254037844387,-0.4999999999999998
2017-04-04 08:50:00,224,39.1,11.21,0.30357142857142855,혼잡,오전(6-11),0.8660254037844387,-0.4999999999999998
2017-04-04 08:55:00,215,39.6,11.69,0.31627906976744186,혼잡,오전(6-11),0.8660254037844387,-0.4999999999999998
2017-04-04 09:00:00,189,50.1,7.85,0.26455026455026454,혼잡,오전(6-11),0.7071067811865476,-0.7071067811865475
2017-04-04 09:05:00,167,46.1,7.38,0.281437125748503,혼잡,오전(6-11),0.7071067811865476,-0.7071067811865475
2017-04-04 09:10:00,130,50.8,5.17,0.26153846153846155,보통,오전(6-11),0.7071067811865476,-0.7071067811865475
2017-04-04 09:15:00,196,46.1,8.87,0.23469387755102042,혼잡,오전(6-11),0.7071067811865476,-0.7071067811865475
2017-04-04 09:20:00,204,47.1,10.92,0.29901960784313725,혼잡,오전(6-11),0.7071067811865476,-0.7071067811865475
2017-04-04 09:25:00,186,42.4,9.83,0.26881720430107525,혼잡,오전(6-11),0.7071067811865476,-0.7071067811865475
2017-04-04 09:30:00,138,47.2,6.26,0.32608695652173914,보통,오전(6-11),0.7071067811865476,-0.7071067811865475
2017-04-04 09:35:00,174,42.2,9.47,0.29310344827586204,혼잡,오전(6-11),0.7071067811865476,-0.7071067811865475
2017-04-04 09:40:00,143,47.6,6.95,0.2867132867132867,혼잡,오전(6-11),0.7071067811865476,-0.7071067811865475
2017-04-04 09:45:00,167,48.8,9.04,0.2874251497005988,혼잡,오전(6-11),0.7071067811865476,-0.7071067811865475
2017-04-04 09:50:00,158,50.4,6.34,0.31645569620253167,보통,오전(6-11),0.7071067811865476,-0.7071067811865475
2017-04-04 09:55:00,189,42.9,9.43,0.328042328042328,혼잡,오전(6-11),0.7071067811865476,-0.7071067811865475
2017-04-04 10:00:00,153,52.6,6.16,0.37254901960784315,보통,오전(6-11),0.49999999999999994,-0.8660254037844387
2017-04-04 10:05:00,158,51.4,6.33,0.379746835443038,보통,오전(6-11),0.49999999999999994,-0.8660254037844387
2017-04-04 10:10:00,143,46.5,6.24,0.3776223776223776,보통,오전(6-11),0.49999999999999994,-0.8660254037844387
2017-04-04 10:15:00,146,44.4,7.85,0.4383561643835616,혼잡,오전(6-11),0.49999999999999994,-0.8660254037844387
2017-04-04 10:20:00,111,48.1,5.97,0.36036036036036034,보통,오전(6-11),0.49999999999999994,-0.8660254037844387
2017-04-04 10:25:00,119,51.0,7.11,0.42016806722689076,혼잡,오전(6-11),0.49999999999999994,-0.8660254037844387
2017-04-04 10:30:00,114,52.6,5.9,0.49122807017543857,보통,오전(6-11),0.49999999999999994,-0.8660254037844387
2017-04-04 10:35:00,136,50.9,5.64,0.3382352941176471,보통,오전(6-11),0.49999999999999994,-0.8660254037844387
2017-04-04 10:40:00,125,51.2,5.3,0.408,보통,오전(6-11),0.49999999999999994,-0.8660254037844387
2017-04-04 10:45:00,145,49.2,6.91,0.3793103448275862,혼잡,오전(6-11),0.49999999999999994,-0.8660254037844387
2017-04-04 10:50:00,116,46.5,5.2,0.33620689655172414,보통,오전(6-11),0.49999999999999994,-0.8660254037844387
2017-04-04 10:55:00,118,52.6,4.94,0.3474576271186441,보통,오전(6-11),0.49999999999999994,-0.8660254037844387
2017-04-04 11:00:00,107,53.7,4.37,0.37383177570093457,보통,오전(6-11),0.258819045102521,-0.9659258262890682
2017-04-04 11:05:00,110,48.3,5.01,0.36363636363636365,보통,오전(6-11),0.258819045102521,-0.9659258262890682
2017-04-04 11:10:00,123,49.8,5.17,0.3089430894308943,보통,오전(6-11),0.258819045102521,-0.9659258262890682
2017-04-04 11:15:00,149,50.2,6.37,0.3691275167785235,보통,오전(6-11),0.258819045102521,-0.9659258262890682
2017-04-04 11:20:00,123,52.7,5.06,0.37398373983739835,보통,오전(6-11),0.258819045102521,-0.9659258262890682
2017-04-04 11:25:00,163,47.3,7.33,0.32515337423312884,혼잡,오전(6-11),0.258819045102521,-0.9659258262890682
2017-04-04 11:30:00,143,46.7,6.25,0.36363636363636365,보통,오전(6-11),0.258819045102521,-0.9659258262890682
2017-04-04 11:35:00,146,48.8,6.35,0.3835616438356164,보통,오전(6-11),0.258819045102521,-0.9659258262890682
2017-04-04 11:40:00,136,47.2,5.93,0.34558823529411764,보통,오전(6-11),0.258819045102521,-0.9659258262890682
2017-04-04 11:45:00,167,45.1,8.24,0.2994011976047904,혼잡,오전(6-11),0.258819045102521,-0.9659258262890682
2017-04-04 11:50:00,181,43.2,10.01,0.281767955801105,혼잡,오전(6-11),0.258819045102521,-0.9659258262890682
2017-04-04 11:55:00,165,46.7,7.51,0.34545454545454546,혼잡,오전(6-11),0.258819045102521,-0.9659258262890682
2017-04-04 12:00:00,148,48.4,6.22,0.38513513513513514,보통,오후(12-17),1.2246467991473532e-16,-1.0
2017-04-04 12:05:00,132,47.6,6.06,0.3106060606060606,보통,오후(12-17),1.2246467991473532e-16,-1.0
2017-04-04 12:10:00,131,48.8,5.44,0.366412213740458,보통,오후(12-17),1.2246467991473532e-16,-1.0
2017-04-04 12:15:00,117,50.3,4.92,0.3247863247863248,보통,오후(12-17),1.2246467991473532e-16,-1.0
2017-04-04 12:20:00,102,48.7,4.24,0.35294117647058826,보통,오후(12-17),1.2246467991473532e-16,-1.0
2017-04-04 12:25:00,121,47.7,5.19,0.3140495867768595,보통,오후(12-17),1.2246467991473532e-16,-1.0
2017-04-04 12:30:00,138,48.7,5.7,0.32608695652173914,보통,오후(12-17),1.2246467991473532e-16,-1.0
2017-04-04 12:35:00,146,44.1,7.29,0.4041095890410959,혼잡,오후(12-17),1.2246467991473532e-16,-1.0
2017-04-04 12:40:00,147,48.7,6.17,0.3741496598639456,보통,오후(12-17),1.2246467991473532e-16,-1.0
2017-04-04 12:45:00,140,49.9,5.91,0.37857142857142856,보통,오후(12-17),1.2246467991473532e-16,-1.0
2017-04-04 12:50:00,131,44.7,6.14,0.3053435114503817,보통,오후(12-17),1.2246467991473532e-16,-1.0
2017-04-04 12:55:00,148,50.6,6.22,0.33783783783783783,보통,오후(12-17),1.2246467991473532e-16,-1.0
2017-04-04 13:00:00,127,48.6,5.68,0.33858267716535434,보통,오후(12-17),-0.25881904510252035,-0.9659258262890684
2017-04-04 13:05:00,134,46.7,5.97,0.3805970149253731,보통,오후(12-17),-0.25881904510252035,-0.9659258262890684
2017-04-04 13:10:00,140,46.4,6.08,0.2857142857142857,보통,오후(12-17),-0.25881904510252035,-0.9659258262890684
2017-04-04 13:15:00,182,45.6,7.88,0.29120879120879123,혼잡,오후(12-17),-0.25881904510252035,-0.9659258262890684
2017-04-04 13:20:00,165,48.1,6.86,0.2606060606060606,혼잡,오후(12-17),-0.25881904510252035,-0.9659258262890684
2017-04-04 13:25:00,118,47.2,5.68,0.3559322033898305,보통,오후(12-17),-0.25881904510252035,-0.9659258262890684
2017-04-04 13:30:00,157,44.7,6.78,0.2929936305732484,혼잡,오후(12-17),-0.25881904510252035,-0.9659258262890684
2017-04-04 13:35:00,143,50.4,5.81,0.3146853146853147,보통,오후(12-17),-0.25881904510252035,-0.9659258262890684
2017-04-04 13:40:00,113,51.2,4.73,0.35398230088495575,보통,오후(12-17),-0.25881904510252035,-0.9659258262890684
2017-04-04 13:45:00,165,46.2,7.0,0.36363636363636365,혼잡,오후(12-17),-0.25881904510252035,-0.9659258262890684
2017-04-04 13:50:00,135,47.9,5.81,0.3111111111111111,보통,오후(12-17),-0.25881904510252035,-0.9659258262890684
2017-04-04 13:55:00,157,49.9,6.59,0.3630573248407643,보통,오후(12-17),-0.25881904510252035,-0.9659258262890684
2017-04-04 14:00:00,151,52.2,6.15,0.2980132450331126,보통,오후(12-17),-0.5000000000000001,-0.8660254037844386
2017-04-04 14:05:00,158,45.9,6.99,0.2848101265822785,혼잡,오후(12-17),-0.5000000000000001,-0.8660254037844386
2017-04-04 14:10:00,152,45.7,6.83,0.3026315789473684,혼잡,오후(12-17),-0.5000000000000001,-0.8660254037844386
2017-04-04 14:15:00,151,45.9,6.73,0.36423841059602646,혼잡,오후(12-17),-0.5000000000000001,-0.8660254037844386
2017-04-04 14:20:00,114,51.6,4.38,0.2719298245614035,보통,오후(12-17),-0.5000000000000001,-0.8660254037844386
2017-04-04 14:25:00,125,51.0,4.92,0.352,보통,오후(12-17),-0.5000000000000001,-0.8660254037844386
2017-04-04 14:30:00,128,45.8,5.8,0.4609375,보통,오후(12-17),-0.5000000000000001,-0.8660254037844386
2017-04-04 14:35:00,163,48.2,6.99,0.3374233128834356,혼잡,오후(12-17),-0.5000000000000001,-0.8660254037844386
2017-04-04 14:40:00,153,46.1,6.56,0.27450980392156865,보통,오후(12-17),-0.5000000000000001,-0.8660254037844386
2017-04-04 14:45:00,171,45.7,8.04,0.3216374269005848,혼잡,오후(12-17),-0.5000000000000001,-0.8660254037844386
2017-04-04 14:50:00,149,44.9,7.4,0.3288590604026846,혼잡,오후(12-17),-0.5000000000000001,-0.8660254037844386
2017-04-04 14:55:00,128,48.5,5.48,0.328125,보통,오후(12-17),-0.5000000000000001,-0.8660254037844386
2017-04-04 15:00:00,128,50.2,5.24,0.328125,보통,오후(12-17),-0.7071067811865475,-0.7071067811865477
2017-04-04 15:05:00,129,49.5,5.28,0.3178294573643411,보통,오후(12-17),-0.7071067811865475,-0.7071067811865477
2017-04-04 15:10:00,155,45.7,6.8,0.3096774193548387,혼잡,오후(12-17),-0.7071067811865475,-0.7071067811865477
2017-04-04 15:15:00,151,47.7,6.48,0.2913907284768212,보통,오후(12-17),-0.7071067811865475,-0.7071067811865477
2017-04-04 15:20:00,133,48.6,5.52,0.37593984962406013,보통,오후(12-17),-0.7071067811865475,-0.7071067811865477
2017-04-04 15:25:00,133,51.2,5.14,0.3007518796992481,보통,오후(12-17),-0.7071067811865475,-0.7071067811865477
2017-04-04 15:30:00,149,47.7,6.41,0.2684563758389262,보통,오후(12-17),-0.7071067811865475,-0.7071067811865477
2017-04-04 15:35:00,143,50.4,5.51,0.25874125874125875,보통,오후(12-17),-0.7071067811865475,-0.7071067811865477
2017-04-04 15:40:00,97,48.2,4.15,0.32989690721649484,보통,오후(12-17),-0.7071067811865475,-0.7071067811865477
2017-04-04 15:45:00,130,44.3,5.79,0.2153846153846154,보통,오후(12-17),-0.7071067811865475,-0.7071067811865477
2017-04-04 15:50:00,149,49.9,5.83,0.19463087248322147,보통,오후(12-17),-0.7071067811865475,-0.7071067811865477
2017-04-04 15:55:00,167,46.2,7.16,0.2754491017964072,혼잡,오후(12-17),-0.7071067811865475,-0.7071067811865477
2017-04-04 16:00:00,175,46.7,7.33,0.28,혼잡,오후(12-17),-0.8660254037844385,-0.5000000000000004
2017-04-04 16:05:00,149,47.7,6.34,0.3288590604026846,보통,오후(12-17),-0.8660254037844385,-0.5000000000000004
2017-04-04 16:10:00,147,46.6,6.36,0.3469387755102041,보통,오후(12-17),-0.8660254037844385,-0.5000000000000004
2017-04-04 16:15:00,162,40.7,7.64,0.36419753086419754,혼잡,오후(12-17),-0.8660254037844385,-0.5000000000000004
2017-04-04 16:20:00,142,45.5,6.72,0.3028169014084507,혼잡,오후(12-17),-0.8660254037844385,-0.5000000000000004
2017-04-04 16:25:00,140,48.6,5.7,0.2642857142857143,보통,오후(12-17),-0.8660254037844385,-0.5000000000000004
2017-04-04 16:30:00,146,46.1,6.15,0.23972602739726026,보통,오후(12-17),-0.8660254037844385,-0.5000000000000004
2017-04-04 16:35:00,172,47.8,7.71,0.21511627906976744,혼잡,오후(12-17),-0.8660254037844385,-0.5000000000000004
2017-04-04 16:40:00,152,44.5,6.39,0.26973684210526316,보통,오후(12-17),-0.8660254037844385,-0.5000000000000004
2017-04-04 16:45:00,170,46.9,7.63,0.29411764705882354,혼잡,오후(12-17),-0.8660254037844385,-0.5000000000000004
2017-04-04 16:50:00,140,44.0,6.76,0.2,혼잡,오후(12-17),-0.8660254037844385,-0.5000000000000004
2017-04-04 16:55:00,128,46.8,5.37,0.328125,보통,오후(12-17),-0.8660254037844385,-0.5000000000000004
2017-04-04 17:00:00,112,50.4,4.47,0.26785714285714285,보통,오후(12-17),-0.9659258262890683,-0.25881904510252063
2017-04-04 17:05:00,155,48.9,6.4,0.2645161290322581,보통,오후(12-17),-0.9659258262890683,-0.25881904510252063
2017-04-04 17:10:00,149,48.5,5.43,0.2080536912751678,보통,오후(12-17),-0.9659258262890683,-0.25881904510252063
2017-04-04 17:15:00,132,46.4,5.48,0.32575757575757575,보통,오후(12-17),-0.9659258262890683,-0.25881904510252063
2017-04-04 17:20:00,159,43.9,7.78,0.24528301886792453,혼잡,오후(12-17),-0.9659258262890683,-0.25881904510252063
2017-04-04 17:25:00,172,51.6,6.42,0.27325581395348836,보통,오후(12-17),-0.9659258262890683,-0.25881904510252063
2017-04-04 17:30:00,127,48.9,5.13,0.2677165354330709,보통,오후(12-17),-0.9659258262890683,-0.25881904510252063
2017-04-04 17:35:00,126,50.2,5.4,0.23809523809523808,보통,오후(12-17),-0.9659258262890683,-0.25881904510252063
2017-04-04 17:40:00,152,50.3,6.08,0.3092105263157895,보통,오후(12-17),-0.9659258262890683,-0.25881904510252063
2017-04-04 17:45:00,168,48.4,6.62,0.2916666666666667,보통,오후(12-17),-0.9659258262890683,-0.25881904510252063
2017-04-04 17:50:00,118,48.4,4.6,0.288135593220339,보통,오후(12-17),-0.9659258262890683,-0.25881904510252063
2017-04-04 17:55:00,136,44.0,6.56,0.3161764705882353,보통,오후(12-17),-0.9659258262890683,-0.25881904510252063
2017-04-04 18:00:00,153,46.7,6.48,0.3660130718954248,보통,저녁(18-23),-1.0,-1.8369701987210297e-16
2017-04-04 18:05:00,198,45.3,8.73,0.3333333333333333,혼잡,저녁(18-23),-1.0,-1.8369701987210297e-16
2017-04-04 18:10:00,196,44.4,7.75,0.25510204081632654,혼잡,저녁(18-23),-1.0,-1.8369701987210297e-16
2017-04-04 18:15:00,167,43.6,7.63,0.33532934131736525,혼잡,저녁(18-23),-1.0,-1.8369701987210297e-16
2017-04-04 18:20:00,201,38.3,9.95,0.29850746268656714,혼잡,저녁(18-23),-1.0,-1.8369701987210297e-16
2017-04-04 18:25:00,225,34.2,24.13,0.29777777777777775,혼잡,저녁(18-23),-1.0,-1.8369701987210297e-16
2017-04-04 18:30:00,191,34.3,27.18,0.28272251308900526,혼잡,저녁(18-23),-1.0,-1.8369701987210297e-16
2017-04-04 18:35:00,162,40.8,7.26,0.30864197530864196,혼잡,저녁(18-23),-1.0,-1.8369701987210297e-16
2017-04-04 18:40:00,153,43.8,6.47,0.3202614379084967,보통,저녁(18-23),-1.0,-1.8369701987210297e-16
2017-04-04 18:45:00,165,44.8,6.82,0.2787878787878788,혼잡,저녁(18-23),-1.0,-1.8369701987210297e-16
2017-04-04 18:50:00,182,45.7,7.43,0.29120879120879123,혼잡,저녁(18-23),-1.0,-1.8369701987210297e-16
2017-04-04 18:55:00,154,42.9,7.13,0.2857142857142857,혼잡,저녁(18-23),-1.0,-1.8369701987210297e-16
2017-04-04 19:00:00,140,42.8,6.75,0.34285714285714286,혼잡,저녁(18-23),-0.9659258262890684,0.2588190451025203
2017-04-04 19:05:00,168,39.9,8.97,0.26785714285714285,혼잡,저녁(18-23),-0.9659258262890684,0.2588190451025203
2017-04-04 19:10:00,196,42.9,9.87,0.17857142857142858,혼잡,저녁(18-23),-0.9659258262890684,0.2588190451025203
2017-04-04 19:15:00,159,42.4,8.82,0.22641509433962265,혼잡,저녁(18-23),-0.9659258262890684,0.2588190451025203
2017-04-04 19:20:00,139,41.4,7.94,0.17985611510791366,혼잡,저녁(18-23),-0.9659258262890684,0.2588190451025203
2017-04-04 19:25:00,147,45.1,7.12,0.17687074829931973,혼잡,저녁(18-23),-0.9659258262890684,0.2588190451025203
2017-04-04 19:30:00,137,46.2,6.22,0.26277372262773724,보통,저녁(18-23),-0.9659258262890684,0.2588190451025203
2017-04-04 19:35:00,126,45.3,6.6,0.2222222222222222,보통,저녁(18-23),-0.9659258262890684,0.2588190451025203
2017-04-04 19:40:00,102,44.8,4.83,0.19607843137254902,보통,저녁(18-23),-0.9659258262890684,0.2588190451025203
2017-04-04 19:45:00,120,47.9,6.51,0.325,보통,저녁(18-23),-0.9659258262890684,0.2588190451025203
2017-04-04 19:50:00,110,46.5,5.32,0.23636363636363636,보통,저녁(18-23),-0.9659258262890684,0.2588190451025203
2017-04-04 19:55:00,123,47.6,5.99,0.2764227642276423,보통,저녁(18-23),-0.9659258262890684,0.2588190451025203
2017-04-04 20:00:00,103,45.6,5.06,0.24271844660194175,보통,저녁(18-23),-0.8660254037844386,0.5000000000000001
2017-04-04 20:05:00,92,50.4,9.03,0.18478260869565216,혼잡,저녁(18-23),-0.8660254037844386,0.5000000000000001
2017-04-04 20:10:00,128,47.5,5.75,0.2890625,보통,저녁(18-23),-0.8660254037844386,0.5000000000000001
2017-04-04 20:15:00,136,47.8,6.19,0.19852941176470587,보통,저녁(18-23),-0.8660254037844386,0.5000000000000001
2017-04-04 20:20:00,88,46.7,4.41,0.26136363636363635,보통,저녁(18-23),-0.8660254037844386,0.5000000000000001
2017-04-04 20:25:00,93,45.7,4.52,0.22580645161290322,보통,저녁(18-23),-0.8660254037844386,0.5000000000000001
2017-04-04 20:30:00,117,47.4,5.84,0.23931623931623933,보통,저녁(18-23),-0.8660254037844386,0.5000000000000001
2017-04-04 20:35:00,129,45.9,7.21,0.1937984496124031,혼잡,저녁(18-23),-0.8660254037844386,0.5000000000000001
2017-04-04 20:40:00,105,45.8,4.77,0.21904761904761905,보통,저녁(18-23),-0.8660254037844386,0.5000000000000001
2017-04-04 20:45:00,109,45.0,5.08,0.1743119266055046,보통,저녁(18-23),-0.8660254037844386,0.5000000000000001
2017-04-04 20:50:00,114,48.5,5.51,0.2982456140350877,보통,저녁(18-23),-0.8660254037844386,0.5000000000000001
2017-04-04 20:55:00,120,49.3,6.46,0.19166666666666668,보통,저녁(18-23),-0.8660254037844386,0.5000000000000001
2017-04-04 21:00:00,109,46.2,4.98,0.2018348623853211,보통,저녁(18-23),-0.7071067811865477,0.7071067811865474
2017-04-04 21:05:00,84,48.0,3.87,0.32142857142857145,보통,저녁(18-23),-0.7071067811865477,0.7071067811865474
2017-04-04 21:10:00,95,43.1,4.77,0.17894736842105263,보통,저녁(18-23),-0.7071067811865477,0.7071067811865474
2017-04-04 21:15:00,95,47.1,4.47,0.18947368421052632,보통,저녁(18-23),-0.7071067811865477,0.7071067811865474
2017-04-04 21:20:00,121,46.0,5.41,0.2066115702479339,보통,저녁(18-23),-0.7071067811865477,0.7071067811865474
2017-04-04 21:25:00,117,43.7,5.81,0.1282051282051282,보통,저녁(18-23),-0.7071067811865477,0.7071067811865474
2017-04-04 21:30:00,121,44.4,6.42,0.18181818181818182,보통,저녁(18-23),-0.7071067811865477,0.7071067811865474
2017-04-04 21:35:00,105,46.8,5.4,0.2,보통,저녁(18-23),-0.7071067811865477,0.7071067811865474
2017-04-04 21:40:00,103,41.9,5.12,0.1650485436893204,보통,저녁(18-23),-0.7071067811865477,0.7071067811865474
2017-04-04 21:45:00,116,45.3,5.83,0.25862068965517243,보통,저녁(18-23),-0.7071067811865477,0.7071067811865474
2017-04-04 21:50:00,126,41.8,5.91,0.19047619047619047,보통,저녁(18-23),-0.7071067811865477,0.7071067811865474
2017-04-04 21:55:00,129,42.7,6.32,0.18604651162790697,보통,저녁(18-23),-0.7071067811865477,0.7071067811865474
2017-04-04 22:00:00,137,43.5,10.55,0.1678832116788321,혼잡,저녁(18-23),-0.5000000000000004,0.8660254037844384
2017-04-04 22:05:00,106,42.1,8.22,0.16037735849056603,혼잡,저녁(18-23),-0.5000000000000004,0.8660254037844384
2017-04-04 22:10:00,115,46.9,5.73,0.23478260869565218,보통,저녁(18-23),-0.5000000000000004,0.8660254037844384
2017-04-04 22:15:00,102,50.5,5.23,0.28431372549019607,보통,저녁(18-23),-0.5000000000000004,0.8660254037844384
2017-04-04 22:20:00,89,44.0,4.39,0.2696629213483146,보통,저녁(18-23),-0.5000000000000004,0.8660254037844384
2017-04-04 22:25:00,96,48.8,4.24,0.22916666666666666,보통,저녁(18-23),-0.5000000000000004,0.8660254037844384
2017-04-04 22:30:00,70,53.7,3.12,0.2,원활,저녁(18-23),-0.5000000000000004,0.8660254037844384
2017-04-04 22:35:00,99,48.0,4.49,0.2222222222222222,보통,저녁(18-23),-0.5000000000000004,0.8660254037844384
2017-04-04 22:40:00,87,50.2,4.28,0.26436781609195403,보통,저녁(18-23),-0.5000000000000004,0.8660254037844384
2017-04-04 22:45:00,89,48.2,4.12,0.29213483146067415,보통,저녁(18-23),-0.5000000000000004,0.8660254037844384
2017-04-04 22:50:00,69,50.7,3.07,0.2898550724637681,원활,저녁(18-23),-0.5000000000000004,0.8660254037844384
2017-04-04 22:55:00,75,48.8,3.48,0.30666666666666664,원활,저녁(18-23),-0.5000000000000004,0.8660254037844384
2017-04-04 23:00:00,71,53.9,2.9,0.2535211267605634,원활,저녁(18-23),-0.2588190451025207,0.9659258262890683
2017-04-04 23:05:00,79,47.3,3.88,0.22784810126582278,보통,저녁(18-23),-0.2588190451025207,0.9659258262890683
2017-04-04 23:10:00,51,54.8,2.08,0.19607843137254902,원활,저녁(18-23),-0.2588190451025207,0.9659258262890683
2017-04-04 23:15:00,71,51.7,3.03,0.323943661971831,원활,저녁(18-23),-0.2588190451025207,0.9659258262890683
2017-04-04 23:20:00,41,58.7,1.81,0.1951219512195122,원활,저녁(18-23),-0.2588190451025207,0.9659258262890683
2017-04-04 23:25:00,63,49.9,2.9,0.25396825396825395,원활,저녁(18-23),-0.2588190451025207,0.9659258262890683
2017-04-04 23:30:00,49,50.7,2.33,0.2653061224489796,원활,저녁(18-23),-0.2588190451025207,0.9659258262890683
2017-04-04 23:35:00,60,51.1,2.35,0.26666666666666666,원활,저녁(18-23),-0.2588190451025207,0.9659258262890683
2017-04-04 23:40:00,30,52.2,1.31,0.26666666666666666,원활,저녁(18-23),-0.2588190451025207,0.9659258262890683
2017-04-04 23:45:00,59,56.6,2.43,0.3050847457627119,원활,저녁(18-23),-0.2588190451025207,0.9659258262890683
2017-04-04 23:50:00,35,56.2,1.48,0.3142857142857143,원활,저녁(18-23),-0.2588190451025207,0.9659258262890683
2017-04-04 23:55:00,46,56.9,1.88,0.2608695652173913,원활,저녁(18-23),-0.2588190451025207,0.9659258262890683
2017-04-05 00:00:00,50,52.1,2.23,0.32,원활,새벽(0-5),0.0,1.0
2017-04-05 00:05:00,51,56.4,2.73,0.3333333333333333,원활,새벽(0-5),0.0,1.0
2017-04-05 00:10:00,30,63.5,1.33,0.4,원활,새벽(0-5),0.0,1.0
2017-04-05 00:15:00,48,54.4,1.88,0.2916666666666667,원활,새벽(0-5),0.0,1.0
2017-04-05 00:20:00,46,53.1,1.82,0.2826086956521739,원활,새벽(0-5),0.0,1.0
2017-04-05 00:25:00,37,56.4,1.66,0.24324324324324326,원활,새벽(0-5),0.0,1.0
2017-04-05 00:30:00,37,59.9,1.48,0.21621621621621623,원활,새벽(0-5),0.0,1.0
2017-04-05 00:35:00,38,56.6,1.34,0.23684210526315788,원활,새벽(0-5),0.0,1.0
2017-04-05 00:40:00,45,60.6,1.48,0.28888888888888886,원활,새벽(0-5),0.0,1.0
2017-04-05 00:45:00,38,55.2,1.57,0.3684210526315789,원활,새벽(0-5),0.0,1.0
2017-04-05 00:50:00,33,65.0,1.15,0.45454545454545453,원활,새벽(0-5),0.0,1.0
2017-04-05 00:55:00,20,58.1,0.85,0.1,원활,새벽(0-5),0.0,1.0
2017-04-05 01:00:00,31,55.3,1.38,0.3548387096774194,원활,새벽(0-5),0.25881904510252074,0.9659258262890683
2017-04-05 01:05:00,26,59.8,1.14,0.3076923076923077,원활,새벽(0-5),0.25881904510252074,0.9659258262890683
2017-04-05 01:10:00,20,58.1,0.81,0.3,원활,새벽(0-5),0.25881904510252074,0.9659258262890683
2017-04-05 01:15:00,20,56.5,0.76,0.45,원활,새벽(0-5),0.25881904510252074,0.9659258262890683
2017-04-05 01:20:00,26,50.2,1.11,0.46153846153846156,원활,새벽(0-5),0.25881904510252074,0.9659258262890683
2017-04-05 01:25:00,18,57.1,0.72,0.2777777777777778,원활,새벽(0-5),0.25881904510252074,0.9659258262890683
2017-04-05 01:30:00,16,56.2,0.59,0.1875,원활,새벽(0-5),0.25881904510252074,0.9659258262890683
2017-04-05 01:35:00,17,54.5,0.74,0.4117647058823529,원활,새벽(0-5),0.25881904510252074,0.9659258262890683
2017-04-05 01:40:00,14,55.4,0.66,0.35714285714285715,원활,새벽(0-5),0.25881904510252074,0.9659258262890683
2017-04-05 01:45:00,23,57.6,1.21,0.2608695652173913,원활,새벽(0-5),0.25881904510252074,0.9659258262890683
2017-04-05 01:50:00,23,67.3,0.85,0.30434782608695654,원활,새벽(0-5),0.25881904510252074,0.9659258262890683
2017-04-05 01:55:00,24,57.0,1.08,0.4166666666666667,원활,새벽(0-5),0.25881904510252074,0.9659258262890683
2017-04-05 02:00:00,19,57.7,0.68,0.3157894736842105,원활,새벽(0-5),0.49999999999999994,0.8660254037844387
2017-04-05 02:05:00,15,49.3,0.67,0.26666666666666666,원활,새벽(0-5),0.49999999999999994,0.8660254037844387
2017-04-05 02:10:00,20,58.3,0.78,0.4,원활,새벽(0-5),0.49999999999999994,0.8660254037844387
2017-04-05 02:15:00,17,63.0,0.71,0.4117647058823529,원활,새벽(0-5),0.49999999999999994,0.8660254037844387
2017-04-05 02:20:00,16,54.9,0.79,0.625,원활,새벽(0-5),0.49999999999999994,0.8660254037844387
2017-04-05 02:25:00,14,52.4,0.59,0.2857142857142857,원활,새벽(0-5),0.49999999999999994,0.8660254037844387
2017-04-05 02:30:00,10,56.9,0.47,0.4,원활,새벽(0-5),0.49999999999999994,0.8660254037844387
2017-04-05 02:35:00,13,67.1,0.55,0.23076923076923078,원활,새벽(0-5),0.49999999999999994,0.8660254037844387
2017-04-05 02:40:00,19,54.5,0.75,0.21052631578947367,원활,새벽(0-5),0.49999999999999994,0.8660254037844387
2017-04-05 02:45:00,12,59.3,0.56,0.4166666666666667,원활,새벽(0-5),0.49999999999999994,0.8660254037844387
2017-04-05 02:50:00,16,49.8,0.65,0.3125,원활,새벽(0-5),0.49999999999999994,0.8660254037844387
2017-04-05 02:55:00,12,51.5,0.48,0.25,원활,새벽(0-5),0.49999999999999994,0.8660254037844387
2017-04-05 03:00:00,9,48.0,0.38,0.4444444444444444,원활,새벽(0-5),0.7071067811865476,0.7071067811865476
2017-04-05 03:05:00,13,56.5,0.5,0.5384615384615384,원활,새벽(0-5),0.7071067811865476,0.7071067811865476
2017-04-05 03:10:00,15,45.2,0.72,0.13333333333333333,원활,새벽(0-5),0.7071067811865476,0.7071067811865476
2017-04-05 03:15:00,12,55.0,0.55,0.6666666666666666,원활,새벽(0-5),0.7071067811865476,0.7071067811865476
2017-04-05 03:20:00,10,62.0,0.44,0.4,원활,새벽(0-5),0.7071067811865476,0.7071067811865476
2017-04-05 03:25:00,12,58.6,0.41,0.5,원활,새벽(0-5),0.7071067811865476,0.7071067811865476
2017-04-05 03:30:00,19,66.1,3.24,0.2631578947368421,원활,새벽(0-5),0.7071067811865476,0.7071067811865476
2017-04-05 03:35:00,17,57.7,0.71,0.35294117647058826,원활,새벽(0-5),0.7071067811865476,0.7071067811865476
2017-04-05 03:40:00,13,51.2,0.68,0.38461538461538464,원활,새벽(0-5),0.7071067811865476,0.7071067811865476
2017-04-05 03:45:00,9,49.3,0.6,0.4444444444444444,원활,새벽(0-5),0.7071067811865476,0.7071067811865476
2017-04-05 03:50:00,19,64.1,0.84,0.47368421052631576,원활,새벽(0-5),0.7071067811865476,0.7071067811865476
2017-04-05 03:55:00,16,58.6,0.71,0.375,원활,새벽(0-5),0.7071067811865476,0.7071067811865476
2017-04-05 04:00:00,13,62.1,0.49,0.3076923076923077,원활,새벽(0-5),0.8660254037844386,0.5000000000000001
2017-04-05 04:05:00,15,55.5,0.64,0.4666666666666667,원활,새벽(0-5),0.8660254037844386,0.5000000000000001
2017-04-05 04:10:00,16,54.8,0.66,0.3125,원활,새벽(0-5),0.8660254037844386,0.5000000000000001
2017-04-05 04:15:00,9,55.1,0.42,0.3333333333333333,원활,새벽(0-5),0.8660254037844386,0.5000000000000001
2017-04-05 04:20:00,9,56.6,0.41,0.3333333333333333,원활,새벽(0-5),0.8660254037844386,0.5000000000000001
2017-04-05 04:25:00,14,59.5,0.67,0.2857142857142857,원활,새벽(0-5),0.8660254037844386,0.5000000000000001
2017-04-05 04:30:00,9,54.7,0.43,0.1111111111111111,원활,새벽(0-5),0.8660254037844386,0.5000000000000001
2017-04-05 04:35:00,26,55.1,1.22,0.38461538461538464,원활,새벽(0-5),0.8660254037844386,0.5000000000000001
2017-04-05 04:40:00,25,55.5,1.12,0.24,원활,새벽(0-5),0.8660254037844386,0.5000000000000001
2017-04-05 04:45:00,20,65.5,0.83,0.6,원활,새벽(0-5),0.8660254037844386,0.5000000000000001
2017-04-05 04:50:00,12,67.5,0.49,0.4166666666666667,원활,새벽(0-5),0.8660254037844386,0.5000000000000001
2017-04-05 04:55:00,21,58.8,1.04,0.38095238095238093,원활,새벽(0-5),0.8660254037844386,0.5000000000000001
2017-04-05 05:00:00,24,49.4,1.29,0.375,원활,새벽(0-5),0.9659258262890683,0.25881904510252074
2017-04-05 05:05:00,35,68.2,1.39,0.4,원활,새벽(0-5),0.9659258262890683,0.25881904510252074
2017-04-05 05:10:00,25,72.3,1.43,0.36,원활,새벽(0-5),0.9659258262890683,0.25881904510252074
2017-04-05 05:15:00,46,55.4,2.17,0.2391304347826087,원활,새벽(0-5),0.9659258262890683,0.25881904510252074
2017-04-05 05:20:00,56,56.0,2.09,0.25,원활,새벽(0-5),0.9659258262890683,0.25881904510252074
2017-04-05 05:25:00,53,57.7,2.17,0.4528301886792453,원활,새벽(0-5),0.9659258262890683,0.25881904510252074
2017-04-05 05:30:00,45,64.1,1.95,0.4444444444444444,원활,새벽(0-5),0.9659258262890683,0.25881904510252074
2017-04-05 05:35:00,52,50.3,2.27,0.3076923076923077,원활,새벽(0-5),0.9659258262890683,0.25881904510252074
2017-04-05 05:40:00,41,68.1,1.62,0.43902439024390244,원활,새벽(0-5),0.9659258262890683,0.25881904510252074
2017-04-05 05:45:00,54,57.7,2.14,0.3148148148148148,원활,새벽(0-5),0.9659258262890683,0.25881904510252074
2017-04-05 05:50:00,55,57.5,2.33,0.3090909090909091,원활,새벽(0-5),0.9659258262890683,0.25881904510252074
2017-04-05 05:55:00,64,55.7,2.71,0.296875,원활,새벽(0-5),0.9659258262890683,0.25881904510252074
2017-04-05 06:00:00,75,52.1,3.66,0.4666666666666667,원활,오전(6-11),1.0,6.123233995736766e-17
2017-04-05 06:05:00,91,57.3,3.61,0.4065934065934066,원활,오전(6-11),1.0,6.123233995736766e-17
2017-04-05 06:10:00,75,56.8,2.92,0.3466666666666667,원활,오전(6-11),1.0,6.123233995736766e-17
2017-04-05 06:15:00,88,53.8,3.33,0.42045454545454547,원활,오전(6-11),1.0,6.123233995736766e-17
2017-04-05 06:20:00,73,66.4,2.14,0.2876712328767123,원활,오전(6-11),1.0,6.123233995736766e-17
2017-04-05 06:25:00,110,51.8,4.43,0.44545454545454544,보통,오전(6-11),1.0,6.123233995736766e-17
2017-04-05 06:30:00,109,59.7,3.59,0.42201834862385323,원활,오전(6-11),1.0,6.123233995736766e-17
2017-04-05 06:35:00,114,57.8,4.37,0.42105263157894735,보통,오전(6-11),1.0,6.123233995736766e-17
2017-04-05 06:40:00,101,52.6,3.87,0.38613861386138615,보통,오전(6-11),1.0,6.123233995736766e-17
2017-04-05 06:45:00,125,60.4,4.59,0.432,보통,오전(6-11),1.0,6.123233995736766e-17
2017-04-05 06:50:00,112,56.0,4.06,0.39285714285714285,보통,오전(6-11),1.0,6.123233995736766e-17
2017-04-05 06:55:00,131,49.8,5.48,0.3816793893129771,보통,오전(6-11),1.0,6.123233995736766e-17
2017-04-05 07:00:00,127,53.5,5.13,0.3937007874015748,보통,오전(6-11),0.9659258262890683,-0.25881904510252085
2017-04-05 07:05:00,170,53.9,6.43,0.40588235294117647,보통,오전(6-11),0.9659258262890683,-0.25881904510252085
2017-04-05 07:10:00,181,48.8,8.09,0.3701657458563536,혼잡,오전(6-11),0.9659258262890683,-0.25881904510252085
2017-04-05 07:15:00,223,52.3,8.81,0.3632286995515695,혼잡,오전(6-11),0.9659258262890683,-0.25881904510252085
2017-04-05 07:20:00,194,41.0,9.95,0.29896907216494845,혼잡,오전(6-11),0.9659258262890683,-0.25881904510252085
2017-04-05 07:25:00,205,41.0,11.37,0.33170731707317075,혼잡,오전(6-11),0.9659258262890683,-0.25881904510252085
2017-04-05 07:30:00,260,44.4,12.62,0.38076923076923075,혼잡,오전(6-11),0.9659258262890683,-0.25881904510252085
2017-04-05 07:35:00,285,47.0,12.16,0.3333333333333333,혼잡,오전(6-11),0.9659258262890683,-0.25881904510252085
2017-04-05 07:40:00,233,41.5,12.12,0.26609442060085836,혼잡,오전(6-11),0.9659258262890683,-0.25881904510252085
2017-04-05 07:45:00,233,45.2,10.11,0.37339055793991416,혼잡,오전(6-11),0.9659258262890683,-0.25881904510252085
2017-04-05 07:50:00,251,43.0,13.31,0.3426294820717131,혼잡,오전(6-11),0.9659258262890683,-0.25881904510252085
2017-04-05 07:55:00,275,41.9,13.86,0.33454545454545453,혼잡,오전(6-11),0.9659258262890683,-0.25881904510252085
2017-04-05 08:00:00,238,38.1,16.25,0.31092436974789917,혼잡,오전(6-11),0.8660254037844387,-0.4999999999999998
2017-04-05 08:05:00,243,37.2,15.39,0.345679012345679,혼잡,오전(6-11),0.8660254037844387,-0.4999999999999998
2017-04-05 08:10:00,259,40.1,13.17,0.33976833976833976,혼잡,오전(6-11),0.8660254037844387,-0.4999999999999998
2017-04-05 08:15:00,300,34.8,18.58,0.25666666666666665,혼잡,오전(6-11),0.8660254037844387,-0.4999999999999998
2017-04-05 08:20:00,246,39.6,12.76,0.2845528455284553,혼잡,오전(6-11),0.8660254037844387,-0.4999999999999998
2017-04-05 08:25:00,188,43.3,8.72,0.3191489361702128,혼잡,오전(6-11),0.8660254037844387,-0.4999999999999998
2017-04-05 08:30:00,205,35.3,28.78,0.2634146341463415,혼잡,오전(6-11),0.8660254037844387,-0.4999999999999998
2017-04-05 08:35:00,234,34.9,23.41,0.3076923076923077,혼잡,오전(6-11),0.8660254037844387,-0.4999999999999998
2017-04-05 08:40:00,234,33.9,15.77,0.3034188034188034,혼잡,오전(6-11),0.8660254037844387,-0.4999999999999998
2017-04-05 08:45:00,151,27.6,36.4,0.2913907284768212,혼잡,오전(6-11),0.8660254037844387,-0.4999999999999998
2017-04-05 08:50:00,172,32.9,24.54,0.3081395348837209,혼잡,오전(6-11),0.8660254037844387,-0.4999999999999998
2017-04-05 08:55:00,180,41.4,9.74,0.3277777777777778,혼잡,오전(6-11),0.8660254037844387,-0.4999999999999998
2017-04-05 09:00:00,184,48.0,8.03,0.32608695652173914,혼잡,오전(6-11),0.7071067811865476,-0.7071067811865475
2017-04-05 09:05:00,154,47.8,7.06,0.34415584415584416,혼잡,오전(6-11),0.7071067811865476,-0.7071067811865475
2017-04-05 09:10:00,132,51.6,5.83,0.3181818181818182,보통,오전(6-11),0.7071067811865476,-0.7071067811865475
2017-04-05 09:15:00,175,50.2,7.5,0.3142857142857143,혼잡,오전(6-11),0.7071067811865476,-0.7071067811865475
2017-04-05 09:20:00,175,53.5,6.93,0.3657142857142857,혼잡,오전(6-11),0.7071067811865476,-0.7071067811865475
2017-04-05 09:25:00,193,37.8,11.52,0.33678756476683935,혼잡,오전(6-11),0.7071067811865476,-0.7071067811865475
2017-04-05 09:30:00,162,47.6,7.49,0.30864197530864196,혼잡,오전(6-11),0.7071067811865476,-0.7071067811865475
2017-04-05 09:35:00,176,44.2,8.6,0.3352272727272727,혼잡,오전(6-11),0.7071067811865476,-0.7071067811865475
2017-04-05 09:40:00,138,47.2,6.56,0.32608695652173914,보통,오전(6-11),0.7071067811865476,-0.7071067811865475
2017-04-05 09:45:00,162,49.7,7.39,0.32098765432098764,혼잡,오전(6-11),0.7071067811865476,-0.7071067811865475
2017-04-05 09:50:00,189,47.5,8.07,0.30687830687830686,혼잡,오전(6-11),0.7071067811865476,-0.7071067811865475
2017-04-05 09:55:00,182,45.8,8.39,0.34615384615384615,혼잡,오전(6-11),0.7071067811865476,-0.7071067811865475
2017-04-05 10:00:00,176,50.7,7.59,0.32954545454545453,혼잡,오전(6-11),0.49999999999999994,-0.8660254037844387
2017-04-05 10:05:00,169,49.8,7.35,0.3076923076923077,혼잡,오전(6-11),0.49999999999999994,-0.8660254037844387
2017-04-05 10:10:00,152,50.5,6.7,0.34868421052631576,혼잡,오전(6-11),0.49999999999999994,-0.8660254037844387
2017-04-05 10:15:00,148,49.5,6.71,0.32432432432432434,혼잡,오전(6-11),0.49999999999999994,-0.8660254037844387
2017-04-05 10:20:00,116,51.9,5.04,0.33620689655172414,보통,오전(6-11),0.49999999999999994,-0.8660254037844387
2017-04-05 10:25:00,144,49.7,6.34,0.3333333333333333,보통,오전(6-11),0.49999999999999994,-0.8660254037844387
2017-04-05 10:30:00,123,50.4,5.62,0.3983739837398374,보통,오전(6-11),0.49999999999999994,-0.8660254037844387
2017-04-05 10:35:00,137,50.8,5.58,0.2773722627737226,보통,오전(6-11),0.49999999999999994,-0.8660254037844387
2017-04-05 10:40:00,140,47.7,6.07,0.38571428571428573,보통,오전(6-11),0.49999999999999994,-0.8660254037844387
2017-04-05 10:45:00,150,44.1,8.23,0.4066666666666667,혼잡,오전(6-11),0.49999999999999994,-0.8660254037844387
2017-04-05 10:50:00,102,52.2,4.39,0.35294117647058826,보통,오전(6-11),0.49999999999999994,-0.8660254037844387
2017-04-05 10:55:00,131,48.8,5.86,0.35877862595419846,보통,오전(6-11),0.49999999999999994,-0.8660254037844387
2017-04-05 11:00:00,103,50.5,4.44,0.3106796116504854,보통,오전(6-11),0.258819045102521,-0.9659258262890682
2017-04-05 11:05:00,123,52.7,5.45,0.4065040650406504,보통,오전(6-11),0.258819045102521,-0.9659258262890682
2017-04-05 11:10:00,131,48.2,5.71,0.3282442748091603,보통,오전(6-11),0.258819045102521,-0.9659258262890682
2017-04-05 11:15:00,134,52.1,5.9,0.3805970149253731,보통,오전(6-11),0.258819045102521,-0.9659258262890682
2017-04-05 11:20:00,124,49.0,5.22,0.41935483870967744,보통,오전(6-11),0.258819045102521,-0.9659258262890682
2017-04-05 11:25:00,139,49.1,6.31,0.3669064748201439,보통,오전(6-11),0.258819045102521,-0.9659258262890682
2017-04-05 11:30:00,140,45.9,6.02,0.3142857142857143,보통,오전(6-11),0.258819045102521,-0.9659258262890682
2017-04-05 11:35:00,138,49.0,5.84,0.32608695652173914,보통,오전(6-11),0.258819045102521,-0.9659258262890682
2017-04-05 11:40:00,127,47.8,5.87,0.2677165354330709,보통,오전(6-11),0.258819045102521,-0.9659258262890682
2017-04-05 11:45:00,188,41.2,10.22,0.35638297872340424,혼잡,오전(6-11),0.258819045102521,-0.9659258262890682
2017-04-05 11:50:00,154,45.4,7.54,0.2987012987012987,혼잡,오전(6-11),0.258819045102521,-0.9659258262890682
2017-04-05 11:55:00,162,48.4,6.98,0.2222222222222222,혼잡,오전(6-11),0.258819045102521,-0.9659258262890682
2017-04-05 12:00:00,151,48.7,6.7,0.2913907284768212,혼잡,오후(12-17),1.2246467991473532e-16,-1.0
2017-04-05 12:05:00,124,51.5,5.11,0.2903225806451613,보통,오후(12-17),1.2246467991473532e-16,-1.0
2017-04-05 12:10:00,108,49.6,4.49,0.3611111111111111,보통,오후(12-17),1.2246467991473532e-16,-1.0
2017-04-05 12:15:00,127,50.1,5.63,0.36220472440944884,보통,오후(12-17),1.2246467991473532e-16,-1.0
2017-04-05 12:20:00,114,47.9,5.33,0.40350877192982454,보통,오후(12-17),1.2246467991473532e-16,-1.0
2017-04-05 12:25:00,118,49.7,7.62,0.2627118644067797,혼잡,오후(12-17),1.2246467991473532e-16,-1.0
2017-04-05 12:30:00,126,51.1,5.25,0.2698412698412698,보통,오후(12-17),1.2246467991473532e-16,-1.0
2017-04-05 12:35:00,157,46.5,7.5,0.25477707006369427,혼잡,오후(12-17),1.2246467991473532e-16,-1.0
2017-04-05 12:40:00,142,47.8,6.76,0.38028169014084506,혼잡,오후(12-17),1.2246467991473532e-16,-1.0
2017-04-05 12:45:00,137,51.3,5.57,0.22627737226277372,보통,오후(12-17),1.2246467991473532e-16,-1.0
2017-04-05 12:50:00,127,46.6,5.94,0.2992125984251969,보통,오후(12-17),1.2246467991473532e-16,-1.0
2017-04-05 12:55:00,137,50.8,5.88,0.291970802919708,보통,오후(12-17),1.2246467991473532e-16,-1.0
2017-04-05 13:00:00,134,49.5,5.86,0.31343283582089554,보통,오후(12-17),-0.25881904510252035,-0.9659258262890684
2017-04-05 13:05:00,149,46.9,6.68,0.3288590604026846,혼잡,오후(12-17),-0.25881904510252035,-0.9659258262890684
2017-04-05 13:10:00,149,46.1,7.09,0.2684563758389262,혼잡,오후(12-17),-0.25881904510252035,-0.9659258262890684
2017-04-05 13:15:00,154,49.3,7.18,0.44805194805194803,혼잡,오후(12-17),-0.25881904510252035,-0.9659258262890684
2017-04-05 13:20:00,160,49.6,6.92,0.3375,혼잡,오후(12-17),-0.25881904510252035,-0.9659258262890684
2017-04-05 13:25:00,157,46.9,6.93,0.35668789808917195,혼잡,오후(12-17),-0.25881904510252035,-0.9659258262890684
2017-04-05 13:30:00,142,49.8,6.03,0.3732394366197183,보통,오후(12-17),-0.25881904510252035,-0.9659258262890684
2017-04-05 13:35:00,131,47.2,5.99,0.3511450381679389,보통,오후(12-17),-0.25881904510252035,-0.9659258262890684
2017-04-05 13:40:00,105,50.8,4.53,0.29523809523809524,보통,오후(12-17),-0.25881904510252035,-0.9659258262890684
2017-04-05 13:45:00,143,49.5,6.05,0.2937062937062937,보통,오후(12-17),-0.25881904510252035,-0.9659258262890684
2017-04-05 13:50:00,121,49.8,5.13,0.32231404958677684,보통,오후(12-17),-0.25881904510252035,-0.9659258262890684
2017-04-05 13:55:00,144,48.1,6.91,0.3194444444444444,혼잡,오후(12-17),-0.25881904510252035,-0.9659258262890684
2017-04-05 14:00:00,130,51.2,5.36,0.3076923076923077,보통,오후(12-17),-0.5000000000000001,-0.8660254037844386
2017-04-05 14:05:00,163,44.7,7.52,0.26993865030674846,혼잡,오후(12-17),-0.5000000000000001,-0.8660254037844386
2017-04-05 14:10:00,136,48.4,6.24,0.3014705882352941,보통,오후(12-17),-0.5000000000000001,-0.8660254037844386
2017-04-05 14:15:00,146,47.8,7.44,0.273972602739726,혼잡,오후(12-17),-0.5000000000000001,-0.8660254037844386
2017-04-05 14:20:00,133,47.5,6.0,0.20300751879699247,보통,오후(12-17),-0.5000000000000001,-0.8660254037844386
2017-04-05 14:25:00,126,45.2,5.68,0.2619047619047619,보통,오후(12-17),-0.5000000000000001,-0.8660254037844386
2017-04-05 14:30:00,143,47.8,6.78,0.3076923076923077,혼잡,오후(12-17),-0.5000000000000001,-0.8660254037844386
2017-04-05 14:35:00,161,46.8,7.49,0.2981366459627329,혼잡,오후(12-17),-0.5000000000000001,-0.8660254037844386
2017-04-05 14:40:00,137,48.8,6.19,0.3284671532846715,보통,오후(12-17),-0.5000000000000001,-0.8660254037844386
2017-04-05 14:45:00,141,45.6,6.74,0.2907801418439716,혼잡,오후(12-17),-0.5000000000000001,-0.8660254037844386
2017-04-05 14:50:00,126,42.7,6.15,0.31746031746031744,보통,오후(12-17),-0.5000000000000001,-0.8660254037844386
2017-04-05 14:55:00,132,47.1,6.34,0.3712121212121212,보통,오후(12-17),-0.5000000000000001,-0.8660254037844386
2017-04-05 15:00:00,131,47.4,5.94,0.3053435114503817,보통,오후(12-17),-0.7071067811865475,-0.7071067811865477
2017-04-05 15:05:00,151,44.8,7.55,0.32450331125827814,혼잡,오후(12-17),-0.7071067811865475,-0.7071067811865477
2017-04-05 15:10:00,122,48.3,5.34,0.2786885245901639,보통,오후(12-17),-0.7071067811865475,-0.7071067811865477
2017-04-05 15:15:00,161,48.3,7.49,0.2857142857142857,혼잡,오후(12-17),-0.7071067811865475,-0.7071067811865477
2017-04-05 15:20:00,150,45.6,7.33,0.3333333333333333,혼잡,오후(12-17),-0.7071067811865475,-0.7071067811865477
2017-04-05 15:25:00,154,45.3,7.29,0.3051948051948052,혼잡,오후(12-17),-0.7071067811865475,-0.7071067811865477
2017-04-05 15:30:00,134,45.6,6.02,0.30597014925373134,보통,오후(12-17),-0.7071067811865475,-0.7071067811865477
2017-04-05 15:35:00,141,48.3,6.22,0.3333333333333333,보통,오후(12-17),-0.7071067811865475,-0.7071067811865477
2017-04-05 15:40:00,104,46.7,4.76,0.3942307692307692,보통,오후(12-17),-0.7071067811865475,-0.7071067811865477
2017-04-05 15:45:00,148,45.7,6.64,0.32432432432432434,보통,오후(12-17),-0.7071067811865475,-0.7071067811865477
2017-04-05 15:50:00,118,49.7,5.69,0.4152542372881356,보통,오후(12-17),-0.7071067811865475,-0.7071067811865477
2017-04-05 15:55:00,161,44.9,7.82,0.2981366459627329,혼잡,오후(12-17),-0.7071067811865475,-0.7071067811865477
2017-04-05 16:00:00,159,45.4,8.38,0.32075471698113206,혼잡,오후(12-17),-0.8660254037844385,-0.5000000000000004
2017-04-05 16:05:00,149,45.2,7.79,0.2953020134228188,혼잡,오후(12-17),-0.8660254037844385,-0.5000000000000004
2017-04-05 16:10:00,122,45.6,5.47,0.36065573770491804,보통,오후(12-17),-0.8660254037844385,-0.5000000000000004
2017-04-05 16:15:00,148,42.9,7.65,0.38513513513513514,혼잡,오후(12-17),-0.8660254037844385,-0.5000000000000004
2017-04-05 16:20:00,144,42.4,7.74,0.2777777777777778,혼잡,오후(12-17),-0.8660254037844385,-0.5000000000000004
2017-04-05 16:25:00,144,46.6,6.49,0.3472222222222222,보통,오후(12-17),-0.8660254037844385,-0.5000000000000004
2017-04-05 16:30:00,132,47.8,6.17,0.3333333333333333,보통,오후(12-17),-0.8660254037844385,-0.5000000000000004
2017-04-05 16:35:00,140,46.0,6.33,0.37857142857142856,보통,오후(12-17),-0.8660254037844385,-0.5000000000000004
2017-04-05 16:40:00,132,47.0,6.06,0.5075757575757576,보통,오후(12-17),-0.8660254037844385,-0.5000000000000004
2017-04-05 16:45:00,152,45.7,7.28,0.4276315789473684,혼잡,오후(12-17),-0.8660254037844385,-0.5000000000000004
2017-04-05 16:50:00,133,44.7,6.08,0.47368421052631576,보통,오후(12-17),-0.8660254037844385,-0.5000000000000004
2017-04-05 16:55:00,150,43.5,7.22,0.3466666666666667,혼잡,오후(12-17),-0.8660254037844385,-0.5000000000000004
2017-04-05 17:00:00,123,46.1,5.84,0.3902439024390244,보통,오후(12-17),-0.9659258262890683,-0.25881904510252063
2017-04-05 17:05:00,149,45.6,7.55,0.4899328859060403,혼잡,오후(12-17),-0.9659258262890683,-0.25881904510252063
2017-04-05 17:10:00,143,42.2,6.71,0.4965034965034965,혼잡,오후(12-17),-0.9659258262890683,-0.25881904510252063
2017-04-05 17:15:00,138,41.8,7.24,0.42028985507246375,혼잡,오후(12-17),-0.9659258262890683,-0.25881904510252063
2017-04-05 17:20:00,157,44.3,7.56,0.45222929936305734,혼잡,오후(12-17),-0.9659258262890683,-0.25881904510252063
2017-04-05 17:25:00,153,45.8,7.02,0.45751633986928103,혼잡,오후(12-17),-0.9659258262890683,-0.25881904510252063
2017-04-05 17:30:00,121,46.6,5.12,0.4297520661157025,보통,오후(12-17),-0.9659258262890683,-0.25881904510252063
2017-04-05 17:35:00,128,44.3,5.95,0.453125,보통,오후(12-17),-0.9659258262890683,-0.25881904510252063
2017-04-05 17:40:00,197,41.7,10.5,0.39086294416243655,혼잡,오후(12-17),-0.9659258262890683,-0.25881904510252063
2017-04-05 17:45:00,179,40.9,9.16,0.31843575418994413,혼잡,오후(12-17),-0.9659258262890683,-0.25881904510252063
2017-04-05 17:50:00,155,43.5,7.56,0.33548387096774196,혼잡,오후(12-17),-0.9659258262890683,-0.25881904510252063
2017-04-05 17:55:00,119,46.0,5.53,0.3697478991596639,보통,오후(12-17),-0.9659258262890683,-0.25881904510252063
2017-04-05 18:00:00,134,43.4,6.36,0.40298507462686567,보통,저녁(18-23),-1.0,-1.8369701987210297e-16
2017-04-05 18:05:00,181,43.1,8.59,0.4143646408839779,혼잡,저녁(18-23),-1.0,-1.8369701987210297e-16
2017-04-05 18:10:00,198,40.1,9.45,0.29797979797979796,혼잡,저녁(18-23),-1.0,-1.8369701987210297e-16
2017-04-05 18:15:00,180,31.4,20.54,0.3111111111111111,혼잡,저녁(18-23),-1.0,-1.8369701987210297e-16
2017-04-05 18:20:00,178,28.0,27.85,0.2808988764044944,혼잡,저녁(18-23),-1.0,-1.8369701987210297e-16
2017-04-05 18:25:00,238,28.9,33.82,0.25630252100840334,혼잡,저녁(18-23),-1.0,-1.8369701987210297e-16
2017-04-05 18:30:00,214,35.6,16.81,0.2757009345794392,혼잡,저녁(18-23),-1.0,-1.8369701987210297e-16
2017-04-05 18:35:00,156,32.6,16.19,0.3269230769230769,혼잡,저녁(18-23),-1.0,-1.8369701987210297e-16
2017-04-05 18:40:00,190,30.5,30.06,0.16842105263157894,혼잡,저녁(18-23),-1.0,-1.8369701987210297e-16
2017-04-05 18:45:00,204,27.9,36.77,0.23039215686274508,혼잡,저녁(18-23),-1.0,-1.8369701987210297e-16
2017-04-05 18:50:00,172,27.0,36.77,0.19186046511627908,혼잡,저녁(18-23),-1.0,-1.8369701987210297e-16
2017-04-05 18:55:00,190,23.3,48.33,0.2894736842105263,혼잡,저녁(18-23),-1.0,-1.8369701987210297e-16
2017-04-05 19:00:00,152,34.8,13.41,0.28289473684210525,혼잡,저녁(18-23),-0.9659258262890684,0.2588190451025203
2017-04-05 19:05:00,114,39.9,11.31,0.2982456140350877,혼잡,저녁(18-23),-0.9659258262890684,0.2588190451025203
2017-04-05 19:10:00,167,38.8,14.23,0.17964071856287425,혼잡,저녁(18-23),-0.9659258262890684,0.2588190451025203
2017-04-05 19:15:00,148,40.1,16.91,0.21621621621621623,혼잡,저녁(18-23),-0.9659258262890684,0.2588190451025203
2017-04-05 19:20:00,140,37.2,10.52,0.18571428571428572,혼잡,저녁(18-23),-0.9659258262890684,0.2588190451025203
2017-04-05 19:25:00,115,40.1,7.37,0.22608695652173913,혼잡,저녁(18-23),-0.9659258262890684,0.2588190451025203
2017-04-05 19:30:00,197,34.2,14.2,0.18274111675126903,혼잡,저녁(18-23),-0.9659258262890684,0.2588190451025203
2017-04-05 19:35:00,133,41.2,9.42,0.15789473684210525,혼잡,저녁(18-23),-0.9659258262890684,0.2588190451025203
2017-04-05 19:40:00,110,42.7,6.39,0.2,보통,저녁(18-23),-0.9659258262890684,0.2588190451025203
2017-04-05 19:45:00,124,43.2,7.4,0.18548387096774194,혼잡,저녁(18-23),-0.9659258262890684,0.2588190451025203
2017-04-05 19:50:00,106,43.4,8.98,0.2830188679245283,혼잡,저녁(18-23),-0.9659258262890684,0.2588190451025203
2017-04-05 19:55:00,89,46.1,5.02,0.16853932584269662,보통,저녁(18-23),-0.9659258262890684,0.2588190451025203
2017-04-05 20:00:00,106,41.4,6.59,0.2358490566037736,보통,저녁(18-23),-0.8660254037844386,0.5000000000000001
2017-04-05 20:05:00,98,44.5,5.99,0.11224489795918367,보통,저녁(18-23),-0.8660254037844386,0.5000000000000001
2017-04-05 20:10:00,95,44.5,5.91,0.2631578947368421,보통,저녁(18-23),-0.8660254037844386,0.5000000000000001
2017-04-05 20:15:00,115,42.7,6.71,0.1826086956521739,혼잡,저녁(18-23),-0.8660254037844386,0.5000000000000001
2017-04-05 20:20:00,96,45.1,5.27,0.08333333333333333,보통,저녁(18-23),-0.8660254037844386,0.5000000000000001
2017-04-05 20:25:00,102,42.9,13.4,0.17647058823529413,혼잡,저녁(18-23),-0.8660254037844386,0.5000000000000001
2017-04-05 20:30:00,99,45.2,5.29,0.16161616161616163,보통,저녁(18-23),-0.8660254037844386,0.5000000000000001
2017-04-05 20:35:00,121,45.6,7.06,0.19008264462809918,혼잡,저녁(18-23),-0.8660254037844386,0.5000000000000001
2017-04-05 20:40:00,93,42.7,5.02,0.21505376344086022,보통,저녁(18-23),-0.8660254037844386,0.5000000000000001
2017-04-05 20:45:00,78,42.5,4.64,0.19230769230769232,보통,저녁(18-23),-0.8660254037844386,0.5000000000000001
2017-04-05 20:50:00,93,45.5,5.08,0.1827956989247312,보통,저녁(18-23),-0.8660254037844386,0.5000000000000001
2017-04-05 20:55:00,108,44.9,7.14,0.1574074074074074,혼잡,저녁(18-23),-0.8660254037844386,0.5000000000000001
2017-04-05 21:00:00,67,46.1,3.32,0.1791044776119403,원활,저녁(18-23),-0.7071067811865477,0.7071067811865474
2017-04-05 21:05:00,79,42.7,4.72,0.13924050632911392,보통,저녁(18-23),-0.7071067811865477,0.7071067811865474
2017-04-05 21:10:00,92,42.8,6.1,0.16304347826086957,보통,저녁(18-23),-0.7071067811865477,0.7071067811865474
2017-04-05 21:15:00,118,45.0,8.49,0.16101694915254236,혼잡,저녁(18-23),-0.7071067811865477,0.7071067811865474
2017-04-05 21:20:00,111,44.7,5.83,0.14414414414414414,보통,저녁(18-23),-0.7071067811865477,0.7071067811865474
2017-04-05 21:25:00,123,45.4,6.95,0.15447154471544716,혼잡,저녁(18-23),-0.7071067811865477,0.7071067811865474
2017-04-05 21:30:00,112,42.9,19.3,0.16964285714285715,혼잡,저녁(18-23),-0.7071067811865477,0.7071067811865474
2017-04-05 21:35:00,97,46.7,5.44,0.1134020618556701,보통,저녁(18-23),-0.7071067811865477,0.7071067811865474
2017-04-05 21:40:00,101,40.0,5.67,0.18811881188118812,보통,저녁(18-23),-0.7071067811865477,0.7071067811865474
2017-04-05 21:45:00,88,43.5,5.03,0.09090909090909091,보통,저녁(18-23),-0.7071067811865477,0.7071067811865474
2017-04-05 21:50:00,59,44.2,3.15,0.22033898305084745,원활,저녁(18-23),-0.7071067811865477,0.7071067811865474
2017-04-05 21:55:00,99,44.0,6.55,0.1919191919191919,보통,저녁(18-23),-0.7071067811865477,0.7071067811865474
2017-04-05 22:00:00,82,44.4,4.72,0.13414634146341464,보통,저녁(18-23),-0.5000000000000004,0.8660254037844384
2017-04-05 22:05:00,98,42.5,5.97,0.24489795918367346,보통,저녁(18-23),-0.5000000000000004,0.8660254037844384
2017-04-05 22:10:00,88,47.9,4.76,0.1590909090909091,보통,저녁(18-23),-0.5000000000000004,0.8660254037844384
2017-04-05 22:15:00,107,43.5,6.53,0.14953271028037382,보통,저녁(18-23),-0.5000000000000004,0.8660254037844384
2017-04-05 22:20:00,76,44.3,4.7,0.18421052631578946,보통,저녁(18-23),-0.5000000000000004,0.8660254037844384
2017-04-05 22:25:00,68,48.2,3.4,0.14705882352941177,원활,저녁(18-23),-0.5000000000000004,0.8660254037844384
2017-04-05 22:30:00,67,46.9,3.73,0.2537313432835821,보통,저녁(18-23),-0.5000000000000004,0.8660254037844384
2017-04-05 22:35:00,119,45.0,5.71,0.12605042016806722,보통,저녁(18-23),-0.5000000000000004,0.8660254037844384
2017-04-05 22:40:00,106,40.0,7.31,0.1320754716981132,혼잡,저녁(18-23),-0.5000000000000004,0.8660254037844384
2017-04-05 22:45:00,59,48.7,2.65,0.11864406779661017,원활,저녁(18-23),-0.5000000000000004,0.8660254037844384
2017-04-05 22:50:00,71,45.2,4.48,0.15492957746478872,보통,저녁(18-23),-0.5000000000000004,0.8660254037844384
2017-04-05 22:55:00,83,45.8,5.04,0.20481927710843373,보통,저녁(18-23),-0.5000000000000004,0.8660254037844384
2017-04-05 23:00:00,75,40.4,4.36,0.10666666666666667,보통,저녁(18-23),-0.2588190451025207,0.9659258262890683
2017-04-05 23:05:00,100,39.7,6.55,0.08,보통,저녁(18-23),-0.2588190451025207,0.9659258262890683
2017-04-05 23:10:00,166,39.8,9.24,0.09036144578313253,혼잡,저녁(18-23),-0.2588190451025207,0.9659258262890683
2017-04-05 23:15:00,79,41.4,6.76,0.12658227848101267,혼잡,저녁(18-23),-0.2588190451025207,0.9659258262890683
2017-04-05 23:20:00,52,44.3,3.55,0.09615384615384616,원활,저녁(18-23),-0.2588190451025207,0.9659258262890683
2017-04-05 23:25:00,71,43.1,5.99,0.19718309859154928,보통,저녁(18-23),-0.2588190451025207,0.9659258262890683
2017-04-05 23:30:00,156,35.7,8.16,0.0641025641025641,혼잡,저녁(18-23),-0.2588190451025207,0.9659258262890683
2017-04-05 23:35:00,57,53.4,3.14,0.17543859649122806,원활,저녁(18-23),-0.2588190451025207,0.9659258262890683
2017-04-05 23:40:00,52,55.5,2.76,0.11538461538461539,원활,저녁(18-23),-0.2588190451025207,0.9659258262890683
2017-04-05 23:45:00,40,50.9,4.76,0.15,보통,저녁(18-23),-0.2588190451025207,0.9659258262890683
2017-04-05 23:50:00,32,49.4,4.43,0.15625,보통,저녁(18-23),-0.2588190451025207,0.9659258262890683
2017-04-05 23:55:00,48,45.7,3.0,0.1875,원활,저녁(18-23),-0.2588190451025207,0.9659258262890683
2017-04-06 00:00:00,55,48.8,3.9,0.09090909090909091,보통,새벽(0-5),0.0,1.0
2017-04-06 00:05:00,173,46.0,10.22,0.05202312138728324,혼잡,새벽(0-5),0.0,1.0
2017-04-06 00:10:00,118,41.7,7.64,0.11016949152542373,혼잡,새벽(0-5),0.0,1.0
2017-04-06 00:15:00,94,44.5,4.63,0.09574468085106383,보통,새벽(0-5),0.0,1.0
2017-04-06 00:20:00,115,42.4,14.49,0.09565217391304348,혼잡,새벽(0-5),0.0,1.0
2017-04-06 00:25:00,52,50.4,2.93,0.17307692307692307,원활,새벽(0-5),0.0,1.0
2017-04-06 00:30:00,35,46.3,3.09,0.2,원활,새벽(0-5),0.0,1.0
2017-04-06 00:35:00,60,40.3,3.07,0.1,원활,새벽(0-5),0.0,1.0
2017-04-06 00:40:00,28,53.1,2.05,0.35714285714285715,원활,새벽(0-5),0.0,1.0
2017-04-06 00:45:00,30,52.9,1.52,0.06666666666666667,원활,새벽(0-5),0.0,1.0
2017-04-06 00:50:00,27,51.8,1.72,0.18518518518518517,원활,새벽(0-5),0.0,1.0
2017-04-06 00:55:00,19,58.6,1.02,0.10526315789473684,원활,새벽(0-5),0.0,1.0
2017-04-06 01:00:00,25,46.7,1.19,0.2,원활,새벽(0-5),0.25881904510252074,0.9659258262890683
2017-04-06 01:05:00,8,55.4,0.4,0.25,원활,새벽(0-5),0.25881904510252074,0.9659258262890683
2017-04-06 01:10:00,40,48.1,1.95,0.225,원활,새벽(0-5),0.25881904510252074,0.9659258262890683
2017-04-06 01:15:00,20,56.1,0.92,0.2,원활,새벽(0-5),0.25881904510252074,0.9659258262890683
2017-04-06 01:20:00,14,50.4,0.69,0.0,원활,새벽(0-5),0.25881904510252074,0.9659258262890683
2017-04-06 01:25:00,26,50.0,1.76,0.07692307692307693,원활,새벽(0-5),0.25881904510252074,0.9659258262890683
2017-04-06 01:30:00,17,59.4,0.9,0.29411764705882354,원활,새벽(0-5),0.25881904510252074,0.9659258262890683
2017-04-06 01:35:00,11,68.1,0.69,0.5454545454545454,원활,새벽(0-5),0.25881904510252074,0.9659258262890683
2017-04-06 01:40:00,15,50.3,0.83,0.26666666666666666,원활,새벽(0-5),0.25881904510252074,0.9659258262890683
2017-04-06 01:45:00,17,52.1,0.71,0.058823529411764705,원활,새벽(0-5),0.25881904510252074,0.9659258262890683
2017-04-06 01:50:00,58,48.0,3.26,0.08620689655172414,원활,새벽(0-5),0.25881904510252074,0.9659258262890683
2017-04-06 01:55:00,134,42.2,9.98,0.03731343283582089,혼잡,새벽(0-5),0.25881904510252074,0.9659258262890683
2017-04-06 02:00:00,179,46.9,7.86,0.03910614525139665,혼잡,새벽(0-5),0.49999999999999994,0.8660254037844387
2017-04-06 02:05:00,9,49.4,5.48,0.3333333333333333,보통,새벽(0-5),0.49999999999999994,0.8660254037844387
2017-04-06 02:10:00,17,52.9,1.19,0.29411764705882354,원활,새벽(0-5),0.49999999999999994,0.8660254037844387
2017-04-06 02:15:00,15,46.3,0.68,0.0,원활,새벽(0-5),0.49999999999999994,0.8660254037844387
2017-04-06 02:20:00,16,45.9,0.94,0.0625,원활,새벽(0-5),0.49999999999999994,0.8660254037844387
2017-04-06 02:25:00,13,49.0,2.48,0.3076923076923077,원활,새벽(0-5),0.49999999999999994,0.8660254037844387
2017-04-06 02:30:00,10,47.8,0.57,0.2,원활,새벽(0-5),0.49999999999999994,0.8660254037844387
2017-04-06 02:35:00,121,38.4,5.77,0.024793388429752067,보통,새벽(0-5),0.49999999999999994,0.8660254037844387
2017-04-06 02:40:00,186,42.9,8.54,0.026881720430107527,혼잡,새벽(0-5),0.49999999999999994,0.8660254037844387
2017-04-06 02:45:00,21,47.7,4.05,0.38095238095238093,보통,새벽(0-5),0.49999999999999994,0.8660254037844387
2017-04-06 02:50:00,14,59.6,0.62,0.42857142857142855,원활,새벽(0-5),0.49999999999999994,0.8660254037844387
2017-04-06 02:55:00,15,51.7,1.3,0.2,원활,새벽(0-5),0.49999999999999994,0.8660254037844387
2017-04-06 03:00:00,17,49.9,1.13,0.058823529411764705,원활,새벽(0-5),0.7071067811865476,0.7071067811865476
2017-04-06 03:05:00,11,61.1,0.54,0.2727272727272727,원활,새벽(0-5),0.7071067811865476,0.7071067811865476
2017-04-06 03:10:00,20,58.6,0.76,0.35,원활,새벽(0-5),0.7071067811865476,0.7071067811865476
2017-04-06 03:15:00,15,58.8,0.95,0.26666666666666666,원활,새벽(0-5),0.7071067811865476,0.7071067811865476
2017-04-06 03:20:00,14,54.9,0.87,0.42857142857142855,원활,새벽(0-5),0.7071067811865476,0.7071067811865476
2017-04-06 03:25:00,28,54.4,1.03,0.07142857142857142,원활,새벽(0-5),0.7071067811865476,0.7071067811865476
2017-04-06 03:30:00,14,48.6,0.9,0.14285714285714285,원활,새벽(0-5),0.7071067811865476,0.7071067811865476
2017-04-06 03:35:00,30,43.9,2.45,0.1,원활,새벽(0-5),0.7071067811865476,0.7071067811865476
2017-04-06 03:40:00,8,55.3,0.42,0.375,원활,새벽(0-5),0.7071067811865476,0.7071067811865476
2017-04-06 03:45:00,20,49.1,4.23,0.15,보통,새벽(0-5),0.7071067811865476,0.7071067811865476
2017-04-06 03:50:00,16,49.5,1.04,0.3125,원활,새벽(0-5),0.7071067811865476,0.7071067811865476
2017-04-06 03:55:00,10,39.6,0.76,0.3,원활,새벽(0-5),0.7071067811865476,0.7071067811865476
2017-04-06 04:00:00,99,45.4,5.43,0.06060606060606061,보통,새벽(0-5),0.8660254037844386,0.5000000000000001
2017-04-06 04:05:00,63,43.9,2.81,0.06349206349206349,원활,새벽(0-5),0.8660254037844386,0.5000000000000001
2017-04-06 04:10:00,8,47.5,0.5,0.375,원활,새벽(0-5),0.8660254037844386,0.5000000000000001
2017-04-06 04:15:00,13,53.9,0.55,0.23076923076923078,원활,새벽(0-5),0.8660254037844386,0.5000000000000001
2017-04-06 04:20:00,16,47.1,3.75,0.125,보통,새벽(0-5),0.8660254037844386,0.5000000000000001
2017-04-06 04:25:00,15,57.7,0.67,0.4666666666666667,원활,새벽(0-5),0.8660254037844386,0.5000000000000001
2017-04-06 04:30:00,11,63.2,0.51,0.2727272727272727,원활,새벽(0-5),0.8660254037844386,0.5000000000000001
2017-04-06 04:35:00,29,57.1,1.36,0.3448275862068966,원활,새벽(0-5),0.8660254037844386,0.5000000000000001
2017-04-06 04:40:00,19,53.2,1.01,0.3157894736842105,원활,새벽(0-5),0.8660254037844386,0.5000000000000001
2017-04-06 04:45:00,19,59.6,1.03,0.47368421052631576,원활,새벽(0-5),0.8660254037844386,0.5000000000000001
2017-04-06 04:50:00,74,42.9,3.23,0.013513513513513514,원활,새벽(0-5),0.8660254037844386,0.5000000000000001
2017-04-06 04:55:00,76,38.9,11.5,0.09210526315789473,혼잡,새벽(0-5),0.8660254037844386,0.5000000000000001
2017-04-06 05:00:00,56,40.1,3.25,0.10714285714285714,원활,새벽(0-5),0.9659258262890683,0.25881904510252074
2017-04-06 05:05:00,20,45.4,3.68,0.4,원활,새벽(0-5),0.9659258262890683,0.25881904510252074
2017-04-06 05:10:00,28,57.2,1.57,0.32142857142857145,원활,새벽(0-5),0.9659258262890683,0.25881904510252074
2017-04-06 05:15:00,146,46.7,9.36,0.08904109589041095,혼잡,새벽(0-5),0.9659258262890683,0.25881904510252074
2017-04-06 05:20:00,61,44.2,5.9,0.22950819672131148,보통,새벽(0-5),0.9659258262890683,0.25881904510252074
2017-04-06 05:25:00,50,47.3,10.62,0.22,혼잡,새벽(0-5),0.9659258262890683,0.25881904510252074
2017-04-06 05:30:00,75,51.8,3.9,0.17333333333333334,보통,새벽(0-5),0.9659258262890683,0.25881904510252074
2017-04-06 05:35:00,56,40.7,5.77,0.16071428571428573,보통,새벽(0-5),0.9659258262890683,0.25881904510252074
2017-04-06 05:40:00,33,45.5,4.24,0.18181818181818182,보통,새벽(0-5),0.9659258262890683,0.25881904510252074
2017-04-06 05:45:00,39,50.4,1.91,0.20512820512820512,원활,새벽(0-5),0.9659258262890683,0.25881904510252074
2017-04-06 05:50:00,49,52.4,2.41,0.1836734693877551,원활,새벽(0-5),0.9659258262890683,0.25881904510252074
2017-04-06 05:55:00,61,53.0,19.84,0.2459016393442623,혼잡,새벽(0-5),0.9659258262890683,0.25881904510252074
2017-04-06 06:00:00,71,45.8,4.58,0.352112676056338,보통,오전(6-11),1.0,6.123233995736766e-17
2017-04-06 06:05:00,54,48.2,2.76,0.2962962962962963,원활,오전(6-11),1.0,6.123233995736766e-17
2017-04-06 06:10:00,75,47.5,4.63,0.25333333333333335,보통,오전(6-11),1.0,6.123233995736766e-17
2017-04-06 06:15:00,77,47.9,3.67,0.2857142857142857,원활,오전(6-11),1.0,6.123233995736766e-17
2017-04-06 06:20:00,53,56.5,2.23,0.3018867924528302,원활,오전(6-11),1.0,6.123233995736766e-17
2017-04-06 06:25:00,105,50.9,4.32,0.2571428571428571,보통,오전(6-11),1.0,6.123233995736766e-17
2017-04-06 06:30:00,78,57.3,3.33,0.32051282051282054,원활,오전(6-11),1.0,6.123233995736766e-17
2017-04-06 06:35:00,114,51.6,4.87,0.35964912280701755,보통,오전(6-11),1.0,6.123233995736766e-17
2017-04-06 06:40:00,118,55.4,4.57,0.2542372881355932,보통,오전(6-11),1.0,6.123233995736766e-17
2017-04-06 06:45:00,107,55.0,4.45,0.3177570093457944,보통,오전(6-11),1.0,6.123233995736766e-17
2017-04-06 06:50:00,112,49.4,4.92,0.26785714285714285,보통,오전(6-11),1.0,6.123233995736766e-17
2017-04-06 06:55:00,119,45.9,5.57,0.2857142857142857,보통,오전(6-11),1.0,6.123233995736766e-17
2017-04-06 07:00:00,107,48.9,5.05,0.2523364485981308,보통,오전(6-11),0.9659258262890683,-0.25881904510252085
2017-04-06 07:05:00,154,47.6,6.72,0.23376623376623376,혼잡,오전(6-11),0.9659258262890683,-0.25881904510252085
2017-04-06 07:10:00,174,47.9,7.55,0.21839080459770116,혼잡,오전(6-11),0.9659258262890683,-0.25881904510252085
2017-04-06 07:15:00,211,48.0,9.31,0.22748815165876776,혼잡,오전(6-11),0.9659258262890683,-0.25881904510252085
2017-04-06 07:20:00,191,38.2,12.47,0.20418848167539266,혼잡,오전(6-11),0.9659258262890683,-0.25881904510252085
2017-04-06 07:25:00,194,35.8,17.12,0.20618556701030927,혼잡,오전(6-11),0.9659258262890683,-0.25881904510252085
2017-04-06 07:30:00,237,37.2,15.05,0.20675105485232068,혼잡,오전(6-11),0.9659258262890683,-0.25881904510252085
2017-04-06 07:35:00,253,35.8,19.34,0.22924901185770752,혼잡,오전(6-11),0.9659258262890683,-0.25881904510252085
2017-04-06 07:40:00,170,34.6,21.47,0.23529411764705882,혼잡,오전(6-11),0.9659258262890683,-0.25881904510252085
2017-04-06 07:45:00,216,33.2,23.34,0.21296296296296297,혼잡,오전(6-11),0.9659258262890683,-0.25881904510252085
2017-04-06 07:50:00,213,28.3,33.04,0.18779342723004694,혼잡,오전(6-11),0.9659258262890683,-0.25881904510252085
2017-04-06 07:55:00,267,35.8,18.4,0.2546816479400749,혼잡,오전(6-11),0.9659258262890683,-0.25881904510252085
2017-04-06 08:00:00,258,35.8,20.2,0.17829457364341086,혼잡,오전(6-11),0.8660254037844387,-0.4999999999999998
2017-04-06 08:05:00,236,37.1,15.51,0.1864406779661017,혼잡,오전(6-11),0.8660254037844387,-0.4999999999999998
2017-04-06 08:10:00,252,34.9,16.18,0.18253968253968253,혼잡,오전(6-11),0.8660254037844387,-0.4999999999999998
2017-04-06 08:15:00,272,36.2,15.98,0.13602941176470587,혼잡,오전(6-11),0.8660254037844387,-0.4999999999999998
2017-04-06 08:20:00,258,35.7,15.74,0.17054263565891473,혼잡,오전(6-11),0.8660254037844387,-0.4999999999999998
2017-04-06 08:25:00,242,35.3,26.08,0.1859504132231405,혼잡,오전(6-11),0.8660254037844387,-0.4999999999999998
2017-04-06 08:30:00,205,33.0,22.64,0.2,혼잡,오전(6-11),0.8660254037844387,-0.4999999999999998
2017-04-06 08:35:00,252,32.6,17.6,0.15476190476190477,혼잡,오전(6-11),0.8660254037844387,-0.4999999999999998
2017-04-06 08:40:00,256,31.4,19.41,0.1953125,혼잡,오전(6-11),0.8660254037844387,-0.4999999999999998
2017-04-06 08:45:00,166,41.0,8.37,0.1927710843373494,혼잡,오전(6-11),0.8660254037844387,-0.4999999999999998
2017-04-06 08:50:00,175,43.9,7.82,0.15428571428571428,혼잡,오전(6-11),0.8660254037844387,-0.4999999999999998
2017-04-06 08:55:00,179,49.9,8.09,0.12849162011173185,혼잡,오전(6-11),0.8660254037844387,-0.4999999999999998
2017-04-06 09:00:00,184,45.3,8.98,0.14130434782608695,혼잡,오전(6-11),0.7071067811865476,-0.7071067811865475
2017-04-06 09:05:00,156,47.9,7.64,0.26282051282051283,혼잡,오전(6-11),0.7071067811865476,-0.7071067811865475
2017-04-06 09:10:00,135,50.6,5.54,0.2222222222222222,보통,오전(6-11),0.7071067811865476,-0.7071067811865475
2017-04-06 09:15:00,183,46.7,10.94,0.20218579234972678,혼잡,오전(6-11),0.7071067811865476,-0.7071067811865475
2017-04-06 09:20:00,184,45.0,9.48,0.2391304347826087,혼잡,오전(6-11),0.7071067811865476,-0.7071067811865475
2017-04-06 09:25:00,178,49.8,7.51,0.1853932584269663,혼잡,오전(6-11),0.7071067811865476,-0.7071067811865475
2017-04-06 09:30:00,156,46.7,9.07,0.1282051282051282,혼잡,오전(6-11),0.7071067811865476,-0.7071067811865475
2017-04-06 09:35:00,167,52.7,7.0,0.20958083832335328,혼잡,오전(6-11),0.7071067811865476,-0.7071067811865475
2017-04-06 09:40:00,138,46.6,6.31,0.1956521739130435,보통,오전(6-11),0.7071067811865476,-0.7071067811865475
2017-04-06 09:45:00,193,41.5,9.69,0.19170984455958548,혼잡,오전(6-11),0.7071067811865476,-0.7071067811865475
2017-04-06 09:50:00,174,48.4,7.91,0.19540229885057472,혼잡,오전(6-11),0.7071067811865476,-0.7071067811865475
2017-04-06 09:55:00,187,48.2,8.42,0.22459893048128343,혼잡,오전(6-11),0.7071067811865476,-0.7071067811865475
2017-04-06 10:00:00,143,48.2,6.59,0.16783216783216784,보통,오전(6-11),0.49999999999999994,-0.8660254037844387
2017-04-06 10:05:00,166,47.5,8.4,0.24096385542168675,혼잡,오전(6-11),0.49999999999999994,-0.8660254037844387
2017-04-06 10:10:00,129,45.2,5.85,0.1937984496124031,보통,오전(6-11),0.49999999999999994,-0.8660254037844387
2017-04-06 10:15:00,141,48.3,6.49,0.2907801418439716,보통,오전(6-11),0.49999999999999994,-0.8660254037844387
2017-04-06 10:20:00,108,53.7,4.49,0.25,보통,오전(6-11),0.49999999999999994,-0.8660254037844387
2017-04-06 10:25:00,145,47.6,6.57,0.2206896551724138,보통,오전(6-11),0.49999999999999994,-0.8660254037844387
2017-04-06 10:30:00,131,50.6,5.5,0.20610687022900764,보통,오전(6-11),0.49999999999999994,-0.8660254037844387
2017-04-06 10:35:00,140,51.6,5.65,0.19285714285714287,보통,오전(6-11),0.49999999999999994,-0.8660254037844387
2017-04-06 10:40:00,128,51.9,5.96,0.2109375,보통,오전(6-11),0.49999999999999994,-0.8660254037844387
2017-04-06 10:45:00,143,47.3,7.59,0.2097902097902098,혼잡,오전(6-11),0.49999999999999994,-0.8660254037844387
2017-04-06 10:50:00,139,43.3,7.09,0.19424460431654678,혼잡,오전(6-11),0.49999999999999994,-0.8660254037844387
2017-04-06 10:55:00,132,52.4,5.69,0.23484848484848486,보통,오전(6-11),0.49999999999999994,-0.8660254037844387
2017-04-06 11:00:00,102,55.6,4.05,0.11764705882352941,보통,오전(6-11),0.258819045102521,-0.9659258262890682
2017-04-06 11:05:00,125,50.9,5.48,0.216,보통,오전(6-11),0.258819045102521,-0.9659258262890682
2017-04-06 11:10:00,124,53.8,5.06,0.1532258064516129,보통,오전(6-11),0.258819045102521,-0.9659258262890682
2017-04-06 11:15:00,132,52.5,5.59,0.1893939393939394,보통,오전(6-11),0.258819045102521,-0.9659258262890682
2017-04-06 11:20:00,128,54.6,5.31,0.1875,보통,오전(6-11),0.258819045102521,-0.9659258262890682
2017-04-06 11:25:00,135,51.9,5.87,0.26666666666666666,보통,오전(6-11),0.258819045102521,-0.9659258262890682
2017-04-06 11:30:00,117,47.6,5.02,0.19658119658119658,보통,오전(6-11),0.258819045102521,-0.9659258262890682
2017-04-06 11:35:00,134,51.1,6.23,0.17164179104477612,보통,오전(6-11),0.258819045102521,-0.9659258262890682
2017-04-06 11:40:00,139,49.8,5.87,0.2302158273381295,보통,오전(6-11),0.258819045102521,-0.9659258262890682
2017-04-06 11:45:00,170,43.9,8.08,0.23529411764705882,혼잡,오전(6-11),0.258819045102521,-0.9659258262890682
2017-04-06 11:50:00,165,45.2,8.69,0.24848484848484848,혼잡,오전(6-11),0.258819045102521,-0.9659258262890682
2017-04-06 11:55:00,157,46.8,8.56,0.19745222929936307,혼잡,오전(6-11),0.258819045102521,-0.9659258262890682
2017-04-06 12:00:00,182,46.0,8.15,0.21978021978021978,혼잡,오후(12-17),1.2246467991473532e-16,-1.0
2017-04-06 12:05:00,180,42.1,9.87,0.24444444444444444,혼잡,오후(12-17),1.2246467991473532e-16,-1.0
2017-04-06 12:10:00,156,44.7,7.23,0.21153846153846154,혼잡,오후(12-17),1.2246467991473532e-16,-1.0
2017-04-06 12:15:00,132,47.4,5.99,0.29545454545454547,보통,오후(12-17),1.2246467991473532e-16,-1.0
2017-04-06 12:20:00,100,45.8,4.77,0.17,보통,오후(12-17),1.2246467991473532e-16,-1.0
2017-04-06 12:25:00,116,47.7,4.89,0.27586206896551724,보통,오후(12-17),1.2246467991473532e-16,-1.0
2017-04-06 12:30:00,114,49.9,4.71,0.19298245614035087,보통,오후(12-17),1.2246467991473532e-16,-1.0
2017-04-06 12:35:00,163,48.5,7.08,0.24539877300613497,혼잡,오후(12-17),1.2246467991473532e-16,-1.0
2017-04-06 12:40:00,152,49.7,6.65,0.16447368421052633,보통,오후(12-17),1.2246467991473532e-16,-1.0
2017-04-06 12:45:00,156,49.1,6.79,0.28846153846153844,혼잡,오후(12-17),1.2246467991473532e-16,-1.0
2017-04-06 12:50:00,133,43.6,6.09,0.22556390977443608,보통,오후(12-17),1.2246467991473532e-16,-1.0
2017-04-06 12:55:00,145,47.5,6.09,0.2413793103448276,보통,오후(12-17),1.2246467991473532e-16,-1.0
2017-04-06 13:00:00,137,46.4,6.46,0.23357664233576642,보통,오후(12-17),-0.25881904510252035,-0.9659258262890684
2017-04-06 13:05:00,140,50.2,5.88,0.25,보통,오후(12-17),-0.25881904510252035,-0.9659258262890684
2017-04-06 13:10:00,140,49.3,6.09,0.24285714285714285,보통,오후(12-17),-0.25881904510252035,-0.9659258262890684
2017-04-06 13:15:00,168,47.3,7.54,0.23809523809523808,혼잡,오후(12-17),-0.25881904510252035,-0.9659258262890684
2017-04-06 13:20:00,165,52.1,6.46,0.23636363636363636,보통,오후(12-17),-0.25881904510252035,-0.9659258262890684
2017-04-06 13:25:00,159,49.3,6.31,0.24528301886792453,보통,오후(12-17),-0.25881904510252035,-0.9659258262890684
2017-04-06 13:30:00,127,47.4,5.08,0.28346456692913385,보통,오후(12-17),-0.25881904510252035,-0.9659258262890684
2017-04-06 13:35:00,146,48.3,6.09,0.1506849315068493,보통,오후(12-17),-0.25881904510252035,-0.9659258262890684
2017-04-06 13:40:00,125,50.2,5.43,0.232,보통,오후(12-17),-0.25881904510252035,-0.9659258262890684
2017-04-06 13:45:00,125,49.7,4.86,0.256,보통,오후(12-17),-0.25881904510252035,-0.9659258262890684
2017-04-06 13:50:00,156,51.0,6.44,0.22435897435897437,보통,오후(12-17),-0.25881904510252035,-0.9659258262890684
2017-04-06 13:55:00,158,47.7,6.9,0.24050632911392406,혼잡,오후(12-17),-0.25881904510252035,-0.9659258262890684
2017-04-06 14:00:00,158,48.2,6.89,0.2721518987341772,혼잡,오후(12-17),-0.5000000000000001,-0.8660254037844386
2017-04-06 14:05:00,155,49.8,6.18,0.27741935483870966,보통,오후(12-17),-0.5000000000000001,-0.8660254037844386
2017-04-06 14:10:00,157,45.6,7.37,0.29936305732484075,혼잡,오후(12-17),-0.5000000000000001,-0.8660254037844386
2017-04-06 14:15:00,159,44.5,7.76,0.33962264150943394,혼잡,오후(12-17),-0.5000000000000001,-0.8660254037844386
2017-04-06 14:20:00,131,50.8,5.49,0.2595419847328244,보통,오후(12-17),-0.5000000000000001,-0.8660254037844386
2017-04-06 14:25:00,141,46.3,6.75,0.2907801418439716,혼잡,오후(12-17),-0.5000000000000001,-0.8660254037844386
2017-04-06 14:30:00,159,45.8,7.33,0.3584905660377358,혼잡,오후(12-17),-0.5000000000000001,-0.8660254037844386
2017-04-06 14:35:00,195,43.3,9.86,0.26153846153846155,혼잡,오후(12-17),-0.5000000000000001,-0.8660254037844386
2017-04-06 14:40:00,154,41.9,9.21,0.2662337662337662,혼잡,오후(12-17),-0.5000000000000001,-0.8660254037844386
2017-04-06 14:45:00,170,45.2,7.79,0.3,혼잡,오후(12-17),-0.5000000000000001,-0.8660254037844386
2017-04-06 14:50:00,135,47.0,5.83,0.2814814814814815,보통,오후(12-17),-0.5000000000000001,-0.8660254037844386
2017-04-06 14:55:00,146,47.2,6.48,0.3082191780821918,보통,오후(12-17),-0.5000000000000001,-0.8660254037844386
2017-04-06 15:00:00,135,49.2,5.67,0.32592592592592595,보통,오후(12-17),-0.7071067811865475,-0.7071067811865477
2017-04-06 15:05:00,134,46.1,5.84,0.291044776119403,보통,오후(12-17),-0.7071067811865475,-0.7071067811865477
2017-04-06 15:10:00,138,51.2,5.67,0.2463768115942029,보통,오후(12-17),-0.7071067811865475,-0.7071067811865477
2017-04-06 15:15:00,151,47.7,6.46,0.25165562913907286,보통,오후(12-17),-0.7071067811865475,-0.7071067811865477
2017-04-06 15:20:00,137,44.7,5.83,0.31386861313868614,보통,오후(12-17),-0.7071067811865475,-0.7071067811865477
2017-04-06 15:25:00,148,48.6,5.76,0.23648648648648649,보통,오후(12-17),-0.7071067811865475,-0.7071067811865477
2017-04-06 15:30:00,153,45.4,6.84,0.30718954248366015,혼잡,오후(12-17),-0.7071067811865475,-0.7071067811865477
2017-04-06 15:35:00,166,46.8,6.96,0.23493975903614459,혼잡,오후(12-17),-0.7071067811865475,-0.7071067811865477
2017-04-06 15:40:00,129,50.1,5.26,0.27906976744186046,보통,오후(12-17),-0.7071067811865475,-0.7071067811865477
2017-04-06 15:45:00,141,48.8,6.0,0.2695035460992908,보통,오후(12-17),-0.7071067811865475,-0.7071067811865477
2017-04-06 15:50:00,159,48.8,6.58,0.3270440251572327,보통,오후(12-17),-0.7071067811865475,-0.7071067811865477
2017-04-06 15:55:00,152,47.0,6.71,0.2565789473684211,혼잡,오후(12-17),-0.7071067811865475,-0.7071067811865477
2017-04-06 16:00:00,157,52.2,6.16,0.22929936305732485,보통,오후(12-17),-0.8660254037844385,-0.5000000000000004
2017-04-06 16:05:00,175,47.6,7.37,0.2342857142857143,혼잡,오후(12-17),-0.8660254037844385,-0.5000000000000004
2017-04-06 16:10:00,157,44.7,7.11,0.21656050955414013,혼잡,오후(12-17),-0.8660254037844385,-0.5000000000000004
2017-04-06 16:15:00,172,45.8,8.0,0.313953488372093,혼잡,오후(12-17),-0.8660254037844385,-0.5000000000000004
2017-04-06 16:20:00,50,54.3,4.23,0.26,보통,오후(12-17),-0.8660254037844385,-0.5000000000000004
2017-04-06 16:25:00,128,47.5,5.46,0.1796875,보통,오후(12-17),-0.8660254037844385,-0.5000000000000004
2017-04-06 16:30:00,151,50.0,6.07,0.2185430463576159,보통,오후(12-17),-0.8660254037844385,-0.5000000000000004
2017-04-06 16:35:00,166,47.8,7.2,0.25903614457831325,혼잡,오후(12-17),-0.8660254037844385,-0.5000000000000004
2017-04-06 16:40:00,157,47.7,7.04,0.22929936305732485,혼잡,오후(12-17),-0.8660254037844385,-0.5000000000000004
2017-04-06 16:45:00,182,45.9,8.07,0.24175824175824176,혼잡,오후(12-17),-0.8660254037844385,-0.5000000000000004
2017-04-06 16:50:00,150,45.8,6.6,0.23333333333333334,보통,오후(12-17),-0.8660254037844385,-0.5000000000000004
2017-04-06 16:55:00,144,45.5,6.7,0.2222222222222222,혼잡,오후(12-17),-0.8660254037844385,-0.5000000000000004
2017-04-06 17:00:00,115,48.9,4.72,0.20869565217391303,보통,오후(12-17),-0.9659258262890683,-0.25881904510252063
2017-04-06 17:05:00,182,48.6,7.78,0.27472527472527475,혼잡,오후(12-17),-0.9659258262890683,-0.25881904510252063
2017-04-06 17:10:00,139,45.9,5.71,0.2014388489208633,보통,오후(12-17),-0.9659258262890683,-0.25881904510252063
2017-04-06 17:15:00,126,49.8,5.33,0.20634920634920634,보통,오후(12-17),-0.9659258262890683,-0.25881904510252063
2017-04-06 17:20:00,177,46.9,7.26,0.2711864406779661,혼잡,오후(12-17),-0.9659258262890683,-0.25881904510252063
2017-04-06 17:25:00,159,48.6,6.96,0.1761006289308176,혼잡,오후(12-17),-0.9659258262890683,-0.25881904510252063
2017-04-06 17:30:00,146,48.8,5.8,0.1506849315068493,보통,오후(12-17),-0.9659258262890683,-0.25881904510252063
2017-04-06 17:35:00,144,45.7,6.88,0.2986111111111111,혼잡,오후(12-17),-0.9659258262890683,-0.25881904510252063
2017-04-06 17:40:00,175,46.8,7.44,0.21714285714285714,혼잡,오후(12-17),-0.9659258262890683,-0.25881904510252063
2017-04-06 17:45:00,163,48.4,6.97,0.25153374233128833,혼잡,오후(12-17),-0.9659258262890683,-0.25881904510252063
2017-04-06 17:50:00,181,42.7,8.2,0.27624309392265195,혼잡,오후(12-17),-0.9659258262890683,-0.25881904510252063
2017-04-06 17:55:00,141,46.6,5.64,0.24113475177304963,보통,오후(12-17),-0.9659258262890683,-0.25881904510252063
2017-04-06 18:00:00,157,48.1,6.48,0.2356687898089172,보통,저녁(18-23),-1.0,-1.8369701987210297e-16
2017-04-06 18:05:00,223,43.4,9.86,0.2600896860986547,혼잡,저녁(18-23),-1.0,-1.8369701987210297e-16
2017-04-06 18:10:00,217,34.5,12.21,0.22580645161290322,혼잡,저녁(18-23),-1.0,-1.8369701987210297e-16
2017-04-06 18:15:00,196,32.6,18.49,0.2602040816326531,혼잡,저녁(18-23),-1.0,-1.8369701987210297e-16
2017-04-06 18:20:00,189,37.2,9.43,0.2222222222222222,혼잡,저녁(18-23),-1.0,-1.8369701987210297e-16
2017-04-06 18:25:00,223,43.0,11.06,0.2556053811659193,혼잡,저녁(18-23),-1.0,-1.8369701987210297e-16
2017-04-06 18:30:00,205,44.2,8.94,0.23902439024390243,혼잡,저녁(18-23),-1.0,-1.8369701987210297e-16
2017-04-06 18:35:00,150,40.3,6.97,0.21333333333333335,혼잡,저녁(18-23),-1.0,-1.8369701987210297e-16
2017-04-06 18:40:00,145,44.2,6.65,0.2206896551724138,보통,저녁(18-23),-1.0,-1.8369701987210297e-16
2017-04-06 18:45:00,196,41.4,9.67,0.24489795918367346,혼잡,저녁(18-23),-1.0,-1.8369701987210297e-16
2017-04-06 18:50:00,167,42.9,7.19,0.2754491017964072,혼잡,저녁(18-23),-1.0,-1.8369701987210297e-16
2017-04-06 18:55:00,160,40.6,7.79,0.2375,혼잡,저녁(18-23),-1.0,-1.8369701987210297e-16
2017-04-06 19:00:00,116,42.5,13.14,0.25,혼잡,저녁(18-23),-0.9659258262890684,0.2588190451025203
2017-04-06 19:05:00,128,44.6,15.08,0.1796875,혼잡,저녁(18-23),-0.9659258262890684,0.2588190451025203
2017-04-06 19:10:00,191,41.6,9.22,0.16230366492146597,혼잡,저녁(18-23),-0.9659258262890684,0.2588190451025203
2017-04-06 19:15:00,157,43.3,7.33,0.15286624203821655,혼잡,저녁(18-23),-0.9659258262890684,0.2588190451025203
2017-04-06 19:20:00,136,42.9,7.28,0.19852941176470587,혼잡,저녁(18-23),-0.9659258262890684,0.2588190451025203
2017-04-06 19:25:00,114,45.7,5.23,0.13157894736842105,보통,저녁(18-23),-0.9659258262890684,0.2588190451025203
2017-04-06 19:30:00,160,44.7,8.62,0.2,혼잡,저녁(18-23),-0.9659258262890684,0.2588190451025203
2017-04-06 19:35:00,124,45.4,6.31,0.1774193548387097,보통,저녁(18-23),-0.9659258262890684,0.2588190451025203
2017-04-06 19:40:00,122,44.3,6.38,0.19672131147540983,보통,저녁(18-23),-0.9659258262890684,0.2588190451025203
2017-04-06 19:45:00,130,41.7,8.73,0.13076923076923078,혼잡,저녁(18-23),-0.9659258262890684,0.2588190451025203
2017-04-06 19:50:00,111,45.0,5.5,0.17117117117117117,보통,저녁(18-23),-0.9659258262890684,0.2588190451025203
2017-04-06 19:55:00,112,47.8,4.96,0.17857142857142858,보통,저녁(18-23),-0.9659258262890684,0.2588190451025203
2017-04-06 20:00:00,116,44.8,5.61,0.1810344827586207,보통,저녁(18-23),-0.8660254037844386,0.5000000000000001
2017-04-06 20:05:00,100,47.5,4.83,0.19,보통,저녁(18-23),-0.8660254037844386,0.5000000000000001
2017-04-06 20:10:00,133,44.9,6.54,0.15789473684210525,보통,저녁(18-23),-0.8660254037844386,0.5000000000000001
2017-04-06 20:15:00,134,41.3,6.99,0.1865671641791045,혼잡,저녁(18-23),-0.8660254037844386,0.5000000000000001
2017-04-06 20:20:00,120,42.1,5.76,0.13333333333333333,보통,저녁(18-23),-0.8660254037844386,0.5000000000000001
2017-04-06 20:25:00,107,44.3,5.12,0.22429906542056074,보통,저녁(18-23),-0.8660254037844386,0.5000000000000001
2017-04-06 20:30:00,132,48.2,5.94,0.14393939393939395,보통,저녁(18-23),-0.8660254037844386,0.5000000000000001
2017-04-06 20:35:00,150,47.6,6.96,0.14,혼잡,저녁(18-23),-0.8660254037844386,0.5000000000000001
2017-04-06 20:40:00,100,47.0,5.02,0.12,보통,저녁(18-23),-0.8660254037844386,0.5000000000000001
2017-04-06 20:45:00,103,47.9,7.08,0.1650485436893204,혼잡,저녁(18-23),-0.8660254037844386,0.5000000000000001
2017-04-06 20:50:00,115,46.7,5.76,0.2,보통,저녁(18-23),-0.8660254037844386,0.5000000000000001
2017-04-06 20:55:00,113,46.3,5.12,0.1504424778761062,보통,저녁(18-23),-0.8660254037844386,0.5000000000000001
2017-04-06 21:00:00,111,46.9,5.49,0.15315315315315314,보통,저녁(18-23),-0.7071067811865477,0.7071067811865474
2017-04-06 21:05:00,105,45.6,4.84,0.1523809523809524,보통,저녁(18-23),-0.7071067811865477,0.7071067811865474
2017-04-06 21:10:00,133,41.2,6.12,0.15789473684210525,보통,저녁(18-23),-0.7071067811865477,0.7071067811865474
2017-04-06 21:15:00,95,45.2,4.83,0.17894736842105263,보통,저녁(18-23),-0.7071067811865477,0.7071067811865474
2017-04-06 21:20:00,112,44.8,5.28,0.20535714285714285,보통,저녁(18-23),-0.7071067811865477,0.7071067811865474
2017-04-06 21:25:00,107,46.9,4.98,0.2336448598130841,보통,저녁(18-23),-0.7071067811865477,0.7071067811865474
2017-04-06 21:30:00,114,46.4,5.51,0.11403508771929824,보통,저녁(18-23),-0.7071067811865477,0.7071067811865474
2017-04-06 21:35:00,94,48.5,4.07,0.14893617021276595,보통,저녁(18-23),-0.7071067811865477,0.7071067811865474
2017-04-06 21:40:00,120,44.7,5.79,0.125,보통,저녁(18-23),-0.7071067811865477,0.7071067811865474
2017-04-06 21:45:00,113,46.3,5.18,0.1415929203539823,보통,저녁(18-23),-0.7071067811865477,0.7071067811865474
2017-04-06 21:50:00,101,44.6,4.43,0.10891089108910891,보통,저녁(18-23),-0.7071067811865477,0.7071067811865474
2017-04-06 21:55:00,121,45.5,5.6,0.12396694214876033,보통,저녁(18-23),-0.7071067811865477,0.7071067811865474
2017-04-06 22:00:00,109,44.7,5.49,0.14678899082568808,보통,저녁(18-23),-0.5000000000000004,0.8660254037844384
2017-04-06 22:05:00,96,55.3,3.9,0.1875,보통,저녁(18-23),-0.5000000000000004,0.8660254037844384
2017-04-06 22:10:00,127,44.4,6.84,0.12598425196850394,혼잡,저녁(18-23),-0.5000000000000004,0.8660254037844384
2017-04-06 22:15:00,118,50.4,5.23,0.1694915254237288,보통,저녁(18-23),-0.5000000000000004,0.8660254037844384
2017-04-06 22:20:00,81,51.0,3.67,0.19753086419753085,원활,저녁(18-23),-0.5000000000000004,0.8660254037844384
2017-04-06 22:25:00,81,46.2,4.97,0.1728395061728395,보통,저녁(18-23),-0.5000000000000004,0.8660254037844384
2017-04-06 22:30:00,88,47.9,4.05,0.2159090909090909,보통,저녁(18-23),-0.5000000000000004,0.8660254037844384
2017-04-06 22:35:00,101,47.4,7.75,0.13861386138613863,혼잡,저녁(18-23),-0.5000000000000004,0.8660254037844384
2017-04-06 22:40:00,74,48.8,4.37,0.16216216216216217,보통,저녁(18-23),-0.5000000000000004,0.8660254037844384
2017-04-06 22:45:00,72,49.2,3.14,0.125,원활,저녁(18-23),-0.5000000000000004,0.8660254037844384
2017-04-06 22:50:00,88,51.0,3.91,0.14772727272727273,보통,저녁(18-23),-0.5000000000000004,0.8660254037844384
2017-04-06 22:55:00,70,48.7,3.88,0.22857142857142856,보통,저녁(18-23),-0.5000000000000004,0.8660254037844384
2017-04-06 23:00:00,55,54.3,2.36,0.10909090909090909,원활,저녁(18-23),-0.2588190451025207,0.9659258262890683
2017-04-06 23:05:00,61,54.0,2.77,0.18032786885245902,원활,저녁(18-23),-0.2588190451025207,0.9659258262890683
2017-04-06 23:10:00,68,50.1,3.0,0.22058823529411764,원활,저녁(18-23),-0.2588190451025207,0.9659258262890683
2017-04-06 23:15:00,55,53.5,2.41,0.2909090909090909,원활,저녁(18-23),-0.2588190451025207,0.9659258262890683
2017-04-06 23:20:00,73,52.6,3.01,0.1643835616438356,원활,저녁(18-23),-0.2588190451025207,0.9659258262890683
2017-04-06 23:25:00,51,54.6,2.21,0.17647058823529413,원활,저녁(18-23),-0.2588190451025207,0.9659258262890683
2017-04-06 23:30:00,42,56.7,2.23,0.14285714285714285,원활,저녁(18-23),-0.2588190451025207,0.9659258262890683
2017-04-06 23:35:00,54,59.5,2.22,0.2222222222222222,원활,저녁(18-23),-0.2588190451025207,0.9659258262890683
2017-04-06 23:40:00,43,54.2,1.8,0.37209302325581395,원활,저녁(18-23),-0.2588190451025207,0.9659258262890683
2017-04-06 23:45:00,48,52.5,1.97,0.22916666666666666,원활,저녁(18-23),-0.2588190451025207,0.9659258262890683
2017-04-06 23:50:00,41,62.8,1.62,0.1951219512195122,원활,저녁(18-23),-0.2588190451025207,0.9659258262890683
2017-04-06 23:55:00,40,59.6,1.6,0.325,원활,저녁(18-23),-0.2588190451025207,0.9659258262890683
2017-04-07 00:00:00,38,60.5,1.5,0.15789473684210525,원활,새벽(0-5),0.0,1.0
2017-04-07 00:05:00,39,60.0,1.5,0.3076923076923077,원활,새벽(0-5),0.0,1.0
2017-04-07 00:10:00,38,55.4,1.58,0.2631578947368421,원활,새벽(0-5),0.0,1.0
2017-04-07 00:15:00,52,56.2,2.19,0.25,원활,새벽(0-5),0.0,1.0
2017-04-07 00:20:00,34,57.0,1.35,0.29411764705882354,원활,새벽(0-5),0.0,1.0
2017-04-07 00:25:00,28,64.6,1.04,0.21428571428571427,원활,새벽(0-5),0.0,1.0
2017-04-07 00:30:00,45,58.9,1.72,0.15555555555555556,원활,새벽(0-5),0.0,1.0
2017-04-07 00:35:00,36,59.0,1.46,0.3055555555555556,원활,새벽(0-5),0.0,1.0
2017-04-07 00:40:00,26,56.2,0.95,0.19230769230769232,원활,새벽(0-5),0.0,1.0
2017-04-07 00:45:00,26,57.5,1.09,0.15384615384615385,원활,새벽(0-5),0.0,1.0
2017-04-07 00:50:00,24,58.3,0.99,0.2916666666666667,원활,새벽(0-5),0.0,1.0
2017-04-07 00:55:00,25,64.7,0.88,0.24,원활,새벽(0-5),0.0,1.0
2017-04-07 01:00:00,29,57.9,1.37,0.20689655172413793,원활,새벽(0-5),0.25881904510252074,0.9659258262890683
2017-04-07 01:05:00,17,60.6,0.68,0.17647058823529413,원활,새벽(0-5),0.25881904510252074,0.9659258262890683
2017-04-07 01:10:00,17,72.1,0.75,0.23529411764705882,원활,새벽(0-5),0.25881904510252074,0.9659258262890683
2017-04-07 01:15:00,29,55.2,1.21,0.3793103448275862,원활,새벽(0-5),0.25881904510252074,0.9659258262890683
2017-04-07 01:20:00,21,56.7,0.87,0.38095238095238093,원활,새벽(0-5),0.25881904510252074,0.9659258262890683
2017-04-07 01:25:00,14,61.6,0.61,0.14285714285714285,원활,새벽(0-5),0.25881904510252074,0.9659258262890683
2017-04-07 01:30:00,17,56.0,0.73,0.29411764705882354,원활,새벽(0-5),0.25881904510252074,0.9659258262890683
2017-04-07 01:35:00,19,59.0,0.76,0.3684210526315789,원활,새벽(0-5),0.25881904510252074,0.9659258262890683
2017-04-07 01:40:00,26,57.2,1.1,0.38461538461538464,원활,새벽(0-5),0.25881904510252074,0.9659258262890683
2017-04-07 01:45:00,16,60.5,0.62,0.0625,원활,새벽(0-5),0.25881904510252074,0.9659258262890683
2017-04-07 01:50:00,17,56.6,0.67,0.23529411764705882,원활,새벽(0-5),0.25881904510252074,0.9659258262890683
2017-04-07 01:55:00,10,56.0,0.42,0.2,원활,새벽(0-5),0.25881904510252074,0.9659258262890683
2017-04-07 02:00:00,17,59.8,0.66,0.17647058823529413,원활,새벽(0-5),0.49999999999999994,0.8660254037844387
2017-04-07 02:05:00,15,71.8,1.19,0.2,원활,새벽(0-5),0.49999999999999994,0.8660254037844387
2017-04-07 02:10:00,18,68.7,9.04,0.5,혼잡,새벽(0-5),0.49999999999999994,0.8660254037844387
2017-04-07 02:15:00,15,53.5,0.58,0.4,원활,새벽(0-5),0.49999999999999994,0.8660254037844387
2017-04-07 02:20:00,14,53.1,0.51,0.21428571428571427,원활,새벽(0-5),0.49999999999999994,0.8660254037844387
2017-04-07 02:25:00,17,53.0,0.74,0.11764705882352941,원활,새벽(0-5),0.49999999999999994,0.8660254037844387
2017-04-07 02:30:00,11,65.0,0.41,0.2727272727272727,원활,새벽(0-5),0.49999999999999994,0.8660254037844387
2017-04-07 02:35:00,14,65.5,0.6,0.21428571428571427,원활,새벽(0-5),0.49999999999999994,0.8660254037844387
2017-04-07 02:40:00,22,64.2,0.82,0.45454545454545453,원활,새벽(0-5),0.49999999999999994,0.8660254037844387
2017-04-07 02:45:00,13,56.5,0.57,0.5384615384615384,원활,새벽(0-5),0.49999999999999994,0.8660254037844387
2017-04-07 02:50:00,15,53.7,0.6,0.06666666666666667,원활,새벽(0-5),0.49999999999999994,0.8660254037844387
2017-04-07 02:55:00,19,62.5,1.05,0.2631578947368421,원활,새벽(0-5),0.49999999999999994,0.8660254037844387
2017-04-07 03:00:00,19,58.4,0.79,0.15789473684210525,원활,새벽(0-5),0.7071067811865476,0.7071067811865476
2017-04-07 03:05:00,9,55.5,0.37,0.2222222222222222,원활,새벽(0-5),0.7071067811865476,0.7071067811865476
2017-04-07 03:10:00,13,60.5,0.51,0.23076923076923078,원활,새벽(0-5),0.7071067811865476,0.7071067811865476
2017-04-07 03:15:00,17,58.2,0.63,0.23529411764705882,원활,새벽(0-5),0.7071067811865476,0.7071067811865476
2017-04-07 03:20:00,14,51.9,0.68,0.35714285714285715,원활,새벽(0-5),0.7071067811865476,0.7071067811865476
2017-04-07 03:25:00,8,57.9,0.36,0.125,원활,새벽(0-5),0.7071067811865476,0.7071067811865476
2017-04-07 03:30:00,18,62.8,1.23,0.4444444444444444,원활,새벽(0-5),0.7071067811865476,0.7071067811865476
2017-04-07 03:35:00,15,57.1,0.73,0.4,원활,새벽(0-5),0.7071067811865476,0.7071067811865476
2017-04-07 03:40:00,13,52.3,0.98,0.6923076923076923,원활,새벽(0-5),0.7071067811865476,0.7071067811865476
2017-04-07 03:45:00,19,63.5,0.78,0.3684210526315789,원활,새벽(0-5),0.7071067811865476,0.7071067811865476
2017-04-07 03:50:00,16,75.2,0.78,0.25,원활,새벽(0-5),0.7071067811865476,0.7071067811865476
2017-04-07 03:55:00,14,64.2,0.67,0.21428571428571427,원활,새벽(0-5),0.7071067811865476,0.7071067811865476
2017-04-07 04:00:00,18,52.0,0.83,0.3888888888888889,원활,새벽(0-5),0.8660254037844386,0.5000000000000001
2017-04-07 04:05:00,13,60.5,0.59,0.07692307692307693,원활,새벽(0-5),0.8660254037844386,0.5000000000000001
2017-04-07 04:10:00,16,66.1,0.57,0.1875,원활,새벽(0-5),0.8660254037844386,0.5000000000000001
2017-04-07 04:15:00,13,51.8,0.53,0.15384615384615385,원활,새벽(0-5),0.8660254037844386,0.5000000000000001
2017-04-07 04:20:00,15,57.8,0.63,0.2,원활,새벽(0-5),0.8660254037844386,0.5000000000000001
2017-04-07 04:25:00,12,61.6,0.54,0.5,원활,새벽(0-5),0.8660254037844386,0.5000000000000001
2017-04-07 04:30:00,11,49.4,0.54,0.45454545454545453,원활,새벽(0-5),0.8660254037844386,0.5000000000000001
2017-04-07 04:35:00,34,58.7,1.84,0.23529411764705882,원활,새벽(0-5),0.8660254037844386,0.5000000000000001
2017-04-07 04:40:00,20,62.2,0.75,0.2,원활,새벽(0-5),0.8660254037844386,0.5000000000000001
2017-04-07 04:45:00,25,67.9,1.06,0.4,원활,새벽(0-5),0.8660254037844386,0.5000000000000001
2017-04-07 04:50:00,20,59.6,0.82,0.4,원활,새벽(0-5),0.8660254037844386,0.5000000000000001
2017-04-07 04:55:00,28,53.7,1.21,0.39285714285714285,원활,새벽(0-5),0.8660254037844386,0.5000000000000001
2017-04-07 05:00:00,27,58.4,1.24,0.2962962962962963,원활,새벽(0-5),0.9659258262890683,0.25881904510252074
2017-04-07 05:05:00,18,49.9,0.78,0.4444444444444444,원활,새벽(0-5),0.9659258262890683,0.25881904510252074
2017-04-07 05:10:00,30,65.1,1.26,0.3333333333333333,원활,새벽(0-5),0.9659258262890683,0.25881904510252074
2017-04-07 05:15:00,58,61.5,2.96,0.3793103448275862,원활,새벽(0-5),0.9659258262890683,0.25881904510252074
2017-04-07 05:20:00,59,53.0,2.65,0.2711864406779661,원활,새벽(0-5),0.9659258262890683,0.25881904510252074
2017-04-07 05:25:00,61,59.1,2.63,0.32786885245901637,원활,새벽(0-5),0.9659258262890683,0.25881904510252074
2017-04-07 05:30:00,40,52.6,1.51,0.2,원활,새벽(0-5),0.9659258262890683,0.25881904510252074
2017-04-07 05:35:00,50,57.2,2.28,0.36,원활,새벽(0-5),0.9659258262890683,0.25881904510252074
2017-04-07 05:40:00,41,57.3,1.74,0.3902439024390244,원활,새벽(0-5),0.9659258262890683,0.25881904510252074
2017-04-07 05:45:00,51,60.3,1.93,0.4117647058823529,원활,새벽(0-5),0.9659258262890683,0.25881904510252074
2017-04-07 05:50:00,56,60.1,2.5,0.4107142857142857,원활,새벽(0-5),0.9659258262890683,0.25881904510252074
2017-04-07 05:55:00,91,47.9,4.42,0.3956043956043956,보통,새벽(0-5),0.9659258262890683,0.25881904510252074
2017-04-07 06:00:00,80,53.4,3.44,0.35,원활,오전(6-11),1.0,6.123233995736766e-17
2017-04-07 06:05:00,75,55.9,3.12,0.3466666666666667,원활,오전(6-11),1.0,6.123233995736766e-17
2017-04-07 06:10:00,69,54.1,2.58,0.2318840579710145,원활,오전(6-11),1.0,6.123233995736766e-17
2017-04-07 06:15:00,90,51.7,3.68,0.3,원활,오전(6-11),1.0,6.123233995736766e-17
2017-04-07 06:20:00,74,62.8,2.51,0.32432432432432434,원활,오전(6-11),1.0,6.123233995736766e-17
2017-04-07 06:25:00,119,57.2,4.42,0.3445378151260504,보통,오전(6-11),1.0,6.123233995736766e-17
2017-04-07 06:30:00,87,63.8,3.05,0.28735632183908044,원활,오전(6-11),1.0,6.123233995736766e-17
2017-04-07 06:35:00,113,55.5,6.67,0.34513274336283184,혼잡,오전(6-11),1.0,6.123233995736766e-17
2017-04-07 06:40:00,123,52.7,4.74,0.3252032520325203,보통,오전(6-11),1.0,6.123233995736766e-17
2017-04-07 06:45:00,108,55.5,3.87,0.3055555555555556,보통,오전(6-11),1.0,6.123233995736766e-17
2017-04-07 06:50:00,118,50.2,4.8,0.4067796610169492,보통,오전(6-11),1.0,6.123233995736766e-17
2017-04-07 06:55:00,124,51.4,5.0,0.3225806451612903,보통,오전(6-11),1.0,6.123233995736766e-17
2017-04-07 07:00:00,148,53.2,5.41,0.2635135135135135,보통,오전(6-11),0.9659258262890683,-0.25881904510252085
2017-04-07 07:05:00,145,53.8,5.91,0.30344827586206896,보통,오전(6-11),0.9659258262890683,-0.25881904510252085
2017-04-07 07:10:00,191,51.8,7.39,0.35602094240837695,혼잡,오전(6-11),0.9659258262890683,-0.25881904510252085
2017-04-07 07:15:00,225,47.5,10.32,0.24888888888888888,혼잡,오전(6-11),0.9659258262890683,-0.25881904510252085
2017-04-07 07:20:00,193,42.4,12.16,0.30569948186528495,혼잡,오전(6-11),0.9659258262890683,-0.25881904510252085
2017-04-07 07:25:00,189,45.4,8.99,0.2962962962962963,혼잡,오전(6-11),0.9659258262890683,-0.25881904510252085
2017-04-07 07:30:00,235,48.6,9.53,0.24680851063829787,혼잡,오전(6-11),0.9659258262890683,-0.25881904510252085
2017-04-07 07:35:00,299,41.0,14.79,0.2842809364548495,혼잡,오전(6-11),0.9659258262890683,-0.25881904510252085
2017-04-07 07:40:00,248,37.6,24.0,0.2217741935483871,혼잡,오전(6-11),0.9659258262890683,-0.25881904510252085
2017-04-07 07:45:00,238,37.6,21.79,0.3025210084033613,혼잡,오전(6-11),0.9659258262890683,-0.25881904510252085
2017-04-07 07:50:00,262,40.5,12.37,0.24427480916030533,혼잡,오전(6-11),0.9659258262890683,-0.25881904510252085
2017-04-07 07:55:00,293,40.7,17.08,0.2593856655290102,혼잡,오전(6-11),0.9659258262890683,-0.25881904510252085
2017-04-07 08:00:00,269,40.2,19.5,0.23048327137546468,혼잡,오전(6-11),0.8660254037844387,-0.4999999999999998
2017-04-07 08:05:00,192,42.2,9.62,0.2552083333333333,혼잡,오전(6-11),0.8660254037844387,-0.4999999999999998
2017-04-07 08:10:00,249,39.5,12.52,0.3333333333333333,혼잡,오전(6-11),0.8660254037844387,-0.4999999999999998
2017-04-07 08:15:00,272,37.8,24.36,0.19852941176470587,혼잡,오전(6-11),0.8660254037844387,-0.4999999999999998
2017-04-07 08:20:00,202,37.8,27.17,0.18811881188118812,혼잡,오전(6-11),0.8660254037844387,-0.4999999999999998
2017-04-07 08:25:00,185,35.2,31.33,0.22702702702702704,혼잡,오전(6-11),0.8660254037844387,-0.4999999999999998
2017-04-07 08:30:00,207,43.1,9.51,0.26570048309178745,혼잡,오전(6-11),0.8660254037844387,-0.4999999999999998
2017-04-07 08:35:00,255,39.3,13.4,0.2196078431372549,혼잡,오전(6-11),0.8660254037844387,-0.4999999999999998
2017-04-07 08:40:00,245,46.2,11.08,0.1836734693877551,혼잡,오전(6-11),0.8660254037844387,-0.4999999999999998
2017-04-07 08:45:00,174,48.4,7.33,0.20689655172413793,혼잡,오전(6-11),0.8660254037844387,-0.4999999999999998
2017-04-07 08:50:00,170,48.4,7.59,0.22941176470588234,혼잡,오전(6-11),0.8660254037844387,-0.4999999999999998
2017-04-07 08:55:00,224,44.7,10.77,0.23660714285714285,혼잡,오전(6-11),0.8660254037844387,-0.4999999999999998
2017-04-07 09:00:00,193,50.5,8.28,0.23834196891191708,혼잡,오전(6-11),0.7071067811865476,-0.7071067811865475
2017-04-07 09:05:00,199,45.6,9.29,0.24120603015075376,혼잡,오전(6-11),0.7071067811865476,-0.7071067811865475
2017-04-07 09:10:00,118,54.6,4.35,0.2711864406779661,보통,오전(6-11),0.7071067811865476,-0.7071067811865475
2017-04-07 09:15:00,170,52.1,6.99,0.2647058823529412,혼잡,오전(6-11),0.7071067811865476,-0.7071067811865475
2017-04-07 09:20:00,170,51.2,7.26,0.27058823529411763,혼잡,오전(6-11),0.7071067811865476,-0.7071067811865475
2017-04-07 09:25:00,172,49.4,7.33,0.3081395348837209,혼잡,오전(6-11),0.7071067811865476,-0.7071067811865475
2017-04-07 09:30:00,164,53.5,6.11,0.25,보통,오전(6-11),0.7071067811865476,-0.7071067811865475
2017-04-07 09:35:00,168,47.6,7.7,0.35119047619047616,혼잡,오전(6-11),0.7071067811865476,-0.7071067811865475
2017-04-07 09:40:00,149,47.9,6.55,0.4228187919463087,보통,오전(6-11),0.7071067811865476,-0.7071067811865475
2017-04-07 09:45:00,172,49.3,8.09,0.36627906976744184,혼잡,오전(6-11),0.7071067811865476,-0.7071067811865475
2017-04-07 09:50:00,194,46.4,9.04,0.29381443298969073,혼잡,오전(6-11),0.7071067811865476,-0.7071067811865475
2017-04-07 09:55:00,177,49.9,8.76,0.3672316384180791,혼잡,오전(6-11),0.7071067811865476,-0.7071067811865475
2017-04-07 10:00:00,144,49.9,5.72,0.3819444444444444,보통,오전(6-11),0.49999999999999994,-0.8660254037844387
2017-04-07 10:05:00,169,50.3,8.06,0.378698224852071,혼잡,오전(6-11),0.49999999999999994,-0.8660254037844387
2017-04-07 10:10:00,136,48.2,5.79,0.3382352941176471,보통,오전(6-11),0.49999999999999994,-0.8660254037844387
2017-04-07 10:15:00,143,47.4,7.3,0.44755244755244755,혼잡,오전(6-11),0.49999999999999994,-0.8660254037844387
2017-04-07 10:20:00,123,50.9,4.98,0.35772357723577236,보통,오전(6-11),0.49999999999999994,-0.8660254037844387
2017-04-07 10:25:00,132,50.1,6.11,0.3939393939393939,보통,오전(6-11),0.49999999999999994,-0.8660254037844387
2017-04-07 10:30:00,133,50.2,5.57,0.2932330827067669,보통,오전(6-11),0.49999999999999994,-0.8660254037844387
2017-04-07 10:35:00,139,49.7,5.83,0.3597122302158273,보통,오전(6-11),0.49999999999999994,-0.8660254037844387
2017-04-07 10:40:00,143,44.6,7.11,0.3076923076923077,혼잡,오전(6-11),0.49999999999999994,-0.8660254037844387
2017-04-07 10:45:00,165,48.2,7.34,0.3878787878787879,혼잡,오전(6-11),0.49999999999999994,-0.8660254037844387
2017-04-07 10:50:00,132,51.1,5.35,0.3560606060606061,보통,오전(6-11),0.49999999999999994,-0.8660254037844387
2017-04-07 10:55:00,155,50.6,6.25,0.3161290322580645,보통,오전(6-11),0.49999999999999994,-0.8660254037844387
2017-04-07 11:00:00,121,54.2,4.74,0.36363636363636365,보통,오전(6-11),0.258819045102521,-0.9659258262890682
2017-04-07 11:05:00,134,47.5,5.97,0.3358208955223881,보통,오전(6-11),0.258819045102521,-0.9659258262890682
2017-04-07 11:10:00,142,52.4,5.96,0.4154929577464789,보통,오전(6-11),0.258819045102521,-0.9659258262890682
2017-04-07 11:15:00,174,47.8,7.88,0.39655172413793105,혼잡,오전(6-11),0.258819045102521,-0.9659258262890682
2017-04-07 11:20:00,157,50.4,7.58,0.3184713375796178,혼잡,오전(6-11),0.258819045102521,-0.9659258262890682
2017-04-07 11:25:00,185,44.9,8.34,0.3783783783783784,혼잡,오전(6-11),0.258819045102521,-0.9659258262890682
2017-04-07 11:30:00,157,43.1,11.43,0.31210191082802546,혼잡,오전(6-11),0.258819045102521,-0.9659258262890682
2017-04-07 11:35:00,164,46.3,8.14,0.3597560975609756,혼잡,오전(6-11),0.258819045102521,-0.9659258262890682
2017-04-07 11:40:00,141,47.5,5.97,0.28368794326241137,보통,오전(6-11),0.258819045102521,-0.9659258262890682
2017-04-07 11:45:00,173,44.9,7.29,0.36416184971098264,혼잡,오전(6-11),0.258819045102521,-0.9659258262890682
2017-04-07 11:50:00,193,43.7,10.76,0.29533678756476683,혼잡,오전(6-11),0.258819045102521,-0.9659258262890682
2017-04-07 11:55:00,178,46.9,8.02,0.3651685393258427,혼잡,오전(6-11),0.258819045102521,-0.9659258262890682
2017-04-07 12:00:00,162,45.1,7.86,0.3148148148148148,혼잡,오후(12-17),1.2246467991473532e-16,-1.0
2017-04-07 12:05:00,148,46.5,6.37,0.3108108108108108,보통,오후(12-17),1.2246467991473532e-16,-1.0
2017-04-07 12:10:00,134,44.5,6.4,0.30597014925373134,보통,오후(12-17),1.2246467991473532e-16,-1.0
2017-04-07 12:15:00,149,45.5,7.11,0.3288590604026846,혼잡,오후(12-17),1.2246467991473532e-16,-1.0
2017-04-07 12:20:00,128,50.6,5.66,0.2265625,보통,오후(12-17),1.2246467991473532e-16,-1.0
2017-04-07 12:25:00,152,49.9,6.28,0.28289473684210525,보통,오후(12-17),1.2246467991473532e-16,-1.0
2017-04-07 12:30:00,139,49.4,5.63,0.2733812949640288,보통,오후(12-17),1.2246467991473532e-16,-1.0
2017-04-07 12:35:00,136,50.7,6.16,0.3602941176470588,보통,오후(12-17),1.2246467991473532e-16,-1.0
2017-04-07 12:40:00,149,48.7,6.09,0.33557046979865773,보통,오후(12-17),1.2246467991473532e-16,-1.0
2017-04-07 12:45:00,162,47.0,6.92,0.32098765432098764,혼잡,오후(12-17),1.2246467991473532e-16,-1.0
2017-04-07 12:50:00,143,44.8,6.64,0.2937062937062937,보통,오후(12-17),1.2246467991473532e-16,-1.0
2017-04-07 12:55:00,162,49.6,6.76,0.32098765432098764,혼잡,오후(12-17),1.2246467991473532e-16,-1.0
2017-04-07 13:00:00,151,45.7,6.7,0.26490066225165565,혼잡,오후(12-17),-0.25881904510252035,-0.9659258262890684
2017-04-07 13:05:00,141,48.3,5.79,0.2907801418439716,보통,오후(12-17),-0.25881904510252035,-0.9659258262890684
2017-04-07 13:10:00,148,48.2,6.18,0.35135135135135137,보통,오후(12-17),-0.25881904510252035,-0.9659258262890684
2017-04-07 13:15:00,176,48.1,7.75,0.3693181818181818,혼잡,오후(12-17),-0.25881904510252035,-0.9659258262890684
2017-04-07 13:20:00,164,44.5,7.49,0.3170731707317073,혼잡,오후(12-17),-0.25881904510252035,-0.9659258262890684
2017-04-07 13:25:00,179,47.2,7.39,0.3575418994413408,혼잡,오후(12-17),-0.25881904510252035,-0.9659258262890684
2017-04-07 13:30:00,149,44.3,6.98,0.26174496644295303,혼잡,오후(12-17),-0.25881904510252035,-0.9659258262890684
2017-04-07 13:35:00,169,40.1,10.93,0.33136094674556216,혼잡,오후(12-17),-0.25881904510252035,-0.9659258262890684
2017-04-07 13:40:00,152,46.0,7.38,0.32894736842105265,혼잡,오후(12-17),-0.25881904510252035,-0.9659258262890684
2017-04-07 13:45:00,153,46.1,6.81,0.32679738562091504,혼잡,오후(12-17),-0.25881904510252035,-0.9659258262890684
2017-04-07 13:50:00,177,44.4,7.84,0.3389830508474576,혼잡,오후(12-17),-0.25881904510252035,-0.9659258262890684
2017-04-07 13:55:00,160,45.0,7.21,0.3125,혼잡,오후(12-17),-0.25881904510252035,-0.9659258262890684
2017-04-07 14:00:00,169,47.3,7.55,0.27218934911242604,혼잡,오후(12-17),-0.5000000000000001,-0.8660254037844386
2017-04-07 14:05:00,170,47.2,7.38,0.27647058823529413,혼잡,오후(12-17),-0.5000000000000001,-0.8660254037844386
2017-04-07 14:10:00,147,46.9,6.52,0.32653061224489793,보통,오후(12-17),-0.5000000000000001,-0.8660254037844386
2017-04-07 14:15:00,165,45.1,6.99,0.30303030303030304,혼잡,오후(12-17),-0.5000000000000001,-0.8660254037844386
2017-04-07 14:20:00,142,52.3,5.45,0.30985915492957744,보통,오후(12-17),-0.5000000000000001,-0.8660254037844386
2017-04-07 14:25:00,176,44.2,7.74,0.3068181818181818,혼잡,오후(12-17),-0.5000000000000001,-0.8660254037844386
2017-04-07 14:30:00,175,44.3,8.21,0.3142857142857143,혼잡,오후(12-17),-0.5000000000000001,-0.8660254037844386
2017-04-07 14:35:00,196,45.0,8.38,0.336734693877551,혼잡,오후(12-17),-0.5000000000000001,-0.8660254037844386
2017-04-07 14:40:00,183,44.5,8.5,0.2786885245901639,혼잡,오후(12-17),-0.5000000000000001,-0.8660254037844386
2017-04-07 14:45:00,181,45.6,7.87,0.32044198895027626,혼잡,오후(12-17),-0.5000000000000001,-0.8660254037844386
2017-04-07 14:50:00,182,44.8,7.64,0.25824175824175827,혼잡,오후(12-17),-0.5000000000000001,-0.8660254037844386
2017-04-07 14:55:00,164,44.7,7.95,0.3597560975609756,혼잡,오후(12-17),-0.5000000000000001,-0.8660254037844386
2017-04-07 15:00:00,161,45.6,7.03,0.2422360248447205,혼잡,오후(12-17),-0.7071067811865475,-0.7071067811865477
2017-04-07 15:05:00,171,44.6,8.46,0.2982456140350877,혼잡,오후(12-17),-0.7071067811865475,-0.7071067811865477
2017-04-07 15:10:00,191,46.1,8.24,0.3193717277486911,혼잡,오후(12-17),-0.7071067811865475,-0.7071067811865477
2017-04-07 15:15:00,198,44.6,8.83,0.23737373737373738,혼잡,오후(12-17),-0.7071067811865475,-0.7071067811865477
2017-04-07 15:20:00,188,44.1,8.25,0.2074468085106383,혼잡,오후(12-17),-0.7071067811865475,-0.7071067811865477
2017-04-07 15:25:00,179,46.8,7.57,0.26256983240223464,혼잡,오후(12-17),-0.7071067811865475,-0.7071067811865477
2017-04-07 15:30:00,165,45.8,6.64,0.21212121212121213,보통,오후(12-17),-0.7071067811865475,-0.7071067811865477
2017-04-07 15:35:00,162,46.0,6.87,0.19753086419753085,혼잡,오후(12-17),-0.7071067811865475,-0.7071067811865477
2017-04-07 15:40:00,157,44.5,6.77,0.2611464968152866,혼잡,오후(12-17),-0.7071067811865475,-0.7071067811865477
2017-04-07 15:45:00,153,45.6,6.93,0.2549019607843137,혼잡,오후(12-17),-0.7071067811865475,-0.7071067811865477
2017-04-07 15:50:00,182,44.5,7.95,0.25274725274725274,혼잡,오후(12-17),-0.7071067811865475,-0.7071067811865477
2017-04-07 15:55:00,202,43.2,8.53,0.22277227722772278,혼잡,오후(12-17),-0.7071067811865475,-0.7071067811865477
2017-04-07 16:00:00,178,44.0,7.85,0.29213483146067415,혼잡,오후(12-17),-0.8660254037844385,-0.5000000000000004
2017-04-07 16:05:00,185,45.6,8.52,0.2756756756756757,혼잡,오후(12-17),-0.8660254037844385,-0.5000000000000004
2017-04-07 16:10:00,158,43.4,15.89,0.3860759493670886,혼잡,오후(12-17),-0.8660254037844385,-0.5000000000000004
2017-04-07 16:15:00,156,47.2,6.67,0.26282051282051283,혼잡,오후(12-17),-0.8660254037844385,-0.5000000000000004
2017-04-07 16:20:00,166,41.1,16.17,0.25301204819277107,혼잡,오후(12-17),-0.8660254037844385,-0.5000000000000004
2017-04-07 16:25:00,166,42.0,8.01,0.3072289156626506,혼잡,오후(12-17),-0.8660254037844385,-0.5000000000000004
2017-04-07 16:30:00,183,47.4,7.79,0.22404371584699453,혼잡,오후(12-17),-0.8660254037844385,-0.5000000000000004
2017-04-07 16:35:00,178,41.1,8.94,0.29775280898876405,혼잡,오후(12-17),-0.8660254037844385,-0.5000000000000004
2017-04-07 16:40:00,163,46.9,7.05,0.2883435582822086,혼잡,오후(12-17),-0.8660254037844385,-0.5000000000000004
2017-04-07 16:45:00,180,43.2,15.04,0.28888888888888886,혼잡,오후(12-17),-0.8660254037844385,-0.5000000000000004
2017-04-07 16:50:00,159,43.5,7.0,0.34591194968553457,혼잡,오후(12-17),-0.8660254037844385,-0.5000000000000004
2017-04-07 16:55:00,158,45.7,6.97,0.23417721518987342,혼잡,오후(12-17),-0.8660254037844385,-0.5000000000000004
2017-04-07 17:00:00,160,44.2,7.34,0.24375,혼잡,오후(12-17),-0.9659258262890683,-0.25881904510252063
2017-04-07 17:05:00,150,39.3,20.65,0.24666666666666667,혼잡,오후(12-17),-0.9659258262890683,-0.25881904510252063
2017-04-07 17:10:00,153,44.6,6.39,0.28104575163398693,보통,오후(12-17),-0.9659258262890683,-0.25881904510252063
2017-04-07 17:15:00,146,45.5,6.05,0.2054794520547945,보통,오후(12-17),-0.9659258262890683,-0.25881904510252063
2017-04-07 17:20:00,196,45.1,8.85,0.23979591836734693,혼잡,오후(12-17),-0.9659258262890683,-0.25881904510252063
2017-04-07 17:25:00,195,43.9,8.39,0.27692307692307694,혼잡,오후(12-17),-0.9659258262890683,-0.25881904510252063
2017-04-07 17:30:00,165,43.6,7.4,0.3333333333333333,혼잡,오후(12-17),-0.9659258262890683,-0.25881904510252063
2017-04-07 17:35:00,146,43.9,6.54,0.3424657534246575,보통,오후(12-17),-0.9659258262890683,-0.25881904510252063
2017-04-07 17:40:00,200,45.5,9.79,0.31,혼잡,오후(12-17),-0.9659258262890683,-0.25881904510252063
2017-04-07 17:45:00,198,45.6,7.96,0.2828282828282828,혼잡,오후(12-17),-0.9659258262890683,-0.25881904510252063
2017-04-07 17:50:00,157,44.4,6.83,0.21019108280254778,혼잡,오후(12-17),-0.9659258262890683,-0.25881904510252063
2017-04-07 17:55:00,146,42.5,7.17,0.2671232876712329,혼잡,오후(12-17),-0.9659258262890683,-0.25881904510252063
2017-04-07 18:00:00,184,42.7,7.76,0.22282608695652173,혼잡,저녁(18-23),-1.0,-1.8369701987210297e-16
2017-04-07 18:05:00,214,41.4,10.65,0.3130841121495327,혼잡,저녁(18-23),-1.0,-1.8369701987210297e-16
2017-04-07 18:10:00,215,31.1,29.07,0.28837209302325584,혼잡,저녁(18-23),-1.0,-1.8369701987210297e-16
2017-04-07 18:15:00,191,32.2,21.6,0.27225130890052357,혼잡,저녁(18-23),-1.0,-1.8369701987210297e-16
2017-04-07 18:20:00,219,31.6,24.03,0.2831050228310502,혼잡,저녁(18-23),-1.0,-1.8369701987210297e-16
2017-04-07 18:25:00,246,31.7,20.09,0.2845528455284553,혼잡,저녁(18-23),-1.0,-1.8369701987210297e-16
2017-04-07 18:30:00,203,28.6,30.21,0.19704433497536947,혼잡,저녁(18-23),-1.0,-1.8369701987210297e-16
2017-04-07 18:35:00,188,25.5,30.0,0.2872340425531915,혼잡,저녁(18-23),-1.0,-1.8369701987210297e-16
2017-04-07 18:40:00,173,30.1,45.9,0.24277456647398843,혼잡,저녁(18-23),-1.0,-1.8369701987210297e-16
2017-04-07 18:45:00,231,30.5,38.59,0.21645021645021645,혼잡,저녁(18-23),-1.0,-1.8369701987210297e-16
2017-04-07 18:50:00,208,35.9,16.69,0.3173076923076923,혼잡,저녁(18-23),-1.0,-1.8369701987210297e-16
2017-04-07 18:55:00,159,41.9,7.29,0.22641509433962265,혼잡,저녁(18-23),-1.0,-1.8369701987210297e-16
2017-04-07 19:00:00,151,41.6,7.05,0.2847682119205298,혼잡,저녁(18-23),-0.9659258262890684,0.2588190451025203
2017-04-07 19:05:00,164,44.5,7.37,0.23780487804878048,혼잡,저녁(18-23),-0.9659258262890684,0.2588190451025203
2017-04-07 19:10:00,200,41.3,10.7,0.2,혼잡,저녁(18-23),-0.9659258262890684,0.2588190451025203
2017-04-07 19:15:00,158,41.7,8.37,0.17721518987341772,혼잡,저녁(18-23),-0.9659258262890684,0.2588190451025203
2017-04-07 19:20:00,119,44.0,6.83,0.23529411764705882,혼잡,저녁(18-23),-0.9659258262890684,0.2588190451025203
2017-04-07 19:25:00,179,40.5,9.74,0.19553072625698323,혼잡,저녁(18-23),-0.9659258262890684,0.2588190451025203
2017-04-07 19:30:00,182,42.9,8.76,0.2032967032967033,혼잡,저녁(18-23),-0.9659258262890684,0.2588190451025203
2017-04-07 19:35:00,161,41.4,7.97,0.2422360248447205,혼잡,저녁(18-23),-0.9659258262890684,0.2588190451025203
2017-04-07 19:40:00,132,44.0,6.32,0.1893939393939394,보통,저녁(18-23),-0.9659258262890684,0.2588190451025203
2017-04-07 19:45:00,143,42.3,7.45,0.1958041958041958,혼잡,저녁(18-23),-0.9659258262890684,0.2588190451025203
2017-04-07 19:50:00,139,43.6,8.03,0.23741007194244604,혼잡,저녁(18-23),-0.9659258262890684,0.2588190451025203
2017-04-07 19:55:00,147,46.1,6.86,0.21768707482993196,혼잡,저녁(18-23),-0.9659258262890684,0.2588190451025203
2017-04-07 20:00:00,140,42.1,7.36,0.16428571428571428,혼잡,저녁(18-23),-0.8660254037844386,0.5000000000000001
2017-04-07 20:05:00,150,41.1,8.16,0.22666666666666666,혼잡,저녁(18-23),-0.8660254037844386,0.5000000000000001
2017-04-07 20:10:00,157,44.8,7.96,0.15286624203821655,혼잡,저녁(18-23),-0.8660254037844386,0.5000000000000001
2017-04-07 20:15:00,156,46.9,7.53,0.16666666666666666,혼잡,저녁(18-23),-0.8660254037844386,0.5000000000000001
2017-04-07 20:20:00,106,42.6,6.28,0.1792452830188679,보통,저녁(18-23),-0.8660254037844386,0.5000000000000001
2017-04-07 20:25:00,112,43.5,5.77,0.24107142857142858,보통,저녁(18-23),-0.8660254037844386,0.5000000000000001
2017-04-07 20:30:00,162,47.6,7.33,0.16049382716049382,혼잡,저녁(18-23),-0.8660254037844386,0.5000000000000001
2017-04-07 20:35:00,170,42.6,9.14,0.25882352941176473,혼잡,저녁(18-23),-0.8660254037844386,0.5000000000000001
2017-04-07 20:40:00,116,42.6,7.21,0.21551724137931033,혼잡,저녁(18-23),-0.8660254037844386,0.5000000000000001
2017-04-07 20:45:00,116,43.5,5.58,0.25,보통,저녁(18-23),-0.8660254037844386,0.5000000000000001
2017-04-07 20:50:00,126,50.1,6.22,0.15079365079365079,보통,저녁(18-23),-0.8660254037844386,0.5000000000000001
2017-04-07 20:55:00,146,45.0,6.92,0.21232876712328766,혼잡,저녁(18-23),-0.8660254037844386,0.5000000000000001
2017-04-07 21:00:00,112,44.9,9.44,0.1875,혼잡,저녁(18-23),-0.7071067811865477,0.7071067811865474
2017-04-07 21:05:00,126,44.9,6.73,0.15873015873015872,혼잡,저녁(18-23),-0.7071067811865477,0.7071067811865474
2017-04-07 21:10:00,100,46.8,4.59,0.18,보통,저녁(18-23),-0.7071067811865477,0.7071067811865474
2017-04-07 21:15:00,134,44.5,7.0,0.1865671641791045,혼잡,저녁(18-23),-0.7071067811865477,0.7071067811865474
2017-04-07 21:20:00,143,41.6,11.81,0.1888111888111888,혼잡,저녁(18-23),-0.7071067811865477,0.7071067811865474
2017-04-07 21:25:00,133,44.0,6.37,0.19548872180451127,보통,저녁(18-23),-0.7071067811865477,0.7071067811865474
2017-04-07 21:30:00,135,42.3,7.59,0.15555555555555556,혼잡,저녁(18-23),-0.7071067811865477,0.7071067811865474
2017-04-07 21:35:00,133,44.2,6.74,0.16541353383458646,혼잡,저녁(18-23),-0.7071067811865477,0.7071067811865474
2017-04-07 21:40:00,103,44.3,5.26,0.2621359223300971,보통,저녁(18-23),-0.7071067811865477,0.7071067811865474
2017-04-07 21:45:00,119,44.0,5.49,0.20168067226890757,보통,저녁(18-23),-0.7071067811865477,0.7071067811865474
2017-04-07 21:50:00,107,43.5,5.51,0.18691588785046728,보통,저녁(18-23),-0.7071067811865477,0.7071067811865474
2017-04-07 21:55:00,105,45.2,5.37,0.14285714285714285,보통,저녁(18-23),-0.7071067811865477,0.7071067811865474
2017-04-07 22:00:00,118,49.2,5.32,0.15254237288135594,보통,저녁(18-23),-0.5000000000000004,0.8660254037844384
2017-04-07 22:05:00,115,43.6,6.35,0.1826086956521739,보통,저녁(18-23),-0.5000000000000004,0.8660254037844384
2017-04-07 22:10:00,112,46.5,5.39,0.17857142857142858,보통,저녁(18-23),-0.5000000000000004,0.8660254037844384
2017-04-07 22:15:00,104,45.7,6.3,0.18269230769230768,보통,저녁(18-23),-0.5000000000000004,0.8660254037844384
2017-04-07 22:20:00,127,46.8,6.52,0.2204724409448819,보통,저녁(18-23),-0.5000000000000004,0.8660254037844384
2017-04-07 22:25:00,103,48.3,4.94,0.22330097087378642,보통,저녁(18-23),-0.5000000000000004,0.8660254037844384
2017-04-07 22:30:00,82,47.1,3.65,0.2682926829268293,원활,저녁(18-23),-0.5000000000000004,0.8660254037844384
2017-04-07 22:35:00,95,48.7,4.37,0.21052631578947367,보통,저녁(18-23),-0.5000000000000004,0.8660254037844384
2017-04-07 22:40:00,90,45.7,4.75,0.23333333333333334,보통,저녁(18-23),-0.5000000000000004,0.8660254037844384
2017-04-07 22:45:00,59,52.7,2.55,0.1864406779661017,원활,저녁(18-23),-0.5000000000000004,0.8660254037844384
2017-04-07 22:50:00,87,48.8,10.43,0.1724137931034483,혼잡,저녁(18-23),-0.5000000000000004,0.8660254037844384
2017-04-07 22:55:00,82,48.6,4.23,0.2682926829268293,보통,저녁(18-23),-0.5000000000000004,0.8660254037844384
2017-04-07 23:00:00,67,48.6,3.15,0.14925373134328357,원활,저녁(18-23),-0.2588190451025207,0.9659258262890683
2017-04-07 23:05:00,78,50.6,3.53,0.24358974358974358,원활,저녁(18-23),-0.2588190451025207,0.9659258262890683
2017-04-07 23:10:00,83,49.0,3.79,0.25301204819277107,보통,저녁(18-23),-0.2588190451025207,0.9659258262890683
2017-04-07 23:15:00,85,48.7,3.79,0.16470588235294117,보통,저녁(18-23),-0.2588190451025207,0.9659258262890683
2017-04-07 23:20:00,85,50.2,3.72,0.18823529411764706,보통,저녁(18-23),-0.2588190451025207,0.9659258262890683
2017-04-07 23:25:00,76,50.1,3.38,0.21052631578947367,원활,저녁(18-23),-0.2588190451025207,0.9659258262890683
2017-04-07 23:30:00,55,52.1,2.33,0.3090909090909091,원활,저녁(18-23),-0.2588190451025207,0.9659258262890683
2017-04-07 23:35:00,46,51.7,1.9,0.1956521739130435,원활,저녁(18-23),-0.2588190451025207,0.9659258262890683
2017-04-07 23:40:00,77,51.1,3.06,0.3116883116883117,원활,저녁(18-23),-0.2588190451025207,0.9659258262890683
2017-04-07 23:45:00,68,50.6,2.89,0.14705882352941177,원활,저녁(18-23),-0.2588190451025207,0.9659258262890683
2017-04-07 23:50:00,51,53.7,2.17,0.21568627450980393,원활,저녁(18-23),-0.2588190451025207,0.9659258262890683
2017-04-07 23:55:00,45,56.8,1.83,0.37777777777777777,원활,저녁(18-23),-0.2588190451025207,0.9659258262890683
2017-04-08 00:00:00,61,54.4,2.52,0.2786885245901639,원활,새벽(0-5),0.0,1.0
2017-04-08 00:05:00,79,51.5,3.37,0.25316455696202533,원활,새벽(0-5),0.0,1.0
2017-04-08 00:10:00,57,52.7,2.27,0.45614035087719296,원활,새벽(0-5),0.0,1.0
2017-04-08 00:15:00,44,53.7,1.78,0.29545454545454547,원활,새벽(0-5),0.0,1.0
2017-04-08 00:20:00,44,50.1,1.99,0.3181818181818182,원활,새벽(0-5),0.0,1.0
2017-04-08 00:25:00,56,52.7,2.36,0.19642857142857142,원활,새벽(0-5),0.0,1.0
2017-04-08 00:30:00,47,55.3,1.97,0.2765957446808511,원활,새벽(0-5),0.0,1.0
2017-04-08 00:35:00,51,53.9,2.16,0.19607843137254902,원활,새벽(0-5),0.0,1.0
2017-04-08 00:40:00,47,59.4,1.91,0.3404255319148936,원활,새벽(0-5),0.0,1.0
2017-04-08 00:45:00,43,55.2,1.82,0.2558139534883721,원활,새벽(0-5),0.0,1.0
2017-04-08 00:50:00,46,55.4,2.15,0.34782608695652173,원활,새벽(0-5),0.0,1.0
2017-04-08 00:55:00,35,64.4,1.44,0.22857142857142856,원활,새벽(0-5),0.0,1.0
2017-04-08 01:00:00,28,59.0,1.12,0.21428571428571427,원활,새벽(0-5),0.25881904510252074,0.9659258262890683
2017-04-08 01:05:00,32,57.7,1.23,0.28125,원활,새벽(0-5),0.25881904510252074,0.9659258262890683
2017-04-08 01:10:00,27,63.8,1.06,0.2222222222222222,원활,새벽(0-5),0.25881904510252074,0.9659258262890683
2017-04-08 01:15:00,37,54.6,1.41,0.16216216216216217,원활,새벽(0-5),0.25881904510252074,0.9659258262890683
2017-04-08 01:20:00,38,53.2,1.49,0.18421052631578946,원활,새벽(0-5),0.25881904510252074,0.9659258262890683
2017-04-08 01:25:00,25,53.2,1.04,0.24,원활,새벽(0-5),0.25881904510252074,0.9659258262890683
2017-04-08 01:30:00,34,62.0,1.34,0.35294117647058826,원활,새벽(0-5),0.25881904510252074,0.9659258262890683
2017-04-08 01:35:00,26,66.3,1.04,0.34615384615384615,원활,새벽(0-5),0.25881904510252074,0.9659258262890683
2017-04-08 01:40:00,27,56.5,1.11,0.4074074074074074,원활,새벽(0-5),0.25881904510252074,0.9659258262890683
2017-04-08 01:45:00,23,63.4,0.98,0.17391304347826086,원활,새벽(0-5),0.25881904510252074,0.9659258262890683
2017-04-08 01:50:00,40,59.6,1.59,0.3,원활,새벽(0-5),0.25881904510252074,0.9659258262890683
2017-04-08 01:55:00,22,59.7,0.89,0.3181818181818182,원활,새벽(0-5),0.25881904510252074,0.9659258262890683
2017-04-08 02:00:00,31,66.6,1.19,0.25806451612903225,원활,새벽(0-5),0.49999999999999994,0.8660254037844387
2017-04-08 02:05:00,25,60.5,0.97,0.2,원활,새벽(0-5),0.49999999999999994,0.8660254037844387
2017-04-08 02:10:00,27,65.0,1.01,0.3333333333333333,원활,새벽(0-5),0.49999999999999994,0.8660254037844387
2017-04-08 02:15:00,14,55.8,0.79,0.42857142857142855,원활,새벽(0-5),0.49999999999999994,0.8660254037844387
2017-04-08 02:20:00,21,65.2,0.86,0.38095238095238093,원활,새벽(0-5),0.49999999999999994,0.8660254037844387
2017-04-08 02:25:00,23,64.8,0.94,0.5652173913043478,원활,새벽(0-5),0.49999999999999994,0.8660254037844387
2017-04-08 02:30:00,20,58.4,6.78,0.3,혼잡,새벽(0-5),0.49999999999999994,0.8660254037844387
2017-04-08 02:35:00,24,64.0,5.83,0.2916666666666667,보통,새벽(0-5),0.49999999999999994,0.8660254037844387
2017-04-08 02:40:00,27,63.4,1.02,0.37037037037037035,원활,새벽(0-5),0.49999999999999994,0.8660254037844387
2017-04-08 02:45:00,18,56.6,0.81,0.3333333333333333,원활,새벽(0-5),0.49999999999999994,0.8660254037844387
2017-04-08 02:50:00,13,62.6,0.51,0.3076923076923077,원활,새벽(0-5),0.49999999999999994,0.8660254037844387
2017-04-08 02:55:00,18,65.9,0.9,0.4444444444444444,원활,새벽(0-5),0.49999999999999994,0.8660254037844387
2017-04-08 03:00:00,16,56.6,0.72,0.3125,원활,새벽(0-5),0.7071067811865476,0.7071067811865476
2017-04-08 03:05:00,19,60.4,0.71,0.42105263157894735,원활,새벽(0-5),0.7071067811865476,0.7071067811865476
2017-04-08 03:10:00,22,69.9,0.87,0.2727272727272727,원활,새벽(0-5),0.7071067811865476,0.7071067811865476
2017-04-08 03:15:00,30,60.0,1.25,0.4,원활,새벽(0-5),0.7071067811865476,0.7071067811865476
2017-04-08 03:20:00,21,57.9,0.82,0.2857142857142857,원활,새벽(0-5),0.7071067811865476,0.7071067811865476
2017-04-08 03:25:00,24,56.9,0.93,0.4166666666666667,원활,새벽(0-5),0.7071067811865476,0.7071067811865476
2017-04-08 03:30:00,17,59.0,0.67,0.29411764705882354,원활,새벽(0-5),0.7071067811865476,0.7071067811865476
2017-04-08 03:35:00,18,62.5,0.8,0.5,원활,새벽(0-5),0.7071067811865476,0.7071067811865476
2017-04-08 03:40:00,25,57.9,1.02,0.32,원활,새벽(0-5),0.7071067811865476,0.7071067811865476
2017-04-08 03:45:00,12,55.4,0.51,0.16666666666666666,원활,새벽(0-5),0.7071067811865476,0.7071067811865476
2017-04-08 03:50:00,16,59.3,0.64,0.625,원활,새벽(0-5),0.7071067811865476,0.7071067811865476
2017-04-08 03:55:00,17,57.0,0.79,0.4117647058823529,원활,새벽(0-5),0.7071067811865476,0.7071067811865476
2017-04-08 04:00:00,17,61.6,0.65,0.4117647058823529,원활,새벽(0-5),0.8660254037844386,0.5000000000000001
2017-04-08 04:05:00,23,64.0,0.93,0.391304347826087,원활,새벽(0-5),0.8660254037844386,0.5000000000000001
2017-04-08 04:10:00,19,67.2,0.74,0.3684210526315789,원활,새벽(0-5),0.8660254037844386,0.5000000000000001
2017-04-08 04:15:00,11,68.0,0.44,0.2727272727272727,원활,새벽(0-5),0.8660254037844386,0.5000000000000001
2017-04-08 04:20:00,16,56.9,0.7,0.375,원활,새벽(0-5),0.8660254037844386,0.5000000000000001
2017-04-08 04:25:00,23,60.6,0.86,0.391304347826087,원활,새벽(0-5),0.8660254037844386,0.5000000000000001
2017-04-08 04:30:00,20,62.0,0.78,0.3,원활,새벽(0-5),0.8660254037844386,0.5000000000000001
2017-04-08 04:35:00,32,53.8,1.33,0.34375,원활,새벽(0-5),0.8660254037844386,0.5000000000000001
2017-04-08 04:40:00,29,54.1,1.16,0.3448275862068966,원활,새벽(0-5),0.8660254037844386,0.5000000000000001
2017-04-08 04:45:00,26,54.3,1.09,0.3076923076923077,원활,새벽(0-5),0.8660254037844386,0.5000000000000001
2017-04-08 04:50:00,18,61.4,0.69,0.2777777777777778,원활,새벽(0-5),0.8660254037844386,0.5000000000000001
2017-04-08 04:55:00,19,49.0,0.98,0.3157894736842105,원활,새벽(0-5),0.8660254037844386,0.5000000000000001
2017-04-08 05:00:00,40,62.3,1.69,0.4,원활,새벽(0-5),0.9659258262890683,0.25881904510252074
2017-04-08 05:05:00,34,60.3,1.31,0.29411764705882354,원활,새벽(0-5),0.9659258262890683,0.25881904510252074
2017-04-08 05:10:00,40,58.1,1.76,0.325,원활,새벽(0-5),0.9659258262890683,0.25881904510252074
2017-04-08 05:15:00,42,56.8,2.17,0.2619047619047619,원활,새벽(0-5),0.9659258262890683,0.25881904510252074
2017-04-08 05:20:00,57,55.1,2.53,0.24561403508771928,원활,새벽(0-5),0.9659258262890683,0.25881904510252074
2017-04-08 05:25:00,65,53.3,3.25,0.35384615384615387,원활,새벽(0-5),0.9659258262890683,0.25881904510252074
2017-04-08 05:30:00,44,59.8,2.02,0.45454545454545453,원활,새벽(0-5),0.9659258262890683,0.25881904510252074
2017-04-08 05:35:00,46,62.3,1.87,0.30434782608695654,원활,새벽(0-5),0.9659258262890683,0.25881904510252074
2017-04-08 05:40:00,40,65.8,1.46,0.25,원활,새벽(0-5),0.9659258262890683,0.25881904510252074
2017-04-08 05:45:00,38,56.4,1.81,0.3684210526315789,원활,새벽(0-5),0.9659258262890683,0.25881904510252074
2017-04-08 05:50:00,58,59.1,2.49,0.3793103448275862,원활,새벽(0-5),0.9659258262890683,0.25881904510252074
2017-04-08 05:55:00,65,54.4,3.21,0.5846153846153846,원활,새벽(0-5),0.9659258262890683,0.25881904510252074
2017-04-08 06:00:00,59,57.6,2.3,0.4067796610169492,원활,오전(6-11),1.0,6.123233995736766e-17
2017-04-08 06:05:00,84,59.9,3.34,0.36904761904761907,원활,오전(6-11),1.0,6.123233995736766e-17
2017-04-08 06:10:00,54,58.9,1.92,0.2037037037037037,원활,오전(6-11),1.0,6.123233995736766e-17
2017-04-08 06:15:00,64,62.0,2.33,0.28125,원활,오전(6-11),1.0,6.123233995736766e-17
2017-04-08 06:20:00,60,60.0,2.08,0.5,원활,오전(6-11),1.0,6.123233995736766e-17
2017-04-08 06:25:00,45,62.7,4.48,0.4222222222222222,보통,오전(6-11),1.0,6.123233995736766e-17
2017-04-08 06:30:00,97,56.9,3.56,0.32989690721649484,원활,오전(6-11),1.0,6.123233995736766e-17
2017-04-08 06:35:00,102,57.1,3.77,0.3235294117647059,보통,오전(6-11),1.0,6.123233995736766e-17
2017-04-08 06:40:00,102,57.1,3.82,0.4215686274509804,보통,오전(6-11),1.0,6.123233995736766e-17
2017-04-08 06:45:00,87,57.4,3.65,0.40229885057471265,원활,오전(6-11),1.0,6.123233995736766e-17
2017-04-08 06:50:00,90,55.8,3.24,0.3333333333333333,원활,오전(6-11),1.0,6.123233995736766e-17
2017-04-08 06:55:00,90,51.8,4.52,0.4777777777777778,보통,오전(6-11),1.0,6.123233995736766e-17
2017-04-08 07:00:00,81,50.9,3.53,0.3950617283950617,원활,오전(6-11),0.9659258262890683,-0.25881904510252085
2017-04-08 07:05:00,82,58.4,3.55,0.43902439024390244,원활,오전(6-11),0.9659258262890683,-0.25881904510252085
2017-04-08 07:10:00,102,55.5,4.2,0.3431372549019608,보통,오전(6-11),0.9659258262890683,-0.25881904510252085
2017-04-08 07:15:00,99,55.3,3.89,0.3333333333333333,보통,오전(6-11),0.9659258262890683,-0.25881904510252085
2017-04-08 07:20:00,74,54.3,2.83,0.35135135135135137,원활,오전(6-11),0.9659258262890683,-0.25881904510252085
2017-04-08 07:25:00,99,53.8,4.18,0.30303030303030304,보통,오전(6-11),0.9659258262890683,-0.25881904510252085
2017-04-08 07:30:00,107,55.1,4.09,0.2616822429906542,보통,오전(6-11),0.9659258262890683,-0.25881904510252085
2017-04-08 07:35:00,113,53.3,4.71,0.3008849557522124,보통,오전(6-11),0.9659258262890683,-0.25881904510252085
2017-04-08 07:40:00,101,53.6,3.95,0.31683168316831684,보통,오전(6-11),0.9659258262890683,-0.25881904510252085
2017-04-08 07:45:00,100,52.8,3.93,0.26,보통,오전(6-11),0.9659258262890683,-0.25881904510252085
2017-04-08 07:50:00,114,56.1,4.23,0.2631578947368421,보통,오전(6-11),0.9659258262890683,-0.25881904510252085
2017-04-08 07:55:00,129,53.5,5.43,0.29457364341085274,보통,오전(6-11),0.9659258262890683,-0.25881904510252085
2017-04-08 08:00:00,112,54.5,4.29,0.19642857142857142,보통,오전(6-11),0.8660254037844387,-0.4999999999999998
2017-04-08 08:05:00,129,46.4,7.46,0.4108527131782946,혼잡,오전(6-11),0.8660254037844387,-0.4999999999999998
2017-04-08 08:10:00,101,56.8,3.73,0.26732673267326734,보통,오전(6-11),0.8660254037844387,-0.4999999999999998
2017-04-08 08:15:00,129,54.6,4.72,0.3488372093023256,보통,오전(6-11),0.8660254037844387,-0.4999999999999998
2017-04-08 08:20:00,137,55.1,5.02,0.36496350364963503,보통,오전(6-11),0.8660254037844387,-0.4999999999999998
2017-04-08 08:25:00,128,49.9,5.52,0.2890625,보통,오전(6-11),0.8660254037844387,-0.4999999999999998
2017-04-08 08:30:00,121,54.7,4.48,0.256198347107438,보통,오전(6-11),0.8660254037844387,-0.4999999999999998
2017-04-08 08:35:00,142,51.5,5.65,0.28169014084507044,보통,오전(6-11),0.8660254037844387,-0.4999999999999998
2017-04-08 08:40:00,169,48.7,7.1,0.3076923076923077,혼잡,오전(6-11),0.8660254037844387,-0.4999999999999998
2017-04-08 08:45:00,162,48.3,6.8,0.2716049382716049,혼잡,오전(6-11),0.8660254037844387,-0.4999999999999998
2017-04-08 08:50:00,130,48.5,5.3,0.25384615384615383,보통,오전(6-11),0.8660254037844387,-0.4999999999999998
2017-04-08 08:55:00,151,49.4,6.35,0.3443708609271523,보통,오전(6-11),0.8660254037844387,-0.4999999999999998
2017-04-08 09:00:00,190,44.6,8.39,0.30526315789473685,혼잡,오전(6-11),0.7071067811865476,-0.7071067811865475
2017-04-08 09:05:00,166,46.8,7.29,0.3072289156626506,혼잡,오전(6-11),0.7071067811865476,-0.7071067811865475
2017-04-08 09:10:00,140,48.1,5.73,0.32142857142857145,보통,오전(6-11),0.7071067811865476,-0.7071067811865475
2017-04-08 09:15:00,170,49.7,7.29,0.2529411764705882,혼잡,오전(6-11),0.7071067811865476,-0.7071067811865475
2017-04-08 09:20:00,200,49.0,8.25,0.3,혼잡,오전(6-11),0.7071067811865476,-0.7071067811865475
2017-04-08 09:25:00,164,48.5,7.05,0.2926829268292683,혼잡,오전(6-11),0.7071067811865476,-0.7071067811865475
2017-04-08 09:30:00,147,51.0,6.1,0.2925170068027211,보통,오전(6-11),0.7071067811865476,-0.7071067811865475
2017-04-08 09:35:00,201,43.7,9.86,0.31840796019900497,혼잡,오전(6-11),0.7071067811865476,-0.7071067811865475
2017-04-08 09:40:00,138,49.0,6.01,0.42028985507246375,보통,오전(6-11),0.7071067811865476,-0.7071067811865475
2017-04-08 09:45:00,147,50.8,7.07,0.30612244897959184,혼잡,오전(6-11),0.7071067811865476,-0.7071067811865475
2017-04-08 09:50:00,206,45.4,9.59,0.33980582524271846,혼잡,오전(6-11),0.7071067811865476,-0.7071067811865475
2017-04-08 09:55:00,175,47.1,8.22,0.32571428571428573,혼잡,오전(6-11),0.7071067811865476,-0.7071067811865475
2017-04-08 10:00:00,166,51.6,8.06,0.37349397590361444,혼잡,오전(6-11),0.49999999999999994,-0.8660254037844387
2017-04-08 10:05:00,192,45.2,10.14,0.3645833333333333,혼잡,오전(6-11),0.49999999999999994,-0.8660254037844387
2017-04-08 10:10:00,185,45.6,8.26,0.34594594594594597,혼잡,오전(6-11),0.49999999999999994,-0.8660254037844387
2017-04-08 10:15:00,161,43.8,9.02,0.33540372670807456,혼잡,오전(6-11),0.49999999999999994,-0.8660254037844387
2017-04-08 10:20:00,161,40.5,11.13,0.34782608695652173,혼잡,오전(6-11),0.49999999999999994,-0.8660254037844387
2017-04-08 10:25:00,178,35.6,17.01,0.33707865168539325,혼잡,오전(6-11),0.49999999999999994,-0.8660254037844387
2017-04-08 10:30:00,165,41.1,10.62,0.296969696969697,혼잡,오전(6-11),0.49999999999999994,-0.8660254037844387
2017-04-08 10:35:00,200,44.1,9.57,0.275,혼잡,오전(6-11),0.49999999999999994,-0.8660254037844387
2017-04-08 10:40:00,202,40.1,13.69,0.297029702970297,혼잡,오전(6-11),0.49999999999999994,-0.8660254037844387
2017-04-08 10:45:00,200,40.8,10.48,0.355,혼잡,오전(6-11),0.49999999999999994,-0.8660254037844387
2017-04-08 10:50:00,184,37.9,11.33,0.2717391304347826,혼잡,오전(6-11),0.49999999999999994,-0.8660254037844387
2017-04-08 10:55:00,182,44.2,9.36,0.26373626373626374,혼잡,오전(6-11),0.49999999999999994,-0.8660254037844387
2017-04-08 11:00:00,174,41.4,8.38,0.26436781609195403,혼잡,오전(6-11),0.258819045102521,-0.9659258262890682
2017-04-08 11:05:00,190,38.8,10.89,0.3105263157894737,혼잡,오전(6-11),0.258819045102521,-0.9659258262890682
2017-04-08 11:10:00,213,32.0,15.94,0.3333333333333333,혼잡,오전(6-11),0.258819045102521,-0.9659258262890682
2017-04-08 11:15:00,211,35.1,14.57,0.33649289099526064,혼잡,오전(6-11),0.258819045102521,-0.9659258262890682
2017-04-08 11:20:00,216,37.6,12.77,0.3472222222222222,혼잡,오전(6-11),0.258819045102521,-0.9659258262890682
2017-04-08 11:25:00,225,38.6,12.27,0.29333333333333333,혼잡,오전(6-11),0.258819045102521,-0.9659258262890682
2017-04-08 11:30:00,200,33.0,15.02,0.325,혼잡,오전(6-11),0.258819045102521,-0.9659258262890682
2017-04-08 11:35:00,170,36.0,14.82,0.36470588235294116,혼잡,오전(6-11),0.258819045102521,-0.9659258262890682
2017-04-08 11:40:00,217,33.7,20.65,0.28110599078341014,혼잡,오전(6-11),0.258819045102521,-0.9659258262890682
2017-04-08 11:45:00,235,31.2,18.17,0.2723404255319149,혼잡,오전(6-11),0.258819045102521,-0.9659258262890682
2017-04-08 11:50:00,206,27.4,28.16,0.3640776699029126,혼잡,오전(6-11),0.258819045102521,-0.9659258262890682
2017-04-08 11:55:00,145,26.4,30.27,0.2896551724137931,혼잡,오전(6-11),0.258819045102521,-0.9659258262890682
2017-04-08 12:00:00,246,24.5,31.96,0.3048780487804878,혼잡,오후(12-17),1.2246467991473532e-16,-1.0
2017-04-08 12:05:00,243,26.9,31.62,0.34156378600823045,혼잡,오후(12-17),1.2246467991473532e-16,-1.0
2017-04-08 12:10:00,200,25.4,27.23,0.33,혼잡,오후(12-17),1.2246467991473532e-16,-1.0
2017-04-08 12:15:00,172,30.7,24.59,0.31976744186046513,혼잡,오후(12-17),1.2246467991473532e-16,-1.0
2017-04-08 12:20:00,237,22.4,53.68,0.3628691983122363,혼잡,오후(12-17),1.2246467991473532e-16,-1.0
2017-04-08 12:25:00,251,24.7,49.3,0.3147410358565737,혼잡,오후(12-17),1.2246467991473532e-16,-1.0
2017-04-08 12:30:00,200,21.9,53.68,0.285,혼잡,오후(12-17),1.2246467991473532e-16,-1.0
2017-04-08 12:35:00,207,25.7,39.71,0.3671497584541063,혼잡,오후(12-17),1.2246467991473532e-16,-1.0
2017-04-08 12:40:00,216,24.4,39.12,0.39351851851851855,혼잡,오후(12-17),1.2246467991473532e-16,-1.0
2017-04-08 12:45:00,254,34.6,19.13,0.3543307086614173,혼잡,오후(12-17),1.2246467991473532e-16,-1.0
2017-04-08 12:50:00,219,35.1,14.36,0.3242009132420091,혼잡,오후(12-17),1.2246467991473532e-16,-1.0
2017-04-08 12:55:00,202,35.3,12.08,0.3415841584158416,혼잡,오후(12-17),1.2246467991473532e-16,-1.0
2017-04-08 13:00:00,191,24.7,42.84,0.3298429319371728,혼잡,오후(12-17),-0.25881904510252035,-0.9659258262890684
2017-04-08 13:05:00,267,25.2,36.28,0.352059925093633,혼잡,오후(12-17),-0.25881904510252035,-0.9659258262890684
2017-04-08 13:10:00,243,31.7,20.8,0.25925925925925924,혼잡,오후(12-17),-0.25881904510252035,-0.9659258262890684
2017-04-08 13:15:00,213,26.3,32.1,0.27699530516431925,혼잡,오후(12-17),-0.25881904510252035,-0.9659258262890684
2017-04-08 13:20:00,200,30.1,24.25,0.33,혼잡,오후(12-17),-0.25881904510252035,-0.9659258262890684
2017-04-08 13:25:00,158,42.6,8.41,0.379746835443038,혼잡,오후(12-17),-0.25881904510252035,-0.9659258262890684
2017-04-08 13:30:00,254,31.0,30.38,0.27165354330708663,혼잡,오후(12-17),-0.25881904510252035,-0.9659258262890684
2017-04-08 13:35:00,189,29.7,19.86,0.2962962962962963,혼잡,오후(12-17),-0.25881904510252035,-0.9659258262890684
2017-04-08 13:40:00,155,38.8,7.58,0.25161290322580643,혼잡,오후(12-17),-0.25881904510252035,-0.9659258262890684
2017-04-08 13:45:00,220,38.2,10.9,0.3090909090909091,혼잡,오후(12-17),-0.25881904510252035,-0.9659258262890684
2017-04-08 13:50:00,215,34.4,13.27,0.35348837209302325,혼잡,오후(12-17),-0.25881904510252035,-0.9659258262890684
2017-04-08 13:55:00,229,30.6,28.98,0.27510917030567683,혼잡,오후(12-17),-0.25881904510252035,-0.9659258262890684
2017-04-08 14:00:00,191,30.2,28.55,0.2198952879581152,혼잡,오후(12-17),-0.5000000000000001,-0.8660254037844386
2017-04-08 14:05:00,208,37.8,13.46,0.28846153846153844,혼잡,오후(12-17),-0.5000000000000001,-0.8660254037844386
2017-04-08 14:10:00,254,30.5,29.53,0.2952755905511811,혼잡,오후(12-17),-0.5000000000000001,-0.8660254037844386
2017-04-08 14:15:00,225,32.5,24.86,0.31555555555555553,혼잡,오후(12-17),-0.5000000000000001,-0.8660254037844386
2017-04-08 14:20:00,196,29.7,25.26,0.3010204081632653,혼잡,오후(12-17),-0.5000000000000001,-0.8660254037844386
2017-04-08 14:25:00,194,34.1,14.91,0.32989690721649484,혼잡,오후(12-17),-0.5000000000000001,-0.8660254037844386
2017-04-08 14:30:00,236,31.2,22.84,0.2966101694915254,혼잡,오후(12-17),-0.5000000000000001,-0.8660254037844386
2017-04-08 14:35:00,203,38.8,11.05,0.33004926108374383,혼잡,오후(12-17),-0.5000000000000001,-0.8660254037844386
2017-04-08 14:40:00,163,44.5,7.05,0.31901840490797545,혼잡,오후(12-17),-0.5000000000000001,-0.8660254037844386
2017-04-08 14:45:00,183,35.2,18.59,0.26229508196721313,혼잡,오후(12-17),-0.5000000000000001,-0.8660254037844386
2017-04-08 14:50:00,216,23.8,44.24,0.32407407407407407,혼잡,오후(12-17),-0.5000000000000001,-0.8660254037844386
2017-04-08 14:55:00,225,27.8,40.58,0.24888888888888888,혼잡,오후(12-17),-0.5000000000000001,-0.8660254037844386
2017-04-08 15:00:00,162,24.5,50.51,0.30246913580246915,혼잡,오후(12-17),-0.7071067811865475,-0.7071067811865477
2017-04-08 15:05:00,157,23.3,60.52,0.3184713375796178,혼잡,오후(12-17),-0.7071067811865475,-0.7071067811865477
2017-04-08 15:10:00,235,27.4,49.46,0.28085106382978725,혼잡,오후(12-17),-0.7071067811865475,-0.7071067811865477
2017-04-08 15:15:00,209,23.6,57.81,0.23444976076555024,혼잡,오후(12-17),-0.7071067811865475,-0.7071067811865477
2017-04-08 15:20:00,211,26.4,52.96,0.23696682464454977,혼잡,오후(12-17),-0.7071067811865475,-0.7071067811865477
2017-04-08 15:25:00,156,24.3,48.4,0.1987179487179487,혼잡,오후(12-17),-0.7071067811865475,-0.7071067811865477
2017-04-08 15:30:00,190,36.3,9.57,0.21578947368421053,혼잡,오후(12-17),-0.7071067811865475,-0.7071067811865477
2017-04-08 15:35:00,236,26.9,27.88,0.23728813559322035,혼잡,오후(12-17),-0.7071067811865475,-0.7071067811865477
2017-04-08 15:40:00,188,36.9,20.63,0.2712765957446808,혼잡,오후(12-17),-0.7071067811865475,-0.7071067811865477
2017-04-08 15:45:00,192,36.0,10.89,0.21875,혼잡,오후(12-17),-0.7071067811865475,-0.7071067811865477
2017-04-08 15:50:00,177,39.0,8.9,0.2542372881355932,혼잡,오후(12-17),-0.7071067811865475,-0.7071067811865477
2017-04-08 15:55:00,230,33.6,13.78,0.2217391304347826,혼잡,오후(12-17),-0.7071067811865475,-0.7071067811865477
2017-04-08 16:00:00,207,36.6,11.54,0.25120772946859904,혼잡,오후(12-17),-0.8660254037844385,-0.5000000000000004
2017-04-08 16:05:00,181,38.3,10.26,0.2430939226519337,혼잡,오후(12-17),-0.8660254037844385,-0.5000000000000004
2017-04-08 16:10:00,173,38.0,8.96,0.26011560693641617,혼잡,오후(12-17),-0.8660254037844385,-0.5000000000000004
2017-04-08 16:15:00,224,38.9,12.35,0.24107142857142858,혼잡,오후(12-17),-0.8660254037844385,-0.5000000000000004
2017-04-08 16:20:00,221,42.3,9.68,0.26244343891402716,혼잡,오후(12-17),-0.8660254037844385,-0.5000000000000004
2017-04-08 16:25:00,185,37.7,12.94,0.3027027027027027,혼잡,오후(12-17),-0.8660254037844385,-0.5000000000000004
2017-04-08 16:30:00,169,38.2,9.58,0.26627218934911245,혼잡,오후(12-17),-0.8660254037844385,-0.5000000000000004
2017-04-08 16:35:00,188,43.3,7.9,0.2712765957446808,혼잡,오후(12-17),-0.8660254037844385,-0.5000000000000004
2017-04-08 16:40:00,222,44.1,9.66,0.25675675675675674,혼잡,오후(12-17),-0.8660254037844385,-0.5000000000000004
2017-04-08 16:45:00,192,41.1,9.58,0.22916666666666666,혼잡,오후(12-17),-0.8660254037844385,-0.5000000000000004
2017-04-08 16:50:00,142,41.3,7.75,0.23943661971830985,혼잡,오후(12-17),-0.8660254037844385,-0.5000000000000004
2017-04-08 16:55:00,173,41.8,8.6,0.31213872832369943,혼잡,오후(12-17),-0.8660254037844385,-0.5000000000000004
2017-04-08 17:00:00,173,42.6,7.87,0.24277456647398843,혼잡,오후(12-17),-0.9659258262890683,-0.25881904510252063
2017-04-08 17:05:00,188,42.0,8.27,0.22340425531914893,혼잡,오후(12-17),-0.9659258262890683,-0.25881904510252063
2017-04-08 17:10:00,165,41.6,7.71,0.3333333333333333,혼잡,오후(12-17),-0.9659258262890683,-0.25881904510252063
2017-04-08 17:15:00,171,42.5,8.08,0.28654970760233917,혼잡,오후(12-17),-0.9659258262890683,-0.25881904510252063
2017-04-08 17:20:00,212,43.0,9.88,0.2830188679245283,혼잡,오후(12-17),-0.9659258262890683,-0.25881904510252063
2017-04-08 17:25:00,191,41.6,9.53,0.225130890052356,혼잡,오후(12-17),-0.9659258262890683,-0.25881904510252063
2017-04-08 17:30:00,170,39.2,8.23,0.2823529411764706,혼잡,오후(12-17),-0.9659258262890683,-0.25881904510252063
2017-04-08 17:35:00,149,40.2,7.12,0.21476510067114093,혼잡,오후(12-17),-0.9659258262890683,-0.25881904510252063
2017-04-08 17:40:00,213,40.8,10.02,0.29107981220657275,혼잡,오후(12-17),-0.9659258262890683,-0.25881904510252063
2017-04-08 17:45:00,195,41.6,9.23,0.27692307692307694,혼잡,오후(12-17),-0.9659258262890683,-0.25881904510252063
2017-04-08 17:50:00,173,39.0,10.93,0.2138728323699422,혼잡,오후(12-17),-0.9659258262890683,-0.25881904510252063
2017-04-08 17:55:00,148,40.4,8.24,0.1891891891891892,혼잡,오후(12-17),-0.9659258262890683,-0.25881904510252063
2017-04-08 18:00:00,173,42.7,9.57,0.2658959537572254,혼잡,저녁(18-23),-1.0,-1.8369701987210297e-16
2017-04-08 18:05:00,214,41.1,9.95,0.3037383177570093,혼잡,저녁(18-23),-1.0,-1.8369701987210297e-16
2017-04-08 18:10:00,179,41.2,7.9,0.24581005586592178,혼잡,저녁(18-23),-1.0,-1.8369701987210297e-16
2017-04-08 18:15:00,169,42.3,7.88,0.2781065088757396,혼잡,저녁(18-23),-1.0,-1.8369701987210297e-16
2017-04-08 18:20:00,165,41.4,8.11,0.2606060606060606,혼잡,저녁(18-23),-1.0,-1.8369701987210297e-16
2017-04-08 18:25:00,214,40.2,10.92,0.2803738317757009,혼잡,저녁(18-23),-1.0,-1.8369701987210297e-16
2017-04-08 18:30:00,180,37.6,9.59,0.24444444444444444,혼잡,저녁(18-23),-1.0,-1.8369701987210297e-16
2017-04-08 18:35:00,156,41.5,7.33,0.3141025641025641,혼잡,저녁(18-23),-1.0,-1.8369701987210297e-16
2017-04-08 18:40:00,159,41.6,7.99,0.20125786163522014,혼잡,저녁(18-23),-1.0,-1.8369701987210297e-16
2017-04-08 18:45:00,176,41.1,9.58,0.23295454545454544,혼잡,저녁(18-23),-1.0,-1.8369701987210297e-16
2017-04-08 18:50:00,177,41.5,8.79,0.2542372881355932,혼잡,저녁(18-23),-1.0,-1.8369701987210297e-16
2017-04-08 18:55:00,141,46.3,6.2,0.2624113475177305,보통,저녁(18-23),-1.0,-1.8369701987210297e-16
2017-04-08 19:00:00,151,44.5,6.74,0.33774834437086093,혼잡,저녁(18-23),-0.9659258262890684,0.2588190451025203
2017-04-08 19:05:00,175,42.3,8.41,0.18285714285714286,혼잡,저녁(18-23),-0.9659258262890684,0.2588190451025203
2017-04-08 19:10:00,175,41.5,9.17,0.12571428571428572,혼잡,저녁(18-23),-0.9659258262890684,0.2588190451025203
2017-04-08 19:15:00,173,38.7,11.22,0.1329479768786127,혼잡,저녁(18-23),-0.9659258262890684,0.2588190451025203
2017-04-08 19:20:00,132,42.5,6.22,0.22727272727272727,보통,저녁(18-23),-0.9659258262890684,0.2588190451025203
2017-04-08 19:25:00,149,43.4,7.45,0.19463087248322147,혼잡,저녁(18-23),-0.9659258262890684,0.2588190451025203
2017-04-08 19:30:00,170,42.5,9.16,0.18235294117647058,혼잡,저녁(18-23),-0.9659258262890684,0.2588190451025203
2017-04-08 19:35:00,125,41.2,6.49,0.184,보통,저녁(18-23),-0.9659258262890684,0.2588190451025203
2017-04-08 19:40:00,115,45.2,6.24,0.1391304347826087,보통,저녁(18-23),-0.9659258262890684,0.2588190451025203
2017-04-08 19:45:00,108,47.3,5.45,0.25,보통,저녁(18-23),-0.9659258262890684,0.2588190451025203
2017-04-08 19:50:00,156,44.9,8.28,0.1858974358974359,혼잡,저녁(18-23),-0.9659258262890684,0.2588190451025203
2017-04-08 19:55:00,136,46.8,6.57,0.19852941176470587,보통,저녁(18-23),-0.9659258262890684,0.2588190451025203
2017-04-08 20:00:00,108,45.4,5.19,0.2037037037037037,보통,저녁(18-23),-0.8660254037844386,0.5000000000000001
2017-04-08 20:05:00,130,41.1,6.84,0.2153846153846154,혼잡,저녁(18-23),-0.8660254037844386,0.5000000000000001
2017-04-08 20:10:00,130,41.5,6.71,0.2076923076923077,혼잡,저녁(18-23),-0.8660254037844386,0.5000000000000001
2017-04-08 20:15:00,150,45.4,7.98,0.24666666666666667,혼잡,저녁(18-23),-0.8660254037844386,0.5000000000000001
2017-04-08 20:20:00,129,42.6,6.59,0.15503875968992248,보통,저녁(18-23),-0.8660254037844386,0.5000000000000001
2017-04-08 20:25:00,70,43.0,3.4,0.2,원활,저녁(18-23),-0.8660254037844386,0.5000000000000001
2017-04-08 20:30:00,151,42.1,8.62,0.12582781456953643,혼잡,저녁(18-23),-0.8660254037844386,0.5000000000000001
2017-04-08 20:35:00,151,42.2,8.05,0.1986754966887417,혼잡,저녁(18-23),-0.8660254037844386,0.5000000000000001
2017-04-08 20:40:00,123,43.9,6.5,0.17073170731707318,보통,저녁(18-23),-0.8660254037844386,0.5000000000000001
2017-04-08 20:45:00,111,46.0,5.4,0.23423423423423423,보통,저녁(18-23),-0.8660254037844386,0.5000000000000001
2017-04-08 20:50:00,138,44.9,7.16,0.2463768115942029,혼잡,저녁(18-23),-0.8660254037844386,0.5000000000000001
2017-04-08 20:55:00,153,42.9,8.33,0.1437908496732026,혼잡,저녁(18-23),-0.8660254037844386,0.5000000000000001
2017-04-08 21:00:00,121,44.0,5.82,0.2231404958677686,보통,저녁(18-23),-0.7071067811865477,0.7071067811865474
2017-04-08 21:05:00,123,40.3,6.75,0.23577235772357724,혼잡,저녁(18-23),-0.7071067811865477,0.7071067811865474
2017-04-08 21:10:00,113,42.6,5.51,0.18584070796460178,보통,저녁(18-23),-0.7071067811865477,0.7071067811865474
2017-04-08 21:15:00,118,40.4,6.74,0.22033898305084745,혼잡,저녁(18-23),-0.7071067811865477,0.7071067811865474
2017-04-08 21:20:00,107,46.2,5.43,0.18691588785046728,보통,저녁(18-23),-0.7071067811865477,0.7071067811865474
2017-04-08 21:25:00,123,42.7,6.19,0.10569105691056911,보통,저녁(18-23),-0.7071067811865477,0.7071067811865474
2017-04-08 21:30:00,88,51.2,3.99,0.18181818181818182,보통,저녁(18-23),-0.7071067811865477,0.7071067811865474
2017-04-08 21:35:00,102,44.0,5.25,0.18627450980392157,보통,저녁(18-23),-0.7071067811865477,0.7071067811865474
2017-04-08 21:40:00,94,44.7,4.37,0.2765957446808511,보통,저녁(18-23),-0.7071067811865477,0.7071067811865474
2017-04-08 21:45:00,97,46.4,4.47,0.15463917525773196,보통,저녁(18-23),-0.7071067811865477,0.7071067811865474
2017-04-08 21:50:00,76,45.4,5.62,0.18421052631578946,보통,저녁(18-23),-0.7071067811865477,0.7071067811865474
2017-04-08 21:55:00,80,48.5,3.82,0.275,보통,저녁(18-23),-0.7071067811865477,0.7071067811865474
2017-04-08 22:00:00,104,44.1,4.9,0.1346153846153846,보통,저녁(18-23),-0.5000000000000004,0.8660254037844384
2017-04-08 22:05:00,119,46.7,6.05,0.17647058823529413,보통,저녁(18-23),-0.5000000000000004,0.8660254037844384
2017-04-08 22:10:00,115,42.7,5.83,0.21739130434782608,보통,저녁(18-23),-0.5000000000000004,0.8660254037844384
2017-04-08 22:15:00,80,46.7,3.72,0.2125,보통,저녁(18-23),-0.5000000000000004,0.8660254037844384
2017-04-08 22:20:00,84,49.7,4.21,0.2261904761904762,보통,저녁(18-23),-0.5000000000000004,0.8660254037844384
2017-04-08 22:25:00,95,46.9,4.3,0.1368421052631579,보통,저녁(18-23),-0.5000000000000004,0.8660254037844384
2017-04-08 22:30:00,64,50.0,3.21,0.1875,원활,저녁(18-23),-0.5000000000000004,0.8660254037844384
2017-04-08 22:35:00,59,51.6,7.46,0.1694915254237288,혼잡,저녁(18-23),-0.5000000000000004,0.8660254037844384
2017-04-08 22:40:00,62,52.4,2.8,0.2903225806451613,원활,저녁(18-23),-0.5000000000000004,0.8660254037844384
2017-04-08 22:45:00,71,47.7,3.35,0.2112676056338028,원활,저녁(18-23),-0.5000000000000004,0.8660254037844384
2017-04-08 22:50:00,91,47.6,4.27,0.23076923076923078,보통,저녁(18-23),-0.5000000000000004,0.8660254037844384
2017-04-08 22:55:00,65,48.6,3.26,0.23076923076923078,원활,저녁(18-23),-0.5000000000000004,0.8660254037844384
2017-04-08 23:00:00,73,47.1,3.42,0.1780821917808219,원활,저녁(18-23),-0.2588190451025207,0.9659258262890683
2017-04-08 23:05:00,68,49.0,2.72,0.20588235294117646,원활,저녁(18-23),-0.2588190451025207,0.9659258262890683
2017-04-08 23:10:00,52,50.5,2.13,0.3076923076923077,원활,저녁(18-23),-0.2588190451025207,0.9659258262890683
2017-04-08 23:15:00,76,52.5,2.97,0.21052631578947367,원활,저녁(18-23),-0.2588190451025207,0.9659258262890683
2017-04-08 23:20:00,68,51.8,2.84,0.25,원활,저녁(18-23),-0.2588190451025207,0.9659258262890683
2017-04-08 23:25:00,51,55.1,2.26,0.3333333333333333,원활,저녁(18-23),-0.2588190451025207,0.9659258262890683
2017-04-08 23:30:00,47,57.7,2.09,0.2553191489361702,원활,저녁(18-23),-0.2588190451025207,0.9659258262890683
2017-04-08 23:35:00,61,50.9,2.91,0.3442622950819672,원활,저녁(18-23),-0.2588190451025207,0.9659258262890683
2017-04-08 23:40:00,44,51.4,1.99,0.22727272727272727,원활,저녁(18-23),-0.2588190451025207,0.9659258262890683
2017-04-08 23:45:00,65,52.3,2.84,0.23076923076923078,원활,저녁(18-23),-0.2588190451025207,0.9659258262890683
2017-04-08 23:50:00,39,60.5,1.56,0.28205128205128205,원활,저녁(18-23),-0.2588190451025207,0.9659258262890683
2017-04-08 23:55:00,43,49.2,2.15,0.27906976744186046,원활,저녁(18-23),-0.2588190451025207,0.9659258262890683
2017-04-09 00:00:00,65,54.9,2.69,0.2923076923076923,원활,새벽(0-5),0.0,1.0
2017-04-09 00:05:00,46,54.7,1.87,0.17391304347826086,원활,새벽(0-5),0.0,1.0
2017-04-09 00:10:00,22,55.5,0.94,0.2727272727272727,원활,새벽(0-5),0.0,1.0
2017-04-09 00:15:00,51,53.3,2.09,0.3137254901960784,원활,새벽(0-5),0.0,1.0
2017-04-09 00:20:00,43,59.2,1.61,0.37209302325581395,원활,새벽(0-5),0.0,1.0
2017-04-09 00:25:00,32,55.0,1.34,0.3125,원활,새벽(0-5),0.0,1.0
2017-04-09 00:30:00,52,52.5,2.06,0.21153846153846154,원활,새벽(0-5),0.0,1.0
2017-04-09 00:35:00,48,58.5,1.58,0.2708333333333333,원활,새벽(0-5),0.0,1.0
2017-04-09 00:40:00,43,61.3,1.65,0.3488372093023256,원활,새벽(0-5),0.0,1.0
2017-04-09 00:45:00,35,55.1,1.64,0.34285714285714286,원활,새벽(0-5),0.0,1.0
2017-04-09 00:50:00,38,56.3,1.42,0.2631578947368421,원활,새벽(0-5),0.0,1.0
2017-04-09 00:55:00,22,56.7,0.9,0.4090909090909091,원활,새벽(0-5),0.0,1.0
2017-04-09 01:00:00,18,52.9,0.81,0.4444444444444444,원활,새벽(0-5),0.25881904510252074,0.9659258262890683
2017-04-09 01:05:00,37,55.7,1.37,0.24324324324324326,원활,새벽(0-5),0.25881904510252074,0.9659258262890683
2017-04-09 01:10:00,25,56.7,1.05,0.4,원활,새벽(0-5),0.25881904510252074,0.9659258262890683
2017-04-09 01:15:00,26,59.0,1.12,0.34615384615384615,원활,새벽(0-5),0.25881904510252074,0.9659258262890683
2017-04-09 01:20:00,31,60.4,1.06,0.3225806451612903,원활,새벽(0-5),0.25881904510252074,0.9659258262890683
2017-04-09 01:25:00,20,69.6,0.8,0.35,원활,새벽(0-5),0.25881904510252074,0.9659258262890683
2017-04-09 01:30:00,9,63.9,0.79,0.2222222222222222,원활,새벽(0-5),0.25881904510252074,0.9659258262890683
2017-04-09 01:35:00,31,62.2,1.08,0.3548387096774194,원활,새벽(0-5),0.25881904510252074,0.9659258262890683
2017-04-09 01:40:00,25,53.2,1.06,0.36,원활,새벽(0-5),0.25881904510252074,0.9659258262890683
2017-04-09 01:45:00,21,69.4,3.59,0.19047619047619047,원활,새벽(0-5),0.25881904510252074,0.9659258262890683
2017-04-09 01:50:00,27,68.2,1.21,0.4444444444444444,원활,새벽(0-5),0.25881904510252074,0.9659258262890683
2017-04-09 01:55:00,16,60.5,0.55,0.375,원활,새벽(0-5),0.25881904510252074,0.9659258262890683
2017-04-09 02:00:00,27,60.6,1.02,0.3333333333333333,원활,새벽(0-5),0.49999999999999994,0.8660254037844387
2017-04-09 02:05:00,14,76.7,0.56,0.2857142857142857,원활,새벽(0-5),0.49999999999999994,0.8660254037844387
2017-04-09 02:10:00,35,58.8,1.14,0.4,원활,새벽(0-5),0.49999999999999994,0.8660254037844387
2017-04-09 02:15:00,21,62.6,0.75,0.5714285714285714,원활,새벽(0-5),0.49999999999999994,0.8660254037844387
2017-04-09 02:20:00,14,68.7,0.56,0.42857142857142855,원활,새벽(0-5),0.49999999999999994,0.8660254037844387
2017-04-09 02:25:00,20,67.1,0.77,0.45,원활,새벽(0-5),0.49999999999999994,0.8660254037844387
2017-04-09 02:30:00,16,59.6,0.66,0.4375,원활,새벽(0-5),0.49999999999999994,0.8660254037844387
2017-04-09 02:35:00,25,60.3,1.07,0.32,원활,새벽(0-5),0.49999999999999994,0.8660254037844387
2017-04-09 02:40:00,26,62.0,0.92,0.3076923076923077,원활,새벽(0-5),0.49999999999999994,0.8660254037844387
2017-04-09 02:45:00,19,49.8,0.71,0.10526315789473684,원활,새벽(0-5),0.49999999999999994,0.8660254037844387
2017-04-09 02:50:00,17,57.3,0.76,0.29411764705882354,원활,새벽(0-5),0.49999999999999994,0.8660254037844387
2017-04-09 02:55:00,13,58.5,0.51,0.23076923076923078,원활,새벽(0-5),0.49999999999999994,0.8660254037844387
2017-04-09 03:00:00,26,62.9,0.89,0.38461538461538464,원활,새벽(0-5),0.7071067811865476,0.7071067811865476
2017-04-09 03:05:00,17,60.3,0.78,0.47058823529411764,원활,새벽(0-5),0.7071067811865476,0.7071067811865476
2017-04-09 03:10:00,25,58.5,0.95,0.4,원활,새벽(0-5),0.7071067811865476,0.7071067811865476
2017-04-09 03:15:00,27,60.3,0.98,0.2222222222222222,원활,새벽(0-5),0.7071067811865476,0.7071067811865476
2017-04-09 03:20:00,17,75.7,0.64,0.5882352941176471,원활,새벽(0-5),0.7071067811865476,0.7071067811865476
2017-04-09 03:25:00,12,72.5,0.41,0.25,원활,새벽(0-5),0.7071067811865476,0.7071067811865476
2017-04-09 03:30:00,17,63.6,0.66,0.35294117647058826,원활,새벽(0-5),0.7071067811865476,0.7071067811865476
2017-04-09 03:35:00,15,62.0,0.67,0.26666666666666666,원활,새벽(0-5),0.7071067811865476,0.7071067811865476
2017-04-09 03:40:00,13,59.5,0.59,0.6153846153846154,원활,새벽(0-5),0.7071067811865476,0.7071067811865476
2017-04-09 03:45:00,20,59.1,1.02,0.5,원활,새벽(0-5),0.7071067811865476,0.7071067811865476
2017-04-09 03:50:00,15,59.4,0.65,0.4666666666666667,원활,새벽(0-5),0.7071067811865476,0.7071067811865476
2017-04-09 03:55:00,19,67.9,0.67,0.5263157894736842,원활,새벽(0-5),0.7071067811865476,0.7071067811865476
2017-04-09 04:00:00,14,56.6,0.55,0.2857142857142857,원활,새벽(0-5),0.8660254037844386,0.5000000000000001
2017-04-09 04:05:00,15,71.5,0.6,0.3333333333333333,원활,새벽(0-5),0.8660254037844386,0.5000000000000001
2017-04-09 04:10:00,15,58.1,0.65,0.2,원활,새벽(0-5),0.8660254037844386,0.5000000000000001
2017-04-09 04:15:00,22,56.6,0.86,0.5,원활,새벽(0-5),0.8660254037844386,0.5000000000000001
2017-04-09 04:20:00,12,62.3,0.46,0.5,원활,새벽(0-5),0.8660254037844386,0.5000000000000001
2017-04-09 04:25:00,18,78.4,0.73,0.2777777777777778,원활,새벽(0-5),0.8660254037844386,0.5000000000000001
2017-04-09 04:30:00,26,58.2,0.92,0.4230769230769231,원활,새벽(0-5),0.8660254037844386,0.5000000000000001
2017-04-09 04:35:00,25,57.9,1.13,0.36,원활,새벽(0-5),0.8660254037844386,0.5000000000000001
2017-04-09 04:40:00,18,63.0,0.83,0.3333333333333333,원활,새벽(0-5),0.8660254037844386,0.5000000000000001
2017-04-09 04:45:00,17,53.7,1.16,0.29411764705882354,원활,새벽(0-5),0.8660254037844386,0.5000000000000001
2017-04-09 04:50:00,22,66.8,0.76,0.3181818181818182,원활,새벽(0-5),0.8660254037844386,0.5000000000000001
2017-04-09 04:55:00,14,65.6,0.61,0.6428571428571429,원활,새벽(0-5),0.8660254037844386,0.5000000000000001
2017-04-09 05:00:00,25,68.8,0.97,0.4,원활,새벽(0-5),0.9659258262890683,0.25881904510252074
2017-04-09 05:05:00,14,48.5,0.6,0.5,원활,새벽(0-5),0.9659258262890683,0.25881904510252074
2017-04-09 05:10:00,33,65.0,1.15,0.30303030303030304,원활,새벽(0-5),0.9659258262890683,0.25881904510252074
2017-04-09 05:15:00,35,65.1,1.67,0.4,원활,새벽(0-5),0.9659258262890683,0.25881904510252074
2017-04-09 05:20:00,31,59.8,1.01,0.16129032258064516,원활,새벽(0-5),0.9659258262890683,0.25881904510252074
2017-04-09 05:25:00,22,62.6,0.97,0.3181818181818182,원활,새벽(0-5),0.9659258262890683,0.25881904510252074
2017-04-09 05:30:00,29,57.9,1.04,0.3103448275862069,원활,새벽(0-5),0.9659258262890683,0.25881904510252074
2017-04-09 05:35:00,41,59.4,1.88,0.36585365853658536,원활,새벽(0-5),0.9659258262890683,0.25881904510252074
2017-04-09 05:40:00,19,63.5,0.81,0.21052631578947367,원활,새벽(0-5),0.9659258262890683,0.25881904510252074
2017-04-09 05:45:00,41,50.6,1.68,0.2682926829268293,원활,새벽(0-5),0.9659258262890683,0.25881904510252074
2017-04-09 05:50:00,44,57.2,1.94,0.5454545454545454,원활,새벽(0-5),0.9659258262890683,0.25881904510252074
2017-04-09 05:55:00,40,53.6,2.05,0.525,원활,새벽(0-5),0.9659258262890683,0.25881904510252074
2017-04-09 06:00:00,40,52.1,2.26,0.475,원활,오전(6-11),1.0,6.123233995736766e-17
2017-04-09 06:05:00,40,56.9,1.57,0.375,원활,오전(6-11),1.0,6.123233995736766e-17
2017-04-09 06:10:00,35,63.0,1.23,0.2857142857142857,원활,오전(6-11),1.0,6.123233995736766e-17
2017-04-09 06:15:00,44,60.8,1.6,0.2727272727272727,원활,오전(6-11),1.0,6.123233995736766e-17
2017-04-09 06:20:00,63,62.0,1.93,0.36507936507936506,원활,오전(6-11),1.0,6.123233995736766e-17
2017-04-09 06:25:00,51,65.9,1.84,0.39215686274509803,원활,오전(6-11),1.0,6.123233995736766e-17
2017-04-09 06:30:00,47,69.0,1.75,0.2765957446808511,원활,오전(6-11),1.0,6.123233995736766e-17
2017-04-09 06:35:00,59,60.4,2.25,0.5423728813559322,원활,오전(6-11),1.0,6.123233995736766e-17
2017-04-09 06:40:00,58,52.7,2.11,0.41379310344827586,원활,오전(6-11),1.0,6.123233995736766e-17
2017-04-09 06:45:00,45,59.0,2.04,0.37777777777777777,원활,오전(6-11),1.0,6.123233995736766e-17
2017-04-09 06:50:00,50,59.9,1.87,0.3,원활,오전(6-11),1.0,6.123233995736766e-17
2017-04-09 06:55:00,61,57.5,2.13,0.36065573770491804,원활,오전(6-11),1.0,6.123233995736766e-17
2017-04-09 07:00:00,60,55.9,2.47,0.25,원활,오전(6-11),0.9659258262890683,-0.25881904510252085
2017-04-09 07:05:00,42,63.4,1.77,0.2619047619047619,원활,오전(6-11),0.9659258262890683,-0.25881904510252085
2017-04-09 07:10:00,82,56.9,2.76,0.2926829268292683,원활,오전(6-11),0.9659258262890683,-0.25881904510252085
2017-04-09 07:15:00,70,57.0,2.77,0.32857142857142857,원활,오전(6-11),0.9659258262890683,-0.25881904510252085
2017-04-09 07:20:00,101,57.0,3.98,0.22772277227722773,보통,오전(6-11),0.9659258262890683,-0.25881904510252085
2017-04-09 07:25:00,93,54.4,4.3,0.3655913978494624,보통,오전(6-11),0.9659258262890683,-0.25881904510252085
2017-04-09 07:30:00,98,55.2,3.37,0.22448979591836735,원활,오전(6-11),0.9659258262890683,-0.25881904510252085
2017-04-09 07:35:00,65,56.3,2.76,0.4307692307692308,원활,오전(6-11),0.9659258262890683,-0.25881904510252085
2017-04-09 07:40:00,44,60.3,1.73,0.36363636363636365,원활,오전(6-11),0.9659258262890683,-0.25881904510252085
2017-04-09 07:45:00,66,56.9,2.49,0.21212121212121213,원활,오전(6-11),0.9659258262890683,-0.25881904510252085
2017-04-09 07:50:00,70,54.9,2.89,0.3142857142857143,원활,오전(6-11),0.9659258262890683,-0.25881904510252085
2017-04-09 07:55:00,52,56.8,2.19,0.3269230769230769,원활,오전(6-11),0.9659258262890683,-0.25881904510252085
2017-04-09 08:00:00,63,61.2,2.1,0.42857142857142855,원활,오전(6-11),0.8660254037844387,-0.4999999999999998
2017-04-09 08:05:00,61,58.1,2.47,0.29508196721311475,원활,오전(6-11),0.8660254037844387,-0.4999999999999998
2017-04-09 08:10:00,55,54.5,2.47,0.34545454545454546,원활,오전(6-11),0.8660254037844387,-0.4999999999999998
2017-04-09 08:15:00,86,55.6,2.87,0.29069767441860467,원활,오전(6-11),0.8660254037844387,-0.4999999999999998
2017-04-09 08:20:00,75,54.7,2.65,0.18666666666666668,원활,오전(6-11),0.8660254037844387,-0.4999999999999998
2017-04-09 08:25:00,85,54.2,3.92,0.3176470588235294,보통,오전(6-11),0.8660254037844387,-0.4999999999999998
2017-04-09 08:30:00,75,50.5,3.09,0.3333333333333333,원활,오전(6-11),0.8660254037844387,-0.4999999999999998
2017-04-09 08:35:00,84,53.8,3.3,0.30952380952380953,원활,오전(6-11),0.8660254037844387,-0.4999999999999998
2017-04-09 08:40:00,111,45.6,6.56,0.25225225225225223,보통,오전(6-11),0.8660254037844387,-0.4999999999999998
2017-04-09 08:45:00,142,44.7,8.2,0.30985915492957744,혼잡,오전(6-11),0.8660254037844387,-0.4999999999999998
2017-04-09 08:50:00,137,44.3,8.77,0.24817518248175183,혼잡,오전(6-11),0.8660254037844387,-0.4999999999999998
2017-04-09 08:55:00,99,43.4,6.66,0.30303030303030304,혼잡,오전(6-11),0.8660254037844387,-0.4999999999999998
2017-04-09 09:00:00,115,50.2,4.75,0.3217391304347826,보통,오전(6-11),0.7071067811865476,-0.7071067811865475
2017-04-09 09:05:00,132,48.2,5.36,0.2803030303030303,보통,오전(6-11),0.7071067811865476,-0.7071067811865475
2017-04-09 09:10:00,109,54.7,4.01,0.3119266055045872,보통,오전(6-11),0.7071067811865476,-0.7071067811865475
2017-04-09 09:15:00,125,48.8,6.47,0.312,보통,오전(6-11),0.7071067811865476,-0.7071067811865475
2017-04-09 09:20:00,93,51.3,3.21,0.3655913978494624,원활,오전(6-11),0.7071067811865476,-0.7071067811865475
2017-04-09 09:25:00,111,50.6,4.89,0.3153153153153153,보통,오전(6-11),0.7071067811865476,-0.7071067811865475
2017-04-09 09:30:00,85,49.0,3.91,0.38823529411764707,보통,오전(6-11),0.7071067811865476,-0.7071067811865475
2017-04-09 09:35:00,91,51.9,3.73,0.38461538461538464,보통,오전(6-11),0.7071067811865476,-0.7071067811865475
2017-04-09 09:40:00,133,52.6,4.83,0.44360902255639095,보통,오전(6-11),0.7071067811865476,-0.7071067811865475
2017-04-09 09:45:00,78,52.7,3.49,0.358974358974359,원활,오전(6-11),0.7071067811865476,-0.7071067811865475
2017-04-09 09:50:00,111,51.2,4.49,0.3963963963963964,보통,오전(6-11),0.7071067811865476,-0.7071067811865475
2017-04-09 09:55:00,104,51.7,3.77,0.375,보통,오전(6-11),0.7071067811865476,-0.7071067811865475
2017-04-09 10:00:00,105,51.7,4.6,0.29523809523809524,보통,오전(6-11),0.49999999999999994,-0.8660254037844387
2017-04-09 10:05:00,109,47.2,4.69,0.3853211009174312,보통,오전(6-11),0.49999999999999994,-0.8660254037844387
2017-04-09 10:10:00,115,55.1,3.88,0.28695652173913044,보통,오전(6-11),0.49999999999999994,-0.8660254037844387
2017-04-09 10:15:00,83,49.2,4.26,0.3614457831325301,보통,오전(6-11),0.49999999999999994,-0.8660254037844387
2017-04-09 10:20:00,121,46.9,5.5,0.4793388429752066,보통,오전(6-11),0.49999999999999994,-0.8660254037844387
2017-04-09 10:25:00,166,37.3,10.65,0.3614457831325301,혼잡,오전(6-11),0.49999999999999994,-0.8660254037844387
2017-04-09 10:30:00,172,42.2,8.47,0.3430232558139535,혼잡,오전(6-11),0.49999999999999994,-0.8660254037844387
2017-04-09 10:35:00,147,44.5,8.3,0.2585034013605442,혼잡,오전(6-11),0.49999999999999994,-0.8660254037844387
2017-04-09 10:40:00,156,37.3,14.86,0.3141025641025641,혼잡,오전(6-11),0.49999999999999994,-0.8660254037844387
2017-04-09 10:45:00,176,32.8,21.98,0.32954545454545453,혼잡,오전(6-11),0.49999999999999994,-0.8660254037844387
2017-04-09 10:50:00,139,35.8,14.33,0.38848920863309355,혼잡,오전(6-11),0.49999999999999994,-0.8660254037844387
2017-04-09 10:55:00,136,40.7,8.28,0.4117647058823529,혼잡,오전(6-11),0.49999999999999994,-0.8660254037844387
2017-04-09 11:00:00,166,41.2,7.99,0.3132530120481928,혼잡,오전(6-11),0.258819045102521,-0.9659258262890682
2017-04-09 11:05:00,137,41.6,8.06,0.3722627737226277,혼잡,오전(6-11),0.258819045102521,-0.9659258262890682
2017-04-09 11:10:00,177,37.8,10.99,0.3502824858757062,혼잡,오전(6-11),0.258819045102521,-0.9659258262890682
2017-04-09 11:15:00,166,37.1,9.28,0.39759036144578314,혼잡,오전(6-11),0.258819045102521,-0.9659258262890682
2017-04-09 11:20:00,158,42.0,8.39,0.3670886075949367,혼잡,오전(6-11),0.258819045102521,-0.9659258262890682
2017-04-09 11:25:00,171,40.1,9.19,0.3157894736842105,혼잡,오전(6-11),0.258819045102521,-0.9659258262890682
2017-04-09 11:30:00,172,36.4,11.89,0.29069767441860467,혼잡,오전(6-11),0.258819045102521,-0.9659258262890682
2017-04-09 11:35:00,140,34.1,13.11,0.2714285714285714,혼잡,오전(6-11),0.258819045102521,-0.9659258262890682
2017-04-09 11:40:00,169,40.7,10.11,0.31952662721893493,혼잡,오전(6-11),0.258819045102521,-0.9659258262890682
2017-04-09 11:45:00,188,42.1,9.83,0.3776595744680851,혼잡,오전(6-11),0.258819045102521,-0.9659258262890682
2017-04-09 11:50:00,137,40.0,11.03,0.30656934306569344,혼잡,오전(6-11),0.258819045102521,-0.9659258262890682
2017-04-09 11:55:00,188,40.4,9.79,0.26595744680851063,혼잡,오전(6-11),0.258819045102521,-0.9659258262890682
2017-04-09 12:00:00,206,38.2,10.32,0.32524271844660196,혼잡,오후(12-17),1.2246467991473532e-16,-1.0
2017-04-09 12:05:00,161,40.5,8.67,0.2608695652173913,혼잡,오후(12-17),1.2246467991473532e-16,-1.0
2017-04-09 12:10:00,148,42.1,7.54,0.35135135135135137,혼잡,오후(12-17),1.2246467991473532e-16,-1.0
2017-04-09 12:15:00,192,42.5,8.22,0.328125,혼잡,오후(12-17),1.2246467991473532e-16,-1.0
2017-04-09 12:20:00,116,48.5,5.79,0.22413793103448276,보통,오후(12-17),1.2246467991473532e-16,-1.0
2017-04-09 12:25:00,163,44.3,7.5,0.26993865030674846,혼잡,오후(12-17),1.2246467991473532e-16,-1.0
2017-04-09 12:30:00,199,37.5,11.96,0.35175879396984927,혼잡,오후(12-17),1.2246467991473532e-16,-1.0
2017-04-09 12:35:00,200,33.3,14.19,0.26,혼잡,오후(12-17),1.2246467991473532e-16,-1.0
2017-04-09 12:40:00,158,38.3,11.44,0.3860759493670886,혼잡,오후(12-17),1.2246467991473532e-16,-1.0
2017-04-09 12:45:00,164,40.8,9.78,0.3170731707317073,혼잡,오후(12-17),1.2246467991473532e-16,-1.0
2017-04-09 12:50:00,197,35.5,14.51,0.3350253807106599,혼잡,오후(12-17),1.2246467991473532e-16,-1.0
2017-04-09 12:55:00,143,36.5,10.11,0.2937062937062937,혼잡,오후(12-17),1.2246467991473532e-16,-1.0
2017-04-09 13:00:00,180,37.9,10.43,0.26666666666666666,혼잡,오후(12-17),-0.25881904510252035,-0.9659258262890684
2017-04-09 13:05:00,210,40.8,10.08,0.319047619047619,혼잡,오후(12-17),-0.25881904510252035,-0.9659258262890684
2017-04-09 13:10:00,183,43.0,9.58,0.3551912568306011,혼잡,오후(12-17),-0.25881904510252035,-0.9659258262890684
2017-04-09 13:15:00,208,38.8,11.63,0.3701923076923077,혼잡,오후(12-17),-0.25881904510252035,-0.9659258262890684
2017-04-09 13:20:00,195,42.8,9.03,0.3333333333333333,혼잡,오후(12-17),-0.25881904510252035,-0.9659258262890684
2017-04-09 13:25:00,192,40.1,9.88,0.328125,혼잡,오후(12-17),-0.25881904510252035,-0.9659258262890684
2017-04-09 13:30:00,134,42.5,7.24,0.2835820895522388,혼잡,오후(12-17),-0.25881904510252035,-0.9659258262890684
2017-04-09 13:35:00,173,41.5,8.52,0.35260115606936415,혼잡,오후(12-17),-0.25881904510252035,-0.9659258262890684
2017-04-09 13:40:00,211,38.6,11.54,0.24644549763033174,혼잡,오후(12-17),-0.25881904510252035,-0.9659258262890684
2017-04-09 13:45:00,175,42.2,9.14,0.28,혼잡,오후(12-17),-0.25881904510252035,-0.9659258262890684
2017-04-09 13:50:00,215,37.5,12.05,0.26976744186046514,혼잡,오후(12-17),-0.25881904510252035,-0.9659258262890684
2017-04-09 13:55:00,219,37.5,10.51,0.3287671232876712,혼잡,오후(12-17),-0.25881904510252035,-0.9659258262890684
2017-04-09 14:00:00,168,41.6,8.81,0.22023809523809523,혼잡,오후(12-17),-0.5000000000000001,-0.8660254037844386
2017-04-09 14:05:00,175,41.6,8.62,0.2742857142857143,혼잡,오후(12-17),-0.5000000000000001,-0.8660254037844386
2017-04-09 14:10:00,200,39.1,10.09,0.285,혼잡,오후(12-17),-0.5000000000000001,-0.8660254037844386
2017-04-09 14:15:00,130,40.7,6.95,0.2153846153846154,혼잡,오후(12-17),-0.5000000000000001,-0.8660254037844386
2017-04-09 14:20:00,188,41.7,9.48,0.2872340425531915,혼잡,오후(12-17),-0.5000000000000001,-0.8660254037844386
2017-04-09 14:25:00,198,40.7,8.59,0.29797979797979796,혼잡,오후(12-17),-0.5000000000000001,-0.8660254037844386
2017-04-09 14:30:00,174,41.1,9.37,0.3103448275862069,혼잡,오후(12-17),-0.5000000000000001,-0.8660254037844386
2017-04-09 14:35:00,183,43.1,8.55,0.29508196721311475,혼잡,오후(12-17),-0.5000000000000001,-0.8660254037844386
2017-04-09 14:40:00,196,42.0,9.7,0.2653061224489796,혼잡,오후(12-17),-0.5000000000000001,-0.8660254037844386
2017-04-09 14:45:00,181,41.1,10.32,0.2983425414364641,혼잡,오후(12-17),-0.5000000000000001,-0.8660254037844386
2017-04-09 14:50:00,171,39.4,9.55,0.30994152046783624,혼잡,오후(12-17),-0.5000000000000001,-0.8660254037844386
2017-04-09 14:55:00,142,43.7,7.73,0.31690140845070425,혼잡,오후(12-17),-0.5000000000000001,-0.8660254037844386
2017-04-09 15:00:00,207,41.2,9.55,0.2898550724637681,혼잡,오후(12-17),-0.7071067811865475,-0.7071067811865477
2017-04-09 15:05:00,179,39.1,10.23,0.3128491620111732,혼잡,오후(12-17),-0.7071067811865475,-0.7071067811865477
2017-04-09 15:10:00,162,42.6,7.08,0.2839506172839506,혼잡,오후(12-17),-0.7071067811865475,-0.7071067811865477
2017-04-09 15:15:00,190,38.4,12.4,0.3105263157894737,혼잡,오후(12-17),-0.7071067811865475,-0.7071067811865477
2017-04-09 15:20:00,160,42.6,7.03,0.21875,혼잡,오후(12-17),-0.7071067811865475,-0.7071067811865477
2017-04-09 15:25:00,169,42.7,7.0,0.22485207100591717,혼잡,오후(12-17),-0.7071067811865475,-0.7071067811865477
2017-04-09 15:30:00,155,40.5,8.62,0.2645161290322581,혼잡,오후(12-17),-0.7071067811865475,-0.7071067811865477
2017-04-09 15:35:00,137,39.7,7.97,0.20437956204379562,혼잡,오후(12-17),-0.7071067811865475,-0.7071067811865477
2017-04-09 15:40:00,163,39.3,8.16,0.22699386503067484,혼잡,오후(12-17),-0.7071067811865475,-0.7071067811865477
2017-04-09 15:45:00,197,37.2,9.98,0.28426395939086296,혼잡,오후(12-17),-0.7071067811865475,-0.7071067811865477
2017-04-09 15:50:00,171,42.4,8.46,0.2222222222222222,혼잡,오후(12-17),-0.7071067811865475,-0.7071067811865477
2017-04-09 15:55:00,170,39.6,6.7,0.24705882352941178,혼잡,오후(12-17),-0.7071067811865475,-0.7071067811865477
2017-04-09 16:00:00,185,41.6,8.08,0.23783783783783785,혼잡,오후(12-17),-0.8660254037844385,-0.5000000000000004
2017-04-09 16:05:00,165,40.5,8.8,0.26666666666666666,혼잡,오후(12-17),-0.8660254037844385,-0.5000000000000004
2017-04-09 16:10:00,194,42.7,8.09,0.26288659793814434,혼잡,오후(12-17),-0.8660254037844385,-0.5000000000000004
2017-04-09 16:15:00,154,43.5,7.61,0.2922077922077922,혼잡,오후(12-17),-0.8660254037844385,-0.5000000000000004
2017-04-09 16:20:00,123,45.4,6.34,0.2682926829268293,보통,오후(12-17),-0.8660254037844385,-0.5000000000000004
2017-04-09 16:25:00,179,41.8,10.59,0.2346368715083799,혼잡,오후(12-17),-0.8660254037844385,-0.5000000000000004
2017-04-09 16:30:00,145,44.2,6.77,0.2413793103448276,혼잡,오후(12-17),-0.8660254037844385,-0.5000000000000004
2017-04-09 16:35:00,141,45.8,8.22,0.23404255319148937,혼잡,오후(12-17),-0.8660254037844385,-0.5000000000000004
2017-04-09 16:40:00,133,46.2,5.53,0.24060150375939848,보통,오후(12-17),-0.8660254037844385,-0.5000000000000004
2017-04-09 16:45:00,172,45.8,6.84,0.3488372093023256,혼잡,오후(12-17),-0.8660254037844385,-0.5000000000000004
2017-04-09 16:50:00,139,42.0,6.95,0.2446043165467626,혼잡,오후(12-17),-0.8660254037844385,-0.5000000000000004
2017-04-09 16:55:00,97,45.7,4.36,0.2268041237113402,보통,오후(12-17),-0.8660254037844385,-0.5000000000000004
2017-04-09 17:00:00,169,49.6,6.29,0.2958579881656805,보통,오후(12-17),-0.9659258262890683,-0.25881904510252063
2017-04-09 17:05:00,114,47.5,5.99,0.24561403508771928,보통,오후(12-17),-0.9659258262890683,-0.25881904510252063
2017-04-09 17:10:00,79,43.5,13.08,0.27848101265822783,혼잡,오후(12-17),-0.9659258262890683,-0.25881904510252063
2017-04-09 17:15:00,148,45.9,6.58,0.30405405405405406,보통,오후(12-17),-0.9659258262890683,-0.25881904510252063
2017-04-09 17:20:00,155,42.7,7.11,0.3096774193548387,혼잡,오후(12-17),-0.9659258262890683,-0.25881904510252063
2017-04-09 17:25:00,108,46.4,5.45,0.3333333333333333,보통,오후(12-17),-0.9659258262890683,-0.25881904510252063
2017-04-09 17:30:00,135,46.8,5.88,0.23703703703703705,보통,오후(12-17),-0.9659258262890683,-0.25881904510252063
2017-04-09 17:35:00,136,50.2,4.92,0.33088235294117646,보통,오후(12-17),-0.9659258262890683,-0.25881904510252063
2017-04-09 17:40:00,88,49.0,3.91,0.29545454545454547,보통,오후(12-17),-0.9659258262890683,-0.25881904510252063
2017-04-09 17:45:00,161,44.4,7.11,0.2919254658385093,혼잡,오후(12-17),-0.9659258262890683,-0.25881904510252063
2017-04-09 17:50:00,153,46.6,6.09,0.27450980392156865,보통,오후(12-17),-0.9659258262890683,-0.25881904510252063
2017-04-09 17:55:00,137,47.0,6.47,0.32116788321167883,보통,오후(12-17),-0.9659258262890683,-0.25881904510252063
2017-04-09 18:00:00,156,44.1,6.95,0.2948717948717949,혼잡,저녁(18-23),-1.0,-1.8369701987210297e-16
2017-04-09 18:05:00,161,47.1,6.55,0.2484472049689441,보통,저녁(18-23),-1.0,-1.8369701987210297e-16
2017-04-09 18:10:00,125,45.5,5.84,0.232,보통,저녁(18-23),-1.0,-1.8369701987210297e-16
2017-04-09 18:15:00,128,44.8,5.83,0.265625,보통,저녁(18-23),-1.0,-1.8369701987210297e-16
2017-04-09 18:20:00,150,47.6,6.11,0.2866666666666667,보통,저녁(18-23),-1.0,-1.8369701987210297e-16
2017-04-09 18:25:00,173,43.7,7.98,0.2947976878612717,혼잡,저녁(18-23),-1.0,-1.8369701987210297e-16
2017-04-09 18:30:00,134,47.0,6.22,0.208955223880597,보통,저녁(18-23),-1.0,-1.8369701987210297e-16
2017-04-09 18:35:00,137,48.5,5.71,0.24817518248175183,보통,저녁(18-23),-1.0,-1.8369701987210297e-16
2017-04-09 18:40:00,127,49.9,4.73,0.2755905511811024,보통,저녁(18-23),-1.0,-1.8369701987210297e-16
2017-04-09 18:45:00,123,47.5,5.7,0.3008130081300813,보통,저녁(18-23),-1.0,-1.8369701987210297e-16
2017-04-09 18:50:00,123,47.3,4.79,0.25203252032520324,보통,저녁(18-23),-1.0,-1.8369701987210297e-16
2017-04-09 18:55:00,168,45.5,7.29,0.30357142857142855,혼잡,저녁(18-23),-1.0,-1.8369701987210297e-16
2017-04-09 19:00:00,112,47.9,4.67,0.23214285714285715,보통,저녁(18-23),-0.9659258262890684,0.2588190451025203
2017-04-09 19:05:00,117,45.9,5.71,0.3076923076923077,보통,저녁(18-23),-0.9659258262890684,0.2588190451025203
2017-04-09 19:10:00,142,45.8,5.99,0.13380281690140844,보통,저녁(18-23),-0.9659258262890684,0.2588190451025203
2017-04-09 19:15:00,162,43.1,8.04,0.17901234567901234,혼잡,저녁(18-23),-0.9659258262890684,0.2588190451025203
2017-04-09 19:20:00,133,45.1,8.72,0.18045112781954886,혼잡,저녁(18-23),-0.9659258262890684,0.2588190451025203
2017-04-09 19:25:00,153,42.3,8.53,0.1568627450980392,혼잡,저녁(18-23),-0.9659258262890684,0.2588190451025203
2017-04-09 19:30:00,146,46.8,7.78,0.2534246575342466,혼잡,저녁(18-23),-0.9659258262890684,0.2588190451025203
2017-04-09 19:35:00,88,43.8,4.76,0.18181818181818182,보통,저녁(18-23),-0.9659258262890684,0.2588190451025203
2017-04-09 19:40:00,138,44.6,6.5,0.2246376811594203,보통,저녁(18-23),-0.9659258262890684,0.2588190451025203
2017-04-09 19:45:00,138,46.4,6.19,0.17391304347826086,보통,저녁(18-23),-0.9659258262890684,0.2588190451025203
2017-04-09 19:50:00,116,48.6,7.47,0.2413793103448276,혼잡,저녁(18-23),-0.9659258262890684,0.2588190451025203
2017-04-09 19:55:00,118,47.4,6.14,0.15254237288135594,보통,저녁(18-23),-0.9659258262890684,0.2588190451025203
2017-04-09 20:00:00,139,47.4,6.18,0.20863309352517986,보통,저녁(18-23),-0.8660254037844386,0.5000000000000001
2017-04-09 20:05:00,116,44.4,6.58,0.25,보통,저녁(18-23),-0.8660254037844386,0.5000000000000001
2017-04-09 20:10:00,121,44.2,6.12,0.1322314049586777,보통,저녁(18-23),-0.8660254037844386,0.5000000000000001
2017-04-09 20:15:00,101,43.6,6.17,0.13861386138613863,보통,저녁(18-23),-0.8660254037844386,0.5000000000000001
2017-04-09 20:20:00,129,47.1,5.54,0.2248062015503876,보통,저녁(18-23),-0.8660254037844386,0.5000000000000001
2017-04-09 20:25:00,107,51.6,6.57,0.2897196261682243,보통,저녁(18-23),-0.8660254037844386,0.5000000000000001
2017-04-09 20:30:00,115,46.4,5.66,0.1826086956521739,보통,저녁(18-23),-0.8660254037844386,0.5000000000000001
2017-04-09 20:35:00,120,46.4,4.91,0.19166666666666668,보통,저녁(18-23),-0.8660254037844386,0.5000000000000001
2017-04-09 20:40:00,113,42.9,7.08,0.1592920353982301,혼잡,저녁(18-23),-0.8660254037844386,0.5000000000000001
2017-04-09 20:45:00,116,46.0,8.1,0.15517241379310345,혼잡,저녁(18-23),-0.8660254037844386,0.5000000000000001
2017-04-09 20:50:00,111,47.0,4.49,0.1981981981981982,보통,저녁(18-23),-0.8660254037844386,0.5000000000000001
2017-04-09 20:55:00,65,54.8,3.02,0.2923076923076923,원활,저녁(18-23),-0.8660254037844386,0.5000000000000001
2017-04-09 21:00:00,85,51.4,4.33,0.29411764705882354,보통,저녁(18-23),-0.7071067811865477,0.7071067811865474
2017-04-09 21:05:00,128,43.9,5.94,0.25,보통,저녁(18-23),-0.7071067811865477,0.7071067811865474
2017-04-09 21:10:00,74,51.0,3.76,0.28378378378378377,보통,저녁(18-23),-0.7071067811865477,0.7071067811865474
2017-04-09 21:15:00,131,46.6,6.51,0.1984732824427481,보통,저녁(18-23),-0.7071067811865477,0.7071067811865474
2017-04-09 21:20:00,100,47.3,4.43,0.34,보통,저녁(18-23),-0.7071067811865477,0.7071067811865474
2017-04-09 21:25:00,92,49.7,4.55,0.2391304347826087,보통,저녁(18-23),-0.7071067811865477,0.7071067811865474
2017-04-09 21:30:00,77,52.4,3.52,0.2857142857142857,원활,저녁(18-23),-0.7071067811865477,0.7071067811865474
2017-04-09 21:35:00,80,44.2,4.2,0.2625,보통,저녁(18-23),-0.7071067811865477,0.7071067811865474
2017-04-09 21:40:00,95,49.3,4.1,0.23157894736842105,보통,저녁(18-23),-0.7071067811865477,0.7071067811865474
2017-04-09 21:45:00,59,51.2,3.21,0.288135593220339,원활,저녁(18-23),-0.7071067811865477,0.7071067811865474
2017-04-09 21:50:00,86,47.9,3.88,0.18604651162790697,보통,저녁(18-23),-0.7071067811865477,0.7071067811865474
2017-04-09 21:55:00,77,47.0,3.26,0.16883116883116883,원활,저녁(18-23),-0.7071067811865477,0.7071067811865474
2017-04-09 22:00:00,64,50.0,3.42,0.265625,원활,저녁(18-23),-0.5000000000000004,0.8660254037844384
2017-04-09 22:05:00,61,46.2,2.97,0.22950819672131148,원활,저녁(18-23),-0.5000000000000004,0.8660254037844384
2017-04-09 22:10:00,80,46.8,4.17,0.25,보통,저녁(18-23),-0.5000000000000004,0.8660254037844384
2017-04-09 22:15:00,50,46.2,2.86,0.4,원활,저녁(18-23),-0.5000000000000004,0.8660254037844384
2017-04-09 22:20:00,67,51.3,3.15,0.3880597014925373,원활,저녁(18-23),-0.5000000000000004,0.8660254037844384
2017-04-09 22:25:00,64,48.9,2.5,0.296875,원활,저녁(18-23),-0.5000000000000004,0.8660254037844384
2017-04-09 22:30:00,38,55.9,1.85,0.2894736842105263,원활,저녁(18-23),-0.5000000000000004,0.8660254037844384
2017-04-09 22:35:00,47,51.9,2.45,0.3404255319148936,원활,저녁(18-23),-0.5000000000000004,0.8660254037844384
2017-04-09 22:40:00,52,54.6,1.93,0.15384615384615385,원활,저녁(18-23),-0.5000000000000004,0.8660254037844384
2017-04-09 22:45:00,72,48.7,3.31,0.2638888888888889,원활,저녁(18-23),-0.5000000000000004,0.8660254037844384
2017-04-09 22:50:00,54,51.9,2.63,0.37037037037037035,원활,저녁(18-23),-0.5000000000000004,0.8660254037844384
2017-04-09 22:55:00,60,52.3,2.45,0.38333333333333336,원활,저녁(18-23),-0.5000000000000004,0.8660254037844384
2017-04-09 23:00:00,45,50.6,2.05,0.3333333333333333,원활,저녁(18-23),-0.2588190451025207,0.9659258262890683
2017-04-09 23:05:00,29,51.3,1.58,0.2413793103448276,원활,저녁(18-23),-0.2588190451025207,0.9659258262890683
2017-04-09 23:10:00,40,54.2,1.7,0.15,원활,저녁(18-23),-0.2588190451025207,0.9659258262890683
2017-04-09 23:15:00,55,51.2,2.18,0.2,원활,저녁(18-23),-0.2588190451025207,0.9659258262890683
2017-04-09 23:20:00,35,52.0,2.03,0.34285714285714286,원활,저녁(18-23),-0.2588190451025207,0.9659258262890683
2017-04-09 23:25:00,48,56.9,2.08,0.375,원활,저녁(18-23),-0.2588190451025207,0.9659258262890683
2017-04-09 23:30:00,47,49.8,1.91,0.3829787234042553,원활,저녁(18-23),-0.2588190451025207,0.9659258262890683
2017-04-09 23:35:00,31,48.3,1.62,0.22580645161290322,원활,저녁(18-23),-0.2588190451025207,0.9659258262890683
2017-04-09 23:40:00,36,54.8,1.59,0.3055555555555556,원활,저녁(18-23),-0.2588190451025207,0.9659258262890683
2017-04-09 23:45:00,36,50.5,1.4,0.2222222222222222,원활,저녁(18-23),-0.2588190451025207,0.9659258262890683
2017-04-09 23:50:00,16,57.2,0.72,0.4375,원활,저녁(18-23),-0.2588190451025207,0.9659258262890683
2017-04-09 23:55:00,27,57.6,1.2,0.14814814814814814,원활,저녁(18-23),-0.2588190451025207,0.9659258262890683
2017-04-10 00:00:00,45,61.4,1.57,0.3111111111111111,원활,새벽(0-5),0.0,1.0
2017-04-10 00:05:00,27,52.4,1.06,0.1111111111111111,원활,새벽(0-5),0.0,1.0
2017-04-10 00:10:00,20,55.8,0.96,0.35,원활,새벽(0-5),0.0,1.0
2017-04-10 00:15:00,24,53.3,0.91,0.16666666666666666,원활,새벽(0-5),0.0,1.0
2017-04-10 00:20:00,22,59.4,0.74,0.3181818181818182,원활,새벽(0-5),0.0,1.0
2017-04-10 00:25:00,20,64.7,0.71,0.3,원활,새벽(0-5),0.0,1.0
2017-04-10 00:30:00,23,56.8,0.91,0.34782608695652173,원활,새벽(0-5),0.0,1.0
2017-04-10 00:35:00,25,60.0,0.94,0.24,원활,새벽(0-5),0.0,1.0
2017-04-10 00:40:00,25,59.9,1.03,0.24,원활,새벽(0-5),0.0,1.0
2017-04-10 00:45:00,18,65.0,0.71,0.3333333333333333,원활,새벽(0-5),0.0,1.0
2017-04-10 00:50:00,26,56.8,1.13,0.38461538461538464,원활,새벽(0-5),0.0,1.0
2017-04-10 00:55:00,17,57.0,0.81,0.23529411764705882,원활,새벽(0-5),0.0,1.0
2017-04-10 01:00:00,18,56.0,0.75,0.2777777777777778,원활,새벽(0-5),0.25881904510252074,0.9659258262890683
2017-04-10 01:05:00,16,61.7,0.68,0.4375,원활,새벽(0-5),0.25881904510252074,0.9659258262890683
2017-04-10 01:10:00,16,58.0,0.69,0.375,원활,새벽(0-5),0.25881904510252074,0.9659258262890683
2017-04-10 01:15:00,15,63.6,0.51,0.3333333333333333,원활,새벽(0-5),0.25881904510252074,0.9659258262890683
2017-04-10 01:20:00,9,56.0,0.39,0.3333333333333333,원활,새벽(0-5),0.25881904510252074,0.9659258262890683
2017-04-10 01:25:00,20,63.0,0.75,0.4,원활,새벽(0-5),0.25881904510252074,0.9659258262890683
2017-04-10 01:30:00,11,60.8,0.51,0.2727272727272727,원활,새벽(0-5),0.25881904510252074,0.9659258262890683
2017-04-10 01:35:00,9,47.1,0.41,0.3333333333333333,원활,새벽(0-5),0.25881904510252074,0.9659258262890683
2017-04-10 01:40:00,9,53.9,0.28,0.0,원활,새벽(0-5),0.25881904510252074,0.9659258262890683
2017-04-10 01:45:00,10,65.1,0.36,0.5,원활,새벽(0-5),0.25881904510252074,0.9659258262890683
2017-04-10 01:50:00,13,57.2,0.49,0.3076923076923077,원활,새벽(0-5),0.25881904510252074,0.9659258262890683
2017-04-10 01:55:00,13,43.5,0.56,0.3076923076923077,원활,새벽(0-5),0.25881904510252074,0.9659258262890683
2017-04-10 02:00:00,12,61.1,0.48,0.25,원활,새벽(0-5),0.49999999999999994,0.8660254037844387
2017-04-10 02:05:00,12,67.8,0.42,0.25,원활,새벽(0-5),0.49999999999999994,0.8660254037844387
2017-04-10 02:10:00,16,60.0,0.62,0.375,원활,새벽(0-5),0.49999999999999994,0.8660254037844387
2017-04-10 02:15:00,12,60.9,0.5,0.25,원활,새벽(0-5),0.49999999999999994,0.8660254037844387
2017-04-10 02:20:00,10,65.1,0.48,0.4,원활,새벽(0-5),0.49999999999999994,0.8660254037844387
2017-04-10 02:25:00,10,62.4,0.39,0.4,원활,새벽(0-5),0.49999999999999994,0.8660254037844387
2017-04-10 02:30:00,15,55.5,0.67,0.2,원활,새벽(0-5),0.49999999999999994,0.8660254037844387
2017-04-10 02:35:00,16,51.8,0.61,0.25,원활,새벽(0-5),0.49999999999999994,0.8660254037844387
2017-04-10 02:40:00,12,56.2,0.57,0.5,원활,새벽(0-5),0.49999999999999994,0.8660254037844387
2017-04-10 02:45:00,21,82.9,3.68,0.5714285714285714,원활,새벽(0-5),0.49999999999999994,0.8660254037844387
2017-04-10 02:50:00,13,57.1,0.67,0.3076923076923077,원활,새벽(0-5),0.49999999999999994,0.8660254037844387
2017-04-10 02:55:00,9,61.3,0.33,0.2222222222222222,원활,새벽(0-5),0.49999999999999994,0.8660254037844387
2017-04-10 03:00:00,6,49.4,0.29,0.3333333333333333,원활,새벽(0-5),0.7071067811865476,0.7071067811865476
2017-04-10 03:05:00,8,54.9,0.27,0.125,원활,새벽(0-5),0.7071067811865476,0.7071067811865476
2017-04-10 03:10:00,13,62.8,0.62,0.38461538461538464,원활,새벽(0-5),0.7071067811865476,0.7071067811865476
2017-04-10 03:15:00,12,56.6,0.44,0.5833333333333334,원활,새벽(0-5),0.7071067811865476,0.7071067811865476
2017-04-10 03:20:00,9,56.8,0.36,0.2222222222222222,원활,새벽(0-5),0.7071067811865476,0.7071067811865476
2017-04-10 03:25:00,19,60.3,0.8,0.2631578947368421,원활,새벽(0-5),0.7071067811865476,0.7071067811865476
2017-04-10 03:30:00,9,71.3,0.42,0.3333333333333333,원활,새벽(0-5),0.7071067811865476,0.7071067811865476
2017-04-10 03:35:00,9,67.1,0.41,0.3333333333333333,원활,새벽(0-5),0.7071067811865476,0.7071067811865476
2017-04-10 03:40:00,12,47.6,0.92,0.5833333333333334,원활,새벽(0-5),0.7071067811865476,0.7071067811865476
2017-04-10 03:45:00,11,53.3,0.52,0.2727272727272727,원활,새벽(0-5),0.7071067811865476,0.7071067811865476
2017-04-10 03:50:00,19,50.2,0.8,0.47368421052631576,원활,새벽(0-5),0.7071067811865476,0.7071067811865476
2017-04-10 03:55:00,21,54.5,1.08,0.2857142857142857,원활,새벽(0-5),0.7071067811865476,0.7071067811865476
2017-04-10 04:00:00,10,53.8,0.39,0.2,원활,새벽(0-5),0.8660254037844386,0.5000000000000001
2017-04-10 04:05:00,19,54.3,0.88,0.15789473684210525,원활,새벽(0-5),0.8660254037844386,0.5000000000000001
2017-04-10 04:10:00,13,53.9,0.57,0.3076923076923077,원활,새벽(0-5),0.8660254037844386,0.5000000000000001
2017-04-10 04:15:00,19,63.3,0.76,0.21052631578947367,원활,새벽(0-5),0.8660254037844386,0.5000000000000001
2017-04-10 04:20:00,11,53.1,0.52,0.18181818181818182,원활,새벽(0-5),0.8660254037844386,0.5000000000000001
2017-04-10 04:25:00,23,56.2,1.11,0.34782608695652173,원활,새벽(0-5),0.8660254037844386,0.5000000000000001
2017-04-10 04:30:00,33,62.6,1.3,0.30303030303030304,원활,새벽(0-5),0.8660254037844386,0.5000000000000001
2017-04-10 04:35:00,37,67.0,1.46,0.32432432432432434,원활,새벽(0-5),0.8660254037844386,0.5000000000000001
2017-04-10 04:40:00,29,55.6,1.19,0.4482758620689655,원활,새벽(0-5),0.8660254037844386,0.5000000000000001
2017-04-10 04:45:00,30,55.5,1.32,0.3,원활,새벽(0-5),0.8660254037844386,0.5000000000000001
2017-04-10 04:50:00,43,57.2,1.79,0.3023255813953488,원활,새벽(0-5),0.8660254037844386,0.5000000000000001
2017-04-10 04:55:00,18,57.9,0.93,0.3333333333333333,원활,새벽(0-5),0.8660254037844386,0.5000000000000001
2017-04-10 05:00:00,26,53.1,1.28,0.34615384615384615,원활,새벽(0-5),0.9659258262890683,0.25881904510252074
2017-04-10 05:05:00,32,57.2,1.43,0.1875,원활,새벽(0-5),0.9659258262890683,0.25881904510252074
2017-04-10 05:10:00,51,56.7,2.0,0.3333333333333333,원활,새벽(0-5),0.9659258262890683,0.25881904510252074
2017-04-10 05:15:00,88,51.6,11.92,0.25,혼잡,새벽(0-5),0.9659258262890683,0.25881904510252074
2017-04-10 05:20:00,90,47.9,5.56,0.23333333333333334,보통,새벽(0-5),0.9659258262890683,0.25881904510252074
2017-04-10 05:25:00,86,54.7,5.39,0.313953488372093,보통,새벽(0-5),0.9659258262890683,0.25881904510252074
2017-04-10 05:30:00,65,54.1,2.68,0.27692307692307694,원활,새벽(0-5),0.9659258262890683,0.25881904510252074
2017-04-10 05:35:00,50,53.5,2.36,0.38,원활,새벽(0-5),0.9659258262890683,0.25881904510252074
2017-04-10 05:40:00,43,52.6,1.72,0.3023255813953488,원활,새벽(0-5),0.9659258262890683,0.25881904510252074
2017-04-10 05:45:00,54,54.0,2.15,0.3148148148148148,원활,새벽(0-5),0.9659258262890683,0.25881904510252074
2017-04-10 05:50:00,69,56.0,3.19,0.4057971014492754,원활,새벽(0-5),0.9659258262890683,0.25881904510252074
2017-04-10 05:55:00,74,58.1,3.04,0.44594594594594594,원활,새벽(0-5),0.9659258262890683,0.25881904510252074
2017-04-10 06:00:00,94,52.1,3.88,0.39361702127659576,보통,오전(6-11),1.0,6.123233995736766e-17
2017-04-10 06:05:00,104,54.7,3.9,0.4326923076923077,보통,오전(6-11),1.0,6.123233995736766e-17
2017-04-10 06:10:00,83,54.2,3.32,0.4457831325301205,원활,오전(6-11),1.0,6.123233995736766e-17
2017-04-10 06:15:00,102,53.9,3.9,0.3333333333333333,보통,오전(6-11),1.0,6.123233995736766e-17
2017-04-10 06:20:00,95,58.5,3.32,0.43157894736842106,원활,오전(6-11),1.0,6.123233995736766e-17
2017-04-10 06:25:00,120,53.4,5.13,0.43333333333333335,보통,오전(6-11),1.0,6.123233995736766e-17
2017-04-10 06:30:00,140,53.5,7.46,0.30714285714285716,혼잡,오전(6-11),1.0,6.123233995736766e-17
2017-04-10 06:35:00,128,58.9,4.6,0.3671875,보통,오전(6-11),1.0,6.123233995736766e-17
2017-04-10 06:40:00,148,54.3,5.71,0.39864864864864863,보통,오전(6-11),1.0,6.123233995736766e-17
2017-04-10 06:45:00,151,53.4,6.0,0.37748344370860926,보통,오전(6-11),1.0,6.123233995736766e-17
2017-04-10 06:50:00,158,48.5,6.73,0.37341772151898733,혼잡,오전(6-11),1.0,6.123233995736766e-17
2017-04-10 06:55:00,137,53.1,5.41,0.3722627737226277,보통,오전(6-11),1.0,6.123233995736766e-17
2017-04-10 07:00:00,152,48.4,6.77,0.3618421052631579,혼잡,오전(6-11),0.9659258262890683,-0.25881904510252085
2017-04-10 07:05:00,164,52.8,6.59,0.35365853658536583,보통,오전(6-11),0.9659258262890683,-0.25881904510252085
2017-04-10 07:10:00,240,50.5,10.18,0.3541666666666667,혼잡,오전(6-11),0.9659258262890683,-0.25881904510252085
2017-04-10 07:15:00,234,45.7,11.43,0.2692307692307692,혼잡,오전(6-11),0.9659258262890683,-0.25881904510252085
2017-04-10 07:20:00,206,38.8,12.03,0.3106796116504854,혼잡,오전(6-11),0.9659258262890683,-0.25881904510252085
2017-04-10 07:25:00,209,40.0,14.91,0.37320574162679426,혼잡,오전(6-11),0.9659258262890683,-0.25881904510252085
2017-04-10 07:30:00,264,39.4,15.6,0.3181818181818182,혼잡,오전(6-11),0.9659258262890683,-0.25881904510252085
2017-04-10 07:35:00,271,38.1,16.22,0.2730627306273063,혼잡,오전(6-11),0.9659258262890683,-0.25881904510252085
2017-04-10 07:40:00,231,35.7,16.07,0.2727272727272727,혼잡,오전(6-11),0.9659258262890683,-0.25881904510252085
2017-04-10 07:45:00,207,37.9,18.8,0.2995169082125604,혼잡,오전(6-11),0.9659258262890683,-0.25881904510252085
2017-04-10 07:50:00,202,36.2,34.85,0.2623762376237624,혼잡,오전(6-11),0.9659258262890683,-0.25881904510252085
2017-04-10 07:55:00,338,35.1,23.14,0.2603550295857988,혼잡,오전(6-11),0.9659258262890683,-0.25881904510252085
2017-04-10 08:00:00,223,34.0,36.07,0.31390134529147984,혼잡,오전(6-11),0.8660254037844387,-0.4999999999999998
2017-04-10 08:05:00,182,42.9,27.09,0.2802197802197802,혼잡,오전(6-11),0.8660254037844387,-0.4999999999999998
2017-04-10 08:10:00,215,31.8,44.6,0.3581395348837209,혼잡,오전(6-11),0.8660254037844387,-0.4999999999999998
2017-04-10 08:15:00,217,40.7,17.37,0.30414746543778803,혼잡,오전(6-11),0.8660254037844387,-0.4999999999999998
2017-04-10 08:20:00,275,33.3,27.86,0.2581818181818182,혼잡,오전(6-11),0.8660254037844387,-0.4999999999999998
2017-04-10 08:25:00,167,29.3,36.84,0.2934131736526946,혼잡,오전(6-11),0.8660254037844387,-0.4999999999999998
2017-04-10 08:30:00,236,35.8,15.28,0.2330508474576271,혼잡,오전(6-11),0.8660254037844387,-0.4999999999999998
2017-04-10 08:35:00,271,35.2,17.39,0.2878228782287823,혼잡,오전(6-11),0.8660254037844387,-0.4999999999999998
2017-04-10 08:40:00,276,32.9,20.05,0.2717391304347826,혼잡,오전(6-11),0.8660254037844387,-0.4999999999999998
2017-04-10 08:45:00,193,40.4,10.23,0.29015544041450775,혼잡,오전(6-11),0.8660254037844387,-0.4999999999999998
2017-04-10 08:50:00,122,51.3,5.07,0.2459016393442623,보통,오전(6-11),0.8660254037844387,-0.4999999999999998
2017-04-10 08:55:00,169,48.9,7.79,0.33136094674556216,혼잡,오전(6-11),0.8660254037844387,-0.4999999999999998
2017-04-10 09:00:00,181,48.0,7.93,0.292817679558011,혼잡,오전(6-11),0.7071067811865476,-0.7071067811865475
2017-04-10 09:05:00,177,48.2,7.91,0.3502824858757062,혼잡,오전(6-11),0.7071067811865476,-0.7071067811865475
2017-04-10 09:10:00,145,49.4,5.8,0.2896551724137931,보통,오전(6-11),0.7071067811865476,-0.7071067811865475
2017-04-10 09:15:00,150,54.1,5.71,0.36666666666666664,보통,오전(6-11),0.7071067811865476,-0.7071067811865475
2017-04-10 09:20:00,183,48.1,7.9,0.3005464480874317,혼잡,오전(6-11),0.7071067811865476,-0.7071067811865475
2017-04-10 09:25:00,187,46.9,9.23,0.3582887700534759,혼잡,오전(6-11),0.7071067811865476,-0.7071067811865475
2017-04-10 09:30:00,132,51.0,5.74,0.38636363636363635,보통,오전(6-11),0.7071067811865476,-0.7071067811865475
2017-04-10 09:35:00,146,49.9,6.09,0.410958904109589,보통,오전(6-11),0.7071067811865476,-0.7071067811865475
2017-04-10 09:40:00,111,52.3,4.85,0.3333333333333333,보통,오전(6-11),0.7071067811865476,-0.7071067811865475
2017-04-10 09:45:00,158,50.3,6.75,0.4050632911392405,혼잡,오전(6-11),0.7071067811865476,-0.7071067811865475
2017-04-10 09:50:00,165,49.2,6.63,0.3939393939393939,보통,오전(6-11),0.7071067811865476,-0.7071067811865475
2017-04-10 09:55:00,168,52.8,6.68,0.4107142857142857,혼잡,오전(6-11),0.7071067811865476,-0.7071067811865475
2017-04-10 10:00:00,159,49.8,6.65,0.3333333333333333,보통,오전(6-11),0.49999999999999994,-0.8660254037844387
2017-04-10 10:05:00,136,50.0,6.14,0.3897058823529412,보통,오전(6-11),0.49999999999999994,-0.8660254037844387
2017-04-10 10:10:00,147,48.4,7.57,0.40816326530612246,혼잡,오전(6-11),0.49999999999999994,-0.8660254037844387
2017-04-10 10:15:00,140,51.1,6.3,0.37142857142857144,보통,오전(6-11),0.49999999999999994,-0.8660254037844387
2017-04-10 10:20:00,117,52.3,5.08,0.38461538461538464,보통,오전(6-11),0.49999999999999994,-0.8660254037844387
2017-04-10 10:25:00,147,50.5,6.33,0.3469387755102041,보통,오전(6-11),0.49999999999999994,-0.8660254037844387
2017-04-10 10:30:00,141,50.1,9.76,0.375886524822695,혼잡,오전(6-11),0.49999999999999994,-0.8660254037844387
2017-04-10 10:35:00,141,50.3,8.07,0.2907801418439716,혼잡,오전(6-11),0.49999999999999994,-0.8660254037844387
2017-04-10 10:40:00,129,53.6,7.2,0.37209302325581395,혼잡,오전(6-11),0.49999999999999994,-0.8660254037844387
2017-04-10 10:45:00,135,50.6,5.63,0.362962962962963,보통,오전(6-11),0.49999999999999994,-0.8660254037844387
2017-04-10 10:50:00,100,50.2,4.18,0.36,보통,오전(6-11),0.49999999999999994,-0.8660254037844387
2017-04-10 10:55:00,128,48.5,5.85,0.3671875,보통,오전(6-11),0.49999999999999994,-0.8660254037844387
2017-04-10 11:00:00,107,49.4,4.68,0.3925233644859813,보통,오전(6-11),0.258819045102521,-0.9659258262890682
2017-04-10 11:05:00,128,49.6,5.41,0.265625,보통,오전(6-11),0.258819045102521,-0.9659258262890682
2017-04-10 11:10:00,126,52.8,4.82,0.35714285714285715,보통,오전(6-11),0.258819045102521,-0.9659258262890682
2017-04-10 11:15:00,148,48.5,6.07,0.35135135135135137,보통,오전(6-11),0.258819045102521,-0.9659258262890682
2017-04-10 11:20:00,151,51.9,5.93,0.36423841059602646,보통,오전(6-11),0.258819045102521,-0.9659258262890682
2017-04-10 11:25:00,147,44.0,7.61,0.4489795918367347,혼잡,오전(6-11),0.258819045102521,-0.9659258262890682
2017-04-10 11:30:00,109,49.9,4.11,0.3394495412844037,보통,오전(6-11),0.258819045102521,-0.9659258262890682
2017-04-10 11:35:00,137,50.1,6.06,0.35036496350364965,보통,오전(6-11),0.258819045102521,-0.9659258262890682
2017-04-10 11:40:00,130,47.9,5.76,0.36923076923076925,보통,오전(6-11),0.258819045102521,-0.9659258262890682
2017-04-10 11:45:00,179,43.9,9.13,0.3575418994413408,혼잡,오전(6-11),0.258819045102521,-0.9659258262890682
2017-04-10 11:50:00,154,44.3,7.56,0.3051948051948052,혼잡,오전(6-11),0.258819045102521,-0.9659258262890682
2017-04-10 11:55:00,182,44.7,10.81,0.31868131868131866,혼잡,오전(6-11),0.258819045102521,-0.9659258262890682
2017-04-10 12:00:00,171,45.7,7.53,0.30994152046783624,혼잡,오후(12-17),1.2246467991473532e-16,-1.0
2017-04-10 12:05:00,187,41.6,9.93,0.3582887700534759,혼잡,오후(12-17),1.2246467991473532e-16,-1.0
2017-04-10 12:10:00,155,45.7,6.86,0.34838709677419355,혼잡,오후(12-17),1.2246467991473532e-16,-1.0
2017-04-10 12:15:00,137,46.2,6.04,0.291970802919708,보통,오후(12-17),1.2246467991473532e-16,-1.0
2017-04-10 12:20:00,129,47.9,5.61,0.46511627906976744,보통,오후(12-17),1.2246467991473532e-16,-1.0
2017-04-10 12:25:00,135,44.9,6.39,0.3333333333333333,보통,오후(12-17),1.2246467991473532e-16,-1.0
2017-04-10 12:30:00,116,49.8,4.94,0.3448275862068966,보통,오후(12-17),1.2246467991473532e-16,-1.0
2017-04-10 12:35:00,139,48.2,6.05,0.381294964028777,보통,오후(12-17),1.2246467991473532e-16,-1.0
2017-04-10 12:40:00,158,51.1,6.54,0.35443037974683544,보통,오후(12-17),1.2246467991473532e-16,-1.0
2017-04-10 12:45:00,146,48.3,6.04,0.3219178082191781,보통,오후(12-17),1.2246467991473532e-16,-1.0
2017-04-10 12:50:00,149,46.4,6.97,0.35570469798657717,혼잡,오후(12-17),1.2246467991473532e-16,-1.0
2017-04-10 12:55:00,126,50.8,5.13,0.31746031746031744,보통,오후(12-17),1.2246467991473532e-16,-1.0
2017-04-10 13:00:00,133,46.5,5.79,0.3533834586466165,보통,오후(12-17),-0.25881904510252035,-0.9659258262890684
2017-04-10 13:05:00,123,49.2,5.27,0.3333333333333333,보통,오후(12-17),-0.25881904510252035,-0.9659258262890684
2017-04-10 13:10:00,170,43.0,8.02,0.27647058823529413,혼잡,오후(12-17),-0.25881904510252035,-0.9659258262890684
2017-04-10 13:15:00,163,47.2,7.56,0.37423312883435583,혼잡,오후(12-17),-0.25881904510252035,-0.9659258262890684
2017-04-10 13:20:00,160,48.5,6.62,0.30625,보통,오후(12-17),-0.25881904510252035,-0.9659258262890684
2017-04-10 13:25:00,169,50.2,7.35,0.40828402366863903,혼잡,오후(12-17),-0.25881904510252035,-0.9659258262890684
2017-04-10 13:30:00,136,45.9,5.68,0.3014705882352941,보통,오후(12-17),-0.25881904510252035,-0.9659258262890684
2017-04-10 13:35:00,148,51.5,6.14,0.3108108108108108,보통,오후(12-17),-0.25881904510252035,-0.9659258262890684
2017-04-10 13:40:00,145,49.4,6.13,0.30344827586206896,보통,오후(12-17),-0.25881904510252035,-0.9659258262890684
2017-04-10 13:45:00,136,49.4,5.95,0.3014705882352941,보통,오후(12-17),-0.25881904510252035,-0.9659258262890684
2017-04-10 13:50:00,159,49.3,6.71,0.29559748427672955,혼잡,오후(12-17),-0.25881904510252035,-0.9659258262890684
2017-04-10 13:55:00,154,49.8,6.38,0.35714285714285715,보통,오후(12-17),-0.25881904510252035,-0.9659258262890684
2017-04-10 14:00:00,157,45.3,6.72,0.37579617834394907,혼잡,오후(12-17),-0.5000000000000001,-0.8660254037844386
2017-04-10 14:05:00,159,46.9,6.37,0.31446540880503143,보통,오후(12-17),-0.5000000000000001,-0.8660254037844386
2017-04-10 14:10:00,166,45.0,7.3,0.3493975903614458,혼잡,오후(12-17),-0.5000000000000001,-0.8660254037844386
2017-04-10 14:15:00,157,46.2,6.74,0.29936305732484075,혼잡,오후(12-17),-0.5000000000000001,-0.8660254037844386
2017-04-10 14:20:00,150,50.9,5.9,0.3466666666666667,보통,오후(12-17),-0.5000000000000001,-0.8660254037844386
2017-04-10 14:25:00,140,48.9,5.73,0.35714285714285715,보통,오후(12-17),-0.5000000000000001,-0.8660254037844386
2017-04-10 14:30:00,163,45.9,7.19,0.32515337423312884,혼잡,오후(12-17),-0.5000000000000001,-0.8660254037844386
2017-04-10 14:35:00,178,47.4,7.78,0.3089887640449438,혼잡,오후(12-17),-0.5000000000000001,-0.8660254037844386
2017-04-10 14:40:00,168,47.7,7.44,0.35714285714285715,혼잡,오후(12-17),-0.5000000000000001,-0.8660254037844386
2017-04-10 14:45:00,173,47.9,7.47,0.3699421965317919,혼잡,오후(12-17),-0.5000000000000001,-0.8660254037844386
2017-04-10 14:50:00,154,44.3,6.85,0.2922077922077922,혼잡,오후(12-17),-0.5000000000000001,-0.8660254037844386
2017-04-10 14:55:00,163,45.8,7.25,0.3558282208588957,혼잡,오후(12-17),-0.5000000000000001,-0.8660254037844386
2017-04-10 15:00:00,149,46.2,5.94,0.26174496644295303,보통,오후(12-17),-0.7071067811865475,-0.7071067811865477
2017-04-10 15:05:00,145,49.4,5.84,0.3448275862068966,보통,오후(12-17),-0.7071067811865475,-0.7071067811865477
2017-04-10 15:10:00,155,48.5,6.6,0.2903225806451613,보통,오후(12-17),-0.7071067811865475,-0.7071067811865477
2017-04-10 15:15:00,156,50.4,7.23,0.28846153846153844,혼잡,오후(12-17),-0.7071067811865475,-0.7071067811865477
2017-04-10 15:20:00,176,48.0,6.98,0.18181818181818182,혼잡,오후(12-17),-0.7071067811865475,-0.7071067811865477
2017-04-10 15:25:00,145,47.7,6.68,0.296551724137931,혼잡,오후(12-17),-0.7071067811865475,-0.7071067811865477
2017-04-10 15:30:00,135,43.6,6.07,0.22962962962962963,보통,오후(12-17),-0.7071067811865475,-0.7071067811865477
2017-04-10 15:35:00,150,46.2,6.2,0.2,보통,오후(12-17),-0.7071067811865475,-0.7071067811865477
2017-04-10 15:40:00,158,41.2,7.63,0.23417721518987342,혼잡,오후(12-17),-0.7071067811865475,-0.7071067811865477
2017-04-10 15:45:00,161,44.4,6.99,0.16770186335403728,혼잡,오후(12-17),-0.7071067811865475,-0.7071067811865477
2017-04-10 15:50:00,153,47.0,6.5,0.20261437908496732,보통,오후(12-17),-0.7071067811865475,-0.7071067811865477
2017-04-10 15:55:00,167,49.7,6.68,0.2754491017964072,혼잡,오후(12-17),-0.7071067811865475,-0.7071067811865477
2017-04-10 16:00:00,177,47.0,7.46,0.23163841807909605,혼잡,오후(12-17),-0.8660254037844385,-0.5000000000000004
2017-04-10 16:05:00,196,44.9,8.65,0.29591836734693877,혼잡,오후(12-17),-0.8660254037844385,-0.5000000000000004
2017-04-10 16:10:00,75,44.5,18.03,0.26666666666666666,혼잡,오후(12-17),-0.8660254037844385,-0.5000000000000004
2017-04-10 16:15:00,161,43.5,19.08,0.2360248447204969,혼잡,오후(12-17),-0.8660254037844385,-0.5000000000000004
2017-04-10 16:20:00,144,48.0,5.89,0.2777777777777778,보통,오후(12-17),-0.8660254037844385,-0.5000000000000004
2017-04-10 16:25:00,145,47.8,7.96,0.18620689655172415,혼잡,오후(12-17),-0.8660254037844385,-0.5000000000000004
2017-04-10 16:30:00,127,50.4,5.37,0.2992125984251969,보통,오후(12-17),-0.8660254037844385,-0.5000000000000004
2017-04-10 16:35:00,177,44.3,25.97,0.2937853107344633,혼잡,오후(12-17),-0.8660254037844385,-0.5000000000000004
2017-04-10 16:40:00,161,50.1,9.6,0.2795031055900621,혼잡,오후(12-17),-0.8660254037844385,-0.5000000000000004
2017-04-10 16:45:00,149,48.9,9.07,0.30201342281879195,혼잡,오후(12-17),-0.8660254037844385,-0.5000000000000004
2017-04-10 16:50:00,132,45.7,5.77,0.3409090909090909,보통,오후(12-17),-0.8660254037844385,-0.5000000000000004
2017-04-10 16:55:00,163,46.3,7.11,0.294478527607362,혼잡,오후(12-17),-0.8660254037844385,-0.5000000000000004
2017-04-10 17:00:00,125,46.5,5.36,0.264,보통,오후(12-17),-0.9659258262890683,-0.25881904510252063
2017-04-10 17:05:00,169,50.1,8.11,0.3254437869822485,혼잡,오후(12-17),-0.9659258262890683,-0.25881904510252063
2017-04-10 17:10:00,154,44.5,6.65,0.37012987012987014,보통,오후(12-17),-0.9659258262890683,-0.25881904510252063
2017-04-10 17:15:00,138,45.3,6.11,0.35507246376811596,보통,오후(12-17),-0.9659258262890683,-0.25881904510252063
2017-04-10 17:20:00,168,44.5,7.13,0.2619047619047619,혼잡,오후(12-17),-0.9659258262890683,-0.25881904510252063
2017-04-10 17:25:00,173,47.1,7.34,0.2254335260115607,혼잡,오후(12-17),-0.9659258262890683,-0.25881904510252063
2017-04-10 17:30:00,144,46.1,6.23,0.2916666666666667,보통,오후(12-17),-0.9659258262890683,-0.25881904510252063
2017-04-10 17:35:00,114,49.5,4.77,0.2631578947368421,보통,오후(12-17),-0.9659258262890683,-0.25881904510252063
2017-04-10 17:40:00,146,47.5,6.06,0.2876712328767123,보통,오후(12-17),-0.9659258262890683,-0.25881904510252063
2017-04-10 17:45:00,179,46.1,7.42,0.3240223463687151,혼잡,오후(12-17),-0.9659258262890683,-0.25881904510252063
2017-04-10 17:50:00,153,42.7,6.99,0.3660130718954248,혼잡,오후(12-17),-0.9659258262890683,-0.25881904510252063
2017-04-10 17:55:00,127,50.4,5.07,0.2755905511811024,보통,오후(12-17),-0.9659258262890683,-0.25881904510252063
2017-04-10 18:00:00,153,46.8,6.47,0.39215686274509803,보통,저녁(18-23),-1.0,-1.8369701987210297e-16
2017-04-10 18:05:00,183,45.8,8.11,0.33879781420765026,혼잡,저녁(18-23),-1.0,-1.8369701987210297e-16
2017-04-10 18:10:00,203,39.5,9.46,0.270935960591133,혼잡,저녁(18-23),-1.0,-1.8369701987210297e-16
2017-04-10 18:15:00,170,40.3,8.21,0.29411764705882354,혼잡,저녁(18-23),-1.0,-1.8369701987210297e-16
2017-04-10 18:20:00,215,35.8,14.62,0.26046511627906976,혼잡,저녁(18-23),-1.0,-1.8369701987210297e-16
2017-04-10 18:25:00,226,36.0,14.62,0.2743362831858407,혼잡,저녁(18-23),-1.0,-1.8369701987210297e-16
2017-04-10 18:30:00,229,38.4,10.74,0.34934497816593885,혼잡,저녁(18-23),-1.0,-1.8369701987210297e-16
2017-04-10 18:35:00,141,44.2,5.75,0.2624113475177305,보통,저녁(18-23),-1.0,-1.8369701987210297e-16
2017-04-10 18:40:00,174,43.2,7.6,0.3103448275862069,혼잡,저녁(18-23),-1.0,-1.8369701987210297e-16
2017-04-10 18:45:00,188,43.3,8.23,0.4095744680851064,혼잡,저녁(18-23),-1.0,-1.8369701987210297e-16
2017-04-10 18:50:00,169,46.0,6.55,0.24260355029585798,보통,저녁(18-23),-1.0,-1.8369701987210297e-16
2017-04-10 18:55:00,164,42.6,7.63,0.38414634146341464,혼잡,저녁(18-23),-1.0,-1.8369701987210297e-16
2017-04-10 19:00:00,134,42.9,6.03,0.34328358208955223,보통,저녁(18-23),-0.9659258262890684,0.2588190451025203
2017-04-10 19:05:00,142,48.8,6.15,0.352112676056338,보통,저녁(18-23),-0.9659258262890684,0.2588190451025203
2017-04-10 19:10:00,165,44.5,7.34,0.21212121212121213,혼잡,저녁(18-23),-0.9659258262890684,0.2588190451025203
2017-04-10 19:15:00,168,42.5,8.0,0.23809523809523808,혼잡,저녁(18-23),-0.9659258262890684,0.2588190451025203
2017-04-10 19:20:00,154,39.8,7.96,0.16883116883116883,혼잡,저녁(18-23),-0.9659258262890684,0.2588190451025203
2017-04-10 19:25:00,190,40.5,10.2,0.21052631578947367,혼잡,저녁(18-23),-0.9659258262890684,0.2588190451025203
2017-04-10 19:30:00,166,43.5,9.44,0.18072289156626506,혼잡,저녁(18-23),-0.9659258262890684,0.2588190451025203
2017-04-10 19:35:00,153,44.6,7.97,0.2222222222222222,혼잡,저녁(18-23),-0.9659258262890684,0.2588190451025203
2017-04-10 19:40:00,116,46.5,5.43,0.28448275862068967,보통,저녁(18-23),-0.9659258262890684,0.2588190451025203
2017-04-10 19:45:00,110,44.3,5.64,0.2545454545454545,보통,저녁(18-23),-0.9659258262890684,0.2588190451025203
2017-04-10 19:50:00,144,45.1,7.14,0.2638888888888889,혼잡,저녁(18-23),-0.9659258262890684,0.2588190451025203
2017-04-10 19:55:00,119,45.3,5.76,0.2184873949579832,보통,저녁(18-23),-0.9659258262890684,0.2588190451025203
2017-04-10 20:00:00,114,46.7,5.15,0.14912280701754385,보통,저녁(18-23),-0.8660254037844386,0.5000000000000001
2017-04-10 20:05:00,111,44.1,5.24,0.2882882882882883,보통,저녁(18-23),-0.8660254037844386,0.5000000000000001
2017-04-10 20:10:00,136,46.1,6.47,0.18382352941176472,보통,저녁(18-23),-0.8660254037844386,0.5000000000000001
2017-04-10 20:15:00,126,45.2,6.42,0.21428571428571427,보통,저녁(18-23),-0.8660254037844386,0.5000000000000001
2017-04-10 20:20:00,122,46.5,6.54,0.21311475409836064,보통,저녁(18-23),-0.8660254037844386,0.5000000000000001
2017-04-10 20:25:00,108,45.0,5.39,0.23148148148148148,보통,저녁(18-23),-0.8660254037844386,0.5000000000000001
2017-04-10 20:30:00,129,50.4,5.79,0.23255813953488372,보통,저녁(18-23),-0.8660254037844386,0.5000000000000001
2017-04-10 20:35:00,129,45.1,6.73,0.17829457364341086,혼잡,저녁(18-23),-0.8660254037844386,0.5000000000000001
2017-04-10 20:40:00,102,47.1,5.1,0.2549019607843137,보통,저녁(18-23),-0.8660254037844386,0.5000000000000001
2017-04-10 20:45:00,90,47.7,4.3,0.2777777777777778,보통,저녁(18-23),-0.8660254037844386,0.5000000000000001
2017-04-10 20:50:00,109,44.7,5.81,0.1651376146788991,보통,저녁(18-23),-0.8660254037844386,0.5000000000000001
2017-04-10 20:55:00,106,47.6,5.79,0.24528301886792453,보통,저녁(18-23),-0.8660254037844386,0.5000000000000001
2017-04-10 21:00:00,105,45.9,4.92,0.2571428571428571,보통,저녁(18-23),-0.7071067811865477,0.7071067811865474
2017-04-10 21:05:00,90,44.6,6.98,0.24444444444444444,혼잡,저녁(18-23),-0.7071067811865477,0.7071067811865474
2017-04-10 21:10:00,115,44.0,5.95,0.22608695652173913,보통,저녁(18-23),-0.7071067811865477,0.7071067811865474
2017-04-10 21:15:00,118,45.8,5.87,0.19491525423728814,보통,저녁(18-23),-0.7071067811865477,0.7071067811865474
2017-04-10 21:20:00,128,46.1,6.35,0.171875,보통,저녁(18-23),-0.7071067811865477,0.7071067811865474
2017-04-10 21:25:00,133,41.4,7.33,0.18796992481203006,혼잡,저녁(18-23),-0.7071067811865477,0.7071067811865474
2017-04-10 21:30:00,101,43.7,4.94,0.1188118811881188,보통,저녁(18-23),-0.7071067811865477,0.7071067811865474
2017-04-10 21:35:00,101,45.9,4.47,0.19801980198019803,보통,저녁(18-23),-0.7071067811865477,0.7071067811865474
2017-04-10 21:40:00,89,45.2,4.44,0.20224719101123595,보통,저녁(18-23),-0.7071067811865477,0.7071067811865474
2017-04-10 21:45:00,85,45.2,4.23,0.15294117647058825,보통,저녁(18-23),-0.7071067811865477,0.7071067811865474
2017-04-10 21:50:00,82,47.3,3.78,0.2682926829268293,보통,저녁(18-23),-0.7071067811865477,0.7071067811865474
2017-04-10 21:55:00,95,46.3,4.2,0.21052631578947367,보통,저녁(18-23),-0.7071067811865477,0.7071067811865474
2017-04-10 22:00:00,110,46.6,5.28,0.23636363636363636,보통,저녁(18-23),-0.5000000000000004,0.8660254037844384
2017-04-10 22:05:00,98,46.3,5.04,0.22448979591836735,보통,저녁(18-23),-0.5000000000000004,0.8660254037844384
2017-04-10 22:10:00,127,42.7,7.12,0.1889763779527559,혼잡,저녁(18-23),-0.5000000000000004,0.8660254037844384
2017-04-10 22:15:00,85,50.2,4.03,0.3411764705882353,보통,저녁(18-23),-0.5000000000000004,0.8660254037844384
2017-04-10 22:20:00,74,44.4,3.71,0.21621621621621623,원활,저녁(18-23),-0.5000000000000004,0.8660254037844384
2017-04-10 22:25:00,80,48.3,3.65,0.2375,원활,저녁(18-23),-0.5000000000000004,0.8660254037844384
2017-04-10 22:30:00,71,50.4,3.02,0.28169014084507044,원활,저녁(18-23),-0.5000000000000004,0.8660254037844384
2017-04-10 22:35:00,73,50.3,3.5,0.2191780821917808,원활,저녁(18-23),-0.5000000000000004,0.8660254037844384
2017-04-10 22:40:00,98,46.8,4.65,0.22448979591836735,보통,저녁(18-23),-0.5000000000000004,0.8660254037844384
2017-04-10 22:45:00,78,51.1,3.77,0.28205128205128205,보통,저녁(18-23),-0.5000000000000004,0.8660254037844384
2017-04-10 22:50:00,74,51.2,3.54,0.2702702702702703,원활,저녁(18-23),-0.5000000000000004,0.8660254037844384
2017-04-10 22:55:00,79,51.9,3.81,0.189873417721519,보통,저녁(18-23),-0.5000000000000004,0.8660254037844384
2017-04-10 23:00:00,50,52.7,2.12,0.28,원활,저녁(18-23),-0.2588190451025207,0.9659258262890683
2017-04-10 23:05:00,63,54.2,2.84,0.31746031746031744,원활,저녁(18-23),-0.2588190451025207,0.9659258262890683
2017-04-10 23:10:00,55,50.6,2.5,0.3090909090909091,원활,저녁(18-23),-0.2588190451025207,0.9659258262890683
2017-04-10 23:15:00,71,50.0,2.97,0.352112676056338,원활,저녁(18-23),-0.2588190451025207,0.9659258262890683
2017-04-10 23:20:00,52,50.7,2.16,0.15384615384615385,원활,저녁(18-23),-0.2588190451025207,0.9659258262890683
2017-04-10 23:25:00,48,51.9,2.18,0.2708333333333333,원활,저녁(18-23),-0.2588190451025207,0.9659258262890683
2017-04-10 23:30:00,47,51.1,2.01,0.3404255319148936,원활,저녁(18-23),-0.2588190451025207,0.9659258262890683
2017-04-10 23:35:00,39,58.1,1.61,0.28205128205128205,원활,저녁(18-23),-0.2588190451025207,0.9659258262890683
2017-04-10 23:40:00,43,51.9,1.71,0.3023255813953488,원활,저녁(18-23),-0.2588190451025207,0.9659258262890683
2017-04-10 23:45:00,35,55.0,1.37,0.22857142857142856,원활,저녁(18-23),-0.2588190451025207,0.9659258262890683
2017-04-10 23:50:00,28,50.6,1.19,0.25,원활,저녁(18-23),-0.2588190451025207,0.9659258262890683
2017-04-10 23:55:00,29,50.9,1.2,0.13793103448275862,원활,저녁(18-23),-0.2588190451025207,0.9659258262890683
2017-04-11 00:00:00,39,60.3,1.63,0.23076923076923078,원활,새벽(0-5),0.0,1.0
2017-04-11 00:05:00,53,52.8,2.11,0.24528301886792453,원활,새벽(0-5),0.0,1.0
2017-04-11 00:10:00,34,57.9,1.27,0.20588235294117646,원활,새벽(0-5),0.0,1.0
2017-04-11 00:15:00,42,51.7,1.79,0.14285714285714285,원활,새벽(0-5),0.0,1.0
2017-04-11 00:20:00,34,59.0,1.3,0.2647058823529412,원활,새벽(0-5),0.0,1.0
2017-04-11 00:25:00,40,53.9,1.78,0.35,원활,새벽(0-5),0.0,1.0
2017-04-11 00:30:00,23,56.7,0.87,0.30434782608695654,원활,새벽(0-5),0.0,1.0
2017-04-11 00:35:00,33,58.0,1.34,0.30303030303030304,원활,새벽(0-5),0.0,1.0
2017-04-11 00:40:00,30,54.2,1.14,0.26666666666666666,원활,새벽(0-5),0.0,1.0
2017-04-11 00:45:00,33,51.8,1.51,0.3939393939393939,원활,새벽(0-5),0.0,1.0
2017-04-11 00:50:00,35,50.8,1.83,0.2857142857142857,원활,새벽(0-5),0.0,1.0
2017-04-11 00:55:00,21,57.0,0.85,0.3333333333333333,원활,새벽(0-5),0.0,1.0
2017-04-11 01:00:00,22,53.6,1.0,0.45454545454545453,원활,새벽(0-5),0.25881904510252074,0.9659258262890683
2017-04-11 01:05:00,24,62.8,0.86,0.2916666666666667,원활,새벽(0-5),0.25881904510252074,0.9659258262890683
2017-04-11 01:10:00,29,58.9,1.16,0.5172413793103449,원활,새벽(0-5),0.25881904510252074,0.9659258262890683
2017-04-11 01:15:00,18,59.9,0.8,0.2777777777777778,원활,새벽(0-5),0.25881904510252074,0.9659258262890683
2017-04-11 01:20:00,22,50.3,0.98,0.2727272727272727,원활,새벽(0-5),0.25881904510252074,0.9659258262890683
2017-04-11 01:25:00,21,55.6,0.79,0.38095238095238093,원활,새벽(0-5),0.25881904510252074,0.9659258262890683
2017-04-11 01:30:00,19,54.2,0.86,0.47368421052631576,원활,새벽(0-5),0.25881904510252074,0.9659258262890683
2017-04-11 01:35:00,17,52.5,0.76,0.47058823529411764,원활,새벽(0-5),0.25881904510252074,0.9659258262890683
2017-04-11 01:40:00,14,63.3,0.65,0.5,원활,새벽(0-5),0.25881904510252074,0.9659258262890683
2017-04-11 01:45:00,17,57.3,0.71,0.47058823529411764,원활,새벽(0-5),0.25881904510252074,0.9659258262890683
2017-04-11 01:50:00,16,52.0,0.6,0.625,원활,새벽(0-5),0.25881904510252074,0.9659258262890683
2017-04-11 01:55:00,15,52.0,0.82,0.5333333333333333,원활,새벽(0-5),0.25881904510252074,0.9659258262890683
2017-04-11 02:00:00,18,56.3,0.78,0.3333333333333333,원활,새벽(0-5),0.49999999999999994,0.8660254037844387
2017-04-11 02:05:00,16,53.9,0.74,0.4375,원활,새벽(0-5),0.49999999999999994,0.8660254037844387
2017-04-11 02:10:00,21,48.7,0.8,0.42857142857142855,원활,새벽(0-5),0.49999999999999994,0.8660254037844387
2017-04-11 02:15:00,11,50.9,0.45,0.36363636363636365,원활,새벽(0-5),0.49999999999999994,0.8660254037844387
2017-04-11 02:20:00,10,53.1,0.47,0.4,원활,새벽(0-5),0.49999999999999994,0.8660254037844387
2017-04-11 02:25:00,15,52.3,0.66,0.4,원활,새벽(0-5),0.49999999999999994,0.8660254037844387
2017-04-11 02:30:00,13,56.1,0.55,0.6153846153846154,원활,새벽(0-5),0.49999999999999994,0.8660254037844387
2017-04-11 02:35:00,16,46.1,1.25,0.125,원활,새벽(0-5),0.49999999999999994,0.8660254037844387
2017-04-11 02:40:00,9,58.4,0.49,0.2222222222222222,원활,새벽(0-5),0.49999999999999994,0.8660254037844387
2017-04-11 02:45:00,24,51.9,1.45,0.5,원활,새벽(0-5),0.49999999999999994,0.8660254037844387
2017-04-11 02:50:00,17,53.3,0.89,0.29411764705882354,원활,새벽(0-5),0.49999999999999994,0.8660254037844387
2017-04-11 02:55:00,20,54.3,1.74,0.25,원활,새벽(0-5),0.49999999999999994,0.8660254037844387
2017-04-11 03:00:00,74,40.9,4.92,0.08108108108108109,보통,새벽(0-5),0.7071067811865476,0.7071067811865476
2017-04-11 03:05:00,178,42.3,8.88,0.011235955056179775,혼잡,새벽(0-5),0.7071067811865476,0.7071067811865476
2017-04-11 03:10:00,146,40.5,7.2,0.0410958904109589,혼잡,새벽(0-5),0.7071067811865476,0.7071067811865476
2017-04-11 03:15:00,160,37.7,6.81,0.04375,혼잡,새벽(0-5),0.7071067811865476,0.7071067811865476
2017-04-11 03:20:00,90,45.2,5.46,0.05555555555555555,보통,새벽(0-5),0.7071067811865476,0.7071067811865476
2017-04-11 03:25:00,176,37.9,7.12,0.011363636363636364,혼잡,새벽(0-5),0.7071067811865476,0.7071067811865476
2017-04-11 03:30:00,127,42.5,4.26,0.015748031496062992,보통,새벽(0-5),0.7071067811865476,0.7071067811865476
2017-04-11 03:35:00,45,36.6,4.98,0.06666666666666667,보통,새벽(0-5),0.7071067811865476,0.7071067811865476
2017-04-11 03:40:00,38,46.9,1.63,0.15789473684210525,원활,새벽(0-5),0.7071067811865476,0.7071067811865476
2017-04-11 03:45:00,29,51.3,1.4,0.3103448275862069,원활,새벽(0-5),0.7071067811865476,0.7071067811865476
2017-04-11 03:50:00,34,45.0,2.19,0.058823529411764705,원활,새벽(0-5),0.7071067811865476,0.7071067811865476
2017-04-11 03:55:00,54,47.3,2.27,0.07407407407407407,원활,새벽(0-5),0.7071067811865476,0.7071067811865476
2017-04-11 04:00:00,75,47.3,5.28,0.08,보통,새벽(0-5),0.8660254037844386,0.5000000000000001
2017-04-11 04:05:00,9,57.6,0.61,0.2222222222222222,원활,새벽(0-5),0.8660254037844386,0.5000000000000001
2017-04-11 04:10:00,14,53.4,0.73,0.35714285714285715,원활,새벽(0-5),0.8660254037844386,0.5000000000000001
2017-04-11 04:15:00,13,44.5,0.97,0.3076923076923077,원활,새벽(0-5),0.8660254037844386,0.5000000000000001
2017-04-11 04:20:00,17,50.8,0.89,0.29411764705882354,원활,새벽(0-5),0.8660254037844386,0.5000000000000001
2017-04-11 04:25:00,29,49.3,1.64,0.2413793103448276,원활,새벽(0-5),0.8660254037844386,0.5000000000000001
2017-04-11 04:30:00,24,54.1,1.86,0.2916666666666667,원활,새벽(0-5),0.8660254037844386,0.5000000000000001
2017-04-11 04:35:00,34,54.8,2.24,0.2647058823529412,원활,새벽(0-5),0.8660254037844386,0.5000000000000001
2017-04-11 04:40:00,68,45.4,3.59,0.14705882352941177,원활,새벽(0-5),0.8660254037844386,0.5000000000000001
2017-04-11 04:45:00,50,47.1,2.67,0.14,원활,새벽(0-5),0.8660254037844386,0.5000000000000001
2017-04-11 04:50:00,39,49.1,2.32,0.4358974358974359,원활,새벽(0-5),0.8660254037844386,0.5000000000000001
2017-04-11 04:55:00,40,44.4,1.78,0.2,원활,새벽(0-5),0.8660254037844386,0.5000000000000001
2017-04-11 05:00:00,30,56.9,1.77,0.2,원활,새벽(0-5),0.9659258262890683,0.25881904510252074
2017-04-11 05:05:00,42,45.6,4.22,0.30952380952380953,보통,새벽(0-5),0.9659258262890683,0.25881904510252074
2017-04-11 05:10:00,33,53.4,2.2,0.30303030303030304,원활,새벽(0-5),0.9659258262890683,0.25881904510252074
2017-04-11 05:15:00,58,46.5,5.22,0.2413793103448276,보통,새벽(0-5),0.9659258262890683,0.25881904510252074
2017-04-11 05:20:00,105,42.5,8.46,0.17142857142857143,혼잡,새벽(0-5),0.9659258262890683,0.25881904510252074
2017-04-11 05:25:00,76,47.3,5.65,0.23684210526315788,보통,새벽(0-5),0.9659258262890683,0.25881904510252074
2017-04-11 05:30:00,70,45.3,5.06,0.18571428571428572,보통,새벽(0-5),0.9659258262890683,0.25881904510252074
2017-04-11 05:35:00,104,43.9,5.13,0.0673076923076923,보통,새벽(0-5),0.9659258262890683,0.25881904510252074
2017-04-11 05:40:00,55,39.9,3.75,0.09090909090909091,보통,새벽(0-5),0.9659258262890683,0.25881904510252074
2017-04-11 05:45:00,77,36.7,7.46,0.19480519480519481,혼잡,새벽(0-5),0.9659258262890683,0.25881904510252074
2017-04-11 05:50:00,52,51.6,2.94,0.5192307692307693,원활,새벽(0-5),0.9659258262890683,0.25881904510252074
2017-04-11 05:55:00,81,45.4,4.41,0.49382716049382713,보통,새벽(0-5),0.9659258262890683,0.25881904510252074
2017-04-11 06:00:00,65,49.7,3.41,0.5076923076923077,원활,오전(6-11),1.0,6.123233995736766e-17
2017-04-11 06:05:00,76,52.4,3.69,0.631578947368421,원활,오전(6-11),1.0,6.123233995736766e-17
2017-04-11 06:10:00,73,49.9,3.32,0.5205479452054794,원활,오전(6-11),1.0,6.123233995736766e-17
2017-04-11 06:15:00,83,49.0,3.73,0.5662650602409639,보통,오전(6-11),1.0,6.123233995736766e-17
2017-04-11 06:20:00,63,56.9,2.53,0.4603174603174603,원활,오전(6-11),1.0,6.123233995736766e-17
2017-04-11 06:25:00,84,51.5,3.58,0.5238095238095238,원활,오전(6-11),1.0,6.123233995736766e-17
2017-04-11 06:30:00,94,51.9,4.12,0.5851063829787234,보통,오전(6-11),1.0,6.123233995736766e-17
2017-04-11 06:35:00,126,50.7,5.4,0.6111111111111112,보통,오전(6-11),1.0,6.123233995736766e-17
2017-04-11 06:40:00,109,48.5,4.81,0.6146788990825688,보통,오전(6-11),1.0,6.123233995736766e-17
2017-04-11 06:45:00,141,49.9,6.07,0.6028368794326241,보통,오전(6-11),1.0,6.123233995736766e-17
2017-04-11 06:50:00,108,49.4,4.57,0.5370370370370371,보통,오전(6-11),1.0,6.123233995736766e-17
2017-04-11 06:55:00,93,50.3,4.39,0.5053763440860215,보통,오전(6-11),1.0,6.123233995736766e-17
2017-04-11 07:00:00,126,46.3,5.89,0.5634920634920635,보통,오전(6-11),0.9659258262890683,-0.25881904510252085
2017-04-11 07:05:00,135,50.0,6.04,0.5925925925925926,보통,오전(6-11),0.9659258262890683,-0.25881904510252085
2017-04-11 07:10:00,213,44.7,10.4,0.6103286384976526,혼잡,오전(6-11),0.9659258262890683,-0.25881904510252085
2017-04-11 07:15:00,198,47.2,9.05,0.5606060606060606,혼잡,오전(6-11),0.9659258262890683,-0.25881904510252085
2017-04-11 07:20:00,198,37.0,13.7,0.5808080808080808,혼잡,오전(6-11),0.9659258262890683,-0.25881904510252085
2017-04-11 07:25:00,192,41.9,9.89,0.609375,혼잡,오전(6-11),0.9659258262890683,-0.25881904510252085
2017-04-11 07:30:00,252,40.0,14.77,0.5753968253968254,혼잡,오전(6-11),0.9659258262890683,-0.25881904510252085
2017-04-11 07:35:00,253,35.3,16.49,0.48221343873517786,혼잡,오전(6-11),0.9659258262890683,-0.25881904510252085
2017-04-11 07:40:00,214,32.8,19.18,0.4485981308411215,혼잡,오전(6-11),0.9659258262890683,-0.25881904510252085
2017-04-11 07:45:00,118,32.4,13.25,0.4406779661016949,혼잡,오전(6-11),0.9659258262890683,-0.25881904510252085
2017-04-11 07:50:00,241,32.5,20.72,0.3983402489626556,혼잡,오전(6-11),0.9659258262890683,-0.25881904510252085
2017-04-11 07:55:00,213,32.3,27.42,0.4507042253521127,혼잡,오전(6-11),0.9659258262890683,-0.25881904510252085
2017-04-11 08:00:00,288,36.5,25.31,0.4791666666666667,혼잡,오전(6-11),0.8660254037844387,-0.4999999999999998
2017-04-11 08:05:00,177,29.6,30.92,0.4011299435028249,혼잡,오전(6-11),0.8660254037844387,-0.4999999999999998
2017-04-11 08:10:00,220,32.4,19.76,0.41363636363636364,혼잡,오전(6-11),0.8660254037844387,-0.4999999999999998
2017-04-11 08:15:00,263,30.1,22.36,0.4296577946768061,혼잡,오전(6-11),0.8660254037844387,-0.4999999999999998
2017-04-11 08:20:00,234,30.7,21.83,0.41452991452991456,혼잡,오전(6-11),0.8660254037844387,-0.4999999999999998
2017-04-11 08:25:00,179,30.1,21.0,0.4134078212290503,혼잡,오전(6-11),0.8660254037844387,-0.4999999999999998
2017-04-11 08:30:00,220,28.3,30.94,0.3409090909090909,혼잡,오전(6-11),0.8660254037844387,-0.4999999999999998
2017-04-11 08:35:00,212,26.2,31.61,0.3443396226415094,혼잡,오전(6-11),0.8660254037844387,-0.4999999999999998
2017-04-11 08:40:00,210,33.0,28.83,0.3,혼잡,오전(6-11),0.8660254037844387,-0.4999999999999998
2017-04-11 08:45:00,205,34.2,15.54,0.3951219512195122,혼잡,오전(6-11),0.8660254037844387,-0.4999999999999998
2017-04-11 08:50:00,218,37.6,13.45,0.28440366972477066,혼잡,오전(6-11),0.8660254037844387,-0.4999999999999998
2017-04-11 08:55:00,266,38.4,15.07,0.2857142857142857,혼잡,오전(6-11),0.8660254037844387,-0.4999999999999998
2017-04-11 09:00:00,252,37.9,15.01,0.31746031746031744,혼잡,오전(6-11),0.7071067811865476,-0.7071067811865475
2017-04-11 09:05:00,174,43.2,8.86,0.367816091954023,혼잡,오전(6-11),0.7071067811865476,-0.7071067811865475
2017-04-11 09:10:00,152,46.5,6.8,0.34210526315789475,혼잡,오전(6-11),0.7071067811865476,-0.7071067811865475
2017-04-11 09:15:00,185,48.5,8.53,0.35135135135135137,혼잡,오전(6-11),0.7071067811865476,-0.7071067811865475
2017-04-11 09:20:00,196,47.5,8.83,0.3469387755102041,혼잡,오전(6-11),0.7071067811865476,-0.7071067811865475
2017-04-11 09:25:00,168,46.3,7.49,0.30952380952380953,혼잡,오전(6-11),0.7071067811865476,-0.7071067811865475
2017-04-11 09:30:00,142,47.0,6.95,0.34507042253521125,혼잡,오전(6-11),0.7071067811865476,-0.7071067811865475
2017-04-11 09:35:00,183,47.5,8.38,0.3224043715846995,혼잡,오전(6-11),0.7071067811865476,-0.7071067811865475
2017-04-11 09:40:00,158,46.6,7.46,0.3670886075949367,혼잡,오전(6-11),0.7071067811865476,-0.7071067811865475
2017-04-11 09:45:00,172,46.4,7.77,0.38953488372093026,혼잡,오전(6-11),0.7071067811865476,-0.7071067811865475
2017-04-11 09:50:00,166,46.2,8.98,0.43373493975903615,혼잡,오전(6-11),0.7071067811865476,-0.7071067811865475
2017-04-11 09:55:00,165,46.4,10.3,0.3393939393939394,혼잡,오전(6-11),0.7071067811865476,-0.7071067811865475
2017-04-11 10:00:00,138,48.9,5.99,0.43478260869565216,보통,오전(6-11),0.49999999999999994,-0.8660254037844387
2017-04-11 10:05:00,151,49.6,6.52,0.3443708609271523,보통,오전(6-11),0.49999999999999994,-0.8660254037844387
2017-04-11 10:10:00,140,47.6,6.15,0.38571428571428573,보통,오전(6-11),0.49999999999999994,-0.8660254037844387
2017-04-11 10:15:00,136,53.2,5.67,0.5661764705882353,보통,오전(6-11),0.49999999999999994,-0.8660254037844387
2017-04-11 10:20:00,115,50.6,5.14,0.5130434782608696,보통,오전(6-11),0.49999999999999994,-0.8660254037844387
2017-04-11 10:25:00,144,47.5,6.47,0.4305555555555556,보통,오전(6-11),0.49999999999999994,-0.8660254037844387
2017-04-11 10:30:00,123,47.7,5.28,0.4796747967479675,보통,오전(6-11),0.49999999999999994,-0.8660254037844387
2017-04-11 10:35:00,166,48.8,7.04,0.3855421686746988,혼잡,오전(6-11),0.49999999999999994,-0.8660254037844387
2017-04-11 10:40:00,137,52.8,5.63,0.46715328467153283,보통,오전(6-11),0.49999999999999994,-0.8660254037844387
2017-04-11 10:45:00,129,51.6,5.83,0.4186046511627907,보통,오전(6-11),0.49999999999999994,-0.8660254037844387
2017-04-11 10:50:00,127,48.0,5.19,0.3779527559055118,보통,오전(6-11),0.49999999999999994,-0.8660254037844387
2017-04-11 10:55:00,124,47.7,5.26,0.3548387096774194,보통,오전(6-11),0.49999999999999994,-0.8660254037844387
2017-04-11 11:00:00,110,51.7,4.56,0.39090909090909093,보통,오전(6-11),0.258819045102521,-0.9659258262890682
2017-04-11 11:05:00,133,50.1,5.83,0.42105263157894735,보통,오전(6-11),0.258819045102521,-0.9659258262890682
2017-04-11 11:10:00,127,47.4,5.73,0.3779527559055118,보통,오전(6-11),0.258819045102521,-0.9659258262890682
2017-04-11 11:15:00,173,45.5,8.28,0.48554913294797686,혼잡,오전(6-11),0.258819045102521,-0.9659258262890682
2017-04-11 11:20:00,141,48.8,7.09,0.44680851063829785,혼잡,오전(6-11),0.258819045102521,-0.9659258262890682
2017-04-11 11:25:00,145,51.3,6.32,0.3586206896551724,보통,오전(6-11),0.258819045102521,-0.9659258262890682
2017-04-11 11:30:00,158,48.0,7.22,0.34810126582278483,혼잡,오전(6-11),0.258819045102521,-0.9659258262890682
2017-04-11 11:35:00,153,43.5,7.8,0.3333333333333333,혼잡,오전(6-11),0.258819045102521,-0.9659258262890682
2017-04-11 11:40:00,118,49.0,4.79,0.423728813559322,보통,오전(6-11),0.258819045102521,-0.9659258262890682
2017-04-11 11:45:00,173,45.4,7.66,0.36416184971098264,혼잡,오전(6-11),0.258819045102521,-0.9659258262890682
2017-04-11 11:50:00,158,46.2,6.96,0.35443037974683544,혼잡,오전(6-11),0.258819045102521,-0.9659258262890682
2017-04-11 11:55:00,169,45.0,8.37,0.39644970414201186,혼잡,오전(6-11),0.258819045102521,-0.9659258262890682
2017-04-11 12:00:00,134,48.0,6.39,0.26865671641791045,보통,오후(12-17),1.2246467991473532e-16,-1.0
2017-04-11 12:05:00,140,49.6,5.51,0.38571428571428573,보통,오후(12-17),1.2246467991473532e-16,-1.0
2017-04-11 12:10:00,120,45.7,5.4,0.30833333333333335,보통,오후(12-17),1.2246467991473532e-16,-1.0
2017-04-11 12:15:00,139,48.5,5.95,0.37410071942446044,보통,오후(12-17),1.2246467991473532e-16,-1.0
2017-04-11 12:20:00,131,47.1,5.48,0.4122137404580153,보통,오후(12-17),1.2246467991473532e-16,-1.0
2017-04-11 12:25:00,130,47.3,5.76,0.36923076923076925,보통,오후(12-17),1.2246467991473532e-16,-1.0
2017-04-11 12:30:00,143,48.1,6.07,0.38461538461538464,보통,오후(12-17),1.2246467991473532e-16,-1.0
2017-04-11 12:35:00,141,47.2,6.38,0.41843971631205673,보통,오후(12-17),1.2246467991473532e-16,-1.0
2017-04-11 12:40:00,145,50.7,6.16,0.3310344827586207,보통,오후(12-17),1.2246467991473532e-16,-1.0
2017-04-11 12:45:00,137,48.8,5.66,0.3722627737226277,보통,오후(12-17),1.2246467991473532e-16,-1.0
2017-04-11 12:50:00,144,44.7,6.72,0.3611111111111111,혼잡,오후(12-17),1.2246467991473532e-16,-1.0
2017-04-11 12:55:00,137,46.0,6.14,0.3722627737226277,보통,오후(12-17),1.2246467991473532e-16,-1.0
2017-04-11 13:00:00,114,48.9,4.77,0.41228070175438597,보통,오후(12-17),-0.25881904510252035,-0.9659258262890684
2017-04-11 13:05:00,135,48.5,5.73,0.3333333333333333,보통,오후(12-17),-0.25881904510252035,-0.9659258262890684
2017-04-11 13:10:00,143,47.2,6.51,0.3076923076923077,보통,오후(12-17),-0.25881904510252035,-0.9659258262890684
2017-04-11 13:15:00,152,48.4,6.38,0.3618421052631579,보통,오후(12-17),-0.25881904510252035,-0.9659258262890684
2017-04-11 13:20:00,150,50.5,5.94,0.26666666666666666,보통,오후(12-17),-0.25881904510252035,-0.9659258262890684
2017-04-11 13:25:00,167,47.4,7.13,0.2754491017964072,혼잡,오후(12-17),-0.25881904510252035,-0.9659258262890684
2017-04-11 13:30:00,153,44.8,6.65,0.3464052287581699,보통,오후(12-17),-0.25881904510252035,-0.9659258262890684
2017-04-11 13:35:00,148,46.0,6.58,0.3783783783783784,보통,오후(12-17),-0.25881904510252035,-0.9659258262890684
2017-04-11 13:40:00,116,45.6,5.17,0.27586206896551724,보통,오후(12-17),-0.25881904510252035,-0.9659258262890684
2017-04-11 13:45:00,162,47.2,7.07,0.3271604938271605,혼잡,오후(12-17),-0.25881904510252035,-0.9659258262890684
2017-04-11 13:50:00,161,46.0,6.96,0.2857142857142857,혼잡,오후(12-17),-0.25881904510252035,-0.9659258262890684
2017-04-11 13:55:00,159,49.3,6.78,0.39622641509433965,혼잡,오후(12-17),-0.25881904510252035,-0.9659258262890684
2017-04-11 14:00:00,144,50.0,5.95,0.2777777777777778,보통,오후(12-17),-0.5000000000000001,-0.8660254037844386
2017-04-11 14:05:00,161,41.6,8.26,0.35403726708074534,혼잡,오후(12-17),-0.5000000000000001,-0.8660254037844386
2017-04-11 14:10:00,155,46.5,7.16,0.32903225806451614,혼잡,오후(12-17),-0.5000000000000001,-0.8660254037844386
2017-04-11 14:15:00,128,49.5,5.28,0.296875,보통,오후(12-17),-0.5000000000000001,-0.8660254037844386
2017-04-11 14:20:00,136,49.1,5.55,0.25735294117647056,보통,오후(12-17),-0.5000000000000001,-0.8660254037844386
2017-04-11 14:25:00,160,46.7,6.85,0.2625,혼잡,오후(12-17),-0.5000000000000001,-0.8660254037844386
2017-04-11 14:30:00,145,46.7,6.66,0.3448275862068966,혼잡,오후(12-17),-0.5000000000000001,-0.8660254037844386
2017-04-11 14:35:00,157,48.2,6.83,0.35668789808917195,혼잡,오후(12-17),-0.5000000000000001,-0.8660254037844386
2017-04-11 14:40:00,171,48.3,7.04,0.30994152046783624,혼잡,오후(12-17),-0.5000000000000001,-0.8660254037844386
2017-04-11 14:45:00,163,44.4,8.3,0.26380368098159507,혼잡,오후(12-17),-0.5000000000000001,-0.8660254037844386
2017-04-11 14:50:00,164,42.7,7.28,0.35365853658536583,혼잡,오후(12-17),-0.5000000000000001,-0.8660254037844386
2017-04-11 14:55:00,141,48.6,6.02,0.3475177304964539,보통,오후(12-17),-0.5000000000000001,-0.8660254037844386
2017-04-11 15:00:00,129,48.1,5.8,0.3178294573643411,보통,오후(12-17),-0.7071067811865475,-0.7071067811865477
2017-04-11 15:05:00,159,45.4,8.31,0.3333333333333333,혼잡,오후(12-17),-0.7071067811865475,-0.7071067811865477
2017-04-11 15:10:00,134,49.6,5.53,0.3208955223880597,보통,오후(12-17),-0.7071067811865475,-0.7071067811865477
2017-04-11 15:15:00,147,48.1,6.29,0.3673469387755102,보통,오후(12-17),-0.7071067811865475,-0.7071067811865477
2017-04-11 15:20:00,145,46.5,6.28,0.296551724137931,보통,오후(12-17),-0.7071067811865475,-0.7071067811865477
2017-04-11 15:25:00,160,47.8,6.74,0.3125,혼잡,오후(12-17),-0.7071067811865475,-0.7071067811865477
2017-04-11 15:30:00,143,45.9,6.38,0.3146853146853147,보통,오후(12-17),-0.7071067811865475,-0.7071067811865477
2017-04-11 15:35:00,149,46.7,6.56,0.33557046979865773,보통,오후(12-17),-0.7071067811865475,-0.7071067811865477
2017-04-11 15:40:00,109,50.5,4.63,0.3211009174311927,보통,오후(12-17),-0.7071067811865475,-0.7071067811865477
2017-04-11 15:45:00,159,46.7,6.78,0.2641509433962264,혼잡,오후(12-17),-0.7071067811865475,-0.7071067811865477
2017-04-11 15:50:00,136,50.2,5.73,0.41911764705882354,보통,오후(12-17),-0.7071067811865475,-0.7071067811865477
2017-04-11 15:55:00,144,50.5,5.98,0.24305555555555555,보통,오후(12-17),-0.7071067811865475,-0.7071067811865477
2017-04-11 16:00:00,136,50.9,5.71,0.3088235294117647,보통,오후(12-17),-0.8660254037844385,-0.5000000000000004
2017-04-11 16:05:00,135,50.7,5.71,0.3333333333333333,보통,오후(12-17),-0.8660254037844385,-0.5000000000000004
2017-04-11 16:10:00,143,45.9,6.46,0.32867132867132864,보통,오후(12-17),-0.8660254037844385,-0.5000000000000004
2017-04-11 16:15:00,140,46.9,7.26,0.29285714285714287,혼잡,오후(12-17),-0.8660254037844385,-0.5000000000000004
2017-04-11 16:20:00,137,47.7,6.25,0.2773722627737226,보통,오후(12-17),-0.8660254037844385,-0.5000000000000004
2017-04-11 16:25:00,148,48.9,5.91,0.30405405405405406,보통,오후(12-17),-0.8660254037844385,-0.5000000000000004
2017-04-11 16:30:00,174,42.9,8.73,0.3333333333333333,혼잡,오후(12-17),-0.8660254037844385,-0.5000000000000004
2017-04-11 16:35:00,173,50.4,7.49,0.30057803468208094,혼잡,오후(12-17),-0.8660254037844385,-0.5000000000000004
2017-04-11 16:40:00,171,50.4,7.42,0.30409356725146197,혼잡,오후(12-17),-0.8660254037844385,-0.5000000000000004
2017-04-11 16:45:00,178,48.1,7.81,0.29775280898876405,혼잡,오후(12-17),-0.8660254037844385,-0.5000000000000004
2017-04-11 16:50:00,140,46.1,5.79,0.3357142857142857,보통,오후(12-17),-0.8660254037844385,-0.5000000000000004
2017-04-11 16:55:00,136,48.9,6.0,0.3088235294117647,보통,오후(12-17),-0.8660254037844385,-0.5000000000000004
2017-04-11 17:00:00,163,44.0,7.15,0.2331288343558282,혼잡,오후(12-17),-0.9659258262890683,-0.25881904510252063
2017-04-11 17:05:00,166,50.3,6.69,0.3072289156626506,혼잡,오후(12-17),-0.9659258262890683,-0.25881904510252063
2017-04-11 17:10:00,156,44.6,6.76,0.27564102564102566,혼잡,오후(12-17),-0.9659258262890683,-0.25881904510252063
2017-04-11 17:15:00,141,46.7,6.07,0.2978723404255319,보통,오후(12-17),-0.9659258262890683,-0.25881904510252063
2017-04-11 17:20:00,176,49.1,7.12,0.3068181818181818,혼잡,오후(12-17),-0.9659258262890683,-0.25881904510252063
2017-04-11 17:25:00,159,50.8,6.22,0.27672955974842767,보통,오후(12-17),-0.9659258262890683,-0.25881904510252063
2017-04-11 17:30:00,125,51.8,5.07,0.304,보통,오후(12-17),-0.9659258262890683,-0.25881904510252063
2017-04-11 17:35:00,108,47.3,4.69,0.28703703703703703,보통,오후(12-17),-0.9659258262890683,-0.25881904510252063
2017-04-11 17:40:00,160,48.3,6.59,0.28125,보통,오후(12-17),-0.9659258262890683,-0.25881904510252063
2017-04-11 17:45:00,143,50.8,5.45,0.3006993006993007,보통,오후(12-17),-0.9659258262890683,-0.25881904510252063
2017-04-11 17:50:00,127,51.4,4.95,0.2283464566929134,보통,오후(12-17),-0.9659258262890683,-0.25881904510252063
2017-04-11 17:55:00,134,52.8,5.39,0.291044776119403,보통,오후(12-17),-0.9659258262890683,-0.25881904510252063
2017-04-11 18:00:00,134,49.3,5.57,0.26119402985074625,보통,저녁(18-23),-1.0,-1.8369701987210297e-16
2017-04-11 18:05:00,183,45.7,7.47,0.18579234972677597,혼잡,저녁(18-23),-1.0,-1.8369701987210297e-16
2017-04-11 18:10:00,198,43.1,8.96,0.23737373737373738,혼잡,저녁(18-23),-1.0,-1.8369701987210297e-16
2017-04-11 18:15:00,179,37.3,25.17,0.2737430167597765,혼잡,저녁(18-23),-1.0,-1.8369701987210297e-16
2017-04-11 18:20:00,218,33.5,23.9,0.23853211009174313,혼잡,저녁(18-23),-1.0,-1.8369701987210297e-16
2017-04-11 18:25:00,214,37.2,12.43,0.2850467289719626,혼잡,저녁(18-23),-1.0,-1.8369701987210297e-16
2017-04-11 18:30:00,205,41.2,9.06,0.2682926829268293,혼잡,저녁(18-23),-1.0,-1.8369701987210297e-16
2017-04-11 18:35:00,154,41.1,6.86,0.33116883116883117,혼잡,저녁(18-23),-1.0,-1.8369701987210297e-16
2017-04-11 18:40:00,179,43.5,7.5,0.31843575418994413,혼잡,저녁(18-23),-1.0,-1.8369701987210297e-16
2017-04-11 18:45:00,192,41.2,11.1,0.3072916666666667,혼잡,저녁(18-23),-1.0,-1.8369701987210297e-16
2017-04-11 18:50:00,172,49.3,9.82,0.3488372093023256,혼잡,저녁(18-23),-1.0,-1.8369701987210297e-16
2017-04-11 18:55:00,145,43.8,6.81,0.3448275862068966,혼잡,저녁(18-23),-1.0,-1.8369701987210297e-16
2017-04-11 19:00:00,119,42.8,5.28,0.24369747899159663,보통,저녁(18-23),-0.9659258262890684,0.2588190451025203
2017-04-11 19:05:00,144,43.3,7.08,0.2986111111111111,혼잡,저녁(18-23),-0.9659258262890684,0.2588190451025203
2017-04-11 19:10:00,154,44.6,6.78,0.19480519480519481,혼잡,저녁(18-23),-0.9659258262890684,0.2588190451025203
2017-04-11 19:15:00,168,44.6,8.33,0.17261904761904762,혼잡,저녁(18-23),-0.9659258262890684,0.2588190451025203
2017-04-11 19:20:00,139,39.8,8.0,0.12949640287769784,혼잡,저녁(18-23),-0.9659258262890684,0.2588190451025203
2017-04-11 19:25:00,140,47.7,6.87,0.2357142857142857,혼잡,저녁(18-23),-0.9659258262890684,0.2588190451025203
2017-04-11 19:30:00,153,44.4,8.29,0.2549019607843137,혼잡,저녁(18-23),-0.9659258262890684,0.2588190451025203
2017-04-11 19:35:00,154,44.4,7.2,0.12987012987012986,혼잡,저녁(18-23),-0.9659258262890684,0.2588190451025203
2017-04-11 19:40:00,135,42.0,7.51,0.2222222222222222,혼잡,저녁(18-23),-0.9659258262890684,0.2588190451025203
2017-04-11 19:45:00,109,44.6,5.61,0.1926605504587156,보통,저녁(18-23),-0.9659258262890684,0.2588190451025203
2017-04-11 19:50:00,146,47.6,10.13,0.2534246575342466,혼잡,저녁(18-23),-0.9659258262890684,0.2588190451025203
2017-04-11 19:55:00,140,46.1,10.19,0.16428571428571428,혼잡,저녁(18-23),-0.9659258262890684,0.2588190451025203
2017-04-11 20:00:00,88,49.1,4.48,0.19318181818181818,보통,저녁(18-23),-0.8660254037844386,0.5000000000000001
2017-04-11 20:05:00,110,47.4,5.34,0.24545454545454545,보통,저녁(18-23),-0.8660254037844386,0.5000000000000001
2017-04-11 20:10:00,121,47.7,6.39,0.23140495867768596,보통,저녁(18-23),-0.8660254037844386,0.5000000000000001
2017-04-11 20:15:00,137,46.9,6.47,0.20437956204379562,보통,저녁(18-23),-0.8660254037844386,0.5000000000000001
2017-04-11 20:20:00,99,46.9,4.65,0.2222222222222222,보통,저녁(18-23),-0.8660254037844386,0.5000000000000001
2017-04-11 20:25:00,120,42.7,6.39,0.16666666666666666,보통,저녁(18-23),-0.8660254037844386,0.5000000000000001
2017-04-11 20:30:00,109,48.9,4.98,0.1743119266055046,보통,저녁(18-23),-0.8660254037844386,0.5000000000000001
2017-04-11 20:35:00,107,49.2,5.54,0.19626168224299065,보통,저녁(18-23),-0.8660254037844386,0.5000000000000001
2017-04-11 20:40:00,109,46.4,4.81,0.22935779816513763,보통,저녁(18-23),-0.8660254037844386,0.5000000000000001
2017-04-11 20:45:00,121,43.6,5.41,0.19834710743801653,보통,저녁(18-23),-0.8660254037844386,0.5000000000000001
2017-04-11 20:50:00,122,45.2,5.79,0.21311475409836064,보통,저녁(18-23),-0.8660254037844386,0.5000000000000001
2017-04-11 20:55:00,105,48.5,5.54,0.26666666666666666,보통,저녁(18-23),-0.8660254037844386,0.5000000000000001
2017-04-11 21:00:00,102,48.6,4.81,0.21568627450980393,보통,저녁(18-23),-0.7071067811865477,0.7071067811865474
2017-04-11 21:05:00,102,44.3,4.79,0.23529411764705882,보통,저녁(18-23),-0.7071067811865477,0.7071067811865474
2017-04-11 21:10:00,95,46.8,4.9,0.24210526315789474,보통,저녁(18-23),-0.7071067811865477,0.7071067811865474
2017-04-11 21:15:00,134,46.8,7.72,0.208955223880597,혼잡,저녁(18-23),-0.7071067811865477,0.7071067811865474
2017-04-11 21:20:00,147,44.9,6.86,0.1836734693877551,혼잡,저녁(18-23),-0.7071067811865477,0.7071067811865474
2017-04-11 21:25:00,137,43.0,8.4,0.22627737226277372,혼잡,저녁(18-23),-0.7071067811865477,0.7071067811865474
2017-04-11 21:30:00,104,46.7,5.45,0.2980769230769231,보통,저녁(18-23),-0.7071067811865477,0.7071067811865474
2017-04-11 21:35:00,111,47.2,10.44,0.26126126126126126,혼잡,저녁(18-23),-0.7071067811865477,0.7071067811865474
2017-04-11 21:40:00,98,45.6,5.37,0.17346938775510204,보통,저녁(18-23),-0.7071067811865477,0.7071067811865474
2017-04-11 21:45:00,102,46.4,4.65,0.2549019607843137,보통,저녁(18-23),-0.7071067811865477,0.7071067811865474
2017-04-11 21:50:00,86,46.4,4.26,0.20930232558139536,보통,저녁(18-23),-0.7071067811865477,0.7071067811865474
2017-04-11 21:55:00,82,49.1,3.74,0.12195121951219512,보통,저녁(18-23),-0.7071067811865477,0.7071067811865474
2017-04-11 22:00:00,115,43.8,5.74,0.19130434782608696,보통,저녁(18-23),-0.5000000000000004,0.8660254037844384
2017-04-11 22:05:00,106,45.7,5.14,0.22641509433962265,보통,저녁(18-23),-0.5000000000000004,0.8660254037844384
2017-04-11 22:10:00,102,48.8,4.98,0.23529411764705882,보통,저녁(18-23),-0.5000000000000004,0.8660254037844384
2017-04-11 22:15:00,132,44.7,6.26,0.26515151515151514,보통,저녁(18-23),-0.5000000000000004,0.8660254037844384
2017-04-11 22:20:00,87,44.7,4.69,0.28735632183908044,보통,저녁(18-23),-0.5000000000000004,0.8660254037844384
2017-04-11 22:25:00,82,51.1,3.71,0.1951219512195122,원활,저녁(18-23),-0.5000000000000004,0.8660254037844384
2017-04-11 22:30:00,63,52.9,2.61,0.2857142857142857,원활,저녁(18-23),-0.5000000000000004,0.8660254037844384
2017-04-11 22:35:00,63,52.7,2.71,0.20634920634920634,원활,저녁(18-23),-0.5000000000000004,0.8660254037844384
2017-04-11 22:40:00,90,48.3,4.04,0.26666666666666666,보통,저녁(18-23),-0.5000000000000004,0.8660254037844384
2017-04-11 22:45:00,79,50.7,3.65,0.24050632911392406,원활,저녁(18-23),-0.5000000000000004,0.8660254037844384
2017-04-11 22:50:00,82,52.9,3.68,0.18292682926829268,원활,저녁(18-23),-0.5000000000000004,0.8660254037844384
2017-04-11 22:55:00,67,51.4,3.41,0.16417910447761194,원활,저녁(18-23),-0.5000000000000004,0.8660254037844384
2017-04-11 23:00:00,63,49.8,2.81,0.25396825396825395,원활,저녁(18-23),-0.2588190451025207,0.9659258262890683
2017-04-11 23:05:00,76,52.3,3.56,0.25,원활,저녁(18-23),-0.2588190451025207,0.9659258262890683
2017-04-11 23:10:00,59,53.3,2.53,0.3220338983050847,원활,저녁(18-23),-0.2588190451025207,0.9659258262890683
2017-04-11 23:15:00,74,53.3,3.29,0.21621621621621623,원활,저녁(18-23),-0.2588190451025207,0.9659258262890683
2017-04-11 23:20:00,45,51.4,1.94,0.13333333333333333,원활,저녁(18-23),-0.2588190451025207,0.9659258262890683
2017-04-11 23:25:00,65,54.5,2.85,0.26153846153846155,원활,저녁(18-23),-0.2588190451025207,0.9659258262890683
2017-04-11 23:30:00,39,45.1,1.97,0.23076923076923078,원활,저녁(18-23),-0.2588190451025207,0.9659258262890683
2017-04-11 23:35:00,41,63.1,1.57,0.3170731707317073,원활,저녁(18-23),-0.2588190451025207,0.9659258262890683
2017-04-11 23:40:00,55,56.5,2.27,0.21818181818181817,원활,저녁(18-23),-0.2588190451025207,0.9659258262890683
2017-04-11 23:45:00,39,57.3,1.55,0.358974358974359,원활,저녁(18-23),-0.2588190451025207,0.9659258262890683
2017-04-11 23:50:00,37,50.5,1.53,0.2972972972972973,원활,저녁(18-23),-0.2588190451025207,0.9659258262890683
2017-04-11 23:55:00,37,62.3,1.57,0.32432432432432434,원활,저녁(18-23),-0.2588190451025207,0.9659258262890683
2017-04-12 00:00:00,48,53.8,2.08,0.3958333333333333,원활,새벽(0-5),0.0,1.0
2017-04-12 00:05:00,62,64.9,2.26,0.45161290322580644,원활,새벽(0-5),0.0,1.0
2017-04-12 00:10:00,51,73.8,2.0,0.5686274509803921,원활,새벽(0-5),0.0,1.0
2017-04-12 00:15:00,35,50.2,1.52,0.17142857142857143,원활,새벽(0-5),0.0,1.0
2017-04-12 00:20:00,42,60.3,1.72,0.38095238095238093,원활,새벽(0-5),0.0,1.0
2017-04-12 00:25:00,36,56.9,1.44,0.1388888888888889,원활,새벽(0-5),0.0,1.0
2017-04-12 00:30:00,24,53.6,0.95,0.25,원활,새벽(0-5),0.0,1.0
2017-04-12 00:35:00,31,57.3,1.25,0.3870967741935484,원활,새벽(0-5),0.0,1.0
2017-04-12 00:40:00,23,54.6,1.14,0.2608695652173913,원활,새벽(0-5),0.0,1.0
2017-04-12 00:45:00,15,49.6,0.7,0.2,원활,새벽(0-5),0.0,1.0
2017-04-12 00:50:00,20,58.8,0.78,0.4,원활,새벽(0-5),0.0,1.0
2017-04-12 00:55:00,22,57.6,0.79,0.13636363636363635,원활,새벽(0-5),0.0,1.0
2017-04-12 01:00:00,19,55.3,0.79,0.21052631578947367,원활,새벽(0-5),0.25881904510252074,0.9659258262890683
2017-04-12 01:05:00,24,61.7,1.03,0.2916666666666667,원활,새벽(0-5),0.25881904510252074,0.9659258262890683
2017-04-12 01:10:00,25,57.9,0.95,0.36,원활,새벽(0-5),0.25881904510252074,0.9659258262890683
2017-04-12 01:15:00,25,58.5,1.07,0.2,원활,새벽(0-5),0.25881904510252074,0.9659258262890683
2017-04-12 01:20:00,25,53.0,1.0,0.32,원활,새벽(0-5),0.25881904510252074,0.9659258262890683
2017-04-12 01:25:00,12,61.2,0.5,0.6666666666666666,원활,새벽(0-5),0.25881904510252074,0.9659258262890683
2017-04-12 01:30:00,19,56.8,0.78,0.10526315789473684,원활,새벽(0-5),0.25881904510252074,0.9659258262890683
2017-04-12 01:35:00,21,58.2,0.83,0.2857142857142857,원활,새벽(0-5),0.25881904510252074,0.9659258262890683
2017-04-12 01:40:00,11,60.9,0.41,0.09090909090909091,원활,새벽(0-5),0.25881904510252074,0.9659258262890683
2017-04-12 01:45:00,16,53.8,0.7,0.125,원활,새벽(0-5),0.25881904510252074,0.9659258262890683
2017-04-12 01:50:00,14,61.0,0.67,0.35714285714285715,원활,새벽(0-5),0.25881904510252074,0.9659258262890683
2017-04-12 01:55:00,21,55.4,0.84,0.23809523809523808,원활,새벽(0-5),0.25881904510252074,0.9659258262890683
2017-04-12 02:00:00,17,64.6,0.73,0.29411764705882354,원활,새벽(0-5),0.49999999999999994,0.8660254037844387
2017-04-12 02:05:00,20,56.8,0.83,0.3,원활,새벽(0-5),0.49999999999999994,0.8660254037844387
2017-04-12 02:10:00,14,53.8,0.59,0.21428571428571427,원활,새벽(0-5),0.49999999999999994,0.8660254037844387
2017-04-12 02:15:00,12,59.2,0.55,0.25,원활,새벽(0-5),0.49999999999999994,0.8660254037844387
2017-04-12 02:20:00,13,54.3,0.58,0.6923076923076923,원활,새벽(0-5),0.49999999999999994,0.8660254037844387
2017-04-12 02:25:00,14,62.6,0.58,0.42857142857142855,원활,새벽(0-5),0.49999999999999994,0.8660254037844387
2017-04-12 02:30:00,14,59.8,0.61,0.6428571428571429,원활,새벽(0-5),0.49999999999999994,0.8660254037844387
2017-04-12 02:35:00,7,56.6,0.28,0.14285714285714285,원활,새벽(0-5),0.49999999999999994,0.8660254037844387
2017-04-12 02:40:00,10,54.8,0.38,0.0,원활,새벽(0-5),0.49999999999999994,0.8660254037844387
2017-04-12 02:45:00,14,62.0,0.61,0.2857142857142857,원활,새벽(0-5),0.49999999999999994,0.8660254037844387
2017-04-12 02:50:00,14,59.2,0.61,0.2857142857142857,원활,새벽(0-5),0.49999999999999994,0.8660254037844387
2017-04-12 02:55:00,11,52.1,0.5,0.18181818181818182,원활,새벽(0-5),0.49999999999999994,0.8660254037844387
2017-04-12 03:00:00,13,48.7,3.31,0.3076923076923077,원활,새벽(0-5),0.7071067811865476,0.7071067811865476
2017-04-12 03:05:00,21,61.9,0.88,0.38095238095238093,원활,새벽(0-5),0.7071067811865476,0.7071067811865476
2017-04-12 03:10:00,13,63.3,0.54,0.3076923076923077,원활,새벽(0-5),0.7071067811865476,0.7071067811865476
2017-04-12 03:15:00,9,54.0,0.31,0.2222222222222222,원활,새벽(0-5),0.7071067811865476,0.7071067811865476
2017-04-12 03:20:00,13,58.1,0.57,0.3076923076923077,원활,새벽(0-5),0.7071067811865476,0.7071067811865476
2017-04-12 03:25:00,13,48.9,0.61,0.3076923076923077,원활,새벽(0-5),0.7071067811865476,0.7071067811865476
2017-04-12 03:30:00,17,70.5,0.63,0.35294117647058826,원활,새벽(0-5),0.7071067811865476,0.7071067811865476
2017-04-12 03:35:00,11,60.0,0.46,0.2727272727272727,원활,새벽(0-5),0.7071067811865476,0.7071067811865476
2017-04-12 03:40:00,15,52.8,0.73,0.4666666666666667,원활,새벽(0-5),0.7071067811865476,0.7071067811865476
2017-04-12 03:45:00,18,52.1,0.87,0.4444444444444444,원활,새벽(0-5),0.7071067811865476,0.7071067811865476
2017-04-12 03:50:00,13,53.3,0.6,0.46153846153846156,원활,새벽(0-5),0.7071067811865476,0.7071067811865476
2017-04-12 03:55:00,12,52.6,1.14,0.25,원활,새벽(0-5),0.7071067811865476,0.7071067811865476
2017-04-12 04:00:00,12,58.4,0.66,0.4166666666666667,원활,새벽(0-5),0.8660254037844386,0.5000000000000001
2017-04-12 04:05:00,13,62.3,0.55,0.3076923076923077,원활,새벽(0-5),0.8660254037844386,0.5000000000000001
2017-04-12 04:10:00,14,53.3,0.75,0.2857142857142857,원활,새벽(0-5),0.8660254037844386,0.5000000000000001
2017-04-12 04:15:00,10,52.9,0.51,0.3,원활,새벽(0-5),0.8660254037844386,0.5000000000000001
2017-04-12 04:20:00,19,57.8,0.77,0.3684210526315789,원활,새벽(0-5),0.8660254037844386,0.5000000000000001
2017-04-12 04:25:00,16,56.1,0.69,0.25,원활,새벽(0-5),0.8660254037844386,0.5000000000000001
2017-04-12 04:30:00,30,49.8,1.06,0.16666666666666666,원활,새벽(0-5),0.8660254037844386,0.5000000000000001
2017-04-12 04:35:00,37,56.9,1.83,0.35135135135135137,원활,새벽(0-5),0.8660254037844386,0.5000000000000001
2017-04-12 04:40:00,35,56.5,1.61,0.37142857142857144,원활,새벽(0-5),0.8660254037844386,0.5000000000000001
2017-04-12 04:45:00,20,63.5,0.81,0.3,원활,새벽(0-5),0.8660254037844386,0.5000000000000001
2017-04-12 04:50:00,37,59.0,1.44,0.35135135135135137,원활,새벽(0-5),0.8660254037844386,0.5000000000000001
2017-04-12 04:55:00,21,57.7,0.85,0.5238095238095238,원활,새벽(0-5),0.8660254037844386,0.5000000000000001
2017-04-12 05:00:00,35,51.4,1.8,0.5142857142857142,원활,새벽(0-5),0.9659258262890683,0.25881904510252074
2017-04-12 05:05:00,43,57.4,1.96,0.32558139534883723,원활,새벽(0-5),0.9659258262890683,0.25881904510252074
2017-04-12 05:10:00,33,65.1,1.23,0.21212121212121213,원활,새벽(0-5),0.9659258262890683,0.25881904510252074
2017-04-12 05:15:00,57,57.3,3.34,0.24561403508771928,원활,새벽(0-5),0.9659258262890683,0.25881904510252074
2017-04-12 05:20:00,80,50.3,3.9,0.25,보통,새벽(0-5),0.9659258262890683,0.25881904510252074
2017-04-12 05:25:00,63,61.0,2.4,0.3492063492063492,원활,새벽(0-5),0.9659258262890683,0.25881904510252074
2017-04-12 05:30:00,39,56.4,1.91,0.3076923076923077,원활,새벽(0-5),0.9659258262890683,0.25881904510252074
2017-04-12 05:35:00,60,59.6,2.6,0.36666666666666664,원활,새벽(0-5),0.9659258262890683,0.25881904510252074
2017-04-12 05:40:00,43,59.1,1.59,0.32558139534883723,원활,새벽(0-5),0.9659258262890683,0.25881904510252074
2017-04-12 05:45:00,56,57.2,2.29,0.2857142857142857,원활,새벽(0-5),0.9659258262890683,0.25881904510252074
2017-04-12 05:50:00,56,58.9,2.22,0.375,원활,새벽(0-5),0.9659258262890683,0.25881904510252074
2017-04-12 05:55:00,72,55.7,2.7,0.3333333333333333,원활,새벽(0-5),0.9659258262890683,0.25881904510252074
2017-04-12 06:00:00,89,58.5,3.46,0.42696629213483145,원활,오전(6-11),1.0,6.123233995736766e-17
2017-04-12 06:05:00,71,58.8,2.71,0.352112676056338,원활,오전(6-11),1.0,6.123233995736766e-17
2017-04-12 06:10:00,77,56.8,2.94,0.42857142857142855,원활,오전(6-11),1.0,6.123233995736766e-17
2017-04-12 06:15:00,106,56.5,3.9,0.41509433962264153,보통,오전(6-11),1.0,6.123233995736766e-17
2017-04-12 06:20:00,83,64.3,2.66,0.42168674698795183,원활,오전(6-11),1.0,6.123233995736766e-17
2017-04-12 06:25:00,114,54.8,4.32,0.39473684210526316,보통,오전(6-11),1.0,6.123233995736766e-17
2017-04-12 06:30:00,124,58.3,4.45,0.33064516129032256,보통,오전(6-11),1.0,6.123233995736766e-17
2017-04-12 06:35:00,100,59.9,3.6,0.41,원활,오전(6-11),1.0,6.123233995736766e-17
2017-04-12 06:40:00,113,58.3,4.18,0.415929203539823,보통,오전(6-11),1.0,6.123233995736766e-17
2017-04-12 06:45:00,133,57.2,5.03,0.3383458646616541,보통,오전(6-11),1.0,6.123233995736766e-17
2017-04-12 06:50:00,119,56.5,4.53,0.3865546218487395,보통,오전(6-11),1.0,6.123233995736766e-17
2017-04-12 06:55:00,124,55.2,4.78,0.31451612903225806,보통,오전(6-11),1.0,6.123233995736766e-17
2017-04-12 07:00:00,124,52.6,4.86,0.3387096774193548,보통,오전(6-11),0.9659258262890683,-0.25881904510252085
2017-04-12 07:05:00,162,53.7,6.19,0.36419753086419754,보통,오전(6-11),0.9659258262890683,-0.25881904510252085
2017-04-12 07:10:00,201,56.5,7.49,0.32338308457711445,혼잡,오전(6-11),0.9659258262890683,-0.25881904510252085
2017-04-12 07:15:00,241,46.9,11.28,0.31950207468879666,혼잡,오전(6-11),0.9659258262890683,-0.25881904510252085
2017-04-12 07:20:00,197,39.7,11.48,0.29441624365482233,혼잡,오전(6-11),0.9659258262890683,-0.25881904510252085
2017-04-12 07:25:00,221,39.9,12.02,0.3212669683257919,혼잡,오전(6-11),0.9659258262890683,-0.25881904510252085
2017-04-12 07:30:00,236,42.4,11.65,0.3220338983050847,혼잡,오전(6-11),0.9659258262890683,-0.25881904510252085
2017-04-12 07:35:00,239,37.7,22.62,0.3179916317991632,혼잡,오전(6-11),0.9659258262890683,-0.25881904510252085
2017-04-12 07:40:00,193,35.5,21.35,0.31088082901554404,혼잡,오전(6-11),0.9659258262890683,-0.25881904510252085
2017-04-12 07:45:00,208,36.0,14.33,0.24519230769230768,혼잡,오전(6-11),0.9659258262890683,-0.25881904510252085
2017-04-12 07:50:00,219,37.3,23.4,0.2785388127853881,혼잡,오전(6-11),0.9659258262890683,-0.25881904510252085
2017-04-12 07:55:00,287,40.7,14.41,0.2508710801393728,혼잡,오전(6-11),0.9659258262890683,-0.25881904510252085
2017-04-12 08:00:00,261,41.7,12.25,0.2988505747126437,혼잡,오전(6-11),0.8660254037844387,-0.4999999999999998
2017-04-12 08:05:00,235,41.0,11.02,0.30638297872340425,혼잡,오전(6-11),0.8660254037844387,-0.4999999999999998
2017-04-12 08:10:00,267,38.3,13.59,0.31086142322097376,혼잡,오전(6-11),0.8660254037844387,-0.4999999999999998
2017-04-12 08:15:00,291,44.1,12.43,0.23367697594501718,혼잡,오전(6-11),0.8660254037844387,-0.4999999999999998
2017-04-12 08:20:00,250,38.6,13.34,0.288,혼잡,오전(6-11),0.8660254037844387,-0.4999999999999998
2017-04-12 08:25:00,207,40.3,9.64,0.2946859903381642,혼잡,오전(6-11),0.8660254037844387,-0.4999999999999998
2017-04-12 08:30:00,188,39.3,21.0,0.24468085106382978,혼잡,오전(6-11),0.8660254037844387,-0.4999999999999998
2017-04-12 08:35:00,228,33.5,28.75,0.2324561403508772,혼잡,오전(6-11),0.8660254037844387,-0.4999999999999998
2017-04-12 08:40:00,262,32.7,18.24,0.27099236641221375,혼잡,오전(6-11),0.8660254037844387,-0.4999999999999998
2017-04-12 08:45:00,164,44.6,7.65,0.2682926829268293,혼잡,오전(6-11),0.8660254037844387,-0.4999999999999998
2017-04-12 08:50:00,158,48.7,5.98,0.23417721518987342,보통,오전(6-11),0.8660254037844387,-0.4999999999999998
2017-04-12 08:55:00,195,51.9,7.63,0.28205128205128205,혼잡,오전(6-11),0.8660254037844387,-0.4999999999999998
2017-04-12 09:00:00,196,45.6,9.35,0.22448979591836735,혼잡,오전(6-11),0.7071067811865476,-0.7071067811865475
2017-04-12 09:05:00,142,46.1,7.2,0.33098591549295775,혼잡,오전(6-11),0.7071067811865476,-0.7071067811865475
2017-04-12 09:10:00,153,47.3,8.02,0.3333333333333333,혼잡,오전(6-11),0.7071067811865476,-0.7071067811865475
2017-04-12 09:15:00,184,45.5,10.65,0.21739130434782608,혼잡,오전(6-11),0.7071067811865476,-0.7071067811865475
2017-04-12 09:20:00,167,51.8,6.53,0.2874251497005988,보통,오전(6-11),0.7071067811865476,-0.7071067811865475
2017-04-12 09:25:00,213,39.0,11.54,0.215962441314554,혼잡,오전(6-11),0.7071067811865476,-0.7071067811865475
2017-04-12 09:30:00,157,47.4,7.8,0.27388535031847133,혼잡,오전(6-11),0.7071067811865476,-0.7071067811865475
2017-04-12 09:35:00,193,44.2,8.9,0.2849740932642487,혼잡,오전(6-11),0.7071067811865476,-0.7071067811865475
2017-04-12 09:40:00,136,50.5,5.93,0.33088235294117646,보통,오전(6-11),0.7071067811865476,-0.7071067811865475
2017-04-12 09:45:00,169,48.3,7.64,0.3668639053254438,혼잡,오전(6-11),0.7071067811865476,-0.7071067811865475
2017-04-12 09:50:00,173,47.7,7.44,0.3468208092485549,혼잡,오전(6-11),0.7071067811865476,-0.7071067811865475
2017-04-12 09:55:00,169,50.8,8.69,0.33136094674556216,혼잡,오전(6-11),0.7071067811865476,-0.7071067811865475
2017-04-12 10:00:00,160,48.0,8.13,0.43125,혼잡,오전(6-11),0.49999999999999994,-0.8660254037844387
2017-04-12 10:05:00,136,49.2,7.33,0.40441176470588236,혼잡,오전(6-11),0.49999999999999994,-0.8660254037844387
2017-04-12 10:10:00,144,46.3,7.69,0.3611111111111111,혼잡,오전(6-11),0.49999999999999994,-0.8660254037844387
2017-04-12 10:15:00,140,47.4,8.43,0.45,혼잡,오전(6-11),0.49999999999999994,-0.8660254037844387
2017-04-12 10:20:00,123,50.0,5.81,0.36585365853658536,보통,오전(6-11),0.49999999999999994,-0.8660254037844387
2017-04-12 10:25:00,147,48.0,6.72,0.41496598639455784,혼잡,오전(6-11),0.49999999999999994,-0.8660254037844387
2017-04-12 10:30:00,139,50.9,5.96,0.41007194244604317,보통,오전(6-11),0.49999999999999994,-0.8660254037844387
2017-04-12 10:35:00,147,48.0,6.47,0.3945578231292517,보통,오전(6-11),0.49999999999999994,-0.8660254037844387
2017-04-12 10:40:00,134,48.7,5.45,0.43283582089552236,보통,오전(6-11),0.49999999999999994,-0.8660254037844387
2017-04-12 10:45:00,140,50.4,6.08,0.4142857142857143,보통,오전(6-11),0.49999999999999994,-0.8660254037844387
2017-04-12 10:50:00,137,49.9,5.79,0.35036496350364965,보통,오전(6-11),0.49999999999999994,-0.8660254037844387
2017-04-12 10:55:00,124,51.0,5.28,0.28225806451612906,보통,오전(6-11),0.49999999999999994,-0.8660254037844387
2017-04-12 11:00:00,111,52.3,4.42,0.35135135135135137,보통,오전(6-11),0.258819045102521,-0.9659258262890682
2017-04-12 11:05:00,146,47.9,6.11,0.3698630136986301,보통,오전(6-11),0.258819045102521,-0.9659258262890682
2017-04-12 11:10:00,119,51.7,4.7,0.31092436974789917,보통,오전(6-11),0.258819045102521,-0.9659258262890682
2017-04-12 11:15:00,147,51.3,6.16,0.35374149659863946,보통,오전(6-11),0.258819045102521,-0.9659258262890682
2017-04-12 11:20:00,143,50.6,5.86,0.3356643356643357,보통,오전(6-11),0.258819045102521,-0.9659258262890682
2017-04-12 11:25:00,154,46.9,6.88,0.4090909090909091,혼잡,오전(6-11),0.258819045102521,-0.9659258262890682
2017-04-12 11:30:00,142,45.2,6.37,0.34507042253521125,보통,오전(6-11),0.258819045102521,-0.9659258262890682
2017-04-12 11:35:00,156,45.6,7.08,0.3525641025641026,혼잡,오전(6-11),0.258819045102521,-0.9659258262890682
2017-04-12 11:40:00,124,49.2,5.02,0.3790322580645161,보통,오전(6-11),0.258819045102521,-0.9659258262890682
2017-04-12 11:45:00,175,42.9,10.45,0.36,혼잡,오전(6-11),0.258819045102521,-0.9659258262890682
2017-04-12 11:50:00,150,47.2,6.45,0.2733333333333333,보통,오전(6-11),0.258819045102521,-0.9659258262890682
2017-04-12 11:55:00,206,42.1,11.53,0.38349514563106796,혼잡,오전(6-11),0.258819045102521,-0.9659258262890682
2017-04-12 12:00:00,155,43.6,8.31,0.3225806451612903,혼잡,오후(12-17),1.2246467991473532e-16,-1.0
2017-04-12 12:05:00,136,47.8,6.17,0.33088235294117646,보통,오후(12-17),1.2246467991473532e-16,-1.0
2017-04-12 12:10:00,152,45.6,6.54,0.3157894736842105,보통,오후(12-17),1.2246467991473532e-16,-1.0
2017-04-12 12:15:00,122,46.4,5.28,0.3442622950819672,보통,오후(12-17),1.2246467991473532e-16,-1.0
2017-04-12 12:20:00,109,49.9,4.46,0.28440366972477066,보통,오후(12-17),1.2246467991473532e-16,-1.0
2017-04-12 12:25:00,127,48.4,5.81,0.33858267716535434,보통,오후(12-17),1.2246467991473532e-16,-1.0
2017-04-12 12:30:00,125,53.5,5.0,0.392,보통,오후(12-17),1.2246467991473532e-16,-1.0
2017-04-12 12:35:00,139,50.7,6.29,0.3669064748201439,보통,오후(12-17),1.2246467991473532e-16,-1.0
2017-04-12 12:40:00,144,49.0,6.34,0.3402777777777778,보통,오후(12-17),1.2246467991473532e-16,-1.0
2017-04-12 12:45:00,151,47.4,6.84,0.32450331125827814,혼잡,오후(12-17),1.2246467991473532e-16,-1.0
2017-04-12 12:50:00,154,46.0,6.71,0.3116883116883117,혼잡,오후(12-17),1.2246467991473532e-16,-1.0
2017-04-12 12:55:00,136,49.6,5.91,0.4338235294117647,보통,오후(12-17),1.2246467991473532e-16,-1.0
2017-04-12 13:00:00,144,45.7,6.6,0.3194444444444444,보통,오후(12-17),-0.25881904510252035,-0.9659258262890684
2017-04-12 13:05:00,164,48.2,7.27,0.3353658536585366,혼잡,오후(12-17),-0.25881904510252035,-0.9659258262890684
2017-04-12 13:10:00,145,49.4,6.19,0.2620689655172414,보통,오후(12-17),-0.25881904510252035,-0.9659258262890684
2017-04-12 13:15:00,180,47.1,7.36,0.3277777777777778,혼잡,오후(12-17),-0.25881904510252035,-0.9659258262890684
2017-04-12 13:20:00,165,47.9,7.07,0.3212121212121212,혼잡,오후(12-17),-0.25881904510252035,-0.9659258262890684
2017-04-12 13:25:00,155,46.2,6.59,0.36129032258064514,보통,오후(12-17),-0.25881904510252035,-0.9659258262890684
2017-04-12 13:30:00,150,47.1,6.25,0.32666666666666666,보통,오후(12-17),-0.25881904510252035,-0.9659258262890684
2017-04-12 13:35:00,165,45.0,7.35,0.3393939393939394,혼잡,오후(12-17),-0.25881904510252035,-0.9659258262890684
2017-04-12 13:40:00,123,48.1,5.45,0.25203252032520324,보통,오후(12-17),-0.25881904510252035,-0.9659258262890684
2017-04-12 13:45:00,146,49.6,6.0,0.3287671232876712,보통,오후(12-17),-0.25881904510252035,-0.9659258262890684
2017-04-12 13:50:00,123,51.8,4.96,0.34146341463414637,보통,오후(12-17),-0.25881904510252035,-0.9659258262890684
2017-04-12 13:55:00,154,46.6,6.98,0.3961038961038961,혼잡,오후(12-17),-0.25881904510252035,-0.9659258262890684
2017-04-12 14:00:00,150,51.7,6.26,0.30666666666666664,보통,오후(12-17),-0.5000000000000001,-0.8660254037844386
2017-04-12 14:05:00,158,48.2,6.95,0.2974683544303797,혼잡,오후(12-17),-0.5000000000000001,-0.8660254037844386
2017-04-12 14:10:00,140,49.3,5.52,0.30714285714285716,보통,오후(12-17),-0.5000000000000001,-0.8660254037844386
2017-04-12 14:15:00,164,47.4,7.07,0.3719512195121951,혼잡,오후(12-17),-0.5000000000000001,-0.8660254037844386
2017-04-12 14:20:00,135,46.9,5.53,0.26666666666666666,보통,오후(12-17),-0.5000000000000001,-0.8660254037844386
2017-04-12 14:25:00,160,47.3,6.69,0.30625,혼잡,오후(12-17),-0.5000000000000001,-0.8660254037844386
2017-04-12 14:30:00,159,45.3,7.16,0.29559748427672955,혼잡,오후(12-17),-0.5000000000000001,-0.8660254037844386
2017-04-12 14:35:00,171,48.0,7.27,0.27485380116959063,혼잡,오후(12-17),-0.5000000000000001,-0.8660254037844386
2017-04-12 14:40:00,165,45.6,7.24,0.3090909090909091,혼잡,오후(12-17),-0.5000000000000001,-0.8660254037844386
2017-04-12 14:45:00,185,48.5,8.25,0.33513513513513515,혼잡,오후(12-17),-0.5000000000000001,-0.8660254037844386
2017-04-12 14:50:00,143,47.2,6.22,0.36363636363636365,보통,오후(12-17),-0.5000000000000001,-0.8660254037844386
2017-04-12 14:55:00,159,48.5,6.71,0.3710691823899371,혼잡,오후(12-17),-0.5000000000000001,-0.8660254037844386
2017-04-12 15:00:00,118,49.8,5.01,0.3135593220338983,보통,오후(12-17),-0.7071067811865475,-0.7071067811865477
2017-04-12 15:05:00,138,47.5,6.06,0.3115942028985507,보통,오후(12-17),-0.7071067811865475,-0.7071067811865477
2017-04-12 15:10:00,131,49.0,5.29,0.2824427480916031,보통,오후(12-17),-0.7071067811865475,-0.7071067811865477
2017-04-12 15:15:00,159,50.5,6.84,0.33962264150943394,혼잡,오후(12-17),-0.7071067811865475,-0.7071067811865477
2017-04-12 15:20:00,162,48.5,6.97,0.2716049382716049,혼잡,오후(12-17),-0.7071067811865475,-0.7071067811865477
2017-04-12 15:25:00,142,50.0,5.65,0.2605633802816901,보통,오후(12-17),-0.7071067811865475,-0.7071067811865477
2017-04-12 15:30:00,140,47.2,5.77,0.32142857142857145,보통,오후(12-17),-0.7071067811865475,-0.7071067811865477
2017-04-12 15:35:00,139,47.7,5.77,0.2302158273381295,보통,오후(12-17),-0.7071067811865475,-0.7071067811865477
2017-04-12 15:40:00,147,43.1,7.62,0.24489795918367346,혼잡,오후(12-17),-0.7071067811865475,-0.7071067811865477
2017-04-12 15:45:00,142,46.6,6.29,0.24647887323943662,보통,오후(12-17),-0.7071067811865475,-0.7071067811865477
2017-04-12 15:50:00,174,46.9,7.18,0.13218390804597702,혼잡,오후(12-17),-0.7071067811865475,-0.7071067811865477
2017-04-12 15:55:00,188,44.4,14.65,0.22872340425531915,혼잡,오후(12-17),-0.7071067811865475,-0.7071067811865477
2017-04-12 16:00:00,161,45.7,6.63,0.18012422360248448,보통,오후(12-17),-0.8660254037844385,-0.5000000000000004
2017-04-12 16:05:00,171,47.7,7.13,0.22807017543859648,혼잡,오후(12-17),-0.8660254037844385,-0.5000000000000004
2017-04-12 16:10:00,169,46.4,7.71,0.21893491124260356,혼잡,오후(12-17),-0.8660254037844385,-0.5000000000000004
2017-04-12 16:15:00,143,44.6,14.59,0.2937062937062937,혼잡,오후(12-17),-0.8660254037844385,-0.5000000000000004
2017-04-12 16:20:00,138,49.0,6.05,0.2536231884057971,보통,오후(12-17),-0.8660254037844385,-0.5000000000000004
2017-04-12 16:25:00,191,47.5,8.0,0.2513089005235602,혼잡,오후(12-17),-0.8660254037844385,-0.5000000000000004
2017-04-12 16:30:00,158,50.6,6.8,0.22784810126582278,혼잡,오후(12-17),-0.8660254037844385,-0.5000000000000004
2017-04-12 16:35:00,170,45.4,15.7,0.27647058823529413,혼잡,오후(12-17),-0.8660254037844385,-0.5000000000000004
2017-04-12 16:40:00,175,46.1,17.85,0.2571428571428571,혼잡,오후(12-17),-0.8660254037844385,-0.5000000000000004
2017-04-12 16:45:00,144,46.8,11.49,0.24305555555555555,혼잡,오후(12-17),-0.8660254037844385,-0.5000000000000004
2017-04-12 16:50:00,147,46.2,6.18,0.25170068027210885,보통,오후(12-17),-0.8660254037844385,-0.5000000000000004
2017-04-12 16:55:00,145,49.3,14.03,0.2482758620689655,혼잡,오후(12-17),-0.8660254037844385,-0.5000000000000004
2017-04-12 17:00:00,123,49.0,15.75,0.24390243902439024,혼잡,오후(12-17),-0.9659258262890683,-0.25881904510252063
2017-04-12 17:05:00,170,47.7,10.13,0.29411764705882354,혼잡,오후(12-17),-0.9659258262890683,-0.25881904510252063
2017-04-12 17:10:00,152,42.9,6.56,0.26973684210526316,보통,오후(12-17),-0.9659258262890683,-0.25881904510252063
2017-04-12 17:15:00,155,45.0,7.31,0.3032258064516129,혼잡,오후(12-17),-0.9659258262890683,-0.25881904510252063
2017-04-12 17:20:00,182,44.0,7.96,0.2692307692307692,혼잡,오후(12-17),-0.9659258262890683,-0.25881904510252063
2017-04-12 17:25:00,188,47.8,7.69,0.2978723404255319,혼잡,오후(12-17),-0.9659258262890683,-0.25881904510252063
2017-04-12 17:30:00,135,49.1,5.41,0.32592592592592595,보통,오후(12-17),-0.9659258262890683,-0.25881904510252063
2017-04-12 17:35:00,139,48.0,5.55,0.26618705035971224,보통,오후(12-17),-0.9659258262890683,-0.25881904510252063
2017-04-12 17:40:00,193,47.4,7.97,0.27979274611398963,혼잡,오후(12-17),-0.9659258262890683,-0.25881904510252063
2017-04-12 17:45:00,181,37.7,10.66,0.292817679558011,혼잡,오후(12-17),-0.9659258262890683,-0.25881904510252063
2017-04-12 17:50:00,149,44.7,6.44,0.28859060402684567,보통,오후(12-17),-0.9659258262890683,-0.25881904510252063
2017-04-12 17:55:00,132,47.5,5.63,0.3712121212121212,보통,오후(12-17),-0.9659258262890683,-0.25881904510252063
2017-04-12 18:00:00,159,50.0,6.15,0.2893081761006289,보통,저녁(18-23),-1.0,-1.8369701987210297e-16
2017-04-12 18:05:00,203,42.5,9.47,0.32019704433497537,혼잡,저녁(18-23),-1.0,-1.8369701987210297e-16
2017-04-12 18:10:00,201,40.9,17.75,0.22885572139303484,혼잡,저녁(18-23),-1.0,-1.8369701987210297e-16
2017-04-12 18:15:00,184,30.0,28.48,0.25,혼잡,저녁(18-23),-1.0,-1.8369701987210297e-16
2017-04-12 18:20:00,200,35.8,10.57,0.275,혼잡,저녁(18-23),-1.0,-1.8369701987210297e-16
2017-04-12 18:25:00,243,32.5,18.66,0.37037037037037035,혼잡,저녁(18-23),-1.0,-1.8369701987210297e-16
2017-04-12 18:30:00,218,34.4,31.61,0.2706422018348624,혼잡,저녁(18-23),-1.0,-1.8369701987210297e-16
2017-04-12 18:35:00,165,32.5,18.85,0.2606060606060606,혼잡,저녁(18-23),-1.0,-1.8369701987210297e-16
2017-04-12 18:40:00,163,41.6,7.52,0.2392638036809816,혼잡,저녁(18-23),-1.0,-1.8369701987210297e-16
2017-04-12 18:45:00,176,41.5,11.09,0.32386363636363635,혼잡,저녁(18-23),-1.0,-1.8369701987210297e-16
2017-04-12 18:50:00,180,44.3,10.34,0.3,혼잡,저녁(18-23),-1.0,-1.8369701987210297e-16
2017-04-12 18:55:00,123,45.6,5.69,0.35772357723577236,보통,저녁(18-23),-1.0,-1.8369701987210297e-16
2017-04-12 19:00:00,115,49.4,4.78,0.26956521739130435,보통,저녁(18-23),-0.9659258262890684,0.2588190451025203
2017-04-12 19:05:00,199,41.0,9.61,0.3065326633165829,혼잡,저녁(18-23),-0.9659258262890684,0.2588190451025203
2017-04-12 19:10:00,158,41.1,7.55,0.1962025316455696,혼잡,저녁(18-23),-0.9659258262890684,0.2588190451025203
2017-04-12 19:15:00,155,43.3,7.69,0.11612903225806452,혼잡,저녁(18-23),-0.9659258262890684,0.2588190451025203
2017-04-12 19:20:00,140,40.2,6.74,0.20714285714285716,혼잡,저녁(18-23),-0.9659258262890684,0.2588190451025203
2017-04-12 19:25:00,147,40.3,8.42,0.17687074829931973,혼잡,저녁(18-23),-0.9659258262890684,0.2588190451025203
2017-04-12 19:30:00,149,45.9,7.37,0.20134228187919462,혼잡,저녁(18-23),-0.9659258262890684,0.2588190451025203
2017-04-12 19:35:00,136,42.5,7.61,0.19852941176470587,혼잡,저녁(18-23),-0.9659258262890684,0.2588190451025203
2017-04-12 19:40:00,102,46.3,4.64,0.20588235294117646,보통,저녁(18-23),-0.9659258262890684,0.2588190451025203
2017-04-12 19:45:00,110,46.6,5.32,0.15454545454545454,보통,저녁(18-23),-0.9659258262890684,0.2588190451025203
2017-04-12 19:50:00,111,47.7,5.65,0.21621621621621623,보통,저녁(18-23),-0.9659258262890684,0.2588190451025203
2017-04-12 19:55:00,125,48.3,5.82,0.24,보통,저녁(18-23),-0.9659258262890684,0.2588190451025203
2017-04-12 20:00:00,109,43.4,5.34,0.23853211009174313,보통,저녁(18-23),-0.8660254037844386,0.5000000000000001
2017-04-12 20:05:00,98,47.5,4.64,0.2755102040816326,보통,저녁(18-23),-0.8660254037844386,0.5000000000000001
2017-04-12 20:10:00,142,42.4,7.68,0.2676056338028169,혼잡,저녁(18-23),-0.8660254037844386,0.5000000000000001
2017-04-12 20:15:00,134,47.4,6.4,0.26865671641791045,보통,저녁(18-23),-0.8660254037844386,0.5000000000000001
2017-04-12 20:20:00,79,44.3,3.95,0.2911392405063291,보통,저녁(18-23),-0.8660254037844386,0.5000000000000001
2017-04-12 20:25:00,116,41.7,6.31,0.2672413793103448,보통,저녁(18-23),-0.8660254037844386,0.5000000000000001
2017-04-12 20:30:00,133,47.4,7.13,0.20300751879699247,혼잡,저녁(18-23),-0.8660254037844386,0.5000000000000001
2017-04-12 20:35:00,126,44.4,6.57,0.25396825396825395,보통,저녁(18-23),-0.8660254037844386,0.5000000000000001
2017-04-12 20:40:00,102,46.5,4.85,0.24509803921568626,보통,저녁(18-23),-0.8660254037844386,0.5000000000000001
2017-04-12 20:45:00,110,44.7,5.03,0.20909090909090908,보통,저녁(18-23),-0.8660254037844386,0.5000000000000001
2017-04-12 20:50:00,119,44.2,6.23,0.226890756302521,보통,저녁(18-23),-0.8660254037844386,0.5000000000000001
2017-04-12 20:55:00,118,47.9,5.29,0.1440677966101695,보통,저녁(18-23),-0.8660254037844386,0.5000000000000001
2017-04-12 21:00:00,94,50.7,4.45,0.26595744680851063,보통,저녁(18-23),-0.7071067811865477,0.7071067811865474
2017-04-12 21:05:00,89,42.9,4.43,0.21348314606741572,보통,저녁(18-23),-0.7071067811865477,0.7071067811865474
2017-04-12 21:10:00,102,44.9,6.0,0.27450980392156865,보통,저녁(18-23),-0.7071067811865477,0.7071067811865474
2017-04-12 21:15:00,111,46.9,4.95,0.24324324324324326,보통,저녁(18-23),-0.7071067811865477,0.7071067811865474
2017-04-12 21:20:00,100,45.8,5.19,0.23,보통,저녁(18-23),-0.7071067811865477,0.7071067811865474
2017-04-12 21:25:00,121,44.5,6.4,0.2396694214876033,보통,저녁(18-23),-0.7071067811865477,0.7071067811865474
2017-04-12 21:30:00,114,43.5,5.35,0.21929824561403508,보통,저녁(18-23),-0.7071067811865477,0.7071067811865474
2017-04-12 21:35:00,94,47.4,4.17,0.24468085106382978,보통,저녁(18-23),-0.7071067811865477,0.7071067811865474
2017-04-12 21:40:00,116,42.9,5.97,0.22413793103448276,보통,저녁(18-23),-0.7071067811865477,0.7071067811865474
2017-04-12 21:45:00,98,45.3,4.82,0.21428571428571427,보통,저녁(18-23),-0.7071067811865477,0.7071067811865474
2017-04-12 21:50:00,79,46.3,3.58,0.26582278481012656,원활,저녁(18-23),-0.7071067811865477,0.7071067811865474
2017-04-12 21:55:00,97,48.0,4.44,0.1958762886597938,보통,저녁(18-23),-0.7071067811865477,0.7071067811865474
2017-04-12 22:00:00,103,47.9,4.94,0.17475728155339806,보통,저녁(18-23),-0.5000000000000004,0.8660254037844384
2017-04-12 22:05:00,109,48.0,4.9,0.22018348623853212,보통,저녁(18-23),-0.5000000000000004,0.8660254037844384
2017-04-12 22:10:00,94,49.9,4.25,0.20212765957446807,보통,저녁(18-23),-0.5000000000000004,0.8660254037844384
2017-04-12 22:15:00,125,45.4,5.98,0.256,보통,저녁(18-23),-0.5000000000000004,0.8660254037844384
2017-04-12 22:20:00,91,45.9,4.94,0.24175824175824176,보통,저녁(18-23),-0.5000000000000004,0.8660254037844384
2017-04-12 22:25:00,66,48.4,2.83,0.19696969696969696,원활,저녁(18-23),-0.5000000000000004,0.8660254037844384
2017-04-12 22:30:00,77,44.9,3.81,0.23376623376623376,보통,저녁(18-23),-0.5000000000000004,0.8660254037844384
2017-04-12 22:35:00,100,48.6,4.57,0.25,보통,저녁(18-23),-0.5000000000000004,0.8660254037844384
2017-04-12 22:40:00,82,49.0,3.75,0.3048780487804878,보통,저녁(18-23),-0.5000000000000004,0.8660254037844384
2017-04-12 22:45:00,89,54.0,28.9,0.4157303370786517,혼잡,저녁(18-23),-0.5000000000000004,0.8660254037844384
2017-04-12 22:50:00,81,65.4,5.01,0.4567901234567901,보통,저녁(18-23),-0.5000000000000004,0.8660254037844384
2017-04-12 22:55:00,83,61.4,6.04,0.37349397590361444,보통,저녁(18-23),-0.5000000000000004,0.8660254037844384
2017-04-12 23:00:00,60,48.5,3.19,0.25,원활,저녁(18-23),-0.2588190451025207,0.9659258262890683
2017-04-12 23:05:00,71,49.5,3.13,0.2676056338028169,원활,저녁(18-23),-0.2588190451025207,0.9659258262890683
2017-04-12 23:10:00,43,54.4,1.85,0.3023255813953488,원활,저녁(18-23),-0.2588190451025207,0.9659258262890683
2017-04-12 23:15:00,59,53.3,2.43,0.2542372881355932,원활,저녁(18-23),-0.2588190451025207,0.9659258262890683
2017-04-12 23:20:00,60,53.6,2.55,0.3333333333333333,원활,저녁(18-23),-0.2588190451025207,0.9659258262890683
2017-04-12 23:25:00,56,52.3,4.98,0.26785714285714285,보통,저녁(18-23),-0.2588190451025207,0.9659258262890683
2017-04-12 23:30:00,71,54.8,3.0,0.30985915492957744,원활,저녁(18-23),-0.2588190451025207,0.9659258262890683
2017-04-12 23:35:00,41,56.2,1.8,0.1951219512195122,원활,저녁(18-23),-0.2588190451025207,0.9659258262890683
2017-04-12 23:40:00,51,55.4,1.95,0.3137254901960784,원활,저녁(18-23),-0.2588190451025207,0.9659258262890683
2017-04-12 23:45:00,30,52.5,1.21,0.26666666666666666,원활,저녁(18-23),-0.2588190451025207,0.9659258262890683
2017-04-12 23:50:00,34,56.0,1.33,0.23529411764705882,원활,저녁(18-23),-0.2588190451025207,0.9659258262890683
2017-04-12 23:55:00,32,52.8,1.25,0.21875,원활,저녁(18-23),-0.2588190451025207,0.9659258262890683
2017-04-13 00:00:00,36,63.3,1.35,0.25,원활,새벽(0-5),0.0,1.0
2017-04-13 00:05:00,57,58.2,2.09,0.19298245614035087,원활,새벽(0-5),0.0,1.0
2017-04-13 00:10:00,43,53.5,1.71,0.3023255813953488,원활,새벽(0-5),0.0,1.0
2017-04-13 00:15:00,43,48.7,1.73,0.3023255813953488,원활,새벽(0-5),0.0,1.0
2017-04-13 00:20:00,25,54.2,1.0,0.24,원활,새벽(0-5),0.0,1.0
2017-04-13 00:25:00,38,53.4,1.54,0.3684210526315789,원활,새벽(0-5),0.0,1.0
2017-04-13 00:30:00,40,52.5,1.73,0.3,원활,새벽(0-5),0.0,1.0
2017-04-13 00:35:00,43,59.0,1.62,0.37209302325581395,원활,새벽(0-5),0.0,1.0
2017-04-13 00:40:00,37,56.7,1.46,0.21621621621621623,원활,새벽(0-5),0.0,1.0
2017-04-13 00:45:00,26,59.5,1.08,0.3076923076923077,원활,새벽(0-5),0.0,1.0
2017-04-13 00:50:00,30,58.3,1.14,0.23333333333333334,원활,새벽(0-5),0.0,1.0
2017-04-13 00:55:00,30,57.9,1.44,0.23333333333333334,원활,새벽(0-5),0.0,1.0
2017-04-13 01:00:00,23,62.4,0.87,0.5652173913043478,원활,새벽(0-5),0.25881904510252074,0.9659258262890683
2017-04-13 01:05:00,11,60.4,0.43,0.36363636363636365,원활,새벽(0-5),0.25881904510252074,0.9659258262890683
2017-04-13 01:10:00,28,66.5,1.08,0.35714285714285715,원활,새벽(0-5),0.25881904510252074,0.9659258262890683
2017-04-13 01:15:00,24,52.8,0.93,0.20833333333333334,원활,새벽(0-5),0.25881904510252074,0.9659258262890683
2017-04-13 01:20:00,23,62.3,0.99,0.4782608695652174,원활,새벽(0-5),0.25881904510252074,0.9659258262890683
2017-04-13 01:25:00,18,55.5,0.8,0.5555555555555556,원활,새벽(0-5),0.25881904510252074,0.9659258262890683
2017-04-13 01:30:00,20,61.2,0.75,0.25,원활,새벽(0-5),0.25881904510252074,0.9659258262890683
2017-04-13 01:35:00,30,53.7,1.63,0.36666666666666664,원활,새벽(0-5),0.25881904510252074,0.9659258262890683
2017-04-13 01:40:00,18,64.3,0.68,0.3888888888888889,원활,새벽(0-5),0.25881904510252074,0.9659258262890683
2017-04-13 01:45:00,13,63.0,0.5,0.46153846153846156,원활,새벽(0-5),0.25881904510252074,0.9659258262890683
2017-04-13 01:50:00,16,50.8,0.74,0.375,원활,새벽(0-5),0.25881904510252074,0.9659258262890683
2017-04-13 01:55:00,24,57.1,1.02,0.2916666666666667,원활,새벽(0-5),0.25881904510252074,0.9659258262890683
2017-04-13 02:00:00,21,65.8,0.73,0.3333333333333333,원활,새벽(0-5),0.49999999999999994,0.8660254037844387
2017-04-13 02:05:00,14,57.4,0.63,0.35714285714285715,원활,새벽(0-5),0.49999999999999994,0.8660254037844387
2017-04-13 02:10:00,10,57.7,0.44,0.5,원활,새벽(0-5),0.49999999999999994,0.8660254037844387
2017-04-13 02:15:00,19,42.4,0.84,0.21052631578947367,원활,새벽(0-5),0.49999999999999994,0.8660254037844387
2017-04-13 02:20:00,17,50.6,0.71,0.35294117647058826,원활,새벽(0-5),0.49999999999999994,0.8660254037844387
2017-04-13 02:25:00,16,56.6,0.76,0.3125,원활,새벽(0-5),0.49999999999999994,0.8660254037844387
2017-04-13 02:30:00,11,54.8,0.53,0.2727272727272727,원활,새벽(0-5),0.49999999999999994,0.8660254037844387
2017-04-13 02:35:00,22,52.9,0.75,0.22727272727272727,원활,새벽(0-5),0.49999999999999994,0.8660254037844387
2017-04-13 02:40:00,193,44.2,8.75,0.05181347150259067,혼잡,새벽(0-5),0.49999999999999994,0.8660254037844387
2017-04-13 02:45:00,15,60.9,0.64,0.13333333333333333,원활,새벽(0-5),0.49999999999999994,0.8660254037844387
2017-04-13 02:50:00,10,66.6,0.32,0.6,원활,새벽(0-5),0.49999999999999994,0.8660254037844387
2017-04-13 02:55:00,10,57.5,0.4,0.3,원활,새벽(0-5),0.49999999999999994,0.8660254037844387
2017-04-13 03:00:00,9,52.5,0.37,0.1111111111111111,원활,새벽(0-5),0.7071067811865476,0.7071067811865476
2017-04-13 03:05:00,24,53.5,1.04,0.20833333333333334,원활,새벽(0-5),0.7071067811865476,0.7071067811865476
2017-04-13 03:10:00,11,46.1,0.52,0.2727272727272727,원활,새벽(0-5),0.7071067811865476,0.7071067811865476
2017-04-13 03:15:00,14,61.5,0.56,0.2857142857142857,원활,새벽(0-5),0.7071067811865476,0.7071067811865476
2017-04-13 03:20:00,16,57.1,0.69,0.3125,원활,새벽(0-5),0.7071067811865476,0.7071067811865476
2017-04-13 03:25:00,14,57.7,0.6,0.5,원활,새벽(0-5),0.7071067811865476,0.7071067811865476
2017-04-13 03:30:00,15,77.3,0.54,0.3333333333333333,원활,새벽(0-5),0.7071067811865476,0.7071067811865476
2017-04-13 03:35:00,8,84.1,0.29,0.375,원활,새벽(0-5),0.7071067811865476,0.7071067811865476
2017-04-13 03:40:00,11,56.7,0.56,0.45454545454545453,원활,새벽(0-5),0.7071067811865476,0.7071067811865476
2017-04-13 03:45:00,10,48.6,0.46,0.2,원활,새벽(0-5),0.7071067811865476,0.7071067811865476
2017-04-13 03:50:00,11,49.4,0.48,0.2727272727272727,원활,새벽(0-5),0.7071067811865476,0.7071067811865476
2017-04-13 03:55:00,17,58.0,0.8,0.23529411764705882,원활,새벽(0-5),0.7071067811865476,0.7071067811865476
2017-04-13 04:00:00,11,55.3,0.4,0.5454545454545454,원활,새벽(0-5),0.8660254037844386,0.5000000000000001
2017-04-13 04:05:00,11,58.4,0.45,0.2727272727272727,원활,새벽(0-5),0.8660254037844386,0.5000000000000001
2017-04-13 04:10:00,17,55.3,0.73,0.23529411764705882,원활,새벽(0-5),0.8660254037844386,0.5000000000000001
2017-04-13 04:15:00,9,57.8,0.41,0.2222222222222222,원활,새벽(0-5),0.8660254037844386,0.5000000000000001
2017-04-13 04:20:00,13,52.0,0.57,0.3076923076923077,원활,새벽(0-5),0.8660254037844386,0.5000000000000001
2017-04-13 04:25:00,19,55.0,0.95,0.42105263157894735,원활,새벽(0-5),0.8660254037844386,0.5000000000000001
2017-04-13 04:30:00,19,60.3,0.77,0.3684210526315789,원활,새벽(0-5),0.8660254037844386,0.5000000000000001
2017-04-13 04:35:00,23,56.9,0.94,0.34782608695652173,원활,새벽(0-5),0.8660254037844386,0.5000000000000001
2017-04-13 04:40:00,21,49.6,1.0,0.38095238095238093,원활,새벽(0-5),0.8660254037844386,0.5000000000000001
2017-04-13 04:45:00,28,55.0,1.22,0.32142857142857145,원활,새벽(0-5),0.8660254037844386,0.5000000000000001
2017-04-13 04:50:00,20,59.4,1.0,0.4,원활,새벽(0-5),0.8660254037844386,0.5000000000000001
2017-04-13 04:55:00,23,55.9,0.98,0.13043478260869565,원활,새벽(0-5),0.8660254037844386,0.5000000000000001
2017-04-13 05:00:00,23,56.2,1.05,0.17391304347826086,원활,새벽(0-5),0.9659258262890683,0.25881904510252074
2017-04-13 05:05:00,28,47.5,1.2,0.35714285714285715,원활,새벽(0-5),0.9659258262890683,0.25881904510252074
2017-04-13 05:10:00,30,55.4,1.28,0.16666666666666666,원활,새벽(0-5),0.9659258262890683,0.25881904510252074
2017-04-13 05:15:00,68,49.3,3.2,0.25,원활,새벽(0-5),0.9659258262890683,0.25881904510252074
2017-04-13 05:20:00,73,54.7,3.19,0.2602739726027397,원활,새벽(0-5),0.9659258262890683,0.25881904510252074
2017-04-13 05:25:00,63,55.3,2.79,0.38095238095238093,원활,새벽(0-5),0.9659258262890683,0.25881904510252074
2017-04-13 05:30:00,58,51.6,3.0,0.3103448275862069,원활,새벽(0-5),0.9659258262890683,0.25881904510252074
2017-04-13 05:35:00,64,52.9,5.3,0.453125,보통,새벽(0-5),0.9659258262890683,0.25881904510252074
2017-04-13 05:40:00,40,61.0,14.95,0.425,혼잡,새벽(0-5),0.9659258262890683,0.25881904510252074
2017-04-13 05:45:00,52,69.6,1.89,0.34615384615384615,원활,새벽(0-5),0.9659258262890683,0.25881904510252074
2017-04-13 05:50:00,41,57.1,1.58,0.3902439024390244,원활,새벽(0-5),0.9659258262890683,0.25881904510252074
2017-04-13 05:55:00,75,58.7,2.82,0.32,원활,새벽(0-5),0.9659258262890683,0.25881904510252074
2017-04-13 06:00:00,78,55.2,2.84,0.358974358974359,원활,오전(6-11),1.0,6.123233995736766e-17
2017-04-13 06:05:00,84,60.3,2.94,0.30952380952380953,원활,오전(6-11),1.0,6.123233995736766e-17
2017-04-13 06:10:00,73,57.5,2.62,0.4383561643835616,원활,오전(6-11),1.0,6.123233995736766e-17
2017-04-13 06:15:00,93,54.7,3.72,0.45161290322580644,보통,오전(6-11),1.0,6.123233995736766e-17
2017-04-13 06:20:00,87,57.3,2.92,0.4367816091954023,원활,오전(6-11),1.0,6.123233995736766e-17
2017-04-13 06:25:00,103,54.1,3.85,0.3106796116504854,보통,오전(6-11),1.0,6.123233995736766e-17
2017-04-13 06:30:00,116,58.7,4.02,0.3620689655172414,보통,오전(6-11),1.0,6.123233995736766e-17
2017-04-13 06:35:00,141,54.7,5.64,0.41843971631205673,보통,오전(6-11),1.0,6.123233995736766e-17
2017-04-13 06:40:00,127,56.7,4.48,0.3464566929133858,보통,오전(6-11),1.0,6.123233995736766e-17
2017-04-13 06:45:00,112,58.6,4.11,0.375,보통,오전(6-11),1.0,6.123233995736766e-17
2017-04-13 06:50:00,124,54.4,4.69,0.3951612903225806,보통,오전(6-11),1.0,6.123233995736766e-17
2017-04-13 06:55:00,119,52.5,4.93,0.42857142857142855,보통,오전(6-11),1.0,6.123233995736766e-17
2017-04-13 07:00:00,121,55.6,4.53,0.3305785123966942,보통,오전(6-11),0.9659258262890683,-0.25881904510252085
2017-04-13 07:05:00,175,52.5,7.07,0.34285714285714286,혼잡,오전(6-11),0.9659258262890683,-0.25881904510252085
2017-04-13 07:10:00,201,50.8,9.01,0.35323383084577115,혼잡,오전(6-11),0.9659258262890683,-0.25881904510252085
2017-04-13 07:15:00,214,49.1,9.63,0.35514018691588783,혼잡,오전(6-11),0.9659258262890683,-0.25881904510252085
2017-04-13 07:20:00,178,36.7,14.44,0.3258426966292135,혼잡,오전(6-11),0.9659258262890683,-0.25881904510252085
2017-04-13 07:25:00,225,39.9,12.05,0.3022222222222222,혼잡,오전(6-11),0.9659258262890683,-0.25881904510252085
2017-04-13 07:30:00,246,38.1,15.03,0.2845528455284553,혼잡,오전(6-11),0.9659258262890683,-0.25881904510252085
2017-04-13 07:35:00,290,41.3,14.67,0.35172413793103446,혼잡,오전(6-11),0.9659258262890683,-0.25881904510252085
2017-04-13 07:40:00,250,40.6,13.07,0.3,혼잡,오전(6-11),0.9659258262890683,-0.25881904510252085
2017-04-13 07:45:00,238,43.9,10.55,0.3319327731092437,혼잡,오전(6-11),0.9659258262890683,-0.25881904510252085
2017-04-13 07:50:00,256,48.0,10.86,0.31640625,혼잡,오전(6-11),0.9659258262890683,-0.25881904510252085
2017-04-13 07:55:00,292,44.4,12.51,0.24315068493150685,혼잡,오전(6-11),0.9659258262890683,-0.25881904510252085
2017-04-13 08:00:00,252,43.4,11.63,0.3253968253968254,혼잡,오전(6-11),0.8660254037844387,-0.4999999999999998
2017-04-13 08:05:00,210,47.8,8.79,0.3380952380952381,혼잡,오전(6-11),0.8660254037844387,-0.4999999999999998
2017-04-13 08:10:00,237,46.5,9.68,0.26582278481012656,혼잡,오전(6-11),0.8660254037844387,-0.4999999999999998
2017-04-13 08:15:00,269,45.5,11.5,0.2862453531598513,혼잡,오전(6-11),0.8660254037844387,-0.4999999999999998
2017-04-13 08:20:00,254,45.2,10.85,0.3425196850393701,혼잡,오전(6-11),0.8660254037844387,-0.4999999999999998
2017-04-13 08:25:00,183,45.4,8.14,0.2568306010928962,혼잡,오전(6-11),0.8660254037844387,-0.4999999999999998
2017-04-13 08:30:00,210,39.2,23.51,0.23809523809523808,혼잡,오전(6-11),0.8660254037844387,-0.4999999999999998
2017-04-13 08:35:00,240,35.3,15.41,0.2625,혼잡,오전(6-11),0.8660254037844387,-0.4999999999999998
2017-04-13 08:40:00,219,42.2,11.0,0.2100456621004566,혼잡,오전(6-11),0.8660254037844387,-0.4999999999999998
2017-04-13 08:45:00,172,42.8,8.07,0.26744186046511625,혼잡,오전(6-11),0.8660254037844387,-0.4999999999999998
2017-04-13 08:50:00,155,46.2,6.78,0.2838709677419355,혼잡,오전(6-11),0.8660254037844387,-0.4999999999999998
2017-04-13 08:55:00,196,47.7,8.59,0.336734693877551,혼잡,오전(6-11),0.8660254037844387,-0.4999999999999998
2017-04-13 09:00:00,188,50.7,7.51,0.31382978723404253,혼잡,오전(6-11),0.7071067811865476,-0.7071067811865475
2017-04-13 09:05:00,177,44.3,8.46,0.327683615819209,혼잡,오전(6-11),0.7071067811865476,-0.7071067811865475
2017-04-13 09:10:00,123,46.5,6.8,0.3170731707317073,혼잡,오전(6-11),0.7071067811865476,-0.7071067811865475
2017-04-13 09:15:00,211,44.9,11.5,0.2938388625592417,혼잡,오전(6-11),0.7071067811865476,-0.7071067811865475
2017-04-13 09:20:00,198,48.4,8.87,0.3787878787878788,혼잡,오전(6-11),0.7071067811865476,-0.7071067811865475
2017-04-13 09:25:00,178,48.4,7.62,0.3539325842696629,혼잡,오전(6-11),0.7071067811865476,-0.7071067811865475
2017-04-13 09:30:00,149,49.8,6.61,0.37583892617449666,보통,오전(6-11),0.7071067811865476,-0.7071067811865475
2017-04-13 09:35:00,140,52.5,5.62,0.35,보통,오전(6-11),0.7071067811865476,-0.7071067811865475
2017-04-13 09:40:00,154,47.8,6.78,0.37662337662337664,혼잡,오전(6-11),0.7071067811865476,-0.7071067811865475
2017-04-13 09:45:00,189,42.9,8.7,0.328042328042328,혼잡,오전(6-11),0.7071067811865476,-0.7071067811865475
2017-04-13 09:50:00,179,48.4,7.67,0.329608938547486,혼잡,오전(6-11),0.7071067811865476,-0.7071067811865475
2017-04-13 09:55:00,168,52.5,6.51,0.34523809523809523,보통,오전(6-11),0.7071067811865476,-0.7071067811865475
2017-04-13 10:00:00,162,52.0,6.54,0.4012345679012346,보통,오전(6-11),0.49999999999999994,-0.8660254037844387
2017-04-13 10:05:00,166,48.3,7.1,0.41566265060240964,혼잡,오전(6-11),0.49999999999999994,-0.8660254037844387
2017-04-13 10:10:00,136,46.5,8.84,0.3602941176470588,혼잡,오전(6-11),0.49999999999999994,-0.8660254037844387
2017-04-13 10:15:00,131,46.6,7.19,0.37404580152671757,혼잡,오전(6-11),0.49999999999999994,-0.8660254037844387
2017-04-13 10:20:00,118,50.1,6.71,0.4067796610169492,혼잡,오전(6-11),0.49999999999999994,-0.8660254037844387
2017-04-13 10:25:00,128,49.6,7.68,0.3515625,혼잡,오전(6-11),0.49999999999999994,-0.8660254037844387
2017-04-13 10:30:00,147,52.3,6.95,0.3945578231292517,혼잡,오전(6-11),0.49999999999999994,-0.8660254037844387
2017-04-13 10:35:00,151,51.7,6.72,0.31788079470198677,혼잡,오전(6-11),0.49999999999999994,-0.8660254037844387
2017-04-13 10:40:00,127,48.9,5.58,0.31496062992125984,보통,오전(6-11),0.49999999999999994,-0.8660254037844387
2017-04-13 10:45:00,129,50.4,5.52,0.4263565891472868,보통,오전(6-11),0.49999999999999994,-0.8660254037844387
2017-04-13 10:50:00,135,47.3,5.75,0.37037037037037035,보통,오전(6-11),0.49999999999999994,-0.8660254037844387
2017-04-13 10:55:00,114,51.3,4.72,0.3333333333333333,보통,오전(6-11),0.49999999999999994,-0.8660254037844387
2017-04-13 11:00:00,115,51.6,4.72,0.3565217391304348,보통,오전(6-11),0.258819045102521,-0.9659258262890682
2017-04-13 11:05:00,125,51.7,5.15,0.36,보통,오전(6-11),0.258819045102521,-0.9659258262890682
2017-04-13 11:10:00,150,49.2,6.38,0.3933333333333333,보통,오전(6-11),0.258819045102521,-0.9659258262890682
2017-04-13 11:15:00,144,49.6,6.1,0.3611111111111111,보통,오전(6-11),0.258819045102521,-0.9659258262890682
2017-04-13 11:20:00,109,49.6,4.27,0.3761467889908257,보통,오전(6-11),0.258819045102521,-0.9659258262890682
2017-04-13 11:25:00,170,48.6,7.44,0.3235294117647059,혼잡,오전(6-11),0.258819045102521,-0.9659258262890682
2017-04-13 11:30:00,147,45.0,7.47,0.3469387755102041,혼잡,오전(6-11),0.258819045102521,-0.9659258262890682
2017-04-13 11:35:00,141,47.4,6.42,0.3829787234042553,보통,오전(6-11),0.258819045102521,-0.9659258262890682
2017-04-13 11:40:00,150,44.5,9.03,0.35333333333333333,혼잡,오전(6-11),0.258819045102521,-0.9659258262890682
2017-04-13 11:45:00,183,42.6,8.56,0.366120218579235,혼잡,오전(6-11),0.258819045102521,-0.9659258262890682
2017-04-13 11:50:00,165,43.0,8.06,0.2727272727272727,혼잡,오전(6-11),0.258819045102521,-0.9659258262890682
2017-04-13 11:55:00,167,49.5,7.05,0.3532934131736527,혼잡,오전(6-11),0.258819045102521,-0.9659258262890682
2017-04-13 12:00:00,163,50.6,6.6,0.34355828220858897,보통,오후(12-17),1.2246467991473532e-16,-1.0
2017-04-13 12:05:00,169,47.2,7.09,0.3431952662721893,혼잡,오후(12-17),1.2246467991473532e-16,-1.0
2017-04-13 12:10:00,148,45.8,6.25,0.24324324324324326,보통,오후(12-17),1.2246467991473532e-16,-1.0
2017-04-13 12:15:00,134,47.2,5.75,0.26865671641791045,보통,오후(12-17),1.2246467991473532e-16,-1.0
2017-04-13 12:20:00,118,49.9,5.45,0.3389830508474576,보통,오후(12-17),1.2246467991473532e-16,-1.0
2017-04-13 12:25:00,124,46.8,5.26,0.25806451612903225,보통,오후(12-17),1.2246467991473532e-16,-1.0
2017-04-13 12:30:00,154,47.0,6.78,0.33766233766233766,혼잡,오후(12-17),1.2246467991473532e-16,-1.0
2017-04-13 12:35:00,123,50.9,5.19,0.3089430894308943,보통,오후(12-17),1.2246467991473532e-16,-1.0
2017-04-13 12:40:00,149,48.2,6.03,0.3087248322147651,보통,오후(12-17),1.2246467991473532e-16,-1.0
2017-04-13 12:45:00,136,47.3,5.97,0.33088235294117646,보통,오후(12-17),1.2246467991473532e-16,-1.0
2017-04-13 12:50:00,152,46.3,6.78,0.3026315789473684,혼잡,오후(12-17),1.2246467991473532e-16,-1.0
2017-04-13 12:55:00,126,47.3,5.33,0.20634920634920634,보통,오후(12-17),1.2246467991473532e-16,-1.0
2017-04-13 13:00:00,104,50.8,4.34,0.375,보통,오후(12-17),-0.25881904510252035,-0.9659258262890684
2017-04-13 13:05:00,134,47.6,5.79,0.26119402985074625,보통,오후(12-17),-0.25881904510252035,-0.9659258262890684
2017-04-13 13:10:00,146,47.5,6.62,0.2876712328767123,보통,오후(12-17),-0.25881904510252035,-0.9659258262890684
2017-04-13 13:15:00,174,45.8,8.24,0.3103448275862069,혼잡,오후(12-17),-0.25881904510252035,-0.9659258262890684
2017-04-13 13:20:00,161,47.2,6.89,0.3105590062111801,혼잡,오후(12-17),-0.25881904510252035,-0.9659258262890684
2017-04-13 13:25:00,136,47.5,5.71,0.35294117647058826,보통,오후(12-17),-0.25881904510252035,-0.9659258262890684
2017-04-13 13:30:00,143,45.5,6.04,0.3076923076923077,보통,오후(12-17),-0.25881904510252035,-0.9659258262890684
2017-04-13 13:35:00,129,50.7,5.24,0.29457364341085274,보통,오후(12-17),-0.25881904510252035,-0.9659258262890684
2017-04-13 13:40:00,111,52.0,4.38,0.3153153153153153,보통,오후(12-17),-0.25881904510252035,-0.9659258262890684
2017-04-13 13:45:00,150,46.3,6.37,0.30666666666666664,보통,오후(12-17),-0.25881904510252035,-0.9659258262890684
2017-04-13 13:50:00,154,44.6,7.19,0.3051948051948052,혼잡,오후(12-17),-0.25881904510252035,-0.9659258262890684
2017-04-13 13:55:00,160,50.7,6.54,0.26875,보통,오후(12-17),-0.25881904510252035,-0.9659258262890684
2017-04-13 14:00:00,170,48.2,7.62,0.32941176470588235,혼잡,오후(12-17),-0.5000000000000001,-0.8660254037844386
2017-04-13 14:05:00,150,49.4,6.33,0.3933333333333333,보통,오후(12-17),-0.5000000000000001,-0.8660254037844386
2017-04-13 14:10:00,144,47.7,6.13,0.375,보통,오후(12-17),-0.5000000000000001,-0.8660254037844386
2017-04-13 14:15:00,144,48.1,6.13,0.3680555555555556,보통,오후(12-17),-0.5000000000000001,-0.8660254037844386
2017-04-13 14:20:00,139,50.6,5.57,0.28776978417266186,보통,오후(12-17),-0.5000000000000001,-0.8660254037844386
2017-04-13 14:25:00,130,47.5,5.43,0.3230769230769231,보통,오후(12-17),-0.5000000000000001,-0.8660254037844386
2017-04-13 14:30:00,150,49.1,6.31,0.3,보통,오후(12-17),-0.5000000000000001,-0.8660254037844386
2017-04-13 14:35:00,173,49.2,7.21,0.31213872832369943,혼잡,오후(12-17),-0.5000000000000001,-0.8660254037844386
2017-04-13 14:40:00,147,51.1,5.81,0.30612244897959184,보통,오후(12-17),-0.5000000000000001,-0.8660254037844386
2017-04-13 14:45:00,155,47.5,6.82,0.3548387096774194,혼잡,오후(12-17),-0.5000000000000001,-0.8660254037844386
2017-04-13 14:50:00,149,44.6,6.35,0.3221476510067114,보통,오후(12-17),-0.5000000000000001,-0.8660254037844386
2017-04-13 14:55:00,156,47.5,6.83,0.34615384615384615,혼잡,오후(12-17),-0.5000000000000001,-0.8660254037844386
2017-04-13 15:00:00,109,51.9,4.43,0.28440366972477066,보통,오후(12-17),-0.7071067811865475,-0.7071067811865477
2017-04-13 15:05:00,143,47.7,6.19,0.32867132867132864,보통,오후(12-17),-0.7071067811865475,-0.7071067811865477
2017-04-13 15:10:00,171,47.3,7.25,0.3216374269005848,혼잡,오후(12-17),-0.7071067811865475,-0.7071067811865477
2017-04-13 15:15:00,167,46.8,7.41,0.2934131736526946,혼잡,오후(12-17),-0.7071067811865475,-0.7071067811865477
2017-04-13 15:20:00,142,49.4,5.44,0.22535211267605634,보통,오후(12-17),-0.7071067811865475,-0.7071067811865477
2017-04-13 15:25:00,158,50.0,6.5,0.26582278481012656,보통,오후(12-17),-0.7071067811865475,-0.7071067811865477
2017-04-13 15:30:00,132,48.6,5.47,0.2878787878787879,보통,오후(12-17),-0.7071067811865475,-0.7071067811865477
2017-04-13 15:35:00,151,48.4,6.66,0.31125827814569534,혼잡,오후(12-17),-0.7071067811865475,-0.7071067811865477
2017-04-13 15:40:00,137,47.9,5.61,0.24087591240875914,보통,오후(12-17),-0.7071067811865475,-0.7071067811865477
2017-04-13 15:45:00,148,47.9,5.81,0.3310810810810811,보통,오후(12-17),-0.7071067811865475,-0.7071067811865477
2017-04-13 15:50:00,163,47.7,7.02,0.31901840490797545,혼잡,오후(12-17),-0.7071067811865475,-0.7071067811865477
2017-04-13 15:55:00,160,49.2,6.79,0.30625,혼잡,오후(12-17),-0.7071067811865475,-0.7071067811865477
2017-04-13 16:00:00,158,49.0,6.14,0.25949367088607594,보통,오후(12-17),-0.8660254037844385,-0.5000000000000004
2017-04-13 16:05:00,176,48.0,7.3,0.2727272727272727,혼잡,오후(12-17),-0.8660254037844385,-0.5000000000000004
2017-04-13 16:10:00,158,40.9,7.84,0.24050632911392406,혼잡,오후(12-17),-0.8660254037844385,-0.5000000000000004
2017-04-13 16:15:00,163,45.4,6.86,0.3128834355828221,혼잡,오후(12-17),-0.8660254037844385,-0.5000000000000004
2017-04-13 16:20:00,138,45.7,6.39,0.3333333333333333,보통,오후(12-17),-0.8660254037844385,-0.5000000000000004
2017-04-13 16:25:00,148,47.3,6.67,0.2635135135135135,혼잡,오후(12-17),-0.8660254037844385,-0.5000000000000004
2017-04-13 16:30:00,135,51.8,5.28,0.26666666666666666,보통,오후(12-17),-0.8660254037844385,-0.5000000000000004
2017-04-13 16:35:00,138,51.4,5.57,0.3333333333333333,보통,오후(12-17),-0.8660254037844385,-0.5000000000000004
2017-04-13 16:40:00,188,48.7,7.51,0.26063829787234044,혼잡,오후(12-17),-0.8660254037844385,-0.5000000000000004
2017-04-13 16:45:00,177,47.6,7.71,0.3333333333333333,혼잡,오후(12-17),-0.8660254037844385,-0.5000000000000004
2017-04-13 16:50:00,143,45.9,6.37,0.2867132867132867,보통,오후(12-17),-0.8660254037844385,-0.5000000000000004
2017-04-13 16:55:00,128,50.0,5.03,0.2265625,보통,오후(12-17),-0.8660254037844385,-0.5000000000000004
2017-04-13 17:00:00,135,48.0,5.83,0.25925925925925924,보통,오후(12-17),-0.9659258262890683,-0.25881904510252063
2017-04-13 17:05:00,157,51.1,6.35,0.3057324840764331,보통,오후(12-17),-0.9659258262890683,-0.25881904510252063
2017-04-13 17:10:00,156,43.2,6.59,0.26282051282051283,보통,오후(12-17),-0.9659258262890683,-0.25881904510252063
2017-04-13 17:15:00,149,44.2,6.91,0.26174496644295303,혼잡,오후(12-17),-0.9659258262890683,-0.25881904510252063
2017-04-13 17:20:00,165,49.4,6.71,0.23636363636363636,혼잡,오후(12-17),-0.9659258262890683,-0.25881904510252063
2017-04-13 17:25:00,160,49.9,6.28,0.3,보통,오후(12-17),-0.9659258262890683,-0.25881904510252063
2017-04-13 17:30:00,132,46.8,5.64,0.25,보통,오후(12-17),-0.9659258262890683,-0.25881904510252063
2017-04-13 17:35:00,35,45.2,16.11,0.22857142857142856,혼잡,오후(12-17),-0.9659258262890683,-0.25881904510252063
2017-04-13 17:40:00,178,42.7,14.66,0.25280898876404495,혼잡,오후(12-17),-0.9659258262890683,-0.25881904510252063
2017-04-13 17:45:00,166,49.9,6.67,0.28313253012048195,혼잡,오후(12-17),-0.9659258262890683,-0.25881904510252063
2017-04-13 17:50:00,126,51.6,4.95,0.30158730158730157,보통,오후(12-17),-0.9659258262890683,-0.25881904510252063
2017-04-13 17:55:00,144,44.8,6.49,0.3472222222222222,보통,오후(12-17),-0.9659258262890683,-0.25881904510252063
2017-04-13 18:00:00,168,45.9,6.6,0.2976190476190476,보통,저녁(18-23),-1.0,-1.8369701987210297e-16
2017-04-13 18:05:00,218,41.0,10.05,0.3348623853211009,혼잡,저녁(18-23),-1.0,-1.8369701987210297e-16
2017-04-13 18:10:00,199,36.3,17.86,0.2663316582914573,혼잡,저녁(18-23),-1.0,-1.8369701987210297e-16
2017-04-13 18:15:00,184,35.2,10.71,0.2826086956521739,혼잡,저녁(18-23),-1.0,-1.8369701987210297e-16
2017-04-13 18:20:00,180,36.2,27.0,0.2222222222222222,혼잡,저녁(18-23),-1.0,-1.8369701987210297e-16
2017-04-13 18:25:00,246,30.8,25.41,0.2845528455284553,혼잡,저녁(18-23),-1.0,-1.8369701987210297e-16
2017-04-13 18:30:00,185,41.4,15.0,0.2918918918918919,혼잡,저녁(18-23),-1.0,-1.8369701987210297e-16
2017-04-13 18:35:00,179,39.5,8.81,0.25139664804469275,혼잡,저녁(18-23),-1.0,-1.8369701987210297e-16
2017-04-13 18:40:00,155,42.0,6.94,0.3161290322580645,혼잡,저녁(18-23),-1.0,-1.8369701987210297e-16
2017-04-13 18:45:00,183,43.0,8.12,0.2896174863387978,혼잡,저녁(18-23),-1.0,-1.8369701987210297e-16
2017-04-13 18:50:00,148,49.0,6.05,0.34459459459459457,보통,저녁(18-23),-1.0,-1.8369701987210297e-16
2017-04-13 18:55:00,157,41.9,10.93,0.25477707006369427,혼잡,저녁(18-23),-1.0,-1.8369701987210297e-16
2017-04-13 19:00:00,131,43.3,5.58,0.2900763358778626,보통,저녁(18-23),-0.9659258262890684,0.2588190451025203
2017-04-13 19:05:00,132,44.5,6.15,0.3409090909090909,보통,저녁(18-23),-0.9659258262890684,0.2588190451025203
2017-04-13 19:10:00,170,44.4,8.4,0.25882352941176473,혼잡,저녁(18-23),-0.9659258262890684,0.2588190451025203
2017-04-13 19:15:00,138,43.8,6.4,0.2028985507246377,보통,저녁(18-23),-0.9659258262890684,0.2588190451025203
2017-04-13 19:20:00,125,45.6,6.07,0.2,보통,저녁(18-23),-0.9659258262890684,0.2588190451025203
2017-04-13 19:25:00,145,44.2,7.11,0.2206896551724138,혼잡,저녁(18-23),-0.9659258262890684,0.2588190451025203
2017-04-13 19:30:00,142,44.4,7.39,0.20422535211267606,혼잡,저녁(18-23),-0.9659258262890684,0.2588190451025203
2017-04-13 19:35:00,163,42.5,8.32,0.22085889570552147,혼잡,저녁(18-23),-0.9659258262890684,0.2588190451025203
2017-04-13 19:40:00,121,42.3,5.97,0.24793388429752067,보통,저녁(18-23),-0.9659258262890684,0.2588190451025203
2017-04-13 19:45:00,105,51.3,5.29,0.24761904761904763,보통,저녁(18-23),-0.9659258262890684,0.2588190451025203
2017-04-13 19:50:00,132,44.6,7.33,0.1590909090909091,혼잡,저녁(18-23),-0.9659258262890684,0.2588190451025203
2017-04-13 19:55:00,129,46.4,6.19,0.1937984496124031,보통,저녁(18-23),-0.9659258262890684,0.2588190451025203
2017-04-13 20:00:00,109,47.6,5.77,0.14678899082568808,보통,저녁(18-23),-0.8660254037844386,0.5000000000000001
2017-04-13 20:05:00,115,46.8,10.78,0.22608695652173913,혼잡,저녁(18-23),-0.8660254037844386,0.5000000000000001
2017-04-13 20:10:00,116,49.5,6.63,0.2672413793103448,보통,저녁(18-23),-0.8660254037844386,0.5000000000000001
2017-04-13 20:15:00,127,49.7,5.95,0.15748031496062992,보통,저녁(18-23),-0.8660254037844386,0.5000000000000001
2017-04-13 20:20:00,107,44.5,5.84,0.2336448598130841,보통,저녁(18-23),-0.8660254037844386,0.5000000000000001
2017-04-13 20:25:00,98,49.4,4.46,0.25510204081632654,보통,저녁(18-23),-0.8660254037844386,0.5000000000000001
2017-04-13 20:30:00,142,47.7,9.06,0.20422535211267606,혼잡,저녁(18-23),-0.8660254037844386,0.5000000000000001
2017-04-13 20:35:00,131,46.8,6.6,0.21374045801526717,보통,저녁(18-23),-0.8660254037844386,0.5000000000000001
2017-04-13 20:40:00,106,49.4,4.78,0.25471698113207547,보통,저녁(18-23),-0.8660254037844386,0.5000000000000001
2017-04-13 20:45:00,90,46.4,4.19,0.2,보통,저녁(18-23),-0.8660254037844386,0.5000000000000001
2017-04-13 20:50:00,119,42.9,6.15,0.21008403361344538,보통,저녁(18-23),-0.8660254037844386,0.5000000000000001
2017-04-13 20:55:00,132,48.0,6.38,0.25757575757575757,보통,저녁(18-23),-0.8660254037844386,0.5000000000000001
2017-04-13 21:00:00,101,48.4,8.34,0.2079207920792079,혼잡,저녁(18-23),-0.7071067811865477,0.7071067811865474
2017-04-13 21:05:00,98,46.5,4.8,0.15306122448979592,보통,저녁(18-23),-0.7071067811865477,0.7071067811865474
2017-04-13 21:10:00,92,44.1,4.29,0.2391304347826087,보통,저녁(18-23),-0.7071067811865477,0.7071067811865474
2017-04-13 21:15:00,115,44.7,6.02,0.20869565217391303,보통,저녁(18-23),-0.7071067811865477,0.7071067811865474
2017-04-13 21:20:00,110,46.9,5.58,0.18181818181818182,보통,저녁(18-23),-0.7071067811865477,0.7071067811865474
2017-04-13 21:25:00,115,42.6,6.58,0.23478260869565218,보통,저녁(18-23),-0.7071067811865477,0.7071067811865474
2017-04-13 21:30:00,90,44.4,4.77,0.12222222222222222,보통,저녁(18-23),-0.7071067811865477,0.7071067811865474
2017-04-13 21:35:00,138,44.8,6.34,0.14492753623188406,보통,저녁(18-23),-0.7071067811865477,0.7071067811865474
2017-04-13 21:40:00,110,44.6,5.51,0.22727272727272727,보통,저녁(18-23),-0.7071067811865477,0.7071067811865474
2017-04-13 21:45:00,103,45.0,8.97,0.1941747572815534,혼잡,저녁(18-23),-0.7071067811865477,0.7071067811865474
2017-04-13 21:50:00,83,49.1,3.71,0.2289156626506024,원활,저녁(18-23),-0.7071067811865477,0.7071067811865474
2017-04-13 21:55:00,91,48.3,4.36,0.2087912087912088,보통,저녁(18-23),-0.7071067811865477,0.7071067811865474
2017-04-13 22:00:00,94,48.0,4.47,0.2553191489361702,보통,저녁(18-23),-0.5000000000000004,0.8660254037844384
2017-04-13 22:05:00,110,47.8,5.63,0.21818181818181817,보통,저녁(18-23),-0.5000000000000004,0.8660254037844384
2017-04-13 22:10:00,139,45.1,7.15,0.17266187050359713,혼잡,저녁(18-23),-0.5000000000000004,0.8660254037844384
2017-04-13 22:15:00,118,48.4,5.8,0.1694915254237288,보통,저녁(18-23),-0.5000000000000004,0.8660254037844384
2017-04-13 22:20:00,81,48.0,3.93,0.2222222222222222,보통,저녁(18-23),-0.5000000000000004,0.8660254037844384
2017-04-13 22:25:00,95,44.7,4.91,0.2736842105263158,보통,저녁(18-23),-0.5000000000000004,0.8660254037844384
2017-04-13 22:30:00,54,53.2,2.73,0.35185185185185186,원활,저녁(18-23),-0.5000000000000004,0.8660254037844384
2017-04-13 22:35:00,102,47.0,5.01,0.3333333333333333,보통,저녁(18-23),-0.5000000000000004,0.8660254037844384
2017-04-13 22:40:00,97,50.1,4.1,0.2268041237113402,보통,저녁(18-23),-0.5000000000000004,0.8660254037844384
2017-04-13 22:45:00,95,51.5,3.97,0.25263157894736843,보통,저녁(18-23),-0.5000000000000004,0.8660254037844384
2017-04-13 22:50:00,68,53.3,3.15,0.35294117647058826,원활,저녁(18-23),-0.5000000000000004,0.8660254037844384
2017-04-13 22:55:00,70,50.0,3.45,0.2714285714285714,원활,저녁(18-23),-0.5000000000000004,0.8660254037844384
2017-04-13 23:00:00,57,50.4,2.39,0.17543859649122806,원활,저녁(18-23),-0.2588190451025207,0.9659258262890683
2017-04-13 23:05:00,70,55.3,3.61,0.34285714285714286,원활,저녁(18-23),-0.2588190451025207,0.9659258262890683
2017-04-13 23:10:00,59,52.3,2.64,0.2711864406779661,원활,저녁(18-23),-0.2588190451025207,0.9659258262890683
2017-04-13 23:15:00,72,53.7,3.03,0.2916666666666667,원활,저녁(18-23),-0.2588190451025207,0.9659258262890683
2017-04-13 23:20:00,68,51.6,3.16,0.27941176470588236,원활,저녁(18-23),-0.2588190451025207,0.9659258262890683
2017-04-13 23:25:00,52,55.9,2.25,0.28846153846153844,원활,저녁(18-23),-0.2588190451025207,0.9659258262890683
2017-04-13 23:30:00,55,57.8,2.25,0.2545454545454545,원활,저녁(18-23),-0.2588190451025207,0.9659258262890683
2017-04-13 23:35:00,49,55.6,2.01,0.3877551020408163,원활,저녁(18-23),-0.2588190451025207,0.9659258262890683
2017-04-13 23:40:00,51,49.4,2.33,0.19607843137254902,원활,저녁(18-23),-0.2588190451025207,0.9659258262890683
2017-04-13 23:45:00,44,54.3,1.97,0.18181818181818182,원활,저녁(18-23),-0.2588190451025207,0.9659258262890683
2017-04-13 23:50:00,30,53.7,1.29,0.3,원활,저녁(18-23),-0.2588190451025207,0.9659258262890683
2017-04-13 23:55:00,40,56.5,1.65,0.3,원활,저녁(18-23),-0.2588190451025207,0.9659258262890683
2017-04-14 00:00:00,50,52.9,2.17,0.3,원활,새벽(0-5),0.0,1.0
2017-04-14 00:05:00,47,57.9,1.85,0.3404255319148936,원활,새벽(0-5),0.0,1.0
2017-04-14 00:10:00,54,56.3,2.14,0.3333333333333333,원활,새벽(0-5),0.0,1.0
2017-04-14 00:15:00,53,53.6,2.1,0.2830188679245283,원활,새벽(0-5),0.0,1.0
2017-04-14 00:20:00,34,55.9,1.41,0.2647058823529412,원활,새벽(0-5),0.0,1.0
2017-04-14 00:25:00,37,60.1,1.53,0.2972972972972973,원활,새벽(0-5),0.0,1.0
2017-04-14 00:30:00,32,57.6,1.37,0.3125,원활,새벽(0-5),0.0,1.0
2017-04-14 00:35:00,24,60.1,1.06,0.4583333333333333,원활,새벽(0-5),0.0,1.0
2017-04-14 00:40:00,21,56.2,0.91,0.19047619047619047,원활,새벽(0-5),0.0,1.0
2017-04-14 00:45:00,33,55.7,1.35,0.21212121212121213,원활,새벽(0-5),0.0,1.0
2017-04-14 00:50:00,30,59.8,1.19,0.3333333333333333,원활,새벽(0-5),0.0,1.0
2017-04-14 00:55:00,25,58.3,1.04,0.28,원활,새벽(0-5),0.0,1.0
2017-04-14 01:00:00,36,52.5,1.55,0.4166666666666667,원활,새벽(0-5),0.25881904510252074,0.9659258262890683
2017-04-14 01:05:00,24,55.5,1.07,0.3333333333333333,원활,새벽(0-5),0.25881904510252074,0.9659258262890683
2017-04-14 01:10:00,24,64.8,3.42,0.375,원활,새벽(0-5),0.25881904510252074,0.9659258262890683
2017-04-14 01:15:00,31,69.6,1.46,0.5161290322580645,원활,새벽(0-5),0.25881904510252074,0.9659258262890683
2017-04-14 01:20:00,26,54.9,1.02,0.4230769230769231,원활,새벽(0-5),0.25881904510252074,0.9659258262890683
2017-04-14 01:25:00,21,54.7,0.82,0.14285714285714285,원활,새벽(0-5),0.25881904510252074,0.9659258262890683
2017-04-14 01:30:00,22,60.3,0.92,0.36363636363636365,원활,새벽(0-5),0.25881904510252074,0.9659258262890683
2017-04-14 01:35:00,20,56.6,0.8,0.3,원활,새벽(0-5),0.25881904510252074,0.9659258262890683
2017-04-14 01:40:00,13,64.8,0.5,0.3076923076923077,원활,새벽(0-5),0.25881904510252074,0.9659258262890683
2017-04-14 01:45:00,13,60.0,0.56,0.38461538461538464,원활,새벽(0-5),0.25881904510252074,0.9659258262890683
2017-04-14 01:50:00,23,62.7,0.84,0.391304347826087,원활,새벽(0-5),0.25881904510252074,0.9659258262890683
2017-04-14 01:55:00,16,59.2,0.66,0.4375,원활,새벽(0-5),0.25881904510252074,0.9659258262890683
2017-04-14 02:00:00,13,60.4,0.43,0.38461538461538464,원활,새벽(0-5),0.49999999999999994,0.8660254037844387
2017-04-14 02:05:00,31,61.8,1.12,0.25806451612903225,원활,새벽(0-5),0.49999999999999994,0.8660254037844387
2017-04-14 02:10:00,13,57.4,0.56,0.3076923076923077,원활,새벽(0-5),0.49999999999999994,0.8660254037844387
2017-04-14 02:15:00,12,71.3,0.47,0.3333333333333333,원활,새벽(0-5),0.49999999999999994,0.8660254037844387
2017-04-14 02:20:00,19,63.9,0.79,0.2631578947368421,원활,새벽(0-5),0.49999999999999994,0.8660254037844387
2017-04-14 02:25:00,15,55.1,0.56,0.26666666666666666,원활,새벽(0-5),0.49999999999999994,0.8660254037844387
2017-04-14 02:30:00,11,53.2,0.43,0.45454545454545453,원활,새벽(0-5),0.49999999999999994,0.8660254037844387
2017-04-14 02:35:00,16,67.0,0.57,0.3125,원활,새벽(0-5),0.49999999999999994,0.8660254037844387
2017-04-14 02:40:00,13,66.9,0.44,0.15384615384615385,원활,새벽(0-5),0.49999999999999994,0.8660254037844387
2017-04-14 02:45:00,18,56.7,0.76,0.1111111111111111,원활,새벽(0-5),0.49999999999999994,0.8660254037844387
2017-04-14 02:50:00,10,68.3,0.42,0.2,원활,새벽(0-5),0.49999999999999994,0.8660254037844387
2017-04-14 02:55:00,13,53.6,0.52,0.15384615384615385,원활,새벽(0-5),0.49999999999999994,0.8660254037844387
2017-04-14 03:00:00,10,57.1,0.42,0.1,원활,새벽(0-5),0.7071067811865476,0.7071067811865476
2017-04-14 03:05:00,21,61.9,0.88,0.2857142857142857,원활,새벽(0-5),0.7071067811865476,0.7071067811865476
2017-04-14 03:10:00,22,53.1,0.83,0.3181818181818182,원활,새벽(0-5),0.7071067811865476,0.7071067811865476
2017-04-14 03:15:00,22,52.3,0.92,0.3181818181818182,원활,새벽(0-5),0.7071067811865476,0.7071067811865476
2017-04-14 03:20:00,20,56.7,0.81,0.45,원활,새벽(0-5),0.7071067811865476,0.7071067811865476
2017-04-14 03:25:00,11,57.4,0.46,0.45454545454545453,원활,새벽(0-5),0.7071067811865476,0.7071067811865476
2017-04-14 03:30:00,16,62.0,0.64,0.375,원활,새벽(0-5),0.7071067811865476,0.7071067811865476
2017-04-14 03:35:00,13,51.8,0.62,0.46153846153846156,원활,새벽(0-5),0.7071067811865476,0.7071067811865476
2017-04-14 03:40:00,14,56.1,0.77,0.35714285714285715,원활,새벽(0-5),0.7071067811865476,0.7071067811865476
2017-04-14 03:45:00,21,63.7,0.87,0.42857142857142855,원활,새벽(0-5),0.7071067811865476,0.7071067811865476
2017-04-14 03:50:00,17,57.0,0.79,0.35294117647058826,원활,새벽(0-5),0.7071067811865476,0.7071067811865476
2017-04-14 03:55:00,14,53.3,0.64,0.42857142857142855,원활,새벽(0-5),0.7071067811865476,0.7071067811865476
2017-04-14 04:00:00,13,56.0,0.43,0.15384615384615385,원활,새벽(0-5),0.8660254037844386,0.5000000000000001
2017-04-14 04:05:00,17,54.1,0.72,0.23529411764705882,원활,새벽(0-5),0.8660254037844386,0.5000000000000001
2017-04-14 04:10:00,20,56.7,0.79,0.4,원활,새벽(0-5),0.8660254037844386,0.5000000000000001
2017-04-14 04:15:00,10,51.6,0.55,0.3,원활,새벽(0-5),0.8660254037844386,0.5000000000000001
2017-04-14 04:20:00,10,62.2,0.45,0.3,원활,새벽(0-5),0.8660254037844386,0.5000000000000001
2017-04-14 04:25:00,13,49.0,0.62,0.5384615384615384,원활,새벽(0-5),0.8660254037844386,0.5000000000000001
2017-04-14 04:30:00,21,61.2,0.78,0.42857142857142855,원활,새벽(0-5),0.8660254037844386,0.5000000000000001
2017-04-14 04:35:00,17,54.2,0.81,0.4117647058823529,원활,새벽(0-5),0.8660254037844386,0.5000000000000001
2017-04-14 04:40:00,46,60.1,1.8,0.3695652173913043,원활,새벽(0-5),0.8660254037844386,0.5000000000000001
2017-04-14 04:45:00,28,55.2,1.21,0.5,원활,새벽(0-5),0.8660254037844386,0.5000000000000001
2017-04-14 04:50:00,22,61.0,0.94,0.3181818181818182,원활,새벽(0-5),0.8660254037844386,0.5000000000000001
2017-04-14 04:55:00,21,54.5,0.85,0.3333333333333333,원활,새벽(0-5),0.8660254037844386,0.5000000000000001
2017-04-14 05:00:00,29,56.1,1.26,0.3793103448275862,원활,새벽(0-5),0.9659258262890683,0.25881904510252074
2017-04-14 05:05:00,35,60.6,1.48,0.22857142857142856,원활,새벽(0-5),0.9659258262890683,0.25881904510252074
2017-04-14 05:10:00,41,58.2,1.79,0.2926829268292683,원활,새벽(0-5),0.9659258262890683,0.25881904510252074
2017-04-14 05:15:00,51,58.6,2.29,0.3333333333333333,원활,새벽(0-5),0.9659258262890683,0.25881904510252074
2017-04-14 05:20:00,61,44.5,4.26,0.29508196721311475,보통,새벽(0-5),0.9659258262890683,0.25881904510252074
2017-04-14 05:25:00,67,54.5,3.57,0.23880597014925373,원활,새벽(0-5),0.9659258262890683,0.25881904510252074
2017-04-14 05:30:00,45,60.2,1.76,0.3111111111111111,원활,새벽(0-5),0.9659258262890683,0.25881904510252074
2017-04-14 05:35:00,63,52.8,2.71,0.30158730158730157,원활,새벽(0-5),0.9659258262890683,0.25881904510252074
2017-04-14 05:40:00,43,66.7,1.58,0.2558139534883721,원활,새벽(0-5),0.9659258262890683,0.25881904510252074
2017-04-14 05:45:00,41,64.9,1.8,0.4878048780487805,원활,새벽(0-5),0.9659258262890683,0.25881904510252074
2017-04-14 05:50:00,48,62.9,1.83,0.4166666666666667,원활,새벽(0-5),0.9659258262890683,0.25881904510252074
2017-04-14 05:55:00,73,60.3,2.8,0.4246575342465753,원활,새벽(0-5),0.9659258262890683,0.25881904510252074
2017-04-14 06:00:00,70,56.7,2.59,0.3142857142857143,원활,오전(6-11),1.0,6.123233995736766e-17
2017-04-14 06:05:00,76,61.1,2.67,0.35526315789473684,원활,오전(6-11),1.0,6.123233995736766e-17
2017-04-14 06:10:00,68,60.5,2.5,0.4264705882352941,원활,오전(6-11),1.0,6.123233995736766e-17
2017-04-14 06:15:00,83,54.2,3.21,0.3132530120481928,원활,오전(6-11),1.0,6.123233995736766e-17
2017-04-14 06:20:00,86,59.5,2.9,0.313953488372093,원활,오전(6-11),1.0,6.123233995736766e-17
2017-04-14 06:25:00,122,52.2,4.95,0.4098360655737705,보통,오전(6-11),1.0,6.123233995736766e-17
2017-04-14 06:30:00,118,55.5,4.57,0.3220338983050847,보통,오전(6-11),1.0,6.123233995736766e-17
2017-04-14 06:35:00,127,54.2,4.75,0.4015748031496063,보통,오전(6-11),1.0,6.123233995736766e-17
2017-04-14 06:40:00,128,52.7,4.72,0.3515625,보통,오전(6-11),1.0,6.123233995736766e-17
2017-04-14 06:45:00,129,58.0,4.63,0.3798449612403101,보통,오전(6-11),1.0,6.123233995736766e-17
2017-04-14 06:50:00,109,53.4,4.2,0.3577981651376147,보통,오전(6-11),1.0,6.123233995736766e-17
2017-04-14 06:55:00,122,49.6,4.89,0.4344262295081967,보통,오전(6-11),1.0,6.123233995736766e-17
2017-04-14 07:00:00,119,50.7,4.69,0.37815126050420167,보통,오전(6-11),0.9659258262890683,-0.25881904510252085
2017-04-14 07:05:00,165,52.2,6.81,0.36363636363636365,혼잡,오전(6-11),0.9659258262890683,-0.25881904510252085
2017-04-14 07:10:00,193,51.1,7.6,0.2849740932642487,혼잡,오전(6-11),0.9659258262890683,-0.25881904510252085
2017-04-14 07:15:00,217,48.6,10.66,0.3317972350230415,혼잡,오전(6-11),0.9659258262890683,-0.25881904510252085
2017-04-14 07:20:00,174,46.1,8.28,0.3160919540229885,혼잡,오전(6-11),0.9659258262890683,-0.25881904510252085
2017-04-14 07:25:00,200,46.1,8.9,0.32,혼잡,오전(6-11),0.9659258262890683,-0.25881904510252085
2017-04-14 07:30:00,248,44.8,11.22,0.31048387096774194,혼잡,오전(6-11),0.9659258262890683,-0.25881904510252085
2017-04-14 07:35:00,289,47.4,11.72,0.3633217993079585,혼잡,오전(6-11),0.9659258262890683,-0.25881904510252085
2017-04-14 07:40:00,239,46.5,9.54,0.2719665271966527,혼잡,오전(6-11),0.9659258262890683,-0.25881904510252085
2017-04-14 07:45:00,207,39.2,20.82,0.34299516908212563,혼잡,오전(6-11),0.9659258262890683,-0.25881904510252085
2017-04-14 07:50:00,227,37.7,15.91,0.2907488986784141,혼잡,오전(6-11),0.9659258262890683,-0.25881904510252085
2017-04-14 07:55:00,257,36.5,17.82,0.3035019455252918,혼잡,오전(6-11),0.9659258262890683,-0.25881904510252085
2017-04-14 08:00:00,208,31.5,20.07,0.32211538461538464,혼잡,오전(6-11),0.8660254037844387,-0.4999999999999998
2017-04-14 08:05:00,209,35.0,16.21,0.3062200956937799,혼잡,오전(6-11),0.8660254037844387,-0.4999999999999998
2017-04-14 08:10:00,245,37.2,15.26,0.3224489795918367,혼잡,오전(6-11),0.8660254037844387,-0.4999999999999998
2017-04-14 08:15:00,266,39.4,15.04,0.3082706766917293,혼잡,오전(6-11),0.8660254037844387,-0.4999999999999998
2017-04-14 08:20:00,231,38.7,13.33,0.2857142857142857,혼잡,오전(6-11),0.8660254037844387,-0.4999999999999998
2017-04-14 08:25:00,183,42.5,8.9,0.2568306010928962,혼잡,오전(6-11),0.8660254037844387,-0.4999999999999998
2017-04-14 08:30:00,179,45.4,8.39,0.3240223463687151,혼잡,오전(6-11),0.8660254037844387,-0.4999999999999998
2017-04-14 08:35:00,244,39.2,12.73,0.2336065573770492,혼잡,오전(6-11),0.8660254037844387,-0.4999999999999998
2017-04-14 08:40:00,230,41.8,10.98,0.3,혼잡,오전(6-11),0.8660254037844387,-0.4999999999999998
2017-04-14 08:45:00,173,43.6,8.28,0.3468208092485549,혼잡,오전(6-11),0.8660254037844387,-0.4999999999999998
2017-04-14 08:50:00,171,45.8,7.35,0.28654970760233917,혼잡,오전(6-11),0.8660254037844387,-0.4999999999999998
2017-04-14 08:55:00,215,44.2,10.16,0.28837209302325584,혼잡,오전(6-11),0.8660254037844387,-0.4999999999999998
2017-04-14 09:00:00,168,46.0,8.24,0.2976190476190476,혼잡,오전(6-11),0.7071067811865476,-0.7071067811865475
2017-04-14 09:05:00,178,45.8,7.96,0.33146067415730335,혼잡,오전(6-11),0.7071067811865476,-0.7071067811865475
2017-04-14 09:10:00,145,46.9,6.76,0.3931034482758621,혼잡,오전(6-11),0.7071067811865476,-0.7071067811865475
2017-04-14 09:15:00,189,29.8,46.75,0.36507936507936506,혼잡,오전(6-11),0.7071067811865476,-0.7071067811865475
2017-04-14 09:20:00,217,43.9,11.33,0.35944700460829493,혼잡,오전(6-11),0.7071067811865476,-0.7071067811865475
2017-04-14 09:25:00,195,41.5,10.37,0.38974358974358975,혼잡,오전(6-11),0.7071067811865476,-0.7071067811865475
2017-04-14 09:30:00,149,51.3,6.64,0.348993288590604,보통,오전(6-11),0.7071067811865476,-0.7071067811865475
2017-04-14 09:35:00,169,48.0,7.19,0.25443786982248523,혼잡,오전(6-11),0.7071067811865476,-0.7071067811865475
2017-04-14 09:40:00,144,45.6,6.69,0.4236111111111111,혼잡,오전(6-11),0.7071067811865476,-0.7071067811865475
2017-04-14 09:45:00,172,45.9,8.37,0.36627906976744184,혼잡,오전(6-11),0.7071067811865476,-0.7071067811865475
2017-04-14 09:50:00,172,48.2,7.72,0.38372093023255816,혼잡,오전(6-11),0.7071067811865476,-0.7071067811865475
2017-04-14 09:55:00,181,45.3,8.61,0.3149171270718232,혼잡,오전(6-11),0.7071067811865476,-0.7071067811865475
2017-04-14 10:00:00,164,50.0,6.99,0.3170731707317073,혼잡,오전(6-11),0.49999999999999994,-0.8660254037844387
2017-04-14 10:05:00,156,46.7,7.42,0.358974358974359,혼잡,오전(6-11),0.49999999999999994,-0.8660254037844387
2017-04-14 10:10:00,144,50.9,5.93,0.3055555555555556,보통,오전(6-11),0.49999999999999994,-0.8660254037844387
2017-04-14 10:15:00,153,47.3,6.53,0.35947712418300654,보통,오전(6-11),0.49999999999999994,-0.8660254037844387
2017-04-14 10:20:00,116,51.5,4.37,0.39655172413793105,보통,오전(6-11),0.49999999999999994,-0.8660254037844387
2017-04-14 10:25:00,135,51.2,5.79,0.37037037037037035,보통,오전(6-11),0.49999999999999994,-0.8660254037844387
2017-04-14 10:30:00,109,53.5,4.3,0.3302752293577982,보통,오전(6-11),0.49999999999999994,-0.8660254037844387
2017-04-14 10:35:00,147,50.1,5.92,0.3741496598639456,보통,오전(6-11),0.49999999999999994,-0.8660254037844387
2017-04-14 10:40:00,150,49.3,6.48,0.2866666666666667,보통,오전(6-11),0.49999999999999994,-0.8660254037844387
2017-04-14 10:45:00,158,50.2,7.05,0.41139240506329117,혼잡,오전(6-11),0.49999999999999994,-0.8660254037844387
2017-04-14 10:50:00,118,52.8,4.98,0.3389830508474576,보통,오전(6-11),0.49999999999999994,-0.8660254037844387
2017-04-14 10:55:00,147,50.2,6.47,0.3741496598639456,보통,오전(6-11),0.49999999999999994,-0.8660254037844387
2017-04-14 11:00:00,135,48.2,5.99,0.4,보통,오전(6-11),0.258819045102521,-0.9659258262890682
2017-04-14 11:05:00,146,49.7,6.5,0.3424657534246575,보통,오전(6-11),0.258819045102521,-0.9659258262890682
2017-04-14 11:10:00,174,46.6,7.83,0.4482758620689655,혼잡,오전(6-11),0.258819045102521,-0.9659258262890682
2017-04-14 11:15:00,169,50.5,6.94,0.33727810650887574,혼잡,오전(6-11),0.258819045102521,-0.9659258262890682
2017-04-14 11:20:00,157,48.9,6.5,0.33121019108280253,보통,오전(6-11),0.258819045102521,-0.9659258262890682
2017-04-14 11:25:00,148,44.4,6.84,0.39864864864864863,혼잡,오전(6-11),0.258819045102521,-0.9659258262890682
2017-04-14 11:30:00,161,45.1,6.93,0.37888198757763975,혼잡,오전(6-11),0.258819045102521,-0.9659258262890682
2017-04-14 11:35:00,184,48.6,7.66,0.31521739130434784,혼잡,오전(6-11),0.258819045102521,-0.9659258262890682
2017-04-14 11:40:00,163,45.3,7.4,0.31901840490797545,혼잡,오전(6-11),0.258819045102521,-0.9659258262890682
2017-04-14 11:45:00,176,42.5,9.42,0.26136363636363635,혼잡,오전(6-11),0.258819045102521,-0.9659258262890682
2017-04-14 11:50:00,189,44.3,8.69,0.2751322751322751,혼잡,오전(6-11),0.258819045102521,-0.9659258262890682
2017-04-14 11:55:00,169,46.7,7.37,0.3431952662721893,혼잡,오전(6-11),0.258819045102521,-0.9659258262890682
2017-04-14 12:00:00,172,44.5,8.71,0.3081395348837209,혼잡,오후(12-17),1.2246467991473532e-16,-1.0
2017-04-14 12:05:00,178,45.5,8.18,0.2696629213483146,혼잡,오후(12-17),1.2246467991473532e-16,-1.0
2017-04-14 12:10:00,137,47.0,5.98,0.3284671532846715,보통,오후(12-17),1.2246467991473532e-16,-1.0
2017-04-14 12:15:00,85,47.2,7.45,0.3411764705882353,혼잡,오후(12-17),1.2246467991473532e-16,-1.0
2017-04-14 12:20:00,135,50.4,5.6,0.362962962962963,보통,오후(12-17),1.2246467991473532e-16,-1.0
2017-04-14 12:25:00,112,47.5,5.47,0.4107142857142857,보통,오후(12-17),1.2246467991473532e-16,-1.0
2017-04-14 12:30:00,136,51.1,5.28,0.3088235294117647,보통,오후(12-17),1.2246467991473532e-16,-1.0
2017-04-14 12:35:00,171,49.5,7.2,0.3333333333333333,혼잡,오후(12-17),1.2246467991473532e-16,-1.0
2017-04-14 12:40:00,146,47.7,6.3,0.3219178082191781,보통,오후(12-17),1.2246467991473532e-16,-1.0
2017-04-14 12:45:00,174,47.0,7.58,0.25287356321839083,혼잡,오후(12-17),1.2246467991473532e-16,-1.0
2017-04-14 12:50:00,153,44.9,7.45,0.3660130718954248,혼잡,오후(12-17),1.2246467991473532e-16,-1.0
2017-04-14 12:55:00,138,47.7,6.34,0.30434782608695654,보통,오후(12-17),1.2246467991473532e-16,-1.0
2017-04-14 13:00:00,146,49.5,6.19,0.2602739726027397,보통,오후(12-17),-0.25881904510252035,-0.9659258262890684
2017-04-14 13:05:00,172,47.6,8.28,0.3372093023255814,혼잡,오후(12-17),-0.25881904510252035,-0.9659258262890684
2017-04-14 13:10:00,165,46.7,7.29,0.3939393939393939,혼잡,오후(12-17),-0.25881904510252035,-0.9659258262890684
2017-04-14 13:15:00,190,47.9,8.11,0.3631578947368421,혼잡,오후(12-17),-0.25881904510252035,-0.9659258262890684
2017-04-14 13:20:00,168,45.6,7.26,0.30357142857142855,혼잡,오후(12-17),-0.25881904510252035,-0.9659258262890684
2017-04-14 13:25:00,180,43.3,8.81,0.38333333333333336,혼잡,오후(12-17),-0.25881904510252035,-0.9659258262890684
2017-04-14 13:30:00,156,47.5,6.69,0.36538461538461536,혼잡,오후(12-17),-0.25881904510252035,-0.9659258262890684
2017-04-14 13:35:00,138,45.7,6.51,0.3695652173913043,보통,오후(12-17),-0.25881904510252035,-0.9659258262890684
2017-04-14 13:40:00,152,47.0,6.35,0.32894736842105265,보통,오후(12-17),-0.25881904510252035,-0.9659258262890684
2017-04-14 13:45:00,166,44.8,7.74,0.3132530120481928,혼잡,오후(12-17),-0.25881904510252035,-0.9659258262890684
2017-04-14 13:50:00,180,48.4,7.48,0.2833333333333333,혼잡,오후(12-17),-0.25881904510252035,-0.9659258262890684
2017-04-14 13:55:00,157,50.7,6.17,0.3503184713375796,보통,오후(12-17),-0.25881904510252035,-0.9659258262890684
2017-04-14 14:00:00,183,47.5,7.72,0.37158469945355194,혼잡,오후(12-17),-0.5000000000000001,-0.8660254037844386
2017-04-14 14:05:00,170,48.3,7.17,0.3176470588235294,혼잡,오후(12-17),-0.5000000000000001,-0.8660254037844386
2017-04-14 14:10:00,158,43.2,7.21,0.310126582278481,혼잡,오후(12-17),-0.5000000000000001,-0.8660254037844386
2017-04-14 14:15:00,172,44.9,7.77,0.2558139534883721,혼잡,오후(12-17),-0.5000000000000001,-0.8660254037844386
2017-04-14 14:20:00,146,45.7,6.31,0.2054794520547945,보통,오후(12-17),-0.5000000000000001,-0.8660254037844386
2017-04-14 14:25:00,150,49.0,11.14,0.28,혼잡,오후(12-17),-0.5000000000000001,-0.8660254037844386
2017-04-14 14:30:00,155,47.5,9.95,0.2709677419354839,혼잡,오후(12-17),-0.5000000000000001,-0.8660254037844386
2017-04-14 14:35:00,148,48.0,6.05,0.31756756756756754,보통,오후(12-17),-0.5000000000000001,-0.8660254037844386
2017-04-14 14:40:00,170,46.7,7.19,0.3058823529411765,혼잡,오후(12-17),-0.5000000000000001,-0.8660254037844386
2017-04-14 14:45:00,156,47.9,6.43,0.30128205128205127,보통,오후(12-17),-0.5000000000000001,-0.8660254037844386
2017-04-14 14:50:00,142,47.9,5.93,0.30985915492957744,보통,오후(12-17),-0.5000000000000001,-0.8660254037844386
2017-04-14 14:55:00,164,46.0,7.51,0.25609756097560976,혼잡,오후(12-17),-0.5000000000000001,-0.8660254037844386
2017-04-14 15:00:00,118,49.9,4.84,0.23728813559322035,보통,오후(12-17),-0.7071067811865475,-0.7071067811865477
2017-04-14 15:05:00,150,48.2,6.23,0.24666666666666667,보통,오후(12-17),-0.7071067811865475,-0.7071067811865477
2017-04-14 15:10:00,170,50.4,6.87,0.32941176470588235,혼잡,오후(12-17),-0.7071067811865475,-0.7071067811865477
2017-04-14 15:15:00,203,44.3,8.93,0.270935960591133,혼잡,오후(12-17),-0.7071067811865475,-0.7071067811865477
2017-04-14 15:20:00,178,41.9,9.59,0.24157303370786518,혼잡,오후(12-17),-0.7071067811865475,-0.7071067811865477
2017-04-14 15:25:00,180,45.2,7.64,0.21666666666666667,혼잡,오후(12-17),-0.7071067811865475,-0.7071067811865477
2017-04-14 15:30:00,138,47.3,5.88,0.21014492753623187,보통,오후(12-17),-0.7071067811865475,-0.7071067811865477
2017-04-14 15:35:00,151,46.8,6.51,0.23841059602649006,보통,오후(12-17),-0.7071067811865475,-0.7071067811865477
2017-04-14 15:40:00,131,47.9,5.39,0.25190839694656486,보통,오후(12-17),-0.7071067811865475,-0.7071067811865477
2017-04-14 15:45:00,139,49.3,6.23,0.31654676258992803,보통,오후(12-17),-0.7071067811865475,-0.7071067811865477
2017-04-14 15:50:00,175,46.2,8.28,0.24,혼잡,오후(12-17),-0.7071067811865475,-0.7071067811865477
2017-04-14 15:55:00,181,46.4,7.67,0.30386740331491713,혼잡,오후(12-17),-0.7071067811865475,-0.7071067811865477
2017-04-14 16:00:00,147,50.6,6.02,0.36054421768707484,보통,오후(12-17),-0.8660254037844385,-0.5000000000000004
2017-04-14 16:05:00,174,47.3,7.53,0.367816091954023,혼잡,오후(12-17),-0.8660254037844385,-0.5000000000000004
2017-04-14 16:10:00,160,44.2,7.08,0.30625,혼잡,오후(12-17),-0.8660254037844385,-0.5000000000000004
2017-04-14 16:15:00,154,43.3,7.57,0.38311688311688313,혼잡,오후(12-17),-0.8660254037844385,-0.5000000000000004
2017-04-14 16:20:00,173,43.6,11.37,0.2832369942196532,혼잡,오후(12-17),-0.8660254037844385,-0.5000000000000004
2017-04-14 16:25:00,129,50.6,8.97,0.2713178294573643,혼잡,오후(12-17),-0.8660254037844385,-0.5000000000000004
2017-04-14 16:30:00,155,48.7,6.36,0.24516129032258063,보통,오후(12-17),-0.8660254037844385,-0.5000000000000004
2017-04-14 16:35:00,178,49.4,7.87,0.2808988764044944,혼잡,오후(12-17),-0.8660254037844385,-0.5000000000000004
2017-04-14 16:40:00,171,46.8,7.07,0.21052631578947367,혼잡,오후(12-17),-0.8660254037844385,-0.5000000000000004
2017-04-14 16:45:00,156,47.8,6.58,0.23076923076923078,보통,오후(12-17),-0.8660254037844385,-0.5000000000000004
2017-04-14 16:50:00,147,50.5,5.67,0.3129251700680272,보통,오후(12-17),-0.8660254037844385,-0.5000000000000004
2017-04-14 16:55:00,148,45.5,6.62,0.25675675675675674,보통,오후(12-17),-0.8660254037844385,-0.5000000000000004
2017-04-14 17:00:00,133,48.8,5.87,0.23308270676691728,보통,오후(12-17),-0.9659258262890683,-0.25881904510252063
2017-04-14 17:05:00,189,38.0,26.12,0.2275132275132275,혼잡,오후(12-17),-0.9659258262890683,-0.25881904510252063
2017-04-14 17:10:00,147,47.3,5.55,0.25170068027210885,보통,오후(12-17),-0.9659258262890683,-0.25881904510252063
2017-04-14 17:15:00,181,41.1,8.59,0.2983425414364641,혼잡,오후(12-17),-0.9659258262890683,-0.25881904510252063
2017-04-14 17:20:00,194,46.0,8.09,0.23711340206185566,혼잡,오후(12-17),-0.9659258262890683,-0.25881904510252063
2017-04-14 17:25:00,174,47.0,7.39,0.3218390804597701,혼잡,오후(12-17),-0.9659258262890683,-0.25881904510252063
2017-04-14 17:30:00,160,41.9,7.43,0.30625,혼잡,오후(12-17),-0.9659258262890683,-0.25881904510252063
2017-04-14 17:35:00,160,38.5,8.28,0.2875,혼잡,오후(12-17),-0.9659258262890683,-0.25881904510252063
2017-04-14 17:40:00,184,46.9,7.73,0.29347826086956524,혼잡,오후(12-17),-0.9659258262890683,-0.25881904510252063
2017-04-14 17:45:00,191,47.1,8.2,0.28272251308900526,혼잡,오후(12-17),-0.9659258262890683,-0.25881904510252063
2017-04-14 17:50:00,169,42.8,8.09,0.20710059171597633,혼잡,오후(12-17),-0.9659258262890683,-0.25881904510252063
2017-04-14 17:55:00,170,42.3,7.25,0.22941176470588234,혼잡,오후(12-17),-0.9659258262890683,-0.25881904510252063
2017-04-14 18:00:00,176,47.7,6.93,0.2727272727272727,혼잡,저녁(18-23),-1.0,-1.8369701987210297e-16
2017-04-14 18:05:00,222,39.0,15.15,0.31981981981981983,혼잡,저녁(18-23),-1.0,-1.8369701987210297e-16
2017-04-14 18:10:00,214,36.4,19.18,0.308411214953271,혼잡,저녁(18-23),-1.0,-1.8369701987210297e-16
2017-04-14 18:15:00,183,31.1,20.65,0.2568306010928962,혼잡,저녁(18-23),-1.0,-1.8369701987210297e-16
2017-04-14 18:20:00,200,31.1,22.32,0.2,혼잡,저녁(18-23),-1.0,-1.8369701987210297e-16
2017-04-14 18:25:00,236,32.8,16.19,0.25,혼잡,저녁(18-23),-1.0,-1.8369701987210297e-16
2017-04-14 18:30:00,228,38.5,16.56,0.29385964912280704,혼잡,저녁(18-23),-1.0,-1.8369701987210297e-16
2017-04-14 18:35:00,166,37.1,9.14,0.25301204819277107,혼잡,저녁(18-23),-1.0,-1.8369701987210297e-16
2017-04-14 18:40:00,148,41.5,6.58,0.21621621621621623,보통,저녁(18-23),-1.0,-1.8369701987210297e-16
2017-04-14 18:45:00,193,40.5,9.11,0.30569948186528495,혼잡,저녁(18-23),-1.0,-1.8369701987210297e-16
2017-04-14 18:50:00,181,44.6,7.94,0.30386740331491713,혼잡,저녁(18-23),-1.0,-1.8369701987210297e-16
2017-04-14 18:55:00,169,43.5,7.37,0.31952662721893493,혼잡,저녁(18-23),-1.0,-1.8369701987210297e-16
2017-04-14 19:00:00,139,41.0,6.19,0.28776978417266186,보통,저녁(18-23),-0.9659258262890684,0.2588190451025203
2017-04-14 19:05:00,151,45.9,6.77,0.2847682119205298,혼잡,저녁(18-23),-0.9659258262890684,0.2588190451025203
2017-04-14 19:10:00,187,40.7,9.7,0.22459893048128343,혼잡,저녁(18-23),-0.9659258262890684,0.2588190451025203
2017-04-14 19:15:00,140,46.3,6.74,0.14285714285714285,혼잡,저녁(18-23),-0.9659258262890684,0.2588190451025203
2017-04-14 19:20:00,135,41.9,6.96,0.2074074074074074,혼잡,저녁(18-23),-0.9659258262890684,0.2588190451025203
2017-04-14 19:25:00,147,43.1,7.54,0.25170068027210885,혼잡,저녁(18-23),-0.9659258262890684,0.2588190451025203
2017-04-14 19:30:00,159,44.1,8.61,0.25157232704402516,혼잡,저녁(18-23),-0.9659258262890684,0.2588190451025203
2017-04-14 19:35:00,149,46.1,7.47,0.2080536912751678,혼잡,저녁(18-23),-0.9659258262890684,0.2588190451025203
2017-04-14 19:40:00,125,42.4,6.42,0.256,보통,저녁(18-23),-0.9659258262890684,0.2588190451025203
2017-04-14 19:45:00,113,45.1,5.94,0.21238938053097345,보통,저녁(18-23),-0.9659258262890684,0.2588190451025203
2017-04-14 19:50:00,136,47.3,7.65,0.15441176470588236,혼잡,저녁(18-23),-0.9659258262890684,0.2588190451025203
2017-04-14 19:55:00,138,46.7,6.52,0.2246376811594203,보통,저녁(18-23),-0.9659258262890684,0.2588190451025203
2017-04-14 20:00:00,117,42.9,6.17,0.20512820512820512,보통,저녁(18-23),-0.8660254037844386,0.5000000000000001
2017-04-14 20:05:00,113,43.7,6.01,0.23008849557522124,보통,저녁(18-23),-0.8660254037844386,0.5000000000000001
2017-04-14 20:10:00,158,41.7,8.42,0.21518987341772153,혼잡,저녁(18-23),-0.8660254037844386,0.5000000000000001
2017-04-14 20:15:00,137,45.9,6.76,0.2116788321167883,혼잡,저녁(18-23),-0.8660254037844386,0.5000000000000001
2017-04-14 20:20:00,91,43.3,4.79,0.18681318681318682,보통,저녁(18-23),-0.8660254037844386,0.5000000000000001
2017-04-14 20:25:00,115,45.6,5.39,0.1391304347826087,보통,저녁(18-23),-0.8660254037844386,0.5000000000000001
2017-04-14 20:30:00,102,47.9,5.49,0.1568627450980392,보통,저녁(18-23),-0.8660254037844386,0.5000000000000001
2017-04-14 20:35:00,126,44.8,6.68,0.19047619047619047,혼잡,저녁(18-23),-0.8660254037844386,0.5000000000000001
2017-04-14 20:40:00,134,45.0,6.31,0.20149253731343283,보통,저녁(18-23),-0.8660254037844386,0.5000000000000001
2017-04-14 20:45:00,116,44.2,5.97,0.19827586206896552,보통,저녁(18-23),-0.8660254037844386,0.5000000000000001
2017-04-14 20:50:00,120,47.2,6.09,0.19166666666666668,보통,저녁(18-23),-0.8660254037844386,0.5000000000000001
2017-04-14 20:55:00,124,44.3,6.62,0.1532258064516129,보통,저녁(18-23),-0.8660254037844386,0.5000000000000001
2017-04-14 21:00:00,104,46.0,4.49,0.20192307692307693,보통,저녁(18-23),-0.7071067811865477,0.7071067811865474
2017-04-14 21:05:00,111,46.7,5.11,0.18018018018018017,보통,저녁(18-23),-0.7071067811865477,0.7071067811865474
2017-04-14 21:10:00,94,44.1,4.57,0.1702127659574468,보통,저녁(18-23),-0.7071067811865477,0.7071067811865474
2017-04-14 21:15:00,98,50.0,5.14,0.1326530612244898,보통,저녁(18-23),-0.7071067811865477,0.7071067811865474
2017-04-14 21:20:00,132,43.7,6.82,0.16666666666666666,혼잡,저녁(18-23),-0.7071067811865477,0.7071067811865474
2017-04-14 21:25:00,111,44.9,5.54,0.27927927927927926,보통,저녁(18-23),-0.7071067811865477,0.7071067811865474
2017-04-14 21:30:00,106,46.6,5.37,0.19811320754716982,보통,저녁(18-23),-0.7071067811865477,0.7071067811865474
2017-04-14 21:35:00,100,47.2,5.31,0.2,보통,저녁(18-23),-0.7071067811865477,0.7071067811865474
2017-04-14 21:40:00,101,43.6,5.55,0.12871287128712872,보통,저녁(18-23),-0.7071067811865477,0.7071067811865474
2017-04-14 21:45:00,112,42.9,5.31,0.16964285714285715,보통,저녁(18-23),-0.7071067811865477,0.7071067811865474
2017-04-14 21:50:00,93,44.0,4.33,0.1827956989247312,보통,저녁(18-23),-0.7071067811865477,0.7071067811865474
2017-04-14 21:55:00,98,47.7,7.92,0.1836734693877551,혼잡,저녁(18-23),-0.7071067811865477,0.7071067811865474
2017-04-14 22:00:00,122,46.6,6.02,0.22950819672131148,보통,저녁(18-23),-0.5000000000000004,0.8660254037844384
2017-04-14 22:05:00,89,51.2,4.02,0.19101123595505617,보통,저녁(18-23),-0.5000000000000004,0.8660254037844384
2017-04-14 22:10:00,114,44.5,5.24,0.14912280701754385,보통,저녁(18-23),-0.5000000000000004,0.8660254037844384
2017-04-14 22:15:00,115,48.3,6.24,0.26956521739130435,보통,저녁(18-23),-0.5000000000000004,0.8660254037844384
2017-04-14 22:20:00,76,46.5,3.64,0.23684210526315788,원활,저녁(18-23),-0.5000000000000004,0.8660254037844384
2017-04-14 22:25:00,78,48.1,3.5,0.16666666666666666,원활,저녁(18-23),-0.5000000000000004,0.8660254037844384
2017-04-14 22:30:00,75,50.2,3.63,0.28,원활,저녁(18-23),-0.5000000000000004,0.8660254037844384
2017-04-14 22:35:00,75,51.3,3.26,0.14666666666666667,원활,저녁(18-23),-0.5000000000000004,0.8660254037844384
2017-04-14 22:40:00,94,46.1,6.14,0.1702127659574468,보통,저녁(18-23),-0.5000000000000004,0.8660254037844384
2017-04-14 22:45:00,82,50.5,3.61,0.21951219512195122,원활,저녁(18-23),-0.5000000000000004,0.8660254037844384
2017-04-14 22:50:00,87,53.2,3.98,0.21839080459770116,보통,저녁(18-23),-0.5000000000000004,0.8660254037844384
2017-04-14 22:55:00,76,44.8,4.05,0.3026315789473684,보통,저녁(18-23),-0.5000000000000004,0.8660254037844384
2017-04-14 23:00:00,72,49.7,3.22,0.20833333333333334,원활,저녁(18-23),-0.2588190451025207,0.9659258262890683
2017-04-14 23:05:00,86,51.3,3.76,0.2441860465116279,보통,저녁(18-23),-0.2588190451025207,0.9659258262890683
2017-04-14 23:10:00,73,51.2,3.12,0.1780821917808219,원활,저녁(18-23),-0.2588190451025207,0.9659258262890683
2017-04-14 23:15:00,74,50.9,3.37,0.16216216216216217,원활,저녁(18-23),-0.2588190451025207,0.9659258262890683
2017-04-14 23:20:00,75,51.0,3.08,0.25333333333333335,원활,저녁(18-23),-0.2588190451025207,0.9659258262890683
2017-04-14 23:25:00,65,52.6,2.98,0.27692307692307694,원활,저녁(18-23),-0.2588190451025207,0.9659258262890683
2017-04-14 23:30:00,56,53.8,2.46,0.3392857142857143,원활,저녁(18-23),-0.2588190451025207,0.9659258262890683
2017-04-14 23:35:00,61,52.3,2.61,0.26229508196721313,원활,저녁(18-23),-0.2588190451025207,0.9659258262890683
2017-04-14 23:40:00,49,52.0,2.04,0.1836734693877551,원활,저녁(18-23),-0.2588190451025207,0.9659258262890683
2017-04-14 23:45:00,51,59.7,2.03,0.17647058823529413,원활,저녁(18-23),-0.2588190451025207,0.9659258262890683
2017-04-14 23:50:00,50,50.3,2.12,0.26,원활,저녁(18-23),-0.2588190451025207,0.9659258262890683
2017-04-14 23:55:00,43,57.9,1.82,0.18604651162790697,원활,저녁(18-23),-0.2588190451025207,0.9659258262890683
2017-04-15 00:00:00,55,56.2,2.24,0.2727272727272727,원활,새벽(0-5),0.0,1.0
2017-04-15 00:05:00,66,56.4,2.44,0.24242424242424243,원활,새벽(0-5),0.0,1.0
2017-04-15 00:10:00,54,55.9,2.13,0.2222222222222222,원활,새벽(0-5),0.0,1.0
2017-04-15 00:15:00,51,54.0,2.11,0.21568627450980393,원활,새벽(0-5),0.0,1.0
2017-04-15 00:20:00,36,53.2,1.52,0.25,원활,새벽(0-5),0.0,1.0
2017-04-15 00:25:00,37,54.6,1.46,0.35135135135135137,원활,새벽(0-5),0.0,1.0
2017-04-15 00:30:00,52,54.1,2.11,0.3269230769230769,원활,새벽(0-5),0.0,1.0
2017-04-15 00:35:00,55,54.9,2.3,0.34545454545454546,원활,새벽(0-5),0.0,1.0
2017-04-15 00:40:00,54,55.5,2.16,0.2037037037037037,원활,새벽(0-5),0.0,1.0
2017-04-15 00:45:00,43,57.7,1.8,0.3023255813953488,원활,새벽(0-5),0.0,1.0
2017-04-15 00:50:00,32,61.3,1.26,0.28125,원활,새벽(0-5),0.0,1.0
2017-04-15 00:55:00,37,55.5,1.51,0.16216216216216217,원활,새벽(0-5),0.0,1.0
2017-04-15 01:00:00,27,63.9,0.99,0.4074074074074074,원활,새벽(0-5),0.25881904510252074,0.9659258262890683
2017-04-15 01:05:00,38,54.8,1.69,0.3157894736842105,원활,새벽(0-5),0.25881904510252074,0.9659258262890683
2017-04-15 01:10:00,38,61.6,1.41,0.34210526315789475,원활,새벽(0-5),0.25881904510252074,0.9659258262890683
2017-04-15 01:15:00,49,64.6,1.72,0.40816326530612246,원활,새벽(0-5),0.25881904510252074,0.9659258262890683
2017-04-15 01:20:00,27,61.5,1.1,0.3333333333333333,원활,새벽(0-5),0.25881904510252074,0.9659258262890683
2017-04-15 01:25:00,29,64.3,1.05,0.3103448275862069,원활,새벽(0-5),0.25881904510252074,0.9659258262890683
2017-04-15 01:30:00,30,54.7,1.31,0.4666666666666667,원활,새벽(0-5),0.25881904510252074,0.9659258262890683
2017-04-15 01:35:00,28,62.4,1.07,0.32142857142857145,원활,새벽(0-5),0.25881904510252074,0.9659258262890683
2017-04-15 01:40:00,22,63.4,1.27,0.3181818181818182,원활,새벽(0-5),0.25881904510252074,0.9659258262890683
2017-04-15 01:45:00,26,60.7,0.96,0.38461538461538464,원활,새벽(0-5),0.25881904510252074,0.9659258262890683
2017-04-15 01:50:00,31,59.9,1.27,0.3225806451612903,원활,새벽(0-5),0.25881904510252074,0.9659258262890683
2017-04-15 01:55:00,27,63.3,1.03,0.37037037037037035,원활,새벽(0-5),0.25881904510252074,0.9659258262890683
2017-04-15 02:00:00,23,58.3,0.92,0.30434782608695654,원활,새벽(0-5),0.49999999999999994,0.8660254037844387
2017-04-15 02:05:00,21,61.0,0.89,0.42857142857142855,원활,새벽(0-5),0.49999999999999994,0.8660254037844387
2017-04-15 02:10:00,20,61.1,0.82,0.35,원활,새벽(0-5),0.49999999999999994,0.8660254037844387
2017-04-15 02:15:00,24,56.3,0.94,0.2916666666666667,원활,새벽(0-5),0.49999999999999994,0.8660254037844387
2017-04-15 02:20:00,17,63.1,0.66,0.35294117647058826,원활,새벽(0-5),0.49999999999999994,0.8660254037844387
2017-04-15 02:25:00,24,61.8,0.95,0.4166666666666667,원활,새벽(0-5),0.49999999999999994,0.8660254037844387
2017-04-15 02:30:00,27,66.4,0.98,0.4444444444444444,원활,새벽(0-5),0.49999999999999994,0.8660254037844387
2017-04-15 02:35:00,20,58.1,0.72,0.35,원활,새벽(0-5),0.49999999999999994,0.8660254037844387
2017-04-15 02:40:00,23,61.2,0.91,0.4782608695652174,원활,새벽(0-5),0.49999999999999994,0.8660254037844387
2017-04-15 02:45:00,17,53.3,0.63,0.29411764705882354,원활,새벽(0-5),0.49999999999999994,0.8660254037844387
2017-04-15 02:50:00,24,56.1,0.99,0.125,원활,새벽(0-5),0.49999999999999994,0.8660254037844387
2017-04-15 02:55:00,12,65.5,0.48,0.3333333333333333,원활,새벽(0-5),0.49999999999999994,0.8660254037844387
2017-04-15 03:00:00,13,54.8,0.54,0.23076923076923078,원활,새벽(0-5),0.7071067811865476,0.7071067811865476
2017-04-15 03:05:00,24,64.9,0.95,0.4166666666666667,원활,새벽(0-5),0.7071067811865476,0.7071067811865476
2017-04-15 03:10:00,16,56.2,0.75,0.625,원활,새벽(0-5),0.7071067811865476,0.7071067811865476
2017-04-15 03:15:00,20,73.8,0.72,0.5,원활,새벽(0-5),0.7071067811865476,0.7071067811865476
2017-04-15 03:20:00,26,58.6,0.96,0.4230769230769231,원활,새벽(0-5),0.7071067811865476,0.7071067811865476
2017-04-15 03:25:00,16,57.1,0.76,0.375,원활,새벽(0-5),0.7071067811865476,0.7071067811865476
2017-04-15 03:30:00,25,64.1,0.94,0.32,원활,새벽(0-5),0.7071067811865476,0.7071067811865476
2017-04-15 03:35:00,20,67.8,0.86,0.5,원활,새벽(0-5),0.7071067811865476,0.7071067811865476
2017-04-15 03:40:00,21,61.4,0.91,0.3333333333333333,원활,새벽(0-5),0.7071067811865476,0.7071067811865476
2017-04-15 03:45:00,23,54.5,0.99,0.43478260869565216,원활,새벽(0-5),0.7071067811865476,0.7071067811865476
2017-04-15 03:50:00,20,59.5,0.9,0.45,원활,새벽(0-5),0.7071067811865476,0.7071067811865476
2017-04-15 03:55:00,16,55.3,0.63,0.3125,원활,새벽(0-5),0.7071067811865476,0.7071067811865476
2017-04-15 04:00:00,14,58.7,0.62,0.35714285714285715,원활,새벽(0-5),0.8660254037844386,0.5000000000000001
2017-04-15 04:05:00,16,57.8,0.65,0.1875,원활,새벽(0-5),0.8660254037844386,0.5000000000000001
2017-04-15 04:10:00,22,67.2,0.78,0.5909090909090909,원활,새벽(0-5),0.8660254037844386,0.5000000000000001
2017-04-15 04:15:00,16,62.3,0.71,0.375,원활,새벽(0-5),0.8660254037844386,0.5000000000000001
2017-04-15 04:20:00,30,62.9,1.28,0.3333333333333333,원활,새벽(0-5),0.8660254037844386,0.5000000000000001
2017-04-15 04:25:00,23,48.6,1.13,0.17391304347826086,원활,새벽(0-5),0.8660254037844386,0.5000000000000001
2017-04-15 04:30:00,41,60.3,1.77,0.21951219512195122,원활,새벽(0-5),0.8660254037844386,0.5000000000000001
2017-04-15 04:35:00,30,58.3,1.78,0.26666666666666666,원활,새벽(0-5),0.8660254037844386,0.5000000000000001
2017-04-15 04:40:00,39,63.7,1.51,0.41025641025641024,원활,새벽(0-5),0.8660254037844386,0.5000000000000001
2017-04-15 04:45:00,34,54.7,1.42,0.23529411764705882,원활,새벽(0-5),0.8660254037844386,0.5000000000000001
2017-04-15 04:50:00,36,55.3,1.38,0.3055555555555556,원활,새벽(0-5),0.8660254037844386,0.5000000000000001
2017-04-15 04:55:00,41,53.5,2.1,0.3902439024390244,원활,새벽(0-5),0.8660254037844386,0.5000000000000001
2017-04-15 05:00:00,14,49.0,0.74,0.21428571428571427,원활,새벽(0-5),0.9659258262890683,0.25881904510252074
2017-04-15 05:05:00,35,50.8,1.92,0.11428571428571428,원활,새벽(0-5),0.9659258262890683,0.25881904510252074
2017-04-15 05:10:00,46,58.7,1.88,0.34782608695652173,원활,새벽(0-5),0.9659258262890683,0.25881904510252074
2017-04-15 05:15:00,62,55.5,2.77,0.2903225806451613,원활,새벽(0-5),0.9659258262890683,0.25881904510252074
2017-04-15 05:20:00,67,53.6,3.12,0.208955223880597,원활,새벽(0-5),0.9659258262890683,0.25881904510252074
2017-04-15 05:25:00,65,49.8,3.45,0.3230769230769231,원활,새벽(0-5),0.9659258262890683,0.25881904510252074
2017-04-15 05:30:00,51,58.3,2.07,0.43137254901960786,원활,새벽(0-5),0.9659258262890683,0.25881904510252074
2017-04-15 05:35:00,52,56.3,2.3,0.23076923076923078,원활,새벽(0-5),0.9659258262890683,0.25881904510252074
2017-04-15 05:40:00,29,51.4,1.27,0.3448275862068966,원활,새벽(0-5),0.9659258262890683,0.25881904510252074
2017-04-15 05:45:00,47,53.5,2.02,0.44680851063829785,원활,새벽(0-5),0.9659258262890683,0.25881904510252074
2017-04-15 05:50:00,46,61.3,1.58,0.2826086956521739,원활,새벽(0-5),0.9659258262890683,0.25881904510252074
2017-04-15 05:55:00,58,56.1,2.21,0.3793103448275862,원활,새벽(0-5),0.9659258262890683,0.25881904510252074
2017-04-15 06:00:00,55,63.9,1.93,0.43636363636363634,원활,오전(6-11),1.0,6.123233995736766e-17
2017-04-15 06:05:00,70,58.4,2.79,0.3142857142857143,원활,오전(6-11),1.0,6.123233995736766e-17
2017-04-15 06:10:00,64,61.4,2.35,0.34375,원활,오전(6-11),1.0,6.123233995736766e-17
2017-04-15 06:15:00,59,56.5,2.27,0.3898305084745763,원활,오전(6-11),1.0,6.123233995736766e-17
2017-04-15 06:20:00,64,60.5,2.17,0.375,원활,오전(6-11),1.0,6.123233995736766e-17
2017-04-15 06:25:00,83,61.2,2.86,0.3373493975903614,원활,오전(6-11),1.0,6.123233995736766e-17
2017-04-15 06:30:00,102,57.1,3.73,0.35294117647058826,보통,오전(6-11),1.0,6.123233995736766e-17
2017-04-15 06:35:00,99,52.4,4.06,0.43434343434343436,보통,오전(6-11),1.0,6.123233995736766e-17
2017-04-15 06:40:00,100,54.5,3.71,0.29,원활,오전(6-11),1.0,6.123233995736766e-17
2017-04-15 06:45:00,78,57.3,3.09,0.46153846153846156,원활,오전(6-11),1.0,6.123233995736766e-17
2017-04-15 06:50:00,100,53.3,3.56,0.29,원활,오전(6-11),1.0,6.123233995736766e-17
2017-04-15 06:55:00,84,56.3,3.34,0.39285714285714285,원활,오전(6-11),1.0,6.123233995736766e-17
2017-04-15 07:00:00,50,60.7,2.29,0.36,원활,오전(6-11),0.9659258262890683,-0.25881904510252085
2017-04-15 07:05:00,89,57.5,3.36,0.4157303370786517,원활,오전(6-11),0.9659258262890683,-0.25881904510252085
2017-04-15 07:10:00,94,60.5,3.39,0.32978723404255317,원활,오전(6-11),0.9659258262890683,-0.25881904510252085
2017-04-15 07:15:00,116,57.4,4.39,0.33620689655172414,보통,오전(6-11),0.9659258262890683,-0.25881904510252085
2017-04-15 07:20:00,91,50.3,4.06,0.31868131868131866,보통,오전(6-11),0.9659258262890683,-0.25881904510252085
2017-04-15 07:25:00,80,58.3,2.91,0.2875,원활,오전(6-11),0.9659258262890683,-0.25881904510252085
2017-04-15 07:30:00,115,56.4,3.97,0.2608695652173913,보통,오전(6-11),0.9659258262890683,-0.25881904510252085
2017-04-15 07:35:00,98,59.9,3.68,0.2653061224489796,원활,오전(6-11),0.9659258262890683,-0.25881904510252085
2017-04-15 07:40:00,103,56.0,3.78,0.32038834951456313,보통,오전(6-11),0.9659258262890683,-0.25881904510252085
2017-04-15 07:45:00,117,53.8,4.45,0.28205128205128205,보통,오전(6-11),0.9659258262890683,-0.25881904510252085
2017-04-15 07:50:00,109,58.2,3.94,0.3119266055045872,보통,오전(6-11),0.9659258262890683,-0.25881904510252085
2017-04-15 07:55:00,119,56.7,4.47,0.3277310924369748,보통,오전(6-11),0.9659258262890683,-0.25881904510252085
2017-04-15 08:00:00,122,53.4,4.63,0.26229508196721313,보통,오전(6-11),0.8660254037844387,-0.4999999999999998
2017-04-15 08:05:00,96,50.7,4.1,0.28125,보통,오전(6-11),0.8660254037844387,-0.4999999999999998
2017-04-15 08:10:00,94,56.6,3.42,0.30851063829787234,원활,오전(6-11),0.8660254037844387,-0.4999999999999998
2017-04-15 08:15:00,117,56.3,4.35,0.29914529914529914,보통,오전(6-11),0.8660254037844387,-0.4999999999999998
2017-04-15 08:20:00,120,52.0,4.77,0.2916666666666667,보통,오전(6-11),0.8660254037844387,-0.4999999999999998
2017-04-15 08:25:00,122,48.9,4.84,0.3524590163934426,보통,오전(6-11),0.8660254037844387,-0.4999999999999998
2017-04-15 08:30:00,138,51.2,5.42,0.2391304347826087,보통,오전(6-11),0.8660254037844387,-0.4999999999999998
2017-04-15 08:35:00,191,51.8,7.72,0.225130890052356,혼잡,오전(6-11),0.8660254037844387,-0.4999999999999998
2017-04-15 08:40:00,173,52.3,6.75,0.2543352601156069,혼잡,오전(6-11),0.8660254037844387,-0.4999999999999998
2017-04-15 08:45:00,159,47.6,7.17,0.23270440251572327,혼잡,오전(6-11),0.8660254037844387,-0.4999999999999998
2017-04-15 08:50:00,133,52.5,5.15,0.23308270676691728,보통,오전(6-11),0.8660254037844387,-0.4999999999999998
2017-04-15 08:55:00,156,51.4,6.16,0.2948717948717949,보통,오전(6-11),0.8660254037844387,-0.4999999999999998
2017-04-15 09:00:00,149,51.7,5.78,0.2550335570469799,보통,오전(6-11),0.7071067811865476,-0.7071067811865475
2017-04-15 09:05:00,141,52.1,6.09,0.40425531914893614,보통,오전(6-11),0.7071067811865476,-0.7071067811865475
2017-04-15 09:10:00,105,48.5,5.6,0.3238095238095238,보통,오전(6-11),0.7071067811865476,-0.7071067811865475
2017-04-15 09:15:00,174,48.5,8.35,0.23563218390804597,혼잡,오전(6-11),0.7071067811865476,-0.7071067811865475
2017-04-15 09:20:00,199,49.1,8.42,0.2613065326633166,혼잡,오전(6-11),0.7071067811865476,-0.7071067811865475
2017-04-15 09:25:00,175,46.8,10.01,0.24,혼잡,오전(6-11),0.7071067811865476,-0.7071067811865475
2017-04-15 09:30:00,123,51.6,5.76,0.25203252032520324,보통,오전(6-11),0.7071067811865476,-0.7071067811865475
2017-04-15 09:35:00,153,48.5,6.37,0.3006535947712418,보통,오전(6-11),0.7071067811865476,-0.7071067811865475
2017-04-15 09:40:00,151,49.3,7.77,0.32450331125827814,혼잡,오전(6-11),0.7071067811865476,-0.7071067811865475
2017-04-15 09:45:00,103,46.3,11.73,0.3592233009708738,혼잡,오전(6-11),0.7071067811865476,-0.7071067811865475
2017-04-15 09:50:00,144,43.9,12.57,0.3472222222222222,혼잡,오전(6-11),0.7071067811865476,-0.7071067811865475
2017-04-15 09:55:00,148,44.5,14.35,0.41216216216216217,혼잡,오전(6-11),0.7071067811865476,-0.7071067811865475
2017-04-15 10:00:00,140,47.1,12.73,0.37857142857142856,혼잡,오전(6-11),0.49999999999999994,-0.8660254037844387
2017-04-15 10:05:00,143,47.5,14.04,0.4125874125874126,혼잡,오전(6-11),0.49999999999999994,-0.8660254037844387
2017-04-15 10:10:00,133,48.4,12.97,0.3082706766917293,혼잡,오전(6-11),0.49999999999999994,-0.8660254037844387
2017-04-15 10:15:00,140,47.5,12.39,0.36428571428571427,혼잡,오전(6-11),0.49999999999999994,-0.8660254037844387
2017-04-15 10:20:00,129,44.2,18.76,0.27906976744186046,혼잡,오전(6-11),0.49999999999999994,-0.8660254037844387
2017-04-15 10:25:00,104,46.2,12.04,0.375,혼잡,오전(6-11),0.49999999999999994,-0.8660254037844387
2017-04-15 10:30:00,174,45.2,16.01,0.3505747126436782,혼잡,오전(6-11),0.49999999999999994,-0.8660254037844387
2017-04-15 10:35:00,153,43.0,13.22,0.3464052287581699,혼잡,오전(6-11),0.49999999999999994,-0.8660254037844387
2017-04-15 10:40:00,195,44.1,13.84,0.2923076923076923,혼잡,오전(6-11),0.49999999999999994,-0.8660254037844387
2017-04-15 10:45:00,191,40.8,12.83,0.3298429319371728,혼잡,오전(6-11),0.49999999999999994,-0.8660254037844387
2017-04-15 10:50:00,189,40.3,12.61,0.3544973544973545,혼잡,오전(6-11),0.49999999999999994,-0.8660254037844387
2017-04-15 10:55:00,177,43.9,8.24,0.3333333333333333,혼잡,오전(6-11),0.49999999999999994,-0.8660254037844387
2017-04-15 11:00:00,158,46.0,8.98,0.22151898734177214,혼잡,오전(6-11),0.258819045102521,-0.9659258262890682
2017-04-15 11:05:00,168,45.9,7.64,0.32142857142857145,혼잡,오전(6-11),0.258819045102521,-0.9659258262890682
2017-04-15 11:10:00,169,41.3,12.23,0.2781065088757396,혼잡,오전(6-11),0.258819045102521,-0.9659258262890682
2017-04-15 11:15:00,183,38.5,9.91,0.25136612021857924,혼잡,오전(6-11),0.258819045102521,-0.9659258262890682
2017-04-15 11:20:00,195,38.9,17.79,0.3282051282051282,혼잡,오전(6-11),0.258819045102521,-0.9659258262890682
2017-04-15 11:25:00,160,26.3,43.48,0.36875,혼잡,오전(6-11),0.258819045102521,-0.9659258262890682
2017-04-15 11:30:00,117,19.2,59.63,0.4444444444444444,혼잡,오전(6-11),0.258819045102521,-0.9659258262890682
2017-04-15 11:35:00,140,17.4,69.31,0.32142857142857145,혼잡,오전(6-11),0.258819045102521,-0.9659258262890682
2017-04-15 11:40:00,184,16.6,73.65,0.30434782608695654,혼잡,오전(6-11),0.258819045102521,-0.9659258262890682
2017-04-15 11:45:00,130,16.1,73.65,0.36923076923076925,혼잡,오전(6-11),0.258819045102521,-0.9659258262890682
2017-04-15 11:50:00,97,13.3,81.1,0.3711340206185567,혼잡,오전(6-11),0.258819045102521,-0.9659258262890682
2017-04-15 11:55:00,92,10.4,82.1,0.30434782608695654,혼잡,오전(6-11),0.258819045102521,-0.9659258262890682
2017-04-15 12:00:00,99,12.4,74.4,0.3434343434343434,혼잡,오후(12-17),1.2246467991473532e-16,-1.0
2017-04-15 12:05:00,127,15.2,68.47,0.2677165354330709,혼잡,오후(12-17),1.2246467991473532e-16,-1.0
2017-04-15 12:10:00,85,9.1,75.19,0.3411764705882353,혼잡,오후(12-17),1.2246467991473532e-16,-1.0
2017-04-15 12:15:00,144,16.9,64.9,0.3611111111111111,혼잡,오후(12-17),1.2246467991473532e-16,-1.0
2017-04-15 12:20:00,165,18.2,74.67,0.296969696969697,혼잡,오후(12-17),1.2246467991473532e-16,-1.0
2017-04-15 12:25:00,176,16.7,70.38,0.35795454545454547,혼잡,오후(12-17),1.2246467991473532e-16,-1.0
2017-04-15 12:30:00,132,14.3,81.8,0.38636363636363635,혼잡,오후(12-17),1.2246467991473532e-16,-1.0
2017-04-15 12:35:00,142,15.3,71.97,0.3732394366197183,혼잡,오후(12-17),1.2246467991473532e-16,-1.0
2017-04-15 12:40:00,187,16.1,72.64,0.37967914438502676,혼잡,오후(12-17),1.2246467991473532e-16,-1.0
2017-04-15 12:45:00,186,15.8,65.78,0.3817204301075269,혼잡,오후(12-17),1.2246467991473532e-16,-1.0
2017-04-15 12:50:00,217,17.2,61.21,0.37327188940092165,혼잡,오후(12-17),1.2246467991473532e-16,-1.0
2017-04-15 12:55:00,158,15.1,69.92,0.34810126582278483,혼잡,오후(12-17),1.2246467991473532e-16,-1.0
2017-04-15 13:00:00,154,15.4,65.43,0.37012987012987014,혼잡,오후(12-17),-0.25881904510252035,-0.9659258262890684
2017-04-15 13:05:00,208,17.3,57.4,0.34134615384615385,혼잡,오후(12-17),-0.25881904510252035,-0.9659258262890684
2017-04-15 13:10:00,124,12.7,73.51,0.4112903225806452,혼잡,오후(12-17),-0.25881904510252035,-0.9659258262890684
2017-04-15 13:15:00,150,16.9,77.34,0.31333333333333335,혼잡,오후(12-17),-0.25881904510252035,-0.9659258262890684
2017-04-15 13:20:00,163,17.4,73.22,0.3067484662576687,혼잡,오후(12-17),-0.25881904510252035,-0.9659258262890684
2017-04-15 13:25:00,197,16.5,73.44,0.3248730964467005,혼잡,오후(12-17),-0.25881904510252035,-0.9659258262890684
2017-04-15 13:30:00,246,25.2,46.04,0.2764227642276423,혼잡,오후(12-17),-0.25881904510252035,-0.9659258262890684
2017-04-15 13:35:00,181,41.4,9.13,0.2596685082872928,혼잡,오후(12-17),-0.25881904510252035,-0.9659258262890684
2017-04-15 13:40:00,153,42.1,6.83,0.3006535947712418,혼잡,오후(12-17),-0.25881904510252035,-0.9659258262890684
2017-04-15 13:45:00,172,44.6,7.61,0.3430232558139535,혼잡,오후(12-17),-0.25881904510252035,-0.9659258262890684
2017-04-15 13:50:00,181,40.7,9.83,0.2596685082872928,혼잡,오후(12-17),-0.25881904510252035,-0.9659258262890684
2017-04-15 13:55:00,173,47.8,6.89,0.3063583815028902,혼잡,오후(12-17),-0.25881904510252035,-0.9659258262890684
2017-04-15 14:00:00,165,40.8,7.83,0.3090909090909091,혼잡,오후(12-17),-0.5000000000000001,-0.8660254037844386
2017-04-15 14:05:00,158,42.2,7.07,0.22784810126582278,혼잡,오후(12-17),-0.5000000000000001,-0.8660254037844386
2017-04-15 14:10:00,208,43.7,9.02,0.2644230769230769,혼잡,오후(12-17),-0.5000000000000001,-0.8660254037844386
2017-04-15 14:15:00,183,39.5,9.15,0.29508196721311475,혼잡,오후(12-17),-0.5000000000000001,-0.8660254037844386
2017-04-15 14:20:00,177,40.2,8.94,0.3107344632768362,혼잡,오후(12-17),-0.5000000000000001,-0.8660254037844386
2017-04-15 14:25:00,169,41.3,7.91,0.31952662721893493,혼잡,오후(12-17),-0.5000000000000001,-0.8660254037844386
2017-04-15 14:30:00,187,41.4,9.3,0.32085561497326204,혼잡,오후(12-17),-0.5000000000000001,-0.8660254037844386
2017-04-15 14:35:00,201,43.6,9.08,0.3034825870646766,혼잡,오후(12-17),-0.5000000000000001,-0.8660254037844386
2017-04-15 14:40:00,196,41.0,8.77,0.3469387755102041,혼잡,오후(12-17),-0.5000000000000001,-0.8660254037844386
2017-04-15 14:45:00,181,39.6,8.49,0.23204419889502761,혼잡,오후(12-17),-0.5000000000000001,-0.8660254037844386
2017-04-15 14:50:00,199,44.7,8.24,0.24623115577889448,혼잡,오후(12-17),-0.5000000000000001,-0.8660254037844386
2017-04-15 14:55:00,213,43.3,9.05,0.3333333333333333,혼잡,오후(12-17),-0.5000000000000001,-0.8660254037844386
2017-04-15 15:00:00,186,42.5,7.92,0.21505376344086022,혼잡,오후(12-17),-0.7071067811865475,-0.7071067811865477
2017-04-15 15:05:00,157,40.7,8.13,0.2611464968152866,혼잡,오후(12-17),-0.7071067811865475,-0.7071067811865477
2017-04-15 15:10:00,211,38.8,10.72,0.2938388625592417,혼잡,오후(12-17),-0.7071067811865475,-0.7071067811865477
2017-04-15 15:15:00,239,41.3,10.4,0.24686192468619247,혼잡,오후(12-17),-0.7071067811865475,-0.7071067811865477
2017-04-15 15:20:00,220,39.9,11.06,0.20909090909090908,혼잡,오후(12-17),-0.7071067811865475,-0.7071067811865477
2017-04-15 15:25:00,193,36.2,10.6,0.22279792746113988,혼잡,오후(12-17),-0.7071067811865475,-0.7071067811865477
2017-04-15 15:30:00,202,34.3,12.98,0.19801980198019803,혼잡,오후(12-17),-0.7071067811865475,-0.7071067811865477
2017-04-15 15:35:00,224,38.9,12.06,0.20535714285714285,혼잡,오후(12-17),-0.7071067811865475,-0.7071067811865477
2017-04-15 15:40:00,203,39.5,9.48,0.1724137931034483,혼잡,오후(12-17),-0.7071067811865475,-0.7071067811865477
2017-04-15 15:45:00,190,41.7,9.07,0.1736842105263158,혼잡,오후(12-17),-0.7071067811865475,-0.7071067811865477
2017-04-15 15:50:00,165,39.2,8.95,0.18181818181818182,혼잡,오후(12-17),-0.7071067811865475,-0.7071067811865477
2017-04-15 15:55:00,212,39.8,15.44,0.15566037735849056,혼잡,오후(12-17),-0.7071067811865475,-0.7071067811865477
2017-04-15 16:00:00,219,39.1,11.12,0.2146118721461187,혼잡,오후(12-17),-0.8660254037844385,-0.5000000000000004
2017-04-15 16:05:00,168,39.3,8.83,0.2261904761904762,혼잡,오후(12-17),-0.8660254037844385,-0.5000000000000004
2017-04-15 16:10:00,146,37.9,8.01,0.2328767123287671,혼잡,오후(12-17),-0.8660254037844385,-0.5000000000000004
2017-04-15 16:15:00,205,40.9,12.11,0.18536585365853658,혼잡,오후(12-17),-0.8660254037844385,-0.5000000000000004
2017-04-15 16:20:00,222,38.9,11.36,0.22522522522522523,혼잡,오후(12-17),-0.8660254037844385,-0.5000000000000004
2017-04-15 16:25:00,183,38.2,10.87,0.23497267759562843,혼잡,오후(12-17),-0.8660254037844385,-0.5000000000000004
2017-04-15 16:30:00,150,41.7,15.19,0.22,혼잡,오후(12-17),-0.8660254037844385,-0.5000000000000004
2017-04-15 16:35:00,200,38.2,24.27,0.27,혼잡,오후(12-17),-0.8660254037844385,-0.5000000000000004
2017-04-15 16:40:00,245,32.1,16.94,0.27346938775510204,혼잡,오후(12-17),-0.8660254037844385,-0.5000000000000004
2017-04-15 16:45:00,190,39.4,9.64,0.22105263157894736,혼잡,오후(12-17),-0.8660254037844385,-0.5000000000000004
2017-04-15 16:50:00,160,39.8,8.93,0.25625,혼잡,오후(12-17),-0.8660254037844385,-0.5000000000000004
2017-04-15 16:55:00,161,39.4,8.18,0.2422360248447205,혼잡,오후(12-17),-0.8660254037844385,-0.5000000000000004
2017-04-15 17:00:00,191,44.7,8.23,0.24083769633507854,혼잡,오후(12-17),-0.9659258262890683,-0.25881904510252063
2017-04-15 17:05:00,211,39.1,10.43,0.23696682464454977,혼잡,오후(12-17),-0.9659258262890683,-0.25881904510252063
2017-04-15 17:10:00,163,39.0,8.04,0.19631901840490798,혼잡,오후(12-17),-0.9659258262890683,-0.25881904510252063
2017-04-15 17:15:00,141,47.2,5.39,0.2127659574468085,보통,오후(12-17),-0.9659258262890683,-0.25881904510252063
2017-04-15 17:20:00,192,45.7,8.38,0.25,혼잡,오후(12-17),-0.9659258262890683,-0.25881904510252063
2017-04-15 17:25:00,174,48.7,7.12,0.22413793103448276,혼잡,오후(12-17),-0.9659258262890683,-0.25881904510252063
2017-04-15 17:30:00,151,43.8,6.39,0.271523178807947,보통,오후(12-17),-0.9659258262890683,-0.25881904510252063
2017-04-15 17:35:00,135,45.6,5.92,0.3037037037037037,보통,오후(12-17),-0.9659258262890683,-0.25881904510252063
2017-04-15 17:40:00,179,46.5,7.55,0.17318435754189945,혼잡,오후(12-17),-0.9659258262890683,-0.25881904510252063
2017-04-15 17:45:00,200,41.5,10.78,0.225,혼잡,오후(12-17),-0.9659258262890683,-0.25881904510252063
2017-04-15 17:50:00,131,45.9,5.32,0.3282442748091603,보통,오후(12-17),-0.9659258262890683,-0.25881904510252063
2017-04-15 17:55:00,148,44.9,6.18,0.21621621621621623,보통,오후(12-17),-0.9659258262890683,-0.25881904510252063
2017-04-15 18:00:00,163,41.8,7.38,0.25766871165644173,혼잡,저녁(18-23),-1.0,-1.8369701987210297e-16
2017-04-15 18:05:00,202,42.8,9.49,0.28217821782178215,혼잡,저녁(18-23),-1.0,-1.8369701987210297e-16
2017-04-15 18:10:00,172,43.3,7.71,0.20930232558139536,혼잡,저녁(18-23),-1.0,-1.8369701987210297e-16
2017-04-15 18:15:00,132,44.4,6.02,0.29545454545454547,보통,저녁(18-23),-1.0,-1.8369701987210297e-16
2017-04-15 18:20:00,155,40.5,7.44,0.25161290322580643,혼잡,저녁(18-23),-1.0,-1.8369701987210297e-16
2017-04-15 18:25:00,205,41.6,9.05,0.2634146341463415,혼잡,저녁(18-23),-1.0,-1.8369701987210297e-16
2017-04-15 18:30:00,177,42.7,8.72,0.24293785310734464,혼잡,저녁(18-23),-1.0,-1.8369701987210297e-16
2017-04-15 18:35:00,141,45.5,5.91,0.2127659574468085,보통,저녁(18-23),-1.0,-1.8369701987210297e-16
2017-04-15 18:40:00,135,44.5,6.74,0.2518518518518518,혼잡,저녁(18-23),-1.0,-1.8369701987210297e-16
2017-04-15 18:45:00,198,39.8,11.02,0.29797979797979796,혼잡,저녁(18-23),-1.0,-1.8369701987210297e-16
2017-04-15 18:50:00,192,37.9,10.65,0.2552083333333333,혼잡,저녁(18-23),-1.0,-1.8369701987210297e-16
2017-04-15 18:55:00,165,36.1,9.08,0.23636363636363636,혼잡,저녁(18-23),-1.0,-1.8369701987210297e-16
2017-04-15 19:00:00,130,31.3,20.81,0.26153846153846155,혼잡,저녁(18-23),-0.9659258262890684,0.2588190451025203
2017-04-15 19:05:00,173,36.2,16.94,0.23699421965317918,혼잡,저녁(18-23),-0.9659258262890684,0.2588190451025203
2017-04-15 19:10:00,167,35.2,24.19,0.24550898203592814,혼잡,저녁(18-23),-0.9659258262890684,0.2588190451025203
2017-04-15 19:15:00,159,36.3,13.98,0.20125786163522014,혼잡,저녁(18-23),-0.9659258262890684,0.2588190451025203
2017-04-15 19:20:00,127,44.4,5.74,0.14960629921259844,보통,저녁(18-23),-0.9659258262890684,0.2588190451025203
2017-04-15 19:25:00,133,44.6,6.63,0.14285714285714285,보통,저녁(18-23),-0.9659258262890684,0.2588190451025203
2017-04-15 19:30:00,152,42.9,9.28,0.23026315789473684,혼잡,저녁(18-23),-0.9659258262890684,0.2588190451025203
2017-04-15 19:35:00,130,41.8,15.44,0.14615384615384616,혼잡,저녁(18-23),-0.9659258262890684,0.2588190451025203
2017-04-15 19:40:00,119,44.0,6.13,0.2689075630252101,보통,저녁(18-23),-0.9659258262890684,0.2588190451025203
2017-04-15 19:45:00,116,42.9,6.59,0.19827586206896552,보통,저녁(18-23),-0.9659258262890684,0.2588190451025203
2017-04-15 19:50:00,153,41.7,8.01,0.16339869281045752,혼잡,저녁(18-23),-0.9659258262890684,0.2588190451025203
2017-04-15 19:55:00,135,49.7,7.56,0.2518518518518518,혼잡,저녁(18-23),-0.9659258262890684,0.2588190451025203
2017-04-15 20:00:00,122,42.8,6.78,0.18032786885245902,혼잡,저녁(18-23),-0.8660254037844386,0.5000000000000001
2017-04-15 20:05:00,103,45.6,5.44,0.1650485436893204,보통,저녁(18-23),-0.8660254037844386,0.5000000000000001
2017-04-15 20:10:00,132,47.3,6.37,0.21212121212121213,보통,저녁(18-23),-0.8660254037844386,0.5000000000000001
2017-04-15 20:15:00,130,47.3,6.08,0.26153846153846155,보통,저녁(18-23),-0.8660254037844386,0.5000000000000001
2017-04-15 20:20:00,109,46.2,5.32,0.22018348623853212,보통,저녁(18-23),-0.8660254037844386,0.5000000000000001
2017-04-15 20:25:00,109,48.4,5.49,0.25688073394495414,보통,저녁(18-23),-0.8660254037844386,0.5000000000000001
2017-04-15 20:30:00,117,44.5,6.05,0.21367521367521367,보통,저녁(18-23),-0.8660254037844386,0.5000000000000001
2017-04-15 20:35:00,118,50.0,8.53,0.15254237288135594,혼잡,저녁(18-23),-0.8660254037844386,0.5000000000000001
2017-04-15 20:40:00,119,45.5,8.44,0.24369747899159663,혼잡,저녁(18-23),-0.8660254037844386,0.5000000000000001
2017-04-15 20:45:00,112,44.9,5.52,0.21428571428571427,보통,저녁(18-23),-0.8660254037844386,0.5000000000000001
2017-04-15 20:50:00,129,46.8,6.32,0.17829457364341086,보통,저녁(18-23),-0.8660254037844386,0.5000000000000001
2017-04-15 20:55:00,108,48.4,10.64,0.24074074074074073,혼잡,저녁(18-23),-0.8660254037844386,0.5000000000000001
2017-04-15 21:00:00,98,47.1,5.0,0.15306122448979592,보통,저녁(18-23),-0.7071067811865477,0.7071067811865474
2017-04-15 21:05:00,106,44.3,5.13,0.24528301886792453,보통,저녁(18-23),-0.7071067811865477,0.7071067811865474
2017-04-15 21:10:00,74,47.1,3.56,0.22972972972972974,원활,저녁(18-23),-0.7071067811865477,0.7071067811865474
2017-04-15 21:15:00,110,48.9,8.61,0.21818181818181817,혼잡,저녁(18-23),-0.7071067811865477,0.7071067811865474
2017-04-15 21:20:00,144,40.7,7.13,0.20833333333333334,혼잡,저녁(18-23),-0.7071067811865477,0.7071067811865474
2017-04-15 21:25:00,127,45.0,8.64,0.15748031496062992,혼잡,저녁(18-23),-0.7071067811865477,0.7071067811865474
2017-04-15 21:30:00,104,43.6,5.03,0.19230769230769232,보통,저녁(18-23),-0.7071067811865477,0.7071067811865474
2017-04-15 21:35:00,84,43.2,4.1,0.20238095238095238,보통,저녁(18-23),-0.7071067811865477,0.7071067811865474
2017-04-15 21:40:00,107,42.9,5.81,0.16822429906542055,보통,저녁(18-23),-0.7071067811865477,0.7071067811865474
2017-04-15 21:45:00,76,45.3,3.53,0.25,원활,저녁(18-23),-0.7071067811865477,0.7071067811865474
2017-04-15 21:50:00,79,42.7,4.26,0.22784810126582278,보통,저녁(18-23),-0.7071067811865477,0.7071067811865474
2017-04-15 21:55:00,99,49.5,4.4,0.15151515151515152,보통,저녁(18-23),-0.7071067811865477,0.7071067811865474
2017-04-15 22:00:00,78,45.6,4.56,0.19230769230769232,보통,저녁(18-23),-0.5000000000000004,0.8660254037844384
2017-04-15 22:05:00,119,47.4,5.47,0.2184873949579832,보통,저녁(18-23),-0.5000000000000004,0.8660254037844384
2017-04-15 22:10:00,85,46.0,3.85,0.18823529411764706,보통,저녁(18-23),-0.5000000000000004,0.8660254037844384
2017-04-15 22:15:00,92,47.6,4.26,0.20652173913043478,보통,저녁(18-23),-0.5000000000000004,0.8660254037844384
2017-04-15 22:20:00,72,45.0,3.25,0.1388888888888889,원활,저녁(18-23),-0.5000000000000004,0.8660254037844384
2017-04-15 22:25:00,65,50.1,3.39,0.26153846153846155,원활,저녁(18-23),-0.5000000000000004,0.8660254037844384
2017-04-15 22:30:00,67,49.5,3.0,0.2537313432835821,원활,저녁(18-23),-0.5000000000000004,0.8660254037844384
2017-04-15 22:35:00,66,51.7,2.72,0.2878787878787879,원활,저녁(18-23),-0.5000000000000004,0.8660254037844384
2017-04-15 22:40:00,76,48.8,3.65,0.2236842105263158,원활,저녁(18-23),-0.5000000000000004,0.8660254037844384
2017-04-15 22:45:00,89,47.8,4.1,0.20224719101123595,보통,저녁(18-23),-0.5000000000000004,0.8660254037844384
2017-04-15 22:50:00,65,51.3,2.87,0.2,원활,저녁(18-23),-0.5000000000000004,0.8660254037844384
2017-04-15 22:55:00,69,51.8,3.64,0.2463768115942029,원활,저녁(18-23),-0.5000000000000004,0.8660254037844384
2017-04-15 23:00:00,48,51.2,2.17,0.2708333333333333,원활,저녁(18-23),-0.2588190451025207,0.9659258262890683
2017-04-15 23:05:00,55,54.4,2.85,0.32727272727272727,원활,저녁(18-23),-0.2588190451025207,0.9659258262890683
2017-04-15 23:10:00,65,51.4,2.79,0.18461538461538463,원활,저녁(18-23),-0.2588190451025207,0.9659258262890683
2017-04-15 23:15:00,54,53.7,2.21,0.35185185185185186,원활,저녁(18-23),-0.2588190451025207,0.9659258262890683
2017-04-15 23:20:00,56,54.9,2.48,0.30357142857142855,원활,저녁(18-23),-0.2588190451025207,0.9659258262890683
2017-04-15 23:25:00,60,51.7,2.97,0.26666666666666666,원활,저녁(18-23),-0.2588190451025207,0.9659258262890683
2017-04-15 23:30:00,57,50.4,2.44,0.21052631578947367,원활,저녁(18-23),-0.2588190451025207,0.9659258262890683
2017-04-15 23:35:00,56,58.0,2.25,0.2857142857142857,원활,저녁(18-23),-0.2588190451025207,0.9659258262890683
2017-04-15 23:40:00,52,55.7,2.19,0.1346153846153846,원활,저녁(18-23),-0.2588190451025207,0.9659258262890683
2017-04-15 23:45:00,48,55.4,1.87,0.25,원활,저녁(18-23),-0.2588190451025207,0.9659258262890683
2017-04-15 23:50:00,24,67.6,0.95,0.4166666666666667,원활,저녁(18-23),-0.2588190451025207,0.9659258262890683
2017-04-15 23:55:00,47,54.9,1.95,0.2978723404255319,원활,저녁(18-23),-0.2588190451025207,0.9659258262890683
2017-04-16 00:00:00,40,57.3,1.48,0.425,원활,새벽(0-5),0.0,1.0
2017-04-16 00:05:00,52,53.0,2.54,0.34615384615384615,원활,새벽(0-5),0.0,1.0
2017-04-16 00:10:00,49,50.9,1.97,0.20408163265306123,원활,새벽(0-5),0.0,1.0
2017-04-16 00:15:00,44,54.4,1.86,0.25,원활,새벽(0-5),0.0,1.0
2017-04-16 00:20:00,33,56.7,1.33,0.45454545454545453,원활,새벽(0-5),0.0,1.0
2017-04-16 00:25:00,51,52.9,2.09,0.19607843137254902,원활,새벽(0-5),0.0,1.0
2017-04-16 00:30:00,51,55.4,2.34,0.3333333333333333,원활,새벽(0-5),0.0,1.0
2017-04-16 00:35:00,31,53.7,1.34,0.41935483870967744,원활,새벽(0-5),0.0,1.0
2017-04-16 00:40:00,41,59.0,1.7,0.43902439024390244,원활,새벽(0-5),0.0,1.0
2017-04-16 00:45:00,36,58.5,1.4,0.2222222222222222,원활,새벽(0-5),0.0,1.0
2017-04-16 00:50:00,24,56.8,1.05,0.4583333333333333,원활,새벽(0-5),0.0,1.0
2017-04-16 00:55:00,32,57.3,1.32,0.28125,원활,새벽(0-5),0.0,1.0
2017-04-16 01:00:00,26,53.7,0.86,0.19230769230769232,원활,새벽(0-5),0.25881904510252074,0.9659258262890683
2017-04-16 01:05:00,31,50.7,1.23,0.22580645161290322,원활,새벽(0-5),0.25881904510252074,0.9659258262890683
2017-04-16 01:10:00,33,58.1,1.37,0.36363636363636365,원활,새벽(0-5),0.25881904510252074,0.9659258262890683
2017-04-16 01:15:00,38,57.5,1.42,0.2631578947368421,원활,새벽(0-5),0.25881904510252074,0.9659258262890683
2017-04-16 01:20:00,28,57.9,1.2,0.21428571428571427,원활,새벽(0-5),0.25881904510252074,0.9659258262890683
2017-04-16 01:25:00,30,61.0,1.29,0.3333333333333333,원활,새벽(0-5),0.25881904510252074,0.9659258262890683
2017-04-16 01:30:00,30,55.7,1.12,0.3,원활,새벽(0-5),0.25881904510252074,0.9659258262890683
2017-04-16 01:35:00,24,55.9,0.98,0.25,원활,새벽(0-5),0.25881904510252074,0.9659258262890683
2017-04-16 01:40:00,21,56.5,0.83,0.2857142857142857,원활,새벽(0-5),0.25881904510252074,0.9659258262890683
2017-04-16 01:45:00,25,58.3,0.89,0.24,원활,새벽(0-5),0.25881904510252074,0.9659258262890683
2017-04-16 01:50:00,18,57.7,0.87,0.3333333333333333,원활,새벽(0-5),0.25881904510252074,0.9659258262890683
2017-04-16 01:55:00,25,68.8,0.98,0.44,원활,새벽(0-5),0.25881904510252074,0.9659258262890683
2017-04-16 02:00:00,29,59.8,1.17,0.20689655172413793,원활,새벽(0-5),0.49999999999999994,0.8660254037844387
2017-04-16 02:05:00,32,62.9,1.26,0.40625,원활,새벽(0-5),0.49999999999999994,0.8660254037844387
2017-04-16 02:10:00,31,60.3,1.24,0.2903225806451613,원활,새벽(0-5),0.49999999999999994,0.8660254037844387
2017-04-16 02:15:00,15,60.8,0.55,0.2,원활,새벽(0-5),0.49999999999999994,0.8660254037844387
2017-04-16 02:20:00,18,63.6,0.65,0.3333333333333333,원활,새벽(0-5),0.49999999999999994,0.8660254037844387
2017-04-16 02:25:00,25,63.5,0.91,0.36,원활,새벽(0-5),0.49999999999999994,0.8660254037844387
2017-04-16 02:30:00,35,61.6,1.33,0.2857142857142857,원활,새벽(0-5),0.49999999999999994,0.8660254037844387
2017-04-16 02:35:00,18,57.5,0.69,0.4444444444444444,원활,새벽(0-5),0.49999999999999994,0.8660254037844387
2017-04-16 02:40:00,20,67.2,0.72,0.3,원활,새벽(0-5),0.49999999999999994,0.8660254037844387
2017-04-16 02:45:00,19,72.0,0.77,0.3157894736842105,원활,새벽(0-5),0.49999999999999994,0.8660254037844387
2017-04-16 02:50:00,21,58.8,0.84,0.38095238095238093,원활,새벽(0-5),0.49999999999999994,0.8660254037844387
2017-04-16 02:55:00,19,58.0,0.8,0.42105263157894735,원활,새벽(0-5),0.49999999999999994,0.8660254037844387
2017-04-16 03:00:00,18,65.1,0.7,0.3333333333333333,원활,새벽(0-5),0.7071067811865476,0.7071067811865476
2017-04-16 03:05:00,22,61.5,0.87,0.18181818181818182,원활,새벽(0-5),0.7071067811865476,0.7071067811865476
2017-04-16 03:10:00,15,59.6,1.04,0.4,원활,새벽(0-5),0.7071067811865476,0.7071067811865476
2017-04-16 03:15:00,22,68.6,0.88,0.45454545454545453,원활,새벽(0-5),0.7071067811865476,0.7071067811865476
2017-04-16 03:20:00,27,61.3,1.08,0.37037037037037035,원활,새벽(0-5),0.7071067811865476,0.7071067811865476
2017-04-16 03:25:00,24,68.1,1.05,0.4166666666666667,원활,새벽(0-5),0.7071067811865476,0.7071067811865476
2017-04-16 03:30:00,18,60.9,0.78,0.3888888888888889,원활,새벽(0-5),0.7071067811865476,0.7071067811865476
2017-04-16 03:35:00,11,74.6,0.5,0.36363636363636365,원활,새벽(0-5),0.7071067811865476,0.7071067811865476
2017-04-16 03:40:00,20,59.4,0.83,0.45,원활,새벽(0-5),0.7071067811865476,0.7071067811865476
2017-04-16 03:45:00,25,60.7,1.08,0.32,원활,새벽(0-5),0.7071067811865476,0.7071067811865476
2017-04-16 03:50:00,31,59.9,1.27,0.3548387096774194,원활,새벽(0-5),0.7071067811865476,0.7071067811865476
2017-04-16 03:55:00,20,60.8,0.93,0.45,원활,새벽(0-5),0.7071067811865476,0.7071067811865476
2017-04-16 04:00:00,11,70.7,0.51,0.2727272727272727,원활,새벽(0-5),0.8660254037844386,0.5000000000000001
2017-04-16 04:05:00,22,64.3,0.92,0.45454545454545453,원활,새벽(0-5),0.8660254037844386,0.5000000000000001
2017-04-16 04:10:00,12,74.2,0.41,0.16666666666666666,원활,새벽(0-5),0.8660254037844386,0.5000000000000001
2017-04-16 04:15:00,15,58.3,0.59,0.3333333333333333,원활,새벽(0-5),0.8660254037844386,0.5000000000000001
2017-04-16 04:20:00,12,50.9,0.53,0.3333333333333333,원활,새벽(0-5),0.8660254037844386,0.5000000000000001
2017-04-16 04:25:00,20,76.1,0.62,0.25,원활,새벽(0-5),0.8660254037844386,0.5000000000000001
2017-04-16 04:30:00,21,62.7,0.91,0.3333333333333333,원활,새벽(0-5),0.8660254037844386,0.5000000000000001
2017-04-16 04:35:00,33,73.2,1.3,0.45454545454545453,원활,새벽(0-5),0.8660254037844386,0.5000000000000001
2017-04-16 04:40:00,39,64.4,1.41,0.23076923076923078,원활,새벽(0-5),0.8660254037844386,0.5000000000000001
2017-04-16 04:45:00,33,59.1,1.4,0.36363636363636365,원활,새벽(0-5),0.8660254037844386,0.5000000000000001
2017-04-16 04:50:00,27,62.0,1.03,0.25925925925925924,원활,새벽(0-5),0.8660254037844386,0.5000000000000001
2017-04-16 04:55:00,12,54.2,0.53,0.3333333333333333,원활,새벽(0-5),0.8660254037844386,0.5000000000000001
2017-04-16 05:00:00,25,61.9,1.05,0.36,원활,새벽(0-5),0.9659258262890683,0.25881904510252074
2017-04-16 05:05:00,15,55.6,0.67,0.3333333333333333,원활,새벽(0-5),0.9659258262890683,0.25881904510252074
2017-04-16 05:10:00,32,60.4,1.28,0.125,원활,새벽(0-5),0.9659258262890683,0.25881904510252074
2017-04-16 05:15:00,31,59.7,1.28,0.25806451612903225,원활,새벽(0-5),0.9659258262890683,0.25881904510252074
2017-04-16 05:20:00,31,56.4,1.26,0.3225806451612903,원활,새벽(0-5),0.9659258262890683,0.25881904510252074
2017-04-16 05:25:00,35,56.0,1.58,0.45714285714285713,원활,새벽(0-5),0.9659258262890683,0.25881904510252074
2017-04-16 05:30:00,25,59.8,1.05,0.28,원활,새벽(0-5),0.9659258262890683,0.25881904510252074
2017-04-16 05:35:00,18,54.9,0.76,0.2777777777777778,원활,새벽(0-5),0.9659258262890683,0.25881904510252074
2017-04-16 05:40:00,29,58.0,0.99,0.2413793103448276,원활,새벽(0-5),0.9659258262890683,0.25881904510252074
2017-04-16 05:45:00,31,58.5,1.29,0.4838709677419355,원활,새벽(0-5),0.9659258262890683,0.25881904510252074
2017-04-16 05:50:00,38,66.5,1.31,0.3684210526315789,원활,새벽(0-5),0.9659258262890683,0.25881904510252074
2017-04-16 05:55:00,47,56.8,1.81,0.44680851063829785,원활,새벽(0-5),0.9659258262890683,0.25881904510252074
2017-04-16 06:00:00,41,56.3,1.61,0.4634146341463415,원활,오전(6-11),1.0,6.123233995736766e-17
2017-04-16 06:05:00,46,62.2,1.61,0.30434782608695654,원활,오전(6-11),1.0,6.123233995736766e-17
2017-04-16 06:10:00,51,61.5,1.84,0.23529411764705882,원활,오전(6-11),1.0,6.123233995736766e-17
2017-04-16 06:15:00,42,56.4,1.59,0.38095238095238093,원활,오전(6-11),1.0,6.123233995736766e-17
2017-04-16 06:20:00,33,60.6,1.09,0.48484848484848486,원활,오전(6-11),1.0,6.123233995736766e-17
2017-04-16 06:25:00,61,59.8,2.24,0.3442622950819672,원활,오전(6-11),1.0,6.123233995736766e-17
2017-04-16 06:30:00,61,59.9,2.16,0.3770491803278688,원활,오전(6-11),1.0,6.123233995736766e-17
2017-04-16 06:35:00,57,58.2,2.09,0.2982456140350877,원활,오전(6-11),1.0,6.123233995736766e-17
2017-04-16 06:40:00,65,61.6,2.38,0.35384615384615387,원활,오전(6-11),1.0,6.123233995736766e-17
2017-04-16 06:45:00,62,60.3,2.38,0.3870967741935484,원활,오전(6-11),1.0,6.123233995736766e-17
2017-04-16 06:50:00,48,55.5,1.83,0.375,원활,오전(6-11),1.0,6.123233995736766e-17
2017-04-16 06:55:00,58,54.8,2.34,0.3448275862068966,원활,오전(6-11),1.0,6.123233995736766e-17
2017-04-16 07:00:00,55,60.6,1.95,0.2909090909090909,원활,오전(6-11),0.9659258262890683,-0.25881904510252085
2017-04-16 07:05:00,59,56.6,2.56,0.3389830508474576,원활,오전(6-11),0.9659258262890683,-0.25881904510252085
2017-04-16 07:10:00,71,56.0,2.66,0.29577464788732394,원활,오전(6-11),0.9659258262890683,-0.25881904510252085
2017-04-16 07:15:00,81,55.8,3.17,0.38271604938271603,원활,오전(6-11),0.9659258262890683,-0.25881904510252085
2017-04-16 07:20:00,103,52.9,4.12,0.3786407766990291,보통,오전(6-11),0.9659258262890683,-0.25881904510252085
2017-04-16 07:25:00,83,56.5,3.62,0.24096385542168675,원활,오전(6-11),0.9659258262890683,-0.25881904510252085
2017-04-16 07:30:00,87,55.1,3.25,0.22988505747126436,원활,오전(6-11),0.9659258262890683,-0.25881904510252085
2017-04-16 07:35:00,84,55.3,3.49,0.34523809523809523,원활,오전(6-11),0.9659258262890683,-0.25881904510252085
2017-04-16 07:40:00,67,60.0,2.61,0.3582089552238806,원활,오전(6-11),0.9659258262890683,-0.25881904510252085
2017-04-16 07:45:00,64,51.4,2.99,0.34375,원활,오전(6-11),0.9659258262890683,-0.25881904510252085
2017-04-16 07:50:00,79,52.4,3.21,0.26582278481012656,원활,오전(6-11),0.9659258262890683,-0.25881904510252085
2017-04-16 07:55:00,84,55.8,3.28,0.30952380952380953,원활,오전(6-11),0.9659258262890683,-0.25881904510252085
2017-04-16 08:00:00,78,57.3,2.73,0.2692307692307692,원활,오전(6-11),0.8660254037844387,-0.4999999999999998
2017-04-16 08:05:00,74,56.2,2.85,0.3918918918918919,원활,오전(6-11),0.8660254037844387,-0.4999999999999998
2017-04-16 08:10:00,73,52.6,2.81,0.2191780821917808,원활,오전(6-11),0.8660254037844387,-0.4999999999999998
2017-04-16 08:15:00,73,55.0,2.61,0.2876712328767123,원활,오전(6-11),0.8660254037844387,-0.4999999999999998
2017-04-16 08:20:00,69,54.4,2.67,0.2608695652173913,원활,오전(6-11),0.8660254037844387,-0.4999999999999998
2017-04-16 08:25:00,80,52.7,3.31,0.25,원활,오전(6-11),0.8660254037844387,-0.4999999999999998
2017-04-16 08:30:00,127,45.4,6.39,0.3228346456692913,보통,오전(6-11),0.8660254037844387,-0.4999999999999998
2017-04-16 08:35:00,114,52.1,4.42,0.22807017543859648,보통,오전(6-11),0.8660254037844387,-0.4999999999999998
2017-04-16 08:40:00,127,49.7,5.37,0.2677165354330709,보통,오전(6-11),0.8660254037844387,-0.4999999999999998
2017-04-16 08:45:00,161,41.6,10.32,0.36645962732919257,혼잡,오전(6-11),0.8660254037844387,-0.4999999999999998
2017-04-16 08:50:00,143,38.5,11.97,0.23776223776223776,혼잡,오전(6-11),0.8660254037844387,-0.4999999999999998
2017-04-16 08:55:00,157,33.1,22.28,0.2802547770700637,혼잡,오전(6-11),0.8660254037844387,-0.4999999999999998
2017-04-16 09:00:00,132,36.9,17.45,0.20454545454545456,혼잡,오전(6-11),0.7071067811865476,-0.7071067811865475
2017-04-16 09:05:00,117,50.6,4.74,0.29914529914529914,보통,오전(6-11),0.7071067811865476,-0.7071067811865475
2017-04-16 09:10:00,105,48.8,4.99,0.2,보통,오전(6-11),0.7071067811865476,-0.7071067811865475
2017-04-16 09:15:00,111,48.3,4.98,0.18018018018018017,보통,오전(6-11),0.7071067811865476,-0.7071067811865475
2017-04-16 09:20:00,124,49.6,4.99,0.20161290322580644,보통,오전(6-11),0.7071067811865476,-0.7071067811865475
2017-04-16 09:25:00,104,50.3,4.8,0.3076923076923077,보통,오전(6-11),0.7071067811865476,-0.7071067811865475
2017-04-16 09:30:00,102,50.6,4.23,0.3431372549019608,보통,오전(6-11),0.7071067811865476,-0.7071067811865475
2017-04-16 09:35:00,108,50.6,4.55,0.2962962962962963,보통,오전(6-11),0.7071067811865476,-0.7071067811865475
2017-04-16 09:40:00,101,51.2,3.98,0.27722772277227725,보통,오전(6-11),0.7071067811865476,-0.7071067811865475
2017-04-16 09:45:00,93,51.4,4.26,0.25806451612903225,보통,오전(6-11),0.7071067811865476,-0.7071067811865475
2017-04-16 09:50:00,129,49.7,5.43,0.2713178294573643,보통,오전(6-11),0.7071067811865476,-0.7071067811865475
2017-04-16 09:55:00,128,49.4,5.65,0.265625,보통,오전(6-11),0.7071067811865476,-0.7071067811865475
2017-04-16 10:00:00,121,48.0,4.99,0.2975206611570248,보통,오전(6-11),0.49999999999999994,-0.8660254037844387
2017-04-16 10:05:00,134,48.5,6.05,0.4253731343283582,보통,오전(6-11),0.49999999999999994,-0.8660254037844387
2017-04-16 10:10:00,108,46.9,4.8,0.4074074074074074,보통,오전(6-11),0.49999999999999994,-0.8660254037844387
2017-04-16 10:15:00,112,40.4,7.66,0.29464285714285715,혼잡,오전(6-11),0.49999999999999994,-0.8660254037844387
2017-04-16 10:20:00,110,46.1,4.99,0.33636363636363636,보통,오전(6-11),0.49999999999999994,-0.8660254037844387
2017-04-16 10:25:00,127,45.0,6.02,0.2992125984251969,보통,오전(6-11),0.49999999999999994,-0.8660254037844387
2017-04-16 10:30:00,142,42.5,7.25,0.31690140845070425,혼잡,오전(6-11),0.49999999999999994,-0.8660254037844387
2017-04-16 10:35:00,183,40.6,10.14,0.22950819672131148,혼잡,오전(6-11),0.49999999999999994,-0.8660254037844387
2017-04-16 10:40:00,161,40.5,9.83,0.2795031055900621,혼잡,오전(6-11),0.49999999999999994,-0.8660254037844387
2017-04-16 10:45:00,182,35.7,12.45,0.34065934065934067,혼잡,오전(6-11),0.49999999999999994,-0.8660254037844387
2017-04-16 10:50:00,156,30.9,20.94,0.2692307692307692,혼잡,오전(6-11),0.49999999999999994,-0.8660254037844387
2017-04-16 10:55:00,152,35.0,16.47,0.28289473684210525,혼잡,오전(6-11),0.49999999999999994,-0.8660254037844387
2017-04-16 11:00:00,135,35.1,22.56,0.32592592592592595,혼잡,오전(6-11),0.258819045102521,-0.9659258262890682
2017-04-16 11:05:00,140,25.6,41.08,0.40714285714285714,혼잡,오전(6-11),0.258819045102521,-0.9659258262890682
2017-04-16 11:10:00,145,22.1,43.36,0.3103448275862069,혼잡,오전(6-11),0.258819045102521,-0.9659258262890682
2017-04-16 11:15:00,156,25.7,33.45,0.27564102564102566,혼잡,오전(6-11),0.258819045102521,-0.9659258262890682
2017-04-16 11:20:00,109,26.8,51.97,0.3211009174311927,혼잡,오전(6-11),0.258819045102521,-0.9659258262890682
2017-04-16 11:25:00,144,27.7,31.25,0.2916666666666667,혼잡,오전(6-11),0.258819045102521,-0.9659258262890682
2017-04-16 11:30:00,105,22.5,38.97,0.3333333333333333,혼잡,오전(6-11),0.258819045102521,-0.9659258262890682
2017-04-16 11:35:00,124,17.9,61.71,0.27419354838709675,혼잡,오전(6-11),0.258819045102521,-0.9659258262890682
2017-04-16 11:40:00,124,16.6,60.05,0.3225806451612903,혼잡,오전(6-11),0.258819045102521,-0.9659258262890682
2017-04-16 11:45:00,135,21.8,40.85,0.3111111111111111,혼잡,오전(6-11),0.258819045102521,-0.9659258262890682
2017-04-16 11:50:00,147,29.6,29.93,0.24489795918367346,혼잡,오전(6-11),0.258819045102521,-0.9659258262890682
2017-04-16 11:55:00,152,39.1,10.3,0.3157894736842105,혼잡,오전(6-11),0.258819045102521,-0.9659258262890682
2017-04-16 12:00:00,169,36.7,18.56,0.33727810650887574,혼잡,오후(12-17),1.2246467991473532e-16,-1.0
2017-04-16 12:05:00,143,39.0,13.05,0.32167832167832167,혼잡,오후(12-17),1.2246467991473532e-16,-1.0
2017-04-16 12:10:00,135,42.5,7.1,0.3111111111111111,혼잡,오후(12-17),1.2246467991473532e-16,-1.0
2017-04-16 12:15:00,157,37.3,14.19,0.36942675159235666,혼잡,오후(12-17),1.2246467991473532e-16,-1.0
2017-04-16 12:20:00,141,31.0,18.87,0.2695035460992908,혼잡,오후(12-17),1.2246467991473532e-16,-1.0
2017-04-16 12:25:00,146,38.1,10.02,0.2808219178082192,혼잡,오후(12-17),1.2246467991473532e-16,-1.0
2017-04-16 12:30:00,139,42.1,8.25,0.2733812949640288,혼잡,오후(12-17),1.2246467991473532e-16,-1.0
2017-04-16 12:35:00,168,40.2,9.12,0.3273809523809524,혼잡,오후(12-17),1.2246467991473532e-16,-1.0
2017-04-16 12:40:00,183,36.3,12.26,0.3005464480874317,혼잡,오후(12-17),1.2246467991473532e-16,-1.0
2017-04-16 12:45:00,167,30.3,27.55,0.2634730538922156,혼잡,오후(12-17),1.2246467991473532e-16,-1.0
2017-04-16 12:50:00,152,28.2,30.16,0.29605263157894735,혼잡,오후(12-17),1.2246467991473532e-16,-1.0
2017-04-16 12:55:00,137,34.1,23.13,0.32116788321167883,혼잡,오후(12-17),1.2246467991473532e-16,-1.0
2017-04-16 13:00:00,168,28.1,22.15,0.25595238095238093,혼잡,오후(12-17),-0.25881904510252035,-0.9659258262890684
2017-04-16 13:05:00,167,41.0,8.46,0.2155688622754491,혼잡,오후(12-17),-0.25881904510252035,-0.9659258262890684
2017-04-16 13:10:00,190,39.9,9.2,0.2578947368421053,혼잡,오후(12-17),-0.25881904510252035,-0.9659258262890684
2017-04-16 13:15:00,192,40.4,10.36,0.23958333333333334,혼잡,오후(12-17),-0.25881904510252035,-0.9659258262890684
2017-04-16 13:20:00,181,41.9,9.8,0.27071823204419887,혼잡,오후(12-17),-0.25881904510252035,-0.9659258262890684
2017-04-16 13:25:00,152,43.4,7.57,0.29605263157894735,혼잡,오후(12-17),-0.25881904510252035,-0.9659258262890684
2017-04-16 13:30:00,156,41.9,7.57,0.23717948717948717,혼잡,오후(12-17),-0.25881904510252035,-0.9659258262890684
2017-04-16 13:35:00,167,43.7,8.11,0.3473053892215569,혼잡,오후(12-17),-0.25881904510252035,-0.9659258262890684
2017-04-16 13:40:00,120,46.5,5.15,0.3,보통,오후(12-17),-0.25881904510252035,-0.9659258262890684
2017-04-16 13:45:00,163,43.0,8.48,0.26380368098159507,혼잡,오후(12-17),-0.25881904510252035,-0.9659258262890684
2017-04-16 13:50:00,172,44.0,7.74,0.313953488372093,혼잡,오후(12-17),-0.25881904510252035,-0.9659258262890684
2017-04-16 13:55:00,162,44.2,6.99,0.22839506172839505,혼잡,오후(12-17),-0.25881904510252035,-0.9659258262890684
2017-04-16 14:00:00,192,44.6,8.15,0.265625,혼잡,오후(12-17),-0.5000000000000001,-0.8660254037844386
2017-04-16 14:05:00,189,40.6,10.43,0.30687830687830686,혼잡,오후(12-17),-0.5000000000000001,-0.8660254037844386
2017-04-16 14:10:00,147,47.1,6.28,0.2857142857142857,보통,오후(12-17),-0.5000000000000001,-0.8660254037844386
2017-04-16 14:15:00,151,44.9,6.81,0.2980132450331126,혼잡,오후(12-17),-0.5000000000000001,-0.8660254037844386
2017-04-16 14:20:00,155,45.4,6.93,0.23225806451612904,혼잡,오후(12-17),-0.5000000000000001,-0.8660254037844386
2017-04-16 14:25:00,136,42.4,5.94,0.22794117647058823,보통,오후(12-17),-0.5000000000000001,-0.8660254037844386
2017-04-16 14:30:00,152,48.3,7.04,0.2894736842105263,혼잡,오후(12-17),-0.5000000000000001,-0.8660254037844386
2017-04-16 14:35:00,162,45.3,7.24,0.25925925925925924,혼잡,오후(12-17),-0.5000000000000001,-0.8660254037844386
2017-04-16 14:40:00,147,44.0,6.2,0.21768707482993196,보통,오후(12-17),-0.5000000000000001,-0.8660254037844386
2017-04-16 14:45:00,166,45.1,7.26,0.26506024096385544,혼잡,오후(12-17),-0.5000000000000001,-0.8660254037844386
2017-04-16 14:50:00,142,44.2,6.08,0.2605633802816901,보통,오후(12-17),-0.5000000000000001,-0.8660254037844386
2017-04-16 14:55:00,152,44.0,7.29,0.25,혼잡,오후(12-17),-0.5000000000000001,-0.8660254037844386
2017-04-16 15:00:00,134,48.2,5.42,0.23880597014925373,보통,오후(12-17),-0.7071067811865475,-0.7071067811865477
2017-04-16 15:05:00,155,46.4,7.3,0.2129032258064516,혼잡,오후(12-17),-0.7071067811865475,-0.7071067811865477
2017-04-16 15:10:00,139,45.6,6.23,0.2733812949640288,보통,오후(12-17),-0.7071067811865475,-0.7071067811865477
2017-04-16 15:15:00,152,47.4,6.33,0.2631578947368421,보통,오후(12-17),-0.7071067811865475,-0.7071067811865477
2017-04-16 15:20:00,142,45.6,6.4,0.2323943661971831,보통,오후(12-17),-0.7071067811865475,-0.7071067811865477
2017-04-16 15:25:00,142,49.9,5.62,0.2746478873239437,보통,오후(12-17),-0.7071067811865475,-0.7071067811865477
2017-04-16 15:30:00,135,46.6,5.49,0.28888888888888886,보통,오후(12-17),-0.7071067811865475,-0.7071067811865477
2017-04-16 15:35:00,134,46.2,5.68,0.17164179104477612,보통,오후(12-17),-0.7071067811865475,-0.7071067811865477
2017-04-16 15:40:00,113,46.3,4.69,0.2831858407079646,보통,오후(12-17),-0.7071067811865475,-0.7071067811865477
2017-04-16 15:45:00,145,48.4,6.17,0.20689655172413793,보통,오후(12-17),-0.7071067811865475,-0.7071067811865477
2017-04-16 15:50:00,163,43.3,7.47,0.22699386503067484,혼잡,오후(12-17),-0.7071067811865475,-0.7071067811865477
2017-04-16 15:55:00,145,46.3,5.91,0.2689655172413793,보통,오후(12-17),-0.7071067811865475,-0.7071067811865477
2017-04-16 16:00:00,148,49.4,6.22,0.24324324324324326,보통,오후(12-17),-0.8660254037844385,-0.5000000000000004
2017-04-16 16:05:00,143,48.6,6.09,0.2867132867132867,보통,오후(12-17),-0.8660254037844385,-0.5000000000000004
2017-04-16 16:10:00,129,46.2,5.32,0.21705426356589147,보통,오후(12-17),-0.8660254037844385,-0.5000000000000004
2017-04-16 16:15:00,135,46.7,6.07,0.2962962962962963,보통,오후(12-17),-0.8660254037844385,-0.5000000000000004
2017-04-16 16:20:00,124,49.0,4.64,0.21774193548387097,보통,오후(12-17),-0.8660254037844385,-0.5000000000000004
2017-04-16 16:25:00,130,48.5,5.6,0.19230769230769232,보통,오후(12-17),-0.8660254037844385,-0.5000000000000004
2017-04-16 16:30:00,143,49.4,5.44,0.21678321678321677,보통,오후(12-17),-0.8660254037844385,-0.5000000000000004
2017-04-16 16:35:00,150,47.8,5.94,0.20666666666666667,보통,오후(12-17),-0.8660254037844385,-0.5000000000000004
2017-04-16 16:40:00,148,46.2,6.07,0.25,보통,오후(12-17),-0.8660254037844385,-0.5000000000000004
2017-04-16 16:45:00,145,48.8,5.77,0.296551724137931,보통,오후(12-17),-0.8660254037844385,-0.5000000000000004
2017-04-16 16:50:00,136,47.1,5.33,0.25735294117647056,보통,오후(12-17),-0.8660254037844385,-0.5000000000000004
2017-04-16 16:55:00,134,47.2,5.67,0.23134328358208955,보통,오후(12-17),-0.8660254037844385,-0.5000000000000004
2017-04-16 17:00:00,136,47.2,5.41,0.23529411764705882,보통,오후(12-17),-0.9659258262890683,-0.25881904510252063
2017-04-16 17:05:00,124,45.3,5.25,0.23387096774193547,보통,오후(12-17),-0.9659258262890683,-0.25881904510252063
2017-04-16 17:10:00,132,44.9,6.27,0.20454545454545456,보통,오후(12-17),-0.9659258262890683,-0.25881904510252063
2017-04-16 17:15:00,136,49.3,5.44,0.25,보통,오후(12-17),-0.9659258262890683,-0.25881904510252063
2017-04-16 17:20:00,138,46.1,6.17,0.2246376811594203,보통,오후(12-17),-0.9659258262890683,-0.25881904510252063
2017-04-16 17:25:00,116,47.5,4.63,0.19827586206896552,보통,오후(12-17),-0.9659258262890683,-0.25881904510252063
2017-04-16 17:30:00,133,44.5,6.09,0.22556390977443608,보통,오후(12-17),-0.9659258262890683,-0.25881904510252063
2017-04-16 17:35:00,128,47.0,5.25,0.1875,보통,오후(12-17),-0.9659258262890683,-0.25881904510252063
2017-04-16 17:40:00,109,50.2,4.23,0.3302752293577982,보통,오후(12-17),-0.9659258262890683,-0.25881904510252063
2017-04-16 17:45:00,111,52.7,4.21,0.3063063063063063,보통,오후(12-17),-0.9659258262890683,-0.25881904510252063
2017-04-16 17:50:00,136,49.8,5.37,0.25,보통,오후(12-17),-0.9659258262890683,-0.25881904510252063
2017-04-16 17:55:00,125,49.8,5.13,0.296,보통,오후(12-17),-0.9659258262890683,-0.25881904510252063
2017-04-16 18:00:00,137,48.3,5.14,0.27007299270072993,보통,저녁(18-23),-1.0,-1.8369701987210297e-16
2017-04-16 18:05:00,138,45.6,6.26,0.2391304347826087,보통,저녁(18-23),-1.0,-1.8369701987210297e-16
2017-04-16 18:10:00,110,51.2,4.25,0.3,보통,저녁(18-23),-1.0,-1.8369701987210297e-16
2017-04-16 18:15:00,146,45.4,6.45,0.21232876712328766,보통,저녁(18-23),-1.0,-1.8369701987210297e-16
2017-04-16 18:20:00,120,46.2,4.83,0.23333333333333334,보통,저녁(18-23),-1.0,-1.8369701987210297e-16
2017-04-16 18:25:00,134,48.2,5.31,0.291044776119403,보통,저녁(18-23),-1.0,-1.8369701987210297e-16
2017-04-16 18:30:00,134,48.0,5.55,0.22388059701492538,보통,저녁(18-23),-1.0,-1.8369701987210297e-16
2017-04-16 18:35:00,145,47.8,6.49,0.30344827586206896,보통,저녁(18-23),-1.0,-1.8369701987210297e-16
2017-04-16 18:40:00,111,49.7,4.4,0.3153153153153153,보통,저녁(18-23),-1.0,-1.8369701987210297e-16
2017-04-16 18:45:00,119,48.0,4.84,0.31092436974789917,보통,저녁(18-23),-1.0,-1.8369701987210297e-16
2017-04-16 18:50:00,119,47.3,5.51,0.23529411764705882,보통,저녁(18-23),-1.0,-1.8369701987210297e-16
2017-04-16 18:55:00,130,47.1,5.46,0.33076923076923076,보통,저녁(18-23),-1.0,-1.8369701987210297e-16
2017-04-16 19:00:00,122,49.3,5.0,0.21311475409836064,보통,저녁(18-23),-0.9659258262890684,0.2588190451025203
2017-04-16 19:05:00,108,45.2,4.87,0.2222222222222222,보통,저녁(18-23),-0.9659258262890684,0.2588190451025203
2017-04-16 19:10:00,140,44.5,6.43,0.2857142857142857,보통,저녁(18-23),-0.9659258262890684,0.2588190451025203
2017-04-16 19:15:00,145,45.1,6.86,0.15172413793103448,혼잡,저녁(18-23),-0.9659258262890684,0.2588190451025203
2017-04-16 19:20:00,164,43.3,11.04,0.14634146341463414,혼잡,저녁(18-23),-0.9659258262890684,0.2588190451025203
2017-04-16 19:25:00,118,45.1,5.24,0.1271186440677966,보통,저녁(18-23),-0.9659258262890684,0.2588190451025203
2017-04-16 19:30:00,132,43.6,6.69,0.16666666666666666,혼잡,저녁(18-23),-0.9659258262890684,0.2588190451025203
2017-04-16 19:35:00,61,43.1,3.59,0.16393442622950818,원활,저녁(18-23),-0.9659258262890684,0.2588190451025203
2017-04-16 19:40:00,108,45.2,6.16,0.09259259259259259,보통,저녁(18-23),-0.9659258262890684,0.2588190451025203
2017-04-16 19:45:00,99,44.3,5.26,0.25252525252525254,보통,저녁(18-23),-0.9659258262890684,0.2588190451025203
2017-04-16 19:50:00,94,46.2,4.88,0.26595744680851063,보통,저녁(18-23),-0.9659258262890684,0.2588190451025203
2017-04-16 19:55:00,112,46.3,5.22,0.16964285714285715,보통,저녁(18-23),-0.9659258262890684,0.2588190451025203
2017-04-16 20:00:00,147,45.2,8.21,0.21768707482993196,혼잡,저녁(18-23),-0.8660254037844386,0.5000000000000001
2017-04-16 20:05:00,112,47.3,5.57,0.17857142857142858,보통,저녁(18-23),-0.8660254037844386,0.5000000000000001
2017-04-16 20:10:00,105,44.2,5.28,0.21904761904761905,보통,저녁(18-23),-0.8660254037844386,0.5000000000000001
2017-04-16 20:15:00,125,45.1,6.32,0.216,보통,저녁(18-23),-0.8660254037844386,0.5000000000000001
2017-04-16 20:20:00,83,47.4,3.9,0.1566265060240964,보통,저녁(18-23),-0.8660254037844386,0.5000000000000001
2017-04-16 20:25:00,120,43.5,6.38,0.2,보통,저녁(18-23),-0.8660254037844386,0.5000000000000001
2017-04-16 20:30:00,137,45.3,7.04,0.18248175182481752,혼잡,저녁(18-23),-0.8660254037844386,0.5000000000000001
2017-04-16 20:35:00,129,44.0,11.0,0.21705426356589147,혼잡,저녁(18-23),-0.8660254037844386,0.5000000000000001
2017-04-16 20:40:00,141,47.0,6.17,0.16312056737588654,보통,저녁(18-23),-0.8660254037844386,0.5000000000000001
2017-04-16 20:45:00,129,44.3,7.24,0.17829457364341086,혼잡,저녁(18-23),-0.8660254037844386,0.5000000000000001
2017-04-16 20:50:00,109,45.8,5.35,0.28440366972477066,보통,저녁(18-23),-0.8660254037844386,0.5000000000000001
2017-04-16 20:55:00,95,48.0,4.76,0.12631578947368421,보통,저녁(18-23),-0.8660254037844386,0.5000000000000001
2017-04-16 21:00:00,82,47.5,4.03,0.25609756097560976,보통,저녁(18-23),-0.7071067811865477,0.7071067811865474
2017-04-16 21:05:00,90,42.2,5.03,0.26666666666666666,보통,저녁(18-23),-0.7071067811865477,0.7071067811865474
2017-04-16 21:10:00,94,45.6,4.44,0.19148936170212766,보통,저녁(18-23),-0.7071067811865477,0.7071067811865474
2017-04-16 21:15:00,124,43.9,6.8,0.22580645161290322,혼잡,저녁(18-23),-0.7071067811865477,0.7071067811865474
2017-04-16 21:20:00,113,46.3,5.12,0.22123893805309736,보통,저녁(18-23),-0.7071067811865477,0.7071067811865474
2017-04-16 21:25:00,83,49.9,3.74,0.2289156626506024,보통,저녁(18-23),-0.7071067811865477,0.7071067811865474
2017-04-16 21:30:00,94,44.7,4.58,0.22340425531914893,보통,저녁(18-23),-0.7071067811865477,0.7071067811865474
2017-04-16 21:35:00,92,47.8,4.44,0.17391304347826086,보통,저녁(18-23),-0.7071067811865477,0.7071067811865474
2017-04-16 21:40:00,80,43.3,3.84,0.2375,보통,저녁(18-23),-0.7071067811865477,0.7071067811865474
2017-04-16 21:45:00,68,49.3,3.29,0.25,원활,저녁(18-23),-0.7071067811865477,0.7071067811865474
2017-04-16 21:50:00,68,44.1,3.63,0.27941176470588236,원활,저녁(18-23),-0.7071067811865477,0.7071067811865474
2017-04-16 21:55:00,77,52.7,3.34,0.2727272727272727,원활,저녁(18-23),-0.7071067811865477,0.7071067811865474
2017-04-16 22:00:00,79,48.5,3.64,0.17721518987341772,원활,저녁(18-23),-0.5000000000000004,0.8660254037844384
2017-04-16 22:05:00,78,47.3,4.1,0.28205128205128205,보통,저녁(18-23),-0.5000000000000004,0.8660254037844384
2017-04-16 22:10:00,75,47.1,3.87,0.16,보통,저녁(18-23),-0.5000000000000004,0.8660254037844384
2017-04-16 22:15:00,66,48.7,3.12,0.24242424242424243,원활,저녁(18-23),-0.5000000000000004,0.8660254037844384
2017-04-16 22:20:00,55,48.9,3.19,0.23636363636363636,원활,저녁(18-23),-0.5000000000000004,0.8660254037844384
2017-04-16 22:25:00,53,46.7,2.37,0.1320754716981132,원활,저녁(18-23),-0.5000000000000004,0.8660254037844384
2017-04-16 22:30:00,37,48.9,1.58,0.2972972972972973,원활,저녁(18-23),-0.5000000000000004,0.8660254037844384
2017-04-16 22:35:00,57,51.2,2.72,0.3333333333333333,원활,저녁(18-23),-0.5000000000000004,0.8660254037844384
2017-04-16 22:40:00,53,49.7,5.28,0.3018867924528302,보통,저녁(18-23),-0.5000000000000004,0.8660254037844384
2017-04-16 22:45:00,66,53.8,3.1,0.25757575757575757,원활,저녁(18-23),-0.5000000000000004,0.8660254037844384
2017-04-16 22:50:00,71,51.1,3.07,0.23943661971830985,원활,저녁(18-23),-0.5000000000000004,0.8660254037844384
2017-04-16 22:55:00,51,55.6,2.87,0.29411764705882354,원활,저녁(18-23),-0.5000000000000004,0.8660254037844384
2017-04-16 23:00:00,59,51.4,2.57,0.23728813559322035,원활,저녁(18-23),-0.2588190451025207,0.9659258262890683
2017-04-16 23:05:00,50,50.8,2.34,0.22,원활,저녁(18-23),-0.2588190451025207,0.9659258262890683
2017-04-16 23:10:00,47,53.6,1.99,0.23404255319148937,원활,저녁(18-23),-0.2588190451025207,0.9659258262890683
2017-04-16 23:15:00,38,54.6,1.53,0.3157894736842105,원활,저녁(18-23),-0.2588190451025207,0.9659258262890683
2017-04-16 23:20:00,50,56.1,2.4,0.24,원활,저녁(18-23),-0.2588190451025207,0.9659258262890683
2017-04-16 23:25:00,48,55.9,4.52,0.2708333333333333,보통,저녁(18-23),-0.2588190451025207,0.9659258262890683
2017-04-16 23:30:00,32,56.2,2.1,0.34375,원활,저녁(18-23),-0.2588190451025207,0.9659258262890683
2017-04-16 23:35:00,38,51.6,1.61,0.21052631578947367,원활,저녁(18-23),-0.2588190451025207,0.9659258262890683
2017-04-16 23:40:00,32,53.3,1.28,0.0625,원활,저녁(18-23),-0.2588190451025207,0.9659258262890683
2017-04-16 23:45:00,34,54.0,1.52,0.4117647058823529,원활,저녁(18-23),-0.2588190451025207,0.9659258262890683
2017-04-16 23:50:00,27,54.3,0.95,0.14814814814814814,원활,저녁(18-23),-0.2588190451025207,0.9659258262890683
2017-04-16 23:55:00,35,54.6,1.42,0.3142857142857143,원활,저녁(18-23),-0.2588190451025207,0.9659258262890683
2017-04-17 00:00:00,43,51.9,1.98,0.37209302325581395,원활,새벽(0-5),0.0,1.0
2017-04-17 00:05:00,33,57.0,1.4,0.3939393939393939,원활,새벽(0-5),0.0,1.0
2017-04-17 00:10:00,38,53.6,1.55,0.2631578947368421,원활,새벽(0-5),0.0,1.0
2017-04-17 00:15:00,20,53.4,0.79,0.35,원활,새벽(0-5),0.0,1.0
2017-04-17 00:20:00,23,49.2,0.97,0.2608695652173913,원활,새벽(0-5),0.0,1.0
2017-04-17 00:25:00,28,63.1,1.33,0.25,원활,새벽(0-5),0.0,1.0
2017-04-17 00:30:00,24,56.6,1.0,0.4166666666666667,원활,새벽(0-5),0.0,1.0
2017-04-17 00:35:00,19,57.9,0.72,0.21052631578947367,원활,새벽(0-5),0.0,1.0
2017-04-17 00:40:00,19,59.9,0.76,0.3684210526315789,원활,새벽(0-5),0.0,1.0
2017-04-17 00:45:00,24,57.3,0.99,0.3333333333333333,원활,새벽(0-5),0.0,1.0
2017-04-17 00:50:00,12,55.0,0.49,0.16666666666666666,원활,새벽(0-5),0.0,1.0
2017-04-17 00:55:00,17,57.2,0.67,0.35294117647058826,원활,새벽(0-5),0.0,1.0
2017-04-17 01:00:00,14,59.4,0.48,0.35714285714285715,원활,새벽(0-5),0.25881904510252074,0.9659258262890683
2017-04-17 01:05:00,19,61.2,0.67,0.21052631578947367,원활,새벽(0-5),0.25881904510252074,0.9659258262890683
2017-04-17 01:10:00,19,60.6,0.7,0.3157894736842105,원활,새벽(0-5),0.25881904510252074,0.9659258262890683
2017-04-17 01:15:00,16,57.5,0.63,0.4375,원활,새벽(0-5),0.25881904510252074,0.9659258262890683
2017-04-17 01:20:00,14,59.8,0.53,0.42857142857142855,원활,새벽(0-5),0.25881904510252074,0.9659258262890683
2017-04-17 01:25:00,13,56.0,0.58,0.23076923076923078,원활,새벽(0-5),0.25881904510252074,0.9659258262890683
2017-04-17 01:30:00,20,63.1,0.75,0.5,원활,새벽(0-5),0.25881904510252074,0.9659258262890683
2017-04-17 01:35:00,18,59.9,0.64,0.3888888888888889,원활,새벽(0-5),0.25881904510252074,0.9659258262890683
2017-04-17 01:40:00,8,64.3,0.34,0.5,원활,새벽(0-5),0.25881904510252074,0.9659258262890683
2017-04-17 01:45:00,9,64.8,0.31,0.2222222222222222,원활,새벽(0-5),0.25881904510252074,0.9659258262890683
2017-04-17 01:50:00,10,56.4,0.38,0.2,원활,새벽(0-5),0.25881904510252074,0.9659258262890683
2017-04-17 01:55:00,13,51.4,0.59,0.7692307692307693,원활,새벽(0-5),0.25881904510252074,0.9659258262890683
2017-04-17 02:00:00,12,53.1,0.53,0.25,원활,새벽(0-5),0.49999999999999994,0.8660254037844387
2017-04-17 02:05:00,12,68.0,0.47,0.25,원활,새벽(0-5),0.49999999999999994,0.8660254037844387
2017-04-17 02:10:00,12,61.5,5.47,0.5,보통,새벽(0-5),0.49999999999999994,0.8660254037844387
2017-04-17 02:15:00,12,65.2,0.57,0.4166666666666667,원활,새벽(0-5),0.49999999999999994,0.8660254037844387
2017-04-17 02:20:00,9,69.3,0.38,0.2222222222222222,원활,새벽(0-5),0.49999999999999994,0.8660254037844387
2017-04-17 02:25:00,10,55.3,0.39,0.2,원활,새벽(0-5),0.49999999999999994,0.8660254037844387
2017-04-17 02:30:00,13,58.5,0.54,0.38461538461538464,원활,새벽(0-5),0.49999999999999994,0.8660254037844387
2017-04-17 02:35:00,18,59.3,0.67,0.2222222222222222,원활,새벽(0-5),0.49999999999999994,0.8660254037844387
2017-04-17 02:40:00,10,58.1,0.38,0.2,원활,새벽(0-5),0.49999999999999994,0.8660254037844387
2017-04-17 02:45:00,20,87.5,3.61,0.65,원활,새벽(0-5),0.49999999999999994,0.8660254037844387
2017-04-17 02:50:00,13,57.6,0.53,0.15384615384615385,원활,새벽(0-5),0.49999999999999994,0.8660254037844387
2017-04-17 02:55:00,15,60.4,0.64,0.2,원활,새벽(0-5),0.49999999999999994,0.8660254037844387
2017-04-17 03:00:00,11,49.1,0.53,0.2727272727272727,원활,새벽(0-5),0.7071067811865476,0.7071067811865476
2017-04-17 03:05:00,11,63.0,0.32,0.36363636363636365,원활,새벽(0-5),0.7071067811865476,0.7071067811865476
2017-04-17 03:10:00,9,59.1,0.46,0.6666666666666666,원활,새벽(0-5),0.7071067811865476,0.7071067811865476
2017-04-17 03:15:00,11,61.6,0.42,0.2727272727272727,원활,새벽(0-5),0.7071067811865476,0.7071067811865476
2017-04-17 03:20:00,18,59.8,0.87,0.4444444444444444,원활,새벽(0-5),0.7071067811865476,0.7071067811865476
2017-04-17 03:25:00,14,59.6,0.53,0.21428571428571427,원활,새벽(0-5),0.7071067811865476,0.7071067811865476
2017-04-17 03:30:00,15,55.7,0.69,0.4,원활,새벽(0-5),0.7071067811865476,0.7071067811865476
2017-04-17 03:35:00,23,57.1,0.87,0.13043478260869565,원활,새벽(0-5),0.7071067811865476,0.7071067811865476
2017-04-17 03:40:00,9,54.0,0.33,0.3333333333333333,원활,새벽(0-5),0.7071067811865476,0.7071067811865476
2017-04-17 03:45:00,17,48.2,0.96,0.5882352941176471,원활,새벽(0-5),0.7071067811865476,0.7071067811865476
2017-04-17 03:50:00,12,51.7,0.58,0.4166666666666667,원활,새벽(0-5),0.7071067811865476,0.7071067811865476
2017-04-17 03:55:00,12,55.5,0.51,0.4166666666666667,원활,새벽(0-5),0.7071067811865476,0.7071067811865476
2017-04-17 04:00:00,18,52.0,0.75,0.4444444444444444,원활,새벽(0-5),0.8660254037844386,0.5000000000000001
2017-04-17 04:05:00,20,55.8,0.74,0.3,원활,새벽(0-5),0.8660254037844386,0.5000000000000001
2017-04-17 04:10:00,12,58.4,0.49,0.4166666666666667,원활,새벽(0-5),0.8660254037844386,0.5000000000000001
2017-04-17 04:15:00,19,59.2,0.83,0.3684210526315789,원활,새벽(0-5),0.8660254037844386,0.5000000000000001
2017-04-17 04:20:00,11,55.3,0.55,0.2727272727272727,원활,새벽(0-5),0.8660254037844386,0.5000000000000001
2017-04-17 04:25:00,14,57.3,0.69,0.42857142857142855,원활,새벽(0-5),0.8660254037844386,0.5000000000000001
2017-04-17 04:30:00,18,69.6,0.77,0.4444444444444444,원활,새벽(0-5),0.8660254037844386,0.5000000000000001
2017-04-17 04:35:00,32,52.3,1.39,0.34375,원활,새벽(0-5),0.8660254037844386,0.5000000000000001
2017-04-17 04:40:00,35,63.0,1.37,0.34285714285714286,원활,새벽(0-5),0.8660254037844386,0.5000000000000001
2017-04-17 04:45:00,17,61.3,0.7,0.23529411764705882,원활,새벽(0-5),0.8660254037844386,0.5000000000000001
2017-04-17 04:50:00,26,56.2,3.7,0.34615384615384615,원활,새벽(0-5),0.8660254037844386,0.5000000000000001
2017-04-17 04:55:00,21,54.0,0.98,0.23809523809523808,원활,새벽(0-5),0.8660254037844386,0.5000000000000001
2017-04-17 05:00:00,25,55.7,1.14,0.44,원활,새벽(0-5),0.9659258262890683,0.25881904510252074
2017-04-17 05:05:00,23,58.5,0.9,0.4782608695652174,원활,새벽(0-5),0.9659258262890683,0.25881904510252074
2017-04-17 05:10:00,33,60.4,1.27,0.24242424242424243,원활,새벽(0-5),0.9659258262890683,0.25881904510252074
2017-04-17 05:15:00,50,60.8,2.07,0.4,원활,새벽(0-5),0.9659258262890683,0.25881904510252074
2017-04-17 05:20:00,56,56.5,2.37,0.30357142857142855,원활,새벽(0-5),0.9659258262890683,0.25881904510252074
2017-04-17 05:25:00,58,60.5,2.18,0.3620689655172414,원활,새벽(0-5),0.9659258262890683,0.25881904510252074
2017-04-17 05:30:00,41,58.4,1.58,0.2926829268292683,원활,새벽(0-5),0.9659258262890683,0.25881904510252074
2017-04-17 05:35:00,54,54.7,2.58,0.35185185185185186,원활,새벽(0-5),0.9659258262890683,0.25881904510252074
2017-04-17 05:40:00,61,48.8,3.48,0.5573770491803278,원활,새벽(0-5),0.9659258262890683,0.25881904510252074
2017-04-17 05:45:00,47,54.6,2.05,0.40425531914893614,원활,새벽(0-5),0.9659258262890683,0.25881904510252074
2017-04-17 05:50:00,55,56.4,2.21,0.4909090909090909,원활,새벽(0-5),0.9659258262890683,0.25881904510252074
2017-04-17 05:55:00,72,56.1,3.22,0.375,원활,새벽(0-5),0.9659258262890683,0.25881904510252074
2017-04-17 06:00:00,79,53.2,3.11,0.34177215189873417,원활,오전(6-11),1.0,6.123233995736766e-17
2017-04-17 06:05:00,109,61.3,3.72,0.3577981651376147,보통,오전(6-11),1.0,6.123233995736766e-17
2017-04-17 06:10:00,82,55.8,3.98,0.4146341463414634,보통,오전(6-11),1.0,6.123233995736766e-17
2017-04-17 06:15:00,85,55.5,3.24,0.38823529411764707,원활,오전(6-11),1.0,6.123233995736766e-17
2017-04-17 06:20:00,90,60.9,3.07,0.3333333333333333,원활,오전(6-11),1.0,6.123233995736766e-17
2017-04-17 06:25:00,108,54.8,3.92,0.37962962962962965,보통,오전(6-11),1.0,6.123233995736766e-17
2017-04-17 06:30:00,139,53.1,5.26,0.4316546762589928,보통,오전(6-11),1.0,6.123233995736766e-17
2017-04-17 06:35:00,152,55.3,5.91,0.3881578947368421,보통,오전(6-11),1.0,6.123233995736766e-17
2017-04-17 06:40:00,140,56.5,5.17,0.3357142857142857,보통,오전(6-11),1.0,6.123233995736766e-17
2017-04-17 06:45:00,139,52.6,5.56,0.4244604316546763,보통,오전(6-11),1.0,6.123233995736766e-17
2017-04-17 06:50:00,133,49.9,5.61,0.3684210526315789,보통,오전(6-11),1.0,6.123233995736766e-17
2017-04-17 06:55:00,130,48.3,6.07,0.45384615384615384,보통,오전(6-11),1.0,6.123233995736766e-17
2017-04-17 07:00:00,144,52.2,5.7,0.375,보통,오전(6-11),0.9659258262890683,-0.25881904510252085
2017-04-17 07:05:00,181,51.2,7.33,0.36464088397790057,혼잡,오전(6-11),0.9659258262890683,-0.25881904510252085
2017-04-17 07:10:00,206,45.3,10.75,0.39805825242718446,혼잡,오전(6-11),0.9659258262890683,-0.25881904510252085
2017-04-17 07:15:00,212,45.3,10.44,0.3632075471698113,혼잡,오전(6-11),0.9659258262890683,-0.25881904510252085
2017-04-17 07:20:00,207,38.5,11.35,0.3961352657004831,혼잡,오전(6-11),0.9659258262890683,-0.25881904510252085
2017-04-17 07:25:00,221,39.5,12.31,0.39819004524886875,혼잡,오전(6-11),0.9659258262890683,-0.25881904510252085
2017-04-17 07:30:00,258,38.2,14.76,0.3372093023255814,혼잡,오전(6-11),0.9659258262890683,-0.25881904510252085
2017-04-17 07:35:00,292,38.7,16.64,0.3595890410958904,혼잡,오전(6-11),0.9659258262890683,-0.25881904510252085
2017-04-17 07:40:00,247,38.9,13.18,0.3117408906882591,혼잡,오전(6-11),0.9659258262890683,-0.25881904510252085
2017-04-17 07:45:00,244,43.7,11.22,0.23770491803278687,혼잡,오전(6-11),0.9659258262890683,-0.25881904510252085
2017-04-17 07:50:00,263,44.8,11.59,0.30038022813688214,혼잡,오전(6-11),0.9659258262890683,-0.25881904510252085
2017-04-17 07:55:00,287,42.9,12.59,0.33797909407665505,혼잡,오전(6-11),0.9659258262890683,-0.25881904510252085
2017-04-17 08:00:00,253,41.7,12.2,0.31225296442687744,혼잡,오전(6-11),0.8660254037844387,-0.4999999999999998
2017-04-17 08:05:00,234,39.7,11.78,0.3162393162393162,혼잡,오전(6-11),0.8660254037844387,-0.4999999999999998
2017-04-17 08:10:00,253,40.2,12.6,0.2924901185770751,혼잡,오전(6-11),0.8660254037844387,-0.4999999999999998
2017-04-17 08:15:00,292,40.4,14.29,0.273972602739726,혼잡,오전(6-11),0.8660254037844387,-0.4999999999999998
2017-04-17 08:20:00,224,37.4,12.33,0.27232142857142855,혼잡,오전(6-11),0.8660254037844387,-0.4999999999999998
2017-04-17 08:25:00,179,30.2,28.54,0.2737430167597765,혼잡,오전(6-11),0.8660254037844387,-0.4999999999999998
2017-04-17 08:30:00,178,24.7,49.74,0.3089887640449438,혼잡,오전(6-11),0.8660254037844387,-0.4999999999999998
2017-04-17 08:35:00,224,33.2,47.14,0.3125,혼잡,오전(6-11),0.8660254037844387,-0.4999999999999998
2017-04-17 08:40:00,232,31.2,22.69,0.28879310344827586,혼잡,오전(6-11),0.8660254037844387,-0.4999999999999998
2017-04-17 08:45:00,202,32.5,13.61,0.25742574257425743,혼잡,오전(6-11),0.8660254037844387,-0.4999999999999998
2017-04-17 08:50:00,165,42.3,7.97,0.2909090909090909,혼잡,오전(6-11),0.8660254037844387,-0.4999999999999998
2017-04-17 08:55:00,201,41.0,11.73,0.2885572139303483,혼잡,오전(6-11),0.8660254037844387,-0.4999999999999998
2017-04-17 09:00:00,196,44.3,8.94,0.2653061224489796,혼잡,오전(6-11),0.7071067811865476,-0.7071067811865475
2017-04-17 09:05:00,153,46.2,7.11,0.3333333333333333,혼잡,오전(6-11),0.7071067811865476,-0.7071067811865475
2017-04-17 09:10:00,141,47.3,5.89,0.3475177304964539,보통,오전(6-11),0.7071067811865476,-0.7071067811865475
2017-04-17 09:15:00,164,50.7,6.66,0.3475609756097561,혼잡,오전(6-11),0.7071067811865476,-0.7071067811865475
2017-04-17 09:20:00,179,49.3,7.79,0.2737430167597765,혼잡,오전(6-11),0.7071067811865476,-0.7071067811865475
2017-04-17 09:25:00,189,47.2,7.66,0.3386243386243386,혼잡,오전(6-11),0.7071067811865476,-0.7071067811865475
2017-04-17 09:30:00,147,44.8,7.1,0.3197278911564626,혼잡,오전(6-11),0.7071067811865476,-0.7071067811865475
2017-04-17 09:35:00,161,48.7,6.89,0.2422360248447205,혼잡,오전(6-11),0.7071067811865476,-0.7071067811865475
2017-04-17 09:40:00,136,45.1,5.95,0.3161764705882353,보통,오전(6-11),0.7071067811865476,-0.7071067811865475
2017-04-17 09:45:00,163,41.4,8.49,0.3312883435582822,혼잡,오전(6-11),0.7071067811865476,-0.7071067811865475
2017-04-17 09:50:00,171,43.9,8.43,0.3391812865497076,혼잡,오전(6-11),0.7071067811865476,-0.7071067811865475
2017-04-17 09:55:00,187,41.3,10.55,0.34759358288770054,혼잡,오전(6-11),0.7071067811865476,-0.7071067811865475
2017-04-17 10:00:00,132,48.5,6.36,0.5151515151515151,보통,오전(6-11),0.49999999999999994,-0.8660254037844387
2017-04-17 10:05:00,134,45.3,6.12,0.41044776119402987,보통,오전(6-11),0.49999999999999994,-0.8660254037844387
2017-04-17 10:10:00,113,45.1,4.97,0.4690265486725664,보통,오전(6-11),0.49999999999999994,-0.8660254037844387
2017-04-17 10:15:00,127,45.3,6.38,0.5433070866141733,보통,오전(6-11),0.49999999999999994,-0.8660254037844387
2017-04-17 10:20:00,105,50.4,4.31,0.38095238095238093,보통,오전(6-11),0.49999999999999994,-0.8660254037844387
2017-04-17 10:25:00,129,45.7,5.95,0.3875968992248062,보통,오전(6-11),0.49999999999999994,-0.8660254037844387
2017-04-17 10:30:00,129,45.2,6.01,0.46511627906976744,보통,오전(6-11),0.49999999999999994,-0.8660254037844387
2017-04-17 10:35:00,125,48.1,5.26,0.456,보통,오전(6-11),0.49999999999999994,-0.8660254037844387
2017-04-17 10:40:00,124,48.1,5.75,0.3951612903225806,보통,오전(6-11),0.49999999999999994,-0.8660254037844387
2017-04-17 10:45:00,144,44.3,7.53,0.4305555555555556,혼잡,오전(6-11),0.49999999999999994,-0.8660254037844387
2017-04-17 10:50:00,146,41.8,7.14,0.3561643835616438,혼잡,오전(6-11),0.49999999999999994,-0.8660254037844387
2017-04-17 10:55:00,135,44.9,6.03,0.37777777777777777,보통,오전(6-11),0.49999999999999994,-0.8660254037844387
2017-04-17 11:00:00,106,49.8,4.66,0.29245283018867924,보통,오전(6-11),0.258819045102521,-0.9659258262890682
2017-04-17 11:05:00,109,43.8,5.09,0.42201834862385323,보통,오전(6-11),0.258819045102521,-0.9659258262890682
2017-04-17 11:10:00,131,46.5,5.96,0.3511450381679389,보통,오전(6-11),0.258819045102521,-0.9659258262890682
2017-04-17 11:15:00,150,45.9,6.4,0.32,보통,오전(6-11),0.258819045102521,-0.9659258262890682
2017-04-17 11:20:00,142,46.4,6.11,0.3591549295774648,보통,오전(6-11),0.258819045102521,-0.9659258262890682
2017-04-17 11:25:00,160,46.8,7.27,0.30625,혼잡,오전(6-11),0.258819045102521,-0.9659258262890682
2017-04-17 11:30:00,141,42.0,6.87,0.3049645390070922,혼잡,오전(6-11),0.258819045102521,-0.9659258262890682
2017-04-17 11:35:00,144,41.4,6.96,0.3402777777777778,혼잡,오전(6-11),0.258819045102521,-0.9659258262890682
2017-04-17 11:40:00,137,44.7,5.9,0.23357664233576642,보통,오전(6-11),0.258819045102521,-0.9659258262890682
2017-04-17 11:45:00,159,44.7,7.73,0.3081761006289308,혼잡,오전(6-11),0.258819045102521,-0.9659258262890682
2017-04-17 11:50:00,160,40.0,9.3,0.3125,혼잡,오전(6-11),0.258819045102521,-0.9659258262890682
2017-04-17 11:55:00,165,36.1,17.96,0.26666666666666666,혼잡,오전(6-11),0.258819045102521,-0.9659258262890682
2017-04-17 12:00:00,143,43.3,6.67,0.34965034965034963,혼잡,오후(12-17),1.2246467991473532e-16,-1.0
2017-04-17 12:05:00,147,39.1,9.49,0.25170068027210885,혼잡,오후(12-17),1.2246467991473532e-16,-1.0
2017-04-17 12:10:00,139,45.1,6.08,0.20863309352517986,보통,오후(12-17),1.2246467991473532e-16,-1.0
2017-04-17 12:15:00,114,47.1,5.21,0.3333333333333333,보통,오후(12-17),1.2246467991473532e-16,-1.0
2017-04-17 12:20:00,112,44.8,5.12,0.17857142857142858,보통,오후(12-17),1.2246467991473532e-16,-1.0
2017-04-17 12:25:00,137,45.3,5.99,0.2773722627737226,보통,오후(12-17),1.2246467991473532e-16,-1.0
2017-04-17 12:30:00,138,44.6,6.23,0.21739130434782608,보통,오후(12-17),1.2246467991473532e-16,-1.0
2017-04-17 12:35:00,141,45.6,6.54,0.375886524822695,보통,오후(12-17),1.2246467991473532e-16,-1.0
2017-04-17 12:40:00,153,46.0,7.25,0.2222222222222222,혼잡,오후(12-17),1.2246467991473532e-16,-1.0
2017-04-17 12:45:00,74,41.5,5.18,0.2972972972972973,보통,오후(12-17),1.2246467991473532e-16,-1.0
2017-04-17 12:50:00,136,45.3,6.32,0.18382352941176472,보통,오후(12-17),1.2246467991473532e-16,-1.0
2017-04-17 12:55:00,127,46.5,5.87,0.1889763779527559,보통,오후(12-17),1.2246467991473532e-16,-1.0
2017-04-17 13:00:00,116,48.0,5.26,0.27586206896551724,보통,오후(12-17),-0.25881904510252035,-0.9659258262890684
2017-04-17 13:05:00,113,46.1,4.91,0.1592920353982301,보통,오후(12-17),-0.25881904510252035,-0.9659258262890684
2017-04-17 13:10:00,104,47.6,4.41,0.27884615384615385,보통,오후(12-17),-0.25881904510252035,-0.9659258262890684
2017-04-17 13:15:00,145,47.3,6.95,0.18620689655172415,혼잡,오후(12-17),-0.25881904510252035,-0.9659258262890684
2017-04-17 13:20:00,139,46.8,6.27,0.16546762589928057,보통,오후(12-17),-0.25881904510252035,-0.9659258262890684
2017-04-17 13:25:00,152,42.3,7.64,0.19736842105263158,혼잡,오후(12-17),-0.25881904510252035,-0.9659258262890684
2017-04-17 13:30:00,126,45.0,5.52,0.18253968253968253,보통,오후(12-17),-0.25881904510252035,-0.9659258262890684
2017-04-17 13:35:00,132,48.0,5.95,0.20454545454545456,보통,오후(12-17),-0.25881904510252035,-0.9659258262890684
2017-04-17 13:40:00,111,45.6,5.14,0.1891891891891892,보통,오후(12-17),-0.25881904510252035,-0.9659258262890684
2017-04-17 13:45:00,149,44.6,6.63,0.2953020134228188,보통,오후(12-17),-0.25881904510252035,-0.9659258262890684
2017-04-17 13:50:00,153,40.1,7.86,0.24183006535947713,혼잡,오후(12-17),-0.25881904510252035,-0.9659258262890684
2017-04-17 13:55:00,162,42.1,8.32,0.24691358024691357,혼잡,오후(12-17),-0.25881904510252035,-0.9659258262890684
2017-04-17 14:00:00,135,46.9,5.83,0.23703703703703705,보통,오후(12-17),-0.5000000000000001,-0.8660254037844386
2017-04-17 14:05:00,134,47.6,5.99,0.15671641791044777,보통,오후(12-17),-0.5000000000000001,-0.8660254037844386
2017-04-17 14:10:00,125,44.0,5.64,0.16,보통,오후(12-17),-0.5000000000000001,-0.8660254037844386
2017-04-17 14:15:00,123,47.4,6.0,0.21138211382113822,보통,오후(12-17),-0.5000000000000001,-0.8660254037844386
2017-04-17 14:20:00,107,45.3,4.88,0.16822429906542055,보통,오후(12-17),-0.5000000000000001,-0.8660254037844386
2017-04-17 14:25:00,134,43.5,6.43,0.23134328358208955,보통,오후(12-17),-0.5000000000000001,-0.8660254037844386
2017-04-17 14:30:00,129,44.4,6.25,0.24806201550387597,보통,오후(12-17),-0.5000000000000001,-0.8660254037844386
2017-04-17 14:35:00,137,46.8,6.6,0.24817518248175183,보통,오후(12-17),-0.5000000000000001,-0.8660254037844386
2017-04-17 14:40:00,139,45.8,6.04,0.18705035971223022,보통,오후(12-17),-0.5000000000000001,-0.8660254037844386
2017-04-17 14:45:00,131,47.5,6.11,0.3053435114503817,보통,오후(12-17),-0.5000000000000001,-0.8660254037844386
2017-04-17 14:50:00,119,45.4,5.24,0.17647058823529413,보통,오후(12-17),-0.5000000000000001,-0.8660254037844386
2017-04-17 14:55:00,126,47.8,5.99,0.21428571428571427,보통,오후(12-17),-0.5000000000000001,-0.8660254037844386
2017-04-17 15:00:00,99,49.0,4.33,0.2222222222222222,보통,오후(12-17),-0.7071067811865475,-0.7071067811865477
2017-04-17 15:05:00,114,44.5,5.45,0.20175438596491227,보통,오후(12-17),-0.7071067811865475,-0.7071067811865477
2017-04-17 15:10:00,129,47.6,5.71,0.17829457364341086,보통,오후(12-17),-0.7071067811865475,-0.7071067811865477
2017-04-17 15:15:00,151,43.0,7.74,0.18543046357615894,혼잡,오후(12-17),-0.7071067811865475,-0.7071067811865477
2017-04-17 15:20:00,156,43.6,7.79,0.23717948717948717,혼잡,오후(12-17),-0.7071067811865475,-0.7071067811865477
2017-04-17 15:25:00,136,47.6,5.69,0.14705882352941177,보통,오후(12-17),-0.7071067811865475,-0.7071067811865477
2017-04-17 15:30:00,115,47.5,5.18,0.25217391304347825,보통,오후(12-17),-0.7071067811865475,-0.7071067811865477
2017-04-17 15:35:00,137,46.1,6.59,0.25547445255474455,보통,오후(12-17),-0.7071067811865475,-0.7071067811865477
2017-04-17 15:40:00,116,46.8,5.23,0.21551724137931033,보통,오후(12-17),-0.7071067811865475,-0.7071067811865477
2017-04-17 15:45:00,109,46.6,4.93,0.1743119266055046,보통,오후(12-17),-0.7071067811865475,-0.7071067811865477
2017-04-17 15:50:00,110,50.9,4.52,0.17272727272727273,보통,오후(12-17),-0.7071067811865475,-0.7071067811865477
2017-04-17 15:55:00,130,48.5,5.62,0.25384615384615383,보통,오후(12-17),-0.7071067811865475,-0.7071067811865477
2017-04-17 16:00:00,128,52.5,5.15,0.2109375,보통,오후(12-17),-0.8660254037844385,-0.5000000000000004
2017-04-17 16:05:00,148,46.5,6.67,0.22297297297297297,혼잡,오후(12-17),-0.8660254037844385,-0.5000000000000004
2017-04-17 16:10:00,130,47.0,5.72,0.2230769230769231,보통,오후(12-17),-0.8660254037844385,-0.5000000000000004
2017-04-17 16:15:00,131,50.5,5.72,0.2595419847328244,보통,오후(12-17),-0.8660254037844385,-0.5000000000000004
2017-04-17 16:20:00,121,45.8,5.41,0.14049586776859505,보통,오후(12-17),-0.8660254037844385,-0.5000000000000004
2017-04-17 16:25:00,122,47.2,5.74,0.1721311475409836,보통,오후(12-17),-0.8660254037844385,-0.5000000000000004
2017-04-17 16:30:00,152,47.3,6.55,0.15789473684210525,보통,오후(12-17),-0.8660254037844385,-0.5000000000000004
2017-04-17 16:35:00,130,49.8,5.73,0.26153846153846155,보통,오후(12-17),-0.8660254037844385,-0.5000000000000004
2017-04-17 16:40:00,147,50.3,6.08,0.17687074829931973,보통,오후(12-17),-0.8660254037844385,-0.5000000000000004
2017-04-17 16:45:00,155,48.4,6.82,0.18064516129032257,혼잡,오후(12-17),-0.8660254037844385,-0.5000000000000004
2017-04-17 16:50:00,123,50.4,5.22,0.18699186991869918,보통,오후(12-17),-0.8660254037844385,-0.5000000000000004
2017-04-17 16:55:00,145,48.1,5.94,0.15862068965517243,보통,오후(12-17),-0.8660254037844385,-0.5000000000000004
2017-04-17 17:00:00,121,50.9,5.08,0.1487603305785124,보통,오후(12-17),-0.9659258262890683,-0.25881904510252063
2017-04-17 17:05:00,156,49.4,6.66,0.14102564102564102,혼잡,오후(12-17),-0.9659258262890683,-0.25881904510252063
2017-04-17 17:10:00,150,43.1,6.94,0.22666666666666666,혼잡,오후(12-17),-0.9659258262890683,-0.25881904510252063
2017-04-17 17:15:00,137,48.7,5.85,0.18248175182481752,보통,오후(12-17),-0.9659258262890683,-0.25881904510252063
2017-04-17 17:20:00,164,51.9,6.41,0.20121951219512196,보통,오후(12-17),-0.9659258262890683,-0.25881904510252063
2017-04-17 17:25:00,138,49.6,5.69,0.18115942028985507,보통,오후(12-17),-0.9659258262890683,-0.25881904510252063
2017-04-17 17:30:00,138,51.0,5.4,0.2028985507246377,보통,오후(12-17),-0.9659258262890683,-0.25881904510252063
2017-04-17 17:35:00,138,46.5,6.22,0.2463768115942029,보통,오후(12-17),-0.9659258262890683,-0.25881904510252063
2017-04-17 17:40:00,164,45.5,7.25,0.18292682926829268,혼잡,오후(12-17),-0.9659258262890683,-0.25881904510252063
2017-04-17 17:45:00,186,46.0,7.76,0.20430107526881722,혼잡,오후(12-17),-0.9659258262890683,-0.25881904510252063
2017-04-17 17:50:00,131,46.9,5.8,0.25190839694656486,보통,오후(12-17),-0.9659258262890683,-0.25881904510252063
2017-04-17 17:55:00,144,45.5,6.82,0.24305555555555555,혼잡,오후(12-17),-0.9659258262890683,-0.25881904510252063
2017-04-17 18:00:00,137,50.1,5.31,0.22627737226277372,보통,저녁(18-23),-1.0,-1.8369701987210297e-16
2017-04-17 18:05:00,162,47.1,6.72,0.22839506172839505,혼잡,저녁(18-23),-1.0,-1.8369701987210297e-16
2017-04-17 18:10:00,208,41.6,9.32,0.22115384615384615,혼잡,저녁(18-23),-1.0,-1.8369701987210297e-16
2017-04-17 18:15:00,168,44.4,7.19,0.24404761904761904,혼잡,저녁(18-23),-1.0,-1.8369701987210297e-16
2017-04-17 18:20:00,198,36.9,9.87,0.21212121212121213,혼잡,저녁(18-23),-1.0,-1.8369701987210297e-16
2017-04-17 18:25:00,212,45.1,9.4,0.2783018867924528,혼잡,저녁(18-23),-1.0,-1.8369701987210297e-16
2017-04-17 18:30:00,180,40.8,10.27,0.17222222222222222,혼잡,저녁(18-23),-1.0,-1.8369701987210297e-16
2017-04-17 18:35:00,165,38.6,8.27,0.2787878787878788,혼잡,저녁(18-23),-1.0,-1.8369701987210297e-16
2017-04-17 18:40:00,157,39.8,7.41,0.21656050955414013,혼잡,저녁(18-23),-1.0,-1.8369701987210297e-16
2017-04-17 18:45:00,185,43.4,8.41,0.2864864864864865,혼잡,저녁(18-23),-1.0,-1.8369701987210297e-16
2017-04-17 18:50:00,175,44.8,7.76,0.26285714285714284,혼잡,저녁(18-23),-1.0,-1.8369701987210297e-16
2017-04-17 18:55:00,142,42.3,6.47,0.18309859154929578,보통,저녁(18-23),-1.0,-1.8369701987210297e-16
2017-04-17 19:00:00,136,43.0,6.21,0.23529411764705882,보통,저녁(18-23),-0.9659258262890684,0.2588190451025203
2017-04-17 19:05:00,166,46.3,7.08,0.18674698795180722,혼잡,저녁(18-23),-0.9659258262890684,0.2588190451025203
2017-04-17 19:10:00,128,45.1,5.78,0.25,보통,저녁(18-23),-0.9659258262890684,0.2588190451025203
2017-04-17 19:15:00,165,44.6,8.14,0.1393939393939394,혼잡,저녁(18-23),-0.9659258262890684,0.2588190451025203
2017-04-17 19:20:00,90,47.6,4.25,0.26666666666666666,보통,저녁(18-23),-0.9659258262890684,0.2588190451025203
2017-04-17 19:25:00,146,43.5,6.47,0.1780821917808219,보통,저녁(18-23),-0.9659258262890684,0.2588190451025203
2017-04-17 19:30:00,160,43.3,8.75,0.15,혼잡,저녁(18-23),-0.9659258262890684,0.2588190451025203
2017-04-17 19:35:00,125,43.9,6.4,0.2,보통,저녁(18-23),-0.9659258262890684,0.2588190451025203
2017-04-17 19:40:00,119,44.5,6.95,0.15126050420168066,혼잡,저녁(18-23),-0.9659258262890684,0.2588190451025203
2017-04-17 19:45:00,89,52.4,7.82,0.2247191011235955,혼잡,저녁(18-23),-0.9659258262890684,0.2588190451025203
2017-04-17 19:50:00,130,44.1,6.47,0.16153846153846155,보통,저녁(18-23),-0.9659258262890684,0.2588190451025203
2017-04-17 19:55:00,121,47.9,5.06,0.14049586776859505,보통,저녁(18-23),-0.9659258262890684,0.2588190451025203
2017-04-17 20:00:00,93,46.7,4.45,0.15053763440860216,보통,저녁(18-23),-0.8660254037844386,0.5000000000000001
2017-04-17 20:05:00,94,52.3,4.1,0.24468085106382978,보통,저녁(18-23),-0.8660254037844386,0.5000000000000001
2017-04-17 20:10:00,131,46.2,5.96,0.16793893129770993,보통,저녁(18-23),-0.8660254037844386,0.5000000000000001
2017-04-17 20:15:00,128,49.5,5.56,0.1953125,보통,저녁(18-23),-0.8660254037844386,0.5000000000000001
2017-04-17 20:20:00,90,47.2,4.51,0.2,보통,저녁(18-23),-0.8660254037844386,0.5000000000000001
2017-04-17 20:25:00,93,48.8,4.31,0.17204301075268819,보통,저녁(18-23),-0.8660254037844386,0.5000000000000001
2017-04-17 20:30:00,94,54.0,4.11,0.20212765957446807,보통,저녁(18-23),-0.8660254037844386,0.5000000000000001
2017-04-17 20:35:00,103,48.4,5.86,0.1941747572815534,보통,저녁(18-23),-0.8660254037844386,0.5000000000000001
2017-04-17 20:40:00,102,48.6,5.27,0.20588235294117646,보통,저녁(18-23),-0.8660254037844386,0.5000000000000001
2017-04-17 20:45:00,85,46.9,6.33,0.2,보통,저녁(18-23),-0.8660254037844386,0.5000000000000001
2017-04-17 20:50:00,95,47.8,4.69,0.2,보통,저녁(18-23),-0.8660254037844386,0.5000000000000001
2017-04-17 20:55:00,114,48.1,5.07,0.18421052631578946,보통,저녁(18-23),-0.8660254037844386,0.5000000000000001
2017-04-17 21:00:00,111,47.4,5.25,0.1891891891891892,보통,저녁(18-23),-0.7071067811865477,0.7071067811865474
2017-04-17 21:05:00,87,46.4,4.38,0.20689655172413793,보통,저녁(18-23),-0.7071067811865477,0.7071067811865474
2017-04-17 21:10:00,63,48.8,2.94,0.20634920634920634,원활,저녁(18-23),-0.7071067811865477,0.7071067811865474
2017-04-17 21:15:00,113,44.3,5.44,0.08849557522123894,보통,저녁(18-23),-0.7071067811865477,0.7071067811865474
2017-04-17 21:20:00,96,44.1,4.61,0.19791666666666666,보통,저녁(18-23),-0.7071067811865477,0.7071067811865474
2017-04-17 21:25:00,119,48.0,6.51,0.15966386554621848,보통,저녁(18-23),-0.7071067811865477,0.7071067811865474
2017-04-17 21:30:00,87,48.9,3.66,0.1839080459770115,원활,저녁(18-23),-0.7071067811865477,0.7071067811865474
2017-04-17 21:35:00,90,52.5,4.43,0.14444444444444443,보통,저녁(18-23),-0.7071067811865477,0.7071067811865474
2017-04-17 21:40:00,95,47.8,5.03,0.25263157894736843,보통,저녁(18-23),-0.7071067811865477,0.7071067811865474
2017-04-17 21:45:00,76,47.6,4.19,0.15789473684210525,보통,저녁(18-23),-0.7071067811865477,0.7071067811865474
2017-04-17 21:50:00,84,47.8,3.94,0.2261904761904762,보통,저녁(18-23),-0.7071067811865477,0.7071067811865474
2017-04-17 21:55:00,89,46.6,4.52,0.14606741573033707,보통,저녁(18-23),-0.7071067811865477,0.7071067811865474
2017-04-17 22:00:00,102,46.8,4.65,0.1568627450980392,보통,저녁(18-23),-0.5000000000000004,0.8660254037844384
2017-04-17 22:05:00,92,48.7,4.28,0.20652173913043478,보통,저녁(18-23),-0.5000000000000004,0.8660254037844384
2017-04-17 22:10:00,99,47.4,4.35,0.1414141414141414,보통,저녁(18-23),-0.5000000000000004,0.8660254037844384
2017-04-17 22:15:00,101,46.3,4.92,0.26732673267326734,보통,저녁(18-23),-0.5000000000000004,0.8660254037844384
2017-04-17 22:20:00,87,46.0,4.89,0.16091954022988506,보통,저녁(18-23),-0.5000000000000004,0.8660254037844384
2017-04-17 22:25:00,73,47.3,3.5,0.1780821917808219,원활,저녁(18-23),-0.5000000000000004,0.8660254037844384
2017-04-17 22:30:00,63,48.2,2.85,0.2857142857142857,원활,저녁(18-23),-0.5000000000000004,0.8660254037844384
2017-04-17 22:35:00,75,50.3,3.62,0.2,원활,저녁(18-23),-0.5000000000000004,0.8660254037844384
2017-04-17 22:40:00,88,49.2,3.97,0.23863636363636365,보통,저녁(18-23),-0.5000000000000004,0.8660254037844384
2017-04-17 22:45:00,79,51.7,3.6,0.22784810126582278,원활,저녁(18-23),-0.5000000000000004,0.8660254037844384
2017-04-17 22:50:00,59,47.6,2.77,0.23728813559322035,원활,저녁(18-23),-0.5000000000000004,0.8660254037844384
2017-04-17 22:55:00,83,52.0,3.49,0.13253012048192772,원활,저녁(18-23),-0.5000000000000004,0.8660254037844384
2017-04-17 23:00:00,54,52.4,2.51,0.16666666666666666,원활,저녁(18-23),-0.2588190451025207,0.9659258262890683
2017-04-17 23:05:00,55,52.6,2.51,0.2,원활,저녁(18-23),-0.2588190451025207,0.9659258262890683
2017-04-17 23:10:00,51,53.4,2.18,0.23529411764705882,원활,저녁(18-23),-0.2588190451025207,0.9659258262890683
2017-04-17 23:15:00,62,50.1,2.7,0.1774193548387097,원활,저녁(18-23),-0.2588190451025207,0.9659258262890683
2017-04-17 23:20:00,71,51.3,3.06,0.22535211267605634,원활,저녁(18-23),-0.2588190451025207,0.9659258262890683
2017-04-17 23:25:00,60,51.9,2.63,0.2,원활,저녁(18-23),-0.2588190451025207,0.9659258262890683
2017-04-17 23:30:00,42,58.7,1.83,0.2857142857142857,원활,저녁(18-23),-0.2588190451025207,0.9659258262890683
2017-04-17 23:35:00,39,56.0,1.72,0.23076923076923078,원활,저녁(18-23),-0.2588190451025207,0.9659258262890683
2017-04-17 23:40:00,41,55.9,1.94,0.17073170731707318,원활,저녁(18-23),-0.2588190451025207,0.9659258262890683
2017-04-17 23:45:00,40,54.6,1.55,0.3,원활,저녁(18-23),-0.2588190451025207,0.9659258262890683
2017-04-17 23:50:00,36,50.9,1.38,0.2777777777777778,원활,저녁(18-23),-0.2588190451025207,0.9659258262890683
2017-04-17 23:55:00,26,58.6,0.97,0.19230769230769232,원활,저녁(18-23),-0.2588190451025207,0.9659258262890683
2017-04-18 00:00:00,51,54.4,1.97,0.17647058823529413,원활,새벽(0-5),0.0,1.0
2017-04-18 00:05:00,39,56.2,1.56,0.46153846153846156,원활,새벽(0-5),0.0,1.0
2017-04-18 00:10:00,41,55.4,1.85,0.21951219512195122,원활,새벽(0-5),0.0,1.0
2017-04-18 00:15:00,29,54.6,1.06,0.27586206896551724,원활,새벽(0-5),0.0,1.0
2017-04-18 00:20:00,26,58.3,0.91,0.3076923076923077,원활,새벽(0-5),0.0,1.0
2017-04-18 00:25:00,31,55.4,1.25,0.1935483870967742,원활,새벽(0-5),0.0,1.0
2017-04-18 00:30:00,33,60.5,1.24,0.2727272727272727,원활,새벽(0-5),0.0,1.0
2017-04-18 00:35:00,28,58.5,1.11,0.2857142857142857,원활,새벽(0-5),0.0,1.0
2017-04-18 00:40:00,29,55.5,1.15,0.3103448275862069,원활,새벽(0-5),0.0,1.0
2017-04-18 00:45:00,27,55.7,1.07,0.2222222222222222,원활,새벽(0-5),0.0,1.0
2017-04-18 00:50:00,21,60.5,1.02,0.2857142857142857,원활,새벽(0-5),0.0,1.0
2017-04-18 00:55:00,25,61.9,0.94,0.28,원활,새벽(0-5),0.0,1.0
2017-04-18 01:00:00,21,50.2,0.86,0.2857142857142857,원활,새벽(0-5),0.25881904510252074,0.9659258262890683
2017-04-18 01:05:00,20,68.3,0.74,0.45,원활,새벽(0-5),0.25881904510252074,0.9659258262890683
2017-04-18 01:10:00,31,64.1,1.22,0.3225806451612903,원활,새벽(0-5),0.25881904510252074,0.9659258262890683
2017-04-18 01:15:00,15,57.0,0.62,0.13333333333333333,원활,새벽(0-5),0.25881904510252074,0.9659258262890683
2017-04-18 01:20:00,23,60.1,0.92,0.2608695652173913,원활,새벽(0-5),0.25881904510252074,0.9659258262890683
2017-04-18 01:25:00,17,55.9,0.68,0.23529411764705882,원활,새벽(0-5),0.25881904510252074,0.9659258262890683
2017-04-18 01:30:00,15,60.7,0.6,0.13333333333333333,원활,새벽(0-5),0.25881904510252074,0.9659258262890683
2017-04-18 01:35:00,13,53.1,0.64,0.38461538461538464,원활,새벽(0-5),0.25881904510252074,0.9659258262890683
2017-04-18 01:40:00,17,62.9,1.05,0.4117647058823529,원활,새벽(0-5),0.25881904510252074,0.9659258262890683
2017-04-18 01:45:00,17,57.8,0.76,0.23529411764705882,원활,새벽(0-5),0.25881904510252074,0.9659258262890683
2017-04-18 01:50:00,20,56.4,0.72,0.35,원활,새벽(0-5),0.25881904510252074,0.9659258262890683
2017-04-18 01:55:00,16,58.3,0.62,0.0625,원활,새벽(0-5),0.25881904510252074,0.9659258262890683
2017-04-18 02:00:00,20,66.3,0.73,0.4,원활,새벽(0-5),0.49999999999999994,0.8660254037844387
2017-04-18 02:05:00,24,56.6,0.88,0.375,원활,새벽(0-5),0.49999999999999994,0.8660254037844387
2017-04-18 02:10:00,15,52.1,0.5,0.13333333333333333,원활,새벽(0-5),0.49999999999999994,0.8660254037844387
2017-04-18 02:15:00,12,67.3,0.5,0.0,원활,새벽(0-5),0.49999999999999994,0.8660254037844387
2017-04-18 02:20:00,17,68.8,0.72,0.47058823529411764,원활,새벽(0-5),0.49999999999999994,0.8660254037844387
2017-04-18 02:25:00,20,54.8,0.86,0.2,원활,새벽(0-5),0.49999999999999994,0.8660254037844387
2017-04-18 02:30:00,10,62.5,0.38,0.3,원활,새벽(0-5),0.49999999999999994,0.8660254037844387
2017-04-18 02:35:00,14,59.1,0.57,0.42857142857142855,원활,새벽(0-5),0.49999999999999994,0.8660254037844387
2017-04-18 02:40:00,12,51.3,0.53,0.3333333333333333,원활,새벽(0-5),0.49999999999999994,0.8660254037844387
2017-04-18 02:45:00,9,60.9,0.32,0.5555555555555556,원활,새벽(0-5),0.49999999999999994,0.8660254037844387
2017-04-18 02:50:00,9,60.3,0.42,0.1111111111111111,원활,새벽(0-5),0.49999999999999994,0.8660254037844387
2017-04-18 02:55:00,16,61.2,1.42,0.4375,원활,새벽(0-5),0.49999999999999994,0.8660254037844387
2017-04-18 03:00:00,10,56.6,0.5,0.7,원활,새벽(0-5),0.7071067811865476,0.7071067811865476
2017-04-18 03:05:00,15,64.0,1.11,0.26666666666666666,원활,새벽(0-5),0.7071067811865476,0.7071067811865476
2017-04-18 03:10:00,11,65.4,0.51,0.2727272727272727,원활,새벽(0-5),0.7071067811865476,0.7071067811865476
2017-04-18 03:15:00,161,47.7,6.88,0.043478260869565216,혼잡,새벽(0-5),0.7071067811865476,0.7071067811865476
2017-04-18 03:20:00,9,55.5,0.4,0.4444444444444444,원활,새벽(0-5),0.7071067811865476,0.7071067811865476
2017-04-18 03:25:00,15,56.9,0.61,0.3333333333333333,원활,새벽(0-5),0.7071067811865476,0.7071067811865476
2017-04-18 03:30:00,18,55.0,0.83,0.16666666666666666,원활,새벽(0-5),0.7071067811865476,0.7071067811865476
2017-04-18 03:35:00,15,58.8,0.61,0.4,원활,새벽(0-5),0.7071067811865476,0.7071067811865476
2017-04-18 03:40:00,10,53.9,0.48,0.2,원활,새벽(0-5),0.7071067811865476,0.7071067811865476
2017-04-18 03:45:00,16,57.4,0.67,0.25,원활,새벽(0-5),0.7071067811865476,0.7071067811865476
2017-04-18 03:50:00,13,51.8,0.58,0.3076923076923077,원활,새벽(0-5),0.7071067811865476,0.7071067811865476
2017-04-18 03:55:00,16,57.6,0.8,0.1875,원활,새벽(0-5),0.7071067811865476,0.7071067811865476
2017-04-18 04:00:00,11,66.3,0.43,0.45454545454545453,원활,새벽(0-5),0.8660254037844386,0.5000000000000001
2017-04-18 04:05:00,10,59.6,0.44,0.2,원활,새벽(0-5),0.8660254037844386,0.5000000000000001
2017-04-18 04:10:00,12,59.9,0.57,0.5,원활,새벽(0-5),0.8660254037844386,0.5000000000000001
2017-04-18 04:15:00,11,49.0,0.69,0.45454545454545453,원활,새벽(0-5),0.8660254037844386,0.5000000000000001
2017-04-18 04:20:00,14,59.0,0.64,0.5,원활,새벽(0-5),0.8660254037844386,0.5000000000000001
2017-04-18 04:25:00,16,65.8,0.78,0.375,원활,새벽(0-5),0.8660254037844386,0.5000000000000001
2017-04-18 04:30:00,12,63.6,0.56,0.5833333333333334,원활,새벽(0-5),0.8660254037844386,0.5000000000000001
2017-04-18 04:35:00,18,60.3,0.81,0.3333333333333333,원활,새벽(0-5),0.8660254037844386,0.5000000000000001
2017-04-18 04:40:00,20,57.3,0.8,0.2,원활,새벽(0-5),0.8660254037844386,0.5000000000000001
2017-04-18 04:45:00,24,56.9,1.01,0.2916666666666667,원활,새벽(0-5),0.8660254037844386,0.5000000000000001
2017-04-18 04:50:00,17,59.9,0.79,0.23529411764705882,원활,새벽(0-5),0.8660254037844386,0.5000000000000001
2017-04-18 04:55:00,25,62.8,1.01,0.28,원활,새벽(0-5),0.8660254037844386,0.5000000000000001
2017-04-18 05:00:00,21,57.9,0.85,0.23809523809523808,원활,새벽(0-5),0.9659258262890683,0.25881904510252074
2017-04-18 05:05:00,24,67.0,0.98,0.20833333333333334,원활,새벽(0-5),0.9659258262890683,0.25881904510252074
2017-04-18 05:10:00,28,59.2,1.25,0.21428571428571427,원활,새벽(0-5),0.9659258262890683,0.25881904510252074
2017-04-18 05:15:00,41,55.2,2.09,0.24390243902439024,원활,새벽(0-5),0.9659258262890683,0.25881904510252074
2017-04-18 05:20:00,52,57.6,2.6,0.25,원활,새벽(0-5),0.9659258262890683,0.25881904510252074
2017-04-18 05:25:00,50,56.9,2.05,0.3,원활,새벽(0-5),0.9659258262890683,0.25881904510252074
2017-04-18 05:30:00,38,54.8,1.7,0.3157894736842105,원활,새벽(0-5),0.9659258262890683,0.25881904510252074
2017-04-18 05:35:00,50,52.8,2.12,0.2,원활,새벽(0-5),0.9659258262890683,0.25881904510252074
2017-04-18 05:40:00,51,51.6,2.16,0.29411764705882354,원활,새벽(0-5),0.9659258262890683,0.25881904510252074
2017-04-18 05:45:00,47,61.7,1.68,0.2127659574468085,원활,새벽(0-5),0.9659258262890683,0.25881904510252074
2017-04-18 05:50:00,61,64.2,2.22,0.19672131147540983,원활,새벽(0-5),0.9659258262890683,0.25881904510252074
2017-04-18 05:55:00,76,57.1,2.93,0.18421052631578946,원활,새벽(0-5),0.9659258262890683,0.25881904510252074
2017-04-18 06:00:00,77,57.0,2.97,0.2857142857142857,원활,오전(6-11),1.0,6.123233995736766e-17
2017-04-18 06:05:00,85,64.2,2.86,0.3411764705882353,원활,오전(6-11),1.0,6.123233995736766e-17
2017-04-18 06:10:00,83,56.2,3.04,0.3373493975903614,원활,오전(6-11),1.0,6.123233995736766e-17
2017-04-18 06:15:00,82,59.5,3.26,0.35365853658536583,원활,오전(6-11),1.0,6.123233995736766e-17
2017-04-18 06:20:00,83,58.1,2.79,0.27710843373493976,원활,오전(6-11),1.0,6.123233995736766e-17
2017-04-18 06:25:00,104,53.8,3.93,0.22115384615384615,보통,오전(6-11),1.0,6.123233995736766e-17
2017-04-18 06:30:00,111,57.6,3.88,0.11711711711711711,보통,오전(6-11),1.0,6.123233995736766e-17
2017-04-18 06:35:00,110,58.9,4.44,0.33636363636363636,보통,오전(6-11),1.0,6.123233995736766e-17
2017-04-18 06:40:00,108,59.7,3.89,0.28703703703703703,보통,오전(6-11),1.0,6.123233995736766e-17
2017-04-18 06:45:00,130,55.5,4.95,0.27692307692307694,보통,오전(6-11),1.0,6.123233995736766e-17
2017-04-18 06:50:00,112,53.1,4.43,0.22321428571428573,보통,오전(6-11),1.0,6.123233995736766e-17
2017-04-18 06:55:00,105,55.9,4.19,0.24761904761904763,보통,오전(6-11),1.0,6.123233995736766e-17
2017-04-18 07:00:00,128,48.5,5.34,0.265625,보통,오전(6-11),0.9659258262890683,-0.25881904510252085
2017-04-18 07:05:00,150,49.8,7.47,0.26666666666666666,혼잡,오전(6-11),0.9659258262890683,-0.25881904510252085
2017-04-18 07:10:00,188,52.1,7.45,0.23404255319148937,혼잡,오전(6-11),0.9659258262890683,-0.25881904510252085
2017-04-18 07:15:00,218,49.1,10.17,0.30275229357798167,혼잡,오전(6-11),0.9659258262890683,-0.25881904510252085
2017-04-18 07:20:00,207,39.2,11.21,0.2463768115942029,혼잡,오전(6-11),0.9659258262890683,-0.25881904510252085
2017-04-18 07:25:00,197,42.0,9.66,0.17766497461928935,혼잡,오전(6-11),0.9659258262890683,-0.25881904510252085
2017-04-18 07:30:00,250,41.3,12.73,0.188,혼잡,오전(6-11),0.9659258262890683,-0.25881904510252085
2017-04-18 07:35:00,289,46.9,12.06,0.1695501730103806,혼잡,오전(6-11),0.9659258262890683,-0.25881904510252085
2017-04-18 07:40:00,230,42.9,9.95,0.16956521739130434,혼잡,오전(6-11),0.9659258262890683,-0.25881904510252085
2017-04-18 07:45:00,231,43.6,10.46,0.19913419913419914,혼잡,오전(6-11),0.9659258262890683,-0.25881904510252085
2017-04-18 07:50:00,256,47.5,10.77,0.15234375,혼잡,오전(6-11),0.9659258262890683,-0.25881904510252085
2017-04-18 07:55:00,295,42.9,13.98,0.1864406779661017,혼잡,오전(6-11),0.9659258262890683,-0.25881904510252085
2017-04-18 08:00:00,252,44.2,11.07,0.21825396825396826,혼잡,오전(6-11),0.8660254037844387,-0.4999999999999998
2017-04-18 08:05:00,233,43.5,10.69,0.2145922746781116,혼잡,오전(6-11),0.8660254037844387,-0.4999999999999998
2017-04-18 08:10:00,254,43.2,11.32,0.18503937007874016,혼잡,오전(6-11),0.8660254037844387,-0.4999999999999998
2017-04-18 08:15:00,287,39.4,16.89,0.18118466898954705,혼잡,오전(6-11),0.8660254037844387,-0.4999999999999998
2017-04-18 08:20:00,252,39.2,12.72,0.24206349206349206,혼잡,오전(6-11),0.8660254037844387,-0.4999999999999998
2017-04-18 08:25:00,226,41.3,10.47,0.17699115044247787,혼잡,오전(6-11),0.8660254037844387,-0.4999999999999998
2017-04-18 08:30:00,200,40.0,25.17,0.17,혼잡,오전(6-11),0.8660254037844387,-0.4999999999999998
2017-04-18 08:35:00,237,35.8,35.55,0.2320675105485232,혼잡,오전(6-11),0.8660254037844387,-0.4999999999999998
2017-04-18 08:40:00,246,37.4,14.68,0.1991869918699187,혼잡,오전(6-11),0.8660254037844387,-0.4999999999999998
2017-04-18 08:45:00,188,39.9,9.02,0.1595744680851064,혼잡,오전(6-11),0.8660254037844387,-0.4999999999999998
2017-04-18 08:50:00,170,45.0,7.73,0.17647058823529413,혼잡,오전(6-11),0.8660254037844387,-0.4999999999999998
2017-04-18 08:55:00,207,43.0,10.21,0.21739130434782608,혼잡,오전(6-11),0.8660254037844387,-0.4999999999999998
2017-04-18 09:00:00,196,47.9,8.15,0.25,혼잡,오전(6-11),0.7071067811865476,-0.7071067811865475
2017-04-18 09:05:00,179,45.5,8.0,0.24022346368715083,혼잡,오전(6-11),0.7071067811865476,-0.7071067811865475
2017-04-18 09:10:00,148,48.2,6.36,0.31756756756756754,보통,오전(6-11),0.7071067811865476,-0.7071067811865475
2017-04-18 09:15:00,189,49.2,7.73,0.20634920634920634,혼잡,오전(6-11),0.7071067811865476,-0.7071067811865475
2017-04-18 09:20:00,204,51.1,8.45,0.3088235294117647,혼잡,오전(6-11),0.7071067811865476,-0.7071067811865475
2017-04-18 09:25:00,182,47.0,8.1,0.2857142857142857,혼잡,오전(6-11),0.7071067811865476,-0.7071067811865475
2017-04-18 09:30:00,171,48.8,7.68,0.29239766081871343,혼잡,오전(6-11),0.7071067811865476,-0.7071067811865475
2017-04-18 09:35:00,150,46.7,6.55,0.32,보통,오전(6-11),0.7071067811865476,-0.7071067811865475
2017-04-18 09:40:00,129,49.6,5.11,0.3023255813953488,보통,오전(6-11),0.7071067811865476,-0.7071067811865475
2017-04-18 09:45:00,185,42.9,9.95,0.3081081081081081,혼잡,오전(6-11),0.7071067811865476,-0.7071067811865475
2017-04-18 09:50:00,158,47.2,7.26,0.35443037974683544,혼잡,오전(6-11),0.7071067811865476,-0.7071067811865475
2017-04-18 09:55:00,175,47.5,7.29,0.26285714285714284,혼잡,오전(6-11),0.7071067811865476,-0.7071067811865475
2017-04-18 10:00:00,151,51.1,5.98,0.2185430463576159,보통,오전(6-11),0.49999999999999994,-0.8660254037844387
2017-04-18 10:05:00,166,50.0,7.01,0.3493975903614458,혼잡,오전(6-11),0.49999999999999994,-0.8660254037844387
2017-04-18 10:10:00,155,45.8,6.84,0.3161290322580645,혼잡,오전(6-11),0.49999999999999994,-0.8660254037844387
2017-04-18 10:15:00,138,49.9,6.41,0.3695652173913043,보통,오전(6-11),0.49999999999999994,-0.8660254037844387
2017-04-18 10:20:00,124,52.2,4.93,0.3225806451612903,보통,오전(6-11),0.49999999999999994,-0.8660254037844387
2017-04-18 10:25:00,133,47.2,5.71,0.3383458646616541,보통,오전(6-11),0.49999999999999994,-0.8660254037844387
2017-04-18 10:30:00,153,49.4,6.82,0.3660130718954248,혼잡,오전(6-11),0.49999999999999994,-0.8660254037844387
2017-04-18 10:35:00,123,54.1,5.54,0.36585365853658536,보통,오전(6-11),0.49999999999999994,-0.8660254037844387
2017-04-18 10:40:00,132,53.3,5.22,0.2727272727272727,보통,오전(6-11),0.49999999999999994,-0.8660254037844387
2017-04-18 10:45:00,161,44.3,7.89,0.35403726708074534,혼잡,오전(6-11),0.49999999999999994,-0.8660254037844387
2017-04-18 10:50:00,161,47.3,7.33,0.32298136645962733,혼잡,오전(6-11),0.49999999999999994,-0.8660254037844387
2017-04-18 10:55:00,141,50.8,5.73,0.28368794326241137,보통,오전(6-11),0.49999999999999994,-0.8660254037844387
2017-04-18 11:00:00,114,53.0,4.44,0.3333333333333333,보통,오전(6-11),0.258819045102521,-0.9659258262890682
2017-04-18 11:05:00,125,47.9,5.23,0.352,보통,오전(6-11),0.258819045102521,-0.9659258262890682
2017-04-18 11:10:00,121,51.4,4.84,0.256198347107438,보통,오전(6-11),0.258819045102521,-0.9659258262890682
2017-04-18 11:15:00,161,49.5,6.89,0.2795031055900621,혼잡,오전(6-11),0.258819045102521,-0.9659258262890682
2017-04-18 11:20:00,131,51.0,5.24,0.2900763358778626,보통,오전(6-11),0.258819045102521,-0.9659258262890682
2017-04-18 11:25:00,152,45.8,6.87,0.35526315789473684,혼잡,오전(6-11),0.258819045102521,-0.9659258262890682
2017-04-18 11:30:00,165,45.8,7.62,0.32727272727272727,혼잡,오전(6-11),0.258819045102521,-0.9659258262890682
2017-04-18 11:35:00,147,51.6,6.14,0.2925170068027211,보통,오전(6-11),0.258819045102521,-0.9659258262890682
2017-04-18 11:40:00,135,49.3,5.45,0.32592592592592595,보통,오전(6-11),0.258819045102521,-0.9659258262890682
2017-04-18 11:45:00,161,47.3,6.67,0.32919254658385094,혼잡,오전(6-11),0.258819045102521,-0.9659258262890682
2017-04-18 11:50:00,169,46.6,8.58,0.3254437869822485,혼잡,오전(6-11),0.258819045102521,-0.9659258262890682
2017-04-18 11:55:00,170,42.4,10.65,0.27647058823529413,혼잡,오전(6-11),0.258819045102521,-0.9659258262890682
2017-04-18 12:00:00,144,48.4,6.25,0.2916666666666667,보통,오후(12-17),1.2246467991473532e-16,-1.0
2017-04-18 12:05:00,154,44.2,8.8,0.34415584415584416,혼잡,오후(12-17),1.2246467991473532e-16,-1.0
2017-04-18 12:10:00,110,49.3,4.42,0.35454545454545455,보통,오후(12-17),1.2246467991473532e-16,-1.0
2017-04-18 12:15:00,145,47.1,6.28,0.3310344827586207,보통,오후(12-17),1.2246467991473532e-16,-1.0
2017-04-18 12:20:00,107,48.0,4.52,0.4205607476635514,보통,오후(12-17),1.2246467991473532e-16,-1.0
2017-04-18 12:25:00,128,48.6,5.27,0.3671875,보통,오후(12-17),1.2246467991473532e-16,-1.0
2017-04-18 12:30:00,101,51.4,3.83,0.24752475247524752,보통,오후(12-17),1.2246467991473532e-16,-1.0
2017-04-18 12:35:00,134,48.5,5.98,0.3880597014925373,보통,오후(12-17),1.2246467991473532e-16,-1.0
2017-04-18 12:40:00,152,49.3,6.28,0.32894736842105265,보통,오후(12-17),1.2246467991473532e-16,-1.0
2017-04-18 12:45:00,174,46.3,7.92,0.25862068965517243,혼잡,오후(12-17),1.2246467991473532e-16,-1.0
2017-04-18 12:50:00,131,47.2,5.36,0.3435114503816794,보통,오후(12-17),1.2246467991473532e-16,-1.0
2017-04-18 12:55:00,155,48.5,7.19,0.34838709677419355,혼잡,오후(12-17),1.2246467991473532e-16,-1.0
2017-04-18 13:00:00,119,51.0,4.83,0.3025210084033613,보통,오후(12-17),-0.25881904510252035,-0.9659258262890684
2017-04-18 13:05:00,166,45.7,6.97,0.25903614457831325,혼잡,오후(12-17),-0.25881904510252035,-0.9659258262890684
2017-04-18 13:10:00,160,46.2,8.62,0.30625,혼잡,오후(12-17),-0.25881904510252035,-0.9659258262890684
2017-04-18 13:15:00,186,46.4,8.15,0.3172043010752688,혼잡,오후(12-17),-0.25881904510252035,-0.9659258262890684
2017-04-18 13:20:00,167,50.5,6.51,0.2275449101796407,보통,오후(12-17),-0.25881904510252035,-0.9659258262890684
2017-04-18 13:25:00,172,45.4,8.01,0.3313953488372093,혼잡,오후(12-17),-0.25881904510252035,-0.9659258262890684
2017-04-18 13:30:00,159,43.6,7.13,0.3081761006289308,혼잡,오후(12-17),-0.25881904510252035,-0.9659258262890684
2017-04-18 13:35:00,153,44.8,6.73,0.2679738562091503,혼잡,오후(12-17),-0.25881904510252035,-0.9659258262890684
2017-04-18 13:40:00,114,46.7,5.07,0.14912280701754385,보통,오후(12-17),-0.25881904510252035,-0.9659258262890684
2017-04-18 13:45:00,140,46.8,6.2,0.3,보통,오후(12-17),-0.25881904510252035,-0.9659258262890684
2017-04-18 13:50:00,136,51.9,5.1,0.2647058823529412,보통,오후(12-17),-0.25881904510252035,-0.9659258262890684
2017-04-18 13:55:00,137,52.6,5.45,0.26277372262773724,보통,오후(12-17),-0.25881904510252035,-0.9659258262890684
2017-04-18 14:00:00,144,47.8,6.03,0.2916666666666667,보통,오후(12-17),-0.5000000000000001,-0.8660254037844386
2017-04-18 14:05:00,142,52.2,5.61,0.3380281690140845,보통,오후(12-17),-0.5000000000000001,-0.8660254037844386
2017-04-18 14:10:00,128,48.4,5.32,0.25,보통,오후(12-17),-0.5000000000000001,-0.8660254037844386
2017-04-18 14:15:00,141,51.0,5.76,0.3191489361702128,보통,오후(12-17),-0.5000000000000001,-0.8660254037844386
2017-04-18 14:20:00,111,48.6,4.49,0.2702702702702703,보통,오후(12-17),-0.5000000000000001,-0.8660254037844386
2017-04-18 14:25:00,107,46.9,5.0,0.24299065420560748,보통,오후(12-17),-0.5000000000000001,-0.8660254037844386
2017-04-18 14:30:00,144,48.5,6.43,0.2986111111111111,보통,오후(12-17),-0.5000000000000001,-0.8660254037844386
2017-04-18 14:35:00,162,45.0,7.5,0.2962962962962963,혼잡,오후(12-17),-0.5000000000000001,-0.8660254037844386
2017-04-18 14:40:00,159,47.6,6.73,0.2641509433962264,혼잡,오후(12-17),-0.5000000000000001,-0.8660254037844386
2017-04-18 14:45:00,142,45.6,7.15,0.30985915492957744,혼잡,오후(12-17),-0.5000000000000001,-0.8660254037844386
2017-04-18 14:50:00,139,44.2,6.78,0.3237410071942446,혼잡,오후(12-17),-0.5000000000000001,-0.8660254037844386
2017-04-18 14:55:00,152,45.2,7.21,0.3223684210526316,혼잡,오후(12-17),-0.5000000000000001,-0.8660254037844386
2017-04-18 15:00:00,136,50.3,5.79,0.3161764705882353,보통,오후(12-17),-0.7071067811865475,-0.7071067811865477
2017-04-18 15:05:00,118,51.0,4.96,0.2966101694915254,보통,오후(12-17),-0.7071067811865475,-0.7071067811865477
2017-04-18 15:10:00,142,44.8,6.31,0.24647887323943662,보통,오후(12-17),-0.7071067811865475,-0.7071067811865477
2017-04-18 15:15:00,154,50.1,6.45,0.2857142857142857,보통,오후(12-17),-0.7071067811865475,-0.7071067811865477
2017-04-18 15:20:00,138,47.0,5.83,0.21014492753623187,보통,오후(12-17),-0.7071067811865475,-0.7071067811865477
2017-04-18 15:25:00,139,50.8,8.17,0.2805755395683453,혼잡,오후(12-17),-0.7071067811865475,-0.7071067811865477
2017-04-18 15:30:00,130,45.5,6.84,0.19230769230769232,혼잡,오후(12-17),-0.7071067811865475,-0.7071067811865477
2017-04-18 15:35:00,131,48.3,5.95,0.29770992366412213,보통,오후(12-17),-0.7071067811865475,-0.7071067811865477
2017-04-18 15:40:00,145,45.5,6.58,0.2482758620689655,보통,오후(12-17),-0.7071067811865475,-0.7071067811865477
2017-04-18 15:45:00,137,49.9,5.7,0.24817518248175183,보통,오후(12-17),-0.7071067811865475,-0.7071067811865477
2017-04-18 15:50:00,104,50.6,4.35,0.21153846153846154,보통,오후(12-17),-0.7071067811865475,-0.7071067811865477
2017-04-18 15:55:00,138,47.4,6.27,0.2536231884057971,보통,오후(12-17),-0.7071067811865475,-0.7071067811865477
2017-04-18 16:00:00,141,44.1,6.66,0.19148936170212766,혼잡,오후(12-17),-0.8660254037844385,-0.5000000000000004
2017-04-18 16:05:00,152,45.7,7.08,0.2894736842105263,혼잡,오후(12-17),-0.8660254037844385,-0.5000000000000004
2017-04-18 16:10:00,149,42.7,7.02,0.21476510067114093,혼잡,오후(12-17),-0.8660254037844385,-0.5000000000000004
2017-04-18 16:15:00,145,43.3,7.09,0.31724137931034485,혼잡,오후(12-17),-0.8660254037844385,-0.5000000000000004
2017-04-18 16:20:00,151,41.4,7.96,0.1986754966887417,혼잡,오후(12-17),-0.8660254037844385,-0.5000000000000004
2017-04-18 16:25:00,142,43.4,6.52,0.24647887323943662,보통,오후(12-17),-0.8660254037844385,-0.5000000000000004
2017-04-18 16:30:00,130,42.4,6.01,0.26153846153846155,보통,오후(12-17),-0.8660254037844385,-0.5000000000000004
2017-04-18 16:35:00,168,45.8,7.5,0.25,혼잡,오후(12-17),-0.8660254037844385,-0.5000000000000004
2017-04-18 16:40:00,127,45.2,6.13,0.3228346456692913,보통,오후(12-17),-0.8660254037844385,-0.5000000000000004
2017-04-18 16:45:00,163,46.1,7.07,0.3128834355828221,혼잡,오후(12-17),-0.8660254037844385,-0.5000000000000004
2017-04-18 16:50:00,132,46.3,5.82,0.3409090909090909,보통,오후(12-17),-0.8660254037844385,-0.5000000000000004
2017-04-18 16:55:00,135,48.6,5.72,0.2740740740740741,보통,오후(12-17),-0.8660254037844385,-0.5000000000000004
2017-04-18 17:00:00,141,47.1,6.14,0.2198581560283688,보통,오후(12-17),-0.9659258262890683,-0.25881904510252063
2017-04-18 17:05:00,178,47.2,7.67,0.2808988764044944,혼잡,오후(12-17),-0.9659258262890683,-0.25881904510252063
2017-04-18 17:10:00,154,43.1,6.71,0.2792207792207792,혼잡,오후(12-17),-0.9659258262890683,-0.25881904510252063
2017-04-18 17:15:00,140,45.4,6.31,0.2642857142857143,보통,오후(12-17),-0.9659258262890683,-0.25881904510252063
2017-04-18 17:20:00,152,47.0,5.97,0.21710526315789475,보통,오후(12-17),-0.9659258262890683,-0.25881904510252063
2017-04-18 17:25:00,159,46.7,6.79,0.22012578616352202,혼잡,오후(12-17),-0.9659258262890683,-0.25881904510252063
2017-04-18 17:30:00,120,46.7,5.06,0.2916666666666667,보통,오후(12-17),-0.9659258262890683,-0.25881904510252063
2017-04-18 17:35:00,114,48.8,4.95,0.35964912280701755,보통,오후(12-17),-0.9659258262890683,-0.25881904510252063
2017-04-18 17:40:00,146,49.8,5.83,0.2465753424657534,보통,오후(12-17),-0.9659258262890683,-0.25881904510252063
2017-04-18 17:45:00,156,48.4,6.05,0.24358974358974358,보통,오후(12-17),-0.9659258262890683,-0.25881904510252063
2017-04-18 17:50:00,137,47.2,5.47,0.22627737226277372,보통,오후(12-17),-0.9659258262890683,-0.25881904510252063
2017-04-18 17:55:00,134,45.2,5.7,0.3208955223880597,보통,오후(12-17),-0.9659258262890683,-0.25881904510252063
2017-04-18 18:00:00,166,47.4,6.87,0.22289156626506024,혼잡,저녁(18-23),-1.0,-1.8369701987210297e-16
2017-04-18 18:05:00,200,46.0,8.46,0.215,혼잡,저녁(18-23),-1.0,-1.8369701987210297e-16
2017-04-18 18:10:00,195,36.9,12.64,0.2717948717948718,혼잡,저녁(18-23),-1.0,-1.8369701987210297e-16
2017-04-18 18:15:00,189,37.3,19.69,0.21693121693121692,혼잡,저녁(18-23),-1.0,-1.8369701987210297e-16
2017-04-18 18:20:00,195,38.2,9.68,0.27692307692307694,혼잡,저녁(18-23),-1.0,-1.8369701987210297e-16
2017-04-18 18:25:00,232,40.4,10.83,0.2413793103448276,혼잡,저녁(18-23),-1.0,-1.8369701987210297e-16
2017-04-18 18:30:00,209,39.8,9.75,0.2535885167464115,혼잡,저녁(18-23),-1.0,-1.8369701987210297e-16
2017-04-18 18:35:00,126,44.9,6.14,0.3253968253968254,보통,저녁(18-23),-1.0,-1.8369701987210297e-16
2017-04-18 18:40:00,158,43.3,6.73,0.2468354430379747,혼잡,저녁(18-23),-1.0,-1.8369701987210297e-16
2017-04-18 18:45:00,170,45.0,6.97,0.2647058823529412,혼잡,저녁(18-23),-1.0,-1.8369701987210297e-16
2017-04-18 18:50:00,157,45.7,6.6,0.21656050955414013,보통,저녁(18-23),-1.0,-1.8369701987210297e-16
2017-04-18 18:55:00,132,44.5,5.79,0.3409090909090909,보통,저녁(18-23),-1.0,-1.8369701987210297e-16
2017-04-18 19:00:00,130,42.0,5.94,0.23076923076923078,보통,저녁(18-23),-0.9659258262890684,0.2588190451025203
2017-04-18 19:05:00,126,45.2,5.41,0.2857142857142857,보통,저녁(18-23),-0.9659258262890684,0.2588190451025203
2017-04-18 19:10:00,144,46.4,6.27,0.3125,보통,저녁(18-23),-0.9659258262890684,0.2588190451025203
2017-04-18 19:15:00,141,44.0,9.29,0.18439716312056736,혼잡,저녁(18-23),-0.9659258262890684,0.2588190451025203
2017-04-18 19:20:00,109,45.2,5.11,0.1926605504587156,보통,저녁(18-23),-0.9659258262890684,0.2588190451025203
2017-04-18 19:25:00,143,46.4,6.81,0.21678321678321677,혼잡,저녁(18-23),-0.9659258262890684,0.2588190451025203
2017-04-18 19:30:00,149,44.7,6.93,0.16778523489932887,혼잡,저녁(18-23),-0.9659258262890684,0.2588190451025203
2017-04-18 19:35:00,133,42.5,8.13,0.18045112781954886,혼잡,저녁(18-23),-0.9659258262890684,0.2588190451025203
2017-04-18 19:40:00,116,46.0,5.5,0.25862068965517243,보통,저녁(18-23),-0.9659258262890684,0.2588190451025203
2017-04-18 19:45:00,111,43.6,6.23,0.23423423423423423,보통,저녁(18-23),-0.9659258262890684,0.2588190451025203
2017-04-18 19:50:00,125,47.0,6.06,0.176,보통,저녁(18-23),-0.9659258262890684,0.2588190451025203
2017-04-18 19:55:00,135,43.6,6.9,0.18518518518518517,혼잡,저녁(18-23),-0.9659258262890684,0.2588190451025203
2017-04-18 20:00:00,105,42.5,4.93,0.18095238095238095,보통,저녁(18-23),-0.8660254037844386,0.5000000000000001
2017-04-18 20:05:00,101,46.4,5.26,0.2079207920792079,보통,저녁(18-23),-0.8660254037844386,0.5000000000000001
2017-04-18 20:10:00,111,47.4,5.16,0.1891891891891892,보통,저녁(18-23),-0.8660254037844386,0.5000000000000001
2017-04-18 20:15:00,126,46.7,5.78,0.21428571428571427,보통,저녁(18-23),-0.8660254037844386,0.5000000000000001
2017-04-18 20:20:00,92,46.2,4.29,0.22826086956521738,보통,저녁(18-23),-0.8660254037844386,0.5000000000000001
2017-04-18 20:25:00,108,45.4,5.06,0.17592592592592593,보통,저녁(18-23),-0.8660254037844386,0.5000000000000001
2017-04-18 20:30:00,113,48.5,5.25,0.23893805309734514,보통,저녁(18-23),-0.8660254037844386,0.5000000000000001
2017-04-18 20:35:00,129,45.1,7.07,0.20155038759689922,혼잡,저녁(18-23),-0.8660254037844386,0.5000000000000001
2017-04-18 20:40:00,113,47.9,5.06,0.1504424778761062,보통,저녁(18-23),-0.8660254037844386,0.5000000000000001
2017-04-18 20:45:00,81,48.7,3.54,0.20987654320987653,원활,저녁(18-23),-0.8660254037844386,0.5000000000000001
2017-04-18 20:50:00,95,50.0,4.42,0.18947368421052632,보통,저녁(18-23),-0.8660254037844386,0.5000000000000001
2017-04-18 20:55:00,130,48.2,7.21,0.16153846153846155,혼잡,저녁(18-23),-0.8660254037844386,0.5000000000000001
2017-04-18 21:00:00,89,46.0,3.99,0.19101123595505617,보통,저녁(18-23),-0.7071067811865477,0.7071067811865474
2017-04-18 21:05:00,87,44.5,4.5,0.19540229885057472,보통,저녁(18-23),-0.7071067811865477,0.7071067811865474
2017-04-18 21:10:00,108,45.4,8.29,0.16666666666666666,혼잡,저녁(18-23),-0.7071067811865477,0.7071067811865474
2017-04-18 21:15:00,121,44.7,9.37,0.19008264462809918,혼잡,저녁(18-23),-0.7071067811865477,0.7071067811865474
2017-04-18 21:20:00,102,46.4,4.84,0.12745098039215685,보통,저녁(18-23),-0.7071067811865477,0.7071067811865474
2017-04-18 21:25:00,147,41.1,13.22,0.1564625850340136,혼잡,저녁(18-23),-0.7071067811865477,0.7071067811865474
2017-04-18 21:30:00,93,43.5,5.96,0.16129032258064516,보통,저녁(18-23),-0.7071067811865477,0.7071067811865474
2017-04-18 21:35:00,103,46.4,4.8,0.20388349514563106,보통,저녁(18-23),-0.7071067811865477,0.7071067811865474
2017-04-18 21:40:00,104,45.2,5.31,0.15384615384615385,보통,저녁(18-23),-0.7071067811865477,0.7071067811865474
2017-04-18 21:45:00,97,44.3,5.17,0.13402061855670103,보통,저녁(18-23),-0.7071067811865477,0.7071067811865474
2017-04-18 21:50:00,90,46.8,4.56,0.23333333333333334,보통,저녁(18-23),-0.7071067811865477,0.7071067811865474
2017-04-18 21:55:00,88,48.5,10.61,0.20454545454545456,혼잡,저녁(18-23),-0.7071067811865477,0.7071067811865474
2017-04-18 22:00:00,97,49.6,4.48,0.21649484536082475,보통,저녁(18-23),-0.5000000000000004,0.8660254037844384
2017-04-18 22:05:00,114,45.5,5.83,0.22807017543859648,보통,저녁(18-23),-0.5000000000000004,0.8660254037844384
2017-04-18 22:10:00,116,48.3,5.76,0.15517241379310345,보통,저녁(18-23),-0.5000000000000004,0.8660254037844384
2017-04-18 22:15:00,104,47.1,5.02,0.18269230769230768,보통,저녁(18-23),-0.5000000000000004,0.8660254037844384
2017-04-18 22:20:00,91,47.0,4.35,0.27472527472527475,보통,저녁(18-23),-0.5000000000000004,0.8660254037844384
2017-04-18 22:25:00,79,49.1,4.11,0.189873417721519,보통,저녁(18-23),-0.5000000000000004,0.8660254037844384
2017-04-18 22:30:00,57,52.7,2.61,0.21052631578947367,원활,저녁(18-23),-0.5000000000000004,0.8660254037844384
2017-04-18 22:35:00,88,49.3,4.44,0.3181818181818182,보통,저녁(18-23),-0.5000000000000004,0.8660254037844384
2017-04-18 22:40:00,79,47.0,3.73,0.25316455696202533,보통,저녁(18-23),-0.5000000000000004,0.8660254037844384
2017-04-18 22:45:00,81,50.7,3.9,0.16049382716049382,보통,저녁(18-23),-0.5000000000000004,0.8660254037844384
2017-04-18 22:50:00,76,46.2,3.99,0.25,보통,저녁(18-23),-0.5000000000000004,0.8660254037844384
2017-04-18 22:55:00,63,53.5,2.74,0.30158730158730157,원활,저녁(18-23),-0.5000000000000004,0.8660254037844384
2017-04-18 23:00:00,50,47.9,2.43,0.1,원활,저녁(18-23),-0.2588190451025207,0.9659258262890683
2017-04-18 23:05:00,88,48.6,4.18,0.25,보통,저녁(18-23),-0.2588190451025207,0.9659258262890683
2017-04-18 23:10:00,54,51.5,2.66,0.25925925925925924,원활,저녁(18-23),-0.2588190451025207,0.9659258262890683
2017-04-18 23:15:00,54,53.2,2.36,0.09259259259259259,원활,저녁(18-23),-0.2588190451025207,0.9659258262890683
2017-04-18 23:20:00,50,57.0,2.14,0.32,원활,저녁(18-23),-0.2588190451025207,0.9659258262890683
2017-04-18 23:25:00,49,53.5,2.09,0.1836734693877551,원활,저녁(18-23),-0.2588190451025207,0.9659258262890683
2017-04-18 23:30:00,49,51.0,2.38,0.3673469387755102,원활,저녁(18-23),-0.2588190451025207,0.9659258262890683
2017-04-18 23:35:00,45,53.7,1.95,0.2222222222222222,원활,저녁(18-23),-0.2588190451025207,0.9659258262890683
2017-04-18 23:40:00,48,55.3,1.89,0.2916666666666667,원활,저녁(18-23),-0.2588190451025207,0.9659258262890683
2017-04-18 23:45:00,42,55.9,1.73,0.16666666666666666,원활,저녁(18-23),-0.2588190451025207,0.9659258262890683
2017-04-18 23:50:00,33,53.1,1.52,0.3939393939393939,원활,저녁(18-23),-0.2588190451025207,0.9659258262890683
2017-04-18 23:55:00,38,57.3,1.62,0.3157894736842105,원활,저녁(18-23),-0.2588190451025207,0.9659258262890683
2017-04-19 00:00:00,36,56.4,1.59,0.3055555555555556,원활,새벽(0-5),0.0,1.0
2017-04-19 00:05:00,45,56.7,1.78,0.26666666666666666,원활,새벽(0-5),0.0,1.0
2017-04-19 00:10:00,40,55.8,1.76,0.325,원활,새벽(0-5),0.0,1.0
2017-04-19 00:15:00,47,53.7,1.87,0.23404255319148937,원활,새벽(0-5),0.0,1.0
2017-04-19 00:20:00,31,59.1,1.35,0.22580645161290322,원활,새벽(0-5),0.0,1.0
2017-04-19 00:25:00,34,57.6,1.39,0.35294117647058826,원활,새벽(0-5),0.0,1.0
2017-04-19 00:30:00,28,63.2,1.05,0.5357142857142857,원활,새벽(0-5),0.0,1.0
2017-04-19 00:35:00,28,61.3,1.06,0.35714285714285715,원활,새벽(0-5),0.0,1.0
2017-04-19 00:40:00,32,56.5,1.4,0.21875,원활,새벽(0-5),0.0,1.0
2017-04-19 00:45:00,30,61.6,1.18,0.4666666666666667,원활,새벽(0-5),0.0,1.0
2017-04-19 00:50:00,25,62.0,1.02,0.28,원활,새벽(0-5),0.0,1.0
2017-04-19 00:55:00,26,59.3,1.1,0.2692307692307692,원활,새벽(0-5),0.0,1.0
2017-04-19 01:00:00,22,58.8,0.82,0.22727272727272727,원활,새벽(0-5),0.25881904510252074,0.9659258262890683
2017-04-19 01:05:00,18,52.7,0.71,0.2222222222222222,원활,새벽(0-5),0.25881904510252074,0.9659258262890683
2017-04-19 01:10:00,18,51.1,0.79,0.1111111111111111,원활,새벽(0-5),0.25881904510252074,0.9659258262890683
2017-04-19 01:15:00,27,59.0,1.1,0.5185185185185185,원활,새벽(0-5),0.25881904510252074,0.9659258262890683
2017-04-19 01:20:00,21,51.0,1.0,0.19047619047619047,원활,새벽(0-5),0.25881904510252074,0.9659258262890683
2017-04-19 01:25:00,24,55.3,0.89,0.16666666666666666,원활,새벽(0-5),0.25881904510252074,0.9659258262890683
2017-04-19 01:30:00,20,61.9,0.78,0.45,원활,새벽(0-5),0.25881904510252074,0.9659258262890683
2017-04-19 01:35:00,14,55.0,0.62,0.07142857142857142,원활,새벽(0-5),0.25881904510252074,0.9659258262890683
2017-04-19 01:40:00,16,60.6,0.66,0.5,원활,새벽(0-5),0.25881904510252074,0.9659258262890683
2017-04-19 01:45:00,21,61.2,0.97,0.3333333333333333,원활,새벽(0-5),0.25881904510252074,0.9659258262890683
2017-04-19 01:50:00,23,59.5,0.87,0.08695652173913043,원활,새벽(0-5),0.25881904510252074,0.9659258262890683
2017-04-19 01:55:00,14,57.3,0.55,0.42857142857142855,원활,새벽(0-5),0.25881904510252074,0.9659258262890683
2017-04-19 02:00:00,19,71.0,0.78,0.10526315789473684,원활,새벽(0-5),0.49999999999999994,0.8660254037844387
2017-04-19 02:05:00,11,53.0,0.46,0.2727272727272727,원활,새벽(0-5),0.49999999999999994,0.8660254037844387
2017-04-19 02:10:00,20,57.7,0.85,0.3,원활,새벽(0-5),0.49999999999999994,0.8660254037844387
2017-04-19 02:15:00,11,66.1,0.47,0.5454545454545454,원활,새벽(0-5),0.49999999999999994,0.8660254037844387
2017-04-19 02:20:00,10,73.5,0.33,0.2,원활,새벽(0-5),0.49999999999999994,0.8660254037844387
2017-04-19 02:25:00,10,49.8,0.44,0.2,원활,새벽(0-5),0.49999999999999994,0.8660254037844387
2017-04-19 02:30:00,10,46.8,0.46,0.1,원활,새벽(0-5),0.49999999999999994,0.8660254037844387
2017-04-19 02:35:00,14,59.6,0.7,0.5,원활,새벽(0-5),0.49999999999999994,0.8660254037844387
2017-04-19 02:40:00,7,55.2,0.31,0.5714285714285714,원활,새벽(0-5),0.49999999999999994,0.8660254037844387
2017-04-19 02:45:00,11,46.5,0.5,0.18181818181818182,원활,새벽(0-5),0.49999999999999994,0.8660254037844387
2017-04-19 02:50:00,15,56.0,0.64,0.4,원활,새벽(0-5),0.49999999999999994,0.8660254037844387
2017-04-19 02:55:00,16,67.1,0.65,0.5625,원활,새벽(0-5),0.49999999999999994,0.8660254037844387
2017-04-19 03:00:00,10,49.7,0.44,0.2,원활,새벽(0-5),0.7071067811865476,0.7071067811865476
2017-04-19 03:05:00,17,59.6,0.7,0.29411764705882354,원활,새벽(0-5),0.7071067811865476,0.7071067811865476
2017-04-19 03:10:00,10,52.2,0.45,0.6,원활,새벽(0-5),0.7071067811865476,0.7071067811865476
2017-04-19 03:15:00,13,54.8,0.55,0.23076923076923078,원활,새벽(0-5),0.7071067811865476,0.7071067811865476
2017-04-19 03:20:00,14,51.8,0.59,0.35714285714285715,원활,새벽(0-5),0.7071067811865476,0.7071067811865476
2017-04-19 03:25:00,11,42.3,0.5,0.36363636363636365,원활,새벽(0-5),0.7071067811865476,0.7071067811865476
2017-04-19 03:30:00,8,66.0,0.35,0.375,원활,새벽(0-5),0.7071067811865476,0.7071067811865476
2017-04-19 03:35:00,12,54.4,0.61,0.25,원활,새벽(0-5),0.7071067811865476,0.7071067811865476
2017-04-19 03:40:00,14,54.0,0.53,0.2857142857142857,원활,새벽(0-5),0.7071067811865476,0.7071067811865476
2017-04-19 03:45:00,19,63.9,0.86,0.47368421052631576,원활,새벽(0-5),0.7071067811865476,0.7071067811865476
2017-04-19 03:50:00,18,62.3,0.84,0.16666666666666666,원활,새벽(0-5),0.7071067811865476,0.7071067811865476
2017-04-19 03:55:00,15,53.2,0.68,0.4666666666666667,원활,새벽(0-5),0.7071067811865476,0.7071067811865476
2017-04-19 04:00:00,15,60.3,0.67,0.4,원활,새벽(0-5),0.8660254037844386,0.5000000000000001
2017-04-19 04:05:00,11,66.6,0.5,0.45454545454545453,원활,새벽(0-5),0.8660254037844386,0.5000000000000001
2017-04-19 04:10:00,12,67.6,0.53,0.5,원활,새벽(0-5),0.8660254037844386,0.5000000000000001
2017-04-19 04:15:00,21,58.0,0.75,0.2857142857142857,원활,새벽(0-5),0.8660254037844386,0.5000000000000001
2017-04-19 04:20:00,20,58.0,0.83,0.35,원활,새벽(0-5),0.8660254037844386,0.5000000000000001
2017-04-19 04:25:00,13,49.2,0.74,0.23076923076923078,원활,새벽(0-5),0.8660254037844386,0.5000000000000001
2017-04-19 04:30:00,25,59.2,1.06,0.4,원활,새벽(0-5),0.8660254037844386,0.5000000000000001
2017-04-19 04:35:00,20,65.1,0.77,0.4,원활,새벽(0-5),0.8660254037844386,0.5000000000000001
2017-04-19 04:40:00,19,58.7,0.75,0.10526315789473684,원활,새벽(0-5),0.8660254037844386,0.5000000000000001
2017-04-19 04:45:00,22,64.6,0.98,0.4090909090909091,원활,새벽(0-5),0.8660254037844386,0.5000000000000001
2017-04-19 04:50:00,17,61.9,0.67,0.29411764705882354,원활,새벽(0-5),0.8660254037844386,0.5000000000000001
2017-04-19 04:55:00,22,54.7,0.99,0.4090909090909091,원활,새벽(0-5),0.8660254037844386,0.5000000000000001
2017-04-19 05:00:00,25,57.5,1.08,0.28,원활,새벽(0-5),0.9659258262890683,0.25881904510252074
2017-04-19 05:05:00,26,61.2,1.23,0.46153846153846156,원활,새벽(0-5),0.9659258262890683,0.25881904510252074
2017-04-19 05:10:00,24,69.7,0.88,0.4583333333333333,원활,새벽(0-5),0.9659258262890683,0.25881904510252074
2017-04-19 05:15:00,44,56.7,2.09,0.3181818181818182,원활,새벽(0-5),0.9659258262890683,0.25881904510252074
2017-04-19 05:20:00,53,53.0,2.24,0.37735849056603776,원활,새벽(0-5),0.9659258262890683,0.25881904510252074
2017-04-19 05:25:00,41,58.2,1.87,0.34146341463414637,원활,새벽(0-5),0.9659258262890683,0.25881904510252074
2017-04-19 05:30:00,33,64.0,1.29,0.3939393939393939,원활,새벽(0-5),0.9659258262890683,0.25881904510252074
2017-04-19 05:35:00,55,50.6,2.64,0.36363636363636365,원활,새벽(0-5),0.9659258262890683,0.25881904510252074
2017-04-19 05:40:00,63,57.8,2.35,0.2222222222222222,원활,새벽(0-5),0.9659258262890683,0.25881904510252074
2017-04-19 05:45:00,50,65.9,1.63,0.28,원활,새벽(0-5),0.9659258262890683,0.25881904510252074
2017-04-19 05:50:00,59,58.6,2.08,0.2711864406779661,원활,새벽(0-5),0.9659258262890683,0.25881904510252074
2017-04-19 05:55:00,81,58.4,3.2,0.37037037037037035,원활,새벽(0-5),0.9659258262890683,0.25881904510252074
2017-04-19 06:00:00,54,52.2,2.31,0.25925925925925924,원활,오전(6-11),1.0,6.123233995736766e-17
2017-04-19 06:05:00,103,57.2,3.7,0.3300970873786408,원활,오전(6-11),1.0,6.123233995736766e-17
2017-04-19 06:10:00,71,56.2,2.58,0.4225352112676056,원활,오전(6-11),1.0,6.123233995736766e-17
2017-04-19 06:15:00,86,55.8,3.4,0.3372093023255814,원활,오전(6-11),1.0,6.123233995736766e-17
2017-04-19 06:20:00,81,63.9,2.68,0.3333333333333333,원활,오전(6-11),1.0,6.123233995736766e-17
2017-04-19 06:25:00,87,54.9,3.04,0.3218390804597701,원활,오전(6-11),1.0,6.123233995736766e-17
2017-04-19 06:30:00,120,59.1,4.08,0.35,보통,오전(6-11),1.0,6.123233995736766e-17
2017-04-19 06:35:00,130,54.3,5.08,0.4230769230769231,보통,오전(6-11),1.0,6.123233995736766e-17
2017-04-19 06:40:00,120,54.3,4.49,0.35833333333333334,보통,오전(6-11),1.0,6.123233995736766e-17
2017-04-19 06:45:00,129,54.8,4.95,0.34108527131782945,보통,오전(6-11),1.0,6.123233995736766e-17
2017-04-19 06:50:00,118,51.1,4.76,0.4067796610169492,보통,오전(6-11),1.0,6.123233995736766e-17
2017-04-19 06:55:00,140,54.4,5.28,0.2642857142857143,보통,오전(6-11),1.0,6.123233995736766e-17
2017-04-19 07:00:00,104,54.0,4.2,0.2980769230769231,보통,오전(6-11),0.9659258262890683,-0.25881904510252085
2017-04-19 07:05:00,187,47.2,8.99,0.40106951871657753,혼잡,오전(6-11),0.9659258262890683,-0.25881904510252085
2017-04-19 07:10:00,203,50.7,8.11,0.3054187192118227,혼잡,오전(6-11),0.9659258262890683,-0.25881904510252085
2017-04-19 07:15:00,211,49.0,8.67,0.2985781990521327,혼잡,오전(6-11),0.9659258262890683,-0.25881904510252085
2017-04-19 07:20:00,194,40.6,13.87,0.26804123711340205,혼잡,오전(6-11),0.9659258262890683,-0.25881904510252085
2017-04-19 07:25:00,220,41.5,11.34,0.33636363636363636,혼잡,오전(6-11),0.9659258262890683,-0.25881904510252085
2017-04-19 07:30:00,264,38.2,15.06,0.2727272727272727,혼잡,오전(6-11),0.9659258262890683,-0.25881904510252085
2017-04-19 07:35:00,272,36.5,17.87,0.3235294117647059,혼잡,오전(6-11),0.9659258262890683,-0.25881904510252085
2017-04-19 07:40:00,217,35.8,15.27,0.3087557603686636,혼잡,오전(6-11),0.9659258262890683,-0.25881904510252085
2017-04-19 07:45:00,236,40.7,10.58,0.2542372881355932,혼잡,오전(6-11),0.9659258262890683,-0.25881904510252085
2017-04-19 07:50:00,267,36.3,18.96,0.30337078651685395,혼잡,오전(6-11),0.9659258262890683,-0.25881904510252085
2017-04-19 07:55:00,224,39.7,12.05,0.24107142857142858,혼잡,오전(6-11),0.9659258262890683,-0.25881904510252085
2017-04-19 08:00:00,291,38.6,19.07,0.281786941580756,혼잡,오전(6-11),0.8660254037844387,-0.4999999999999998
2017-04-19 08:05:00,237,32.2,20.52,0.21518987341772153,혼잡,오전(6-11),0.8660254037844387,-0.4999999999999998
2017-04-19 08:10:00,293,38.9,16.57,0.24914675767918087,혼잡,오전(6-11),0.8660254037844387,-0.4999999999999998
2017-04-19 08:15:00,236,40.2,12.15,0.2754237288135593,혼잡,오전(6-11),0.8660254037844387,-0.4999999999999998
2017-04-19 08:20:00,299,39.0,16.68,0.2608695652173913,혼잡,오전(6-11),0.8660254037844387,-0.4999999999999998
2017-04-19 08:25:00,215,37.3,26.84,0.23255813953488372,혼잡,오전(6-11),0.8660254037844387,-0.4999999999999998
2017-04-19 08:30:00,187,39.8,9.59,0.22459893048128343,혼잡,오전(6-11),0.8660254037844387,-0.4999999999999998
2017-04-19 08:35:00,255,32.9,17.05,0.2196078431372549,혼잡,오전(6-11),0.8660254037844387,-0.4999999999999998
2017-04-19 08:40:00,238,39.6,13.07,0.19747899159663865,혼잡,오전(6-11),0.8660254037844387,-0.4999999999999998
2017-04-19 08:45:00,191,42.1,8.51,0.16753926701570682,혼잡,오전(6-11),0.8660254037844387,-0.4999999999999998
2017-04-19 08:50:00,161,46.2,7.9,0.2670807453416149,혼잡,오전(6-11),0.8660254037844387,-0.4999999999999998
2017-04-19 08:55:00,195,41.4,10.82,0.27692307692307694,혼잡,오전(6-11),0.8660254037844387,-0.4999999999999998
2017-04-19 09:00:00,199,47.3,8.74,0.23115577889447236,혼잡,오전(6-11),0.7071067811865476,-0.7071067811865475
2017-04-19 09:05:00,175,45.1,11.88,0.2914285714285714,혼잡,오전(6-11),0.7071067811865476,-0.7071067811865475
2017-04-19 09:10:00,117,51.1,5.37,0.23076923076923078,보통,오전(6-11),0.7071067811865476,-0.7071067811865475
2017-04-19 09:15:00,172,51.4,7.05,0.2558139534883721,혼잡,오전(6-11),0.7071067811865476,-0.7071067811865475
2017-04-19 09:20:00,209,47.1,8.87,0.3157894736842105,혼잡,오전(6-11),0.7071067811865476,-0.7071067811865475
2017-04-19 09:25:00,191,48.6,9.14,0.2774869109947644,혼잡,오전(6-11),0.7071067811865476,-0.7071067811865475
2017-04-19 09:30:00,157,49.1,7.86,0.24203821656050956,혼잡,오전(6-11),0.7071067811865476,-0.7071067811865475
2017-04-19 09:35:00,158,45.7,8.91,0.379746835443038,혼잡,오전(6-11),0.7071067811865476,-0.7071067811865475
2017-04-19 09:40:00,139,46.6,6.14,0.31654676258992803,보통,오전(6-11),0.7071067811865476,-0.7071067811865475
2017-04-19 09:45:00,155,48.4,6.68,0.33548387096774196,혼잡,오전(6-11),0.7071067811865476,-0.7071067811865475
2017-04-19 09:50:00,170,47.8,7.42,0.34705882352941175,혼잡,오전(6-11),0.7071067811865476,-0.7071067811865475
2017-04-19 09:55:00,144,52.3,6.35,0.3611111111111111,보통,오전(6-11),0.7071067811865476,-0.7071067811865475
2017-04-19 10:00:00,179,48.2,8.7,0.3743016759776536,혼잡,오전(6-11),0.49999999999999994,-0.8660254037844387
2017-04-19 10:05:00,130,51.0,8.12,0.3153846153846154,혼잡,오전(6-11),0.49999999999999994,-0.8660254037844387
2017-04-19 10:10:00,143,46.4,8.51,0.3916083916083916,혼잡,오전(6-11),0.49999999999999994,-0.8660254037844387
2017-04-19 10:15:00,132,50.5,7.89,0.3409090909090909,혼잡,오전(6-11),0.49999999999999994,-0.8660254037844387
2017-04-19 10:20:00,120,47.1,8.47,0.26666666666666666,혼잡,오전(6-11),0.49999999999999994,-0.8660254037844387
2017-04-19 10:25:00,149,45.5,9.42,0.3422818791946309,혼잡,오전(6-11),0.49999999999999994,-0.8660254037844387
2017-04-19 10:30:00,136,50.2,9.06,0.3235294117647059,혼잡,오전(6-11),0.49999999999999994,-0.8660254037844387
2017-04-19 10:35:00,156,50.1,9.4,0.38461538461538464,혼잡,오전(6-11),0.49999999999999994,-0.8660254037844387
2017-04-19 10:40:00,147,50.5,8.01,0.38095238095238093,혼잡,오전(6-11),0.49999999999999994,-0.8660254037844387
2017-04-19 10:45:00,137,48.4,7.97,0.3722627737226277,혼잡,오전(6-11),0.49999999999999994,-0.8660254037844387
2017-04-19 10:50:00,116,50.7,4.86,0.28448275862068967,보통,오전(6-11),0.49999999999999994,-0.8660254037844387
2017-04-19 10:55:00,145,46.0,8.16,0.3586206896551724,혼잡,오전(6-11),0.49999999999999994,-0.8660254037844387
2017-04-19 11:00:00,91,54.2,4.36,0.3516483516483517,보통,오전(6-11),0.258819045102521,-0.9659258262890682
2017-04-19 11:05:00,121,49.0,6.13,0.2809917355371901,보통,오전(6-11),0.258819045102521,-0.9659258262890682
2017-04-19 11:10:00,129,49.6,5.54,0.37209302325581395,보통,오전(6-11),0.258819045102521,-0.9659258262890682
2017-04-19 11:15:00,158,47.3,7.79,0.3037974683544304,혼잡,오전(6-11),0.258819045102521,-0.9659258262890682
2017-04-19 11:20:00,144,47.3,6.92,0.2638888888888889,혼잡,오전(6-11),0.258819045102521,-0.9659258262890682
2017-04-19 11:25:00,174,48.0,8.05,0.3505747126436782,혼잡,오전(6-11),0.258819045102521,-0.9659258262890682
2017-04-19 11:30:00,141,40.3,9.85,0.28368794326241137,혼잡,오전(6-11),0.258819045102521,-0.9659258262890682
2017-04-19 11:35:00,155,45.5,7.99,0.3161290322580645,혼잡,오전(6-11),0.258819045102521,-0.9659258262890682
2017-04-19 11:40:00,128,45.8,6.86,0.2421875,혼잡,오전(6-11),0.258819045102521,-0.9659258262890682
2017-04-19 11:45:00,167,40.7,11.69,0.32335329341317365,혼잡,오전(6-11),0.258819045102521,-0.9659258262890682
2017-04-19 11:50:00,144,46.6,9.01,0.24305555555555555,혼잡,오전(6-11),0.258819045102521,-0.9659258262890682
2017-04-19 11:55:00,142,49.5,8.88,0.3380281690140845,혼잡,오전(6-11),0.258819045102521,-0.9659258262890682
2017-04-19 12:00:00,156,49.6,8.6,0.3525641025641026,혼잡,오후(12-17),1.2246467991473532e-16,-1.0
2017-04-19 12:05:00,159,46.8,10.65,0.3270440251572327,혼잡,오후(12-17),1.2246467991473532e-16,-1.0
2017-04-19 12:10:00,113,50.3,5.18,0.35398230088495575,보통,오후(12-17),1.2246467991473532e-16,-1.0
2017-04-19 12:15:00,123,48.1,5.36,0.2764227642276423,보통,오후(12-17),1.2246467991473532e-16,-1.0
2017-04-19 12:20:00,114,45.3,7.2,0.3333333333333333,혼잡,오후(12-17),1.2246467991473532e-16,-1.0
2017-04-19 12:25:00,136,47.6,6.62,0.3014705882352941,보통,오후(12-17),1.2246467991473532e-16,-1.0
2017-04-19 12:30:00,86,54.0,5.47,0.29069767441860467,보통,오후(12-17),1.2246467991473532e-16,-1.0
2017-04-19 12:35:00,149,45.7,6.98,0.33557046979865773,혼잡,오후(12-17),1.2246467991473532e-16,-1.0
2017-04-19 12:40:00,144,49.1,6.02,0.2777777777777778,보통,오후(12-17),1.2246467991473532e-16,-1.0
2017-04-19 12:45:00,131,46.8,5.78,0.29770992366412213,보통,오후(12-17),1.2246467991473532e-16,-1.0
2017-04-19 12:50:00,149,46.6,6.92,0.2953020134228188,혼잡,오후(12-17),1.2246467991473532e-16,-1.0
2017-04-19 12:55:00,130,50.9,5.32,0.3076923076923077,보통,오후(12-17),1.2246467991473532e-16,-1.0
2017-04-19 13:00:00,118,49.3,4.94,0.3220338983050847,보통,오후(12-17),-0.25881904510252035,-0.9659258262890684
2017-04-19 13:05:00,153,49.8,6.03,0.30718954248366015,보통,오후(12-17),-0.25881904510252035,-0.9659258262890684
2017-04-19 13:10:00,158,50.4,6.3,0.31645569620253167,보통,오후(12-17),-0.25881904510252035,-0.9659258262890684
2017-04-19 13:15:00,187,46.6,8.05,0.27807486631016043,혼잡,오후(12-17),-0.25881904510252035,-0.9659258262890684
2017-04-19 13:20:00,161,46.9,7.1,0.2670807453416149,혼잡,오후(12-17),-0.25881904510252035,-0.9659258262890684
2017-04-19 13:25:00,161,48.1,6.78,0.33540372670807456,혼잡,오후(12-17),-0.25881904510252035,-0.9659258262890684
2017-04-19 13:30:00,172,43.8,7.67,0.28488372093023256,혼잡,오후(12-17),-0.25881904510252035,-0.9659258262890684
2017-04-19 13:35:00,146,47.0,6.41,0.2465753424657534,보통,오후(12-17),-0.25881904510252035,-0.9659258262890684
2017-04-19 13:40:00,135,46.2,5.64,0.28888888888888886,보통,오후(12-17),-0.25881904510252035,-0.9659258262890684
2017-04-19 13:45:00,152,50.0,6.35,0.2631578947368421,보통,오후(12-17),-0.25881904510252035,-0.9659258262890684
2017-04-19 13:50:00,174,46.6,7.72,0.23563218390804597,혼잡,오후(12-17),-0.25881904510252035,-0.9659258262890684
2017-04-19 13:55:00,136,46.6,5.95,0.3602941176470588,보통,오후(12-17),-0.25881904510252035,-0.9659258262890684
2017-04-19 14:00:00,158,50.3,6.4,0.26582278481012656,보통,오후(12-17),-0.5000000000000001,-0.8660254037844386
2017-04-19 14:05:00,158,45.6,7.36,0.2974683544303797,혼잡,오후(12-17),-0.5000000000000001,-0.8660254037844386
2017-04-19 14:10:00,142,46.2,6.1,0.3591549295774648,보통,오후(12-17),-0.5000000000000001,-0.8660254037844386
2017-04-19 14:15:00,147,49.0,5.97,0.25170068027210885,보통,오후(12-17),-0.5000000000000001,-0.8660254037844386
2017-04-19 14:20:00,116,50.2,4.54,0.28448275862068967,보통,오후(12-17),-0.5000000000000001,-0.8660254037844386
2017-04-19 14:25:00,147,49.0,6.26,0.2925170068027211,보통,오후(12-17),-0.5000000000000001,-0.8660254037844386
2017-04-19 14:30:00,130,46.6,5.67,0.27692307692307694,보통,오후(12-17),-0.5000000000000001,-0.8660254037844386
2017-04-19 14:35:00,184,39.9,9.61,0.33152173913043476,혼잡,오후(12-17),-0.5000000000000001,-0.8660254037844386
2017-04-19 14:40:00,169,46.2,7.26,0.25443786982248523,혼잡,오후(12-17),-0.5000000000000001,-0.8660254037844386
2017-04-19 14:45:00,135,48.2,5.57,0.28888888888888886,보통,오후(12-17),-0.5000000000000001,-0.8660254037844386
2017-04-19 14:50:00,127,47.5,5.21,0.2204724409448819,보통,오후(12-17),-0.5000000000000001,-0.8660254037844386
2017-04-19 14:55:00,141,52.4,5.56,0.2978723404255319,보통,오후(12-17),-0.5000000000000001,-0.8660254037844386
2017-04-19 15:00:00,141,48.4,5.96,0.3049645390070922,보통,오후(12-17),-0.7071067811865475,-0.7071067811865477
2017-04-19 15:05:00,158,45.3,6.76,0.2974683544303797,혼잡,오후(12-17),-0.7071067811865475,-0.7071067811865477
2017-04-19 15:10:00,151,48.7,6.19,0.26490066225165565,보통,오후(12-17),-0.7071067811865475,-0.7071067811865477
2017-04-19 15:15:00,150,47.8,6.01,0.2866666666666667,보통,오후(12-17),-0.7071067811865475,-0.7071067811865477
2017-04-19 15:20:00,171,49.0,7.44,0.23976608187134502,혼잡,오후(12-17),-0.7071067811865475,-0.7071067811865477
2017-04-19 15:25:00,144,50.6,5.79,0.1875,보통,오후(12-17),-0.7071067811865475,-0.7071067811865477
2017-04-19 15:30:00,156,47.3,6.14,0.1858974358974359,보통,오후(12-17),-0.7071067811865475,-0.7071067811865477
2017-04-19 15:35:00,150,49.0,6.04,0.21333333333333335,보통,오후(12-17),-0.7071067811865475,-0.7071067811865477
2017-04-19 15:40:00,150,47.6,5.97,0.16666666666666666,보통,오후(12-17),-0.7071067811865475,-0.7071067811865477
2017-04-19 15:45:00,177,45.5,6.98,0.15819209039548024,혼잡,오후(12-17),-0.7071067811865475,-0.7071067811865477
2017-04-19 15:50:00,171,46.9,6.99,0.15204678362573099,혼잡,오후(12-17),-0.7071067811865475,-0.7071067811865477
2017-04-19 15:55:00,118,46.5,5.37,0.17796610169491525,보통,오후(12-17),-0.7071067811865475,-0.7071067811865477
2017-04-19 16:00:00,161,47.9,6.61,0.2422360248447205,보통,오후(12-17),-0.8660254037844385,-0.5000000000000004
2017-04-19 16:05:00,174,49.1,7.11,0.21839080459770116,혼잡,오후(12-17),-0.8660254037844385,-0.5000000000000004
2017-04-19 16:10:00,142,46.2,6.04,0.2676056338028169,보통,오후(12-17),-0.8660254037844385,-0.5000000000000004
2017-04-19 16:15:00,162,48.0,7.11,0.2716049382716049,혼잡,오후(12-17),-0.8660254037844385,-0.5000000000000004
2017-04-19 16:20:00,130,46.8,5.09,0.2153846153846154,보통,오후(12-17),-0.8660254037844385,-0.5000000000000004
2017-04-19 16:25:00,176,43.4,7.34,0.2556818181818182,혼잡,오후(12-17),-0.8660254037844385,-0.5000000000000004
2017-04-19 16:30:00,155,46.0,6.72,0.2645161290322581,혼잡,오후(12-17),-0.8660254037844385,-0.5000000000000004
2017-04-19 16:35:00,148,35.0,22.99,0.24324324324324326,혼잡,오후(12-17),-0.8660254037844385,-0.5000000000000004
2017-04-19 16:40:00,143,38.2,42.26,0.21678321678321677,혼잡,오후(12-17),-0.8660254037844385,-0.5000000000000004
2017-04-19 16:45:00,175,44.1,12.19,0.2742857142857143,혼잡,오후(12-17),-0.8660254037844385,-0.5000000000000004
2017-04-19 16:50:00,157,44.4,6.84,0.267515923566879,혼잡,오후(12-17),-0.8660254037844385,-0.5000000000000004
2017-04-19 16:55:00,146,49.7,5.96,0.3150684931506849,보통,오후(12-17),-0.8660254037844385,-0.5000000000000004
2017-04-19 17:00:00,145,45.1,6.89,0.22758620689655173,혼잡,오후(12-17),-0.9659258262890683,-0.25881904510252063
2017-04-19 17:05:00,157,47.5,6.91,0.2484076433121019,혼잡,오후(12-17),-0.9659258262890683,-0.25881904510252063
2017-04-19 17:10:00,160,42.2,6.99,0.26875,혼잡,오후(12-17),-0.9659258262890683,-0.25881904510252063
2017-04-19 17:15:00,144,43.2,6.4,0.24305555555555555,보통,오후(12-17),-0.9659258262890683,-0.25881904510252063
2017-04-19 17:20:00,163,48.8,6.75,0.2392638036809816,혼잡,오후(12-17),-0.9659258262890683,-0.25881904510252063
2017-04-19 17:25:00,170,48.7,6.83,0.2823529411764706,혼잡,오후(12-17),-0.9659258262890683,-0.25881904510252063
2017-04-19 17:30:00,137,45.9,6.05,0.26277372262773724,보통,오후(12-17),-0.9659258262890683,-0.25881904510252063
2017-04-19 17:35:00,116,49.6,4.77,0.31896551724137934,보통,오후(12-17),-0.9659258262890683,-0.25881904510252063
2017-04-19 17:40:00,168,47.8,6.87,0.25,혼잡,오후(12-17),-0.9659258262890683,-0.25881904510252063
2017-04-19 17:45:00,186,45.0,8.04,0.3225806451612903,혼잡,오후(12-17),-0.9659258262890683,-0.25881904510252063
2017-04-19 17:50:00,140,47.4,5.88,0.29285714285714287,보통,오후(12-17),-0.9659258262890683,-0.25881904510252063
2017-04-19 17:55:00,126,47.9,4.91,0.30952380952380953,보통,오후(12-17),-0.9659258262890683,-0.25881904510252063
2017-04-19 18:00:00,166,43.0,8.84,0.27710843373493976,혼잡,저녁(18-23),-1.0,-1.8369701987210297e-16
2017-04-19 18:05:00,206,44.6,8.9,0.35436893203883496,혼잡,저녁(18-23),-1.0,-1.8369701987210297e-16
2017-04-19 18:10:00,195,39.8,11.84,0.26666666666666666,혼잡,저녁(18-23),-1.0,-1.8369701987210297e-16
2017-04-19 18:15:00,200,33.9,18.61,0.29,혼잡,저녁(18-23),-1.0,-1.8369701987210297e-16
2017-04-19 18:20:00,216,28.5,24.97,0.25462962962962965,혼잡,저녁(18-23),-1.0,-1.8369701987210297e-16
2017-04-19 18:25:00,203,37.2,13.89,0.27586206896551724,혼잡,저녁(18-23),-1.0,-1.8369701987210297e-16
2017-04-19 18:30:00,195,46.3,8.03,0.26666666666666666,혼잡,저녁(18-23),-1.0,-1.8369701987210297e-16
2017-04-19 18:35:00,152,38.2,7.84,0.28289473684210525,혼잡,저녁(18-23),-1.0,-1.8369701987210297e-16
2017-04-19 18:40:00,166,36.5,17.34,0.25903614457831325,혼잡,저녁(18-23),-1.0,-1.8369701987210297e-16
2017-04-19 18:45:00,166,33.6,24.76,0.21686746987951808,혼잡,저녁(18-23),-1.0,-1.8369701987210297e-16
2017-04-19 18:50:00,196,42.9,15.1,0.2602040816326531,혼잡,저녁(18-23),-1.0,-1.8369701987210297e-16
2017-04-19 18:55:00,169,38.4,7.91,0.2958579881656805,혼잡,저녁(18-23),-1.0,-1.8369701987210297e-16
2017-04-19 19:00:00,137,37.6,6.82,0.30656934306569344,혼잡,저녁(18-23),-0.9659258262890684,0.2588190451025203
2017-04-19 19:05:00,178,44.1,7.9,0.23595505617977527,혼잡,저녁(18-23),-0.9659258262890684,0.2588190451025203
2017-04-19 19:10:00,168,43.8,7.54,0.20833333333333334,혼잡,저녁(18-23),-0.9659258262890684,0.2588190451025203
2017-04-19 19:15:00,160,43.6,7.45,0.20625,혼잡,저녁(18-23),-0.9659258262890684,0.2588190451025203
2017-04-19 19:20:00,142,38.1,7.25,0.14788732394366197,혼잡,저녁(18-23),-0.9659258262890684,0.2588190451025203
2017-04-19 19:25:00,130,46.4,6.25,0.13846153846153847,보통,저녁(18-23),-0.9659258262890684,0.2588190451025203
2017-04-19 19:30:00,141,46.6,6.52,0.18439716312056736,보통,저녁(18-23),-0.9659258262890684,0.2588190451025203
2017-04-19 19:35:00,145,40.7,8.0,0.25517241379310346,혼잡,저녁(18-23),-0.9659258262890684,0.2588190451025203
2017-04-19 19:40:00,112,44.3,5.29,0.19642857142857142,보통,저녁(18-23),-0.9659258262890684,0.2588190451025203
2017-04-19 19:45:00,102,47.8,5.0,0.3333333333333333,보통,저녁(18-23),-0.9659258262890684,0.2588190451025203
2017-04-19 19:50:00,131,48.0,6.56,0.22900763358778625,보통,저녁(18-23),-0.9659258262890684,0.2588190451025203
2017-04-19 19:55:00,113,47.7,5.39,0.1592920353982301,보통,저녁(18-23),-0.9659258262890684,0.2588190451025203
2017-04-19 20:00:00,107,44.3,5.42,0.24299065420560748,보통,저녁(18-23),-0.8660254037844386,0.5000000000000001
2017-04-19 20:05:00,95,49.7,4.55,0.16842105263157894,보통,저녁(18-23),-0.8660254037844386,0.5000000000000001
2017-04-19 20:10:00,132,48.3,5.74,0.2196969696969697,보통,저녁(18-23),-0.8660254037844386,0.5000000000000001
2017-04-19 20:15:00,130,43.3,6.46,0.19230769230769232,보통,저녁(18-23),-0.8660254037844386,0.5000000000000001
2017-04-19 20:20:00,104,45.1,5.34,0.2692307692307692,보통,저녁(18-23),-0.8660254037844386,0.5000000000000001
2017-04-19 20:25:00,108,44.7,5.16,0.2222222222222222,보통,저녁(18-23),-0.8660254037844386,0.5000000000000001
2017-04-19 20:30:00,122,47.0,5.97,0.19672131147540983,보통,저녁(18-23),-0.8660254037844386,0.5000000000000001
2017-04-19 20:35:00,118,45.0,6.62,0.2627118644067797,보통,저녁(18-23),-0.8660254037844386,0.5000000000000001
2017-04-19 20:40:00,111,44.9,5.27,0.1981981981981982,보통,저녁(18-23),-0.8660254037844386,0.5000000000000001
2017-04-19 20:45:00,94,44.4,4.5,0.20212765957446807,보통,저녁(18-23),-0.8660254037844386,0.5000000000000001
2017-04-19 20:50:00,116,44.8,5.58,0.15517241379310345,보통,저녁(18-23),-0.8660254037844386,0.5000000000000001
2017-04-19 20:55:00,141,47.1,6.64,0.20567375886524822,보통,저녁(18-23),-0.8660254037844386,0.5000000000000001
2017-04-19 21:00:00,94,47.6,4.37,0.22340425531914893,보통,저녁(18-23),-0.7071067811865477,0.7071067811865474
2017-04-19 21:05:00,106,44.9,5.47,0.19811320754716982,보통,저녁(18-23),-0.7071067811865477,0.7071067811865474
2017-04-19 21:10:00,93,47.6,5.14,0.17204301075268819,보통,저녁(18-23),-0.7071067811865477,0.7071067811865474
2017-04-19 21:15:00,111,42.7,5.6,0.17117117117117117,보통,저녁(18-23),-0.7071067811865477,0.7071067811865474
2017-04-19 21:20:00,109,46.6,5.32,0.1743119266055046,보통,저녁(18-23),-0.7071067811865477,0.7071067811865474
2017-04-19 21:25:00,113,42.5,6.16,0.17699115044247787,보통,저녁(18-23),-0.7071067811865477,0.7071067811865474
2017-04-19 21:30:00,104,47.7,4.69,0.16346153846153846,보통,저녁(18-23),-0.7071067811865477,0.7071067811865474
2017-04-19 21:35:00,112,45.5,5.83,0.14285714285714285,보통,저녁(18-23),-0.7071067811865477,0.7071067811865474
2017-04-19 21:40:00,87,48.0,4.36,0.19540229885057472,보통,저녁(18-23),-0.7071067811865477,0.7071067811865474
2017-04-19 21:45:00,110,47.2,5.19,0.2,보통,저녁(18-23),-0.7071067811865477,0.7071067811865474
2017-04-19 21:50:00,86,45.3,4.5,0.16279069767441862,보통,저녁(18-23),-0.7071067811865477,0.7071067811865474
2017-04-19 21:55:00,114,46.2,5.37,0.21929824561403508,보통,저녁(18-23),-0.7071067811865477,0.7071067811865474
2017-04-19 22:00:00,102,46.6,4.8,0.16666666666666666,보통,저녁(18-23),-0.5000000000000004,0.8660254037844384
2017-04-19 22:05:00,113,45.0,6.13,0.1504424778761062,보통,저녁(18-23),-0.5000000000000004,0.8660254037844384
2017-04-19 22:10:00,99,45.6,5.04,0.16161616161616163,보통,저녁(18-23),-0.5000000000000004,0.8660254037844384
2017-04-19 22:15:00,105,49.2,5.5,0.26666666666666666,보통,저녁(18-23),-0.5000000000000004,0.8660254037844384
2017-04-19 22:20:00,82,45.7,4.28,0.2073170731707317,보통,저녁(18-23),-0.5000000000000004,0.8660254037844384
2017-04-19 22:25:00,79,47.4,3.73,0.24050632911392406,보통,저녁(18-23),-0.5000000000000004,0.8660254037844384
2017-04-19 22:30:00,77,46.7,3.59,0.22077922077922077,원활,저녁(18-23),-0.5000000000000004,0.8660254037844384
2017-04-19 22:35:00,79,50.0,3.93,0.25316455696202533,보통,저녁(18-23),-0.5000000000000004,0.8660254037844384
2017-04-19 22:40:00,61,51.4,2.82,0.2786885245901639,원활,저녁(18-23),-0.5000000000000004,0.8660254037844384
2017-04-19 22:45:00,79,54.4,3.68,0.27848101265822783,원활,저녁(18-23),-0.5000000000000004,0.8660254037844384
2017-04-19 22:50:00,74,49.5,3.44,0.28378378378378377,원활,저녁(18-23),-0.5000000000000004,0.8660254037844384
2017-04-19 22:55:00,59,50.0,2.51,0.22033898305084745,원활,저녁(18-23),-0.5000000000000004,0.8660254037844384
2017-04-19 23:00:00,68,48.5,3.13,0.27941176470588236,원활,저녁(18-23),-0.2588190451025207,0.9659258262890683
2017-04-19 23:05:00,72,52.0,3.33,0.2361111111111111,원활,저녁(18-23),-0.2588190451025207,0.9659258262890683
2017-04-19 23:10:00,80,51.8,3.57,0.225,원활,저녁(18-23),-0.2588190451025207,0.9659258262890683
2017-04-19 23:15:00,78,52.8,3.28,0.24358974358974358,원활,저녁(18-23),-0.2588190451025207,0.9659258262890683
2017-04-19 23:20:00,50,53.8,10.78,0.18,혼잡,저녁(18-23),-0.2588190451025207,0.9659258262890683
2017-04-19 23:25:00,46,56.5,1.94,0.21739130434782608,원활,저녁(18-23),-0.2588190451025207,0.9659258262890683
2017-04-19 23:30:00,55,50.9,2.36,0.2909090909090909,원활,저녁(18-23),-0.2588190451025207,0.9659258262890683
2017-04-19 23:35:00,39,52.5,1.55,0.3076923076923077,원활,저녁(18-23),-0.2588190451025207,0.9659258262890683
2017-04-19 23:40:00,42,55.4,1.78,0.23809523809523808,원활,저녁(18-23),-0.2588190451025207,0.9659258262890683
2017-04-19 23:45:00,40,54.4,1.54,0.175,원활,저녁(18-23),-0.2588190451025207,0.9659258262890683
2017-04-19 23:50:00,40,56.1,1.57,0.175,원활,저녁(18-23),-0.2588190451025207,0.9659258262890683
2017-04-19 23:55:00,40,56.5,1.65,0.25,원활,저녁(18-23),-0.2588190451025207,0.9659258262890683
2017-04-20 00:00:00,34,55.4,1.44,0.29411764705882354,원활,새벽(0-5),0.0,1.0
2017-04-20 00:05:00,48,55.9,1.97,0.25,원활,새벽(0-5),0.0,1.0
2017-04-20 00:10:00,48,56.2,2.07,0.3958333333333333,원활,새벽(0-5),0.0,1.0
2017-04-20 00:15:00,36,59.5,1.4,0.2222222222222222,원활,새벽(0-5),0.0,1.0
2017-04-20 00:20:00,24,56.5,0.93,0.16666666666666666,원활,새벽(0-5),0.0,1.0
2017-04-20 00:25:00,24,59.3,0.97,0.16666666666666666,원활,새벽(0-5),0.0,1.0
2017-04-20 00:30:00,45,58.4,2.0,0.3333333333333333,원활,새벽(0-5),0.0,1.0
2017-04-20 00:35:00,33,51.7,1.43,0.24242424242424243,원활,새벽(0-5),0.0,1.0
2017-04-20 00:40:00,19,69.6,0.76,0.2631578947368421,원활,새벽(0-5),0.0,1.0
2017-04-20 00:45:00,36,57.6,1.33,0.3333333333333333,원활,새벽(0-5),0.0,1.0
2017-04-20 00:50:00,32,58.7,1.28,0.4375,원활,새벽(0-5),0.0,1.0
2017-04-20 00:55:00,17,53.7,0.79,0.29411764705882354,원활,새벽(0-5),0.0,1.0
2017-04-20 01:00:00,26,55.4,1.36,0.3076923076923077,원활,새벽(0-5),0.25881904510252074,0.9659258262890683
2017-04-20 01:05:00,25,53.7,1.16,0.28,원활,새벽(0-5),0.25881904510252074,0.9659258262890683
2017-04-20 01:10:00,27,55.1,1.12,0.2222222222222222,원활,새벽(0-5),0.25881904510252074,0.9659258262890683
2017-04-20 01:15:00,22,56.5,0.87,0.4090909090909091,원활,새벽(0-5),0.25881904510252074,0.9659258262890683
2017-04-20 01:20:00,26,59.4,1.05,0.46153846153846156,원활,새벽(0-5),0.25881904510252074,0.9659258262890683
2017-04-20 01:25:00,21,49.3,0.95,0.23809523809523808,원활,새벽(0-5),0.25881904510252074,0.9659258262890683
2017-04-20 01:30:00,16,73.6,0.6,0.3125,원활,새벽(0-5),0.25881904510252074,0.9659258262890683
2017-04-20 01:35:00,19,61.5,0.69,0.5263157894736842,원활,새벽(0-5),0.25881904510252074,0.9659258262890683
2017-04-20 01:40:00,20,62.9,0.81,0.05,원활,새벽(0-5),0.25881904510252074,0.9659258262890683
2017-04-20 01:45:00,16,58.0,0.6,0.25,원활,새벽(0-5),0.25881904510252074,0.9659258262890683
2017-04-20 01:50:00,20,58.9,0.79,0.2,원활,새벽(0-5),0.25881904510252074,0.9659258262890683
2017-04-20 01:55:00,24,57.3,0.95,0.20833333333333334,원활,새벽(0-5),0.25881904510252074,0.9659258262890683
2017-04-20 02:00:00,20,48.0,0.95,0.4,원활,새벽(0-5),0.49999999999999994,0.8660254037844387
2017-04-20 02:05:00,24,59.0,1.05,0.2916666666666667,원활,새벽(0-5),0.49999999999999994,0.8660254037844387
2017-04-20 02:10:00,12,55.9,0.52,0.3333333333333333,원활,새벽(0-5),0.49999999999999994,0.8660254037844387
2017-04-20 02:15:00,16,45.6,0.7,0.3125,원활,새벽(0-5),0.49999999999999994,0.8660254037844387
2017-04-20 02:20:00,7,61.3,0.31,0.5714285714285714,원활,새벽(0-5),0.49999999999999994,0.8660254037844387
2017-04-20 02:25:00,13,55.6,0.53,0.46153846153846156,원활,새벽(0-5),0.49999999999999994,0.8660254037844387
2017-04-20 02:30:00,8,59.6,0.3,0.25,원활,새벽(0-5),0.49999999999999994,0.8660254037844387
2017-04-20 02:35:00,17,63.6,0.72,0.29411764705882354,원활,새벽(0-5),0.49999999999999994,0.8660254037844387
2017-04-20 02:40:00,10,54.3,0.54,0.2,원활,새벽(0-5),0.49999999999999994,0.8660254037844387
2017-04-20 02:45:00,8,56.0,0.56,0.5,원활,새벽(0-5),0.49999999999999994,0.8660254037844387
2017-04-20 02:50:00,14,59.5,0.54,0.35714285714285715,원활,새벽(0-5),0.49999999999999994,0.8660254037844387
2017-04-20 02:55:00,6,65.4,0.23,0.16666666666666666,원활,새벽(0-5),0.49999999999999994,0.8660254037844387
2017-04-20 03:00:00,13,61.1,0.52,0.3076923076923077,원활,새벽(0-5),0.7071067811865476,0.7071067811865476
2017-04-20 03:05:00,13,63.9,0.58,0.3076923076923077,원활,새벽(0-5),0.7071067811865476,0.7071067811865476
2017-04-20 03:10:00,17,59.3,0.69,0.23529411764705882,원활,새벽(0-5),0.7071067811865476,0.7071067811865476
2017-04-20 03:15:00,15,52.6,0.68,0.5333333333333333,원활,새벽(0-5),0.7071067811865476,0.7071067811865476
2017-04-20 03:20:00,13,53.4,0.56,0.5384615384615384,원활,새벽(0-5),0.7071067811865476,0.7071067811865476
2017-04-20 03:25:00,14,58.7,0.56,0.35714285714285715,원활,새벽(0-5),0.7071067811865476,0.7071067811865476
2017-04-20 03:30:00,15,59.4,0.54,0.13333333333333333,원활,새벽(0-5),0.7071067811865476,0.7071067811865476
2017-04-20 03:35:00,11,58.6,0.45,0.45454545454545453,원활,새벽(0-5),0.7071067811865476,0.7071067811865476
2017-04-20 03:40:00,14,65.4,0.58,0.5,원활,새벽(0-5),0.7071067811865476,0.7071067811865476
2017-04-20 03:45:00,21,58.7,0.88,0.42857142857142855,원활,새벽(0-5),0.7071067811865476,0.7071067811865476
2017-04-20 03:50:00,15,54.8,0.63,0.13333333333333333,원활,새벽(0-5),0.7071067811865476,0.7071067811865476
2017-04-20 03:55:00,11,53.7,0.49,0.2727272727272727,원활,새벽(0-5),0.7071067811865476,0.7071067811865476
2017-04-20 04:00:00,15,50.0,0.8,0.4,원활,새벽(0-5),0.8660254037844386,0.5000000000000001
2017-04-20 04:05:00,7,63.8,0.29,0.2857142857142857,원활,새벽(0-5),0.8660254037844386,0.5000000000000001
2017-04-20 04:10:00,15,56.4,0.59,0.5333333333333333,원활,새벽(0-5),0.8660254037844386,0.5000000000000001
2017-04-20 04:15:00,9,66.2,0.42,0.3333333333333333,원활,새벽(0-5),0.8660254037844386,0.5000000000000001
2017-04-20 04:20:00,11,59.3,0.5,0.45454545454545453,원활,새벽(0-5),0.8660254037844386,0.5000000000000001
2017-04-20 04:25:00,18,60.4,0.73,0.3333333333333333,원활,새벽(0-5),0.8660254037844386,0.5000000000000001
2017-04-20 04:30:00,24,61.6,1.03,0.20833333333333334,원활,새벽(0-5),0.8660254037844386,0.5000000000000001
2017-04-20 04:35:00,18,67.1,0.8,0.5,원활,새벽(0-5),0.8660254037844386,0.5000000000000001
2017-04-20 04:40:00,15,58.0,0.71,0.2,원활,새벽(0-5),0.8660254037844386,0.5000000000000001
2017-04-20 04:45:00,27,62.7,1.14,0.4074074074074074,원활,새벽(0-5),0.8660254037844386,0.5000000000000001
2017-04-20 04:50:00,29,56.0,1.38,0.3793103448275862,원활,새벽(0-5),0.8660254037844386,0.5000000000000001
2017-04-20 04:55:00,18,63.2,0.78,0.1111111111111111,원활,새벽(0-5),0.8660254037844386,0.5000000000000001
2017-04-20 05:00:00,26,55.3,1.14,0.34615384615384615,원활,새벽(0-5),0.9659258262890683,0.25881904510252074
2017-04-20 05:05:00,27,50.8,1.35,0.4444444444444444,원활,새벽(0-5),0.9659258262890683,0.25881904510252074
2017-04-20 05:10:00,35,57.0,1.38,0.2857142857142857,원활,새벽(0-5),0.9659258262890683,0.25881904510252074
2017-04-20 05:15:00,45,60.0,2.05,0.3111111111111111,원활,새벽(0-5),0.9659258262890683,0.25881904510252074
2017-04-20 05:20:00,59,52.6,2.87,0.2711864406779661,원활,새벽(0-5),0.9659258262890683,0.25881904510252074
2017-04-20 05:25:00,62,55.1,2.82,0.24193548387096775,원활,새벽(0-5),0.9659258262890683,0.25881904510252074
2017-04-20 05:30:00,39,59.9,1.73,0.38461538461538464,원활,새벽(0-5),0.9659258262890683,0.25881904510252074
2017-04-20 05:35:00,50,56.7,2.36,0.48,원활,새벽(0-5),0.9659258262890683,0.25881904510252074
2017-04-20 05:40:00,50,67.8,2.15,0.3,원활,새벽(0-5),0.9659258262890683,0.25881904510252074
2017-04-20 05:45:00,52,55.6,2.29,0.38461538461538464,원활,새벽(0-5),0.9659258262890683,0.25881904510252074
2017-04-20 05:50:00,55,63.9,1.83,0.23636363636363636,원활,새벽(0-5),0.9659258262890683,0.25881904510252074
2017-04-20 05:55:00,60,56.5,2.43,0.35,원활,새벽(0-5),0.9659258262890683,0.25881904510252074
2017-04-20 06:00:00,84,55.9,2.91,0.30952380952380953,원활,오전(6-11),1.0,6.123233995736766e-17
2017-04-20 06:05:00,83,57.8,3.06,0.26506024096385544,원활,오전(6-11),1.0,6.123233995736766e-17
2017-04-20 06:10:00,72,62.9,2.48,0.2638888888888889,원활,오전(6-11),1.0,6.123233995736766e-17
2017-04-20 06:15:00,71,54.0,2.79,0.323943661971831,원활,오전(6-11),1.0,6.123233995736766e-17
2017-04-20 06:20:00,71,58.0,2.39,0.39436619718309857,원활,오전(6-11),1.0,6.123233995736766e-17
2017-04-20 06:25:00,113,56.2,4.06,0.37168141592920356,보통,오전(6-11),1.0,6.123233995736766e-17
2017-04-20 06:30:00,116,57.7,4.12,0.3103448275862069,보통,오전(6-11),1.0,6.123233995736766e-17
2017-04-20 06:35:00,134,57.8,5.45,0.3880597014925373,보통,오전(6-11),1.0,6.123233995736766e-17
2017-04-20 06:40:00,134,55.1,4.82,0.41044776119402987,보통,오전(6-11),1.0,6.123233995736766e-17
2017-04-20 06:45:00,104,56.4,3.85,0.36538461538461536,보통,오전(6-11),1.0,6.123233995736766e-17
2017-04-20 06:50:00,109,53.8,4.04,0.3577981651376147,보통,오전(6-11),1.0,6.123233995736766e-17
2017-04-20 06:55:00,139,50.2,5.68,0.37410071942446044,보통,오전(6-11),1.0,6.123233995736766e-17
2017-04-20 07:00:00,146,50.5,5.62,0.2602739726027397,보통,오전(6-11),0.9659258262890683,-0.25881904510252085
2017-04-20 07:05:00,156,51.1,6.27,0.33974358974358976,보통,오전(6-11),0.9659258262890683,-0.25881904510252085
2017-04-20 07:10:00,179,54.9,6.58,0.30726256983240224,보통,오전(6-11),0.9659258262890683,-0.25881904510252085
2017-04-20 07:15:00,219,45.9,10.78,0.319634703196347,혼잡,오전(6-11),0.9659258262890683,-0.25881904510252085
2017-04-20 07:20:00,206,38.3,12.34,0.2912621359223301,혼잡,오전(6-11),0.9659258262890683,-0.25881904510252085
2017-04-20 07:25:00,212,43.4,10.16,0.33962264150943394,혼잡,오전(6-11),0.9659258262890683,-0.25881904510252085
2017-04-20 07:30:00,239,45.6,10.41,0.3138075313807531,혼잡,오전(6-11),0.9659258262890683,-0.25881904510252085
2017-04-20 07:35:00,287,41.2,15.99,0.29965156794425085,혼잡,오전(6-11),0.9659258262890683,-0.25881904510252085
2017-04-20 07:40:00,233,36.8,14.38,0.26609442060085836,혼잡,오전(6-11),0.9659258262890683,-0.25881904510252085
2017-04-20 07:45:00,237,38.0,13.09,0.22784810126582278,혼잡,오전(6-11),0.9659258262890683,-0.25881904510252085
2017-04-20 07:50:00,265,44.1,11.65,0.26037735849056604,혼잡,오전(6-11),0.9659258262890683,-0.25881904510252085
2017-04-20 07:55:00,292,39.6,16.99,0.2534246575342466,혼잡,오전(6-11),0.9659258262890683,-0.25881904510252085
2017-04-20 08:00:00,259,40.8,14.31,0.29343629343629346,혼잡,오전(6-11),0.8660254037844387,-0.4999999999999998
2017-04-20 08:05:00,196,33.7,34.37,0.25,혼잡,오전(6-11),0.8660254037844387,-0.4999999999999998
2017-04-20 08:10:00,253,42.0,12.7,0.3675889328063241,혼잡,오전(6-11),0.8660254037844387,-0.4999999999999998
2017-04-20 08:15:00,302,43.2,13.59,0.2682119205298013,혼잡,오전(6-11),0.8660254037844387,-0.4999999999999998
2017-04-20 08:20:00,246,41.2,12.22,0.25609756097560976,혼잡,오전(6-11),0.8660254037844387,-0.4999999999999998
2017-04-20 08:25:00,205,40.8,22.84,0.22439024390243903,혼잡,오전(6-11),0.8660254037844387,-0.4999999999999998
2017-04-20 08:30:00,200,32.4,38.37,0.28,혼잡,오전(6-11),0.8660254037844387,-0.4999999999999998
2017-04-20 08:35:00,231,38.2,19.04,0.22510822510822512,혼잡,오전(6-11),0.8660254037844387,-0.4999999999999998
2017-04-20 08:40:00,254,38.9,12.67,0.2204724409448819,혼잡,오전(6-11),0.8660254037844387,-0.4999999999999998
2017-04-20 08:45:00,182,40.3,10.69,0.25274725274725274,혼잡,오전(6-11),0.8660254037844387,-0.4999999999999998
2017-04-20 08:50:00,176,43.0,8.32,0.21022727272727273,혼잡,오전(6-11),0.8660254037844387,-0.4999999999999998
2017-04-20 08:55:00,202,47.6,9.43,0.2623762376237624,혼잡,오전(6-11),0.8660254037844387,-0.4999999999999998
2017-04-20 09:00:00,184,50.1,7.56,0.25,혼잡,오전(6-11),0.7071067811865476,-0.7071067811865475
2017-04-20 09:05:00,156,49.2,6.97,0.33974358974358976,혼잡,오전(6-11),0.7071067811865476,-0.7071067811865475
2017-04-20 09:10:00,152,45.1,7.03,0.32894736842105265,혼잡,오전(6-11),0.7071067811865476,-0.7071067811865475
2017-04-20 09:15:00,188,47.5,7.93,0.31382978723404253,혼잡,오전(6-11),0.7071067811865476,-0.7071067811865475
2017-04-20 09:20:00,205,46.7,8.85,0.3073170731707317,혼잡,오전(6-11),0.7071067811865476,-0.7071067811865475
2017-04-20 09:25:00,214,44.5,9.89,0.3177570093457944,혼잡,오전(6-11),0.7071067811865476,-0.7071067811865475
2017-04-20 09:30:00,155,46.9,6.59,0.27741935483870966,보통,오전(6-11),0.7071067811865476,-0.7071067811865475
2017-04-20 09:35:00,152,49.0,6.54,0.2631578947368421,보통,오전(6-11),0.7071067811865476,-0.7071067811865475
2017-04-20 09:40:00,148,44.0,7.63,0.3310810810810811,혼잡,오전(6-11),0.7071067811865476,-0.7071067811865475
2017-04-20 09:45:00,174,47.0,7.61,0.3275862068965517,혼잡,오전(6-11),0.7071067811865476,-0.7071067811865475
2017-04-20 09:50:00,157,46.3,6.49,0.2802547770700637,보통,오전(6-11),0.7071067811865476,-0.7071067811865475
2017-04-20 09:55:00,198,47.0,9.07,0.2777777777777778,혼잡,오전(6-11),0.7071067811865476,-0.7071067811865475
2017-04-20 10:00:00,157,49.5,6.44,0.25477707006369427,보통,오전(6-11),0.49999999999999994,-0.8660254037844387
2017-04-20 10:05:00,168,51.2,7.11,0.2916666666666667,혼잡,오전(6-11),0.49999999999999994,-0.8660254037844387
2017-04-20 10:10:00,133,49.7,5.51,0.3458646616541353,보통,오전(6-11),0.49999999999999994,-0.8660254037844387
2017-04-20 10:15:00,140,51.6,5.82,0.2785714285714286,보통,오전(6-11),0.49999999999999994,-0.8660254037844387
2017-04-20 10:20:00,147,48.7,5.8,0.2789115646258503,보통,오전(6-11),0.49999999999999994,-0.8660254037844387
2017-04-20 10:25:00,114,49.9,4.99,0.41228070175438597,보통,오전(6-11),0.49999999999999994,-0.8660254037844387
2017-04-20 10:30:00,131,48.9,5.48,0.26717557251908397,보통,오전(6-11),0.49999999999999994,-0.8660254037844387
2017-04-20 10:35:00,133,53.7,5.04,0.19548872180451127,보통,오전(6-11),0.49999999999999994,-0.8660254037844387
2017-04-20 10:40:00,132,50.2,5.11,0.2803030303030303,보통,오전(6-11),0.49999999999999994,-0.8660254037844387
2017-04-20 10:45:00,132,54.7,5.36,0.3787878787878788,보통,오전(6-11),0.49999999999999994,-0.8660254037844387
2017-04-20 10:50:00,113,52.4,4.5,0.3185840707964602,보통,오전(6-11),0.49999999999999994,-0.8660254037844387
2017-04-20 10:55:00,148,46.7,6.38,0.27702702702702703,보통,오전(6-11),0.49999999999999994,-0.8660254037844387
2017-04-20 11:00:00,132,48.9,5.23,0.2727272727272727,보통,오전(6-11),0.258819045102521,-0.9659258262890682
2017-04-20 11:05:00,128,52.0,5.14,0.3203125,보통,오전(6-11),0.258819045102521,-0.9659258262890682
2017-04-20 11:10:00,133,51.8,4.99,0.2932330827067669,보통,오전(6-11),0.258819045102521,-0.9659258262890682
2017-04-20 11:15:00,150,49.2,6.02,0.34,보통,오전(6-11),0.258819045102521,-0.9659258262890682
2017-04-20 11:20:00,145,49.8,5.65,0.3103448275862069,보통,오전(6-11),0.258819045102521,-0.9659258262890682
2017-04-20 11:25:00,155,47.8,6.73,0.3161290322580645,혼잡,오전(6-11),0.258819045102521,-0.9659258262890682
2017-04-20 11:30:00,131,51.7,4.89,0.26717557251908397,보통,오전(6-11),0.258819045102521,-0.9659258262890682
2017-04-20 11:35:00,149,49.5,6.21,0.2751677852348993,보통,오전(6-11),0.258819045102521,-0.9659258262890682
2017-04-20 11:40:00,156,50.2,6.75,0.2692307692307692,혼잡,오전(6-11),0.258819045102521,-0.9659258262890682
2017-04-20 11:45:00,150,45.0,7.26,0.25333333333333335,혼잡,오전(6-11),0.258819045102521,-0.9659258262890682
2017-04-20 11:50:00,176,45.9,7.37,0.3068181818181818,혼잡,오전(6-11),0.258819045102521,-0.9659258262890682
2017-04-20 11:55:00,187,45.2,7.95,0.2620320855614973,혼잡,오전(6-11),0.258819045102521,-0.9659258262890682
2017-04-20 12:00:00,150,48.7,6.0,0.22666666666666666,보통,오후(12-17),1.2246467991473532e-16,-1.0
2017-04-20 12:05:00,169,43.9,7.97,0.2958579881656805,혼잡,오후(12-17),1.2246467991473532e-16,-1.0
2017-04-20 12:10:00,106,45.6,5.0,0.25471698113207547,보통,오후(12-17),1.2246467991473532e-16,-1.0
2017-04-20 12:15:00,143,45.7,6.3,0.32867132867132864,보통,오후(12-17),1.2246467991473532e-16,-1.0
2017-04-20 12:20:00,106,49.4,4.23,0.25471698113207547,보통,오후(12-17),1.2246467991473532e-16,-1.0
2017-04-20 12:25:00,123,50.6,4.83,0.2682926829268293,보통,오후(12-17),1.2246467991473532e-16,-1.0
2017-04-20 12:30:00,115,47.0,4.82,0.3391304347826087,보통,오후(12-17),1.2246467991473532e-16,-1.0
2017-04-20 12:35:00,135,48.9,5.73,0.2222222222222222,보통,오후(12-17),1.2246467991473532e-16,-1.0
2017-04-20 12:40:00,178,46.0,7.86,0.29213483146067415,혼잡,오후(12-17),1.2246467991473532e-16,-1.0
2017-04-20 12:45:00,162,44.1,9.2,0.2777777777777778,혼잡,오후(12-17),1.2246467991473532e-16,-1.0
2017-04-20 12:50:00,132,48.5,5.05,0.24242424242424243,보통,오후(12-17),1.2246467991473532e-16,-1.0
2017-04-20 12:55:00,150,46.4,6.73,0.2733333333333333,혼잡,오후(12-17),1.2246467991473532e-16,-1.0
2017-04-20 13:00:00,118,45.0,5.29,0.3220338983050847,보통,오후(12-17),-0.25881904510252035,-0.9659258262890684
2017-04-20 13:05:00,141,46.8,6.26,0.3829787234042553,보통,오후(12-17),-0.25881904510252035,-0.9659258262890684
2017-04-20 13:10:00,153,49.2,6.15,0.3202614379084967,보통,오후(12-17),-0.25881904510252035,-0.9659258262890684
2017-04-20 13:15:00,157,47.7,6.65,0.267515923566879,보통,오후(12-17),-0.25881904510252035,-0.9659258262890684
2017-04-20 13:20:00,165,48.4,7.15,0.26666666666666666,혼잡,오후(12-17),-0.25881904510252035,-0.9659258262890684
2017-04-20 13:25:00,151,45.4,6.68,0.32450331125827814,혼잡,오후(12-17),-0.25881904510252035,-0.9659258262890684
2017-04-20 13:30:00,135,49.0,5.27,0.3111111111111111,보통,오후(12-17),-0.25881904510252035,-0.9659258262890684
2017-04-20 13:35:00,127,49.2,5.39,0.28346456692913385,보통,오후(12-17),-0.25881904510252035,-0.9659258262890684
2017-04-20 13:40:00,144,46.5,6.36,0.2638888888888889,보통,오후(12-17),-0.25881904510252035,-0.9659258262890684
2017-04-20 13:45:00,141,46.3,5.83,0.2624113475177305,보통,오후(12-17),-0.25881904510252035,-0.9659258262890684
2017-04-20 13:50:00,179,43.3,8.34,0.31843575418994413,혼잡,오후(12-17),-0.25881904510252035,-0.9659258262890684
2017-04-20 13:55:00,97,42.5,4.78,0.30927835051546393,보통,오후(12-17),-0.25881904510252035,-0.9659258262890684
2017-04-20 14:00:00,174,47.0,7.75,0.28160919540229884,혼잡,오후(12-17),-0.5000000000000001,-0.8660254037844386
2017-04-20 14:05:00,152,45.2,6.77,0.3092105263157895,혼잡,오후(12-17),-0.5000000000000001,-0.8660254037844386
2017-04-20 14:10:00,138,45.9,6.16,0.30434782608695654,보통,오후(12-17),-0.5000000000000001,-0.8660254037844386
2017-04-20 14:15:00,159,40.8,8.61,0.29559748427672955,혼잡,오후(12-17),-0.5000000000000001,-0.8660254037844386
2017-04-20 14:20:00,134,48.0,5.71,0.23134328358208955,보통,오후(12-17),-0.5000000000000001,-0.8660254037844386
2017-04-20 14:25:00,133,47.6,5.58,0.3007518796992481,보통,오후(12-17),-0.5000000000000001,-0.8660254037844386
2017-04-20 14:30:00,149,44.5,9.43,0.3624161073825503,혼잡,오후(12-17),-0.5000000000000001,-0.8660254037844386
2017-04-20 14:35:00,167,41.6,8.18,0.25149700598802394,혼잡,오후(12-17),-0.5000000000000001,-0.8660254037844386
2017-04-20 14:40:00,150,45.3,6.99,0.3933333333333333,혼잡,오후(12-17),-0.5000000000000001,-0.8660254037844386
2017-04-20 14:45:00,144,47.1,7.01,0.3680555555555556,혼잡,오후(12-17),-0.5000000000000001,-0.8660254037844386
2017-04-20 14:50:00,126,43.3,6.09,0.373015873015873,보통,오후(12-17),-0.5000000000000001,-0.8660254037844386
2017-04-20 14:55:00,135,45.2,7.46,0.3851851851851852,혼잡,오후(12-17),-0.5000000000000001,-0.8660254037844386
2017-04-20 15:00:00,126,44.7,5.84,0.3333333333333333,보통,오후(12-17),-0.7071067811865475,-0.7071067811865477
2017-04-20 15:05:00,151,42.8,7.24,0.2980132450331126,혼잡,오후(12-17),-0.7071067811865475,-0.7071067811865477
2017-04-20 15:10:00,150,41.0,7.54,0.25333333333333335,혼잡,오후(12-17),-0.7071067811865475,-0.7071067811865477
2017-04-20 15:15:00,138,47.3,6.14,0.3115942028985507,보통,오후(12-17),-0.7071067811865475,-0.7071067811865477
2017-04-20 15:20:00,155,48.9,7.01,0.3032258064516129,혼잡,오후(12-17),-0.7071067811865475,-0.7071067811865477
2017-04-20 15:25:00,141,47.3,6.21,0.3049645390070922,보통,오후(12-17),-0.7071067811865475,-0.7071067811865477
2017-04-20 15:30:00,128,47.6,5.74,0.234375,보통,오후(12-17),-0.7071067811865475,-0.7071067811865477
2017-04-20 15:35:00,125,47.8,5.87,0.264,보통,오후(12-17),-0.7071067811865475,-0.7071067811865477
2017-04-20 15:40:00,123,48.8,5.15,0.2682926829268293,보통,오후(12-17),-0.7071067811865475,-0.7071067811865477
2017-04-20 15:45:00,136,48.7,5.78,0.33088235294117646,보통,오후(12-17),-0.7071067811865475,-0.7071067811865477
2017-04-20 15:50:00,163,50.0,7.14,0.2822085889570552,혼잡,오후(12-17),-0.7071067811865475,-0.7071067811865477
2017-04-20 15:55:00,176,46.6,7.68,0.25,혼잡,오후(12-17),-0.7071067811865475,-0.7071067811865477
2017-04-20 16:00:00,170,46.1,7.47,0.28823529411764703,혼잡,오후(12-17),-0.8660254037844385,-0.5000000000000004
2017-04-20 16:05:00,179,45.3,8.17,0.3016759776536313,혼잡,오후(12-17),-0.8660254037844385,-0.5000000000000004
2017-04-20 16:10:00,156,39.1,8.69,0.26282051282051283,혼잡,오후(12-17),-0.8660254037844385,-0.5000000000000004
2017-04-20 16:15:00,152,42.5,7.41,0.26973684210526316,혼잡,오후(12-17),-0.8660254037844385,-0.5000000000000004
2017-04-20 16:20:00,150,43.2,7.01,0.26666666666666666,혼잡,오후(12-17),-0.8660254037844385,-0.5000000000000004
2017-04-20 16:25:00,136,47.5,5.84,0.29411764705882354,보통,오후(12-17),-0.8660254037844385,-0.5000000000000004
2017-04-20 16:30:00,155,47.9,6.53,0.23225806451612904,보통,오후(12-17),-0.8660254037844385,-0.5000000000000004
2017-04-20 16:35:00,154,47.3,6.57,0.24675324675324675,보통,오후(12-17),-0.8660254037844385,-0.5000000000000004
2017-04-20 16:40:00,185,48.8,7.32,0.23243243243243245,혼잡,오후(12-17),-0.8660254037844385,-0.5000000000000004
2017-04-20 16:45:00,158,47.3,7.05,0.3227848101265823,혼잡,오후(12-17),-0.8660254037844385,-0.5000000000000004
2017-04-20 16:50:00,144,46.5,5.99,0.2777777777777778,보통,오후(12-17),-0.8660254037844385,-0.5000000000000004
2017-04-20 16:55:00,144,51.9,5.62,0.22916666666666666,보통,오후(12-17),-0.8660254037844385,-0.5000000000000004
2017-04-20 17:00:00,140,48.2,6.07,0.37142857142857144,보통,오후(12-17),-0.9659258262890683,-0.25881904510252063
2017-04-20 17:05:00,179,47.8,7.38,0.2905027932960894,혼잡,오후(12-17),-0.9659258262890683,-0.25881904510252063
2017-04-20 17:10:00,138,44.0,5.46,0.2753623188405797,보통,오후(12-17),-0.9659258262890683,-0.25881904510252063
2017-04-20 17:15:00,151,42.7,7.02,0.2913907284768212,혼잡,오후(12-17),-0.9659258262890683,-0.25881904510252063
2017-04-20 17:20:00,175,47.1,7.53,0.2057142857142857,혼잡,오후(12-17),-0.9659258262890683,-0.25881904510252063
2017-04-20 17:25:00,160,48.9,6.36,0.31875,보통,오후(12-17),-0.9659258262890683,-0.25881904510252063
2017-04-20 17:30:00,144,48.0,6.06,0.2361111111111111,보통,오후(12-17),-0.9659258262890683,-0.25881904510252063
2017-04-20 17:35:00,101,43.6,5.68,0.2871287128712871,보통,오후(12-17),-0.9659258262890683,-0.25881904510252063
2017-04-20 17:40:00,165,47.3,7.3,0.3333333333333333,혼잡,오후(12-17),-0.9659258262890683,-0.25881904510252063
2017-04-20 17:45:00,166,47.3,6.49,0.2710843373493976,보통,오후(12-17),-0.9659258262890683,-0.25881904510252063
2017-04-20 17:50:00,158,45.6,6.68,0.2088607594936709,혼잡,오후(12-17),-0.9659258262890683,-0.25881904510252063
2017-04-20 17:55:00,126,41.3,6.42,0.24603174603174602,보통,오후(12-17),-0.9659258262890683,-0.25881904510252063
2017-04-20 18:00:00,178,44.6,7.81,0.29775280898876405,혼잡,저녁(18-23),-1.0,-1.8369701987210297e-16
2017-04-20 18:05:00,216,36.3,12.87,0.24537037037037038,혼잡,저녁(18-23),-1.0,-1.8369701987210297e-16
2017-04-20 18:10:00,201,36.2,19.92,0.29850746268656714,혼잡,저녁(18-23),-1.0,-1.8369701987210297e-16
2017-04-20 18:15:00,192,37.0,10.9,0.296875,혼잡,저녁(18-23),-1.0,-1.8369701987210297e-16
2017-04-20 18:20:00,210,37.8,10.01,0.23333333333333334,혼잡,저녁(18-23),-1.0,-1.8369701987210297e-16
2017-04-20 18:25:00,247,33.6,14.7,0.2834008097165992,혼잡,저녁(18-23),-1.0,-1.8369701987210297e-16
2017-04-20 18:30:00,179,38.0,9.01,0.2681564245810056,혼잡,저녁(18-23),-1.0,-1.8369701987210297e-16
2017-04-20 18:35:00,159,40.8,8.54,0.27044025157232704,혼잡,저녁(18-23),-1.0,-1.8369701987210297e-16
2017-04-20 18:40:00,136,41.0,7.15,0.34558823529411764,혼잡,저녁(18-23),-1.0,-1.8369701987210297e-16
2017-04-20 18:45:00,179,43.2,7.65,0.2737430167597765,혼잡,저녁(18-23),-1.0,-1.8369701987210297e-16
2017-04-20 18:50:00,159,46.6,6.59,0.3522012578616352,보통,저녁(18-23),-1.0,-1.8369701987210297e-16
2017-04-20 18:55:00,122,43.1,6.17,0.3360655737704918,보통,저녁(18-23),-1.0,-1.8369701987210297e-16
2017-04-20 19:00:00,133,43.2,5.99,0.2631578947368421,보통,저녁(18-23),-0.9659258262890684,0.2588190451025203
2017-04-20 19:05:00,142,47.6,6.2,0.323943661971831,보통,저녁(18-23),-0.9659258262890684,0.2588190451025203
2017-04-20 19:10:00,166,42.6,7.61,0.30120481927710846,혼잡,저녁(18-23),-0.9659258262890684,0.2588190451025203
2017-04-20 19:15:00,153,43.2,7.45,0.1895424836601307,혼잡,저녁(18-23),-0.9659258262890684,0.2588190451025203
2017-04-20 19:20:00,110,46.2,10.8,0.22727272727272727,혼잡,저녁(18-23),-0.9659258262890684,0.2588190451025203
2017-04-20 19:25:00,129,41.7,7.03,0.24806201550387597,혼잡,저녁(18-23),-0.9659258262890684,0.2588190451025203
2017-04-20 19:30:00,131,47.1,6.95,0.21374045801526717,혼잡,저녁(18-23),-0.9659258262890684,0.2588190451025203
2017-04-20 19:35:00,127,49.1,6.2,0.1732283464566929,보통,저녁(18-23),-0.9659258262890684,0.2588190451025203
2017-04-20 19:40:00,100,44.8,4.94,0.24,보통,저녁(18-23),-0.9659258262890684,0.2588190451025203
2017-04-20 19:45:00,125,42.2,6.81,0.232,혼잡,저녁(18-23),-0.9659258262890684,0.2588190451025203
2017-04-20 19:50:00,111,46.3,5.45,0.2702702702702703,보통,저녁(18-23),-0.9659258262890684,0.2588190451025203
2017-04-20 19:55:00,128,44.1,6.96,0.1953125,혼잡,저녁(18-23),-0.9659258262890684,0.2588190451025203
2017-04-20 20:00:00,122,42.9,6.32,0.20491803278688525,보통,저녁(18-23),-0.8660254037844386,0.5000000000000001
2017-04-20 20:05:00,104,47.2,4.92,0.17307692307692307,보통,저녁(18-23),-0.8660254037844386,0.5000000000000001
2017-04-20 20:10:00,126,48.2,6.26,0.16666666666666666,보통,저녁(18-23),-0.8660254037844386,0.5000000000000001
2017-04-20 20:15:00,130,50.7,6.05,0.2153846153846154,보통,저녁(18-23),-0.8660254037844386,0.5000000000000001
2017-04-20 20:20:00,108,48.0,5.19,0.25925925925925924,보통,저녁(18-23),-0.8660254037844386,0.5000000000000001
2017-04-20 20:25:00,122,42.9,6.77,0.1885245901639344,혼잡,저녁(18-23),-0.8660254037844386,0.5000000000000001
2017-04-20 20:30:00,98,50.6,4.05,0.22448979591836735,보통,저녁(18-23),-0.8660254037844386,0.5000000000000001
2017-04-20 20:35:00,138,42.1,7.83,0.18840579710144928,혼잡,저녁(18-23),-0.8660254037844386,0.5000000000000001
2017-04-20 20:40:00,96,47.9,7.29,0.1875,혼잡,저녁(18-23),-0.8660254037844386,0.5000000000000001
2017-04-20 20:45:00,96,43.3,5.02,0.28125,보통,저녁(18-23),-0.8660254037844386,0.5000000000000001
2017-04-20 20:50:00,105,52.6,4.97,0.18095238095238095,보통,저녁(18-23),-0.8660254037844386,0.5000000000000001
2017-04-20 20:55:00,143,47.6,7.22,0.18181818181818182,혼잡,저녁(18-23),-0.8660254037844386,0.5000000000000001
2017-04-20 21:00:00,103,49.9,4.82,0.2621359223300971,보통,저녁(18-23),-0.7071067811865477,0.7071067811865474
2017-04-20 21:05:00,106,44.5,5.73,0.2169811320754717,보통,저녁(18-23),-0.7071067811865477,0.7071067811865474
2017-04-20 21:10:00,97,44.0,5.36,0.20618556701030927,보통,저녁(18-23),-0.7071067811865477,0.7071067811865474
2017-04-20 21:15:00,127,44.9,7.21,0.16535433070866143,혼잡,저녁(18-23),-0.7071067811865477,0.7071067811865474
2017-04-20 21:20:00,118,46.6,5.97,0.1864406779661017,보통,저녁(18-23),-0.7071067811865477,0.7071067811865474
2017-04-20 21:25:00,131,41.8,6.65,0.12213740458015267,보통,저녁(18-23),-0.7071067811865477,0.7071067811865474
2017-04-20 21:30:00,99,47.0,5.11,0.21212121212121213,보통,저녁(18-23),-0.7071067811865477,0.7071067811865474
2017-04-20 21:35:00,85,45.6,4.41,0.23529411764705882,보통,저녁(18-23),-0.7071067811865477,0.7071067811865474
2017-04-20 21:40:00,96,45.3,4.8,0.20833333333333334,보통,저녁(18-23),-0.7071067811865477,0.7071067811865474
2017-04-20 21:45:00,102,46.3,4.6,0.14705882352941177,보통,저녁(18-23),-0.7071067811865477,0.7071067811865474
2017-04-20 21:50:00,101,44.8,5.12,0.18811881188118812,보통,저녁(18-23),-0.7071067811865477,0.7071067811865474
2017-04-20 21:55:00,112,46.6,5.24,0.14285714285714285,보통,저녁(18-23),-0.7071067811865477,0.7071067811865474
2017-04-20 22:00:00,116,51.6,5.92,0.16379310344827586,보통,저녁(18-23),-0.5000000000000004,0.8660254037844384
2017-04-20 22:05:00,95,51.8,4.96,0.24210526315789474,보통,저녁(18-23),-0.5000000000000004,0.8660254037844384
2017-04-20 22:10:00,120,48.6,5.5,0.15,보통,저녁(18-23),-0.5000000000000004,0.8660254037844384
2017-04-20 22:15:00,118,43.3,5.99,0.11864406779661017,보통,저녁(18-23),-0.5000000000000004,0.8660254037844384
2017-04-20 22:20:00,91,45.2,4.99,0.16483516483516483,보통,저녁(18-23),-0.5000000000000004,0.8660254037844384
2017-04-20 22:25:00,104,45.9,5.17,0.18269230769230768,보통,저녁(18-23),-0.5000000000000004,0.8660254037844384
2017-04-20 22:30:00,74,47.1,3.83,0.1891891891891892,보통,저녁(18-23),-0.5000000000000004,0.8660254037844384
2017-04-20 22:35:00,75,53.6,3.68,0.24,원활,저녁(18-23),-0.5000000000000004,0.8660254037844384
2017-04-20 22:40:00,86,49.3,3.98,0.20930232558139536,보통,저녁(18-23),-0.5000000000000004,0.8660254037844384
2017-04-20 22:45:00,89,50.4,4.21,0.29213483146067415,보통,저녁(18-23),-0.5000000000000004,0.8660254037844384
2017-04-20 22:50:00,64,47.4,3.17,0.28125,원활,저녁(18-23),-0.5000000000000004,0.8660254037844384
2017-04-20 22:55:00,78,53.0,4.15,0.21794871794871795,보통,저녁(18-23),-0.5000000000000004,0.8660254037844384
2017-04-20 23:00:00,58,49.3,2.75,0.1896551724137931,원활,저녁(18-23),-0.2588190451025207,0.9659258262890683
2017-04-20 23:05:00,88,46.5,4.47,0.26136363636363635,보통,저녁(18-23),-0.2588190451025207,0.9659258262890683
2017-04-20 23:10:00,58,47.1,2.87,0.27586206896551724,원활,저녁(18-23),-0.2588190451025207,0.9659258262890683
2017-04-20 23:15:00,66,54.8,3.02,0.3333333333333333,원활,저녁(18-23),-0.2588190451025207,0.9659258262890683
2017-04-20 23:20:00,59,52.6,2.45,0.2711864406779661,원활,저녁(18-23),-0.2588190451025207,0.9659258262890683
2017-04-20 23:25:00,48,53.6,2.4,0.2708333333333333,원활,저녁(18-23),-0.2588190451025207,0.9659258262890683
2017-04-20 23:30:00,59,52.6,2.86,0.23728813559322035,원활,저녁(18-23),-0.2588190451025207,0.9659258262890683
2017-04-20 23:35:00,46,54.9,1.77,0.2608695652173913,원활,저녁(18-23),-0.2588190451025207,0.9659258262890683
2017-04-20 23:40:00,41,52.0,1.78,0.34146341463414637,원활,저녁(18-23),-0.2588190451025207,0.9659258262890683
2017-04-20 23:45:00,57,52.1,2.29,0.2631578947368421,원활,저녁(18-23),-0.2588190451025207,0.9659258262890683
2017-04-20 23:50:00,39,58.6,1.61,0.23076923076923078,원활,저녁(18-23),-0.2588190451025207,0.9659258262890683
2017-04-20 23:55:00,57,51.2,2.5,0.2631578947368421,원활,저녁(18-23),-0.2588190451025207,0.9659258262890683
2017-04-21 00:00:00,46,56.1,1.97,0.2826086956521739,원활,새벽(0-5),0.0,1.0
2017-04-21 00:05:00,45,56.2,1.92,0.3111111111111111,원활,새벽(0-5),0.0,1.0
2017-04-21 00:10:00,51,53.8,2.09,0.23529411764705882,원활,새벽(0-5),0.0,1.0
2017-04-21 00:15:00,38,50.1,1.73,0.3157894736842105,원활,새벽(0-5),0.0,1.0
2017-04-21 00:20:00,33,55.5,1.47,0.18181818181818182,원활,새벽(0-5),0.0,1.0
2017-04-21 00:25:00,37,57.4,1.45,0.43243243243243246,원활,새벽(0-5),0.0,1.0
2017-04-21 00:30:00,34,63.0,1.41,0.3235294117647059,원활,새벽(0-5),0.0,1.0
2017-04-21 00:35:00,40,59.2,1.5,0.325,원활,새벽(0-5),0.0,1.0
2017-04-21 00:40:00,27,57.6,0.99,0.2962962962962963,원활,새벽(0-5),0.0,1.0
2017-04-21 00:45:00,33,55.2,1.56,0.36363636363636365,원활,새벽(0-5),0.0,1.0
2017-04-21 00:50:00,24,57.6,1.01,0.3333333333333333,원활,새벽(0-5),0.0,1.0
2017-04-21 00:55:00,32,58.1,1.27,0.3125,원활,새벽(0-5),0.0,1.0
2017-04-21 01:00:00,20,56.7,0.8,0.2,원활,새벽(0-5),0.25881904510252074,0.9659258262890683
2017-04-21 01:05:00,24,64.5,1.02,0.4166666666666667,원활,새벽(0-5),0.25881904510252074,0.9659258262890683
2017-04-21 01:10:00,23,56.1,0.96,0.21739130434782608,원활,새벽(0-5),0.25881904510252074,0.9659258262890683
2017-04-21 01:15:00,29,62.3,1.09,0.3448275862068966,원활,새벽(0-5),0.25881904510252074,0.9659258262890683
2017-04-21 01:20:00,25,56.0,1.05,0.36,원활,새벽(0-5),0.25881904510252074,0.9659258262890683
2017-04-21 01:25:00,21,56.0,0.83,0.2857142857142857,원활,새벽(0-5),0.25881904510252074,0.9659258262890683
2017-04-21 01:30:00,26,55.4,1.16,0.38461538461538464,원활,새벽(0-5),0.25881904510252074,0.9659258262890683
2017-04-21 01:35:00,19,55.2,0.87,0.3684210526315789,원활,새벽(0-5),0.25881904510252074,0.9659258262890683
2017-04-21 01:40:00,24,53.9,0.93,0.20833333333333334,원활,새벽(0-5),0.25881904510252074,0.9659258262890683
2017-04-21 01:45:00,21,52.7,1.27,0.23809523809523808,원활,새벽(0-5),0.25881904510252074,0.9659258262890683
2017-04-21 01:50:00,20,57.2,19.39,0.35,혼잡,새벽(0-5),0.25881904510252074,0.9659258262890683
2017-04-21 01:55:00,14,62.4,4.2,0.21428571428571427,보통,새벽(0-5),0.25881904510252074,0.9659258262890683
2017-04-21 02:00:00,21,53.9,0.92,0.23809523809523808,원활,새벽(0-5),0.49999999999999994,0.8660254037844387
2017-04-21 02:05:00,23,61.3,0.84,0.2608695652173913,원활,새벽(0-5),0.49999999999999994,0.8660254037844387
2017-04-21 02:10:00,23,54.6,0.94,0.391304347826087,원활,새벽(0-5),0.49999999999999994,0.8660254037844387
2017-04-21 02:15:00,17,62.1,0.72,0.29411764705882354,원활,새벽(0-5),0.49999999999999994,0.8660254037844387
2017-04-21 02:20:00,14,60.9,0.55,0.35714285714285715,원활,새벽(0-5),0.49999999999999994,0.8660254037844387
2017-04-21 02:25:00,10,59.4,0.31,0.1,원활,새벽(0-5),0.49999999999999994,0.8660254037844387
2017-04-21 02:30:00,12,50.7,0.38,0.4166666666666667,원활,새벽(0-5),0.49999999999999994,0.8660254037844387
2017-04-21 02:35:00,11,47.8,0.55,0.45454545454545453,원활,새벽(0-5),0.49999999999999994,0.8660254037844387
2017-04-21 02:40:00,15,53.7,0.69,0.06666666666666667,원활,새벽(0-5),0.49999999999999994,0.8660254037844387
2017-04-21 02:45:00,24,57.1,0.99,0.5,원활,새벽(0-5),0.49999999999999994,0.8660254037844387
2017-04-21 02:50:00,18,61.3,0.76,0.3333333333333333,원활,새벽(0-5),0.49999999999999994,0.8660254037844387
2017-04-21 02:55:00,12,62.8,0.53,0.4166666666666667,원활,새벽(0-5),0.49999999999999994,0.8660254037844387
2017-04-21 03:00:00,7,51.4,0.28,0.2857142857142857,원활,새벽(0-5),0.7071067811865476,0.7071067811865476
2017-04-21 03:05:00,11,54.6,0.68,0.18181818181818182,원활,새벽(0-5),0.7071067811865476,0.7071067811865476
2017-04-21 03:10:00,24,54.3,0.97,0.25,원활,새벽(0-5),0.7071067811865476,0.7071067811865476
2017-04-21 03:15:00,23,47.1,1.07,0.2608695652173913,원활,새벽(0-5),0.7071067811865476,0.7071067811865476
2017-04-21 03:20:00,12,46.7,0.52,0.25,원활,새벽(0-5),0.7071067811865476,0.7071067811865476
2017-04-21 03:25:00,13,62.1,0.55,0.46153846153846156,원활,새벽(0-5),0.7071067811865476,0.7071067811865476
2017-04-21 03:30:00,14,57.3,0.71,0.2857142857142857,원활,새벽(0-5),0.7071067811865476,0.7071067811865476
2017-04-21 03:35:00,18,51.3,0.97,0.4444444444444444,원활,새벽(0-5),0.7071067811865476,0.7071067811865476
2017-04-21 03:40:00,14,52.5,0.5,0.21428571428571427,원활,새벽(0-5),0.7071067811865476,0.7071067811865476
2017-04-21 03:45:00,22,66.9,0.97,0.5,원활,새벽(0-5),0.7071067811865476,0.7071067811865476
2017-04-21 03:50:00,21,59.8,0.93,0.47619047619047616,원활,새벽(0-5),0.7071067811865476,0.7071067811865476
2017-04-21 03:55:00,8,52.2,0.36,0.5,원활,새벽(0-5),0.7071067811865476,0.7071067811865476
2017-04-21 04:00:00,10,49.4,0.4,0.1,원활,새벽(0-5),0.8660254037844386,0.5000000000000001
2017-04-21 04:05:00,16,57.8,0.64,0.25,원활,새벽(0-5),0.8660254037844386,0.5000000000000001
2017-04-21 04:10:00,8,70.3,0.3,0.25,원활,새벽(0-5),0.8660254037844386,0.5000000000000001
2017-04-21 04:15:00,15,52.2,0.72,0.06666666666666667,원활,새벽(0-5),0.8660254037844386,0.5000000000000001
2017-04-21 04:20:00,12,49.7,0.58,0.3333333333333333,원활,새벽(0-5),0.8660254037844386,0.5000000000000001
2017-04-21 04:25:00,8,59.2,0.41,0.75,원활,새벽(0-5),0.8660254037844386,0.5000000000000001
2017-04-21 04:30:00,18,61.0,0.74,0.3333333333333333,원활,새벽(0-5),0.8660254037844386,0.5000000000000001
2017-04-21 04:35:00,22,63.1,0.92,0.45454545454545453,원활,새벽(0-5),0.8660254037844386,0.5000000000000001
2017-04-21 04:40:00,17,57.5,0.74,0.29411764705882354,원활,새벽(0-5),0.8660254037844386,0.5000000000000001
2017-04-21 04:45:00,36,52.1,1.57,0.2777777777777778,원활,새벽(0-5),0.8660254037844386,0.5000000000000001
2017-04-21 04:50:00,20,56.5,0.86,0.45,원활,새벽(0-5),0.8660254037844386,0.5000000000000001
2017-04-21 04:55:00,26,51.7,1.02,0.15384615384615385,원활,새벽(0-5),0.8660254037844386,0.5000000000000001
2017-04-21 05:00:00,30,51.9,1.45,0.4,원활,새벽(0-5),0.9659258262890683,0.25881904510252074
2017-04-21 05:05:00,29,53.8,1.34,0.20689655172413793,원활,새벽(0-5),0.9659258262890683,0.25881904510252074
2017-04-21 05:10:00,31,53.1,1.21,0.3225806451612903,원활,새벽(0-5),0.9659258262890683,0.25881904510252074
2017-04-21 05:15:00,50,54.6,2.76,0.3,원활,새벽(0-5),0.9659258262890683,0.25881904510252074
2017-04-21 05:20:00,59,50.2,2.71,0.3050847457627119,원활,새벽(0-5),0.9659258262890683,0.25881904510252074
2017-04-21 05:25:00,57,58.9,2.64,0.2631578947368421,원활,새벽(0-5),0.9659258262890683,0.25881904510252074
2017-04-21 05:30:00,40,66.2,1.57,0.3,원활,새벽(0-5),0.9659258262890683,0.25881904510252074
2017-04-21 05:35:00,56,55.2,2.52,0.44642857142857145,원활,새벽(0-5),0.9659258262890683,0.25881904510252074
2017-04-21 05:40:00,53,59.8,1.97,0.32075471698113206,원활,새벽(0-5),0.9659258262890683,0.25881904510252074
2017-04-21 05:45:00,50,51.9,2.0,0.3,원활,새벽(0-5),0.9659258262890683,0.25881904510252074
2017-04-21 05:50:00,48,60.5,1.52,0.20833333333333334,원활,새벽(0-5),0.9659258262890683,0.25881904510252074
2017-04-21 05:55:00,95,59.9,3.39,0.29473684210526313,원활,새벽(0-5),0.9659258262890683,0.25881904510252074
2017-04-21 06:00:00,73,53.9,2.86,0.410958904109589,원활,오전(6-11),1.0,6.123233995736766e-17
2017-04-21 06:05:00,78,57.9,2.93,0.46153846153846156,원활,오전(6-11),1.0,6.123233995736766e-17
2017-04-21 06:10:00,72,59.5,2.67,0.3472222222222222,원활,오전(6-11),1.0,6.123233995736766e-17
2017-04-21 06:15:00,85,58.4,3.08,0.36470588235294116,원활,오전(6-11),1.0,6.123233995736766e-17
2017-04-21 06:20:00,80,59.5,2.71,0.325,원활,오전(6-11),1.0,6.123233995736766e-17
2017-04-21 06:25:00,114,54.0,4.25,0.37719298245614036,보통,오전(6-11),1.0,6.123233995736766e-17
2017-04-21 06:30:00,103,60.7,3.73,0.3883495145631068,보통,오전(6-11),1.0,6.123233995736766e-17
2017-04-21 06:35:00,131,54.4,5.11,0.37404580152671757,보통,오전(6-11),1.0,6.123233995736766e-17
2017-04-21 06:40:00,122,54.4,4.6,0.3360655737704918,보통,오전(6-11),1.0,6.123233995736766e-17
2017-04-21 06:45:00,123,56.1,4.85,0.3170731707317073,보통,오전(6-11),1.0,6.123233995736766e-17
2017-04-21 06:50:00,136,50.7,5.22,0.3088235294117647,보통,오전(6-11),1.0,6.123233995736766e-17
2017-04-21 06:55:00,128,53.7,5.57,0.390625,보통,오전(6-11),1.0,6.123233995736766e-17
2017-04-21 07:00:00,127,50.6,5.04,0.3464566929133858,보통,오전(6-11),0.9659258262890683,-0.25881904510252085
2017-04-21 07:05:00,161,50.9,6.65,0.38509316770186336,보통,오전(6-11),0.9659258262890683,-0.25881904510252085
2017-04-21 07:10:00,200,51.0,8.15,0.36,혼잡,오전(6-11),0.9659258262890683,-0.25881904510252085
2017-04-21 07:15:00,235,48.2,10.58,0.3148936170212766,혼잡,오전(6-11),0.9659258262890683,-0.25881904510252085
2017-04-21 07:20:00,191,43.8,9.4,0.27225130890052357,혼잡,오전(6-11),0.9659258262890683,-0.25881904510252085
2017-04-21 07:25:00,189,39.8,10.19,0.328042328042328,혼잡,오전(6-11),0.9659258262890683,-0.25881904510252085
2017-04-21 07:30:00,250,40.6,14.15,0.308,혼잡,오전(6-11),0.9659258262890683,-0.25881904510252085
2017-04-21 07:35:00,306,46.8,12.78,0.30718954248366015,혼잡,오전(6-11),0.9659258262890683,-0.25881904510252085
2017-04-21 07:40:00,237,42.3,22.39,0.2489451476793249,혼잡,오전(6-11),0.9659258262890683,-0.25881904510252085
2017-04-21 07:45:00,229,42.7,10.46,0.2794759825327511,혼잡,오전(6-11),0.9659258262890683,-0.25881904510252085
2017-04-21 07:50:00,269,40.7,12.99,0.29739776951672864,혼잡,오전(6-11),0.9659258262890683,-0.25881904510252085
2017-04-21 07:55:00,300,45.3,12.59,0.30666666666666664,혼잡,오전(6-11),0.9659258262890683,-0.25881904510252085
2017-04-21 08:00:00,250,44.2,11.21,0.332,혼잡,오전(6-11),0.8660254037844387,-0.4999999999999998
2017-04-21 08:05:00,211,43.4,15.7,0.2796208530805687,혼잡,오전(6-11),0.8660254037844387,-0.4999999999999998
2017-04-21 08:10:00,248,44.1,11.08,0.2701612903225806,혼잡,오전(6-11),0.8660254037844387,-0.4999999999999998
2017-04-21 08:15:00,263,43.9,11.53,0.24714828897338403,혼잡,오전(6-11),0.8660254037844387,-0.4999999999999998
2017-04-21 08:20:00,253,44.3,10.72,0.30039525691699603,혼잡,오전(6-11),0.8660254037844387,-0.4999999999999998
2017-04-21 08:25:00,166,36.3,24.0,0.2469879518072289,혼잡,오전(6-11),0.8660254037844387,-0.4999999999999998
2017-04-21 08:30:00,205,35.6,25.86,0.28780487804878047,혼잡,오전(6-11),0.8660254037844387,-0.4999999999999998
2017-04-21 08:35:00,261,39.6,13.01,0.28735632183908044,혼잡,오전(6-11),0.8660254037844387,-0.4999999999999998
2017-04-21 08:40:00,233,43.8,11.02,0.27467811158798283,혼잡,오전(6-11),0.8660254037844387,-0.4999999999999998
2017-04-21 08:45:00,178,44.9,7.87,0.28651685393258425,혼잡,오전(6-11),0.8660254037844387,-0.4999999999999998
2017-04-21 08:50:00,154,46.6,6.67,0.37012987012987014,혼잡,오전(6-11),0.8660254037844387,-0.4999999999999998
2017-04-21 08:55:00,195,49.5,8.85,0.31794871794871793,혼잡,오전(6-11),0.8660254037844387,-0.4999999999999998
2017-04-21 09:00:00,180,46.3,7.86,0.3,혼잡,오전(6-11),0.7071067811865476,-0.7071067811865475
2017-04-21 09:05:00,164,49.9,6.89,0.3475609756097561,혼잡,오전(6-11),0.7071067811865476,-0.7071067811865475
2017-04-21 09:10:00,141,46.4,6.52,0.36879432624113473,보통,오전(6-11),0.7071067811865476,-0.7071067811865475
2017-04-21 09:15:00,176,48.7,7.37,0.35795454545454547,혼잡,오전(6-11),0.7071067811865476,-0.7071067811865475
2017-04-21 09:20:00,186,51.8,7.45,0.27419354838709675,혼잡,오전(6-11),0.7071067811865476,-0.7071067811865475
2017-04-21 09:25:00,188,48.9,7.88,0.35106382978723405,혼잡,오전(6-11),0.7071067811865476,-0.7071067811865475
2017-04-21 09:30:00,150,46.1,7.08,0.3,혼잡,오전(6-11),0.7071067811865476,-0.7071067811865475
2017-04-21 09:35:00,164,47.6,7.44,0.35365853658536583,혼잡,오전(6-11),0.7071067811865476,-0.7071067811865475
2017-04-21 09:40:00,156,48.2,6.86,0.3269230769230769,혼잡,오전(6-11),0.7071067811865476,-0.7071067811865475
2017-04-21 09:45:00,146,49.5,6.28,0.3561643835616438,보통,오전(6-11),0.7071067811865476,-0.7071067811865475
2017-04-21 09:50:00,159,52.7,6.11,0.3522012578616352,보통,오전(6-11),0.7071067811865476,-0.7071067811865475
2017-04-21 09:55:00,172,48.7,7.26,0.36046511627906974,혼잡,오전(6-11),0.7071067811865476,-0.7071067811865475
2017-04-21 10:00:00,169,49.1,7.17,0.3609467455621302,혼잡,오전(6-11),0.49999999999999994,-0.8660254037844387
2017-04-21 10:05:00,160,48.6,6.82,0.375,혼잡,오전(6-11),0.49999999999999994,-0.8660254037844387
2017-04-21 10:10:00,150,47.7,6.92,0.36666666666666664,혼잡,오전(6-11),0.49999999999999994,-0.8660254037844387
2017-04-21 10:15:00,141,51.4,5.79,0.3617021276595745,보통,오전(6-11),0.49999999999999994,-0.8660254037844387
2017-04-21 10:20:00,127,50.1,5.27,0.3543307086614173,보통,오전(6-11),0.49999999999999994,-0.8660254037844387
2017-04-21 10:25:00,130,48.1,6.87,0.4,혼잡,오전(6-11),0.49999999999999994,-0.8660254037844387
2017-04-21 10:30:00,149,53.1,5.82,0.37583892617449666,보통,오전(6-11),0.49999999999999994,-0.8660254037844387
2017-04-21 10:35:00,160,49.2,7.3,0.34375,혼잡,오전(6-11),0.49999999999999994,-0.8660254037844387
2017-04-21 10:40:00,149,51.2,5.92,0.4161073825503356,보통,오전(6-11),0.49999999999999994,-0.8660254037844387
2017-04-21 10:45:00,145,50.6,6.22,0.3724137931034483,보통,오전(6-11),0.49999999999999994,-0.8660254037844387
2017-04-21 10:50:00,131,46.3,6.03,0.48091603053435117,보통,오전(6-11),0.49999999999999994,-0.8660254037844387
2017-04-21 10:55:00,125,48.8,5.43,0.352,보통,오전(6-11),0.49999999999999994,-0.8660254037844387
2017-04-21 11:00:00,120,52.1,4.82,0.3333333333333333,보통,오전(6-11),0.258819045102521,-0.9659258262890682
2017-04-21 11:05:00,109,50.1,4.45,0.29357798165137616,보통,오전(6-11),0.258819045102521,-0.9659258262890682
2017-04-21 11:10:00,139,49.4,5.74,0.31654676258992803,보통,오전(6-11),0.258819045102521,-0.9659258262890682
2017-04-21 11:15:00,136,49.9,5.44,0.3382352941176471,보통,오전(6-11),0.258819045102521,-0.9659258262890682
2017-04-21 11:20:00,139,48.7,5.85,0.34532374100719426,보통,오전(6-11),0.258819045102521,-0.9659258262890682
2017-04-21 11:25:00,178,47.9,7.69,0.29775280898876405,혼잡,오전(6-11),0.258819045102521,-0.9659258262890682
2017-04-21 11:30:00,136,46.9,5.67,0.29411764705882354,보통,오전(6-11),0.258819045102521,-0.9659258262890682
2017-04-21 11:35:00,145,46.3,6.46,0.2896551724137931,보통,오전(6-11),0.258819045102521,-0.9659258262890682
2017-04-21 11:40:00,152,47.9,6.46,0.3157894736842105,보통,오전(6-11),0.258819045102521,-0.9659258262890682
2017-04-21 11:45:00,183,41.8,9.14,0.34972677595628415,혼잡,오전(6-11),0.258819045102521,-0.9659258262890682
2017-04-21 11:50:00,170,45.1,9.69,0.2647058823529412,혼잡,오전(6-11),0.258819045102521,-0.9659258262890682
2017-04-21 11:55:00,173,43.3,8.9,0.35260115606936415,혼잡,오전(6-11),0.258819045102521,-0.9659258262890682
2017-04-21 12:00:00,152,48.0,6.24,0.28289473684210525,보통,오후(12-17),1.2246467991473532e-16,-1.0
2017-04-21 12:05:00,157,45.2,7.3,0.2802547770700637,혼잡,오후(12-17),1.2246467991473532e-16,-1.0
2017-04-21 12:10:00,117,53.1,4.36,0.3247863247863248,보통,오후(12-17),1.2246467991473532e-16,-1.0
2017-04-21 12:15:00,127,51.6,5.49,0.3858267716535433,보통,오후(12-17),1.2246467991473532e-16,-1.0
2017-04-21 12:20:00,105,49.1,4.2,0.3047619047619048,보통,오후(12-17),1.2246467991473532e-16,-1.0
2017-04-21 12:25:00,77,49.6,3.7,0.2857142857142857,원활,오후(12-17),1.2246467991473532e-16,-1.0
2017-04-21 12:30:00,150,47.1,6.51,0.36666666666666664,보통,오후(12-17),1.2246467991473532e-16,-1.0
2017-04-21 12:35:00,143,48.9,5.78,0.3006993006993007,보통,오후(12-17),1.2246467991473532e-16,-1.0
2017-04-21 12:40:00,154,44.7,8.14,0.2727272727272727,혼잡,오후(12-17),1.2246467991473532e-16,-1.0
2017-04-21 12:45:00,146,47.8,6.29,0.3561643835616438,보통,오후(12-17),1.2246467991473532e-16,-1.0
2017-04-21 12:50:00,162,43.6,7.26,0.36419753086419754,혼잡,오후(12-17),1.2246467991473532e-16,-1.0
2017-04-21 12:55:00,155,44.1,6.96,0.2903225806451613,혼잡,오후(12-17),1.2246467991473532e-16,-1.0
2017-04-21 13:00:00,121,50.6,4.8,0.2975206611570248,보통,오후(12-17),-0.25881904510252035,-0.9659258262890684
2017-04-21 13:05:00,152,46.1,6.66,0.34210526315789475,혼잡,오후(12-17),-0.25881904510252035,-0.9659258262890684
2017-04-21 13:10:00,168,46.3,7.17,0.27976190476190477,혼잡,오후(12-17),-0.25881904510252035,-0.9659258262890684
2017-04-21 13:15:00,168,48.2,6.97,0.2619047619047619,혼잡,오후(12-17),-0.25881904510252035,-0.9659258262890684
2017-04-21 13:20:00,174,47.1,7.07,0.27586206896551724,혼잡,오후(12-17),-0.25881904510252035,-0.9659258262890684
2017-04-21 13:25:00,178,48.4,7.17,0.33146067415730335,혼잡,오후(12-17),-0.25881904510252035,-0.9659258262890684
2017-04-21 13:30:00,154,45.1,6.46,0.2792207792207792,보통,오후(12-17),-0.25881904510252035,-0.9659258262890684
2017-04-21 13:35:00,168,46.3,7.31,0.32142857142857145,혼잡,오후(12-17),-0.25881904510252035,-0.9659258262890684
2017-04-21 13:40:00,142,47.6,6.09,0.34507042253521125,보통,오후(12-17),-0.25881904510252035,-0.9659258262890684
2017-04-21 13:45:00,147,47.9,6.27,0.23809523809523808,보통,오후(12-17),-0.25881904510252035,-0.9659258262890684
2017-04-21 13:50:00,139,48.3,5.7,0.302158273381295,보통,오후(12-17),-0.25881904510252035,-0.9659258262890684
2017-04-21 13:55:00,161,43.9,7.16,0.3105590062111801,혼잡,오후(12-17),-0.25881904510252035,-0.9659258262890684
2017-04-21 14:00:00,184,45.6,8.19,0.27717391304347827,혼잡,오후(12-17),-0.5000000000000001,-0.8660254037844386
2017-04-21 14:05:00,169,48.3,7.0,0.3431952662721893,혼잡,오후(12-17),-0.5000000000000001,-0.8660254037844386
2017-04-21 14:10:00,146,45.9,6.65,0.3561643835616438,보통,오후(12-17),-0.5000000000000001,-0.8660254037844386
2017-04-21 14:15:00,110,52.6,4.7,0.3090909090909091,보통,오후(12-17),-0.5000000000000001,-0.8660254037844386
2017-04-21 14:20:00,148,45.5,6.33,0.20270270270270271,보통,오후(12-17),-0.5000000000000001,-0.8660254037844386
2017-04-21 14:25:00,161,45.5,6.89,0.2857142857142857,혼잡,오후(12-17),-0.5000000000000001,-0.8660254037844386
2017-04-21 14:30:00,179,42.0,8.91,0.3240223463687151,혼잡,오후(12-17),-0.5000000000000001,-0.8660254037844386
2017-04-21 14:35:00,183,35.9,11.37,0.26229508196721313,혼잡,오후(12-17),-0.5000000000000001,-0.8660254037844386
2017-04-21 14:40:00,159,43.9,6.88,0.31446540880503143,혼잡,오후(12-17),-0.5000000000000001,-0.8660254037844386
2017-04-21 14:45:00,152,48.6,6.33,0.3223684210526316,보통,오후(12-17),-0.5000000000000001,-0.8660254037844386
2017-04-21 14:50:00,156,44.2,7.3,0.33974358974358976,혼잡,오후(12-17),-0.5000000000000001,-0.8660254037844386
2017-04-21 14:55:00,147,47.6,6.39,0.32653061224489793,보통,오후(12-17),-0.5000000000000001,-0.8660254037844386
2017-04-21 15:00:00,128,49.3,5.31,0.2421875,보통,오후(12-17),-0.7071067811865475,-0.7071067811865477
2017-04-21 15:05:00,144,48.7,6.02,0.3402777777777778,보통,오후(12-17),-0.7071067811865475,-0.7071067811865477
2017-04-21 15:10:00,152,48.4,6.51,0.34210526315789475,보통,오후(12-17),-0.7071067811865475,-0.7071067811865477
2017-04-21 15:15:00,160,49.3,6.14,0.25625,보통,오후(12-17),-0.7071067811865475,-0.7071067811865477
2017-04-21 15:20:00,167,44.9,9.8,0.2874251497005988,혼잡,오후(12-17),-0.7071067811865475,-0.7071067811865477
2017-04-21 15:25:00,141,49.3,5.69,0.3191489361702128,보통,오후(12-17),-0.7071067811865475,-0.7071067811865477
2017-04-21 15:30:00,135,48.0,5.37,0.23703703703703705,보통,오후(12-17),-0.7071067811865475,-0.7071067811865477
2017-04-21 15:35:00,154,46.4,6.65,0.24675324675324675,보통,오후(12-17),-0.7071067811865475,-0.7071067811865477
2017-04-21 15:40:00,152,47.1,6.43,0.27631578947368424,보통,오후(12-17),-0.7071067811865475,-0.7071067811865477
2017-04-21 15:45:00,139,46.3,5.74,0.3237410071942446,보통,오후(12-17),-0.7071067811865475,-0.7071067811865477
2017-04-21 15:50:00,172,45.6,7.39,0.27906976744186046,혼잡,오후(12-17),-0.7071067811865475,-0.7071067811865477
2017-04-21 15:55:00,175,46.7,7.62,0.28,혼잡,오후(12-17),-0.7071067811865475,-0.7071067811865477
2017-04-21 16:00:00,195,40.6,9.79,0.2717948717948718,혼잡,오후(12-17),-0.8660254037844385,-0.5000000000000004
2017-04-21 16:05:00,188,45.7,8.0,0.22340425531914893,혼잡,오후(12-17),-0.8660254037844385,-0.5000000000000004
2017-04-21 16:10:00,161,46.5,6.81,0.2732919254658385,혼잡,오후(12-17),-0.8660254037844385,-0.5000000000000004
2017-04-21 16:15:00,139,48.2,5.72,0.2949640287769784,보통,오후(12-17),-0.8660254037844385,-0.5000000000000004
2017-04-21 16:20:00,160,45.2,7.57,0.28125,혼잡,오후(12-17),-0.8660254037844385,-0.5000000000000004
2017-04-21 16:25:00,159,48.3,6.59,0.2389937106918239,보통,오후(12-17),-0.8660254037844385,-0.5000000000000004
2017-04-21 16:30:00,172,48.4,7.15,0.2616279069767442,혼잡,오후(12-17),-0.8660254037844385,-0.5000000000000004
2017-04-21 16:35:00,182,47.5,7.13,0.2087912087912088,혼잡,오후(12-17),-0.8660254037844385,-0.5000000000000004
2017-04-21 16:40:00,185,45.2,9.07,0.24324324324324326,혼잡,오후(12-17),-0.8660254037844385,-0.5000000000000004
2017-04-21 16:45:00,188,44.6,7.69,0.2553191489361702,혼잡,오후(12-17),-0.8660254037844385,-0.5000000000000004
2017-04-21 16:50:00,174,43.2,7.67,0.26436781609195403,혼잡,오후(12-17),-0.8660254037844385,-0.5000000000000004
2017-04-21 16:55:00,163,48.8,6.7,0.19631901840490798,혼잡,오후(12-17),-0.8660254037844385,-0.5000000000000004
2017-04-21 17:00:00,128,49.1,5.11,0.21875,보통,오후(12-17),-0.9659258262890683,-0.25881904510252063
2017-04-21 17:05:00,183,39.7,18.29,0.32786885245901637,혼잡,오후(12-17),-0.9659258262890683,-0.25881904510252063
2017-04-21 17:10:00,144,46.1,5.97,0.2013888888888889,보통,오후(12-17),-0.9659258262890683,-0.25881904510252063
2017-04-21 17:15:00,172,43.4,7.93,0.25,혼잡,오후(12-17),-0.9659258262890683,-0.25881904510252063
2017-04-21 17:20:00,203,42.1,9.53,0.29064039408866993,혼잡,오후(12-17),-0.9659258262890683,-0.25881904510252063
2017-04-21 17:25:00,194,45.8,7.95,0.28865979381443296,혼잡,오후(12-17),-0.9659258262890683,-0.25881904510252063
2017-04-21 17:30:00,127,47.2,5.17,0.29133858267716534,보통,오후(12-17),-0.9659258262890683,-0.25881904510252063
2017-04-21 17:35:00,158,43.5,7.22,0.3227848101265823,혼잡,오후(12-17),-0.9659258262890683,-0.25881904510252063
2017-04-21 17:40:00,216,37.5,11.52,0.25462962962962965,혼잡,오후(12-17),-0.9659258262890683,-0.25881904510252063
2017-04-21 17:45:00,182,45.4,7.84,0.2692307692307692,혼잡,오후(12-17),-0.9659258262890683,-0.25881904510252063
2017-04-21 17:50:00,164,45.3,6.79,0.21951219512195122,혼잡,오후(12-17),-0.9659258262890683,-0.25881904510252063
2017-04-21 17:55:00,152,41.2,6.89,0.21710526315789475,혼잡,오후(12-17),-0.9659258262890683,-0.25881904510252063
2017-04-21 18:00:00,179,42.2,8.48,0.27932960893854747,혼잡,저녁(18-23),-1.0,-1.8369701987210297e-16
2017-04-21 18:05:00,183,43.9,7.7,0.2786885245901639,혼잡,저녁(18-23),-1.0,-1.8369701987210297e-16
2017-04-21 18:10:00,200,36.8,13.34,0.285,혼잡,저녁(18-23),-1.0,-1.8369701987210297e-16
2017-04-21 18:15:00,180,37.1,17.23,0.3,혼잡,저녁(18-23),-1.0,-1.8369701987210297e-16
2017-04-21 18:20:00,215,34.0,12.72,0.2744186046511628,혼잡,저녁(18-23),-1.0,-1.8369701987210297e-16
2017-04-21 18:25:00,255,32.3,23.73,0.29411764705882354,혼잡,저녁(18-23),-1.0,-1.8369701987210297e-16
2017-04-21 18:30:00,210,34.6,32.49,0.23809523809523808,혼잡,저녁(18-23),-1.0,-1.8369701987210297e-16
2017-04-21 18:35:00,175,37.0,9.03,0.2342857142857143,혼잡,저녁(18-23),-1.0,-1.8369701987210297e-16
2017-04-21 18:40:00,160,41.2,7.05,0.275,혼잡,저녁(18-23),-1.0,-1.8369701987210297e-16
2017-04-21 18:45:00,187,40.1,16.77,0.2192513368983957,혼잡,저녁(18-23),-1.0,-1.8369701987210297e-16
2017-04-21 18:50:00,189,45.5,8.4,0.32275132275132273,혼잡,저녁(18-23),-1.0,-1.8369701987210297e-16
2017-04-21 18:55:00,134,43.6,5.83,0.3656716417910448,보통,저녁(18-23),-1.0,-1.8369701987210297e-16
2017-04-21 19:00:00,139,41.7,6.42,0.31654676258992803,보통,저녁(18-23),-0.9659258262890684,0.2588190451025203
2017-04-21 19:05:00,170,39.7,9.27,0.32941176470588235,혼잡,저녁(18-23),-0.9659258262890684,0.2588190451025203
2017-04-21 19:10:00,173,39.6,8.29,0.2832369942196532,혼잡,저녁(18-23),-0.9659258262890684,0.2588190451025203
2017-04-21 19:15:00,173,40.8,8.9,0.2947976878612717,혼잡,저녁(18-23),-0.9659258262890684,0.2588190451025203
2017-04-21 19:20:00,123,42.7,6.15,0.10569105691056911,보통,저녁(18-23),-0.9659258262890684,0.2588190451025203
2017-04-21 19:25:00,162,40.8,9.0,0.12345679012345678,혼잡,저녁(18-23),-0.9659258262890684,0.2588190451025203
2017-04-21 19:30:00,153,43.6,7.3,0.21568627450980393,혼잡,저녁(18-23),-0.9659258262890684,0.2588190451025203
2017-04-21 19:35:00,155,42.9,7.53,0.21935483870967742,혼잡,저녁(18-23),-0.9659258262890684,0.2588190451025203
2017-04-21 19:40:00,133,41.9,7.68,0.18796992481203006,혼잡,저녁(18-23),-0.9659258262890684,0.2588190451025203
2017-04-21 19:45:00,129,44.6,5.75,0.17829457364341086,보통,저녁(18-23),-0.9659258262890684,0.2588190451025203
2017-04-21 19:50:00,121,46.7,6.26,0.2066115702479339,보통,저녁(18-23),-0.9659258262890684,0.2588190451025203
2017-04-21 19:55:00,115,45.2,5.7,0.2608695652173913,보통,저녁(18-23),-0.9659258262890684,0.2588190451025203
2017-04-21 20:00:00,113,44.2,5.55,0.2743362831858407,보통,저녁(18-23),-0.8660254037844386,0.5000000000000001
2017-04-21 20:05:00,127,44.0,6.28,0.2204724409448819,보통,저녁(18-23),-0.8660254037844386,0.5000000000000001
2017-04-21 20:10:00,153,45.8,7.58,0.20915032679738563,혼잡,저녁(18-23),-0.8660254037844386,0.5000000000000001
2017-04-21 20:15:00,116,45.2,5.94,0.20689655172413793,보통,저녁(18-23),-0.8660254037844386,0.5000000000000001
2017-04-21 20:20:00,149,38.8,9.04,0.21476510067114093,혼잡,저녁(18-23),-0.8660254037844386,0.5000000000000001
2017-04-21 20:25:00,107,46.0,5.25,0.2616822429906542,보통,저녁(18-23),-0.8660254037844386,0.5000000000000001
2017-04-21 20:30:00,115,49.2,5.86,0.17391304347826086,보통,저녁(18-23),-0.8660254037844386,0.5000000000000001
2017-04-21 20:35:00,128,48.6,6.67,0.2421875,혼잡,저녁(18-23),-0.8660254037844386,0.5000000000000001
2017-04-21 20:40:00,102,45.5,10.27,0.16666666666666666,혼잡,저녁(18-23),-0.8660254037844386,0.5000000000000001
2017-04-21 20:45:00,109,46.4,5.11,0.22018348623853212,보통,저녁(18-23),-0.8660254037844386,0.5000000000000001
2017-04-21 20:50:00,132,44.0,6.3,0.2196969696969697,보통,저녁(18-23),-0.8660254037844386,0.5000000000000001
2017-04-21 20:55:00,142,44.5,6.74,0.15492957746478872,혼잡,저녁(18-23),-0.8660254037844386,0.5000000000000001
2017-04-21 21:00:00,116,46.2,5.94,0.1810344827586207,보통,저녁(18-23),-0.7071067811865477,0.7071067811865474
2017-04-21 21:05:00,122,40.8,6.75,0.20491803278688525,혼잡,저녁(18-23),-0.7071067811865477,0.7071067811865474
2017-04-21 21:10:00,111,45.3,5.8,0.1981981981981982,보통,저녁(18-23),-0.7071067811865477,0.7071067811865474
2017-04-21 21:15:00,121,45.3,5.84,0.19834710743801653,보통,저녁(18-23),-0.7071067811865477,0.7071067811865474
2017-04-21 21:20:00,115,44.3,6.03,0.1826086956521739,보통,저녁(18-23),-0.7071067811865477,0.7071067811865474
2017-04-21 21:25:00,137,42.8,7.19,0.15328467153284672,혼잡,저녁(18-23),-0.7071067811865477,0.7071067811865474
2017-04-21 21:30:00,114,44.9,6.04,0.21052631578947367,보통,저녁(18-23),-0.7071067811865477,0.7071067811865474
2017-04-21 21:35:00,131,40.2,11.14,0.2366412213740458,혼잡,저녁(18-23),-0.7071067811865477,0.7071067811865474
2017-04-21 21:40:00,125,43.7,6.45,0.112,보통,저녁(18-23),-0.7071067811865477,0.7071067811865474
2017-04-21 21:45:00,138,42.4,7.27,0.16666666666666666,혼잡,저녁(18-23),-0.7071067811865477,0.7071067811865474
2017-04-21 21:50:00,112,42.1,5.4,0.23214285714285715,보통,저녁(18-23),-0.7071067811865477,0.7071067811865474
2017-04-21 21:55:00,99,45.1,4.78,0.1717171717171717,보통,저녁(18-23),-0.7071067811865477,0.7071067811865474
2017-04-21 22:00:00,138,44.6,6.65,0.21014492753623187,보통,저녁(18-23),-0.5000000000000004,0.8660254037844384
2017-04-21 22:05:00,109,46.5,5.33,0.24770642201834864,보통,저녁(18-23),-0.5000000000000004,0.8660254037844384
2017-04-21 22:10:00,98,43.3,5.3,0.16326530612244897,보통,저녁(18-23),-0.5000000000000004,0.8660254037844384
2017-04-21 22:15:00,108,46.5,5.55,0.28703703703703703,보통,저녁(18-23),-0.5000000000000004,0.8660254037844384
2017-04-21 22:20:00,94,46.1,5.03,0.20212765957446807,보통,저녁(18-23),-0.5000000000000004,0.8660254037844384
2017-04-21 22:25:00,112,45.1,5.37,0.21428571428571427,보통,저녁(18-23),-0.5000000000000004,0.8660254037844384
2017-04-21 22:30:00,84,46.3,9.54,0.2261904761904762,혼잡,저녁(18-23),-0.5000000000000004,0.8660254037844384
2017-04-21 22:35:00,78,46.6,7.09,0.2692307692307692,혼잡,저녁(18-23),-0.5000000000000004,0.8660254037844384
2017-04-21 22:40:00,92,49.0,4.37,0.2608695652173913,보통,저녁(18-23),-0.5000000000000004,0.8660254037844384
2017-04-21 22:45:00,98,48.3,4.37,0.21428571428571427,보통,저녁(18-23),-0.5000000000000004,0.8660254037844384
2017-04-21 22:50:00,74,49.8,3.55,0.3108108108108108,원활,저녁(18-23),-0.5000000000000004,0.8660254037844384
2017-04-21 22:55:00,92,46.9,4.42,0.11956521739130435,보통,저녁(18-23),-0.5000000000000004,0.8660254037844384
2017-04-21 23:00:00,67,48.6,3.87,0.31343283582089554,보통,저녁(18-23),-0.2588190451025207,0.9659258262890683
2017-04-21 23:05:00,82,49.5,3.63,0.1951219512195122,원활,저녁(18-23),-0.2588190451025207,0.9659258262890683
2017-04-21 23:10:00,69,50.6,3.64,0.2463768115942029,원활,저녁(18-23),-0.2588190451025207,0.9659258262890683
2017-04-21 23:15:00,88,48.6,4.03,0.22727272727272727,보통,저녁(18-23),-0.2588190451025207,0.9659258262890683
2017-04-21 23:20:00,70,54.1,3.03,0.22857142857142856,원활,저녁(18-23),-0.2588190451025207,0.9659258262890683
2017-04-21 23:25:00,61,55.2,2.8,0.22950819672131148,원활,저녁(18-23),-0.2588190451025207,0.9659258262890683
2017-04-21 23:30:00,56,49.0,2.46,0.21428571428571427,원활,저녁(18-23),-0.2588190451025207,0.9659258262890683
2017-04-21 23:35:00,73,50.9,3.36,0.2465753424657534,원활,저녁(18-23),-0.2588190451025207,0.9659258262890683
2017-04-21 23:40:00,46,53.5,1.99,0.1956521739130435,원활,저녁(18-23),-0.2588190451025207,0.9659258262890683
2017-04-21 23:45:00,44,55.5,1.68,0.20454545454545456,원활,저녁(18-23),-0.2588190451025207,0.9659258262890683
2017-04-21 23:50:00,42,53.8,1.88,0.23809523809523808,원활,저녁(18-23),-0.2588190451025207,0.9659258262890683
2017-04-21 23:55:00,56,53.6,2.3,0.26785714285714285,원활,저녁(18-23),-0.2588190451025207,0.9659258262890683
2017-04-22 00:00:00,61,57.4,2.4,0.36065573770491804,원활,새벽(0-5),0.0,1.0
2017-04-22 00:05:00,54,52.9,2.13,0.2037037037037037,원활,새벽(0-5),0.0,1.0
2017-04-22 00:10:00,30,58.1,1.23,0.2,원활,새벽(0-5),0.0,1.0
2017-04-22 00:15:00,51,57.9,2.06,0.19607843137254902,원활,새벽(0-5),0.0,1.0
2017-04-22 00:20:00,39,54.8,1.72,0.23076923076923078,원활,새벽(0-5),0.0,1.0
2017-04-22 00:25:00,45,58.6,1.81,0.28888888888888886,원활,새벽(0-5),0.0,1.0
2017-04-22 00:30:00,42,53.4,1.67,0.23809523809523808,원활,새벽(0-5),0.0,1.0
2017-04-22 00:35:00,50,54.0,1.83,0.22,원활,새벽(0-5),0.0,1.0
2017-04-22 00:40:00,51,65.3,1.91,0.3137254901960784,원활,새벽(0-5),0.0,1.0
2017-04-22 00:45:00,32,55.3,1.4,0.375,원활,새벽(0-5),0.0,1.0
2017-04-22 00:50:00,27,62.7,1.05,0.2962962962962963,원활,새벽(0-5),0.0,1.0
2017-04-22 00:55:00,24,65.2,0.97,0.375,원활,새벽(0-5),0.0,1.0
2017-04-22 01:00:00,39,53.5,1.72,0.28205128205128205,원활,새벽(0-5),0.25881904510252074,0.9659258262890683
2017-04-22 01:05:00,28,61.2,1.1,0.21428571428571427,원활,새벽(0-5),0.25881904510252074,0.9659258262890683
2017-04-22 01:10:00,37,54.4,1.56,0.24324324324324326,원활,새벽(0-5),0.25881904510252074,0.9659258262890683
2017-04-22 01:15:00,37,58.3,1.58,0.43243243243243246,원활,새벽(0-5),0.25881904510252074,0.9659258262890683
2017-04-22 01:20:00,48,62.9,1.71,0.3333333333333333,원활,새벽(0-5),0.25881904510252074,0.9659258262890683
2017-04-22 01:25:00,32,59.8,1.15,0.28125,원활,새벽(0-5),0.25881904510252074,0.9659258262890683
2017-04-22 01:30:00,29,59.4,1.11,0.3793103448275862,원활,새벽(0-5),0.25881904510252074,0.9659258262890683
2017-04-22 01:35:00,31,59.7,1.36,0.3225806451612903,원활,새벽(0-5),0.25881904510252074,0.9659258262890683
2017-04-22 01:40:00,24,59.4,1.05,0.3333333333333333,원활,새벽(0-5),0.25881904510252074,0.9659258262890683
2017-04-22 01:45:00,38,57.8,1.38,0.21052631578947367,원활,새벽(0-5),0.25881904510252074,0.9659258262890683
2017-04-22 01:50:00,22,63.6,0.77,0.5,원활,새벽(0-5),0.25881904510252074,0.9659258262890683
2017-04-22 01:55:00,17,63.9,0.63,0.4117647058823529,원활,새벽(0-5),0.25881904510252074,0.9659258262890683
2017-04-22 02:00:00,24,61.2,0.93,0.25,원활,새벽(0-5),0.49999999999999994,0.8660254037844387
2017-04-22 02:05:00,23,62.3,0.92,0.34782608695652173,원활,새벽(0-5),0.49999999999999994,0.8660254037844387
2017-04-22 02:10:00,23,71.4,0.81,0.13043478260869565,원활,새벽(0-5),0.49999999999999994,0.8660254037844387
2017-04-22 02:15:00,21,58.8,0.94,0.47619047619047616,원활,새벽(0-5),0.49999999999999994,0.8660254037844387
2017-04-22 02:20:00,13,57.2,0.64,0.46153846153846156,원활,새벽(0-5),0.49999999999999994,0.8660254037844387
2017-04-22 02:25:00,25,57.8,1.02,0.08,원활,새벽(0-5),0.49999999999999994,0.8660254037844387
2017-04-22 02:30:00,33,62.0,1.25,0.5151515151515151,원활,새벽(0-5),0.49999999999999994,0.8660254037844387
2017-04-22 02:35:00,18,59.9,0.58,0.3333333333333333,원활,새벽(0-5),0.49999999999999994,0.8660254037844387
2017-04-22 02:40:00,22,58.3,0.88,0.3181818181818182,원활,새벽(0-5),0.49999999999999994,0.8660254037844387
2017-04-22 02:45:00,25,57.0,1.04,0.48,원활,새벽(0-5),0.49999999999999994,0.8660254037844387
2017-04-22 02:50:00,18,55.9,0.74,0.5,원활,새벽(0-5),0.49999999999999994,0.8660254037844387
2017-04-22 02:55:00,20,69.1,0.73,0.2,원활,새벽(0-5),0.49999999999999994,0.8660254037844387
2017-04-22 03:00:00,18,56.2,0.76,0.3333333333333333,원활,새벽(0-5),0.7071067811865476,0.7071067811865476
2017-04-22 03:05:00,16,68.6,0.53,0.3125,원활,새벽(0-5),0.7071067811865476,0.7071067811865476
2017-04-22 03:10:00,29,65.3,1.14,0.4827586206896552,원활,새벽(0-5),0.7071067811865476,0.7071067811865476
2017-04-22 03:15:00,25,60.9,1.09,0.24,원활,새벽(0-5),0.7071067811865476,0.7071067811865476
2017-04-22 03:20:00,17,56.2,1.01,0.35294117647058826,원활,새벽(0-5),0.7071067811865476,0.7071067811865476
2017-04-22 03:25:00,22,57.2,0.9,0.2727272727272727,원활,새벽(0-5),0.7071067811865476,0.7071067811865476
2017-04-22 03:30:00,18,59.6,0.69,0.4444444444444444,원활,새벽(0-5),0.7071067811865476,0.7071067811865476
2017-04-22 03:35:00,12,71.3,0.48,0.3333333333333333,원활,새벽(0-5),0.7071067811865476,0.7071067811865476
2017-04-22 03:40:00,11,50.4,0.54,0.36363636363636365,원활,새벽(0-5),0.7071067811865476,0.7071067811865476
2017-04-22 03:45:00,22,60.0,0.9,0.36363636363636365,원활,새벽(0-5),0.7071067811865476,0.7071067811865476
2017-04-22 03:50:00,20,62.6,0.87,0.4,원활,새벽(0-5),0.7071067811865476,0.7071067811865476
2017-04-22 03:55:00,22,52.8,0.95,0.22727272727272727,원활,새벽(0-5),0.7071067811865476,0.7071067811865476
2017-04-22 04:00:00,22,58.2,0.94,0.3181818181818182,원활,새벽(0-5),0.8660254037844386,0.5000000000000001
2017-04-22 04:05:00,26,56.8,0.96,0.3076923076923077,원활,새벽(0-5),0.8660254037844386,0.5000000000000001
2017-04-22 04:10:00,19,67.9,0.65,0.10526315789473684,원활,새벽(0-5),0.8660254037844386,0.5000000000000001
2017-04-22 04:15:00,19,57.5,0.79,0.3157894736842105,원활,새벽(0-5),0.8660254037844386,0.5000000000000001
2017-04-22 04:20:00,18,67.8,0.76,0.1111111111111111,원활,새벽(0-5),0.8660254037844386,0.5000000000000001
2017-04-22 04:25:00,26,65.2,0.96,0.2692307692307692,원활,새벽(0-5),0.8660254037844386,0.5000000000000001
2017-04-22 04:30:00,20,50.4,0.85,0.2,원활,새벽(0-5),0.8660254037844386,0.5000000000000001
2017-04-22 04:35:00,32,57.8,1.38,0.3125,원활,새벽(0-5),0.8660254037844386,0.5000000000000001
2017-04-22 04:40:00,26,62.3,1.01,0.4230769230769231,원활,새벽(0-5),0.8660254037844386,0.5000000000000001
2017-04-22 04:45:00,41,67.7,1.62,0.34146341463414637,원활,새벽(0-5),0.8660254037844386,0.5000000000000001
2017-04-22 04:50:00,33,53.8,1.36,0.36363636363636365,원활,새벽(0-5),0.8660254037844386,0.5000000000000001
2017-04-22 04:55:00,27,51.1,1.15,0.25925925925925924,원활,새벽(0-5),0.8660254037844386,0.5000000000000001
2017-04-22 05:00:00,28,56.3,1.36,0.2857142857142857,원활,새벽(0-5),0.9659258262890683,0.25881904510252074
2017-04-22 05:05:00,40,60.1,1.86,0.25,원활,새벽(0-5),0.9659258262890683,0.25881904510252074
2017-04-22 05:10:00,33,59.5,1.4,0.21212121212121213,원활,새벽(0-5),0.9659258262890683,0.25881904510252074
2017-04-22 05:15:00,39,58.3,1.69,0.5641025641025641,원활,새벽(0-5),0.9659258262890683,0.25881904510252074
2017-04-22 05:20:00,50,52.6,2.41,0.32,원활,새벽(0-5),0.9659258262890683,0.25881904510252074
2017-04-22 05:25:00,48,60.5,2.09,0.2708333333333333,원활,새벽(0-5),0.9659258262890683,0.25881904510252074
2017-04-22 05:30:00,32,57.6,1.23,0.25,원활,새벽(0-5),0.9659258262890683,0.25881904510252074
2017-04-22 05:35:00,30,56.2,1.49,0.4666666666666667,원활,새벽(0-5),0.9659258262890683,0.25881904510252074
2017-04-22 05:40:00,45,63.8,1.55,0.24444444444444444,원활,새벽(0-5),0.9659258262890683,0.25881904510252074
2017-04-22 05:45:00,35,73.6,1.13,0.3142857142857143,원활,새벽(0-5),0.9659258262890683,0.25881904510252074
2017-04-22 05:50:00,47,63.0,1.54,0.19148936170212766,원활,새벽(0-5),0.9659258262890683,0.25881904510252074
2017-04-22 05:55:00,67,57.0,2.32,0.23880597014925373,원활,새벽(0-5),0.9659258262890683,0.25881904510252074
2017-04-22 06:00:00,56,56.0,2.13,0.35714285714285715,원활,오전(6-11),1.0,6.123233995736766e-17
2017-04-22 06:05:00,62,59.3,2.32,0.3548387096774194,원활,오전(6-11),1.0,6.123233995736766e-17
2017-04-22 06:10:00,59,55.8,2.07,0.3220338983050847,원활,오전(6-11),1.0,6.123233995736766e-17
2017-04-22 06:15:00,70,56.5,2.77,0.32857142857142857,원활,오전(6-11),1.0,6.123233995736766e-17
2017-04-22 06:20:00,68,61.1,2.37,0.39705882352941174,원활,오전(6-11),1.0,6.123233995736766e-17
2017-04-22 06:25:00,92,55.2,3.35,0.43478260869565216,원활,오전(6-11),1.0,6.123233995736766e-17
2017-04-22 06:30:00,93,59.5,3.37,0.3978494623655914,원활,오전(6-11),1.0,6.123233995736766e-17
2017-04-22 06:35:00,94,60.4,3.42,0.46808510638297873,원활,오전(6-11),1.0,6.123233995736766e-17
2017-04-22 06:40:00,93,57.1,3.34,0.3763440860215054,원활,오전(6-11),1.0,6.123233995736766e-17
2017-04-22 06:45:00,91,55.3,4.06,0.5274725274725275,보통,오전(6-11),1.0,6.123233995736766e-17
2017-04-22 06:50:00,92,51.9,3.52,0.30434782608695654,원활,오전(6-11),1.0,6.123233995736766e-17
2017-04-22 06:55:00,81,56.9,2.97,0.2839506172839506,원활,오전(6-11),1.0,6.123233995736766e-17
2017-04-22 07:00:00,89,52.4,3.78,0.39325842696629215,보통,오전(6-11),0.9659258262890683,-0.25881904510252085
2017-04-22 07:05:00,95,59.3,3.43,0.3684210526315789,원활,오전(6-11),0.9659258262890683,-0.25881904510252085
2017-04-22 07:10:00,110,57.4,4.07,0.3181818181818182,보통,오전(6-11),0.9659258262890683,-0.25881904510252085
2017-04-22 07:15:00,109,55.4,4.04,0.25688073394495414,보통,오전(6-11),0.9659258262890683,-0.25881904510252085
2017-04-22 07:20:00,97,54.8,4.31,0.4020618556701031,보통,오전(6-11),0.9659258262890683,-0.25881904510252085
2017-04-22 07:25:00,86,53.6,3.48,0.4186046511627907,원활,오전(6-11),0.9659258262890683,-0.25881904510252085
2017-04-22 07:30:00,119,57.8,4.27,0.3025210084033613,보통,오전(6-11),0.9659258262890683,-0.25881904510252085
2017-04-22 07:35:00,114,56.5,4.44,0.32456140350877194,보통,오전(6-11),0.9659258262890683,-0.25881904510252085
2017-04-22 07:40:00,95,54.9,3.77,0.3263157894736842,보통,오전(6-11),0.9659258262890683,-0.25881904510252085
2017-04-22 07:45:00,115,51.4,4.55,0.26956521739130435,보통,오전(6-11),0.9659258262890683,-0.25881904510252085
2017-04-22 07:50:00,118,58.3,4.02,0.2542372881355932,보통,오전(6-11),0.9659258262890683,-0.25881904510252085
2017-04-22 07:55:00,113,56.1,4.19,0.26548672566371684,보통,오전(6-11),0.9659258262890683,-0.25881904510252085
2017-04-22 08:00:00,114,52.1,4.55,0.34210526315789475,보통,오전(6-11),0.8660254037844387,-0.4999999999999998
2017-04-22 08:05:00,104,53.5,4.25,0.27884615384615385,보통,오전(6-11),0.8660254037844387,-0.4999999999999998
2017-04-22 08:10:00,92,56.8,3.19,0.34782608695652173,원활,오전(6-11),0.8660254037844387,-0.4999999999999998
2017-04-22 08:15:00,112,56.2,4.05,0.2857142857142857,보통,오전(6-11),0.8660254037844387,-0.4999999999999998
2017-04-22 08:20:00,138,52.5,5.28,0.2318840579710145,보통,오전(6-11),0.8660254037844387,-0.4999999999999998
2017-04-22 08:25:00,132,49.8,5.59,0.26515151515151514,보통,오전(6-11),0.8660254037844387,-0.4999999999999998
2017-04-22 08:30:00,105,52.5,4.12,0.22857142857142856,보통,오전(6-11),0.8660254037844387,-0.4999999999999998
2017-04-22 08:35:00,118,54.8,4.51,0.2542372881355932,보통,오전(6-11),0.8660254037844387,-0.4999999999999998
2017-04-22 08:40:00,173,50.8,6.77,0.24855491329479767,혼잡,오전(6-11),0.8660254037844387,-0.4999999999999998
2017-04-22 08:45:00,136,47.9,5.69,0.2647058823529412,보통,오전(6-11),0.8660254037844387,-0.4999999999999998
2017-04-22 08:50:00,115,47.7,4.99,0.26956521739130435,보통,오전(6-11),0.8660254037844387,-0.4999999999999998
2017-04-22 08:55:00,147,52.5,5.85,0.2585034013605442,보통,오전(6-11),0.8660254037844387,-0.4999999999999998
2017-04-22 09:00:00,140,50.1,6.26,0.2714285714285714,보통,오전(6-11),0.7071067811865476,-0.7071067811865475
2017-04-22 09:05:00,130,46.9,7.33,0.3153846153846154,혼잡,오전(6-11),0.7071067811865476,-0.7071067811865475
2017-04-22 09:10:00,115,47.9,4.69,0.24347826086956523,보통,오전(6-11),0.7071067811865476,-0.7071067811865475
2017-04-22 09:15:00,148,51.2,5.58,0.22297297297297297,보통,오전(6-11),0.7071067811865476,-0.7071067811865475
2017-04-22 09:20:00,162,50.4,7.06,0.2716049382716049,혼잡,오전(6-11),0.7071067811865476,-0.7071067811865475
2017-04-22 09:25:00,136,49.3,7.23,0.3382352941176471,혼잡,오전(6-11),0.7071067811865476,-0.7071067811865475
2017-04-22 09:30:00,65,52.3,5.07,0.4,보통,오전(6-11),0.7071067811865476,-0.7071067811865475
2017-04-22 09:35:00,139,50.5,6.0,0.28776978417266186,보통,오전(6-11),0.7071067811865476,-0.7071067811865475
2017-04-22 09:40:00,119,50.5,5.22,0.3277310924369748,보통,오전(6-11),0.7071067811865476,-0.7071067811865475
2017-04-22 09:45:00,156,48.8,6.11,0.3141025641025641,보통,오전(6-11),0.7071067811865476,-0.7071067811865475
2017-04-22 09:50:00,152,49.3,6.88,0.32894736842105265,혼잡,오전(6-11),0.7071067811865476,-0.7071067811865475
2017-04-22 09:55:00,150,52.4,6.5,0.3933333333333333,보통,오전(6-11),0.7071067811865476,-0.7071067811865475
2017-04-22 10:00:00,149,48.2,6.29,0.2483221476510067,보통,오전(6-11),0.49999999999999994,-0.8660254037844387
2017-04-22 10:05:00,128,52.1,5.2,0.3828125,보통,오전(6-11),0.49999999999999994,-0.8660254037844387
2017-04-22 10:10:00,162,47.3,7.27,0.4074074074074074,혼잡,오전(6-11),0.49999999999999994,-0.8660254037844387
2017-04-22 10:15:00,133,49.6,7.46,0.3458646616541353,혼잡,오전(6-11),0.49999999999999994,-0.8660254037844387
2017-04-22 10:20:00,108,48.0,6.56,0.32407407407407407,보통,오전(6-11),0.49999999999999994,-0.8660254037844387
2017-04-22 10:25:00,154,46.7,7.07,0.3051948051948052,혼잡,오전(6-11),0.49999999999999994,-0.8660254037844387
2017-04-22 10:30:00,149,49.4,8.81,0.42953020134228187,혼잡,오전(6-11),0.49999999999999994,-0.8660254037844387
2017-04-22 10:35:00,138,48.1,7.27,0.32608695652173914,혼잡,오전(6-11),0.49999999999999994,-0.8660254037844387
2017-04-22 10:40:00,165,42.6,13.05,0.296969696969697,혼잡,오전(6-11),0.49999999999999994,-0.8660254037844387
2017-04-22 10:45:00,170,47.7,8.01,0.34705882352941175,혼잡,오전(6-11),0.49999999999999994,-0.8660254037844387
2017-04-22 10:50:00,175,43.5,8.3,0.3028571428571429,혼잡,오전(6-11),0.49999999999999994,-0.8660254037844387
2017-04-22 10:55:00,163,49.7,8.85,0.3067484662576687,혼잡,오전(6-11),0.49999999999999994,-0.8660254037844387
2017-04-22 11:00:00,112,50.6,5.04,0.41964285714285715,보통,오전(6-11),0.258819045102521,-0.9659258262890682
2017-04-22 11:05:00,151,42.4,7.6,0.271523178807947,혼잡,오전(6-11),0.258819045102521,-0.9659258262890682
2017-04-22 11:10:00,185,42.8,9.89,0.31351351351351353,혼잡,오전(6-11),0.258819045102521,-0.9659258262890682
2017-04-22 11:15:00,195,37.9,11.89,0.3384615384615385,혼잡,오전(6-11),0.258819045102521,-0.9659258262890682
2017-04-22 11:20:00,186,39.1,14.39,0.23118279569892472,혼잡,오전(6-11),0.258819045102521,-0.9659258262890682
2017-04-22 11:25:00,198,36.0,15.1,0.2727272727272727,혼잡,오전(6-11),0.258819045102521,-0.9659258262890682
2017-04-22 11:30:00,181,40.7,10.16,0.30939226519337015,혼잡,오전(6-11),0.258819045102521,-0.9659258262890682
2017-04-22 11:35:00,158,43.2,7.63,0.2848101265822785,혼잡,오전(6-11),0.258819045102521,-0.9659258262890682
2017-04-22 11:40:00,196,39.2,12.29,0.29081632653061223,혼잡,오전(6-11),0.258819045102521,-0.9659258262890682
2017-04-22 11:45:00,208,35.1,19.15,0.2980769230769231,혼잡,오전(6-11),0.258819045102521,-0.9659258262890682
2017-04-22 11:50:00,148,31.2,23.3,0.36486486486486486,혼잡,오전(6-11),0.258819045102521,-0.9659258262890682
2017-04-22 11:55:00,142,29.7,16.16,0.34507042253521125,혼잡,오전(6-11),0.258819045102521,-0.9659258262890682
2017-04-22 12:00:00,191,30.9,22.38,0.3403141361256545,혼잡,오후(12-17),1.2246467991473532e-16,-1.0
2017-04-22 12:05:00,219,33.5,16.46,0.2876712328767123,혼잡,오후(12-17),1.2246467991473532e-16,-1.0
2017-04-22 12:10:00,176,23.5,37.0,0.29545454545454547,혼잡,오후(12-17),1.2246467991473532e-16,-1.0
2017-04-22 12:15:00,160,20.6,39.02,0.3375,혼잡,오후(12-17),1.2246467991473532e-16,-1.0
2017-04-22 12:20:00,201,23.5,34.02,0.2835820895522388,혼잡,오후(12-17),1.2246467991473532e-16,-1.0
2017-04-22 12:25:00,198,22.7,56.67,0.30808080808080807,혼잡,오후(12-17),1.2246467991473532e-16,-1.0
2017-04-22 12:30:00,198,19.9,46.46,0.3888888888888889,혼잡,오후(12-17),1.2246467991473532e-16,-1.0
2017-04-22 12:35:00,155,30.6,18.49,0.2967741935483871,혼잡,오후(12-17),1.2246467991473532e-16,-1.0
2017-04-22 12:40:00,181,29.2,19.29,0.27071823204419887,혼잡,오후(12-17),1.2246467991473532e-16,-1.0
2017-04-22 12:45:00,219,25.9,34.28,0.3470319634703196,혼잡,오후(12-17),1.2246467991473532e-16,-1.0
2017-04-22 12:50:00,197,28.4,35.9,0.38071065989847713,혼잡,오후(12-17),1.2246467991473532e-16,-1.0
2017-04-22 12:55:00,156,25.8,24.26,0.27564102564102566,혼잡,오후(12-17),1.2246467991473532e-16,-1.0
2017-04-22 13:00:00,170,27.3,33.13,0.34705882352941175,혼잡,오후(12-17),-0.25881904510252035,-0.9659258262890684
2017-04-22 13:05:00,231,36.2,13.59,0.2597402597402597,혼잡,오후(12-17),-0.25881904510252035,-0.9659258262890684
2017-04-22 13:10:00,211,33.5,16.73,0.26540284360189575,혼잡,오후(12-17),-0.25881904510252035,-0.9659258262890684
2017-04-22 13:15:00,165,42.5,7.6,0.23636363636363636,혼잡,오후(12-17),-0.25881904510252035,-0.9659258262890684
2017-04-22 13:20:00,169,41.5,8.7,0.3254437869822485,혼잡,오후(12-17),-0.25881904510252035,-0.9659258262890684
2017-04-22 13:25:00,209,39.6,10.19,0.27751196172248804,혼잡,오후(12-17),-0.25881904510252035,-0.9659258262890684
2017-04-22 13:30:00,196,40.7,17.69,0.25,혼잡,오후(12-17),-0.25881904510252035,-0.9659258262890684
2017-04-22 13:35:00,168,43.7,7.7,0.31547619047619047,혼잡,오후(12-17),-0.25881904510252035,-0.9659258262890684
2017-04-22 13:40:00,148,40.9,8.04,0.2905405405405405,혼잡,오후(12-17),-0.25881904510252035,-0.9659258262890684
2017-04-22 13:45:00,178,40.6,10.0,0.2640449438202247,혼잡,오후(12-17),-0.25881904510252035,-0.9659258262890684
2017-04-22 13:50:00,200,43.1,9.16,0.275,혼잡,오후(12-17),-0.25881904510252035,-0.9659258262890684
2017-04-22 13:55:00,201,38.4,10.61,0.2885572139303483,혼잡,오후(12-17),-0.25881904510252035,-0.9659258262890684
2017-04-22 14:00:00,161,44.4,7.11,0.19254658385093168,혼잡,오후(12-17),-0.5000000000000001,-0.8660254037844386
2017-04-22 14:05:00,170,44.0,7.21,0.2411764705882353,혼잡,오후(12-17),-0.5000000000000001,-0.8660254037844386
2017-04-22 14:10:00,224,41.6,10.87,0.29017857142857145,혼잡,오후(12-17),-0.5000000000000001,-0.8660254037844386
2017-04-22 14:15:00,205,40.0,9.77,0.25365853658536586,혼잡,오후(12-17),-0.5000000000000001,-0.8660254037844386
2017-04-22 14:20:00,168,38.1,7.99,0.25595238095238093,혼잡,오후(12-17),-0.5000000000000001,-0.8660254037844386
2017-04-22 14:25:00,165,40.1,7.92,0.28484848484848485,혼잡,오후(12-17),-0.5000000000000001,-0.8660254037844386
2017-04-22 14:30:00,208,40.4,10.24,0.3173076923076923,혼잡,오후(12-17),-0.5000000000000001,-0.8660254037844386
2017-04-22 14:35:00,213,37.9,12.86,0.2676056338028169,혼잡,오후(12-17),-0.5000000000000001,-0.8660254037844386
2017-04-22 14:40:00,195,35.0,11.64,0.26153846153846155,혼잡,오후(12-17),-0.5000000000000001,-0.8660254037844386
2017-04-22 14:45:00,164,40.1,7.89,0.24390243902439024,혼잡,오후(12-17),-0.5000000000000001,-0.8660254037844386
2017-04-22 14:50:00,199,38.4,14.28,0.2613065326633166,혼잡,오후(12-17),-0.5000000000000001,-0.8660254037844386
2017-04-22 14:55:00,220,37.8,12.04,0.2636363636363636,혼잡,오후(12-17),-0.5000000000000001,-0.8660254037844386
2017-04-22 15:00:00,183,38.7,9.91,0.26229508196721313,혼잡,오후(12-17),-0.7071067811865475,-0.7071067811865477
2017-04-22 15:05:00,172,40.9,8.14,0.22674418604651161,혼잡,오후(12-17),-0.7071067811865475,-0.7071067811865477
2017-04-22 15:10:00,100,42.7,9.03,0.24,혼잡,오후(12-17),-0.7071067811865475,-0.7071067811865477
2017-04-22 15:15:00,191,43.6,13.84,0.18324607329842932,혼잡,오후(12-17),-0.7071067811865475,-0.7071067811865477
2017-04-22 15:20:00,193,43.5,8.52,0.20725388601036268,혼잡,오후(12-17),-0.7071067811865475,-0.7071067811865477
2017-04-22 15:25:00,168,38.9,7.78,0.21428571428571427,혼잡,오후(12-17),-0.7071067811865475,-0.7071067811865477
2017-04-22 15:30:00,167,44.3,7.14,0.2155688622754491,혼잡,오후(12-17),-0.7071067811865475,-0.7071067811865477
2017-04-22 15:35:00,201,43.3,8.96,0.18407960199004975,혼잡,오후(12-17),-0.7071067811865475,-0.7071067811865477
2017-04-22 15:40:00,200,41.7,8.77,0.15,혼잡,오후(12-17),-0.7071067811865475,-0.7071067811865477
2017-04-22 15:45:00,172,38.5,8.18,0.1686046511627907,혼잡,오후(12-17),-0.7071067811865475,-0.7071067811865477
2017-04-22 15:50:00,181,40.7,8.5,0.20994475138121546,혼잡,오후(12-17),-0.7071067811865475,-0.7071067811865477
2017-04-22 15:55:00,216,41.5,9.29,0.20833333333333334,혼잡,오후(12-17),-0.7071067811865475,-0.7071067811865477
2017-04-22 16:00:00,195,42.2,9.22,0.2512820512820513,혼잡,오후(12-17),-0.8660254037844385,-0.5000000000000004
2017-04-22 16:05:00,192,37.4,9.36,0.24479166666666666,혼잡,오후(12-17),-0.8660254037844385,-0.5000000000000004
2017-04-22 16:10:00,165,38.0,7.84,0.24242424242424243,혼잡,오후(12-17),-0.8660254037844385,-0.5000000000000004
2017-04-22 16:15:00,174,43.1,8.01,0.28735632183908044,혼잡,오후(12-17),-0.8660254037844385,-0.5000000000000004
2017-04-22 16:20:00,221,42.1,10.47,0.27149321266968324,혼잡,오후(12-17),-0.8660254037844385,-0.5000000000000004
2017-04-22 16:25:00,171,37.0,15.43,0.2807017543859649,혼잡,오후(12-17),-0.8660254037844385,-0.5000000000000004
2017-04-22 16:30:00,128,43.5,5.39,0.1875,보통,오후(12-17),-0.8660254037844385,-0.5000000000000004
2017-04-22 16:35:00,176,44.1,7.44,0.25,혼잡,오후(12-17),-0.8660254037844385,-0.5000000000000004
2017-04-22 16:40:00,205,40.7,10.74,0.2926829268292683,혼잡,오후(12-17),-0.8660254037844385,-0.5000000000000004
2017-04-22 16:45:00,169,42.0,7.94,0.28402366863905326,혼잡,오후(12-17),-0.8660254037844385,-0.5000000000000004
2017-04-22 16:50:00,157,37.7,13.79,0.2611464968152866,혼잡,오후(12-17),-0.8660254037844385,-0.5000000000000004
2017-04-22 16:55:00,71,46.4,3.67,0.18309859154929578,원활,오후(12-17),-0.8660254037844385,-0.5000000000000004
2017-04-22 17:00:00,167,43.0,7.21,0.20958083832335328,혼잡,오후(12-17),-0.9659258262890683,-0.25881904510252063
2017-04-22 17:05:00,206,40.9,9.87,0.25728155339805825,혼잡,오후(12-17),-0.9659258262890683,-0.25881904510252063
2017-04-22 17:10:00,121,47.7,4.65,0.15702479338842976,보통,오후(12-17),-0.9659258262890683,-0.25881904510252063
2017-04-22 17:15:00,140,41.8,6.87,0.22142857142857142,혼잡,오후(12-17),-0.9659258262890683,-0.25881904510252063
2017-04-22 17:20:00,207,37.4,11.09,0.2463768115942029,혼잡,오후(12-17),-0.9659258262890683,-0.25881904510252063
2017-04-22 17:25:00,169,43.1,7.7,0.25443786982248523,혼잡,오후(12-17),-0.9659258262890683,-0.25881904510252063
2017-04-22 17:30:00,160,42.2,7.35,0.26875,혼잡,오후(12-17),-0.9659258262890683,-0.25881904510252063
2017-04-22 17:35:00,137,43.2,6.18,0.2846715328467153,보통,오후(12-17),-0.9659258262890683,-0.25881904510252063
2017-04-22 17:40:00,189,43.2,7.81,0.19047619047619047,혼잡,오후(12-17),-0.9659258262890683,-0.25881904510252063
2017-04-22 17:45:00,188,41.8,8.9,0.19680851063829788,혼잡,오후(12-17),-0.9659258262890683,-0.25881904510252063
2017-04-22 17:50:00,153,42.2,7.13,0.2875816993464052,혼잡,오후(12-17),-0.9659258262890683,-0.25881904510252063
2017-04-22 17:55:00,123,45.2,5.26,0.23577235772357724,보통,오후(12-17),-0.9659258262890683,-0.25881904510252063
2017-04-22 18:00:00,180,43.2,8.17,0.16666666666666666,혼잡,저녁(18-23),-1.0,-1.8369701987210297e-16
2017-04-22 18:05:00,175,42.6,8.2,0.25142857142857145,혼잡,저녁(18-23),-1.0,-1.8369701987210297e-16
2017-04-22 18:10:00,141,48.0,5.41,0.18439716312056736,보통,저녁(18-23),-1.0,-1.8369701987210297e-16
2017-04-22 18:15:00,131,46.5,5.82,0.2595419847328244,보통,저녁(18-23),-1.0,-1.8369701987210297e-16
2017-04-22 18:20:00,128,48.3,5.25,0.2109375,보통,저녁(18-23),-1.0,-1.8369701987210297e-16
2017-04-22 18:25:00,185,43.9,8.55,0.2864864864864865,혼잡,저녁(18-23),-1.0,-1.8369701987210297e-16
2017-04-22 18:30:00,155,49.4,6.27,0.25806451612903225,보통,저녁(18-23),-1.0,-1.8369701987210297e-16
2017-04-22 18:35:00,133,43.8,5.65,0.3082706766917293,보통,저녁(18-23),-1.0,-1.8369701987210297e-16
2017-04-22 18:40:00,123,45.8,4.88,0.22764227642276422,보통,저녁(18-23),-1.0,-1.8369701987210297e-16
2017-04-22 18:45:00,162,44.8,7.13,0.2345679012345679,혼잡,저녁(18-23),-1.0,-1.8369701987210297e-16
2017-04-22 18:50:00,163,45.9,6.77,0.2392638036809816,혼잡,저녁(18-23),-1.0,-1.8369701987210297e-16
2017-04-22 18:55:00,149,44.5,6.43,0.18120805369127516,보통,저녁(18-23),-1.0,-1.8369701987210297e-16
2017-04-22 19:00:00,127,45.0,5.14,0.2283464566929134,보통,저녁(18-23),-0.9659258262890684,0.2588190451025203
2017-04-22 19:05:00,137,49.5,5.25,0.24087591240875914,보통,저녁(18-23),-0.9659258262890684,0.2588190451025203
2017-04-22 19:10:00,170,42.6,7.75,0.3058823529411765,혼잡,저녁(18-23),-0.9659258262890684,0.2588190451025203
2017-04-22 19:15:00,142,41.9,7.95,0.3028169014084507,혼잡,저녁(18-23),-0.9659258262890684,0.2588190451025203
2017-04-22 19:20:00,116,42.8,5.41,0.09482758620689655,보통,저녁(18-23),-0.9659258262890684,0.2588190451025203
2017-04-22 19:25:00,132,45.2,5.9,0.1893939393939394,보통,저녁(18-23),-0.9659258262890684,0.2588190451025203
2017-04-22 19:30:00,140,42.5,6.9,0.20714285714285716,혼잡,저녁(18-23),-0.9659258262890684,0.2588190451025203
2017-04-22 19:35:00,136,41.5,7.32,0.2426470588235294,혼잡,저녁(18-23),-0.9659258262890684,0.2588190451025203
2017-04-22 19:40:00,111,43.3,5.67,0.17117117117117117,보통,저녁(18-23),-0.9659258262890684,0.2588190451025203
2017-04-22 19:45:00,108,46.2,5.34,0.2037037037037037,보통,저녁(18-23),-0.9659258262890684,0.2588190451025203
2017-04-22 19:50:00,127,45.7,6.27,0.28346456692913385,보통,저녁(18-23),-0.9659258262890684,0.2588190451025203
2017-04-22 19:55:00,159,44.3,8.1,0.20754716981132076,혼잡,저녁(18-23),-0.9659258262890684,0.2588190451025203
2017-04-22 20:00:00,117,40.5,6.29,0.13675213675213677,보통,저녁(18-23),-0.8660254037844386,0.5000000000000001
2017-04-22 20:05:00,105,44.1,5.6,0.23809523809523808,보통,저녁(18-23),-0.8660254037844386,0.5000000000000001
2017-04-22 20:10:00,131,45.1,6.56,0.15267175572519084,보통,저녁(18-23),-0.8660254037844386,0.5000000000000001
2017-04-22 20:15:00,125,45.8,6.33,0.224,보통,저녁(18-23),-0.8660254037844386,0.5000000000000001
2017-04-22 20:20:00,82,45.7,4.05,0.18292682926829268,보통,저녁(18-23),-0.8660254037844386,0.5000000000000001
2017-04-22 20:25:00,109,42.9,5.85,0.1743119266055046,보통,저녁(18-23),-0.8660254037844386,0.5000000000000001
2017-04-22 20:30:00,117,47.1,5.36,0.1452991452991453,보통,저녁(18-23),-0.8660254037844386,0.5000000000000001
2017-04-22 20:35:00,104,44.8,5.18,0.17307692307692307,보통,저녁(18-23),-0.8660254037844386,0.5000000000000001
2017-04-22 20:40:00,128,45.6,6.91,0.171875,혼잡,저녁(18-23),-0.8660254037844386,0.5000000000000001
2017-04-22 20:45:00,100,45.9,4.63,0.15,보통,저녁(18-23),-0.8660254037844386,0.5000000000000001
2017-04-22 20:50:00,122,43.0,6.45,0.1885245901639344,보통,저녁(18-23),-0.8660254037844386,0.5000000000000001
2017-04-22 20:55:00,127,46.6,6.04,0.25984251968503935,보통,저녁(18-23),-0.8660254037844386,0.5000000000000001
2017-04-22 21:00:00,98,46.8,4.53,0.1836734693877551,보통,저녁(18-23),-0.7071067811865477,0.7071067811865474
2017-04-22 21:05:00,104,44.9,5.46,0.17307692307692307,보통,저녁(18-23),-0.7071067811865477,0.7071067811865474
2017-04-22 21:10:00,98,40.3,5.62,0.1326530612244898,보통,저녁(18-23),-0.7071067811865477,0.7071067811865474
2017-04-22 21:15:00,114,41.0,7.23,0.20175438596491227,혼잡,저녁(18-23),-0.7071067811865477,0.7071067811865474
2017-04-22 21:20:00,107,47.3,5.02,0.2336448598130841,보통,저녁(18-23),-0.7071067811865477,0.7071067811865474
2017-04-22 21:25:00,91,47.5,4.53,0.2087912087912088,보통,저녁(18-23),-0.7071067811865477,0.7071067811865474
2017-04-22 21:30:00,104,43.1,5.14,0.22115384615384615,보통,저녁(18-23),-0.7071067811865477,0.7071067811865474
2017-04-22 21:35:00,87,43.8,4.89,0.26436781609195403,보통,저녁(18-23),-0.7071067811865477,0.7071067811865474
2017-04-22 21:40:00,105,44.4,5.48,0.20952380952380953,보통,저녁(18-23),-0.7071067811865477,0.7071067811865474
2017-04-22 21:45:00,87,45.2,4.16,0.2413793103448276,보통,저녁(18-23),-0.7071067811865477,0.7071067811865474
2017-04-22 21:50:00,92,47.0,4.55,0.25,보통,저녁(18-23),-0.7071067811865477,0.7071067811865474
2017-04-22 21:55:00,103,45.5,4.92,0.1941747572815534,보통,저녁(18-23),-0.7071067811865477,0.7071067811865474
2017-04-22 22:00:00,110,43.6,5.78,0.20909090909090908,보통,저녁(18-23),-0.5000000000000004,0.8660254037844384
2017-04-22 22:05:00,56,48.3,2.85,0.10714285714285714,원활,저녁(18-23),-0.5000000000000004,0.8660254037844384
2017-04-22 22:10:00,94,46.2,4.81,0.2765957446808511,보통,저녁(18-23),-0.5000000000000004,0.8660254037844384
2017-04-22 22:15:00,85,46.3,4.57,0.16470588235294117,보통,저녁(18-23),-0.5000000000000004,0.8660254037844384
2017-04-22 22:20:00,60,49.0,2.69,0.16666666666666666,원활,저녁(18-23),-0.5000000000000004,0.8660254037844384
2017-04-22 22:25:00,77,49.6,3.72,0.2987012987012987,보통,저녁(18-23),-0.5000000000000004,0.8660254037844384
2017-04-22 22:30:00,57,49.3,2.61,0.10526315789473684,원활,저녁(18-23),-0.5000000000000004,0.8660254037844384
2017-04-22 22:35:00,66,50.1,2.8,0.22727272727272727,원활,저녁(18-23),-0.5000000000000004,0.8660254037844384
2017-04-22 22:40:00,73,51.7,3.32,0.3013698630136986,원활,저녁(18-23),-0.5000000000000004,0.8660254037844384
2017-04-22 22:45:00,63,50.2,2.54,0.19047619047619047,원활,저녁(18-23),-0.5000000000000004,0.8660254037844384
2017-04-22 22:50:00,71,47.3,3.56,0.352112676056338,원활,저녁(18-23),-0.5000000000000004,0.8660254037844384
2017-04-22 22:55:00,60,49.4,2.97,0.38333333333333336,원활,저녁(18-23),-0.5000000000000004,0.8660254037844384
2017-04-22 23:00:00,46,52.3,2.13,0.32608695652173914,원활,저녁(18-23),-0.2588190451025207,0.9659258262890683
2017-04-22 23:05:00,63,45.7,2.9,0.15873015873015872,원활,저녁(18-23),-0.2588190451025207,0.9659258262890683
2017-04-22 23:10:00,44,53.6,1.92,0.25,원활,저녁(18-23),-0.2588190451025207,0.9659258262890683
2017-04-22 23:15:00,53,52.8,6.29,0.2641509433962264,보통,저녁(18-23),-0.2588190451025207,0.9659258262890683
2017-04-22 23:20:00,65,52.3,3.03,0.35384615384615387,원활,저녁(18-23),-0.2588190451025207,0.9659258262890683
2017-04-22 23:25:00,51,52.6,2.4,0.21568627450980393,원활,저녁(18-23),-0.2588190451025207,0.9659258262890683
2017-04-22 23:30:00,51,53.2,2.26,0.37254901960784315,원활,저녁(18-23),-0.2588190451025207,0.9659258262890683
2017-04-22 23:35:00,51,53.8,2.31,0.27450980392156865,원활,저녁(18-23),-0.2588190451025207,0.9659258262890683
2017-04-22 23:40:00,43,54.2,1.87,0.3023255813953488,원활,저녁(18-23),-0.2588190451025207,0.9659258262890683
2017-04-22 23:45:00,44,54.9,1.93,0.25,원활,저녁(18-23),-0.2588190451025207,0.9659258262890683
2017-04-22 23:50:00,41,55.7,1.73,0.21951219512195122,원활,저녁(18-23),-0.2588190451025207,0.9659258262890683
2017-04-22 23:55:00,50,54.7,2.2,0.22,원활,저녁(18-23),-0.2588190451025207,0.9659258262890683
2017-04-23 00:00:00,40,52.3,1.73,0.35,원활,새벽(0-5),0.0,1.0
2017-04-23 00:05:00,40,58.6,2.01,0.4,원활,새벽(0-5),0.0,1.0
2017-04-23 00:10:00,50,50.5,2.12,0.18,원활,새벽(0-5),0.0,1.0
2017-04-23 00:15:00,37,54.7,1.64,0.24324324324324326,원활,새벽(0-5),0.0,1.0
2017-04-23 00:20:00,31,53.5,1.35,0.22580645161290322,원활,새벽(0-5),0.0,1.0
2017-04-23 00:25:00,39,64.0,1.8,0.3076923076923077,원활,새벽(0-5),0.0,1.0
2017-04-23 00:30:00,32,60.0,1.42,0.28125,원활,새벽(0-5),0.0,1.0
2017-04-23 00:35:00,38,57.9,1.52,0.39473684210526316,원활,새벽(0-5),0.0,1.0
2017-04-23 00:40:00,38,52.9,1.59,0.2894736842105263,원활,새벽(0-5),0.0,1.0
2017-04-23 00:45:00,36,60.9,1.42,0.3888888888888889,원활,새벽(0-5),0.0,1.0
2017-04-23 00:50:00,34,56.9,1.44,0.38235294117647056,원활,새벽(0-5),0.0,1.0
2017-04-23 00:55:00,36,58.5,1.41,0.3055555555555556,원활,새벽(0-5),0.0,1.0
2017-04-23 01:00:00,22,55.9,0.87,0.2727272727272727,원활,새벽(0-5),0.25881904510252074,0.9659258262890683
2017-04-23 01:05:00,19,61.9,0.64,0.2631578947368421,원활,새벽(0-5),0.25881904510252074,0.9659258262890683
2017-04-23 01:10:00,27,58.0,1.09,0.25925925925925924,원활,새벽(0-5),0.25881904510252074,0.9659258262890683
2017-04-23 01:15:00,28,54.1,1.13,0.21428571428571427,원활,새벽(0-5),0.25881904510252074,0.9659258262890683
2017-04-23 01:20:00,27,63.2,1.11,0.4444444444444444,원활,새벽(0-5),0.25881904510252074,0.9659258262890683
2017-04-23 01:25:00,20,59.1,0.8,0.35,원활,새벽(0-5),0.25881904510252074,0.9659258262890683
2017-04-23 01:30:00,30,53.5,1.24,0.26666666666666666,원활,새벽(0-5),0.25881904510252074,0.9659258262890683
2017-04-23 01:35:00,17,67.7,0.68,0.47058823529411764,원활,새벽(0-5),0.25881904510252074,0.9659258262890683
2017-04-23 01:40:00,23,54.8,0.95,0.17391304347826086,원활,새벽(0-5),0.25881904510252074,0.9659258262890683
2017-04-23 01:45:00,26,54.8,1.03,0.07692307692307693,원활,새벽(0-5),0.25881904510252074,0.9659258262890683
2017-04-23 01:50:00,17,60.4,0.71,0.47058823529411764,원활,새벽(0-5),0.25881904510252074,0.9659258262890683
2017-04-23 01:55:00,25,59.2,0.94,0.24,원활,새벽(0-5),0.25881904510252074,0.9659258262890683
2017-04-23 02:00:00,18,64.2,0.65,0.3888888888888889,원활,새벽(0-5),0.49999999999999994,0.8660254037844387
2017-04-23 02:05:00,20,57.3,0.72,0.25,원활,새벽(0-5),0.49999999999999994,0.8660254037844387
2017-04-23 02:10:00,31,56.1,1.18,0.0967741935483871,원활,새벽(0-5),0.49999999999999994,0.8660254037844387
2017-04-23 02:15:00,18,61.2,0.86,0.4444444444444444,원활,새벽(0-5),0.49999999999999994,0.8660254037844387
2017-04-23 02:20:00,22,62.3,0.92,0.2727272727272727,원활,새벽(0-5),0.49999999999999994,0.8660254037844387
2017-04-23 02:25:00,15,67.0,0.63,0.4666666666666667,원활,새벽(0-5),0.49999999999999994,0.8660254037844387
2017-04-23 02:30:00,17,59.8,0.61,0.5294117647058824,원활,새벽(0-5),0.49999999999999994,0.8660254037844387
2017-04-23 02:35:00,32,61.4,1.26,0.34375,원활,새벽(0-5),0.49999999999999994,0.8660254037844387
2017-04-23 02:40:00,11,57.8,0.46,0.2727272727272727,원활,새벽(0-5),0.49999999999999994,0.8660254037844387
2017-04-23 02:45:00,20,67.6,0.78,0.25,원활,새벽(0-5),0.49999999999999994,0.8660254037844387
2017-04-23 02:50:00,23,65.3,1.03,0.5652173913043478,원활,새벽(0-5),0.49999999999999994,0.8660254037844387
2017-04-23 02:55:00,23,68.0,0.9,0.30434782608695654,원활,새벽(0-5),0.49999999999999994,0.8660254037844387
2017-04-23 03:00:00,15,54.2,0.63,0.26666666666666666,원활,새벽(0-5),0.7071067811865476,0.7071067811865476
2017-04-23 03:05:00,20,61.7,0.82,0.2,원활,새벽(0-5),0.7071067811865476,0.7071067811865476
2017-04-23 03:10:00,14,57.3,0.63,0.5,원활,새벽(0-5),0.7071067811865476,0.7071067811865476
2017-04-23 03:15:00,26,57.8,1.11,0.3076923076923077,원활,새벽(0-5),0.7071067811865476,0.7071067811865476
2017-04-23 03:20:00,16,59.2,0.6,0.4375,원활,새벽(0-5),0.7071067811865476,0.7071067811865476
2017-04-23 03:25:00,18,67.3,0.69,0.5,원활,새벽(0-5),0.7071067811865476,0.7071067811865476
2017-04-23 03:30:00,21,71.0,0.72,0.19047619047619047,원활,새벽(0-5),0.7071067811865476,0.7071067811865476
2017-04-23 03:35:00,13,60.8,3.08,0.46153846153846156,원활,새벽(0-5),0.7071067811865476,0.7071067811865476
2017-04-23 03:40:00,17,64.9,0.71,0.23529411764705882,원활,새벽(0-5),0.7071067811865476,0.7071067811865476
2017-04-23 03:45:00,21,64.1,0.73,0.2857142857142857,원활,새벽(0-5),0.7071067811865476,0.7071067811865476
2017-04-23 03:50:00,18,50.0,0.88,0.16666666666666666,원활,새벽(0-5),0.7071067811865476,0.7071067811865476
2017-04-23 03:55:00,21,68.4,0.92,0.23809523809523808,원활,새벽(0-5),0.7071067811865476,0.7071067811865476
2017-04-23 04:00:00,12,55.0,0.49,0.5,원활,새벽(0-5),0.8660254037844386,0.5000000000000001
2017-04-23 04:05:00,16,58.8,0.67,0.4375,원활,새벽(0-5),0.8660254037844386,0.5000000000000001
2017-04-23 04:10:00,27,60.0,1.09,0.37037037037037035,원활,새벽(0-5),0.8660254037844386,0.5000000000000001
2017-04-23 04:15:00,20,57.1,0.91,0.4,원활,새벽(0-5),0.8660254037844386,0.5000000000000001
2017-04-23 04:20:00,13,58.5,0.54,0.3076923076923077,원활,새벽(0-5),0.8660254037844386,0.5000000000000001
2017-04-23 04:25:00,21,72.3,0.81,0.5238095238095238,원활,새벽(0-5),0.8660254037844386,0.5000000000000001
2017-04-23 04:30:00,25,69.6,0.96,0.4,원활,새벽(0-5),0.8660254037844386,0.5000000000000001
2017-04-23 04:35:00,26,65.2,1.1,0.5384615384615384,원활,새벽(0-5),0.8660254037844386,0.5000000000000001
2017-04-23 04:40:00,34,61.0,1.25,0.23529411764705882,원활,새벽(0-5),0.8660254037844386,0.5000000000000001
2017-04-23 04:45:00,21,68.0,0.79,0.5238095238095238,원활,새벽(0-5),0.8660254037844386,0.5000000000000001
2017-04-23 04:50:00,12,73.3,0.46,0.5833333333333334,원활,새벽(0-5),0.8660254037844386,0.5000000000000001
2017-04-23 04:55:00,20,53.9,0.97,0.4,원활,새벽(0-5),0.8660254037844386,0.5000000000000001
2017-04-23 05:00:00,18,60.0,0.85,0.5,원활,새벽(0-5),0.9659258262890683,0.25881904510252074
2017-04-23 05:05:00,32,59.0,1.26,0.375,원활,새벽(0-5),0.9659258262890683,0.25881904510252074
2017-04-23 05:10:00,27,67.1,1.02,0.2962962962962963,원활,새벽(0-5),0.9659258262890683,0.25881904510252074
2017-04-23 05:15:00,23,69.0,0.93,0.43478260869565216,원활,새벽(0-5),0.9659258262890683,0.25881904510252074
2017-04-23 05:20:00,28,56.6,1.1,0.21428571428571427,원활,새벽(0-5),0.9659258262890683,0.25881904510252074
2017-04-23 05:25:00,26,58.3,1.08,0.38461538461538464,원활,새벽(0-5),0.9659258262890683,0.25881904510252074
2017-04-23 05:30:00,26,54.2,1.26,0.34615384615384615,원활,새벽(0-5),0.9659258262890683,0.25881904510252074
2017-04-23 05:35:00,28,53.9,1.18,0.32142857142857145,원활,새벽(0-5),0.9659258262890683,0.25881904510252074
2017-04-23 05:40:00,25,62.6,0.93,0.36,원활,새벽(0-5),0.9659258262890683,0.25881904510252074
2017-04-23 05:45:00,25,67.8,0.79,0.32,원활,새벽(0-5),0.9659258262890683,0.25881904510252074
2017-04-23 05:50:00,45,66.1,1.51,0.3111111111111111,원활,새벽(0-5),0.9659258262890683,0.25881904510252074
2017-04-23 05:55:00,42,62.9,1.39,0.2857142857142857,원활,새벽(0-5),0.9659258262890683,0.25881904510252074
2017-04-23 06:00:00,55,56.0,2.14,0.4,원활,오전(6-11),1.0,6.123233995736766e-17
2017-04-23 06:05:00,51,60.2,1.87,0.2549019607843137,원활,오전(6-11),1.0,6.123233995736766e-17
2017-04-23 06:10:00,42,56.7,1.67,0.40476190476190477,원활,오전(6-11),1.0,6.123233995736766e-17
2017-04-23 06:15:00,55,61.9,1.87,0.38181818181818183,원활,오전(6-11),1.0,6.123233995736766e-17
2017-04-23 06:20:00,41,65.7,1.27,0.21951219512195122,원활,오전(6-11),1.0,6.123233995736766e-17
2017-04-23 06:25:00,56,59.6,2.07,0.42857142857142855,원활,오전(6-11),1.0,6.123233995736766e-17
2017-04-23 06:30:00,52,65.6,1.63,0.21153846153846154,원활,오전(6-11),1.0,6.123233995736766e-17
2017-04-23 06:35:00,59,58.7,2.42,0.3220338983050847,원활,오전(6-11),1.0,6.123233995736766e-17
2017-04-23 06:40:00,34,58.2,1.54,0.47058823529411764,원활,오전(6-11),1.0,6.123233995736766e-17
2017-04-23 06:45:00,69,58.4,5.86,0.42028985507246375,보통,오전(6-11),1.0,6.123233995736766e-17
2017-04-23 06:50:00,63,55.5,2.36,0.3492063492063492,원활,오전(6-11),1.0,6.123233995736766e-17
2017-04-23 06:55:00,48,54.1,2.16,0.4583333333333333,원활,오전(6-11),1.0,6.123233995736766e-17
2017-04-23 07:00:00,51,58.8,1.91,0.3333333333333333,원활,오전(6-11),0.9659258262890683,-0.25881904510252085
2017-04-23 07:05:00,62,56.1,2.72,0.3064516129032258,원활,오전(6-11),0.9659258262890683,-0.25881904510252085
2017-04-23 07:10:00,76,59.0,2.79,0.2631578947368421,원활,오전(6-11),0.9659258262890683,-0.25881904510252085
2017-04-23 07:15:00,95,58.1,3.61,0.22105263157894736,원활,오전(6-11),0.9659258262890683,-0.25881904510252085
2017-04-23 07:20:00,89,53.8,3.48,0.25842696629213485,원활,오전(6-11),0.9659258262890683,-0.25881904510252085
2017-04-23 07:25:00,95,55.6,3.91,0.29473684210526313,보통,오전(6-11),0.9659258262890683,-0.25881904510252085
2017-04-23 07:30:00,53,56.5,1.87,0.3018867924528302,원활,오전(6-11),0.9659258262890683,-0.25881904510252085
2017-04-23 07:35:00,74,55.1,3.2,0.3108108108108108,원활,오전(6-11),0.9659258262890683,-0.25881904510252085
2017-04-23 07:40:00,47,61.3,1.59,0.2553191489361702,원활,오전(6-11),0.9659258262890683,-0.25881904510252085
2017-04-23 07:45:00,54,56.1,2.22,0.37037037037037035,원활,오전(6-11),0.9659258262890683,-0.25881904510252085
2017-04-23 07:50:00,53,62.4,1.89,0.3018867924528302,원활,오전(6-11),0.9659258262890683,-0.25881904510252085
2017-04-23 07:55:00,74,57.5,2.81,0.36486486486486486,원활,오전(6-11),0.9659258262890683,-0.25881904510252085
2017-04-23 08:00:00,66,58.1,2.31,0.22727272727272727,원활,오전(6-11),0.8660254037844387,-0.4999999999999998
2017-04-23 08:05:00,65,54.8,2.68,0.27692307692307694,원활,오전(6-11),0.8660254037844387,-0.4999999999999998
2017-04-23 08:10:00,63,55.1,2.63,0.19047619047619047,원활,오전(6-11),0.8660254037844387,-0.4999999999999998
2017-04-23 08:15:00,71,57.1,2.69,0.23943661971830985,원활,오전(6-11),0.8660254037844387,-0.4999999999999998
2017-04-23 08:20:00,75,56.1,2.64,0.17333333333333334,원활,오전(6-11),0.8660254037844387,-0.4999999999999998
2017-04-23 08:25:00,77,56.6,2.99,0.24675324675324675,원활,오전(6-11),0.8660254037844387,-0.4999999999999998
2017-04-23 08:30:00,82,51.7,3.08,0.21951219512195122,원활,오전(6-11),0.8660254037844387,-0.4999999999999998
2017-04-23 08:35:00,105,51.7,4.17,0.18095238095238095,보통,오전(6-11),0.8660254037844387,-0.4999999999999998
2017-04-23 08:40:00,110,49.0,4.64,0.16363636363636364,보통,오전(6-11),0.8660254037844387,-0.4999999999999998
2017-04-23 08:45:00,111,52.5,5.01,0.1981981981981982,보통,오전(6-11),0.8660254037844387,-0.4999999999999998
2017-04-23 08:50:00,130,41.1,9.64,0.2153846153846154,혼잡,오전(6-11),0.8660254037844387,-0.4999999999999998
2017-04-23 08:55:00,123,45.3,7.07,0.1951219512195122,혼잡,오전(6-11),0.8660254037844387,-0.4999999999999998
2017-04-23 09:00:00,105,46.3,5.4,0.23809523809523808,보통,오전(6-11),0.7071067811865476,-0.7071067811865475
2017-04-23 09:05:00,97,50.1,6.19,0.16494845360824742,보통,오전(6-11),0.7071067811865476,-0.7071067811865475
2017-04-23 09:10:00,100,52.7,3.96,0.2,보통,오전(6-11),0.7071067811865476,-0.7071067811865475
2017-04-23 09:15:00,124,52.0,4.79,0.27419354838709675,보통,오전(6-11),0.7071067811865476,-0.7071067811865475
2017-04-23 09:20:00,96,51.7,4.18,0.3125,보통,오전(6-11),0.7071067811865476,-0.7071067811865475
2017-04-23 09:25:00,104,51.8,6.57,0.2692307692307692,보통,오전(6-11),0.7071067811865476,-0.7071067811865475
2017-04-23 09:30:00,108,49.0,6.77,0.19444444444444445,혼잡,오전(6-11),0.7071067811865476,-0.7071067811865475
2017-04-23 09:35:00,87,48.8,4.06,0.3218390804597701,보통,오전(6-11),0.7071067811865476,-0.7071067811865475
2017-04-23 09:40:00,85,55.2,3.56,0.25882352941176473,원활,오전(6-11),0.7071067811865476,-0.7071067811865475
2017-04-23 09:45:00,98,49.7,3.8,0.2857142857142857,보통,오전(6-11),0.7071067811865476,-0.7071067811865475
2017-04-23 09:50:00,70,53.3,2.81,0.2571428571428571,원활,오전(6-11),0.7071067811865476,-0.7071067811865475
2017-04-23 09:55:00,116,53.1,5.35,0.3620689655172414,보통,오전(6-11),0.7071067811865476,-0.7071067811865475
2017-04-23 10:00:00,95,53.6,3.74,0.28421052631578947,보통,오전(6-11),0.49999999999999994,-0.8660254037844387
2017-04-23 10:05:00,107,54.3,4.59,0.3177570093457944,보통,오전(6-11),0.49999999999999994,-0.8660254037844387
2017-04-23 10:10:00,83,50.7,3.52,0.3253012048192771,원활,오전(6-11),0.49999999999999994,-0.8660254037844387
2017-04-23 10:15:00,104,51.3,5.0,0.34615384615384615,보통,오전(6-11),0.49999999999999994,-0.8660254037844387
2017-04-23 10:20:00,93,48.0,5.92,0.3118279569892473,보통,오전(6-11),0.49999999999999994,-0.8660254037844387
2017-04-23 10:25:00,94,48.6,5.98,0.3191489361702128,보통,오전(6-11),0.49999999999999994,-0.8660254037844387
2017-04-23 10:30:00,122,47.5,9.05,0.29508196721311475,혼잡,오전(6-11),0.49999999999999994,-0.8660254037844387
2017-04-23 10:35:00,141,43.0,11.07,0.2765957446808511,혼잡,오전(6-11),0.49999999999999994,-0.8660254037844387
2017-04-23 10:40:00,133,45.5,7.63,0.2857142857142857,혼잡,오전(6-11),0.49999999999999994,-0.8660254037844387
2017-04-23 10:45:00,127,34.8,24.83,0.29133858267716534,혼잡,오전(6-11),0.49999999999999994,-0.8660254037844387
2017-04-23 10:50:00,124,37.9,12.71,0.2661290322580645,혼잡,오전(6-11),0.49999999999999994,-0.8660254037844387
2017-04-23 10:55:00,145,41.0,7.67,0.32413793103448274,혼잡,오전(6-11),0.49999999999999994,-0.8660254037844387
2017-04-23 11:00:00,96,46.7,4.73,0.2708333333333333,보통,오전(6-11),0.258819045102521,-0.9659258262890682
2017-04-23 11:05:00,135,45.1,6.69,0.3111111111111111,혼잡,오전(6-11),0.258819045102521,-0.9659258262890682
2017-04-23 11:10:00,102,44.5,5.4,0.24509803921568626,보통,오전(6-11),0.258819045102521,-0.9659258262890682
2017-04-23 11:15:00,133,47.3,5.46,0.3007518796992481,보통,오전(6-11),0.258819045102521,-0.9659258262890682
2017-04-23 11:20:00,126,45.8,6.93,0.29365079365079366,혼잡,오전(6-11),0.258819045102521,-0.9659258262890682
2017-04-23 11:25:00,143,39.6,10.27,0.2867132867132867,혼잡,오전(6-11),0.258819045102521,-0.9659258262890682
2017-04-23 11:30:00,141,46.7,7.35,0.28368794326241137,혼잡,오전(6-11),0.258819045102521,-0.9659258262890682
2017-04-23 11:35:00,123,48.5,5.55,0.3008130081300813,보통,오전(6-11),0.258819045102521,-0.9659258262890682
2017-04-23 11:40:00,126,46.9,6.47,0.2698412698412698,보통,오전(6-11),0.258819045102521,-0.9659258262890682
2017-04-23 11:45:00,159,42.6,10.16,0.2578616352201258,혼잡,오전(6-11),0.258819045102521,-0.9659258262890682
2017-04-23 11:50:00,133,46.6,10.57,0.24812030075187969,혼잡,오전(6-11),0.258819045102521,-0.9659258262890682
2017-04-23 11:55:00,149,43.5,10.51,0.2684563758389262,혼잡,오전(6-11),0.258819045102521,-0.9659258262890682
2017-04-23 12:00:00,131,49.4,7.23,0.25190839694656486,혼잡,오후(12-17),1.2246467991473532e-16,-1.0
2017-04-23 12:05:00,159,43.1,9.97,0.27672955974842767,혼잡,오후(12-17),1.2246467991473532e-16,-1.0
2017-04-23 12:10:00,137,37.4,12.14,0.25547445255474455,혼잡,오후(12-17),1.2246467991473532e-16,-1.0
2017-04-23 12:15:00,139,46.3,7.87,0.28776978417266186,혼잡,오후(12-17),1.2246467991473532e-16,-1.0
2017-04-23 12:20:00,141,47.6,6.27,0.3404255319148936,보통,오후(12-17),1.2246467991473532e-16,-1.0
2017-04-23 12:25:00,155,38.5,8.84,0.23870967741935484,혼잡,오후(12-17),1.2246467991473532e-16,-1.0
2017-04-23 12:30:00,180,28.3,20.46,0.25555555555555554,혼잡,오후(12-17),1.2246467991473532e-16,-1.0
2017-04-23 12:35:00,175,30.2,21.6,0.2742857142857143,혼잡,오후(12-17),1.2246467991473532e-16,-1.0
2017-04-23 12:40:00,162,40.7,10.27,0.2962962962962963,혼잡,오후(12-17),1.2246467991473532e-16,-1.0
2017-04-23 12:45:00,154,40.2,11.6,0.22077922077922077,혼잡,오후(12-17),1.2246467991473532e-16,-1.0
2017-04-23 12:50:00,156,38.6,8.02,0.25,혼잡,오후(12-17),1.2246467991473532e-16,-1.0
2017-04-23 12:55:00,147,44.3,7.67,0.3333333333333333,혼잡,오후(12-17),1.2246467991473532e-16,-1.0
2017-04-23 13:00:00,155,40.6,9.74,0.24516129032258063,혼잡,오후(12-17),-0.25881904510252035,-0.9659258262890684
2017-04-23 13:05:00,155,40.9,8.09,0.2903225806451613,혼잡,오후(12-17),-0.25881904510252035,-0.9659258262890684
2017-04-23 13:10:00,169,44.1,8.05,0.20710059171597633,혼잡,오후(12-17),-0.25881904510252035,-0.9659258262890684
2017-04-23 13:15:00,153,43.6,7.2,0.2549019607843137,혼잡,오후(12-17),-0.25881904510252035,-0.9659258262890684
2017-04-23 13:20:00,147,41.7,7.17,0.2857142857142857,혼잡,오후(12-17),-0.25881904510252035,-0.9659258262890684
2017-04-23 13:25:00,157,46.3,7.19,0.2802547770700637,혼잡,오후(12-17),-0.25881904510252035,-0.9659258262890684
2017-04-23 13:30:00,132,46.1,5.55,0.2878787878787879,보통,오후(12-17),-0.25881904510252035,-0.9659258262890684
2017-04-23 13:35:00,132,47.5,5.56,0.2727272727272727,보통,오후(12-17),-0.25881904510252035,-0.9659258262890684
2017-04-23 13:40:00,130,47.2,6.12,0.26153846153846155,보통,오후(12-17),-0.25881904510252035,-0.9659258262890684
2017-04-23 13:45:00,171,44.6,7.51,0.23976608187134502,혼잡,오후(12-17),-0.25881904510252035,-0.9659258262890684
2017-04-23 13:50:00,171,46.0,7.21,0.28654970760233917,혼잡,오후(12-17),-0.25881904510252035,-0.9659258262890684
2017-04-23 13:55:00,162,42.8,8.04,0.2345679012345679,혼잡,오후(12-17),-0.25881904510252035,-0.9659258262890684
2017-04-23 14:00:00,155,47.9,6.83,0.2645161290322581,혼잡,오후(12-17),-0.5000000000000001,-0.8660254037844386
2017-04-23 14:05:00,187,32.4,13.15,0.2994652406417112,혼잡,오후(12-17),-0.5000000000000001,-0.8660254037844386
2017-04-23 14:10:00,171,41.6,8.3,0.2573099415204678,혼잡,오후(12-17),-0.5000000000000001,-0.8660254037844386
2017-04-23 14:15:00,134,46.3,5.54,0.27611940298507465,보통,오후(12-17),-0.5000000000000001,-0.8660254037844386
2017-04-23 14:20:00,139,47.2,5.69,0.2446043165467626,보통,오후(12-17),-0.5000000000000001,-0.8660254037844386
2017-04-23 14:25:00,159,43.3,6.95,0.22641509433962265,혼잡,오후(12-17),-0.5000000000000001,-0.8660254037844386
2017-04-23 14:30:00,161,43.5,8.29,0.2546583850931677,혼잡,오후(12-17),-0.5000000000000001,-0.8660254037844386
2017-04-23 14:35:00,185,43.3,8.83,0.23243243243243245,혼잡,오후(12-17),-0.5000000000000001,-0.8660254037844386
2017-04-23 14:40:00,156,47.1,6.25,0.23717948717948717,보통,오후(12-17),-0.5000000000000001,-0.8660254037844386
2017-04-23 14:45:00,156,46.4,6.76,0.28846153846153844,혼잡,오후(12-17),-0.5000000000000001,-0.8660254037844386
2017-04-23 14:50:00,159,43.0,6.87,0.2830188679245283,혼잡,오후(12-17),-0.5000000000000001,-0.8660254037844386
2017-04-23 14:55:00,169,38.6,9.94,0.31952662721893493,혼잡,오후(12-17),-0.5000000000000001,-0.8660254037844386
2017-04-23 15:00:00,132,39.9,7.59,0.19696969696969696,혼잡,오후(12-17),-0.7071067811865475,-0.7071067811865477
2017-04-23 15:05:00,133,46.3,5.86,0.23308270676691728,보통,오후(12-17),-0.7071067811865475,-0.7071067811865477
2017-04-23 15:10:00,141,45.8,6.16,0.28368794326241137,보통,오후(12-17),-0.7071067811865475,-0.7071067811865477
2017-04-23 15:15:00,172,42.7,7.94,0.25,혼잡,오후(12-17),-0.7071067811865475,-0.7071067811865477
2017-04-23 15:20:00,142,44.2,5.96,0.23943661971830985,보통,오후(12-17),-0.7071067811865475,-0.7071067811865477
2017-04-23 15:25:00,152,47.8,6.18,0.20394736842105263,보통,오후(12-17),-0.7071067811865475,-0.7071067811865477
2017-04-23 15:30:00,134,44.1,5.89,0.1865671641791045,보통,오후(12-17),-0.7071067811865475,-0.7071067811865477
2017-04-23 15:35:00,147,42.9,6.64,0.16326530612244897,보통,오후(12-17),-0.7071067811865475,-0.7071067811865477
2017-04-23 15:40:00,141,44.2,6.06,0.1773049645390071,보통,오후(12-17),-0.7071067811865475,-0.7071067811865477
2017-04-23 15:45:00,139,44.3,6.21,0.1510791366906475,보통,오후(12-17),-0.7071067811865475,-0.7071067811865477
2017-04-23 15:50:00,148,45.6,6.0,0.1891891891891892,보통,오후(12-17),-0.7071067811865475,-0.7071067811865477
2017-04-23 15:55:00,151,46.4,6.1,0.2251655629139073,보통,오후(12-17),-0.7071067811865475,-0.7071067811865477
2017-04-23 16:00:00,142,43.9,6.81,0.19718309859154928,혼잡,오후(12-17),-0.8660254037844385,-0.5000000000000004
2017-04-23 16:05:00,122,43.9,5.89,0.30327868852459017,보통,오후(12-17),-0.8660254037844385,-0.5000000000000004
2017-04-23 16:10:00,139,42.6,6.44,0.302158273381295,보통,오후(12-17),-0.8660254037844385,-0.5000000000000004
2017-04-23 16:15:00,150,45.5,5.78,0.2866666666666667,보통,오후(12-17),-0.8660254037844385,-0.5000000000000004
2017-04-23 16:20:00,102,48.3,4.0,0.2549019607843137,보통,오후(12-17),-0.8660254037844385,-0.5000000000000004
2017-04-23 16:25:00,111,45.7,4.53,0.2072072072072072,보통,오후(12-17),-0.8660254037844385,-0.5000000000000004
2017-04-23 16:30:00,100,48.0,4.03,0.15,보통,오후(12-17),-0.8660254037844385,-0.5000000000000004
2017-04-23 16:35:00,121,49.5,23.17,0.30578512396694213,혼잡,오후(12-17),-0.8660254037844385,-0.5000000000000004
2017-04-23 16:40:00,120,49.0,6.9,0.24166666666666667,혼잡,오후(12-17),-0.8660254037844385,-0.5000000000000004
2017-04-23 16:45:00,131,46.4,6.72,0.2595419847328244,혼잡,오후(12-17),-0.8660254037844385,-0.5000000000000004
2017-04-23 16:50:00,108,46.8,4.8,0.18518518518518517,보통,오후(12-17),-0.8660254037844385,-0.5000000000000004
2017-04-23 16:55:00,124,49.1,5.06,0.2661290322580645,보통,오후(12-17),-0.8660254037844385,-0.5000000000000004
2017-04-23 17:00:00,110,44.5,5.01,0.20909090909090908,보통,오후(12-17),-0.9659258262890683,-0.25881904510252063
2017-04-23 17:05:00,101,48.5,3.99,0.2376237623762376,보통,오후(12-17),-0.9659258262890683,-0.25881904510252063
2017-04-23 17:10:00,119,48.5,4.62,0.18487394957983194,보통,오후(12-17),-0.9659258262890683,-0.25881904510252063
2017-04-23 17:15:00,134,46.4,5.65,0.2462686567164179,보통,오후(12-17),-0.9659258262890683,-0.25881904510252063
2017-04-23 17:20:00,126,47.3,5.41,0.25396825396825395,보통,오후(12-17),-0.9659258262890683,-0.25881904510252063
2017-04-23 17:25:00,118,49.2,4.83,0.17796610169491525,보통,오후(12-17),-0.9659258262890683,-0.25881904510252063
2017-04-23 17:30:00,108,46.7,4.55,0.3611111111111111,보통,오후(12-17),-0.9659258262890683,-0.25881904510252063
2017-04-23 17:35:00,110,49.5,4.41,0.2545454545454545,보통,오후(12-17),-0.9659258262890683,-0.25881904510252063
2017-04-23 17:40:00,105,44.4,4.95,0.20952380952380953,보통,오후(12-17),-0.9659258262890683,-0.25881904510252063
2017-04-23 17:45:00,122,48.2,5.03,0.3114754098360656,보통,오후(12-17),-0.9659258262890683,-0.25881904510252063
2017-04-23 17:50:00,132,48.6,5.04,0.25757575757575757,보통,오후(12-17),-0.9659258262890683,-0.25881904510252063
2017-04-23 17:55:00,130,49.8,5.45,0.3,보통,오후(12-17),-0.9659258262890683,-0.25881904510252063
2017-04-23 18:00:00,131,49.9,5.07,0.21374045801526717,보통,저녁(18-23),-1.0,-1.8369701987210297e-16
2017-04-23 18:05:00,138,46.3,6.29,0.2608695652173913,보통,저녁(18-23),-1.0,-1.8369701987210297e-16
2017-04-23 18:10:00,134,44.8,6.02,0.3208955223880597,보통,저녁(18-23),-1.0,-1.8369701987210297e-16
2017-04-23 18:15:00,156,43.5,7.23,0.2692307692307692,혼잡,저녁(18-23),-1.0,-1.8369701987210297e-16
2017-04-23 18:20:00,107,46.9,4.5,0.2803738317757009,보통,저녁(18-23),-1.0,-1.8369701987210297e-16
2017-04-23 18:25:00,127,50.1,5.12,0.25196850393700787,보통,저녁(18-23),-1.0,-1.8369701987210297e-16
2017-04-23 18:30:00,109,49.5,4.16,0.1651376146788991,보통,저녁(18-23),-1.0,-1.8369701987210297e-16
2017-04-23 18:35:00,123,50.6,4.68,0.3170731707317073,보통,저녁(18-23),-1.0,-1.8369701987210297e-16
2017-04-23 18:40:00,115,51.2,4.39,0.24347826086956523,보통,저녁(18-23),-1.0,-1.8369701987210297e-16
2017-04-23 18:45:00,138,47.2,6.03,0.2318840579710145,보통,저녁(18-23),-1.0,-1.8369701987210297e-16
2017-04-23 18:50:00,119,48.4,4.9,0.25210084033613445,보통,저녁(18-23),-1.0,-1.8369701987210297e-16
2017-04-23 18:55:00,101,49.2,3.97,0.2376237623762376,보통,저녁(18-23),-1.0,-1.8369701987210297e-16
2017-04-23 19:00:00,101,49.8,4.12,0.2871287128712871,보통,저녁(18-23),-0.9659258262890684,0.2588190451025203
2017-04-23 19:05:00,119,48.2,4.6,0.2605042016806723,보통,저녁(18-23),-0.9659258262890684,0.2588190451025203
2017-04-23 19:10:00,145,43.8,6.85,0.2827586206896552,혼잡,저녁(18-23),-0.9659258262890684,0.2588190451025203
2017-04-23 19:15:00,140,44.9,7.23,0.30714285714285716,혼잡,저녁(18-23),-0.9659258262890684,0.2588190451025203
2017-04-23 19:20:00,122,45.4,6.63,0.11475409836065574,보통,저녁(18-23),-0.9659258262890684,0.2588190451025203
2017-04-23 19:25:00,146,44.5,7.34,0.15753424657534246,혼잡,저녁(18-23),-0.9659258262890684,0.2588190451025203
2017-04-23 19:30:00,141,41.4,7.79,0.1702127659574468,혼잡,저녁(18-23),-0.9659258262890684,0.2588190451025203
2017-04-23 19:35:00,108,43.7,5.59,0.12037037037037036,보통,저녁(18-23),-0.9659258262890684,0.2588190451025203
2017-04-23 19:40:00,93,43.4,4.79,0.17204301075268819,보통,저녁(18-23),-0.9659258262890684,0.2588190451025203
2017-04-23 19:45:00,110,43.9,5.37,0.16363636363636364,보통,저녁(18-23),-0.9659258262890684,0.2588190451025203
2017-04-23 19:50:00,113,45.1,6.08,0.22123893805309736,보통,저녁(18-23),-0.9659258262890684,0.2588190451025203
2017-04-23 19:55:00,106,46.9,5.28,0.22641509433962265,보통,저녁(18-23),-0.9659258262890684,0.2588190451025203
2017-04-23 20:00:00,102,46.7,5.06,0.2549019607843137,보통,저녁(18-23),-0.8660254037844386,0.5000000000000001
2017-04-23 20:05:00,95,46.4,4.8,0.21052631578947367,보통,저녁(18-23),-0.8660254037844386,0.5000000000000001
2017-04-23 20:10:00,116,42.8,6.1,0.15517241379310345,보통,저녁(18-23),-0.8660254037844386,0.5000000000000001
2017-04-23 20:15:00,120,44.9,5.93,0.21666666666666667,보통,저녁(18-23),-0.8660254037844386,0.5000000000000001
2017-04-23 20:20:00,105,46.3,4.85,0.1619047619047619,보통,저녁(18-23),-0.8660254037844386,0.5000000000000001
2017-04-23 20:25:00,104,48.3,4.6,0.15384615384615385,보통,저녁(18-23),-0.8660254037844386,0.5000000000000001
2017-04-23 20:30:00,112,43.1,6.01,0.17857142857142858,보통,저녁(18-23),-0.8660254037844386,0.5000000000000001
2017-04-23 20:35:00,125,44.7,6.47,0.24,보통,저녁(18-23),-0.8660254037844386,0.5000000000000001
2017-04-23 20:40:00,105,47.1,4.76,0.1619047619047619,보통,저녁(18-23),-0.8660254037844386,0.5000000000000001
2017-04-23 20:45:00,118,48.6,5.59,0.17796610169491525,보통,저녁(18-23),-0.8660254037844386,0.5000000000000001
2017-04-23 20:50:00,102,48.5,5.33,0.21568627450980393,보통,저녁(18-23),-0.8660254037844386,0.5000000000000001
2017-04-23 20:55:00,84,48.4,3.45,0.13095238095238096,원활,저녁(18-23),-0.8660254037844386,0.5000000000000001
2017-04-23 21:00:00,86,46.3,4.24,0.1744186046511628,보통,저녁(18-23),-0.7071067811865477,0.7071067811865474
2017-04-23 21:05:00,98,47.5,4.68,0.23469387755102042,보통,저녁(18-23),-0.7071067811865477,0.7071067811865474
2017-04-23 21:10:00,76,42.2,4.05,0.21052631578947367,보통,저녁(18-23),-0.7071067811865477,0.7071067811865474
2017-04-23 21:15:00,101,45.0,4.94,0.19801980198019803,보통,저녁(18-23),-0.7071067811865477,0.7071067811865474
2017-04-23 21:20:00,100,46.8,4.89,0.22,보통,저녁(18-23),-0.7071067811865477,0.7071067811865474
2017-04-23 21:25:00,81,48.2,3.64,0.1728395061728395,원활,저녁(18-23),-0.7071067811865477,0.7071067811865474
2017-04-23 21:30:00,85,49.0,3.91,0.25882352941176473,보통,저녁(18-23),-0.7071067811865477,0.7071067811865474
2017-04-23 21:35:00,75,45.1,4.21,0.16,보통,저녁(18-23),-0.7071067811865477,0.7071067811865474
2017-04-23 21:40:00,78,48.4,3.66,0.15384615384615385,원활,저녁(18-23),-0.7071067811865477,0.7071067811865474
2017-04-23 21:45:00,77,49.1,3.32,0.11688311688311688,원활,저녁(18-23),-0.7071067811865477,0.7071067811865474
2017-04-23 21:50:00,71,49.4,3.48,0.19718309859154928,원활,저녁(18-23),-0.7071067811865477,0.7071067811865474
2017-04-23 21:55:00,86,49.3,4.14,0.313953488372093,보통,저녁(18-23),-0.7071067811865477,0.7071067811865474
2017-04-23 22:00:00,86,48.2,3.93,0.1744186046511628,보통,저녁(18-23),-0.5000000000000004,0.8660254037844384
2017-04-23 22:05:00,88,50.2,4.16,0.23863636363636365,보통,저녁(18-23),-0.5000000000000004,0.8660254037844384
2017-04-23 22:10:00,64,48.7,3.21,0.28125,원활,저녁(18-23),-0.5000000000000004,0.8660254037844384
2017-04-23 22:15:00,71,51.2,3.19,0.2676056338028169,원활,저녁(18-23),-0.5000000000000004,0.8660254037844384
2017-04-23 22:20:00,57,48.9,3.05,0.21052631578947367,원활,저녁(18-23),-0.5000000000000004,0.8660254037844384
2017-04-23 22:25:00,59,50.3,2.38,0.22033898305084745,원활,저녁(18-23),-0.5000000000000004,0.8660254037844384
2017-04-23 22:30:00,54,46.1,2.62,0.3333333333333333,원활,저녁(18-23),-0.5000000000000004,0.8660254037844384
2017-04-23 22:35:00,53,50.8,2.41,0.18867924528301888,원활,저녁(18-23),-0.5000000000000004,0.8660254037844384
2017-04-23 22:40:00,47,52.3,2.02,0.3829787234042553,원활,저녁(18-23),-0.5000000000000004,0.8660254037844384
2017-04-23 22:45:00,43,54.0,1.91,0.4418604651162791,원활,저녁(18-23),-0.5000000000000004,0.8660254037844384
2017-04-23 22:50:00,43,50.9,1.79,0.37209302325581395,원활,저녁(18-23),-0.5000000000000004,0.8660254037844384
2017-04-23 22:55:00,59,50.8,2.75,0.15254237288135594,원활,저녁(18-23),-0.5000000000000004,0.8660254037844384
2017-04-23 23:00:00,49,50.4,2.25,0.3469387755102041,원활,저녁(18-23),-0.2588190451025207,0.9659258262890683
2017-04-23 23:05:00,39,52.2,1.75,0.3076923076923077,원활,저녁(18-23),-0.2588190451025207,0.9659258262890683
2017-04-23 23:10:00,46,60.2,1.8,0.2391304347826087,원활,저녁(18-23),-0.2588190451025207,0.9659258262890683
2017-04-23 23:15:00,36,53.9,1.5,0.2222222222222222,원활,저녁(18-23),-0.2588190451025207,0.9659258262890683
2017-04-23 23:20:00,44,52.5,1.9,0.18181818181818182,원활,저녁(18-23),-0.2588190451025207,0.9659258262890683
2017-04-23 23:25:00,33,55.4,1.38,0.36363636363636365,원활,저녁(18-23),-0.2588190451025207,0.9659258262890683
2017-04-23 23:30:00,39,59.6,1.54,0.3333333333333333,원활,저녁(18-23),-0.2588190451025207,0.9659258262890683
2017-04-23 23:35:00,30,54.4,1.07,0.2,원활,저녁(18-23),-0.2588190451025207,0.9659258262890683
2017-04-23 23:40:00,18,56.5,0.96,0.3333333333333333,원활,저녁(18-23),-0.2588190451025207,0.9659258262890683
2017-04-23 23:45:00,32,59.1,1.26,0.34375,원활,저녁(18-23),-0.2588190451025207,0.9659258262890683
2017-04-23 23:50:00,31,52.8,1.33,0.3548387096774194,원활,저녁(18-23),-0.2588190451025207,0.9659258262890683
2017-04-23 23:55:00,20,75.2,0.8,0.15,원활,저녁(18-23),-0.2588190451025207,0.9659258262890683
2017-04-24 00:00:00,27,60.6,1.17,0.2962962962962963,원활,새벽(0-5),0.0,1.0
2017-04-24 00:05:00,36,57.6,1.42,0.3055555555555556,원활,새벽(0-5),0.0,1.0
2017-04-24 00:10:00,23,62.3,0.85,0.5217391304347826,원활,새벽(0-5),0.0,1.0
2017-04-24 00:15:00,19,52.3,0.84,0.3157894736842105,원활,새벽(0-5),0.0,1.0
2017-04-24 00:20:00,20,61.8,1.09,0.25,원활,새벽(0-5),0.0,1.0
2017-04-24 00:25:00,18,60.1,0.72,0.16666666666666666,원활,새벽(0-5),0.0,1.0
2017-04-24 00:30:00,24,59.1,0.92,0.25,원활,새벽(0-5),0.0,1.0
2017-04-24 00:35:00,23,57.6,1.05,0.34782608695652173,원활,새벽(0-5),0.0,1.0
2017-04-24 00:40:00,17,62.9,0.74,0.23529411764705882,원활,새벽(0-5),0.0,1.0
2017-04-24 00:45:00,15,62.6,0.57,0.3333333333333333,원활,새벽(0-5),0.0,1.0
2017-04-24 00:50:00,19,56.7,0.83,0.21052631578947367,원활,새벽(0-5),0.0,1.0
2017-04-24 00:55:00,14,50.4,0.6,0.21428571428571427,원활,새벽(0-5),0.0,1.0
2017-04-24 01:00:00,13,51.7,0.48,0.38461538461538464,원활,새벽(0-5),0.25881904510252074,0.9659258262890683
2017-04-24 01:05:00,15,55.1,0.62,0.26666666666666666,원활,새벽(0-5),0.25881904510252074,0.9659258262890683
2017-04-24 01:10:00,11,50.3,0.51,0.36363636363636365,원활,새벽(0-5),0.25881904510252074,0.9659258262890683
2017-04-24 01:15:00,17,59.3,0.76,0.5294117647058824,원활,새벽(0-5),0.25881904510252074,0.9659258262890683
2017-04-24 01:20:00,13,57.1,0.51,0.5384615384615384,원활,새벽(0-5),0.25881904510252074,0.9659258262890683
2017-04-24 01:25:00,19,57.4,0.7,0.3684210526315789,원활,새벽(0-5),0.25881904510252074,0.9659258262890683
2017-04-24 01:30:00,9,69.1,0.34,0.3333333333333333,원활,새벽(0-5),0.25881904510252074,0.9659258262890683
2017-04-24 01:35:00,9,53.7,0.5,0.3333333333333333,원활,새벽(0-5),0.25881904510252074,0.9659258262890683
2017-04-24 01:40:00,16,61.0,0.65,0.3125,원활,새벽(0-5),0.25881904510252074,0.9659258262890683
2017-04-24 01:45:00,13,56.0,0.51,0.15384615384615385,원활,새벽(0-5),0.25881904510252074,0.9659258262890683
2017-04-24 01:50:00,13,61.2,0.47,0.23076923076923078,원활,새벽(0-5),0.25881904510252074,0.9659258262890683
2017-04-24 01:55:00,13,48.5,0.62,0.46153846153846156,원활,새벽(0-5),0.25881904510252074,0.9659258262890683
2017-04-24 02:00:00,12,65.7,0.55,0.4166666666666667,원활,새벽(0-5),0.49999999999999994,0.8660254037844387
2017-04-24 02:05:00,9,58.4,0.38,0.4444444444444444,원활,새벽(0-5),0.49999999999999994,0.8660254037844387
2017-04-24 02:10:00,10,57.3,0.44,0.4,원활,새벽(0-5),0.49999999999999994,0.8660254037844387
2017-04-24 02:15:00,9,58.3,0.42,0.1111111111111111,원활,새벽(0-5),0.49999999999999994,0.8660254037844387
2017-04-24 02:20:00,10,52.9,0.38,0.2,원활,새벽(0-5),0.49999999999999994,0.8660254037844387
2017-04-24 02:25:00,10,46.8,0.45,0.4,원활,새벽(0-5),0.49999999999999994,0.8660254037844387
2017-04-24 02:30:00,14,53.7,0.6,0.35714285714285715,원활,새벽(0-5),0.49999999999999994,0.8660254037844387
2017-04-24 02:35:00,14,54.5,0.64,0.14285714285714285,원활,새벽(0-5),0.49999999999999994,0.8660254037844387
2017-04-24 02:40:00,15,61.8,0.5,0.2,원활,새벽(0-5),0.49999999999999994,0.8660254037844387
2017-04-24 02:45:00,13,75.9,0.55,0.5384615384615384,원활,새벽(0-5),0.49999999999999994,0.8660254037844387
2017-04-24 02:50:00,10,61.5,0.47,0.2,원활,새벽(0-5),0.49999999999999994,0.8660254037844387
2017-04-24 02:55:00,11,53.7,0.55,0.2727272727272727,원활,새벽(0-5),0.49999999999999994,0.8660254037844387
2017-04-24 03:00:00,10,57.5,0.42,0.2,원활,새벽(0-5),0.7071067811865476,0.7071067811865476
2017-04-24 03:05:00,18,56.4,0.72,0.5,원활,새벽(0-5),0.7071067811865476,0.7071067811865476
2017-04-24 03:10:00,11,53.2,0.9,0.2727272727272727,원활,새벽(0-5),0.7071067811865476,0.7071067811865476
2017-04-24 03:15:00,10,70.4,0.39,0.3,원활,새벽(0-5),0.7071067811865476,0.7071067811865476
2017-04-24 03:20:00,10,57.0,0.43,0.6,원활,새벽(0-5),0.7071067811865476,0.7071067811865476
2017-04-24 03:25:00,10,59.6,0.34,0.3,원활,새벽(0-5),0.7071067811865476,0.7071067811865476
2017-04-24 03:30:00,15,59.5,0.64,0.5333333333333333,원활,새벽(0-5),0.7071067811865476,0.7071067811865476
2017-04-24 03:35:00,10,58.3,0.53,0.1,원활,새벽(0-5),0.7071067811865476,0.7071067811865476
2017-04-24 03:40:00,14,55.5,0.55,0.2857142857142857,원활,새벽(0-5),0.7071067811865476,0.7071067811865476
2017-04-24 03:45:00,13,52.2,0.6,0.38461538461538464,원활,새벽(0-5),0.7071067811865476,0.7071067811865476
2017-04-24 03:50:00,18,59.1,0.79,0.3888888888888889,원활,새벽(0-5),0.7071067811865476,0.7071067811865476
2017-04-24 03:55:00,11,51.7,0.5,0.36363636363636365,원활,새벽(0-5),0.7071067811865476,0.7071067811865476
2017-04-24 04:00:00,17,52.1,0.78,0.4117647058823529,원활,새벽(0-5),0.8660254037844386,0.5000000000000001
2017-04-24 04:05:00,13,50.7,0.53,0.5384615384615384,원활,새벽(0-5),0.8660254037844386,0.5000000000000001
2017-04-24 04:10:00,10,57.3,0.41,0.1,원활,새벽(0-5),0.8660254037844386,0.5000000000000001
2017-04-24 04:15:00,17,60.0,0.64,0.29411764705882354,원활,새벽(0-5),0.8660254037844386,0.5000000000000001
2017-04-24 04:20:00,13,57.1,0.71,0.46153846153846156,원활,새벽(0-5),0.8660254037844386,0.5000000000000001
2017-04-24 04:25:00,28,70.1,1.13,0.35714285714285715,원활,새벽(0-5),0.8660254037844386,0.5000000000000001
2017-04-24 04:30:00,20,64.2,0.8,0.35,원활,새벽(0-5),0.8660254037844386,0.5000000000000001
2017-04-24 04:35:00,32,53.3,1.42,0.46875,원활,새벽(0-5),0.8660254037844386,0.5000000000000001
2017-04-24 04:40:00,17,48.0,0.71,0.47058823529411764,원활,새벽(0-5),0.8660254037844386,0.5000000000000001
2017-04-24 04:45:00,26,60.1,1.14,0.5384615384615384,원활,새벽(0-5),0.8660254037844386,0.5000000000000001
2017-04-24 04:50:00,31,55.5,1.26,0.2903225806451613,원활,새벽(0-5),0.8660254037844386,0.5000000000000001
2017-04-24 04:55:00,24,55.5,0.98,0.3333333333333333,원활,새벽(0-5),0.8660254037844386,0.5000000000000001
2017-04-24 05:00:00,29,48.0,1.41,0.41379310344827586,원활,새벽(0-5),0.9659258262890683,0.25881904510252074
2017-04-24 05:05:00,31,60.3,1.36,0.4838709677419355,원활,새벽(0-5),0.9659258262890683,0.25881904510252074
2017-04-24 05:10:00,46,63.0,1.69,0.2826086956521739,원활,새벽(0-5),0.9659258262890683,0.25881904510252074
2017-04-24 05:15:00,61,55.8,2.62,0.3770491803278688,원활,새벽(0-5),0.9659258262890683,0.25881904510252074
2017-04-24 05:20:00,59,57.5,2.27,0.288135593220339,원활,새벽(0-5),0.9659258262890683,0.25881904510252074
2017-04-24 05:25:00,49,57.8,1.96,0.14285714285714285,원활,새벽(0-5),0.9659258262890683,0.25881904510252074
2017-04-24 05:30:00,45,60.0,1.69,0.4222222222222222,원활,새벽(0-5),0.9659258262890683,0.25881904510252074
2017-04-24 05:35:00,61,58.3,2.29,0.3442622950819672,원활,새벽(0-5),0.9659258262890683,0.25881904510252074
2017-04-24 05:40:00,50,63.8,1.78,0.3,원활,새벽(0-5),0.9659258262890683,0.25881904510252074
2017-04-24 05:45:00,57,60.3,1.88,0.21052631578947367,원활,새벽(0-5),0.9659258262890683,0.25881904510252074
2017-04-24 05:50:00,60,58.5,2.02,0.31666666666666665,원활,새벽(0-5),0.9659258262890683,0.25881904510252074
2017-04-24 05:55:00,84,56.4,3.4,0.32142857142857145,원활,새벽(0-5),0.9659258262890683,0.25881904510252074
2017-04-24 06:00:00,86,59.5,3.06,0.3488372093023256,원활,오전(6-11),1.0,6.123233995736766e-17
2017-04-24 06:05:00,111,57.0,3.75,0.38738738738738737,보통,오전(6-11),1.0,6.123233995736766e-17
2017-04-24 06:10:00,92,57.7,3.43,0.391304347826087,원활,오전(6-11),1.0,6.123233995736766e-17
2017-04-24 06:15:00,106,56.0,3.85,0.36792452830188677,보통,오전(6-11),1.0,6.123233995736766e-17
2017-04-24 06:20:00,99,56.4,3.61,0.3838383838383838,원활,오전(6-11),1.0,6.123233995736766e-17
2017-04-24 06:25:00,133,52.0,5.35,0.43609022556390975,보통,오전(6-11),1.0,6.123233995736766e-17
2017-04-24 06:30:00,139,57.8,4.88,0.34532374100719426,보통,오전(6-11),1.0,6.123233995736766e-17
2017-04-24 06:35:00,163,51.6,6.18,0.32515337423312884,보통,오전(6-11),1.0,6.123233995736766e-17
2017-04-24 06:40:00,139,56.5,5.13,0.37410071942446044,보통,오전(6-11),1.0,6.123233995736766e-17
2017-04-24 06:45:00,144,54.6,5.35,0.2916666666666667,보통,오전(6-11),1.0,6.123233995736766e-17
2017-04-24 06:50:00,122,51.0,4.71,0.4098360655737705,보통,오전(6-11),1.0,6.123233995736766e-17
2017-04-24 06:55:00,164,50.9,6.67,0.34146341463414637,혼잡,오전(6-11),1.0,6.123233995736766e-17
2017-04-24 07:00:00,155,45.0,7.22,0.32903225806451614,혼잡,오전(6-11),0.9659258262890683,-0.25881904510252085
2017-04-24 07:05:00,176,50.0,7.7,0.3522727272727273,혼잡,오전(6-11),0.9659258262890683,-0.25881904510252085
2017-04-24 07:10:00,230,44.7,11.37,0.29130434782608694,혼잡,오전(6-11),0.9659258262890683,-0.25881904510252085
2017-04-24 07:15:00,252,42.7,12.3,0.30158730158730157,혼잡,오전(6-11),0.9659258262890683,-0.25881904510252085
2017-04-24 07:20:00,193,39.1,11.17,0.26424870466321243,혼잡,오전(6-11),0.9659258262890683,-0.25881904510252085
2017-04-24 07:25:00,226,39.1,12.65,0.28761061946902655,혼잡,오전(6-11),0.9659258262890683,-0.25881904510252085
2017-04-24 07:30:00,251,38.0,17.13,0.30677290836653387,혼잡,오전(6-11),0.9659258262890683,-0.25881904510252085
2017-04-24 07:35:00,272,38.2,18.63,0.27941176470588236,혼잡,오전(6-11),0.9659258262890683,-0.25881904510252085
2017-04-24 07:40:00,212,34.2,17.56,0.2688679245283019,혼잡,오전(6-11),0.9659258262890683,-0.25881904510252085
2017-04-24 07:45:00,206,36.1,16.44,0.2961165048543689,혼잡,오전(6-11),0.9659258262890683,-0.25881904510252085
2017-04-24 07:50:00,267,40.6,16.63,0.250936329588015,혼잡,오전(6-11),0.9659258262890683,-0.25881904510252085
2017-04-24 07:55:00,292,40.1,15.74,0.20205479452054795,혼잡,오전(6-11),0.9659258262890683,-0.25881904510252085
2017-04-24 08:00:00,265,36.7,16.54,0.24150943396226415,혼잡,오전(6-11),0.8660254037844387,-0.4999999999999998
2017-04-24 08:05:00,228,40.3,13.29,0.2675438596491228,혼잡,오전(6-11),0.8660254037844387,-0.4999999999999998
2017-04-24 08:10:00,261,36.3,18.03,0.3065134099616858,혼잡,오전(6-11),0.8660254037844387,-0.4999999999999998
2017-04-24 08:15:00,295,36.7,15.62,0.2271186440677966,혼잡,오전(6-11),0.8660254037844387,-0.4999999999999998
2017-04-24 08:20:00,257,33.6,29.14,0.23346303501945526,혼잡,오전(6-11),0.8660254037844387,-0.4999999999999998
2017-04-24 08:25:00,182,32.5,24.11,0.21428571428571427,혼잡,오전(6-11),0.8660254037844387,-0.4999999999999998
2017-04-24 08:30:00,225,36.9,11.82,0.21777777777777776,혼잡,오전(6-11),0.8660254037844387,-0.4999999999999998
2017-04-24 08:35:00,263,32.5,19.8,0.1482889733840304,혼잡,오전(6-11),0.8660254037844387,-0.4999999999999998
2017-04-24 08:40:00,239,37.1,14.16,0.2301255230125523,혼잡,오전(6-11),0.8660254037844387,-0.4999999999999998
2017-04-24 08:45:00,165,47.4,7.44,0.2787878787878788,혼잡,오전(6-11),0.8660254037844387,-0.4999999999999998
2017-04-24 08:50:00,168,47.1,7.79,0.19642857142857142,혼잡,오전(6-11),0.8660254037844387,-0.4999999999999998
2017-04-24 08:55:00,167,53.4,6.37,0.20359281437125748,보통,오전(6-11),0.8660254037844387,-0.4999999999999998
2017-04-24 09:00:00,168,45.6,10.82,0.22023809523809523,혼잡,오전(6-11),0.7071067811865476,-0.7071067811865475
2017-04-24 09:05:00,177,43.4,12.07,0.2598870056497175,혼잡,오전(6-11),0.7071067811865476,-0.7071067811865475
2017-04-24 09:10:00,119,53.5,4.58,0.25210084033613445,보통,오전(6-11),0.7071067811865476,-0.7071067811865475
2017-04-24 09:15:00,145,54.6,5.47,0.21379310344827587,보통,오전(6-11),0.7071067811865476,-0.7071067811865475
2017-04-24 09:20:00,165,50.7,7.9,0.2787878787878788,혼잡,오전(6-11),0.7071067811865476,-0.7071067811865475
2017-04-24 09:25:00,177,48.2,10.16,0.288135593220339,혼잡,오전(6-11),0.7071067811865476,-0.7071067811865475
2017-04-24 09:30:00,148,52.8,6.52,0.31756756756756754,보통,오전(6-11),0.7071067811865476,-0.7071067811865475
2017-04-24 09:35:00,151,48.6,7.67,0.2913907284768212,혼잡,오전(6-11),0.7071067811865476,-0.7071067811865475
2017-04-24 09:40:00,147,51.6,6.88,0.3877551020408163,혼잡,오전(6-11),0.7071067811865476,-0.7071067811865475
2017-04-24 09:45:00,152,46.6,8.36,0.32894736842105265,혼잡,오전(6-11),0.7071067811865476,-0.7071067811865475
2017-04-24 09:50:00,140,50.9,5.94,0.32142857142857145,보통,오전(6-11),0.7071067811865476,-0.7071067811865475
2017-04-24 09:55:00,173,48.3,8.36,0.36416184971098264,혼잡,오전(6-11),0.7071067811865476,-0.7071067811865475
2017-04-24 10:00:00,142,51.7,5.5,0.30985915492957744,보통,오전(6-11),0.49999999999999994,-0.8660254037844387
2017-04-24 10:05:00,143,51.3,7.65,0.34965034965034963,혼잡,오전(6-11),0.49999999999999994,-0.8660254037844387
2017-04-24 10:10:00,134,48.4,6.79,0.3283582089552239,혼잡,오전(6-11),0.49999999999999994,-0.8660254037844387
2017-04-24 10:15:00,123,53.1,6.27,0.36585365853658536,보통,오전(6-11),0.49999999999999994,-0.8660254037844387
2017-04-24 10:20:00,111,49.1,8.24,0.3153153153153153,혼잡,오전(6-11),0.49999999999999994,-0.8660254037844387
2017-04-24 10:25:00,107,52.4,7.1,0.34579439252336447,혼잡,오전(6-11),0.49999999999999994,-0.8660254037844387
2017-04-24 10:30:00,112,53.7,6.99,0.38392857142857145,혼잡,오전(6-11),0.49999999999999994,-0.8660254037844387
2017-04-24 10:35:00,116,50.2,6.16,0.3706896551724138,보통,오전(6-11),0.49999999999999994,-0.8660254037844387
2017-04-24 10:40:00,118,50.1,4.84,0.3983050847457627,보통,오전(6-11),0.49999999999999994,-0.8660254037844387
2017-04-24 10:45:00,150,49.7,9.1,0.3333333333333333,혼잡,오전(6-11),0.49999999999999994,-0.8660254037844387
2017-04-24 10:50:00,124,48.3,5.6,0.3387096774193548,보통,오전(6-11),0.49999999999999994,-0.8660254037844387
2017-04-24 10:55:00,128,49.4,5.5,0.40625,보통,오전(6-11),0.49999999999999994,-0.8660254037844387
2017-04-24 11:00:00,115,48.8,6.29,0.3739130434782609,보통,오전(6-11),0.258819045102521,-0.9659258262890682
2017-04-24 11:05:00,122,48.4,5.72,0.319672131147541,보통,오전(6-11),0.258819045102521,-0.9659258262890682
2017-04-24 11:10:00,124,55.2,4.83,0.3548387096774194,보통,오전(6-11),0.258819045102521,-0.9659258262890682
2017-04-24 11:15:00,147,50.2,6.56,0.3877551020408163,보통,오전(6-11),0.258819045102521,-0.9659258262890682
2017-04-24 11:20:00,147,49.0,5.79,0.29931972789115646,보통,오전(6-11),0.258819045102521,-0.9659258262890682
2017-04-24 11:25:00,135,51.3,6.13,0.28888888888888886,보통,오전(6-11),0.258819045102521,-0.9659258262890682
2017-04-24 11:30:00,137,49.5,5.57,0.23357664233576642,보통,오전(6-11),0.258819045102521,-0.9659258262890682
2017-04-24 11:35:00,134,47.2,6.35,0.29850746268656714,보통,오전(6-11),0.258819045102521,-0.9659258262890682
2017-04-24 11:40:00,115,51.4,5.28,0.3130434782608696,보통,오전(6-11),0.258819045102521,-0.9659258262890682
2017-04-24 11:45:00,134,48.1,6.02,0.29850746268656714,보통,오전(6-11),0.258819045102521,-0.9659258262890682
2017-04-24 11:50:00,173,41.0,17.38,0.27167630057803466,혼잡,오전(6-11),0.258819045102521,-0.9659258262890682
2017-04-24 11:55:00,131,47.4,6.91,0.3053435114503817,혼잡,오전(6-11),0.258819045102521,-0.9659258262890682
2017-04-24 12:00:00,157,46.3,7.13,0.33121019108280253,혼잡,오후(12-17),1.2246467991473532e-16,-1.0
2017-04-24 12:05:00,127,51.8,5.6,0.2992125984251969,보통,오후(12-17),1.2246467991473532e-16,-1.0
2017-04-24 12:10:00,124,51.1,5.72,0.2903225806451613,보통,오후(12-17),1.2246467991473532e-16,-1.0
2017-04-24 12:15:00,131,48.0,6.04,0.2748091603053435,보통,오후(12-17),1.2246467991473532e-16,-1.0
2017-04-24 12:20:00,112,52.7,4.56,0.38392857142857145,보통,오후(12-17),1.2246467991473532e-16,-1.0
2017-04-24 12:25:00,119,49.7,4.9,0.2689075630252101,보통,오후(12-17),1.2246467991473532e-16,-1.0
2017-04-24 12:30:00,136,49.6,5.39,0.3014705882352941,보통,오후(12-17),1.2246467991473532e-16,-1.0
2017-04-24 12:35:00,163,48.0,7.05,0.38650306748466257,혼잡,오후(12-17),1.2246467991473532e-16,-1.0
2017-04-24 12:40:00,137,51.7,5.52,0.27007299270072993,보통,오후(12-17),1.2246467991473532e-16,-1.0
2017-04-24 12:45:00,131,49.8,5.48,0.2748091603053435,보통,오후(12-17),1.2246467991473532e-16,-1.0
2017-04-24 12:50:00,157,44.9,7.03,0.33121019108280253,혼잡,오후(12-17),1.2246467991473532e-16,-1.0
2017-04-24 12:55:00,153,47.2,6.47,0.3202614379084967,보통,오후(12-17),1.2246467991473532e-16,-1.0
2017-04-24 13:00:00,128,49.3,5.48,0.359375,보통,오후(12-17),-0.25881904510252035,-0.9659258262890684
2017-04-24 13:05:00,155,48.0,6.43,0.24516129032258063,보통,오후(12-17),-0.25881904510252035,-0.9659258262890684
2017-04-24 13:10:00,113,52.7,4.39,0.2743362831858407,보통,오후(12-17),-0.25881904510252035,-0.9659258262890684
2017-04-24 13:15:00,154,48.9,6.48,0.2532467532467532,보통,오후(12-17),-0.25881904510252035,-0.9659258262890684
2017-04-24 13:20:00,138,48.3,5.76,0.32608695652173914,보통,오후(12-17),-0.25881904510252035,-0.9659258262890684
2017-04-24 13:25:00,155,47.9,6.41,0.3225806451612903,보통,오후(12-17),-0.25881904510252035,-0.9659258262890684
2017-04-24 13:30:00,153,42.6,6.84,0.24836601307189543,혼잡,오후(12-17),-0.25881904510252035,-0.9659258262890684
2017-04-24 13:35:00,145,49.0,6.08,0.32413793103448274,보통,오후(12-17),-0.25881904510252035,-0.9659258262890684
2017-04-24 13:40:00,113,51.7,4.42,0.26548672566371684,보통,오후(12-17),-0.25881904510252035,-0.9659258262890684
2017-04-24 13:45:00,109,52.7,4.42,0.3119266055045872,보통,오후(12-17),-0.25881904510252035,-0.9659258262890684
2017-04-24 13:50:00,156,51.4,6.27,0.24358974358974358,보통,오후(12-17),-0.25881904510252035,-0.9659258262890684
2017-04-24 13:55:00,129,48.6,5.68,0.29457364341085274,보통,오후(12-17),-0.25881904510252035,-0.9659258262890684
2017-04-24 14:00:00,141,50.1,5.4,0.2695035460992908,보통,오후(12-17),-0.5000000000000001,-0.8660254037844386
2017-04-24 14:05:00,152,50.7,6.09,0.32894736842105265,보통,오후(12-17),-0.5000000000000001,-0.8660254037844386
2017-04-24 14:10:00,130,48.3,5.62,0.3384615384615385,보통,오후(12-17),-0.5000000000000001,-0.8660254037844386
2017-04-24 14:15:00,132,48.2,5.48,0.25757575757575757,보통,오후(12-17),-0.5000000000000001,-0.8660254037844386
2017-04-24 14:20:00,131,45.6,6.6,0.24427480916030533,보통,오후(12-17),-0.5000000000000001,-0.8660254037844386
2017-04-24 14:25:00,151,46.4,6.22,0.2913907284768212,보통,오후(12-17),-0.5000000000000001,-0.8660254037844386
2017-04-24 14:30:00,144,47.3,6.31,0.3055555555555556,보통,오후(12-17),-0.5000000000000001,-0.8660254037844386
2017-04-24 14:35:00,136,49.2,5.72,0.39705882352941174,보통,오후(12-17),-0.5000000000000001,-0.8660254037844386
2017-04-24 14:40:00,186,49.1,7.58,0.24731182795698925,혼잡,오후(12-17),-0.5000000000000001,-0.8660254037844386
2017-04-24 14:45:00,171,45.6,7.63,0.23391812865497075,혼잡,오후(12-17),-0.5000000000000001,-0.8660254037844386
2017-04-24 14:50:00,105,45.3,6.45,0.24761904761904763,보통,오후(12-17),-0.5000000000000001,-0.8660254037844386
2017-04-24 14:55:00,146,48.2,6.22,0.3424657534246575,보통,오후(12-17),-0.5000000000000001,-0.8660254037844386
2017-04-24 15:00:00,128,49.8,4.96,0.2109375,보통,오후(12-17),-0.7071067811865475,-0.7071067811865477
2017-04-24 15:05:00,146,51.5,5.74,0.2328767123287671,보통,오후(12-17),-0.7071067811865475,-0.7071067811865477
2017-04-24 15:10:00,160,49.8,6.44,0.31875,보통,오후(12-17),-0.7071067811865475,-0.7071067811865477
2017-04-24 15:15:00,135,48.8,5.61,0.2814814814814815,보통,오후(12-17),-0.7071067811865475,-0.7071067811865477
2017-04-24 15:20:00,148,50.2,5.77,0.24324324324324326,보통,오후(12-17),-0.7071067811865475,-0.7071067811865477
2017-04-24 15:25:00,144,50.2,5.8,0.2777777777777778,보통,오후(12-17),-0.7071067811865475,-0.7071067811865477
2017-04-24 15:30:00,138,48.9,5.8,0.2463768115942029,보통,오후(12-17),-0.7071067811865475,-0.7071067811865477
2017-04-24 15:35:00,136,44.5,6.08,0.2426470588235294,보통,오후(12-17),-0.7071067811865475,-0.7071067811865477
2017-04-24 15:40:00,112,46.9,4.64,0.23214285714285715,보통,오후(12-17),-0.7071067811865475,-0.7071067811865477
2017-04-24 15:45:00,163,44.8,6.85,0.2085889570552147,혼잡,오후(12-17),-0.7071067811865475,-0.7071067811865477
2017-04-24 15:50:00,152,49.8,6.19,0.20394736842105263,보통,오후(12-17),-0.7071067811865475,-0.7071067811865477
2017-04-24 15:55:00,171,49.5,6.87,0.2573099415204678,혼잡,오후(12-17),-0.7071067811865475,-0.7071067811865477
2017-04-24 16:00:00,146,47.5,6.25,0.2602739726027397,보통,오후(12-17),-0.8660254037844385,-0.5000000000000004
2017-04-24 16:05:00,169,47.0,6.94,0.2958579881656805,혼잡,오후(12-17),-0.8660254037844385,-0.5000000000000004
2017-04-24 16:10:00,140,45.6,5.85,0.29285714285714287,보통,오후(12-17),-0.8660254037844385,-0.5000000000000004
2017-04-24 16:15:00,146,48.9,6.55,0.3013698630136986,보통,오후(12-17),-0.8660254037844385,-0.5000000000000004
2017-04-24 16:20:00,150,43.7,7.09,0.3,혼잡,오후(12-17),-0.8660254037844385,-0.5000000000000004
2017-04-24 16:25:00,137,49.6,8.96,0.27007299270072993,혼잡,오후(12-17),-0.8660254037844385,-0.5000000000000004
2017-04-24 16:30:00,131,51.4,5.97,0.2366412213740458,보통,오후(12-17),-0.8660254037844385,-0.5000000000000004
2017-04-24 16:35:00,142,53.0,5.64,0.2746478873239437,보통,오후(12-17),-0.8660254037844385,-0.5000000000000004
2017-04-24 16:40:00,124,48.4,4.83,0.2903225806451613,보통,오후(12-17),-0.8660254037844385,-0.5000000000000004
2017-04-24 16:45:00,146,46.1,6.38,0.2671232876712329,보통,오후(12-17),-0.8660254037844385,-0.5000000000000004
2017-04-24 16:50:00,132,48.4,5.32,0.21212121212121213,보통,오후(12-17),-0.8660254037844385,-0.5000000000000004
2017-04-24 16:55:00,142,50.3,5.95,0.323943661971831,보통,오후(12-17),-0.8660254037844385,-0.5000000000000004
2017-04-24 17:00:00,135,49.1,5.37,0.21481481481481482,보통,오후(12-17),-0.9659258262890683,-0.25881904510252063
2017-04-24 17:05:00,154,49.5,6.93,0.2727272727272727,혼잡,오후(12-17),-0.9659258262890683,-0.25881904510252063
2017-04-24 17:10:00,139,45.5,5.68,0.2805755395683453,보통,오후(12-17),-0.9659258262890683,-0.25881904510252063
2017-04-24 17:15:00,129,48.8,5.35,0.17829457364341086,보통,오후(12-17),-0.9659258262890683,-0.25881904510252063
2017-04-24 17:20:00,174,47.0,7.21,0.27586206896551724,혼잡,오후(12-17),-0.9659258262890683,-0.25881904510252063
2017-04-24 17:25:00,173,47.9,7.16,0.2543352601156069,혼잡,오후(12-17),-0.9659258262890683,-0.25881904510252063
2017-04-24 17:30:00,109,51.4,4.52,0.3119266055045872,보통,오후(12-17),-0.9659258262890683,-0.25881904510252063
2017-04-24 17:35:00,123,44.3,5.43,0.22764227642276422,보통,오후(12-17),-0.9659258262890683,-0.25881904510252063
2017-04-24 17:40:00,157,49.7,6.49,0.28662420382165604,보통,오후(12-17),-0.9659258262890683,-0.25881904510252063
2017-04-24 17:45:00,183,43.3,7.91,0.31693989071038253,혼잡,오후(12-17),-0.9659258262890683,-0.25881904510252063
2017-04-24 17:50:00,147,46.2,6.12,0.2925170068027211,보통,오후(12-17),-0.9659258262890683,-0.25881904510252063
2017-04-24 17:55:00,147,46.8,6.79,0.23129251700680273,혼잡,오후(12-17),-0.9659258262890683,-0.25881904510252063
2017-04-24 18:00:00,147,45.4,6.43,0.3333333333333333,보통,저녁(18-23),-1.0,-1.8369701987210297e-16
2017-04-24 18:05:00,188,43.4,8.32,0.22872340425531915,혼잡,저녁(18-23),-1.0,-1.8369701987210297e-16
2017-04-24 18:10:00,196,43.4,8.43,0.25,혼잡,저녁(18-23),-1.0,-1.8369701987210297e-16
2017-04-24 18:15:00,168,38.5,14.69,0.32142857142857145,혼잡,저녁(18-23),-1.0,-1.8369701987210297e-16
2017-04-24 18:20:00,204,39.0,14.83,0.24509803921568626,혼잡,저녁(18-23),-1.0,-1.8369701987210297e-16
2017-04-24 18:25:00,212,32.8,27.95,0.18867924528301888,혼잡,저녁(18-23),-1.0,-1.8369701987210297e-16
2017-04-24 18:30:00,187,30.2,25.52,0.20855614973262032,혼잡,저녁(18-23),-1.0,-1.8369701987210297e-16
2017-04-24 18:35:00,148,30.7,35.2,0.17567567567567569,혼잡,저녁(18-23),-1.0,-1.8369701987210297e-16
2017-04-24 18:40:00,135,35.1,22.21,0.1925925925925926,혼잡,저녁(18-23),-1.0,-1.8369701987210297e-16
2017-04-24 18:45:00,167,42.1,20.35,0.23353293413173654,혼잡,저녁(18-23),-1.0,-1.8369701987210297e-16
2017-04-24 18:50:00,159,45.2,10.06,0.27672955974842767,혼잡,저녁(18-23),-1.0,-1.8369701987210297e-16
2017-04-24 18:55:00,130,43.9,5.92,0.25384615384615383,보통,저녁(18-23),-1.0,-1.8369701987210297e-16
2017-04-24 19:00:00,110,47.8,4.39,0.2545454545454545,보통,저녁(18-23),-0.9659258262890684,0.2588190451025203
2017-04-24 19:05:00,144,47.0,5.8,0.4236111111111111,보통,저녁(18-23),-0.9659258262890684,0.2588190451025203
2017-04-24 19:10:00,176,44.1,7.77,0.2897727272727273,혼잡,저녁(18-23),-0.9659258262890684,0.2588190451025203
2017-04-24 19:15:00,149,43.4,6.94,0.3221476510067114,혼잡,저녁(18-23),-0.9659258262890684,0.2588190451025203
2017-04-24 19:20:00,130,42.5,5.79,0.2,보통,저녁(18-23),-0.9659258262890684,0.2588190451025203
2017-04-24 19:25:00,123,45.0,5.92,0.16260162601626016,보통,저녁(18-23),-0.9659258262890684,0.2588190451025203
2017-04-24 19:30:00,140,48.2,6.14,0.18571428571428572,보통,저녁(18-23),-0.9659258262890684,0.2588190451025203
2017-04-24 19:35:00,126,46.5,10.99,0.23015873015873015,혼잡,저녁(18-23),-0.9659258262890684,0.2588190451025203
2017-04-24 19:40:00,114,43.6,5.42,0.21929824561403508,보통,저녁(18-23),-0.9659258262890684,0.2588190451025203
2017-04-24 19:45:00,113,46.8,5.81,0.2743362831858407,보통,저녁(18-23),-0.9659258262890684,0.2588190451025203
2017-04-24 19:50:00,127,43.7,6.58,0.2204724409448819,보통,저녁(18-23),-0.9659258262890684,0.2588190451025203
2017-04-24 19:55:00,117,44.9,6.11,0.26495726495726496,보통,저녁(18-23),-0.9659258262890684,0.2588190451025203
2017-04-24 20:00:00,107,44.5,4.69,0.21495327102803738,보통,저녁(18-23),-0.8660254037844386,0.5000000000000001
2017-04-24 20:05:00,91,44.8,5.27,0.2967032967032967,보통,저녁(18-23),-0.8660254037844386,0.5000000000000001
2017-04-24 20:10:00,113,47.6,5.56,0.18584070796460178,보통,저녁(18-23),-0.8660254037844386,0.5000000000000001
2017-04-24 20:15:00,142,47.1,7.45,0.2112676056338028,혼잡,저녁(18-23),-0.8660254037844386,0.5000000000000001
2017-04-24 20:20:00,105,43.4,7.01,0.17142857142857143,혼잡,저녁(18-23),-0.8660254037844386,0.5000000000000001
2017-04-24 20:25:00,92,45.1,4.31,0.20652173913043478,보통,저녁(18-23),-0.8660254037844386,0.5000000000000001
2017-04-24 20:30:00,100,49.1,4.73,0.24,보통,저녁(18-23),-0.8660254037844386,0.5000000000000001
2017-04-24 20:35:00,114,48.5,5.49,0.24561403508771928,보통,저녁(18-23),-0.8660254037844386,0.5000000000000001
2017-04-24 20:40:00,109,48.5,5.43,0.2018348623853211,보통,저녁(18-23),-0.8660254037844386,0.5000000000000001
2017-04-24 20:45:00,89,49.0,4.06,0.21348314606741572,보통,저녁(18-23),-0.8660254037844386,0.5000000000000001
2017-04-24 20:50:00,110,49.9,5.25,0.2,보통,저녁(18-23),-0.8660254037844386,0.5000000000000001
2017-04-24 20:55:00,147,45.1,7.11,0.23129251700680273,혼잡,저녁(18-23),-0.8660254037844386,0.5000000000000001
2017-04-24 21:00:00,105,43.7,5.79,0.19047619047619047,보통,저녁(18-23),-0.7071067811865477,0.7071067811865474
2017-04-24 21:05:00,85,47.8,3.97,0.25882352941176473,보통,저녁(18-23),-0.7071067811865477,0.7071067811865474
2017-04-24 21:10:00,106,43.0,5.62,0.2641509433962264,보통,저녁(18-23),-0.7071067811865477,0.7071067811865474
2017-04-24 21:15:00,94,46.6,4.62,0.22340425531914893,보통,저녁(18-23),-0.7071067811865477,0.7071067811865474
2017-04-24 21:20:00,123,45.1,6.51,0.17073170731707318,보통,저녁(18-23),-0.7071067811865477,0.7071067811865474
2017-04-24 21:25:00,119,45.1,5.62,0.14285714285714285,보통,저녁(18-23),-0.7071067811865477,0.7071067811865474
2017-04-24 21:30:00,90,47.2,4.65,0.2,보통,저녁(18-23),-0.7071067811865477,0.7071067811865474
2017-04-24 21:35:00,113,44.0,5.99,0.21238938053097345,보통,저녁(18-23),-0.7071067811865477,0.7071067811865474
2017-04-24 21:40:00,108,42.7,5.43,0.18518518518518517,보통,저녁(18-23),-0.7071067811865477,0.7071067811865474
2017-04-24 21:45:00,97,42.4,5.06,0.24742268041237114,보통,저녁(18-23),-0.7071067811865477,0.7071067811865474
2017-04-24 21:50:00,84,45.2,12.31,0.2261904761904762,혼잡,저녁(18-23),-0.7071067811865477,0.7071067811865474
2017-04-24 21:55:00,81,48.3,3.75,0.32098765432098764,보통,저녁(18-23),-0.7071067811865477,0.7071067811865474
2017-04-24 22:00:00,109,46.2,5.02,0.24770642201834864,보통,저녁(18-23),-0.5000000000000004,0.8660254037844384
2017-04-24 22:05:00,87,45.9,4.44,0.20689655172413793,보통,저녁(18-23),-0.5000000000000004,0.8660254037844384
2017-04-24 22:10:00,112,45.3,5.78,0.16964285714285715,보통,저녁(18-23),-0.5000000000000004,0.8660254037844384
2017-04-24 22:15:00,126,45.3,6.07,0.24603174603174602,보통,저녁(18-23),-0.5000000000000004,0.8660254037844384
2017-04-24 22:20:00,92,44.9,4.3,0.17391304347826086,보통,저녁(18-23),-0.5000000000000004,0.8660254037844384
2017-04-24 22:25:00,84,46.0,4.13,0.20238095238095238,보통,저녁(18-23),-0.5000000000000004,0.8660254037844384
2017-04-24 22:30:00,79,47.4,3.72,0.34177215189873417,보통,저녁(18-23),-0.5000000000000004,0.8660254037844384
2017-04-24 22:35:00,83,49.0,4.17,0.24096385542168675,보통,저녁(18-23),-0.5000000000000004,0.8660254037844384
2017-04-24 22:40:00,71,50.7,3.26,0.2112676056338028,원활,저녁(18-23),-0.5000000000000004,0.8660254037844384
2017-04-24 22:45:00,67,50.6,3.15,0.29850746268656714,원활,저녁(18-23),-0.5000000000000004,0.8660254037844384
2017-04-24 22:50:00,62,53.8,2.74,0.24193548387096775,원활,저녁(18-23),-0.5000000000000004,0.8660254037844384
2017-04-24 22:55:00,84,48.0,3.93,0.2857142857142857,보통,저녁(18-23),-0.5000000000000004,0.8660254037844384
2017-04-24 23:00:00,45,49.4,2.13,0.26666666666666666,원활,저녁(18-23),-0.2588190451025207,0.9659258262890683
2017-04-24 23:05:00,69,50.9,3.0,0.2318840579710145,원활,저녁(18-23),-0.2588190451025207,0.9659258262890683
2017-04-24 23:10:00,49,52.4,2.04,0.24489795918367346,원활,저녁(18-23),-0.2588190451025207,0.9659258262890683
2017-04-24 23:15:00,64,49.9,3.18,0.203125,원활,저녁(18-23),-0.2588190451025207,0.9659258262890683
2017-04-24 23:20:00,61,54.1,2.51,0.29508196721311475,원활,저녁(18-23),-0.2588190451025207,0.9659258262890683
2017-04-24 23:25:00,46,54.7,1.84,0.2826086956521739,원활,저녁(18-23),-0.2588190451025207,0.9659258262890683
2017-04-24 23:30:00,43,54.3,1.96,0.20930232558139536,원활,저녁(18-23),-0.2588190451025207,0.9659258262890683
2017-04-24 23:35:00,40,53.9,1.85,0.3,원활,저녁(18-23),-0.2588190451025207,0.9659258262890683
2017-04-24 23:40:00,34,53.2,1.48,0.17647058823529413,원활,저녁(18-23),-0.2588190451025207,0.9659258262890683
2017-04-24 23:45:00,37,53.4,1.5,0.24324324324324326,원활,저녁(18-23),-0.2588190451025207,0.9659258262890683
2017-04-24 23:50:00,19,52.3,0.82,0.47368421052631576,원활,저녁(18-23),-0.2588190451025207,0.9659258262890683
2017-04-24 23:55:00,38,55.2,1.5,0.15789473684210525,원활,저녁(18-23),-0.2588190451025207,0.9659258262890683
2017-04-25 00:00:00,31,55.4,1.17,0.2903225806451613,원활,새벽(0-5),0.0,1.0
2017-04-25 00:05:00,47,54.6,1.98,0.2978723404255319,원활,새벽(0-5),0.0,1.0
2017-04-25 00:10:00,39,51.9,1.81,0.358974358974359,원활,새벽(0-5),0.0,1.0
2017-04-25 00:15:00,32,52.5,1.36,0.1875,원활,새벽(0-5),0.0,1.0
2017-04-25 00:20:00,27,58.8,0.92,0.2962962962962963,원활,새벽(0-5),0.0,1.0
2017-04-25 00:25:00,40,55.2,1.61,0.3,원활,새벽(0-5),0.0,1.0
2017-04-25 00:30:00,29,60.0,1.15,0.2413793103448276,원활,새벽(0-5),0.0,1.0
2017-04-25 00:35:00,25,54.7,1.06,0.2,원활,새벽(0-5),0.0,1.0
2017-04-25 00:40:00,24,53.5,0.86,0.2916666666666667,원활,새벽(0-5),0.0,1.0
2017-04-25 00:45:00,28,55.7,1.08,0.10714285714285714,원활,새벽(0-5),0.0,1.0
2017-04-25 00:50:00,24,61.7,1.03,0.2916666666666667,원활,새벽(0-5),0.0,1.0
2017-04-25 00:55:00,20,54.1,0.88,0.15,원활,새벽(0-5),0.0,1.0
2017-04-25 01:00:00,16,51.1,0.73,0.3125,원활,새벽(0-5),0.25881904510252074,0.9659258262890683
2017-04-25 01:05:00,17,59.5,0.68,0.5882352941176471,원활,새벽(0-5),0.25881904510252074,0.9659258262890683
2017-04-25 01:10:00,24,59.3,0.95,0.2916666666666667,원활,새벽(0-5),0.25881904510252074,0.9659258262890683
2017-04-25 01:15:00,17,54.3,0.67,0.23529411764705882,원활,새벽(0-5),0.25881904510252074,0.9659258262890683
2017-04-25 01:20:00,18,56.3,1.04,0.1111111111111111,원활,새벽(0-5),0.25881904510252074,0.9659258262890683
2017-04-25 01:25:00,19,59.2,0.76,0.5263157894736842,원활,새벽(0-5),0.25881904510252074,0.9659258262890683
2017-04-25 01:30:00,12,62.0,0.5,0.25,원활,새벽(0-5),0.25881904510252074,0.9659258262890683
2017-04-25 01:35:00,15,57.8,0.61,0.3333333333333333,원활,새벽(0-5),0.25881904510252074,0.9659258262890683
2017-04-25 01:40:00,16,55.6,0.68,0.4375,원활,새벽(0-5),0.25881904510252074,0.9659258262890683
2017-04-25 01:45:00,24,65.3,0.92,0.20833333333333334,원활,새벽(0-5),0.25881904510252074,0.9659258262890683
2017-04-25 01:50:00,16,50.7,0.66,0.125,원활,새벽(0-5),0.25881904510252074,0.9659258262890683
2017-04-25 01:55:00,16,81.4,0.61,0.5,원활,새벽(0-5),0.25881904510252074,0.9659258262890683
2017-04-25 02:00:00,10,61.4,0.4,0.4,원활,새벽(0-5),0.49999999999999994,0.8660254037844387
2017-04-25 02:05:00,17,56.4,0.68,0.29411764705882354,원활,새벽(0-5),0.49999999999999994,0.8660254037844387
2017-04-25 02:10:00,14,35.6,0.64,0.21428571428571427,원활,새벽(0-5),0.49999999999999994,0.8660254037844387
2017-04-25 02:15:00,8,76.9,0.31,0.25,원활,새벽(0-5),0.49999999999999994,0.8660254037844387
2017-04-25 02:20:00,10,63.0,0.51,0.6,원활,새벽(0-5),0.49999999999999994,0.8660254037844387
2017-04-25 02:25:00,21,54.6,0.82,0.3333333333333333,원활,새벽(0-5),0.49999999999999994,0.8660254037844387
2017-04-25 02:30:00,10,50.4,0.42,0.1,원활,새벽(0-5),0.49999999999999994,0.8660254037844387
2017-04-25 02:35:00,15,61.2,0.64,0.3333333333333333,원활,새벽(0-5),0.49999999999999994,0.8660254037844387
2017-04-25 02:40:00,10,53.8,0.39,0.2,원활,새벽(0-5),0.49999999999999994,0.8660254037844387
2017-04-25 02:45:00,10,56.8,0.46,0.2,원활,새벽(0-5),0.49999999999999994,0.8660254037844387
2017-04-25 02:50:00,13,57.8,0.58,0.38461538461538464,원활,새벽(0-5),0.49999999999999994,0.8660254037844387
2017-04-25 02:55:00,7,56.9,0.36,0.42857142857142855,원활,새벽(0-5),0.49999999999999994,0.8660254037844387
2017-04-25 03:00:00,10,60.1,0.46,0.6,원활,새벽(0-5),0.7071067811865476,0.7071067811865476
2017-04-25 03:05:00,10,61.9,0.36,0.1,원활,새벽(0-5),0.7071067811865476,0.7071067811865476
2017-04-25 03:10:00,9,65.1,0.36,0.5555555555555556,원활,새벽(0-5),0.7071067811865476,0.7071067811865476
2017-04-25 03:15:00,9,55.3,0.37,0.3333333333333333,원활,새벽(0-5),0.7071067811865476,0.7071067811865476
2017-04-25 03:20:00,12,55.6,0.6,0.3333333333333333,원활,새벽(0-5),0.7071067811865476,0.7071067811865476
2017-04-25 03:25:00,11,58.7,0.48,0.2727272727272727,원활,새벽(0-5),0.7071067811865476,0.7071067811865476
2017-04-25 03:30:00,11,50.6,0.51,0.5454545454545454,원활,새벽(0-5),0.7071067811865476,0.7071067811865476
2017-04-25 03:35:00,13,53.5,0.56,0.23076923076923078,원활,새벽(0-5),0.7071067811865476,0.7071067811865476
2017-04-25 03:40:00,9,54.5,0.5,0.2222222222222222,원활,새벽(0-5),0.7071067811865476,0.7071067811865476
2017-04-25 03:45:00,22,63.1,0.98,0.36363636363636365,원활,새벽(0-5),0.7071067811865476,0.7071067811865476
2017-04-25 03:50:00,8,58.3,0.43,0.625,원활,새벽(0-5),0.7071067811865476,0.7071067811865476
2017-04-25 03:55:00,9,53.0,0.53,0.3333333333333333,원활,새벽(0-5),0.7071067811865476,0.7071067811865476
2017-04-25 04:00:00,14,58.9,0.64,0.2857142857142857,원활,새벽(0-5),0.8660254037844386,0.5000000000000001
2017-04-25 04:05:00,13,58.1,0.65,0.46153846153846156,원활,새벽(0-5),0.8660254037844386,0.5000000000000001
2017-04-25 04:10:00,15,48.4,0.52,0.26666666666666666,원활,새벽(0-5),0.8660254037844386,0.5000000000000001
2017-04-25 04:15:00,8,51.1,0.42,0.5,원활,새벽(0-5),0.8660254037844386,0.5000000000000001
2017-04-25 04:20:00,16,62.1,0.66,0.3125,원활,새벽(0-5),0.8660254037844386,0.5000000000000001
2017-04-25 04:25:00,12,66.9,0.57,0.25,원활,새벽(0-5),0.8660254037844386,0.5000000000000001
2017-04-25 04:30:00,12,65.6,0.5,0.25,원활,새벽(0-5),0.8660254037844386,0.5000000000000001
2017-04-25 04:35:00,25,58.4,1.14,0.4,원활,새벽(0-5),0.8660254037844386,0.5000000000000001
2017-04-25 04:40:00,19,54.8,0.95,0.47368421052631576,원활,새벽(0-5),0.8660254037844386,0.5000000000000001
2017-04-25 04:45:00,16,63.1,0.62,0.4375,원활,새벽(0-5),0.8660254037844386,0.5000000000000001
2017-04-25 04:50:00,26,65.4,1.08,0.4230769230769231,원활,새벽(0-5),0.8660254037844386,0.5000000000000001
2017-04-25 04:55:00,30,59.0,1.43,0.26666666666666666,원활,새벽(0-5),0.8660254037844386,0.5000000000000001
2017-04-25 05:00:00,27,54.3,1.08,0.3333333333333333,원활,새벽(0-5),0.9659258262890683,0.25881904510252074
2017-04-25 05:05:00,24,54.7,1.06,0.375,원활,새벽(0-5),0.9659258262890683,0.25881904510252074
2017-04-25 05:10:00,33,51.0,1.48,0.21212121212121213,원활,새벽(0-5),0.9659258262890683,0.25881904510252074
2017-04-25 05:15:00,37,63.9,1.58,0.2972972972972973,원활,새벽(0-5),0.9659258262890683,0.25881904510252074
2017-04-25 05:20:00,53,61.6,2.49,0.41509433962264153,원활,새벽(0-5),0.9659258262890683,0.25881904510252074
2017-04-25 05:25:00,65,58.4,2.65,0.26153846153846155,원활,새벽(0-5),0.9659258262890683,0.25881904510252074
2017-04-25 05:30:00,47,59.6,1.86,0.3829787234042553,원활,새벽(0-5),0.9659258262890683,0.25881904510252074
2017-04-25 05:35:00,43,63.0,1.66,0.3488372093023256,원활,새벽(0-5),0.9659258262890683,0.25881904510252074
2017-04-25 05:40:00,48,62.5,1.71,0.3125,원활,새벽(0-5),0.9659258262890683,0.25881904510252074
2017-04-25 05:45:00,50,60.1,1.7,0.28,원활,새벽(0-5),0.9659258262890683,0.25881904510252074
2017-04-25 05:50:00,45,63.9,1.52,0.3111111111111111,원활,새벽(0-5),0.9659258262890683,0.25881904510252074
2017-04-25 05:55:00,98,57.7,3.45,0.336734693877551,원활,새벽(0-5),0.9659258262890683,0.25881904510252074
2017-04-25 06:00:00,77,56.4,2.89,0.42857142857142855,원활,오전(6-11),1.0,6.123233995736766e-17
2017-04-25 06:05:00,101,57.9,3.77,0.3465346534653465,보통,오전(6-11),1.0,6.123233995736766e-17
2017-04-25 06:10:00,78,57.6,3.02,0.358974358974359,원활,오전(6-11),1.0,6.123233995736766e-17
2017-04-25 06:15:00,92,53.3,3.78,0.391304347826087,보통,오전(6-11),1.0,6.123233995736766e-17
2017-04-25 06:20:00,74,64.3,2.34,0.2972972972972973,원활,오전(6-11),1.0,6.123233995736766e-17
2017-04-25 06:25:00,116,56.5,4.22,0.3448275862068966,보통,오전(6-11),1.0,6.123233995736766e-17
2017-04-25 06:30:00,95,64.6,3.43,0.4105263157894737,원활,오전(6-11),1.0,6.123233995736766e-17
2017-04-25 06:35:00,121,54.3,4.85,0.4214876033057851,보통,오전(6-11),1.0,6.123233995736766e-17
2017-04-25 06:40:00,119,55.5,4.61,0.4117647058823529,보통,오전(6-11),1.0,6.123233995736766e-17
2017-04-25 06:45:00,121,57.1,4.68,0.47107438016528924,보통,오전(6-11),1.0,6.123233995736766e-17
2017-04-25 06:50:00,101,53.7,3.97,0.3465346534653465,보통,오전(6-11),1.0,6.123233995736766e-17
2017-04-25 06:55:00,131,51.3,5.43,0.40458015267175573,보통,오전(6-11),1.0,6.123233995736766e-17
2017-04-25 07:00:00,113,52.5,4.45,0.4247787610619469,보통,오전(6-11),0.9659258262890683,-0.25881904510252085
2017-04-25 07:05:00,161,53.1,6.46,0.37267080745341613,보통,오전(6-11),0.9659258262890683,-0.25881904510252085
2017-04-25 07:10:00,197,49.3,8.77,0.350253807106599,혼잡,오전(6-11),0.9659258262890683,-0.25881904510252085
2017-04-25 07:15:00,209,48.1,9.77,0.3588516746411483,혼잡,오전(6-11),0.9659258262890683,-0.25881904510252085
2017-04-25 07:20:00,209,43.6,10.03,0.23444976076555024,혼잡,오전(6-11),0.9659258262890683,-0.25881904510252085
2017-04-25 07:25:00,224,39.8,12.18,0.3080357142857143,혼잡,오전(6-11),0.9659258262890683,-0.25881904510252085
2017-04-25 07:30:00,252,36.5,15.63,0.2896825396825397,혼잡,오전(6-11),0.9659258262890683,-0.25881904510252085
2017-04-25 07:35:00,273,34.4,19.99,0.2490842490842491,혼잡,오전(6-11),0.9659258262890683,-0.25881904510252085
2017-04-25 07:40:00,247,38.1,28.84,0.3076923076923077,혼잡,오전(6-11),0.9659258262890683,-0.25881904510252085
2017-04-25 07:45:00,240,41.0,11.12,0.32916666666666666,혼잡,오전(6-11),0.9659258262890683,-0.25881904510252085
2017-04-25 07:50:00,262,39.2,19.47,0.3053435114503817,혼잡,오전(6-11),0.9659258262890683,-0.25881904510252085
2017-04-25 07:55:00,280,35.2,20.36,0.3,혼잡,오전(6-11),0.9659258262890683,-0.25881904510252085
2017-04-25 08:00:00,273,34.7,28.78,0.315018315018315,혼잡,오전(6-11),0.8660254037844387,-0.4999999999999998
2017-04-25 08:05:00,229,32.1,34.33,0.2576419213973799,혼잡,오전(6-11),0.8660254037844387,-0.4999999999999998
2017-04-25 08:10:00,270,33.2,29.94,0.2962962962962963,혼잡,오전(6-11),0.8660254037844387,-0.4999999999999998
2017-04-25 08:15:00,301,36.5,30.85,0.2956810631229236,혼잡,오전(6-11),0.8660254037844387,-0.4999999999999998
2017-04-25 08:20:00,207,39.1,14.55,0.3140096618357488,혼잡,오전(6-11),0.8660254037844387,-0.4999999999999998
2017-04-25 08:25:00,224,33.5,46.34,0.25892857142857145,혼잡,오전(6-11),0.8660254037844387,-0.4999999999999998
2017-04-25 08:30:00,207,35.0,14.83,0.25120772946859904,혼잡,오전(6-11),0.8660254037844387,-0.4999999999999998
2017-04-25 08:35:00,267,35.1,17.0,0.31086142322097376,혼잡,오전(6-11),0.8660254037844387,-0.4999999999999998
2017-04-25 08:40:00,212,44.0,11.14,0.24056603773584906,혼잡,오전(6-11),0.8660254037844387,-0.4999999999999998
2017-04-25 08:45:00,181,43.8,8.72,0.2430939226519337,혼잡,오전(6-11),0.8660254037844387,-0.4999999999999998
2017-04-25 08:50:00,153,46.3,6.8,0.26143790849673204,혼잡,오전(6-11),0.8660254037844387,-0.4999999999999998
2017-04-25 08:55:00,179,50.1,8.21,0.35195530726256985,혼잡,오전(6-11),0.8660254037844387,-0.4999999999999998
2017-04-25 09:00:00,176,50.1,7.22,0.2840909090909091,혼잡,오전(6-11),0.7071067811865476,-0.7071067811865475
2017-04-25 09:05:00,140,49.7,5.97,0.30714285714285716,보통,오전(6-11),0.7071067811865476,-0.7071067811865475
2017-04-25 09:10:00,140,49.3,5.91,0.34285714285714286,보통,오전(6-11),0.7071067811865476,-0.7071067811865475
2017-04-25 09:15:00,154,49.3,6.12,0.2792207792207792,보통,오전(6-11),0.7071067811865476,-0.7071067811865475
2017-04-25 09:20:00,204,47.5,9.06,0.35294117647058826,혼잡,오전(6-11),0.7071067811865476,-0.7071067811865475
2017-04-25 09:25:00,199,47.1,8.1,0.34673366834170855,혼잡,오전(6-11),0.7071067811865476,-0.7071067811865475
2017-04-25 09:30:00,164,49.2,6.76,0.2926829268292683,혼잡,오전(6-11),0.7071067811865476,-0.7071067811865475
2017-04-25 09:35:00,146,46.9,6.58,0.3219178082191781,보통,오전(6-11),0.7071067811865476,-0.7071067811865475
2017-04-25 09:40:00,145,48.3,5.91,0.35172413793103446,보통,오전(6-11),0.7071067811865476,-0.7071067811865475
2017-04-25 09:45:00,141,50.2,5.94,0.3475177304964539,보통,오전(6-11),0.7071067811865476,-0.7071067811865475
2017-04-25 09:50:00,163,51.4,6.82,0.3067484662576687,혼잡,오전(6-11),0.7071067811865476,-0.7071067811865475
2017-04-25 09:55:00,172,50.2,7.78,0.3546511627906977,혼잡,오전(6-11),0.7071067811865476,-0.7071067811865475
2017-04-25 10:00:00,169,50.6,8.37,0.3431952662721893,혼잡,오전(6-11),0.49999999999999994,-0.8660254037844387
2017-04-25 10:05:00,167,49.1,7.27,0.2934131736526946,혼잡,오전(6-11),0.49999999999999994,-0.8660254037844387
2017-04-25 10:10:00,134,47.0,5.64,0.40298507462686567,보통,오전(6-11),0.49999999999999994,-0.8660254037844387
2017-04-25 10:15:00,149,50.7,6.36,0.42953020134228187,보통,오전(6-11),0.49999999999999994,-0.8660254037844387
2017-04-25 10:20:00,124,51.2,5.14,0.3548387096774194,보통,오전(6-11),0.49999999999999994,-0.8660254037844387
2017-04-25 10:25:00,115,50.1,4.73,0.3391304347826087,보통,오전(6-11),0.49999999999999994,-0.8660254037844387
2017-04-25 10:30:00,136,51.1,5.7,0.375,보통,오전(6-11),0.49999999999999994,-0.8660254037844387
2017-04-25 10:35:00,139,48.3,6.32,0.4028776978417266,보통,오전(6-11),0.49999999999999994,-0.8660254037844387
2017-04-25 10:40:00,156,46.9,6.85,0.3141025641025641,혼잡,오전(6-11),0.49999999999999994,-0.8660254037844387
2017-04-25 10:45:00,164,48.9,8.46,0.3597560975609756,혼잡,오전(6-11),0.49999999999999994,-0.8660254037844387
2017-04-25 10:50:00,111,54.2,4.28,0.36036036036036034,보통,오전(6-11),0.49999999999999994,-0.8660254037844387
2017-04-25 10:55:00,133,50.3,5.47,0.3383458646616541,보통,오전(6-11),0.49999999999999994,-0.8660254037844387
2017-04-25 11:00:00,107,49.4,4.37,0.3644859813084112,보통,오전(6-11),0.258819045102521,-0.9659258262890682
2017-04-25 11:05:00,146,51.7,5.7,0.2876712328767123,보통,오전(6-11),0.258819045102521,-0.9659258262890682
2017-04-25 11:10:00,137,46.3,6.71,0.3357664233576642,혼잡,오전(6-11),0.258819045102521,-0.9659258262890682
2017-04-25 11:15:00,143,48.7,6.24,0.2937062937062937,보통,오전(6-11),0.258819045102521,-0.9659258262890682
2017-04-25 11:20:00,139,49.4,5.83,0.37410071942446044,보통,오전(6-11),0.258819045102521,-0.9659258262890682
2017-04-25 11:25:00,136,50.3,5.89,0.27941176470588236,보통,오전(6-11),0.258819045102521,-0.9659258262890682
2017-04-25 11:30:00,157,46.8,6.77,0.35668789808917195,혼잡,오전(6-11),0.258819045102521,-0.9659258262890682
2017-04-25 11:35:00,149,46.6,6.56,0.3221476510067114,보통,오전(6-11),0.258819045102521,-0.9659258262890682
2017-04-25 11:40:00,144,48.1,6.3,0.3263888888888889,보통,오전(6-11),0.258819045102521,-0.9659258262890682
2017-04-25 11:45:00,173,43.2,8.13,0.3179190751445087,혼잡,오전(6-11),0.258819045102521,-0.9659258262890682
2017-04-25 11:50:00,160,49.9,7.02,0.30625,혼잡,오전(6-11),0.258819045102521,-0.9659258262890682
2017-04-25 11:55:00,189,44.1,8.84,0.2857142857142857,혼잡,오전(6-11),0.258819045102521,-0.9659258262890682
2017-04-25 12:00:00,158,46.9,6.73,0.36075949367088606,혼잡,오후(12-17),1.2246467991473532e-16,-1.0
2017-04-25 12:05:00,141,44.7,9.26,0.2978723404255319,혼잡,오후(12-17),1.2246467991473532e-16,-1.0
2017-04-25 12:10:00,111,50.2,4.2,0.18018018018018017,보통,오후(12-17),1.2246467991473532e-16,-1.0
2017-04-25 12:15:00,132,45.8,5.93,0.30303030303030304,보통,오후(12-17),1.2246467991473532e-16,-1.0
2017-04-25 12:20:00,123,50.6,5.08,0.24390243902439024,보통,오후(12-17),1.2246467991473532e-16,-1.0
2017-04-25 12:25:00,135,45.6,5.96,0.31851851851851853,보통,오후(12-17),1.2246467991473532e-16,-1.0
2017-04-25 12:30:00,119,49.1,5.08,0.3697478991596639,보통,오후(12-17),1.2246467991473532e-16,-1.0
2017-04-25 12:35:00,157,47.7,7.0,0.3503184713375796,혼잡,오후(12-17),1.2246467991473532e-16,-1.0
2017-04-25 12:40:00,145,49.5,5.83,0.30344827586206896,보통,오후(12-17),1.2246467991473532e-16,-1.0
2017-04-25 12:45:00,146,43.3,7.78,0.273972602739726,혼잡,오후(12-17),1.2246467991473532e-16,-1.0
2017-04-25 12:50:00,140,46.8,6.32,0.37857142857142856,보통,오후(12-17),1.2246467991473532e-16,-1.0
2017-04-25 12:55:00,134,50.4,5.61,0.3283582089552239,보통,오후(12-17),1.2246467991473532e-16,-1.0
2017-04-25 13:00:00,152,49.8,6.73,0.26973684210526316,혼잡,오후(12-17),-0.25881904510252035,-0.9659258262890684
2017-04-25 13:05:00,149,44.2,7.36,0.3087248322147651,혼잡,오후(12-17),-0.25881904510252035,-0.9659258262890684
2017-04-25 13:10:00,174,44.3,8.1,0.3103448275862069,혼잡,오후(12-17),-0.25881904510252035,-0.9659258262890684
2017-04-25 13:15:00,172,45.8,7.93,0.32558139534883723,혼잡,오후(12-17),-0.25881904510252035,-0.9659258262890684
2017-04-25 13:20:00,149,47.1,6.2,0.30201342281879195,보통,오후(12-17),-0.25881904510252035,-0.9659258262890684
2017-04-25 13:25:00,186,44.7,8.17,0.24731182795698925,혼잡,오후(12-17),-0.25881904510252035,-0.9659258262890684
2017-04-25 13:30:00,139,47.7,5.96,0.33093525179856115,보통,오후(12-17),-0.25881904510252035,-0.9659258262890684
2017-04-25 13:35:00,155,45.1,7.12,0.3419354838709677,혼잡,오후(12-17),-0.25881904510252035,-0.9659258262890684
2017-04-25 13:40:00,113,50.6,4.64,0.30973451327433627,보통,오후(12-17),-0.25881904510252035,-0.9659258262890684
2017-04-25 13:45:00,126,51.0,5.19,0.3492063492063492,보통,오후(12-17),-0.25881904510252035,-0.9659258262890684
2017-04-25 13:50:00,146,48.8,6.3,0.3150684931506849,보통,오후(12-17),-0.25881904510252035,-0.9659258262890684
2017-04-25 13:55:00,184,45.7,7.48,0.29891304347826086,혼잡,오후(12-17),-0.25881904510252035,-0.9659258262890684
2017-04-25 14:00:00,137,48.3,6.05,0.24087591240875914,보통,오후(12-17),-0.5000000000000001,-0.8660254037844386
2017-04-25 14:05:00,154,49.7,6.77,0.3961038961038961,혼잡,오후(12-17),-0.5000000000000001,-0.8660254037844386
2017-04-25 14:10:00,129,43.1,5.88,0.2713178294573643,보통,오후(12-17),-0.5000000000000001,-0.8660254037844386
2017-04-25 14:15:00,143,51.3,6.31,0.35664335664335667,보통,오후(12-17),-0.5000000000000001,-0.8660254037844386
2017-04-25 14:20:00,139,50.1,5.45,0.31654676258992803,보통,오후(12-17),-0.5000000000000001,-0.8660254037844386
2017-04-25 14:25:00,141,49.5,5.63,0.3475177304964539,보통,오후(12-17),-0.5000000000000001,-0.8660254037844386
2017-04-25 14:30:00,148,42.1,7.86,0.27702702702702703,혼잡,오후(12-17),-0.5000000000000001,-0.8660254037844386
2017-04-25 14:35:00,172,46.6,7.9,0.3488372093023256,혼잡,오후(12-17),-0.5000000000000001,-0.8660254037844386
2017-04-25 14:40:00,186,43.7,8.6,0.3010752688172043,혼잡,오후(12-17),-0.5000000000000001,-0.8660254037844386
2017-04-25 14:45:00,181,44.1,8.17,0.30939226519337015,혼잡,오후(12-17),-0.5000000000000001,-0.8660254037844386
2017-04-25 14:50:00,148,47.3,6.43,0.23648648648648649,보통,오후(12-17),-0.5000000000000001,-0.8660254037844386
2017-04-25 14:55:00,137,49.7,6.06,0.34306569343065696,보통,오후(12-17),-0.5000000000000001,-0.8660254037844386
2017-04-25 15:00:00,122,51.0,5.06,0.32786885245901637,보통,오후(12-17),-0.7071067811865475,-0.7071067811865477
2017-04-25 15:05:00,131,51.9,4.99,0.24427480916030533,보통,오후(12-17),-0.7071067811865475,-0.7071067811865477
2017-04-25 15:10:00,155,49.6,6.6,0.2967741935483871,보통,오후(12-17),-0.7071067811865475,-0.7071067811865477
2017-04-25 15:15:00,136,50.0,5.48,0.29411764705882354,보통,오후(12-17),-0.7071067811865475,-0.7071067811865477
2017-04-25 15:20:00,161,49.3,6.66,0.33540372670807456,혼잡,오후(12-17),-0.7071067811865475,-0.7071067811865477
2017-04-25 15:25:00,126,49.9,4.98,0.29365079365079366,보통,오후(12-17),-0.7071067811865475,-0.7071067811865477
2017-04-25 15:30:00,157,48.0,6.81,0.2611464968152866,혼잡,오후(12-17),-0.7071067811865475,-0.7071067811865477
2017-04-25 15:35:00,143,45.6,6.58,0.2867132867132867,보통,오후(12-17),-0.7071067811865475,-0.7071067811865477
2017-04-25 15:40:00,139,46.9,5.88,0.33093525179856115,보통,오후(12-17),-0.7071067811865475,-0.7071067811865477
2017-04-25 15:45:00,129,47.0,5.64,0.27906976744186046,보통,오후(12-17),-0.7071067811865475,-0.7071067811865477
2017-04-25 15:50:00,145,48.4,6.08,0.23448275862068965,보통,오후(12-17),-0.7071067811865475,-0.7071067811865477
2017-04-25 15:55:00,164,45.7,7.2,0.2804878048780488,혼잡,오후(12-17),-0.7071067811865475,-0.7071067811865477
2017-04-25 16:00:00,173,46.4,7.71,0.24277456647398843,혼잡,오후(12-17),-0.8660254037844385,-0.5000000000000004
2017-04-25 16:05:00,164,45.8,7.42,0.25609756097560976,혼잡,오후(12-17),-0.8660254037844385,-0.5000000000000004
2017-04-25 16:10:00,142,45.0,6.24,0.21830985915492956,보통,오후(12-17),-0.8660254037844385,-0.5000000000000004
2017-04-25 16:15:00,141,48.1,5.86,0.24113475177304963,보통,오후(12-17),-0.8660254037844385,-0.5000000000000004
2017-04-25 16:20:00,140,45.1,6.22,0.21428571428571427,보통,오후(12-17),-0.8660254037844385,-0.5000000000000004
2017-04-25 16:25:00,145,47.7,6.12,0.27586206896551724,보통,오후(12-17),-0.8660254037844385,-0.5000000000000004
2017-04-25 16:30:00,117,49.8,4.91,0.21367521367521367,보통,오후(12-17),-0.8660254037844385,-0.5000000000000004
2017-04-25 16:35:00,170,47.4,7.35,0.31176470588235294,혼잡,오후(12-17),-0.8660254037844385,-0.5000000000000004
2017-04-25 16:40:00,160,45.4,7.13,0.3,혼잡,오후(12-17),-0.8660254037844385,-0.5000000000000004
2017-04-25 16:45:00,163,50.0,6.58,0.24539877300613497,보통,오후(12-17),-0.8660254037844385,-0.5000000000000004
2017-04-25 16:50:00,129,49.1,5.24,0.2868217054263566,보통,오후(12-17),-0.8660254037844385,-0.5000000000000004
2017-04-25 16:55:00,138,51.6,5.46,0.2391304347826087,보통,오후(12-17),-0.8660254037844385,-0.5000000000000004
2017-04-25 17:00:00,137,47.7,5.66,0.26277372262773724,보통,오후(12-17),-0.9659258262890683,-0.25881904510252063
2017-04-25 17:05:00,171,48.5,7.28,0.21637426900584794,혼잡,오후(12-17),-0.9659258262890683,-0.25881904510252063
2017-04-25 17:10:00,147,42.6,7.06,0.2585034013605442,혼잡,오후(12-17),-0.9659258262890683,-0.25881904510252063
2017-04-25 17:15:00,138,48.7,5.67,0.2753623188405797,보통,오후(12-17),-0.9659258262890683,-0.25881904510252063
2017-04-25 17:20:00,163,46.6,7.11,0.27607361963190186,혼잡,오후(12-17),-0.9659258262890683,-0.25881904510252063
2017-04-25 17:25:00,171,50.1,6.67,0.28654970760233917,혼잡,오후(12-17),-0.9659258262890683,-0.25881904510252063
2017-04-25 17:30:00,135,49.8,5.45,0.25925925925925924,보통,오후(12-17),-0.9659258262890683,-0.25881904510252063
2017-04-25 17:35:00,134,45.6,5.58,0.29850746268656714,보통,오후(12-17),-0.9659258262890683,-0.25881904510252063
2017-04-25 17:40:00,176,44.6,7.86,0.2784090909090909,혼잡,오후(12-17),-0.9659258262890683,-0.25881904510252063
2017-04-25 17:45:00,172,45.3,7.85,0.29069767441860467,혼잡,오후(12-17),-0.9659258262890683,-0.25881904510252063
2017-04-25 17:50:00,149,45.2,6.27,0.28187919463087246,보통,오후(12-17),-0.9659258262890683,-0.25881904510252063
2017-04-25 17:55:00,129,49.3,5.58,0.31007751937984496,보통,오후(12-17),-0.9659258262890683,-0.25881904510252063
2017-04-25 18:00:00,151,49.1,6.0,0.31125827814569534,보통,저녁(18-23),-1.0,-1.8369701987210297e-16
2017-04-25 18:05:00,193,44.2,8.33,0.23316062176165803,혼잡,저녁(18-23),-1.0,-1.8369701987210297e-16
2017-04-25 18:10:00,219,36.3,15.56,0.2831050228310502,혼잡,저녁(18-23),-1.0,-1.8369701987210297e-16
2017-04-25 18:15:00,188,35.2,14.57,0.28191489361702127,혼잡,저녁(18-23),-1.0,-1.8369701987210297e-16
2017-04-25 18:20:00,207,37.2,17.63,0.33816425120772947,혼잡,저녁(18-23),-1.0,-1.8369701987210297e-16
2017-04-25 18:25:00,211,37.3,18.0,0.2938388625592417,혼잡,저녁(18-23),-1.0,-1.8369701987210297e-16
2017-04-25 18:30:00,188,41.4,13.67,0.2872340425531915,혼잡,저녁(18-23),-1.0,-1.8369701987210297e-16
2017-04-25 18:35:00,141,34.6,20.8,0.2765957446808511,혼잡,저녁(18-23),-1.0,-1.8369701987210297e-16
2017-04-25 18:40:00,170,31.3,16.93,0.2647058823529412,혼잡,저녁(18-23),-1.0,-1.8369701987210297e-16
2017-04-25 18:45:00,202,37.5,21.96,0.29207920792079206,혼잡,저녁(18-23),-1.0,-1.8369701987210297e-16
2017-04-25 18:50:00,162,44.8,6.65,0.3395061728395062,보통,저녁(18-23),-1.0,-1.8369701987210297e-16
2017-04-25 18:55:00,139,42.2,6.85,0.31654676258992803,혼잡,저녁(18-23),-1.0,-1.8369701987210297e-16
2017-04-25 19:00:00,102,40.8,11.96,0.23529411764705882,혼잡,저녁(18-23),-0.9659258262890684,0.2588190451025203
2017-04-25 19:05:00,180,42.3,8.21,0.34444444444444444,혼잡,저녁(18-23),-0.9659258262890684,0.2588190451025203
2017-04-25 19:10:00,162,42.3,7.52,0.3148148148148148,혼잡,저녁(18-23),-0.9659258262890684,0.2588190451025203
2017-04-25 19:15:00,162,42.1,7.73,0.3148148148148148,혼잡,저녁(18-23),-0.9659258262890684,0.2588190451025203
2017-04-25 19:20:00,109,44.8,5.06,0.1743119266055046,보통,저녁(18-23),-0.9659258262890684,0.2588190451025203
2017-04-25 19:25:00,147,43.0,7.5,0.2108843537414966,혼잡,저녁(18-23),-0.9659258262890684,0.2588190451025203
2017-04-25 19:30:00,143,45.2,6.77,0.1888111888111888,혼잡,저녁(18-23),-0.9659258262890684,0.2588190451025203
2017-04-25 19:35:00,114,46.1,5.44,0.19298245614035087,보통,저녁(18-23),-0.9659258262890684,0.2588190451025203
2017-04-25 19:40:00,118,44.5,6.03,0.2457627118644068,보통,저녁(18-23),-0.9659258262890684,0.2588190451025203
2017-04-25 19:45:00,125,44.1,6.8,0.24,혼잡,저녁(18-23),-0.9659258262890684,0.2588190451025203
2017-04-25 19:50:00,113,49.0,5.85,0.23008849557522124,보통,저녁(18-23),-0.9659258262890684,0.2588190451025203
2017-04-25 19:55:00,106,45.0,5.41,0.16981132075471697,보통,저녁(18-23),-0.9659258262890684,0.2588190451025203
2017-04-25 20:00:00,114,43.7,5.56,0.19298245614035087,보통,저녁(18-23),-0.8660254037844386,0.5000000000000001
2017-04-25 20:05:00,112,47.2,8.55,0.17857142857142858,혼잡,저녁(18-23),-0.8660254037844386,0.5000000000000001
2017-04-25 20:10:00,110,49.6,4.71,0.24545454545454545,보통,저녁(18-23),-0.8660254037844386,0.5000000000000001
2017-04-25 20:15:00,129,49.1,6.19,0.21705426356589147,보통,저녁(18-23),-0.8660254037844386,0.5000000000000001
2017-04-25 20:20:00,81,46.0,4.04,0.2222222222222222,보통,저녁(18-23),-0.8660254037844386,0.5000000000000001
2017-04-25 20:25:00,112,47.5,5.68,0.26785714285714285,보통,저녁(18-23),-0.8660254037844386,0.5000000000000001
2017-04-25 20:30:00,122,45.6,6.38,0.22131147540983606,보통,저녁(18-23),-0.8660254037844386,0.5000000000000001
2017-04-25 20:35:00,133,45.4,7.13,0.19548872180451127,혼잡,저녁(18-23),-0.8660254037844386,0.5000000000000001
2017-04-25 20:40:00,131,44.7,6.34,0.20610687022900764,보통,저녁(18-23),-0.8660254037844386,0.5000000000000001
2017-04-25 20:45:00,109,45.3,5.14,0.1651376146788991,보통,저녁(18-23),-0.8660254037844386,0.5000000000000001
2017-04-25 20:50:00,102,45.5,5.28,0.19607843137254902,보통,저녁(18-23),-0.8660254037844386,0.5000000000000001
2017-04-25 20:55:00,140,49.3,6.04,0.14285714285714285,보통,저녁(18-23),-0.8660254037844386,0.5000000000000001
2017-04-25 21:00:00,79,49.6,3.73,0.2911392405063291,보통,저녁(18-23),-0.7071067811865477,0.7071067811865474
2017-04-25 21:05:00,100,46.5,4.99,0.14,보통,저녁(18-23),-0.7071067811865477,0.7071067811865474
2017-04-25 21:10:00,94,46.6,4.93,0.24468085106382978,보통,저녁(18-23),-0.7071067811865477,0.7071067811865474
2017-04-25 21:15:00,102,45.0,5.7,0.20588235294117646,보통,저녁(18-23),-0.7071067811865477,0.7071067811865474
2017-04-25 21:20:00,127,43.5,6.28,0.1968503937007874,보통,저녁(18-23),-0.7071067811865477,0.7071067811865474
2017-04-25 21:25:00,118,41.1,6.11,0.2288135593220339,보통,저녁(18-23),-0.7071067811865477,0.7071067811865474
2017-04-25 21:30:00,105,50.3,5.15,0.2571428571428571,보통,저녁(18-23),-0.7071067811865477,0.7071067811865474
2017-04-25 21:35:00,116,44.0,6.5,0.1896551724137931,보통,저녁(18-23),-0.7071067811865477,0.7071067811865474
2017-04-25 21:40:00,87,44.9,4.36,0.19540229885057472,보통,저녁(18-23),-0.7071067811865477,0.7071067811865474
2017-04-25 21:45:00,128,41.2,7.24,0.1953125,혼잡,저녁(18-23),-0.7071067811865477,0.7071067811865474
2017-04-25 21:50:00,82,45.3,4.19,0.24390243902439024,보통,저녁(18-23),-0.7071067811865477,0.7071067811865474
2017-04-25 21:55:00,85,48.2,4.28,0.2235294117647059,보통,저녁(18-23),-0.7071067811865477,0.7071067811865474
2017-04-25 22:00:00,95,45.6,4.55,0.15789473684210525,보통,저녁(18-23),-0.5000000000000004,0.8660254037844384
2017-04-25 22:05:00,115,50.2,5.77,0.2608695652173913,보통,저녁(18-23),-0.5000000000000004,0.8660254037844384
2017-04-25 22:10:00,107,46.8,5.32,0.17757009345794392,보통,저녁(18-23),-0.5000000000000004,0.8660254037844384
2017-04-25 22:15:00,96,47.0,4.55,0.2604166666666667,보통,저녁(18-23),-0.5000000000000004,0.8660254037844384
2017-04-25 22:20:00,70,50.3,3.42,0.18571428571428572,원활,저녁(18-23),-0.5000000000000004,0.8660254037844384
2017-04-25 22:25:00,78,48.8,4.0,0.23076923076923078,보통,저녁(18-23),-0.5000000000000004,0.8660254037844384
2017-04-25 22:30:00,77,47.0,3.32,0.23376623376623376,원활,저녁(18-23),-0.5000000000000004,0.8660254037844384
2017-04-25 22:35:00,83,46.0,3.98,0.14457831325301204,보통,저녁(18-23),-0.5000000000000004,0.8660254037844384
2017-04-25 22:40:00,76,49.7,11.34,0.25,혼잡,저녁(18-23),-0.5000000000000004,0.8660254037844384
2017-04-25 22:45:00,84,49.4,3.92,0.23809523809523808,보통,저녁(18-23),-0.5000000000000004,0.8660254037844384
2017-04-25 22:50:00,70,53.9,3.03,0.22857142857142856,원활,저녁(18-23),-0.5000000000000004,0.8660254037844384
2017-04-25 22:55:00,82,54.4,3.65,0.23170731707317074,원활,저녁(18-23),-0.5000000000000004,0.8660254037844384
2017-04-25 23:00:00,68,50.1,3.19,0.29411764705882354,원활,저녁(18-23),-0.2588190451025207,0.9659258262890683
2017-04-25 23:05:00,60,48.3,3.14,0.3,원활,저녁(18-23),-0.2588190451025207,0.9659258262890683
2017-04-25 23:10:00,52,54.6,2.19,0.21153846153846154,원활,저녁(18-23),-0.2588190451025207,0.9659258262890683
2017-04-25 23:15:00,54,48.9,2.37,0.2222222222222222,원활,저녁(18-23),-0.2588190451025207,0.9659258262890683
2017-04-25 23:20:00,62,54.0,2.53,0.25806451612903225,원활,저녁(18-23),-0.2588190451025207,0.9659258262890683
2017-04-25 23:25:00,49,54.4,2.12,0.20408163265306123,원활,저녁(18-23),-0.2588190451025207,0.9659258262890683
2017-04-25 23:30:00,58,53.2,2.52,0.2413793103448276,원활,저녁(18-23),-0.2588190451025207,0.9659258262890683
2017-04-25 23:35:00,57,50.9,2.48,0.19298245614035087,원활,저녁(18-23),-0.2588190451025207,0.9659258262890683
2017-04-25 23:40:00,52,51.1,2.2,0.17307692307692307,원활,저녁(18-23),-0.2588190451025207,0.9659258262890683
2017-04-25 23:45:00,49,53.4,1.9,0.3469387755102041,원활,저녁(18-23),-0.2588190451025207,0.9659258262890683
2017-04-25 23:50:00,37,53.7,1.48,0.2972972972972973,원활,저녁(18-23),-0.2588190451025207,0.9659258262890683
2017-04-25 23:55:00,37,54.4,1.59,0.21621621621621623,원활,저녁(18-23),-0.2588190451025207,0.9659258262890683
2017-04-26 00:00:00,41,61.9,1.71,0.21951219512195122,원활,새벽(0-5),0.0,1.0
2017-04-26 00:05:00,36,52.2,1.48,0.2777777777777778,원활,새벽(0-5),0.0,1.0
2017-04-26 00:10:00,34,59.7,1.42,0.2647058823529412,원활,새벽(0-5),0.0,1.0
2017-04-26 00:15:00,28,55.5,1.04,0.2857142857142857,원활,새벽(0-5),0.0,1.0
2017-04-26 00:20:00,29,54.9,1.25,0.3793103448275862,원활,새벽(0-5),0.0,1.0
2017-04-26 00:25:00,28,59.0,1.04,0.35714285714285715,원활,새벽(0-5),0.0,1.0
2017-04-26 00:30:00,33,55.0,1.46,0.36363636363636365,원활,새벽(0-5),0.0,1.0
2017-04-26 00:35:00,33,59.8,1.35,0.30303030303030304,원활,새벽(0-5),0.0,1.0
2017-04-26 00:40:00,23,53.2,1.03,0.17391304347826086,원활,새벽(0-5),0.0,1.0
2017-04-26 00:45:00,28,54.7,1.29,0.42857142857142855,원활,새벽(0-5),0.0,1.0
2017-04-26 00:50:00,30,56.3,1.28,0.26666666666666666,원활,새벽(0-5),0.0,1.0
2017-04-26 00:55:00,28,53.5,1.22,0.17857142857142858,원활,새벽(0-5),0.0,1.0
2017-04-26 01:00:00,18,81.5,0.57,0.16666666666666666,원활,새벽(0-5),0.25881904510252074,0.9659258262890683
2017-04-26 01:05:00,21,55.6,0.89,0.47619047619047616,원활,새벽(0-5),0.25881904510252074,0.9659258262890683
2017-04-26 01:10:00,17,52.9,0.7,0.35294117647058826,원활,새벽(0-5),0.25881904510252074,0.9659258262890683
2017-04-26 01:15:00,15,56.1,0.62,0.7333333333333333,원활,새벽(0-5),0.25881904510252074,0.9659258262890683
2017-04-26 01:20:00,20,54.8,0.92,0.35,원활,새벽(0-5),0.25881904510252074,0.9659258262890683
2017-04-26 01:25:00,18,52.2,0.82,0.3333333333333333,원활,새벽(0-5),0.25881904510252074,0.9659258262890683
2017-04-26 01:30:00,17,50.6,0.68,0.47058823529411764,원활,새벽(0-5),0.25881904510252074,0.9659258262890683
2017-04-26 01:35:00,17,48.5,0.85,0.29411764705882354,원활,새벽(0-5),0.25881904510252074,0.9659258262890683
2017-04-26 01:40:00,22,50.1,1.06,0.5454545454545454,원활,새벽(0-5),0.25881904510252074,0.9659258262890683
2017-04-26 01:45:00,17,53.0,0.7,0.23529411764705882,원활,새벽(0-5),0.25881904510252074,0.9659258262890683
2017-04-26 01:50:00,20,51.6,0.83,0.55,원활,새벽(0-5),0.25881904510252074,0.9659258262890683
2017-04-26 01:55:00,17,44.7,0.86,0.5882352941176471,원활,새벽(0-5),0.25881904510252074,0.9659258262890683
2017-04-26 02:00:00,11,53.9,5.47,0.6363636363636364,보통,새벽(0-5),0.49999999999999994,0.8660254037844387
2017-04-26 02:05:00,14,51.8,0.54,0.5,원활,새벽(0-5),0.49999999999999994,0.8660254037844387
2017-04-26 02:10:00,15,54.1,0.73,0.26666666666666666,원활,새벽(0-5),0.49999999999999994,0.8660254037844387
2017-04-26 02:15:00,18,55.3,1.02,0.6111111111111112,원활,새벽(0-5),0.49999999999999994,0.8660254037844387
2017-04-26 02:20:00,11,56.7,0.95,0.5454545454545454,원활,새벽(0-5),0.49999999999999994,0.8660254037844387
2017-04-26 02:25:00,13,52.1,0.61,0.38461538461538464,원활,새벽(0-5),0.49999999999999994,0.8660254037844387
2017-04-26 02:30:00,11,61.9,0.43,0.18181818181818182,원활,새벽(0-5),0.49999999999999994,0.8660254037844387
2017-04-26 02:35:00,14,60.8,0.56,0.2857142857142857,원활,새벽(0-5),0.49999999999999994,0.8660254037844387
2017-04-26 02:40:00,13,49.1,0.66,0.38461538461538464,원활,새벽(0-5),0.49999999999999994,0.8660254037844387
2017-04-26 02:45:00,10,47.9,0.46,0.3,원활,새벽(0-5),0.49999999999999994,0.8660254037844387
2017-04-26 02:50:00,9,46.3,0.42,0.1111111111111111,원활,새벽(0-5),0.49999999999999994,0.8660254037844387
2017-04-26 02:55:00,9,49.6,0.31,0.3333333333333333,원활,새벽(0-5),0.49999999999999994,0.8660254037844387
2017-04-26 03:00:00,12,55.1,0.51,0.5,원활,새벽(0-5),0.7071067811865476,0.7071067811865476
2017-04-26 03:05:00,16,55.1,0.61,0.125,원활,새벽(0-5),0.7071067811865476,0.7071067811865476
2017-04-26 03:10:00,10,55.4,0.39,0.4,원활,새벽(0-5),0.7071067811865476,0.7071067811865476
2017-04-26 03:15:00,10,53.7,0.39,0.4,원활,새벽(0-5),0.7071067811865476,0.7071067811865476
2017-04-26 03:20:00,10,51.1,0.39,0.4,원활,새벽(0-5),0.7071067811865476,0.7071067811865476
2017-04-26 03:25:00,13,53.5,0.55,0.46153846153846156,원활,새벽(0-5),0.7071067811865476,0.7071067811865476
2017-04-26 03:30:00,8,52.3,0.42,0.5,원활,새벽(0-5),0.7071067811865476,0.7071067811865476
2017-04-26 03:35:00,14,49.6,0.74,0.2857142857142857,원활,새벽(0-5),0.7071067811865476,0.7071067811865476
2017-04-26 03:40:00,10,53.3,0.56,0.2,원활,새벽(0-5),0.7071067811865476,0.7071067811865476
2017-04-26 03:45:00,14,57.6,0.57,0.42857142857142855,원활,새벽(0-5),0.7071067811865476,0.7071067811865476
2017-04-26 03:50:00,10,56.3,0.5,0.4,원활,새벽(0-5),0.7071067811865476,0.7071067811865476
2017-04-26 03:55:00,20,50.2,0.81,0.25,원활,새벽(0-5),0.7071067811865476,0.7071067811865476
2017-04-26 04:00:00,8,62.6,0.46,0.375,원활,새벽(0-5),0.8660254037844386,0.5000000000000001
2017-04-26 04:05:00,14,76.3,0.56,0.2857142857142857,원활,새벽(0-5),0.8660254037844386,0.5000000000000001
2017-04-26 04:10:00,17,58.4,0.74,0.23529411764705882,원활,새벽(0-5),0.8660254037844386,0.5000000000000001
2017-04-26 04:15:00,8,66.7,0.42,0.625,원활,새벽(0-5),0.8660254037844386,0.5000000000000001
2017-04-26 04:20:00,13,57.8,0.58,0.23076923076923078,원활,새벽(0-5),0.8660254037844386,0.5000000000000001
2017-04-26 04:25:00,15,51.5,0.7,0.6666666666666666,원활,새벽(0-5),0.8660254037844386,0.5000000000000001
2017-04-26 04:30:00,16,57.5,0.71,0.375,원활,새벽(0-5),0.8660254037844386,0.5000000000000001
2017-04-26 04:35:00,30,63.1,1.15,0.26666666666666666,원활,새벽(0-5),0.8660254037844386,0.5000000000000001
2017-04-26 04:40:00,17,50.9,0.74,0.35294117647058826,원활,새벽(0-5),0.8660254037844386,0.5000000000000001
2017-04-26 04:45:00,21,46.9,0.91,0.42857142857142855,원활,새벽(0-5),0.8660254037844386,0.5000000000000001
2017-04-26 04:50:00,19,52.4,0.82,0.21052631578947367,원활,새벽(0-5),0.8660254037844386,0.5000000000000001
2017-04-26 04:55:00,17,55.6,0.7,0.5882352941176471,원활,새벽(0-5),0.8660254037844386,0.5000000000000001
2017-04-26 05:00:00,41,50.8,1.8,0.3170731707317073,원활,새벽(0-5),0.9659258262890683,0.25881904510252074
2017-04-26 05:05:00,29,56.3,1.25,0.41379310344827586,원활,새벽(0-5),0.9659258262890683,0.25881904510252074
2017-04-26 05:10:00,30,60.4,1.32,0.3333333333333333,원활,새벽(0-5),0.9659258262890683,0.25881904510252074
2017-04-26 05:15:00,34,50.1,1.54,0.38235294117647056,원활,새벽(0-5),0.9659258262890683,0.25881904510252074
2017-04-26 05:20:00,68,54.6,3.15,0.38235294117647056,원활,새벽(0-5),0.9659258262890683,0.25881904510252074
2017-04-26 05:25:00,59,66.7,2.57,0.4745762711864407,원활,새벽(0-5),0.9659258262890683,0.25881904510252074
2017-04-26 05:30:00,36,48.8,1.74,0.4722222222222222,원활,새벽(0-5),0.9659258262890683,0.25881904510252074
2017-04-26 05:35:00,51,55.6,2.14,0.45098039215686275,원활,새벽(0-5),0.9659258262890683,0.25881904510252074
2017-04-26 05:40:00,46,63.7,1.78,0.2608695652173913,원활,새벽(0-5),0.9659258262890683,0.25881904510252074
2017-04-26 05:45:00,54,56.4,2.11,0.3333333333333333,원활,새벽(0-5),0.9659258262890683,0.25881904510252074
2017-04-26 05:50:00,67,66.0,2.29,0.373134328358209,원활,새벽(0-5),0.9659258262890683,0.25881904510252074
2017-04-26 05:55:00,64,56.9,2.49,0.390625,원활,새벽(0-5),0.9659258262890683,0.25881904510252074
2017-04-26 06:00:00,78,55.1,2.94,0.3717948717948718,원활,오전(6-11),1.0,6.123233995736766e-17
2017-04-26 06:05:00,92,55.4,3.47,0.32608695652173914,원활,오전(6-11),1.0,6.123233995736766e-17
2017-04-26 06:10:00,81,55.5,2.97,0.4567901234567901,원활,오전(6-11),1.0,6.123233995736766e-17
2017-04-26 06:15:00,90,56.6,3.23,0.3,원활,오전(6-11),1.0,6.123233995736766e-17
2017-04-26 06:20:00,80,61.7,2.74,0.325,원활,오전(6-11),1.0,6.123233995736766e-17
2017-04-26 06:25:00,110,57.7,4.01,0.36363636363636365,보통,오전(6-11),1.0,6.123233995736766e-17
2017-04-26 06:30:00,98,63.7,3.33,0.37755102040816324,원활,오전(6-11),1.0,6.123233995736766e-17
2017-04-26 06:35:00,119,57.3,4.93,0.3865546218487395,보통,오전(6-11),1.0,6.123233995736766e-17
2017-04-26 06:40:00,120,54.3,4.64,0.36666666666666664,보통,오전(6-11),1.0,6.123233995736766e-17
2017-04-26 06:45:00,119,54.3,4.33,0.35294117647058826,보통,오전(6-11),1.0,6.123233995736766e-17
2017-04-26 06:50:00,113,56.3,4.2,0.35398230088495575,보통,오전(6-11),1.0,6.123233995736766e-17
2017-04-26 06:55:00,124,47.7,5.39,0.29838709677419356,보통,오전(6-11),1.0,6.123233995736766e-17
2017-04-26 07:00:00,124,51.9,5.11,0.3951612903225806,보통,오전(6-11),0.9659258262890683,-0.25881904510252085
2017-04-26 07:05:00,164,50.3,6.88,0.32926829268292684,혼잡,오전(6-11),0.9659258262890683,-0.25881904510252085
2017-04-26 07:10:00,211,51.0,8.4,0.3080568720379147,혼잡,오전(6-11),0.9659258262890683,-0.25881904510252085
2017-04-26 07:15:00,224,50.8,9.5,0.34375,혼잡,오전(6-11),0.9659258262890683,-0.25881904510252085
2017-04-26 07:20:00,170,42.7,10.91,0.29411764705882354,혼잡,오전(6-11),0.9659258262890683,-0.25881904510252085
2017-04-26 07:25:00,217,37.6,13.09,0.2350230414746544,혼잡,오전(6-11),0.9659258262890683,-0.25881904510252085
2017-04-26 07:30:00,256,37.4,17.29,0.2890625,혼잡,오전(6-11),0.9659258262890683,-0.25881904510252085
2017-04-26 07:35:00,291,40.5,14.45,0.24742268041237114,혼잡,오전(6-11),0.9659258262890683,-0.25881904510252085
2017-04-26 07:40:00,243,37.4,14.39,0.2345679012345679,혼잡,오전(6-11),0.9659258262890683,-0.25881904510252085
2017-04-26 07:45:00,220,37.6,17.0,0.2636363636363636,혼잡,오전(6-11),0.9659258262890683,-0.25881904510252085
2017-04-26 07:50:00,257,40.4,13.76,0.2178988326848249,혼잡,오전(6-11),0.9659258262890683,-0.25881904510252085
2017-04-26 07:55:00,276,36.8,16.15,0.2572463768115942,혼잡,오전(6-11),0.9659258262890683,-0.25881904510252085
2017-04-26 08:00:00,270,41.0,12.91,0.28888888888888886,혼잡,오전(6-11),0.8660254037844387,-0.4999999999999998
2017-04-26 08:05:00,214,39.4,11.25,0.26635514018691586,혼잡,오전(6-11),0.8660254037844387,-0.4999999999999998
2017-04-26 08:10:00,239,39.3,14.11,0.25523012552301255,혼잡,오전(6-11),0.8660254037844387,-0.4999999999999998
2017-04-26 08:15:00,252,35.1,25.75,0.25793650793650796,혼잡,오전(6-11),0.8660254037844387,-0.4999999999999998
2017-04-26 08:20:00,250,32.4,36.61,0.252,혼잡,오전(6-11),0.8660254037844387,-0.4999999999999998
2017-04-26 08:25:00,207,34.0,13.6,0.23671497584541062,혼잡,오전(6-11),0.8660254037844387,-0.4999999999999998
2017-04-26 08:30:00,226,37.9,11.58,0.252212389380531,혼잡,오전(6-11),0.8660254037844387,-0.4999999999999998
2017-04-26 08:35:00,263,34.6,15.55,0.23574144486692014,혼잡,오전(6-11),0.8660254037844387,-0.4999999999999998
2017-04-26 08:40:00,252,38.8,14.07,0.24603174603174602,혼잡,오전(6-11),0.8660254037844387,-0.4999999999999998
2017-04-26 08:45:00,185,42.5,9.42,0.23243243243243245,혼잡,오전(6-11),0.8660254037844387,-0.4999999999999998
2017-04-26 08:50:00,158,45.5,8.13,0.26582278481012656,혼잡,오전(6-11),0.8660254037844387,-0.4999999999999998
2017-04-26 08:55:00,204,44.5,9.54,0.27941176470588236,혼잡,오전(6-11),0.8660254037844387,-0.4999999999999998
2017-04-26 09:00:00,171,52.0,6.77,0.23391812865497075,혼잡,오전(6-11),0.7071067811865476,-0.7071067811865475
2017-04-26 09:05:00,181,46.1,9.18,0.32044198895027626,혼잡,오전(6-11),0.7071067811865476,-0.7071067811865475
2017-04-26 09:10:00,154,45.3,6.68,0.3246753246753247,혼잡,오전(6-11),0.7071067811865476,-0.7071067811865475
2017-04-26 09:15:00,211,45.5,9.57,0.3459715639810427,혼잡,오전(6-11),0.7071067811865476,-0.7071067811865475
2017-04-26 09:20:00,188,52.9,7.31,0.2925531914893617,혼잡,오전(6-11),0.7071067811865476,-0.7071067811865475
2017-04-26 09:25:00,192,47.7,10.06,0.3541666666666667,혼잡,오전(6-11),0.7071067811865476,-0.7071067811865475
2017-04-26 09:30:00,144,48.2,6.33,0.2986111111111111,보통,오전(6-11),0.7071067811865476,-0.7071067811865475
2017-04-26 09:35:00,173,48.3,7.01,0.36416184971098264,혼잡,오전(6-11),0.7071067811865476,-0.7071067811865475
2017-04-26 09:40:00,151,48.6,6.37,0.3509933774834437,보통,오전(6-11),0.7071067811865476,-0.7071067811865475
2017-04-26 09:45:00,130,51.0,5.36,0.36923076923076925,보통,오전(6-11),0.7071067811865476,-0.7071067811865475
2017-04-26 09:50:00,172,50.0,7.51,0.3313953488372093,혼잡,오전(6-11),0.7071067811865476,-0.7071067811865475
2017-04-26 09:55:00,176,49.0,7.33,0.36363636363636365,혼잡,오전(6-11),0.7071067811865476,-0.7071067811865475
2017-04-26 10:00:00,143,51.7,5.61,0.3006993006993007,보통,오전(6-11),0.49999999999999994,-0.8660254037844387
2017-04-26 10:05:00,159,48.6,7.02,0.36477987421383645,혼잡,오전(6-11),0.49999999999999994,-0.8660254037844387
2017-04-26 10:10:00,121,47.7,4.96,0.35537190082644626,보통,오전(6-11),0.49999999999999994,-0.8660254037844387
2017-04-26 10:15:00,136,48.3,5.41,0.39705882352941174,보통,오전(6-11),0.49999999999999994,-0.8660254037844387
2017-04-26 10:20:00,115,49.4,6.25,0.3652173913043478,보통,오전(6-11),0.49999999999999994,-0.8660254037844387
2017-04-26 10:25:00,145,50.2,7.45,0.4,혼잡,오전(6-11),0.49999999999999994,-0.8660254037844387
2017-04-26 10:30:00,119,51.6,5.14,0.31092436974789917,보통,오전(6-11),0.49999999999999994,-0.8660254037844387
2017-04-26 10:35:00,139,46.2,5.97,0.35251798561151076,보통,오전(6-11),0.49999999999999994,-0.8660254037844387
2017-04-26 10:40:00,140,49.5,5.73,0.32857142857142857,보통,오전(6-11),0.49999999999999994,-0.8660254037844387
2017-04-26 10:45:00,153,45.5,7.39,0.3137254901960784,혼잡,오전(6-11),0.49999999999999994,-0.8660254037844387
2017-04-26 10:50:00,125,47.0,5.24,0.344,보통,오전(6-11),0.49999999999999994,-0.8660254037844387
2017-04-26 10:55:00,134,48.2,6.0,0.3805970149253731,보통,오전(6-11),0.49999999999999994,-0.8660254037844387
2017-04-26 11:00:00,94,56.2,3.63,0.40425531914893614,원활,오전(6-11),0.258819045102521,-0.9659258262890682
2017-04-26 11:05:00,124,50.1,5.14,0.3225806451612903,보통,오전(6-11),0.258819045102521,-0.9659258262890682
2017-04-26 11:10:00,130,51.6,5.26,0.3,보통,오전(6-11),0.258819045102521,-0.9659258262890682
2017-04-26 11:15:00,141,52.1,5.77,0.3191489361702128,보통,오전(6-11),0.258819045102521,-0.9659258262890682
2017-04-26 11:20:00,122,49.6,5.09,0.36885245901639346,보통,오전(6-11),0.258819045102521,-0.9659258262890682
2017-04-26 11:25:00,146,48.7,6.5,0.3356164383561644,보통,오전(6-11),0.258819045102521,-0.9659258262890682
2017-04-26 11:30:00,121,48.8,5.0,0.33884297520661155,보통,오전(6-11),0.258819045102521,-0.9659258262890682
2017-04-26 11:35:00,126,51.2,5.63,0.30952380952380953,보통,오전(6-11),0.258819045102521,-0.9659258262890682
2017-04-26 11:40:00,139,46.2,7.92,0.26618705035971224,혼잡,오전(6-11),0.258819045102521,-0.9659258262890682
2017-04-26 11:45:00,156,43.3,10.63,0.30128205128205127,혼잡,오전(6-11),0.258819045102521,-0.9659258262890682
2017-04-26 11:50:00,158,44.9,9.19,0.2911392405063291,혼잡,오전(6-11),0.258819045102521,-0.9659258262890682
2017-04-26 11:55:00,163,46.6,9.71,0.3374233128834356,혼잡,오전(6-11),0.258819045102521,-0.9659258262890682
2017-04-26 12:00:00,159,46.5,8.14,0.3270440251572327,혼잡,오후(12-17),1.2246467991473532e-16,-1.0
2017-04-26 12:05:00,163,44.9,8.4,0.3374233128834356,혼잡,오후(12-17),1.2246467991473532e-16,-1.0
2017-04-26 12:10:00,130,45.2,5.75,0.3384615384615385,보통,오후(12-17),1.2246467991473532e-16,-1.0
2017-04-26 12:15:00,137,47.4,6.27,0.30656934306569344,보통,오후(12-17),1.2246467991473532e-16,-1.0
2017-04-26 12:20:00,121,49.5,5.19,0.23140495867768596,보통,오후(12-17),1.2246467991473532e-16,-1.0
2017-04-26 12:25:00,165,44.9,7.41,0.24242424242424243,혼잡,오후(12-17),1.2246467991473532e-16,-1.0
2017-04-26 12:30:00,159,47.6,6.83,0.32075471698113206,혼잡,오후(12-17),1.2246467991473532e-16,-1.0
2017-04-26 12:35:00,158,46.3,7.88,0.3670886075949367,혼잡,오후(12-17),1.2246467991473532e-16,-1.0
2017-04-26 12:40:00,160,47.7,6.77,0.3,혼잡,오후(12-17),1.2246467991473532e-16,-1.0
2017-04-26 12:45:00,155,46.6,6.95,0.2709677419354839,혼잡,오후(12-17),1.2246467991473532e-16,-1.0
2017-04-26 12:50:00,144,48.1,5.96,0.2916666666666667,보통,오후(12-17),1.2246467991473532e-16,-1.0
2017-04-26 12:55:00,144,46.7,6.48,0.3541666666666667,보통,오후(12-17),1.2246467991473532e-16,-1.0
2017-04-26 13:00:00,107,50.8,4.45,0.2897196261682243,보통,오후(12-17),-0.25881904510252035,-0.9659258262890684
2017-04-26 13:05:00,166,46.2,7.52,0.27710843373493976,혼잡,오후(12-17),-0.25881904510252035,-0.9659258262890684
2017-04-26 13:10:00,164,44.9,7.53,0.3048780487804878,혼잡,오후(12-17),-0.25881904510252035,-0.9659258262890684
2017-04-26 13:15:00,168,46.4,7.47,0.2916666666666667,혼잡,오후(12-17),-0.25881904510252035,-0.9659258262890684
2017-04-26 13:20:00,170,48.9,6.91,0.24705882352941178,혼잡,오후(12-17),-0.25881904510252035,-0.9659258262890684
2017-04-26 13:25:00,152,47.2,7.16,0.3618421052631579,혼잡,오후(12-17),-0.25881904510252035,-0.9659258262890684
2017-04-26 13:30:00,134,46.9,5.88,0.31343283582089554,보통,오후(12-17),-0.25881904510252035,-0.9659258262890684
2017-04-26 13:35:00,141,48.1,6.67,0.2907801418439716,혼잡,오후(12-17),-0.25881904510252035,-0.9659258262890684
2017-04-26 13:40:00,122,52.9,4.69,0.29508196721311475,보통,오후(12-17),-0.25881904510252035,-0.9659258262890684
2017-04-26 13:45:00,136,51.3,5.56,0.33088235294117646,보통,오후(12-17),-0.25881904510252035,-0.9659258262890684
2017-04-26 13:50:00,153,48.5,6.52,0.3202614379084967,보통,오후(12-17),-0.25881904510252035,-0.9659258262890684
2017-04-26 13:55:00,165,46.8,7.17,0.2909090909090909,혼잡,오후(12-17),-0.25881904510252035,-0.9659258262890684
2017-04-26 14:00:00,158,47.6,6.14,0.26582278481012656,보통,오후(12-17),-0.5000000000000001,-0.8660254037844386
2017-04-26 14:05:00,165,49.4,6.77,0.28484848484848485,혼잡,오후(12-17),-0.5000000000000001,-0.8660254037844386
2017-04-26 14:10:00,150,45.5,7.27,0.19333333333333333,혼잡,오후(12-17),-0.5000000000000001,-0.8660254037844386
2017-04-26 14:15:00,162,48.6,7.36,0.30246913580246915,혼잡,오후(12-17),-0.5000000000000001,-0.8660254037844386
2017-04-26 14:20:00,148,45.0,7.43,0.2972972972972973,혼잡,오후(12-17),-0.5000000000000001,-0.8660254037844386
2017-04-26 14:25:00,128,47.3,7.19,0.25,혼잡,오후(12-17),-0.5000000000000001,-0.8660254037844386
2017-04-26 14:30:00,148,49.4,6.21,0.33783783783783783,보통,오후(12-17),-0.5000000000000001,-0.8660254037844386
2017-04-26 14:35:00,176,45.0,8.41,0.2897727272727273,혼잡,오후(12-17),-0.5000000000000001,-0.8660254037844386
2017-04-26 14:40:00,148,50.1,6.3,0.34459459459459457,보통,오후(12-17),-0.5000000000000001,-0.8660254037844386
2017-04-26 14:45:00,161,43.4,9.09,0.2795031055900621,혼잡,오후(12-17),-0.5000000000000001,-0.8660254037844386
2017-04-26 14:50:00,153,48.0,6.15,0.26143790849673204,보통,오후(12-17),-0.5000000000000001,-0.8660254037844386
2017-04-26 14:55:00,168,44.6,7.26,0.31547619047619047,혼잡,오후(12-17),-0.5000000000000001,-0.8660254037844386
2017-04-26 15:00:00,132,50.2,5.51,0.25,보통,오후(12-17),-0.7071067811865475,-0.7071067811865477
2017-04-26 15:05:00,172,45.3,7.5,0.2616279069767442,혼잡,오후(12-17),-0.7071067811865475,-0.7071067811865477
2017-04-26 15:10:00,132,49.8,5.56,0.2803030303030303,보통,오후(12-17),-0.7071067811865475,-0.7071067811865477
2017-04-26 15:15:00,156,46.7,6.72,0.3782051282051282,혼잡,오후(12-17),-0.7071067811865475,-0.7071067811865477
2017-04-26 15:20:00,152,48.7,6.21,0.2631578947368421,보통,오후(12-17),-0.7071067811865475,-0.7071067811865477
2017-04-26 15:25:00,126,50.5,4.93,0.2698412698412698,보통,오후(12-17),-0.7071067811865475,-0.7071067811865477
2017-04-26 15:30:00,163,46.5,6.76,0.2147239263803681,혼잡,오후(12-17),-0.7071067811865475,-0.7071067811865477
2017-04-26 15:35:00,152,44.0,6.89,0.24342105263157895,혼잡,오후(12-17),-0.7071067811865475,-0.7071067811865477
2017-04-26 15:40:00,142,49.0,5.39,0.20422535211267606,보통,오후(12-17),-0.7071067811865475,-0.7071067811865477
2017-04-26 15:45:00,143,44.8,6.39,0.27972027972027974,보통,오후(12-17),-0.7071067811865475,-0.7071067811865477
2017-04-26 15:50:00,151,50.2,5.84,0.23841059602649006,보통,오후(12-17),-0.7071067811865475,-0.7071067811865477
2017-04-26 15:55:00,164,49.2,6.39,0.25609756097560976,보통,오후(12-17),-0.7071067811865475,-0.7071067811865477
2017-04-26 16:00:00,157,45.1,7.34,0.2356687898089172,혼잡,오후(12-17),-0.8660254037844385,-0.5000000000000004
2017-04-26 16:05:00,180,44.7,8.54,0.25555555555555554,혼잡,오후(12-17),-0.8660254037844385,-0.5000000000000004
2017-04-26 16:10:00,187,39.9,9.56,0.3155080213903743,혼잡,오후(12-17),-0.8660254037844385,-0.5000000000000004
2017-04-26 16:15:00,158,48.5,6.68,0.3037974683544304,혼잡,오후(12-17),-0.8660254037844385,-0.5000000000000004
2017-04-26 16:20:00,145,45.5,5.84,0.30344827586206896,보통,오후(12-17),-0.8660254037844385,-0.5000000000000004
2017-04-26 16:25:00,138,48.2,5.61,0.30434782608695654,보통,오후(12-17),-0.8660254037844385,-0.5000000000000004
2017-04-26 16:30:00,145,45.9,6.25,0.31724137931034485,보통,오후(12-17),-0.8660254037844385,-0.5000000000000004
2017-04-26 16:35:00,164,43.4,7.7,0.2865853658536585,혼잡,오후(12-17),-0.8660254037844385,-0.5000000000000004
2017-04-26 16:40:00,156,48.9,6.78,0.358974358974359,혼잡,오후(12-17),-0.8660254037844385,-0.5000000000000004
2017-04-26 16:45:00,154,46.4,6.77,0.33766233766233766,혼잡,오후(12-17),-0.8660254037844385,-0.5000000000000004
2017-04-26 16:50:00,164,39.0,9.44,0.21341463414634146,혼잡,오후(12-17),-0.8660254037844385,-0.5000000000000004
2017-04-26 16:55:00,143,48.5,5.9,0.2517482517482518,보통,오후(12-17),-0.8660254037844385,-0.5000000000000004
2017-04-26 17:00:00,143,47.7,5.56,0.2867132867132867,보통,오후(12-17),-0.9659258262890683,-0.25881904510252063
2017-04-26 17:05:00,165,49.2,6.9,0.28484848484848485,혼잡,오후(12-17),-0.9659258262890683,-0.25881904510252063
2017-04-26 17:10:00,141,44.7,5.66,0.23404255319148937,보통,오후(12-17),-0.9659258262890683,-0.25881904510252063
2017-04-26 17:15:00,141,42.3,6.33,0.2624113475177305,보통,오후(12-17),-0.9659258262890683,-0.25881904510252063
2017-04-26 17:20:00,156,43.5,7.15,0.23076923076923078,혼잡,오후(12-17),-0.9659258262890683,-0.25881904510252063
2017-04-26 17:25:00,146,50.9,5.46,0.2465753424657534,보통,오후(12-17),-0.9659258262890683,-0.25881904510252063
2017-04-26 17:30:00,132,43.6,5.98,0.2727272727272727,보통,오후(12-17),-0.9659258262890683,-0.25881904510252063
2017-04-26 17:35:00,143,43.9,6.35,0.2727272727272727,보통,오후(12-17),-0.9659258262890683,-0.25881904510252063
2017-04-26 17:40:00,186,45.3,8.4,0.3064516129032258,혼잡,오후(12-17),-0.9659258262890683,-0.25881904510252063
2017-04-26 17:45:00,161,48.2,6.57,0.2732919254658385,보통,오후(12-17),-0.9659258262890683,-0.25881904510252063
2017-04-26 17:50:00,175,41.9,8.72,0.2571428571428571,혼잡,오후(12-17),-0.9659258262890683,-0.25881904510252063
2017-04-26 17:55:00,159,40.5,13.24,0.25157232704402516,혼잡,오후(12-17),-0.9659258262890683,-0.25881904510252063
2017-04-26 18:00:00,140,46.5,6.31,0.2714285714285714,보통,저녁(18-23),-1.0,-1.8369701987210297e-16
2017-04-26 18:05:00,190,45.9,7.99,0.2894736842105263,혼잡,저녁(18-23),-1.0,-1.8369701987210297e-16
2017-04-26 18:10:00,178,44.1,7.76,0.3202247191011236,혼잡,저녁(18-23),-1.0,-1.8369701987210297e-16
2017-04-26 18:15:00,190,36.4,10.65,0.3526315789473684,혼잡,저녁(18-23),-1.0,-1.8369701987210297e-16
2017-04-26 18:20:00,196,37.8,10.12,0.24489795918367346,혼잡,저녁(18-23),-1.0,-1.8369701987210297e-16
2017-04-26 18:25:00,225,37.8,11.91,0.24444444444444444,혼잡,저녁(18-23),-1.0,-1.8369701987210297e-16
2017-04-26 18:30:00,210,35.6,16.68,0.3047619047619048,혼잡,저녁(18-23),-1.0,-1.8369701987210297e-16
2017-04-26 18:35:00,163,39.2,8.36,0.25153374233128833,혼잡,저녁(18-23),-1.0,-1.8369701987210297e-16
2017-04-26 18:40:00,166,41.6,7.36,0.21084337349397592,혼잡,저녁(18-23),-1.0,-1.8369701987210297e-16
2017-04-26 18:45:00,185,45.8,8.06,0.31891891891891894,혼잡,저녁(18-23),-1.0,-1.8369701987210297e-16
2017-04-26 18:50:00,195,42.9,8.62,0.3076923076923077,혼잡,저녁(18-23),-1.0,-1.8369701987210297e-16
2017-04-26 18:55:00,170,38.4,8.85,0.3235294117647059,혼잡,저녁(18-23),-1.0,-1.8369701987210297e-16
2017-04-26 19:00:00,99,48.3,3.8,0.2222222222222222,보통,저녁(18-23),-0.9659258262890684,0.2588190451025203
2017-04-26 19:05:00,170,44.8,7.48,0.27058823529411763,혼잡,저녁(18-23),-0.9659258262890684,0.2588190451025203
2017-04-26 19:10:00,150,48.8,6.2,0.32,보통,저녁(18-23),-0.9659258262890684,0.2588190451025203
2017-04-26 19:15:00,138,43.2,6.53,0.3333333333333333,보통,저녁(18-23),-0.9659258262890684,0.2588190451025203
2017-04-26 19:20:00,137,39.6,6.97,0.25547445255474455,혼잡,저녁(18-23),-0.9659258262890684,0.2588190451025203
2017-04-26 19:25:00,134,41.0,6.9,0.09701492537313433,혼잡,저녁(18-23),-0.9659258262890684,0.2588190451025203
2017-04-26 19:30:00,167,43.1,8.7,0.19760479041916168,혼잡,저녁(18-23),-0.9659258262890684,0.2588190451025203
2017-04-26 19:35:00,124,44.0,6.07,0.24193548387096775,보통,저녁(18-23),-0.9659258262890684,0.2588190451025203
2017-04-26 19:40:00,91,44.0,4.44,0.24175824175824176,보통,저녁(18-23),-0.9659258262890684,0.2588190451025203
2017-04-26 19:45:00,119,42.4,6.56,0.19327731092436976,보통,저녁(18-23),-0.9659258262890684,0.2588190451025203
2017-04-26 19:50:00,132,45.5,7.43,0.2878787878787879,혼잡,저녁(18-23),-0.9659258262890684,0.2588190451025203
2017-04-26 19:55:00,130,44.0,6.98,0.2,혼잡,저녁(18-23),-0.9659258262890684,0.2588190451025203
2017-04-26 20:00:00,79,43.2,4.5,0.1518987341772152,보통,저녁(18-23),-0.8660254037844386,0.5000000000000001
2017-04-26 20:05:00,95,42.9,5.19,0.28421052631578947,보통,저녁(18-23),-0.8660254037844386,0.5000000000000001
2017-04-26 20:10:00,100,45.9,4.84,0.29,보통,저녁(18-23),-0.8660254037844386,0.5000000000000001
2017-04-26 20:15:00,120,44.5,5.9,0.21666666666666667,보통,저녁(18-23),-0.8660254037844386,0.5000000000000001
2017-04-26 20:20:00,110,45.8,5.52,0.2,보통,저녁(18-23),-0.8660254037844386,0.5000000000000001
2017-04-26 20:25:00,98,43.2,4.75,0.2653061224489796,보통,저녁(18-23),-0.8660254037844386,0.5000000000000001
2017-04-26 20:30:00,127,46.1,5.82,0.11811023622047244,보통,저녁(18-23),-0.8660254037844386,0.5000000000000001
2017-04-26 20:35:00,124,44.3,6.24,0.18548387096774194,보통,저녁(18-23),-0.8660254037844386,0.5000000000000001
2017-04-26 20:40:00,105,44.5,5.16,0.19047619047619047,보통,저녁(18-23),-0.8660254037844386,0.5000000000000001
2017-04-26 20:45:00,99,48.7,4.68,0.21212121212121213,보통,저녁(18-23),-0.8660254037844386,0.5000000000000001
2017-04-26 20:50:00,117,45.1,5.79,0.28205128205128205,보통,저녁(18-23),-0.8660254037844386,0.5000000000000001
2017-04-26 20:55:00,132,44.1,6.41,0.16666666666666666,보통,저녁(18-23),-0.8660254037844386,0.5000000000000001
2017-04-26 21:00:00,96,46.9,4.99,0.20833333333333334,보통,저녁(18-23),-0.7071067811865477,0.7071067811865474
2017-04-26 21:05:00,100,46.7,5.18,0.14,보통,저녁(18-23),-0.7071067811865477,0.7071067811865474
2017-04-26 21:10:00,103,46.7,5.13,0.23300970873786409,보통,저녁(18-23),-0.7071067811865477,0.7071067811865474
2017-04-26 21:15:00,121,45.9,5.75,0.24793388429752067,보통,저녁(18-23),-0.7071067811865477,0.7071067811865474
2017-04-26 21:20:00,118,41.8,11.8,0.2288135593220339,혼잡,저녁(18-23),-0.7071067811865477,0.7071067811865474
2017-04-26 21:25:00,132,46.8,6.77,0.20454545454545456,혼잡,저녁(18-23),-0.7071067811865477,0.7071067811865474
2017-04-26 21:30:00,103,45.5,5.19,0.24271844660194175,보통,저녁(18-23),-0.7071067811865477,0.7071067811865474
2017-04-26 21:35:00,122,45.4,5.92,0.23770491803278687,보통,저녁(18-23),-0.7071067811865477,0.7071067811865474
2017-04-26 21:40:00,71,44.0,3.84,0.30985915492957744,보통,저녁(18-23),-0.7071067811865477,0.7071067811865474
2017-04-26 21:45:00,74,46.3,3.97,0.2702702702702703,보통,저녁(18-23),-0.7071067811865477,0.7071067811865474
2017-04-26 21:50:00,98,41.4,4.35,0.14285714285714285,보통,저녁(18-23),-0.7071067811865477,0.7071067811865474
2017-04-26 21:55:00,117,43.8,6.17,0.19658119658119658,보통,저녁(18-23),-0.7071067811865477,0.7071067811865474
2017-04-26 22:00:00,89,47.5,4.5,0.2247191011235955,보통,저녁(18-23),-0.5000000000000004,0.8660254037844384
2017-04-26 22:05:00,121,48.9,6.1,0.30578512396694213,보통,저녁(18-23),-0.5000000000000004,0.8660254037844384
2017-04-26 22:10:00,113,49.7,5.44,0.18584070796460178,보통,저녁(18-23),-0.5000000000000004,0.8660254037844384
2017-04-26 22:15:00,95,47.1,5.17,0.2,보통,저녁(18-23),-0.5000000000000004,0.8660254037844384
2017-04-26 22:20:00,94,48.3,4.57,0.23404255319148937,보통,저녁(18-23),-0.5000000000000004,0.8660254037844384
2017-04-26 22:25:00,79,49.5,3.57,0.34177215189873417,원활,저녁(18-23),-0.5000000000000004,0.8660254037844384
2017-04-26 22:30:00,67,53.1,3.04,0.22388059701492538,원활,저녁(18-23),-0.5000000000000004,0.8660254037844384
2017-04-26 22:35:00,96,47.5,6.87,0.28125,혼잡,저녁(18-23),-0.5000000000000004,0.8660254037844384
2017-04-26 22:40:00,80,48.6,4.0,0.25,보통,저녁(18-23),-0.5000000000000004,0.8660254037844384
2017-04-26 22:45:00,73,47.5,3.5,0.273972602739726,원활,저녁(18-23),-0.5000000000000004,0.8660254037844384
2017-04-26 22:50:00,63,50.7,2.95,0.2222222222222222,원활,저녁(18-23),-0.5000000000000004,0.8660254037844384
2017-04-26 22:55:00,77,53.5,3.56,0.2987012987012987,원활,저녁(18-23),-0.5000000000000004,0.8660254037844384
2017-04-26 23:00:00,63,50.5,2.82,0.2222222222222222,원활,저녁(18-23),-0.2588190451025207,0.9659258262890683
2017-04-26 23:05:00,86,49.6,4.32,0.27906976744186046,보통,저녁(18-23),-0.2588190451025207,0.9659258262890683
2017-04-26 23:10:00,62,51.2,2.82,0.25806451612903225,원활,저녁(18-23),-0.2588190451025207,0.9659258262890683
2017-04-26 23:15:00,51,49.9,2.26,0.2549019607843137,원활,저녁(18-23),-0.2588190451025207,0.9659258262890683
2017-04-26 23:20:00,62,54.1,2.88,0.2903225806451613,원활,저녁(18-23),-0.2588190451025207,0.9659258262890683
2017-04-26 23:25:00,60,51.0,2.68,0.21666666666666667,원활,저녁(18-23),-0.2588190451025207,0.9659258262890683
2017-04-26 23:30:00,48,57.9,1.93,0.16666666666666666,원활,저녁(18-23),-0.2588190451025207,0.9659258262890683
2017-04-26 23:35:00,51,55.7,2.12,0.29411764705882354,원활,저녁(18-23),-0.2588190451025207,0.9659258262890683
2017-04-26 23:40:00,34,55.9,1.32,0.14705882352941177,원활,저녁(18-23),-0.2588190451025207,0.9659258262890683
2017-04-26 23:45:00,48,54.7,1.99,0.2916666666666667,원활,저녁(18-23),-0.2588190451025207,0.9659258262890683
2017-04-26 23:50:00,27,64.6,1.02,0.2222222222222222,원활,저녁(18-23),-0.2588190451025207,0.9659258262890683
2017-04-26 23:55:00,36,52.4,1.44,0.3333333333333333,원활,저녁(18-23),-0.2588190451025207,0.9659258262890683
2017-04-27 00:00:00,45,54.2,1.83,0.3111111111111111,원활,새벽(0-5),0.0,1.0
2017-04-27 00:05:00,57,58.0,2.21,0.3157894736842105,원활,새벽(0-5),0.0,1.0
2017-04-27 00:10:00,47,58.1,1.86,0.3404255319148936,원활,새벽(0-5),0.0,1.0
2017-04-27 00:15:00,28,56.5,1.14,0.35714285714285715,원활,새벽(0-5),0.0,1.0
2017-04-27 00:20:00,43,53.6,1.66,0.20930232558139536,원활,새벽(0-5),0.0,1.0
2017-04-27 00:25:00,40,53.9,1.65,0.3,원활,새벽(0-5),0.0,1.0
2017-04-27 00:30:00,31,57.4,1.38,0.2903225806451613,원활,새벽(0-5),0.0,1.0
2017-04-27 00:35:00,22,58.6,1.33,0.18181818181818182,원활,새벽(0-5),0.0,1.0
2017-04-27 00:40:00,25,56.5,1.04,0.36,원활,새벽(0-5),0.0,1.0
2017-04-27 00:45:00,34,53.1,1.43,0.38235294117647056,원활,새벽(0-5),0.0,1.0
2017-04-27 00:50:00,33,58.3,1.33,0.15151515151515152,원활,새벽(0-5),0.0,1.0
2017-04-27 00:55:00,33,56.0,1.8,0.24242424242424243,원활,새벽(0-5),0.0,1.0
2017-04-27 01:00:00,24,55.1,1.09,0.375,원활,새벽(0-5),0.25881904510252074,0.9659258262890683
2017-04-27 01:05:00,27,58.4,1.51,0.3333333333333333,원활,새벽(0-5),0.25881904510252074,0.9659258262890683
2017-04-27 01:10:00,23,65.0,0.85,0.34782608695652173,원활,새벽(0-5),0.25881904510252074,0.9659258262890683
2017-04-27 01:15:00,27,65.4,1.04,0.2962962962962963,원활,새벽(0-5),0.25881904510252074,0.9659258262890683
2017-04-27 01:20:00,25,64.0,0.98,0.32,원활,새벽(0-5),0.25881904510252074,0.9659258262890683
2017-04-27 01:25:00,23,63.7,0.95,0.5217391304347826,원활,새벽(0-5),0.25881904510252074,0.9659258262890683
2017-04-27 01:30:00,18,60.1,0.66,0.2777777777777778,원활,새벽(0-5),0.25881904510252074,0.9659258262890683
2017-04-27 01:35:00,23,63.3,1.25,0.391304347826087,원활,새벽(0-5),0.25881904510252074,0.9659258262890683
2017-04-27 01:40:00,16,62.6,0.66,0.4375,원활,새벽(0-5),0.25881904510252074,0.9659258262890683
2017-04-27 01:45:00,18,56.5,0.69,0.3333333333333333,원활,새벽(0-5),0.25881904510252074,0.9659258262890683
2017-04-27 01:50:00,20,55.0,0.76,0.45,원활,새벽(0-5),0.25881904510252074,0.9659258262890683
2017-04-27 01:55:00,17,62.7,0.69,0.29411764705882354,원활,새벽(0-5),0.25881904510252074,0.9659258262890683
2017-04-27 02:00:00,10,62.4,0.41,0.4,원활,새벽(0-5),0.49999999999999994,0.8660254037844387
2017-04-27 02:05:00,16,58.2,0.66,0.25,원활,새벽(0-5),0.49999999999999994,0.8660254037844387
2017-04-27 02:10:00,15,55.8,0.63,0.26666666666666666,원활,새벽(0-5),0.49999999999999994,0.8660254037844387
2017-04-27 02:15:00,15,49.9,0.71,0.3333333333333333,원활,새벽(0-5),0.49999999999999994,0.8660254037844387
2017-04-27 02:20:00,11,65.0,0.52,0.45454545454545453,원활,새벽(0-5),0.49999999999999994,0.8660254037844387
2017-04-27 02:25:00,12,59.3,0.44,0.3333333333333333,원활,새벽(0-5),0.49999999999999994,0.8660254037844387
2017-04-27 02:30:00,17,62.2,0.62,0.29411764705882354,원활,새벽(0-5),0.49999999999999994,0.8660254037844387
2017-04-27 02:35:00,14,63.6,0.64,0.5,원활,새벽(0-5),0.49999999999999994,0.8660254037844387
2017-04-27 02:40:00,15,50.8,0.65,0.13333333333333333,원활,새벽(0-5),0.49999999999999994,0.8660254037844387
2017-04-27 02:45:00,19,57.2,0.78,0.42105263157894735,원활,새벽(0-5),0.49999999999999994,0.8660254037844387
2017-04-27 02:50:00,14,56.6,0.59,0.21428571428571427,원활,새벽(0-5),0.49999999999999994,0.8660254037844387
2017-04-27 02:55:00,9,61.3,0.31,0.4444444444444444,원활,새벽(0-5),0.49999999999999994,0.8660254037844387
2017-04-27 03:00:00,12,57.3,0.55,0.25,원활,새벽(0-5),0.7071067811865476,0.7071067811865476
2017-04-27 03:05:00,9,59.8,0.4,0.3333333333333333,원활,새벽(0-5),0.7071067811865476,0.7071067811865476
2017-04-27 03:10:00,13,56.0,0.69,0.38461538461538464,원활,새벽(0-5),0.7071067811865476,0.7071067811865476
2017-04-27 03:15:00,11,58.8,0.53,0.18181818181818182,원활,새벽(0-5),0.7071067811865476,0.7071067811865476
2017-04-27 03:20:00,12,63.3,0.4,0.16666666666666666,원활,새벽(0-5),0.7071067811865476,0.7071067811865476
2017-04-27 03:25:00,14,55.4,0.53,0.14285714285714285,원활,새벽(0-5),0.7071067811865476,0.7071067811865476
2017-04-27 03:30:00,11,56.4,0.44,0.18181818181818182,원활,새벽(0-5),0.7071067811865476,0.7071067811865476
2017-04-27 03:35:00,9,56.1,0.35,0.1111111111111111,원활,새벽(0-5),0.7071067811865476,0.7071067811865476
2017-04-27 03:40:00,11,55.0,0.49,0.09090909090909091,원활,새벽(0-5),0.7071067811865476,0.7071067811865476
2017-04-27 03:45:00,13,54.0,0.56,0.3076923076923077,원활,새벽(0-5),0.7071067811865476,0.7071067811865476
2017-04-27 03:50:00,17,53.7,0.79,0.47058823529411764,원활,새벽(0-5),0.7071067811865476,0.7071067811865476
2017-04-27 03:55:00,16,57.2,0.62,0.1875,원활,새벽(0-5),0.7071067811865476,0.7071067811865476
2017-04-27 04:00:00,15,53.6,0.75,0.3333333333333333,원활,새벽(0-5),0.8660254037844386,0.5000000000000001
2017-04-27 04:05:00,15,70.1,0.56,0.4,원활,새벽(0-5),0.8660254037844386,0.5000000000000001
2017-04-27 04:10:00,8,55.3,0.44,0.5,원활,새벽(0-5),0.8660254037844386,0.5000000000000001
2017-04-27 04:15:00,12,54.3,0.56,0.4166666666666667,원활,새벽(0-5),0.8660254037844386,0.5000000000000001
2017-04-27 04:20:00,16,60.7,0.77,0.3125,원활,새벽(0-5),0.8660254037844386,0.5000000000000001
2017-04-27 04:25:00,19,57.2,0.88,0.42105263157894735,원활,새벽(0-5),0.8660254037844386,0.5000000000000001
2017-04-27 04:30:00,11,56.8,0.49,0.2727272727272727,원활,새벽(0-5),0.8660254037844386,0.5000000000000001
2017-04-27 04:35:00,17,60.7,0.72,0.29411764705882354,원활,새벽(0-5),0.8660254037844386,0.5000000000000001
2017-04-27 04:40:00,20,55.2,0.74,0.35,원활,새벽(0-5),0.8660254037844386,0.5000000000000001
2017-04-27 04:45:00,30,64.7,1.33,0.4,원활,새벽(0-5),0.8660254037844386,0.5000000000000001
2017-04-27 04:50:00,30,58.4,1.25,0.3333333333333333,원활,새벽(0-5),0.8660254037844386,0.5000000000000001
2017-04-27 04:55:00,17,56.2,0.86,0.29411764705882354,원활,새벽(0-5),0.8660254037844386,0.5000000000000001
2017-04-27 05:00:00,19,55.8,0.96,0.21052631578947367,원활,새벽(0-5),0.9659258262890683,0.25881904510252074
2017-04-27 05:05:00,28,61.2,1.22,0.4642857142857143,원활,새벽(0-5),0.9659258262890683,0.25881904510252074
2017-04-27 05:10:00,27,54.5,1.1,0.18518518518518517,원활,새벽(0-5),0.9659258262890683,0.25881904510252074
2017-04-27 05:15:00,43,56.9,1.81,0.4186046511627907,원활,새벽(0-5),0.9659258262890683,0.25881904510252074
2017-04-27 05:20:00,66,57.6,4.02,0.36363636363636365,보통,새벽(0-5),0.9659258262890683,0.25881904510252074
2017-04-27 05:25:00,54,58.5,2.36,0.2962962962962963,원활,새벽(0-5),0.9659258262890683,0.25881904510252074
2017-04-27 05:30:00,43,67.9,1.49,0.4418604651162791,원활,새벽(0-5),0.9659258262890683,0.25881904510252074
2017-04-27 05:35:00,42,60.1,1.62,0.2857142857142857,원활,새벽(0-5),0.9659258262890683,0.25881904510252074
2017-04-27 05:40:00,42,60.4,1.53,0.23809523809523808,원활,새벽(0-5),0.9659258262890683,0.25881904510252074
2017-04-27 05:45:00,54,63.0,1.74,0.2777777777777778,원활,새벽(0-5),0.9659258262890683,0.25881904510252074
2017-04-27 05:50:00,78,64.0,2.4,0.3076923076923077,원활,새벽(0-5),0.9659258262890683,0.25881904510252074
2017-04-27 05:55:00,86,54.6,3.13,0.313953488372093,원활,새벽(0-5),0.9659258262890683,0.25881904510252074
2017-04-27 06:00:00,71,53.8,3.02,0.39436619718309857,원활,오전(6-11),1.0,6.123233995736766e-17
2017-04-27 06:05:00,93,59.4,3.36,0.3655913978494624,원활,오전(6-11),1.0,6.123233995736766e-17
2017-04-27 06:10:00,83,58.2,3.0,0.3614457831325301,원활,오전(6-11),1.0,6.123233995736766e-17
2017-04-27 06:15:00,88,57.8,3.13,0.38636363636363635,원활,오전(6-11),1.0,6.123233995736766e-17
2017-04-27 06:20:00,74,63.8,2.46,0.35135135135135137,원활,오전(6-11),1.0,6.123233995736766e-17
2017-04-27 06:25:00,114,55.3,4.39,0.41228070175438597,보통,오전(6-11),1.0,6.123233995736766e-17
2017-04-27 06:30:00,112,56.8,4.12,0.38392857142857145,보통,오전(6-11),1.0,6.123233995736766e-17
2017-04-27 06:35:00,138,51.0,5.58,0.5144927536231884,보통,오전(6-11),1.0,6.123233995736766e-17
2017-04-27 06:40:00,136,52.0,5.68,0.3897058823529412,보통,오전(6-11),1.0,6.123233995736766e-17
2017-04-27 06:45:00,118,57.8,4.22,0.3389830508474576,보통,오전(6-11),1.0,6.123233995736766e-17
2017-04-27 06:50:00,120,51.3,4.76,0.38333333333333336,보통,오전(6-11),1.0,6.123233995736766e-17
2017-04-27 06:55:00,126,48.7,5.49,0.42857142857142855,보통,오전(6-11),1.0,6.123233995736766e-17
2017-04-27 07:00:00,148,51.7,5.77,0.3783783783783784,보통,오전(6-11),0.9659258262890683,-0.25881904510252085
2017-04-27 07:05:00,156,52.8,6.07,0.3333333333333333,보통,오전(6-11),0.9659258262890683,-0.25881904510252085
2017-04-27 07:10:00,189,51.2,8.05,0.32275132275132273,혼잡,오전(6-11),0.9659258262890683,-0.25881904510252085
2017-04-27 07:15:00,226,51.4,8.84,0.29646017699115046,혼잡,오전(6-11),0.9659258262890683,-0.25881904510252085
2017-04-27 07:20:00,182,45.4,8.65,0.33516483516483514,혼잡,오전(6-11),0.9659258262890683,-0.25881904510252085
2017-04-27 07:25:00,193,42.9,9.12,0.29533678756476683,혼잡,오전(6-11),0.9659258262890683,-0.25881904510252085
2017-04-27 07:30:00,264,36.8,15.79,0.3068181818181818,혼잡,오전(6-11),0.9659258262890683,-0.25881904510252085
2017-04-27 07:35:00,282,37.0,18.27,0.2907801418439716,혼잡,오전(6-11),0.9659258262890683,-0.25881904510252085
2017-04-27 07:40:00,211,33.4,16.7,0.26540284360189575,혼잡,오전(6-11),0.9659258262890683,-0.25881904510252085
2017-04-27 07:45:00,220,35.1,15.3,0.23636363636363636,혼잡,오전(6-11),0.9659258262890683,-0.25881904510252085
2017-04-27 07:50:00,255,35.7,17.05,0.25098039215686274,혼잡,오전(6-11),0.9659258262890683,-0.25881904510252085
2017-04-27 07:55:00,254,33.4,22.43,0.25196850393700787,혼잡,오전(6-11),0.9659258262890683,-0.25881904510252085
2017-04-27 08:00:00,234,34.5,17.01,0.2777777777777778,혼잡,오전(6-11),0.8660254037844387,-0.4999999999999998
2017-04-27 08:05:00,197,36.3,22.94,0.28426395939086296,혼잡,오전(6-11),0.8660254037844387,-0.4999999999999998
2017-04-27 08:10:00,215,34.6,23.49,0.2651162790697674,혼잡,오전(6-11),0.8660254037844387,-0.4999999999999998
2017-04-27 08:15:00,283,40.4,14.88,0.26501766784452296,혼잡,오전(6-11),0.8660254037844387,-0.4999999999999998
2017-04-27 08:20:00,242,35.0,17.55,0.22727272727272727,혼잡,오전(6-11),0.8660254037844387,-0.4999999999999998
2017-04-27 08:25:00,195,39.8,15.35,0.2923076923076923,혼잡,오전(6-11),0.8660254037844387,-0.4999999999999998
2017-04-27 08:30:00,238,34.4,16.03,0.23949579831932774,혼잡,오전(6-11),0.8660254037844387,-0.4999999999999998
2017-04-27 08:35:00,270,31.5,19.28,0.21481481481481482,혼잡,오전(6-11),0.8660254037844387,-0.4999999999999998
2017-04-27 08:40:00,263,33.4,19.08,0.20532319391634982,혼잡,오전(6-11),0.8660254037844387,-0.4999999999999998
2017-04-27 08:45:00,173,40.1,9.11,0.2023121387283237,혼잡,오전(6-11),0.8660254037844387,-0.4999999999999998
2017-04-27 08:50:00,171,45.4,7.4,0.24561403508771928,혼잡,오전(6-11),0.8660254037844387,-0.4999999999999998
2017-04-27 08:55:00,207,41.6,12.1,0.2222222222222222,혼잡,오전(6-11),0.8660254037844387,-0.4999999999999998
2017-04-27 09:00:00,180,47.6,11.31,0.19444444444444445,혼잡,오전(6-11),0.7071067811865476,-0.7071067811865475
2017-04-27 09:05:00,163,45.4,8.53,0.27607361963190186,혼잡,오전(6-11),0.7071067811865476,-0.7071067811865475
2017-04-27 09:10:00,149,48.9,6.01,0.20134228187919462,보통,오전(6-11),0.7071067811865476,-0.7071067811865475
2017-04-27 09:15:00,175,47.4,8.36,0.26285714285714284,혼잡,오전(6-11),0.7071067811865476,-0.7071067811865475
2017-04-27 09:20:00,187,47.2,10.89,0.24598930481283424,혼잡,오전(6-11),0.7071067811865476,-0.7071067811865475
2017-04-27 09:25:00,198,48.0,11.56,0.3434343434343434,혼잡,오전(6-11),0.7071067811865476,-0.7071067811865475
2017-04-27 09:30:00,173,48.5,10.07,0.31213872832369943,혼잡,오전(6-11),0.7071067811865476,-0.7071067811865475
2017-04-27 09:35:00,178,45.3,10.94,0.3595505617977528,혼잡,오전(6-11),0.7071067811865476,-0.7071067811865475
2017-04-27 09:40:00,146,47.6,6.3,0.2671232876712329,보통,오전(6-11),0.7071067811865476,-0.7071067811865475
2017-04-27 09:45:00,153,45.9,7.78,0.3660130718954248,혼잡,오전(6-11),0.7071067811865476,-0.7071067811865475
2017-04-27 09:50:00,174,48.2,7.96,0.3563218390804598,혼잡,오전(6-11),0.7071067811865476,-0.7071067811865475
2017-04-27 09:55:00,176,46.0,8.57,0.3409090909090909,혼잡,오전(6-11),0.7071067811865476,-0.7071067811865475
2017-04-27 10:00:00,182,46.6,9.03,0.3901098901098901,혼잡,오전(6-11),0.49999999999999994,-0.8660254037844387
2017-04-27 10:05:00,165,48.5,9.95,0.36363636363636365,혼잡,오전(6-11),0.49999999999999994,-0.8660254037844387
2017-04-27 10:10:00,153,47.0,9.3,0.32679738562091504,혼잡,오전(6-11),0.49999999999999994,-0.8660254037844387
2017-04-27 10:15:00,120,48.8,5.85,0.3416666666666667,보통,오전(6-11),0.49999999999999994,-0.8660254037844387
2017-04-27 10:20:00,126,50.7,6.81,0.4523809523809524,혼잡,오전(6-11),0.49999999999999994,-0.8660254037844387
2017-04-27 10:25:00,112,48.3,7.95,0.32142857142857145,혼잡,오전(6-11),0.49999999999999994,-0.8660254037844387
2017-04-27 10:30:00,152,45.8,9.31,0.375,혼잡,오전(6-11),0.49999999999999994,-0.8660254037844387
2017-04-27 10:35:00,120,47.4,11.81,0.3333333333333333,혼잡,오전(6-11),0.49999999999999994,-0.8660254037844387
2017-04-27 10:40:00,135,49.6,6.71,0.32592592592592595,혼잡,오전(6-11),0.49999999999999994,-0.8660254037844387
2017-04-27 10:45:00,121,45.5,20.14,0.3884297520661157,혼잡,오전(6-11),0.49999999999999994,-0.8660254037844387
2017-04-27 10:50:00,143,48.4,12.46,0.3916083916083916,혼잡,오전(6-11),0.49999999999999994,-0.8660254037844387
2017-04-27 10:55:00,134,47.1,6.29,0.3358208955223881,보통,오전(6-11),0.49999999999999994,-0.8660254037844387
2017-04-27 11:00:00,123,52.1,5.26,0.3821138211382114,보통,오전(6-11),0.258819045102521,-0.9659258262890682
2017-04-27 11:05:00,111,51.5,5.2,0.44144144144144143,보통,오전(6-11),0.258819045102521,-0.9659258262890682
2017-04-27 11:10:00,126,48.8,6.17,0.31746031746031744,보통,오전(6-11),0.258819045102521,-0.9659258262890682
2017-04-27 11:15:00,136,48.4,17.99,0.33088235294117646,혼잡,오전(6-11),0.258819045102521,-0.9659258262890682
2017-04-27 11:20:00,125,50.0,10.89,0.344,혼잡,오전(6-11),0.258819045102521,-0.9659258262890682
2017-04-27 11:25:00,154,48.5,7.27,0.35064935064935066,혼잡,오전(6-11),0.258819045102521,-0.9659258262890682
2017-04-27 11:30:00,149,48.6,6.48,0.3288590604026846,보통,오전(6-11),0.258819045102521,-0.9659258262890682
2017-04-27 11:35:00,147,50.0,7.65,0.3129251700680272,혼잡,오전(6-11),0.258819045102521,-0.9659258262890682
2017-04-27 11:40:00,139,47.0,7.79,0.2733812949640288,혼잡,오전(6-11),0.258819045102521,-0.9659258262890682
2017-04-27 11:45:00,158,42.6,11.76,0.4620253164556962,혼잡,오전(6-11),0.258819045102521,-0.9659258262890682
2017-04-27 11:50:00,157,48.6,8.75,0.2802547770700637,혼잡,오전(6-11),0.258819045102521,-0.9659258262890682
2017-04-27 11:55:00,154,46.8,10.93,0.33766233766233766,혼잡,오전(6-11),0.258819045102521,-0.9659258262890682
2017-04-27 12:00:00,158,46.5,10.55,0.310126582278481,혼잡,오후(12-17),1.2246467991473532e-16,-1.0
2017-04-27 12:05:00,144,47.9,7.37,0.2916666666666667,혼잡,오후(12-17),1.2246467991473532e-16,-1.0
2017-04-27 12:10:00,105,48.2,5.25,0.26666666666666666,보통,오후(12-17),1.2246467991473532e-16,-1.0
2017-04-27 12:15:00,139,48.6,6.43,0.2805755395683453,보통,오후(12-17),1.2246467991473532e-16,-1.0
2017-04-27 12:20:00,98,48.4,4.62,0.3979591836734694,보통,오후(12-17),1.2246467991473532e-16,-1.0
2017-04-27 12:25:00,135,43.5,6.84,0.362962962962963,혼잡,오후(12-17),1.2246467991473532e-16,-1.0
2017-04-27 12:30:00,137,47.5,5.96,0.34306569343065696,보통,오후(12-17),1.2246467991473532e-16,-1.0
2017-04-27 12:35:00,127,47.6,5.64,0.30708661417322836,보통,오후(12-17),1.2246467991473532e-16,-1.0
2017-04-27 12:40:00,152,49.7,6.34,0.3223684210526316,보통,오후(12-17),1.2246467991473532e-16,-1.0
2017-04-27 12:45:00,136,45.9,5.56,0.29411764705882354,보통,오후(12-17),1.2246467991473532e-16,-1.0
2017-04-27 12:50:00,159,45.0,7.28,0.3522012578616352,혼잡,오후(12-17),1.2246467991473532e-16,-1.0
2017-04-27 12:55:00,132,48.1,5.71,0.26515151515151514,보통,오후(12-17),1.2246467991473532e-16,-1.0
2017-04-27 13:00:00,135,47.0,9.9,0.3333333333333333,혼잡,오후(12-17),-0.25881904510252035,-0.9659258262890684
2017-04-27 13:05:00,153,43.6,8.08,0.28104575163398693,혼잡,오후(12-17),-0.25881904510252035,-0.9659258262890684
2017-04-27 13:10:00,167,45.6,7.7,0.24550898203592814,혼잡,오후(12-17),-0.25881904510252035,-0.9659258262890684
2017-04-27 13:15:00,157,47.7,6.88,0.31210191082802546,혼잡,오후(12-17),-0.25881904510252035,-0.9659258262890684
2017-04-27 13:20:00,144,48.5,6.01,0.3125,보통,오후(12-17),-0.25881904510252035,-0.9659258262890684
2017-04-27 13:25:00,156,46.3,7.09,0.3333333333333333,혼잡,오후(12-17),-0.25881904510252035,-0.9659258262890684
2017-04-27 13:30:00,136,49.7,5.57,0.22058823529411764,보통,오후(12-17),-0.25881904510252035,-0.9659258262890684
2017-04-27 13:35:00,140,46.8,6.04,0.32142857142857145,보통,오후(12-17),-0.25881904510252035,-0.9659258262890684
2017-04-27 13:40:00,144,45.8,6.25,0.3125,보통,오후(12-17),-0.25881904510252035,-0.9659258262890684
2017-04-27 13:45:00,136,49.1,5.97,0.2647058823529412,보통,오후(12-17),-0.25881904510252035,-0.9659258262890684
2017-04-27 13:50:00,151,43.9,7.43,0.2913907284768212,혼잡,오후(12-17),-0.25881904510252035,-0.9659258262890684
2017-04-27 13:55:00,144,47.0,6.2,0.2777777777777778,보통,오후(12-17),-0.25881904510252035,-0.9659258262890684
2017-04-27 14:00:00,175,46.6,7.1,0.32,혼잡,오후(12-17),-0.5000000000000001,-0.8660254037844386
2017-04-27 14:05:00,173,47.2,7.36,0.2774566473988439,혼잡,오후(12-17),-0.5000000000000001,-0.8660254037844386
2017-04-27 14:10:00,121,46.6,5.29,0.30578512396694213,보통,오후(12-17),-0.5000000000000001,-0.8660254037844386
2017-04-27 14:15:00,138,47.4,5.87,0.2608695652173913,보통,오후(12-17),-0.5000000000000001,-0.8660254037844386
2017-04-27 14:20:00,123,47.5,5.11,0.2764227642276423,보통,오후(12-17),-0.5000000000000001,-0.8660254037844386
2017-04-27 14:25:00,150,47.4,6.22,0.32,보통,오후(12-17),-0.5000000000000001,-0.8660254037844386
2017-04-27 14:30:00,158,47.8,6.67,0.2848101265822785,혼잡,오후(12-17),-0.5000000000000001,-0.8660254037844386
2017-04-27 14:35:00,189,46.2,8.33,0.3333333333333333,혼잡,오후(12-17),-0.5000000000000001,-0.8660254037844386
2017-04-27 14:40:00,163,47.0,7.21,0.3006134969325153,혼잡,오후(12-17),-0.5000000000000001,-0.8660254037844386
2017-04-27 14:45:00,151,48.8,6.11,0.31788079470198677,보통,오후(12-17),-0.5000000000000001,-0.8660254037844386
2017-04-27 14:50:00,154,46.3,6.58,0.2532467532467532,보통,오후(12-17),-0.5000000000000001,-0.8660254037844386
2017-04-27 14:55:00,153,43.3,7.42,0.3137254901960784,혼잡,오후(12-17),-0.5000000000000001,-0.8660254037844386
2017-04-27 15:00:00,140,48.5,5.7,0.2857142857142857,보통,오후(12-17),-0.7071067811865475,-0.7071067811865477
2017-04-27 15:05:00,129,49.7,5.08,0.3023255813953488,보통,오후(12-17),-0.7071067811865475,-0.7071067811865477
2017-04-27 15:10:00,152,48.7,6.23,0.3223684210526316,보통,오후(12-17),-0.7071067811865475,-0.7071067811865477
2017-04-27 15:15:00,160,44.9,7.18,0.29375,혼잡,오후(12-17),-0.7071067811865475,-0.7071067811865477
2017-04-27 15:20:00,178,42.6,9.46,0.2247191011235955,혼잡,오후(12-17),-0.7071067811865475,-0.7071067811865477
2017-04-27 15:25:00,173,45.7,7.27,0.24277456647398843,혼잡,오후(12-17),-0.7071067811865475,-0.7071067811865477
2017-04-27 15:30:00,141,50.6,5.5,0.24113475177304963,보통,오후(12-17),-0.7071067811865475,-0.7071067811865477
2017-04-27 15:35:00,135,46.1,6.09,0.2740740740740741,보통,오후(12-17),-0.7071067811865475,-0.7071067811865477
2017-04-27 15:40:00,136,47.5,5.41,0.21323529411764705,보통,오후(12-17),-0.7071067811865475,-0.7071067811865477
2017-04-27 15:45:00,137,43.4,6.09,0.2116788321167883,보통,오후(12-17),-0.7071067811865475,-0.7071067811865477
2017-04-27 15:50:00,188,46.2,7.89,0.22872340425531915,혼잡,오후(12-17),-0.7071067811865475,-0.7071067811865477
2017-04-27 15:55:00,173,45.3,7.48,0.23121387283236994,혼잡,오후(12-17),-0.7071067811865475,-0.7071067811865477
2017-04-27 16:00:00,181,47.9,7.51,0.2541436464088398,혼잡,오후(12-17),-0.8660254037844385,-0.5000000000000004
2017-04-27 16:05:00,190,43.2,9.87,0.3,혼잡,오후(12-17),-0.8660254037844385,-0.5000000000000004
2017-04-27 16:10:00,142,48.4,6.08,0.30985915492957744,보통,오후(12-17),-0.8660254037844385,-0.5000000000000004
2017-04-27 16:15:00,150,47.3,10.02,0.28,혼잡,오후(12-17),-0.8660254037844385,-0.5000000000000004
2017-04-27 16:20:00,105,48.2,35.81,0.2571428571428571,혼잡,오후(12-17),-0.8660254037844385,-0.5000000000000004
2017-04-27 16:25:00,121,51.3,17.56,0.3305785123966942,혼잡,오후(12-17),-0.8660254037844385,-0.5000000000000004
2017-04-27 16:30:00,166,44.0,19.72,0.29518072289156627,혼잡,오후(12-17),-0.8660254037844385,-0.5000000000000004
2017-04-27 16:35:00,159,48.9,6.94,0.2893081761006289,혼잡,오후(12-17),-0.8660254037844385,-0.5000000000000004
2017-04-27 16:40:00,152,47.5,6.48,0.3092105263157895,보통,오후(12-17),-0.8660254037844385,-0.5000000000000004
2017-04-27 16:45:00,173,49.1,8.13,0.21965317919075145,혼잡,오후(12-17),-0.8660254037844385,-0.5000000000000004
2017-04-27 16:50:00,136,44.8,21.19,0.38235294117647056,혼잡,오후(12-17),-0.8660254037844385,-0.5000000000000004
2017-04-27 16:55:00,154,48.1,12.56,0.2857142857142857,혼잡,오후(12-17),-0.8660254037844385,-0.5000000000000004
2017-04-27 17:00:00,139,48.2,5.98,0.3237410071942446,보통,오후(12-17),-0.9659258262890683,-0.25881904510252063
2017-04-27 17:05:00,170,48.7,6.88,0.24705882352941178,혼잡,오후(12-17),-0.9659258262890683,-0.25881904510252063
2017-04-27 17:10:00,135,43.7,5.69,0.23703703703703705,보통,오후(12-17),-0.9659258262890683,-0.25881904510252063
2017-04-27 17:15:00,138,46.9,5.84,0.2463768115942029,보통,오후(12-17),-0.9659258262890683,-0.25881904510252063
2017-04-27 17:20:00,171,43.6,9.01,0.25146198830409355,혼잡,오후(12-17),-0.9659258262890683,-0.25881904510252063
2017-04-27 17:25:00,163,47.4,6.58,0.2883435582822086,보통,오후(12-17),-0.9659258262890683,-0.25881904510252063
2017-04-27 17:30:00,127,44.4,5.86,0.33070866141732286,보통,오후(12-17),-0.9659258262890683,-0.25881904510252063
2017-04-27 17:35:00,132,47.2,5.66,0.29545454545454547,보통,오후(12-17),-0.9659258262890683,-0.25881904510252063
2017-04-27 17:40:00,184,44.9,8.18,0.2554347826086957,혼잡,오후(12-17),-0.9659258262890683,-0.25881904510252063
2017-04-27 17:45:00,184,46.9,7.89,0.32065217391304346,혼잡,오후(12-17),-0.9659258262890683,-0.25881904510252063
2017-04-27 17:50:00,129,47.0,5.48,0.3023255813953488,보통,오후(12-17),-0.9659258262890683,-0.25881904510252063
2017-04-27 17:55:00,142,43.5,6.47,0.3380281690140845,보통,오후(12-17),-0.9659258262890683,-0.25881904510252063
2017-04-27 18:00:00,184,43.8,7.83,0.2554347826086957,혼잡,저녁(18-23),-1.0,-1.8369701987210297e-16
2017-04-27 18:05:00,195,44.5,8.22,0.2564102564102564,혼잡,저녁(18-23),-1.0,-1.8369701987210297e-16
2017-04-27 18:10:00,192,40.9,8.42,0.28125,혼잡,저녁(18-23),-1.0,-1.8369701987210297e-16
2017-04-27 18:15:00,185,37.5,9.71,0.2810810810810811,혼잡,저녁(18-23),-1.0,-1.8369701987210297e-16
2017-04-27 18:20:00,203,37.3,9.94,0.27586206896551724,혼잡,저녁(18-23),-1.0,-1.8369701987210297e-16
2017-04-27 18:25:00,221,38.1,11.9,0.2669683257918552,혼잡,저녁(18-23),-1.0,-1.8369701987210297e-16
2017-04-27 18:30:00,197,38.9,9.24,0.29441624365482233,혼잡,저녁(18-23),-1.0,-1.8369701987210297e-16
2017-04-27 18:35:00,177,38.9,8.58,0.2824858757062147,혼잡,저녁(18-23),-1.0,-1.8369701987210297e-16
2017-04-27 18:40:00,142,47.0,6.06,0.3028169014084507,보통,저녁(18-23),-1.0,-1.8369701987210297e-16
2017-04-27 18:45:00,175,45.4,7.18,0.26857142857142857,혼잡,저녁(18-23),-1.0,-1.8369701987210297e-16
2017-04-27 18:50:00,183,43.2,8.45,0.33879781420765026,혼잡,저녁(18-23),-1.0,-1.8369701987210297e-16
2017-04-27 18:55:00,137,41.1,6.49,0.291970802919708,보통,저녁(18-23),-1.0,-1.8369701987210297e-16
2017-04-27 19:00:00,122,44.3,5.38,0.29508196721311475,보통,저녁(18-23),-0.9659258262890684,0.2588190451025203
2017-04-27 19:05:00,145,45.9,6.22,0.3103448275862069,보통,저녁(18-23),-0.9659258262890684,0.2588190451025203
2017-04-27 19:10:00,149,44.7,6.57,0.3624161073825503,보통,저녁(18-23),-0.9659258262890684,0.2588190451025203
2017-04-27 19:15:00,153,43.1,7.05,0.2549019607843137,혼잡,저녁(18-23),-0.9659258262890684,0.2588190451025203
2017-04-27 19:20:00,107,44.1,4.79,0.2897196261682243,보통,저녁(18-23),-0.9659258262890684,0.2588190451025203
2017-04-27 19:25:00,143,42.5,6.97,0.16783216783216784,혼잡,저녁(18-23),-0.9659258262890684,0.2588190451025203
2017-04-27 19:30:00,164,43.3,7.95,0.17682926829268292,혼잡,저녁(18-23),-0.9659258262890684,0.2588190451025203
2017-04-27 19:35:00,126,45.6,6.01,0.15079365079365079,보통,저녁(18-23),-0.9659258262890684,0.2588190451025203
2017-04-27 19:40:00,122,42.1,6.68,0.2459016393442623,혼잡,저녁(18-23),-0.9659258262890684,0.2588190451025203
2017-04-27 19:45:00,98,47.0,4.76,0.1836734693877551,보통,저녁(18-23),-0.9659258262890684,0.2588190451025203
2017-04-27 19:50:00,132,44.4,6.35,0.25,보통,저녁(18-23),-0.9659258262890684,0.2588190451025203
2017-04-27 19:55:00,116,49.0,8.55,0.22413793103448276,혼잡,저녁(18-23),-0.9659258262890684,0.2588190451025203
2017-04-27 20:00:00,108,41.8,5.62,0.18518518518518517,보통,저녁(18-23),-0.8660254037844386,0.5000000000000001
2017-04-27 20:05:00,100,49.0,4.73,0.23,보통,저녁(18-23),-0.8660254037844386,0.5000000000000001
2017-04-27 20:10:00,119,46.7,5.96,0.2184873949579832,보통,저녁(18-23),-0.8660254037844386,0.5000000000000001
2017-04-27 20:15:00,134,46.5,6.53,0.1865671641791045,보통,저녁(18-23),-0.8660254037844386,0.5000000000000001
2017-04-27 20:20:00,131,43.1,6.34,0.1984732824427481,보통,저녁(18-23),-0.8660254037844386,0.5000000000000001
2017-04-27 20:25:00,85,45.1,3.99,0.2,보통,저녁(18-23),-0.8660254037844386,0.5000000000000001
2017-04-27 20:30:00,123,46.2,6.71,0.17886178861788618,혼잡,저녁(18-23),-0.8660254037844386,0.5000000000000001
2017-04-27 20:35:00,156,43.3,13.6,0.17307692307692307,혼잡,저녁(18-23),-0.8660254037844386,0.5000000000000001
2017-04-27 20:40:00,97,46.4,4.52,0.20618556701030927,보통,저녁(18-23),-0.8660254037844386,0.5000000000000001
2017-04-27 20:45:00,93,50.6,4.52,0.2903225806451613,보통,저녁(18-23),-0.8660254037844386,0.5000000000000001
2017-04-27 20:50:00,115,44.9,5.88,0.2608695652173913,보통,저녁(18-23),-0.8660254037844386,0.5000000000000001
2017-04-27 20:55:00,121,45.0,6.72,0.19008264462809918,혼잡,저녁(18-23),-0.8660254037844386,0.5000000000000001
2017-04-27 21:00:00,104,49.0,4.97,0.16346153846153846,보통,저녁(18-23),-0.7071067811865477,0.7071067811865474
2017-04-27 21:05:00,100,43.2,4.87,0.19,보통,저녁(18-23),-0.7071067811865477,0.7071067811865474
2017-04-27 21:10:00,96,43.5,5.31,0.2604166666666667,보통,저녁(18-23),-0.7071067811865477,0.7071067811865474
2017-04-27 21:15:00,126,46.1,7.36,0.20634920634920634,혼잡,저녁(18-23),-0.7071067811865477,0.7071067811865474
2017-04-27 21:20:00,125,43.2,6.82,0.168,혼잡,저녁(18-23),-0.7071067811865477,0.7071067811865474
2017-04-27 21:25:00,135,43.0,7.01,0.2,혼잡,저녁(18-23),-0.7071067811865477,0.7071067811865474
2017-04-27 21:30:00,125,42.6,6.59,0.144,보통,저녁(18-23),-0.7071067811865477,0.7071067811865474
2017-04-27 21:35:00,105,43.9,5.38,0.14285714285714285,보통,저녁(18-23),-0.7071067811865477,0.7071067811865474
2017-04-27 21:40:00,91,45.3,4.61,0.1978021978021978,보통,저녁(18-23),-0.7071067811865477,0.7071067811865474
2017-04-27 21:45:00,100,44.8,5.23,0.16,보통,저녁(18-23),-0.7071067811865477,0.7071067811865474
2017-04-27 21:50:00,90,45.3,5.03,0.2,보통,저녁(18-23),-0.7071067811865477,0.7071067811865474
2017-04-27 21:55:00,112,45.1,6.04,0.25892857142857145,보통,저녁(18-23),-0.7071067811865477,0.7071067811865474
2017-04-27 22:00:00,106,43.8,5.61,0.19811320754716982,보통,저녁(18-23),-0.5000000000000004,0.8660254037844384
2017-04-27 22:05:00,103,47.2,5.16,0.2524271844660194,보통,저녁(18-23),-0.5000000000000004,0.8660254037844384
2017-04-27 22:10:00,123,45.3,5.67,0.15447154471544716,보통,저녁(18-23),-0.5000000000000004,0.8660254037844384
2017-04-27 22:15:00,126,43.6,7.89,0.29365079365079366,혼잡,저녁(18-23),-0.5000000000000004,0.8660254037844384
2017-04-27 22:20:00,81,48.1,3.49,0.16049382716049382,원활,저녁(18-23),-0.5000000000000004,0.8660254037844384
2017-04-27 22:25:00,92,48.5,4.85,0.30434782608695654,보통,저녁(18-23),-0.5000000000000004,0.8660254037844384
2017-04-27 22:30:00,53,51.1,3.13,0.24528301886792453,원활,저녁(18-23),-0.5000000000000004,0.8660254037844384
2017-04-27 22:35:00,80,49.4,3.87,0.2625,보통,저녁(18-23),-0.5000000000000004,0.8660254037844384
2017-04-27 22:40:00,66,46.4,3.01,0.24242424242424243,원활,저녁(18-23),-0.5000000000000004,0.8660254037844384
2017-04-27 22:45:00,79,52.3,3.28,0.20253164556962025,원활,저녁(18-23),-0.5000000000000004,0.8660254037844384
2017-04-27 22:50:00,71,51.7,3.45,0.2535211267605634,원활,저녁(18-23),-0.5000000000000004,0.8660254037844384
2017-04-27 22:55:00,76,49.9,3.97,0.25,보통,저녁(18-23),-0.5000000000000004,0.8660254037844384
2017-04-27 23:00:00,76,49.9,3.65,0.2631578947368421,원활,저녁(18-23),-0.2588190451025207,0.9659258262890683
2017-04-27 23:05:00,76,45.1,3.8,0.3026315789473684,보통,저녁(18-23),-0.2588190451025207,0.9659258262890683
2017-04-27 23:10:00,67,48.8,2.87,0.2835820895522388,원활,저녁(18-23),-0.2588190451025207,0.9659258262890683
2017-04-27 23:15:00,81,49.6,3.9,0.19753086419753085,보통,저녁(18-23),-0.2588190451025207,0.9659258262890683
2017-04-27 23:20:00,79,51.0,3.33,0.26582278481012656,원활,저녁(18-23),-0.2588190451025207,0.9659258262890683
2017-04-27 23:25:00,64,49.9,2.94,0.25,원활,저녁(18-23),-0.2588190451025207,0.9659258262890683
2017-04-27 23:30:00,52,52.2,2.21,0.2692307692307692,원활,저녁(18-23),-0.2588190451025207,0.9659258262890683
2017-04-27 23:35:00,56,56.5,2.43,0.23214285714285715,원활,저녁(18-23),-0.2588190451025207,0.9659258262890683
2017-04-27 23:40:00,30,54.8,1.32,0.3,원활,저녁(18-23),-0.2588190451025207,0.9659258262890683
2017-04-27 23:45:00,50,52.4,2.02,0.22,원활,저녁(18-23),-0.2588190451025207,0.9659258262890683
2017-04-27 23:50:00,42,55.4,2.17,0.35714285714285715,원활,저녁(18-23),-0.2588190451025207,0.9659258262890683
2017-04-27 23:55:00,39,54.4,1.51,0.2564102564102564,원활,저녁(18-23),-0.2588190451025207,0.9659258262890683
2017-04-28 00:00:00,45,56.6,1.85,0.28888888888888886,원활,새벽(0-5),0.0,1.0
2017-04-28 00:05:00,37,64.1,1.7,0.32432432432432434,원활,새벽(0-5),0.0,1.0
2017-04-28 00:10:00,46,59.8,1.71,0.2826086956521739,원활,새벽(0-5),0.0,1.0
2017-04-28 00:15:00,30,52.6,1.18,0.26666666666666666,원활,새벽(0-5),0.0,1.0
2017-04-28 00:20:00,28,49.0,1.29,0.32142857142857145,원활,새벽(0-5),0.0,1.0
2017-04-28 00:25:00,32,57.7,1.15,0.28125,원활,새벽(0-5),0.0,1.0
2017-04-28 00:30:00,39,57.5,1.59,0.3076923076923077,원활,새벽(0-5),0.0,1.0
2017-04-28 00:35:00,36,60.3,1.39,0.4166666666666667,원활,새벽(0-5),0.0,1.0
2017-04-28 00:40:00,46,54.6,1.9,0.32608695652173914,원활,새벽(0-5),0.0,1.0
2017-04-28 00:45:00,30,63.2,1.15,0.3333333333333333,원활,새벽(0-5),0.0,1.0
2017-04-28 00:50:00,19,52.5,0.99,0.3157894736842105,원활,새벽(0-5),0.0,1.0
2017-04-28 00:55:00,35,58.9,1.37,0.3142857142857143,원활,새벽(0-5),0.0,1.0
2017-04-28 01:00:00,24,54.1,0.95,0.25,원활,새벽(0-5),0.25881904510252074,0.9659258262890683
2017-04-28 01:05:00,27,52.7,1.19,0.18518518518518517,원활,새벽(0-5),0.25881904510252074,0.9659258262890683
2017-04-28 01:10:00,25,60.5,0.92,0.44,원활,새벽(0-5),0.25881904510252074,0.9659258262890683
2017-04-28 01:15:00,26,59.3,0.97,0.34615384615384615,원활,새벽(0-5),0.25881904510252074,0.9659258262890683
2017-04-28 01:20:00,27,70.3,1.09,0.3333333333333333,원활,새벽(0-5),0.25881904510252074,0.9659258262890683
2017-04-28 01:25:00,26,52.4,1.03,0.34615384615384615,원활,새벽(0-5),0.25881904510252074,0.9659258262890683
2017-04-28 01:30:00,26,54.7,1.06,0.2692307692307692,원활,새벽(0-5),0.25881904510252074,0.9659258262890683
2017-04-28 01:35:00,18,63.9,0.82,0.5555555555555556,원활,새벽(0-5),0.25881904510252074,0.9659258262890683
2017-04-28 01:40:00,30,63.4,1.13,0.43333333333333335,원활,새벽(0-5),0.25881904510252074,0.9659258262890683
2017-04-28 01:45:00,15,52.2,0.67,0.26666666666666666,원활,새벽(0-5),0.25881904510252074,0.9659258262890683
2017-04-28 01:50:00,18,46.5,0.94,0.3333333333333333,원활,새벽(0-5),0.25881904510252074,0.9659258262890683
2017-04-28 01:55:00,10,53.8,0.36,0.2,원활,새벽(0-5),0.25881904510252074,0.9659258262890683
2017-04-28 02:00:00,13,52.0,0.68,0.23076923076923078,원활,새벽(0-5),0.49999999999999994,0.8660254037844387
2017-04-28 02:05:00,27,67.5,1.04,0.48148148148148145,원활,새벽(0-5),0.49999999999999994,0.8660254037844387
2017-04-28 02:10:00,15,69.9,0.64,0.26666666666666666,원활,새벽(0-5),0.49999999999999994,0.8660254037844387
2017-04-28 02:15:00,13,62.9,0.5,0.5384615384615384,원활,새벽(0-5),0.49999999999999994,0.8660254037844387
2017-04-28 02:20:00,17,65.9,0.75,0.47058823529411764,원활,새벽(0-5),0.49999999999999994,0.8660254037844387
2017-04-28 02:25:00,19,60.9,0.82,0.2631578947368421,원활,새벽(0-5),0.49999999999999994,0.8660254037844387
2017-04-28 02:30:00,16,52.0,0.72,0.25,원활,새벽(0-5),0.49999999999999994,0.8660254037844387
2017-04-28 02:35:00,16,58.6,0.69,0.3125,원활,새벽(0-5),0.49999999999999994,0.8660254037844387
2017-04-28 02:40:00,19,58.0,3.73,0.47368421052631576,보통,새벽(0-5),0.49999999999999994,0.8660254037844387
2017-04-28 02:45:00,18,60.3,0.64,0.3888888888888889,원활,새벽(0-5),0.49999999999999994,0.8660254037844387
2017-04-28 02:50:00,9,64.8,0.34,0.6666666666666666,원활,새벽(0-5),0.49999999999999994,0.8660254037844387
2017-04-28 02:55:00,15,65.6,0.74,0.26666666666666666,원활,새벽(0-5),0.49999999999999994,0.8660254037844387
2017-04-28 03:00:00,12,62.0,0.5,0.4166666666666667,원활,새벽(0-5),0.7071067811865476,0.7071067811865476
2017-04-28 03:05:00,22,57.0,0.88,0.2727272727272727,원활,새벽(0-5),0.7071067811865476,0.7071067811865476
2017-04-28 03:10:00,15,58.9,11.89,0.3333333333333333,혼잡,새벽(0-5),0.7071067811865476,0.7071067811865476
2017-04-28 03:15:00,14,55.1,5.26,0.21428571428571427,보통,새벽(0-5),0.7071067811865476,0.7071067811865476
2017-04-28 03:20:00,12,57.0,0.54,0.08333333333333333,원활,새벽(0-5),0.7071067811865476,0.7071067811865476
2017-04-28 03:25:00,9,69.1,0.37,0.4444444444444444,원활,새벽(0-5),0.7071067811865476,0.7071067811865476
2017-04-28 03:30:00,21,53.2,0.83,0.42857142857142855,원활,새벽(0-5),0.7071067811865476,0.7071067811865476
2017-04-28 03:35:00,15,66.1,0.61,0.3333333333333333,원활,새벽(0-5),0.7071067811865476,0.7071067811865476
2017-04-28 03:40:00,10,62.6,0.38,0.1,원활,새벽(0-5),0.7071067811865476,0.7071067811865476
2017-04-28 03:45:00,17,58.1,0.66,0.35294117647058826,원활,새벽(0-5),0.7071067811865476,0.7071067811865476
2017-04-28 03:50:00,21,59.1,1.0,0.38095238095238093,원활,새벽(0-5),0.7071067811865476,0.7071067811865476
2017-04-28 03:55:00,16,50.4,0.8,0.375,원활,새벽(0-5),0.7071067811865476,0.7071067811865476
2017-04-28 04:00:00,11,60.6,0.41,0.36363636363636365,원활,새벽(0-5),0.8660254037844386,0.5000000000000001
2017-04-28 04:05:00,11,51.8,0.59,0.2727272727272727,원활,새벽(0-5),0.8660254037844386,0.5000000000000001
2017-04-28 04:10:00,17,53.2,0.83,0.4117647058823529,원활,새벽(0-5),0.8660254037844386,0.5000000000000001
2017-04-28 04:15:00,10,56.3,0.58,0.3,원활,새벽(0-5),0.8660254037844386,0.5000000000000001
2017-04-28 04:20:00,22,59.6,0.79,0.18181818181818182,원활,새벽(0-5),0.8660254037844386,0.5000000000000001
2017-04-28 04:25:00,11,65.8,0.47,0.45454545454545453,원활,새벽(0-5),0.8660254037844386,0.5000000000000001
2017-04-28 04:30:00,20,55.1,0.89,0.35,원활,새벽(0-5),0.8660254037844386,0.5000000000000001
2017-04-28 04:35:00,21,49.9,0.83,0.3333333333333333,원활,새벽(0-5),0.8660254037844386,0.5000000000000001
2017-04-28 04:40:00,25,51.3,1.25,0.32,원활,새벽(0-5),0.8660254037844386,0.5000000000000001
2017-04-28 04:45:00,26,55.2,1.05,0.4230769230769231,원활,새벽(0-5),0.8660254037844386,0.5000000000000001
2017-04-28 04:50:00,18,56.8,0.75,0.2222222222222222,원활,새벽(0-5),0.8660254037844386,0.5000000000000001
2017-04-28 04:55:00,18,49.8,0.97,0.3888888888888889,원활,새벽(0-5),0.8660254037844386,0.5000000000000001
2017-04-28 05:00:00,31,54.9,1.3,0.22580645161290322,원활,새벽(0-5),0.9659258262890683,0.25881904510252074
2017-04-28 05:05:00,25,55.1,1.14,0.24,원활,새벽(0-5),0.9659258262890683,0.25881904510252074
2017-04-28 05:10:00,34,61.5,1.5,0.4117647058823529,원활,새벽(0-5),0.9659258262890683,0.25881904510252074
2017-04-28 05:15:00,40,55.6,1.8,0.3,원활,새벽(0-5),0.9659258262890683,0.25881904510252074
2017-04-28 05:20:00,52,52.0,2.43,0.23076923076923078,원활,새벽(0-5),0.9659258262890683,0.25881904510252074
2017-04-28 05:25:00,57,62.1,2.58,0.3508771929824561,원활,새벽(0-5),0.9659258262890683,0.25881904510252074
2017-04-28 05:30:00,42,59.2,1.8,0.4523809523809524,원활,새벽(0-5),0.9659258262890683,0.25881904510252074
2017-04-28 05:35:00,66,63.2,2.06,0.30303030303030304,원활,새벽(0-5),0.9659258262890683,0.25881904510252074
2017-04-28 05:40:00,57,63.4,2.13,0.3333333333333333,원활,새벽(0-5),0.9659258262890683,0.25881904510252074
2017-04-28 05:45:00,53,67.4,1.94,0.41509433962264153,원활,새벽(0-5),0.9659258262890683,0.25881904510252074
2017-04-28 05:50:00,62,61.1,1.85,0.3387096774193548,원활,새벽(0-5),0.9659258262890683,0.25881904510252074
2017-04-28 05:55:00,77,57.4,2.73,0.4025974025974026,원활,새벽(0-5),0.9659258262890683,0.25881904510252074
2017-04-28 06:00:00,78,58.6,3.21,0.41025641025641024,원활,오전(6-11),1.0,6.123233995736766e-17
2017-04-28 06:05:00,84,58.8,2.74,0.2976190476190476,원활,오전(6-11),1.0,6.123233995736766e-17
2017-04-28 06:10:00,74,56.8,2.63,0.32432432432432434,원활,오전(6-11),1.0,6.123233995736766e-17
2017-04-28 06:15:00,74,53.7,3.16,0.33783783783783783,원활,오전(6-11),1.0,6.123233995736766e-17
2017-04-28 06:20:00,117,59.9,3.88,0.3418803418803419,보통,오전(6-11),1.0,6.123233995736766e-17
2017-04-28 06:25:00,114,55.4,4.41,0.43859649122807015,보통,오전(6-11),1.0,6.123233995736766e-17
2017-04-28 06:30:00,113,61.9,4.35,0.3274336283185841,보통,오전(6-11),1.0,6.123233995736766e-17
2017-04-28 06:35:00,115,54.8,4.05,0.3565217391304348,보통,오전(6-11),1.0,6.123233995736766e-17
2017-04-28 06:40:00,147,54.8,5.62,0.42857142857142855,보통,오전(6-11),1.0,6.123233995736766e-17
2017-04-28 06:45:00,119,59.2,4.79,0.3445378151260504,보통,오전(6-11),1.0,6.123233995736766e-17
2017-04-28 06:50:00,125,56.6,4.19,0.36,보통,오전(6-11),1.0,6.123233995736766e-17
2017-04-28 06:55:00,127,53.6,5.22,0.31496062992125984,보통,오전(6-11),1.0,6.123233995736766e-17
2017-04-28 07:00:00,111,52.9,4.72,0.34234234234234234,보통,오전(6-11),0.9659258262890683,-0.25881904510252085
2017-04-28 07:05:00,167,53.0,5.97,0.3532934131736527,보통,오전(6-11),0.9659258262890683,-0.25881904510252085
2017-04-28 07:10:00,172,51.6,6.84,0.3430232558139535,혼잡,오전(6-11),0.9659258262890683,-0.25881904510252085
2017-04-28 07:15:00,182,46.2,9.89,0.3021978021978022,혼잡,오전(6-11),0.9659258262890683,-0.25881904510252085
2017-04-28 07:20:00,220,44.6,10.21,0.3409090909090909,혼잡,오전(6-11),0.9659258262890683,-0.25881904510252085
2017-04-28 07:25:00,207,40.9,12.59,0.28019323671497587,혼잡,오전(6-11),0.9659258262890683,-0.25881904510252085
2017-04-28 07:30:00,256,40.2,14.92,0.3125,혼잡,오전(6-11),0.9659258262890683,-0.25881904510252085
2017-04-28 07:35:00,291,37.2,17.32,0.2611683848797251,혼잡,오전(6-11),0.9659258262890683,-0.25881904510252085
2017-04-28 07:40:00,202,38.4,15.73,0.2376237623762376,혼잡,오전(6-11),0.9659258262890683,-0.25881904510252085
2017-04-28 07:45:00,282,40.7,15.4,0.26595744680851063,혼잡,오전(6-11),0.9659258262890683,-0.25881904510252085
2017-04-28 07:50:00,170,43.2,7.57,0.29411764705882354,혼잡,오전(6-11),0.9659258262890683,-0.25881904510252085
2017-04-28 07:55:00,314,42.6,17.16,0.28343949044585987,혼잡,오전(6-11),0.9659258262890683,-0.25881904510252085
2017-04-28 08:00:00,208,38.6,15.1,0.23076923076923078,혼잡,오전(6-11),0.8660254037844387,-0.4999999999999998
2017-04-28 08:05:00,245,39.9,14.74,0.24897959183673468,혼잡,오전(6-11),0.8660254037844387,-0.4999999999999998
2017-04-28 08:10:00,273,38.1,15.94,0.2783882783882784,혼잡,오전(6-11),0.8660254037844387,-0.4999999999999998
2017-04-28 08:15:00,177,43.2,7.96,0.2598870056497175,혼잡,오전(6-11),0.8660254037844387,-0.4999999999999998
2017-04-28 08:20:00,181,35.2,32.45,0.19889502762430938,혼잡,오전(6-11),0.8660254037844387,-0.4999999999999998
2017-04-28 08:25:00,259,35.5,14.67,0.25868725868725867,혼잡,오전(6-11),0.8660254037844387,-0.4999999999999998
2017-04-28 08:30:00,222,35.7,13.36,0.1891891891891892,혼잡,오전(6-11),0.8660254037844387,-0.4999999999999998
2017-04-28 08:35:00,238,39.0,14.4,0.23109243697478993,혼잡,오전(6-11),0.8660254037844387,-0.4999999999999998
2017-04-28 08:40:00,242,43.5,10.48,0.24793388429752067,혼잡,오전(6-11),0.8660254037844387,-0.4999999999999998
2017-04-28 08:45:00,169,42.9,7.92,0.20118343195266272,혼잡,오전(6-11),0.8660254037844387,-0.4999999999999998
2017-04-28 08:50:00,142,45.4,7.76,0.2535211267605634,혼잡,오전(6-11),0.8660254037844387,-0.4999999999999998
2017-04-28 08:55:00,204,47.5,8.5,0.23529411764705882,혼잡,오전(6-11),0.8660254037844387,-0.4999999999999998
2017-04-28 09:00:00,171,48.1,10.09,0.24561403508771928,혼잡,오전(6-11),0.7071067811865476,-0.7071067811865475
2017-04-28 09:05:00,159,50.0,6.03,0.24528301886792453,보통,오전(6-11),0.7071067811865476,-0.7071067811865475
2017-04-28 09:10:00,126,48.4,6.1,0.23809523809523808,보통,오전(6-11),0.7071067811865476,-0.7071067811865475
2017-04-28 09:15:00,192,49.5,8.45,0.265625,혼잡,오전(6-11),0.7071067811865476,-0.7071067811865475
2017-04-28 09:20:00,206,49.5,11.72,0.33495145631067963,혼잡,오전(6-11),0.7071067811865476,-0.7071067811865475
2017-04-28 09:25:00,150,40.8,11.16,0.2,혼잡,오전(6-11),0.7071067811865476,-0.7071067811865475
2017-04-28 09:30:00,189,48.0,9.74,0.30687830687830686,혼잡,오전(6-11),0.7071067811865476,-0.7071067811865475
2017-04-28 09:35:00,129,48.1,9.66,0.34108527131782945,혼잡,오전(6-11),0.7071067811865476,-0.7071067811865475
2017-04-28 09:40:00,189,47.7,7.69,0.3544973544973545,혼잡,오전(6-11),0.7071067811865476,-0.7071067811865475
2017-04-28 09:45:00,152,49.0,7.9,0.3092105263157895,혼잡,오전(6-11),0.7071067811865476,-0.7071067811865475
2017-04-28 09:50:00,159,49.4,7.24,0.3522012578616352,혼잡,오전(6-11),0.7071067811865476,-0.7071067811865475
2017-04-28 09:55:00,194,48.8,8.72,0.30927835051546393,혼잡,오전(6-11),0.7071067811865476,-0.7071067811865475
2017-04-28 10:00:00,163,46.7,10.68,0.3312883435582822,혼잡,오전(6-11),0.49999999999999994,-0.8660254037844387
2017-04-28 10:05:00,164,47.7,8.94,0.40853658536585363,혼잡,오전(6-11),0.49999999999999994,-0.8660254037844387
2017-04-28 10:10:00,111,47.1,10.61,0.32432432432432434,혼잡,오전(6-11),0.49999999999999994,-0.8660254037844387
2017-04-28 10:15:00,164,45.6,10.18,0.42073170731707316,혼잡,오전(6-11),0.49999999999999994,-0.8660254037844387
2017-04-28 10:20:00,78,52.6,6.31,0.3974358974358974,보통,오전(6-11),0.49999999999999994,-0.8660254037844387
2017-04-28 10:25:00,135,53.3,6.33,0.362962962962963,보통,오전(6-11),0.49999999999999994,-0.8660254037844387
2017-04-28 10:30:00,144,49.8,8.89,0.4583333333333333,혼잡,오전(6-11),0.49999999999999994,-0.8660254037844387
2017-04-28 10:35:00,158,50.5,10.32,0.3291139240506329,혼잡,오전(6-11),0.49999999999999994,-0.8660254037844387
2017-04-28 10:40:00,130,52.3,5.54,0.36153846153846153,보통,오전(6-11),0.49999999999999994,-0.8660254037844387
2017-04-28 10:45:00,141,47.3,8.08,0.3475177304964539,혼잡,오전(6-11),0.49999999999999994,-0.8660254037844387
2017-04-28 10:50:00,143,52.7,5.87,0.34965034965034963,보통,오전(6-11),0.49999999999999994,-0.8660254037844387
2017-04-28 10:55:00,103,52.4,5.09,0.32038834951456313,보통,오전(6-11),0.49999999999999994,-0.8660254037844387
2017-04-28 11:00:00,162,45.9,10.47,0.3765432098765432,혼잡,오전(6-11),0.258819045102521,-0.9659258262890682
2017-04-28 11:05:00,113,51.1,5.72,0.2831858407079646,보통,오전(6-11),0.258819045102521,-0.9659258262890682
2017-04-28 11:10:00,141,47.7,6.21,0.3900709219858156,보통,오전(6-11),0.258819045102521,-0.9659258262890682
2017-04-28 11:15:00,145,48.7,6.18,0.33793103448275863,보통,오전(6-11),0.258819045102521,-0.9659258262890682
2017-04-28 11:20:00,135,50.8,6.16,0.362962962962963,보통,오전(6-11),0.258819045102521,-0.9659258262890682
2017-04-28 11:25:00,161,49.4,6.87,0.2670807453416149,혼잡,오전(6-11),0.258819045102521,-0.9659258262890682
2017-04-28 11:30:00,127,44.8,8.45,0.3464566929133858,혼잡,오전(6-11),0.258819045102521,-0.9659258262890682
2017-04-28 11:35:00,185,48.6,8.78,0.32432432432432434,혼잡,오전(6-11),0.258819045102521,-0.9659258262890682
2017-04-28 11:40:00,152,46.4,10.73,0.2631578947368421,혼잡,오전(6-11),0.258819045102521,-0.9659258262890682
2017-04-28 11:45:00,165,45.5,10.31,0.36363636363636365,혼잡,오전(6-11),0.258819045102521,-0.9659258262890682
2017-04-28 11:50:00,172,42.0,16.69,0.32558139534883723,혼잡,오전(6-11),0.258819045102521,-0.9659258262890682
2017-04-28 11:55:00,158,45.0,9.78,0.31645569620253167,혼잡,오전(6-11),0.258819045102521,-0.9659258262890682
2017-04-28 12:00:00,169,47.3,10.57,0.28994082840236685,혼잡,오후(12-17),1.2246467991473532e-16,-1.0
2017-04-28 12:05:00,173,50.0,9.07,0.35260115606936415,혼잡,오후(12-17),1.2246467991473532e-16,-1.0
2017-04-28 12:10:00,145,48.1,8.51,0.2827586206896552,혼잡,오후(12-17),1.2246467991473532e-16,-1.0
2017-04-28 12:15:00,112,48.4,5.56,0.33035714285714285,보통,오후(12-17),1.2246467991473532e-16,-1.0
2017-04-28 12:20:00,141,47.9,5.99,0.3404255319148936,보통,오후(12-17),1.2246467991473532e-16,-1.0
2017-04-28 12:25:00,137,49.7,5.52,0.29927007299270075,보통,오후(12-17),1.2246467991473532e-16,-1.0
2017-04-28 12:30:00,142,48.1,7.04,0.323943661971831,혼잡,오후(12-17),1.2246467991473532e-16,-1.0
2017-04-28 12:35:00,125,49.2,4.66,0.312,보통,오후(12-17),1.2246467991473532e-16,-1.0
2017-04-28 12:40:00,174,49.0,7.3,0.3333333333333333,혼잡,오후(12-17),1.2246467991473532e-16,-1.0
2017-04-28 12:45:00,130,48.2,6.3,0.3076923076923077,보통,오후(12-17),1.2246467991473532e-16,-1.0
2017-04-28 12:50:00,135,50.6,5.32,0.3037037037037037,보통,오후(12-17),1.2246467991473532e-16,-1.0
2017-04-28 12:55:00,170,51.1,6.65,0.3588235294117647,보통,오후(12-17),1.2246467991473532e-16,-1.0
2017-04-28 13:00:00,105,49.7,4.81,0.34285714285714286,보통,오후(12-17),-0.25881904510252035,-0.9659258262890684
2017-04-28 13:05:00,180,47.3,6.94,0.2777777777777778,혼잡,오후(12-17),-0.25881904510252035,-0.9659258262890684
2017-04-28 13:10:00,150,51.6,6.55,0.28,보통,오후(12-17),-0.25881904510252035,-0.9659258262890684
2017-04-28 13:15:00,159,47.8,6.96,0.3522012578616352,혼잡,오후(12-17),-0.25881904510252035,-0.9659258262890684
2017-04-28 13:20:00,155,47.4,6.88,0.34838709677419355,혼잡,오후(12-17),-0.25881904510252035,-0.9659258262890684
2017-04-28 13:25:00,154,43.2,8.09,0.2792207792207792,혼잡,오후(12-17),-0.25881904510252035,-0.9659258262890684
2017-04-28 13:30:00,184,45.3,7.49,0.2826086956521739,혼잡,오후(12-17),-0.25881904510252035,-0.9659258262890684
2017-04-28 13:35:00,94,43.8,4.93,0.2978723404255319,보통,오후(12-17),-0.25881904510252035,-0.9659258262890684
2017-04-28 13:40:00,201,46.3,8.27,0.3283582089552239,혼잡,오후(12-17),-0.25881904510252035,-0.9659258262890684
2017-04-28 13:45:00,163,51.6,6.83,0.3067484662576687,혼잡,오후(12-17),-0.25881904510252035,-0.9659258262890684
2017-04-28 13:50:00,159,47.8,7.09,0.2578616352201258,혼잡,오후(12-17),-0.25881904510252035,-0.9659258262890684
2017-04-28 13:55:00,175,48.7,6.54,0.2742857142857143,보통,오후(12-17),-0.25881904510252035,-0.9659258262890684
2017-04-28 14:00:00,167,46.0,8.11,0.2634730538922156,혼잡,오후(12-17),-0.5000000000000001,-0.8660254037844386
2017-04-28 14:05:00,171,46.4,6.61,0.30994152046783624,보통,오후(12-17),-0.5000000000000001,-0.8660254037844386
2017-04-28 14:10:00,126,47.8,5.83,0.2777777777777778,보통,오후(12-17),-0.5000000000000001,-0.8660254037844386
2017-04-28 14:15:00,145,45.7,6.87,0.2413793103448276,혼잡,오후(12-17),-0.5000000000000001,-0.8660254037844386
2017-04-28 14:20:00,181,45.4,7.74,0.26519337016574585,혼잡,오후(12-17),-0.5000000000000001,-0.8660254037844386
2017-04-28 14:25:00,135,47.3,6.56,0.3111111111111111,보통,오후(12-17),-0.5000000000000001,-0.8660254037844386
2017-04-28 14:30:00,187,47.8,7.08,0.28342245989304815,혼잡,오후(12-17),-0.5000000000000001,-0.8660254037844386
2017-04-28 14:35:00,181,45.7,8.85,0.36464088397790057,혼잡,오후(12-17),-0.5000000000000001,-0.8660254037844386
2017-04-28 14:40:00,189,47.0,7.21,0.31746031746031744,혼잡,오후(12-17),-0.5000000000000001,-0.8660254037844386
2017-04-28 14:45:00,165,46.3,8.43,0.3333333333333333,혼잡,오후(12-17),-0.5000000000000001,-0.8660254037844386
2017-04-28 14:50:00,132,46.7,5.72,0.2878787878787879,보통,오후(12-17),-0.5000000000000001,-0.8660254037844386
2017-04-28 14:55:00,216,42.4,10.57,0.3333333333333333,혼잡,오후(12-17),-0.5000000000000001,-0.8660254037844386
2017-04-28 15:00:00,135,43.1,7.48,0.2814814814814815,혼잡,오후(12-17),-0.7071067811865475,-0.7071067811865477
2017-04-28 15:05:00,168,46.3,6.58,0.2916666666666667,보통,오후(12-17),-0.7071067811865475,-0.7071067811865477
2017-04-28 15:10:00,180,46.0,8.5,0.2777777777777778,혼잡,오후(12-17),-0.7071067811865475,-0.7071067811865477
2017-04-28 15:15:00,168,44.3,6.88,0.30357142857142855,혼잡,오후(12-17),-0.7071067811865475,-0.7071067811865477
2017-04-28 15:20:00,159,48.4,7.16,0.29559748427672955,혼잡,오후(12-17),-0.7071067811865475,-0.7071067811865477
2017-04-28 15:25:00,143,49.3,5.63,0.2727272727272727,보통,오후(12-17),-0.7071067811865475,-0.7071067811865477
2017-04-28 15:30:00,129,49.6,5.9,0.27906976744186046,보통,오후(12-17),-0.7071067811865475,-0.7071067811865477
2017-04-28 15:35:00,149,48.7,6.14,0.28187919463087246,보통,오후(12-17),-0.7071067811865475,-0.7071067811865477
2017-04-28 15:40:00,169,46.8,6.38,0.3609467455621302,보통,오후(12-17),-0.7071067811865475,-0.7071067811865477
2017-04-28 15:45:00,151,48.3,7.04,0.2913907284768212,혼잡,오후(12-17),-0.7071067811865475,-0.7071067811865477
2017-04-28 15:50:00,164,45.4,6.11,0.22560975609756098,보통,오후(12-17),-0.7071067811865475,-0.7071067811865477
2017-04-28 15:55:00,183,47.5,7.62,0.24043715846994534,혼잡,오후(12-17),-0.7071067811865475,-0.7071067811865477
2017-04-28 16:00:00,197,45.1,9.46,0.2893401015228426,혼잡,오후(12-17),-0.8660254037844385,-0.5000000000000004
2017-04-28 16:05:00,175,46.1,7.28,0.24,혼잡,오후(12-17),-0.8660254037844385,-0.5000000000000004
2017-04-28 16:10:00,135,43.3,6.82,0.31851851851851853,혼잡,오후(12-17),-0.8660254037844385,-0.5000000000000004
2017-04-28 16:15:00,231,43.0,10.35,0.29004329004329005,혼잡,오후(12-17),-0.8660254037844385,-0.5000000000000004
2017-04-28 16:20:00,154,45.2,7.16,0.2532467532467532,혼잡,오후(12-17),-0.8660254037844385,-0.5000000000000004
2017-04-28 16:25:00,150,49.8,6.87,0.26666666666666666,혼잡,오후(12-17),-0.8660254037844385,-0.5000000000000004
2017-04-28 16:30:00,167,46.6,6.22,0.23353293413173654,보통,오후(12-17),-0.8660254037844385,-0.5000000000000004
2017-04-28 16:35:00,161,47.9,7.93,0.30434782608695654,혼잡,오후(12-17),-0.8660254037844385,-0.5000000000000004
2017-04-28 16:40:00,170,45.3,6.55,0.2529411764705882,보통,오후(12-17),-0.8660254037844385,-0.5000000000000004
2017-04-28 16:45:00,132,48.9,6.05,0.3484848484848485,보통,오후(12-17),-0.8660254037844385,-0.5000000000000004
2017-04-28 16:50:00,163,50.3,6.02,0.26380368098159507,보통,오후(12-17),-0.8660254037844385,-0.5000000000000004
2017-04-28 16:55:00,143,48.0,6.04,0.23776223776223776,보통,오후(12-17),-0.8660254037844385,-0.5000000000000004
2017-04-28 17:00:00,127,51.2,5.6,0.33070866141732286,보통,오후(12-17),-0.9659258262890683,-0.25881904510252063
2017-04-28 17:05:00,195,44.9,7.75,0.31794871794871793,혼잡,오후(12-17),-0.9659258262890683,-0.25881904510252063
2017-04-28 17:10:00,119,43.4,6.06,0.3697478991596639,보통,오후(12-17),-0.9659258262890683,-0.25881904510252063
2017-04-28 17:15:00,185,44.7,7.76,0.2648648648648649,혼잡,오후(12-17),-0.9659258262890683,-0.25881904510252063
2017-04-28 17:20:00,168,48.5,7.95,0.31547619047619047,혼잡,오후(12-17),-0.9659258262890683,-0.25881904510252063
2017-04-28 17:25:00,163,46.7,6.64,0.17791411042944785,보통,오후(12-17),-0.9659258262890683,-0.25881904510252063
2017-04-28 17:30:00,168,47.0,6.76,0.2857142857142857,혼잡,오후(12-17),-0.9659258262890683,-0.25881904510252063
2017-04-28 17:35:00,127,47.0,5.88,0.28346456692913385,보통,오후(12-17),-0.9659258262890683,-0.25881904510252063
2017-04-28 17:40:00,196,44.3,8.03,0.30612244897959184,혼잡,오후(12-17),-0.9659258262890683,-0.25881904510252063
2017-04-28 17:45:00,142,51.0,6.26,0.23943661971830985,보통,오후(12-17),-0.9659258262890683,-0.25881904510252063
2017-04-28 17:50:00,203,39.9,9.04,0.2660098522167488,혼잡,오후(12-17),-0.9659258262890683,-0.25881904510252063
2017-04-28 17:55:00,151,40.0,7.52,0.19205298013245034,혼잡,오후(12-17),-0.9659258262890683,-0.25881904510252063
2017-04-28 18:00:00,194,39.5,10.56,0.2422680412371134,혼잡,저녁(18-23),-1.0,-1.8369701987210297e-16
2017-04-28 18:05:00,227,41.7,9.5,0.24669603524229075,혼잡,저녁(18-23),-1.0,-1.8369701987210297e-16
2017-04-28 18:10:00,197,31.3,28.61,0.233502538071066,혼잡,저녁(18-23),-1.0,-1.8369701987210297e-16
2017-04-28 18:15:00,161,29.4,25.71,0.22981366459627328,혼잡,저녁(18-23),-1.0,-1.8369701987210297e-16
2017-04-28 18:20:00,235,25.5,31.77,0.28936170212765955,혼잡,저녁(18-23),-1.0,-1.8369701987210297e-16
2017-04-28 18:25:00,225,26.4,42.53,0.19111111111111112,혼잡,저녁(18-23),-1.0,-1.8369701987210297e-16
2017-04-28 18:30:00,169,28.6,46.16,0.24260355029585798,혼잡,저녁(18-23),-1.0,-1.8369701987210297e-16
2017-04-28 18:35:00,188,28.0,23.77,0.2393617021276596,혼잡,저녁(18-23),-1.0,-1.8369701987210297e-16
2017-04-28 18:40:00,219,34.2,21.32,0.2602739726027397,혼잡,저녁(18-23),-1.0,-1.8369701987210297e-16
2017-04-28 18:45:00,195,42.3,9.33,0.24102564102564103,혼잡,저녁(18-23),-1.0,-1.8369701987210297e-16
2017-04-28 18:50:00,182,35.3,17.13,0.2857142857142857,혼잡,저녁(18-23),-1.0,-1.8369701987210297e-16
2017-04-28 18:55:00,167,40.5,7.64,0.32934131736526945,혼잡,저녁(18-23),-1.0,-1.8369701987210297e-16
2017-04-28 19:00:00,145,39.5,7.96,0.30344827586206896,혼잡,저녁(18-23),-0.9659258262890684,0.2588190451025203
2017-04-28 19:05:00,145,47.8,6.7,0.25517241379310346,혼잡,저녁(18-23),-0.9659258262890684,0.2588190451025203
2017-04-28 19:10:00,212,45.3,8.06,0.3490566037735849,혼잡,저녁(18-23),-0.9659258262890684,0.2588190451025203
2017-04-28 19:15:00,159,42.3,7.4,0.3018867924528302,혼잡,저녁(18-23),-0.9659258262890684,0.2588190451025203
2017-04-28 19:20:00,91,45.4,4.43,0.27472527472527475,보통,저녁(18-23),-0.9659258262890684,0.2588190451025203
2017-04-28 19:25:00,146,45.2,6.15,0.2328767123287671,보통,저녁(18-23),-0.9659258262890684,0.2588190451025203
2017-04-28 19:30:00,178,42.5,8.7,0.17415730337078653,혼잡,저녁(18-23),-0.9659258262890684,0.2588190451025203
2017-04-28 19:35:00,109,44.9,6.39,0.2018348623853211,보통,저녁(18-23),-0.9659258262890684,0.2588190451025203
2017-04-28 19:40:00,133,41.5,6.71,0.19548872180451127,혼잡,저녁(18-23),-0.9659258262890684,0.2588190451025203
2017-04-28 19:45:00,131,46.1,6.17,0.2748091603053435,보통,저녁(18-23),-0.9659258262890684,0.2588190451025203
2017-04-28 19:50:00,157,41.3,10.11,0.21656050955414013,혼잡,저녁(18-23),-0.9659258262890684,0.2588190451025203
2017-04-28 19:55:00,106,44.8,5.63,0.16037735849056603,보통,저녁(18-23),-0.9659258262890684,0.2588190451025203
2017-04-28 20:00:00,149,42.5,6.65,0.2080536912751678,보통,저녁(18-23),-0.8660254037844386,0.5000000000000001
2017-04-28 20:05:00,104,48.5,5.57,0.17307692307692307,보통,저녁(18-23),-0.8660254037844386,0.5000000000000001
2017-04-28 20:10:00,135,45.3,6.84,0.22962962962962963,혼잡,저녁(18-23),-0.8660254037844386,0.5000000000000001
2017-04-28 20:15:00,134,42.9,6.09,0.23134328358208955,보통,저녁(18-23),-0.8660254037844386,0.5000000000000001
2017-04-28 20:20:00,121,47.0,5.91,0.24793388429752067,보통,저녁(18-23),-0.8660254037844386,0.5000000000000001
2017-04-28 20:25:00,95,45.7,4.69,0.21052631578947367,보통,저녁(18-23),-0.8660254037844386,0.5000000000000001
2017-04-28 20:30:00,132,46.5,5.53,0.20454545454545456,보통,저녁(18-23),-0.8660254037844386,0.5000000000000001
2017-04-28 20:35:00,136,42.4,7.6,0.2647058823529412,혼잡,저녁(18-23),-0.8660254037844386,0.5000000000000001
2017-04-28 20:40:00,89,44.8,4.11,0.19101123595505617,보통,저녁(18-23),-0.8660254037844386,0.5000000000000001
2017-04-28 20:45:00,104,45.5,5.88,0.25,보통,저녁(18-23),-0.8660254037844386,0.5000000000000001
2017-04-28 20:50:00,125,47.3,5.15,0.144,보통,저녁(18-23),-0.8660254037844386,0.5000000000000001
2017-04-28 20:55:00,124,43.6,6.51,0.16129032258064516,보통,저녁(18-23),-0.8660254037844386,0.5000000000000001
2017-04-28 21:00:00,131,42.6,5.9,0.22137404580152673,보통,저녁(18-23),-0.7071067811865477,0.7071067811865474
2017-04-28 21:05:00,120,39.8,6.76,0.13333333333333333,혼잡,저녁(18-23),-0.7071067811865477,0.7071067811865474
2017-04-28 21:10:00,94,43.6,5.53,0.23404255319148937,보통,저녁(18-23),-0.7071067811865477,0.7071067811865474
2017-04-28 21:15:00,131,42.2,7.49,0.1984732824427481,혼잡,저녁(18-23),-0.7071067811865477,0.7071067811865474
2017-04-28 21:20:00,126,46.6,6.09,0.15873015873015872,보통,저녁(18-23),-0.7071067811865477,0.7071067811865474
2017-04-28 21:25:00,108,44.4,6.4,0.16666666666666666,보통,저녁(18-23),-0.7071067811865477,0.7071067811865474
2017-04-28 21:30:00,85,46.9,3.91,0.2823529411764706,보통,저녁(18-23),-0.7071067811865477,0.7071067811865474
2017-04-28 21:35:00,110,43.2,5.91,0.21818181818181817,보통,저녁(18-23),-0.7071067811865477,0.7071067811865474
2017-04-28 21:40:00,96,44.9,5.51,0.16666666666666666,보통,저녁(18-23),-0.7071067811865477,0.7071067811865474
2017-04-28 21:45:00,64,46.7,3.84,0.21875,보통,저녁(18-23),-0.7071067811865477,0.7071067811865474
2017-04-28 21:50:00,92,46.3,4.03,0.2391304347826087,보통,저녁(18-23),-0.7071067811865477,0.7071067811865474
2017-04-28 21:55:00,106,44.2,5.05,0.2358490566037736,보통,저녁(18-23),-0.7071067811865477,0.7071067811865474
2017-04-28 22:00:00,101,44.9,5.62,0.2079207920792079,보통,저녁(18-23),-0.5000000000000004,0.8660254037844384
2017-04-28 22:05:00,108,44.5,5.08,0.19444444444444445,보통,저녁(18-23),-0.5000000000000004,0.8660254037844384
2017-04-28 22:10:00,104,47.6,4.83,0.25,보통,저녁(18-23),-0.5000000000000004,0.8660254037844384
2017-04-28 22:15:00,89,44.6,4.95,0.1348314606741573,보통,저녁(18-23),-0.5000000000000004,0.8660254037844384
2017-04-28 22:20:00,84,45.8,4.06,0.2261904761904762,보통,저녁(18-23),-0.5000000000000004,0.8660254037844384
2017-04-28 22:25:00,102,45.5,11.9,0.17647058823529413,혼잡,저녁(18-23),-0.5000000000000004,0.8660254037844384
2017-04-28 22:30:00,78,48.5,4.28,0.20512820512820512,보통,저녁(18-23),-0.5000000000000004,0.8660254037844384
2017-04-28 22:35:00,82,47.6,3.87,0.21951219512195122,보통,저녁(18-23),-0.5000000000000004,0.8660254037844384
2017-04-28 22:40:00,98,47.3,4.31,0.25510204081632654,보통,저녁(18-23),-0.5000000000000004,0.8660254037844384
2017-04-28 22:45:00,94,46.0,4.52,0.22340425531914893,보통,저녁(18-23),-0.5000000000000004,0.8660254037844384
2017-04-28 22:50:00,74,54.0,3.6,0.1891891891891892,원활,저녁(18-23),-0.5000000000000004,0.8660254037844384
2017-04-28 22:55:00,92,49.1,4.08,0.2391304347826087,보통,저녁(18-23),-0.5000000000000004,0.8660254037844384
2017-04-28 23:00:00,62,48.8,3.27,0.22580645161290322,원활,저녁(18-23),-0.2588190451025207,0.9659258262890683
2017-04-28 23:05:00,51,53.8,2.59,0.23529411764705882,원활,저녁(18-23),-0.2588190451025207,0.9659258262890683
2017-04-28 23:10:00,82,50.9,3.34,0.2804878048780488,원활,저녁(18-23),-0.2588190451025207,0.9659258262890683
2017-04-28 23:15:00,73,50.6,3.4,0.273972602739726,원활,저녁(18-23),-0.2588190451025207,0.9659258262890683
2017-04-28 23:20:00,63,49.2,3.46,0.25396825396825395,원활,저녁(18-23),-0.2588190451025207,0.9659258262890683
2017-04-28 23:25:00,70,53.1,2.95,0.2571428571428571,원활,저녁(18-23),-0.2588190451025207,0.9659258262890683
2017-04-28 23:30:00,60,49.9,3.1,0.25,원활,저녁(18-23),-0.2588190451025207,0.9659258262890683
2017-04-28 23:35:00,46,51.7,2.09,0.15217391304347827,원활,저녁(18-23),-0.2588190451025207,0.9659258262890683
2017-04-28 23:40:00,55,58.1,2.29,0.3090909090909091,원활,저녁(18-23),-0.2588190451025207,0.9659258262890683
2017-04-28 23:45:00,81,56.6,3.0,0.14814814814814814,원활,저녁(18-23),-0.2588190451025207,0.9659258262890683
2017-04-28 23:50:00,45,56.5,1.69,0.28888888888888886,원활,저녁(18-23),-0.2588190451025207,0.9659258262890683
2017-04-28 23:55:00,53,51.9,2.46,0.18867924528301888,원활,저녁(18-23),-0.2588190451025207,0.9659258262890683
2017-04-29 00:00:00,51,62.3,1.87,0.17647058823529413,원활,새벽(0-5),0.0,1.0
2017-04-29 00:05:00,54,60.1,2.08,0.25925925925925924,원활,새벽(0-5),0.0,1.0
2017-04-29 00:10:00,42,57.8,2.08,0.3333333333333333,원활,새벽(0-5),0.0,1.0
2017-04-29 00:15:00,54,51.6,2.33,0.3888888888888889,원활,새벽(0-5),0.0,1.0
2017-04-29 00:20:00,44,57.5,1.7,0.18181818181818182,원활,새벽(0-5),0.0,1.0
2017-04-29 00:25:00,52,58.8,2.14,0.3269230769230769,원활,새벽(0-5),0.0,1.0
2017-04-29 00:30:00,46,57.9,2.03,0.30434782608695654,원활,새벽(0-5),0.0,1.0
2017-04-29 00:35:00,52,57.7,2.08,0.28846153846153844,원활,새벽(0-5),0.0,1.0
2017-04-29 00:40:00,35,51.5,1.52,0.22857142857142856,원활,새벽(0-5),0.0,1.0
2017-04-29 00:45:00,36,52.9,1.63,0.3055555555555556,원활,새벽(0-5),0.0,1.0
2017-04-29 00:50:00,33,57.3,1.35,0.2727272727272727,원활,새벽(0-5),0.0,1.0
2017-04-29 00:55:00,30,56.9,1.36,0.26666666666666666,원활,새벽(0-5),0.0,1.0
2017-04-29 01:00:00,29,56.4,1.24,0.41379310344827586,원활,새벽(0-5),0.25881904510252074,0.9659258262890683
2017-04-29 01:05:00,39,64.6,1.6,0.3333333333333333,원활,새벽(0-5),0.25881904510252074,0.9659258262890683
2017-04-29 01:10:00,32,58.3,1.28,0.28125,원활,새벽(0-5),0.25881904510252074,0.9659258262890683
2017-04-29 01:15:00,35,60.3,4.71,0.45714285714285713,보통,새벽(0-5),0.25881904510252074,0.9659258262890683
2017-04-29 01:20:00,29,56.6,1.22,0.3448275862068966,원활,새벽(0-5),0.25881904510252074,0.9659258262890683
2017-04-29 01:25:00,32,61.4,1.21,0.34375,원활,새벽(0-5),0.25881904510252074,0.9659258262890683
2017-04-29 01:30:00,21,57.2,0.82,0.3333333333333333,원활,새벽(0-5),0.25881904510252074,0.9659258262890683
2017-04-29 01:35:00,15,59.1,0.55,0.2,원활,새벽(0-5),0.25881904510252074,0.9659258262890683
2017-04-29 01:40:00,30,64.7,1.17,0.3,원활,새벽(0-5),0.25881904510252074,0.9659258262890683
2017-04-29 01:45:00,29,58.6,1.23,0.27586206896551724,원활,새벽(0-5),0.25881904510252074,0.9659258262890683
2017-04-29 01:50:00,27,58.3,1.11,0.2962962962962963,원활,새벽(0-5),0.25881904510252074,0.9659258262890683
2017-04-29 01:55:00,20,64.5,0.74,0.35,원활,새벽(0-5),0.25881904510252074,0.9659258262890683
2017-04-29 02:00:00,23,72.9,0.86,0.43478260869565216,원활,새벽(0-5),0.49999999999999994,0.8660254037844387
2017-04-29 02:05:00,34,62.1,1.38,0.38235294117647056,원활,새벽(0-5),0.49999999999999994,0.8660254037844387
2017-04-29 02:10:00,30,58.4,1.23,0.3333333333333333,원활,새벽(0-5),0.49999999999999994,0.8660254037844387
2017-04-29 02:15:00,22,56.8,0.85,0.22727272727272727,원활,새벽(0-5),0.49999999999999994,0.8660254037844387
2017-04-29 02:20:00,15,65.6,0.57,0.26666666666666666,원활,새벽(0-5),0.49999999999999994,0.8660254037844387
2017-04-29 02:25:00,23,60.2,0.92,0.30434782608695654,원활,새벽(0-5),0.49999999999999994,0.8660254037844387
2017-04-29 02:30:00,26,62.8,0.95,0.4230769230769231,원활,새벽(0-5),0.49999999999999994,0.8660254037844387
2017-04-29 02:35:00,26,65.2,1.04,0.38461538461538464,원활,새벽(0-5),0.49999999999999994,0.8660254037844387
2017-04-29 02:40:00,20,63.6,0.74,0.25,원활,새벽(0-5),0.49999999999999994,0.8660254037844387
2017-04-29 02:45:00,29,60.4,0.97,0.27586206896551724,원활,새벽(0-5),0.49999999999999994,0.8660254037844387
2017-04-29 02:50:00,21,55.1,0.87,0.3333333333333333,원활,새벽(0-5),0.49999999999999994,0.8660254037844387
2017-04-29 02:55:00,21,62.1,0.84,0.2857142857142857,원활,새벽(0-5),0.49999999999999994,0.8660254037844387
2017-04-29 03:00:00,17,61.3,0.7,0.17647058823529413,원활,새벽(0-5),0.7071067811865476,0.7071067811865476
2017-04-29 03:05:00,25,68.7,0.88,0.24,원활,새벽(0-5),0.7071067811865476,0.7071067811865476
2017-04-29 03:10:00,26,62.7,1.11,0.23076923076923078,원활,새벽(0-5),0.7071067811865476,0.7071067811865476
2017-04-29 03:15:00,27,59.8,1.12,0.6296296296296297,원활,새벽(0-5),0.7071067811865476,0.7071067811865476
2017-04-29 03:20:00,25,61.4,1.06,0.48,원활,새벽(0-5),0.7071067811865476,0.7071067811865476
2017-04-29 03:25:00,16,58.3,3.18,0.3125,원활,새벽(0-5),0.7071067811865476,0.7071067811865476
2017-04-29 03:30:00,24,75.8,0.95,0.3333333333333333,원활,새벽(0-5),0.7071067811865476,0.7071067811865476
2017-04-29 03:35:00,18,63.2,0.78,0.5555555555555556,원활,새벽(0-5),0.7071067811865476,0.7071067811865476
2017-04-29 03:40:00,25,67.4,1.12,0.44,원활,새벽(0-5),0.7071067811865476,0.7071067811865476
2017-04-29 03:45:00,18,64.3,0.71,0.3333333333333333,원활,새벽(0-5),0.7071067811865476,0.7071067811865476
2017-04-29 03:50:00,23,63.2,0.91,0.391304347826087,원활,새벽(0-5),0.7071067811865476,0.7071067811865476
2017-04-29 03:55:00,22,56.1,1.02,0.3181818181818182,원활,새벽(0-5),0.7071067811865476,0.7071067811865476
2017-04-29 04:00:00,26,55.8,1.0,0.2692307692307692,원활,새벽(0-5),0.8660254037844386,0.5000000000000001
2017-04-29 04:05:00,27,65.1,1.04,0.18518518518518517,원활,새벽(0-5),0.8660254037844386,0.5000000000000001
2017-04-29 04:10:00,29,64.9,1.02,0.3103448275862069,원활,새벽(0-5),0.8660254037844386,0.5000000000000001
2017-04-29 04:15:00,19,54.1,0.86,0.15789473684210525,원활,새벽(0-5),0.8660254037844386,0.5000000000000001
2017-04-29 04:20:00,16,63.4,0.74,0.3125,원활,새벽(0-5),0.8660254037844386,0.5000000000000001
2017-04-29 04:25:00,33,66.0,1.45,0.30303030303030304,원활,새벽(0-5),0.8660254037844386,0.5000000000000001
2017-04-29 04:30:00,18,70.1,0.68,0.2222222222222222,원활,새벽(0-5),0.8660254037844386,0.5000000000000001
2017-04-29 04:35:00,33,57.6,1.3,0.2727272727272727,원활,새벽(0-5),0.8660254037844386,0.5000000000000001
2017-04-29 04:40:00,27,57.3,1.01,0.25925925925925924,원활,새벽(0-5),0.8660254037844386,0.5000000000000001
2017-04-29 04:45:00,29,64.3,1.26,0.4827586206896552,원활,새벽(0-5),0.8660254037844386,0.5000000000000001
2017-04-29 04:50:00,28,58.7,1.22,0.32142857142857145,원활,새벽(0-5),0.8660254037844386,0.5000000000000001
2017-04-29 04:55:00,24,62.4,0.89,0.3333333333333333,원활,새벽(0-5),0.8660254037844386,0.5000000000000001
2017-04-29 05:00:00,29,52.8,1.32,0.20689655172413793,원활,새벽(0-5),0.9659258262890683,0.25881904510252074
2017-04-29 05:05:00,31,71.9,1.15,0.3548387096774194,원활,새벽(0-5),0.9659258262890683,0.25881904510252074
2017-04-29 05:10:00,24,63.4,1.0,0.375,원활,새벽(0-5),0.9659258262890683,0.25881904510252074
2017-04-29 05:15:00,35,55.4,1.53,0.37142857142857144,원활,새벽(0-5),0.9659258262890683,0.25881904510252074
2017-04-29 05:20:00,30,53.5,1.28,0.3333333333333333,원활,새벽(0-5),0.9659258262890683,0.25881904510252074
2017-04-29 05:25:00,53,55.2,2.22,0.4339622641509434,원활,새벽(0-5),0.9659258262890683,0.25881904510252074
2017-04-29 05:30:00,46,68.6,1.7,0.30434782608695654,원활,새벽(0-5),0.9659258262890683,0.25881904510252074
2017-04-29 05:35:00,34,59.9,1.24,0.2647058823529412,원활,새벽(0-5),0.9659258262890683,0.25881904510252074
2017-04-29 05:40:00,28,66.6,0.85,0.17857142857142858,원활,새벽(0-5),0.9659258262890683,0.25881904510252074
2017-04-29 05:45:00,39,73.7,1.18,0.28205128205128205,원활,새벽(0-5),0.9659258262890683,0.25881904510252074
2017-04-29 05:50:00,57,64.0,1.92,0.2807017543859649,원활,새벽(0-5),0.9659258262890683,0.25881904510252074
2017-04-29 05:55:00,62,55.0,2.42,0.3870967741935484,원활,새벽(0-5),0.9659258262890683,0.25881904510252074
2017-04-29 06:00:00,69,52.8,3.35,0.3188405797101449,원활,오전(6-11),1.0,6.123233995736766e-17
2017-04-29 06:05:00,71,52.2,3.04,0.352112676056338,원활,오전(6-11),1.0,6.123233995736766e-17
2017-04-29 06:10:00,71,60.7,2.76,0.352112676056338,원활,오전(6-11),1.0,6.123233995736766e-17
2017-04-29 06:15:00,74,47.9,3.09,0.2972972972972973,원활,오전(6-11),1.0,6.123233995736766e-17
2017-04-29 06:20:00,81,58.4,2.88,0.2716049382716049,원활,오전(6-11),1.0,6.123233995736766e-17
2017-04-29 06:25:00,105,52.7,4.58,0.3619047619047619,보통,오전(6-11),1.0,6.123233995736766e-17
2017-04-29 06:30:00,102,56.9,3.88,0.29411764705882354,보통,오전(6-11),1.0,6.123233995736766e-17
2017-04-29 06:35:00,96,53.5,4.1,0.34375,보통,오전(6-11),1.0,6.123233995736766e-17
2017-04-29 06:40:00,104,54.7,3.99,0.20192307692307693,보통,오전(6-11),1.0,6.123233995736766e-17
2017-04-29 06:45:00,106,46.1,5.23,0.39622641509433965,보통,오전(6-11),1.0,6.123233995736766e-17
2017-04-29 06:50:00,98,45.8,5.13,0.3673469387755102,보통,오전(6-11),1.0,6.123233995736766e-17
2017-04-29 06:55:00,100,47.1,5.84,0.36,보통,오전(6-11),1.0,6.123233995736766e-17
2017-04-29 07:00:00,105,50.4,4.38,0.3238095238095238,보통,오전(6-11),0.9659258262890683,-0.25881904510252085
2017-04-29 07:05:00,116,52.1,5.72,0.3017241379310345,보통,오전(6-11),0.9659258262890683,-0.25881904510252085
2017-04-29 07:10:00,126,49.3,5.32,0.2619047619047619,보통,오전(6-11),0.9659258262890683,-0.25881904510252085
2017-04-29 07:15:00,115,49.4,6.16,0.26956521739130435,보통,오전(6-11),0.9659258262890683,-0.25881904510252085
2017-04-29 07:20:00,116,43.3,6.76,0.29310344827586204,혼잡,오전(6-11),0.9659258262890683,-0.25881904510252085
2017-04-29 07:25:00,108,47.5,5.23,0.3425925925925926,보통,오전(6-11),0.9659258262890683,-0.25881904510252085
2017-04-29 07:30:00,122,50.4,4.46,0.29508196721311475,보통,오전(6-11),0.9659258262890683,-0.25881904510252085
2017-04-29 07:35:00,168,47.3,10.53,0.2976190476190476,혼잡,오전(6-11),0.9659258262890683,-0.25881904510252085
2017-04-29 07:40:00,144,47.2,9.28,0.3055555555555556,혼잡,오전(6-11),0.9659258262890683,-0.25881904510252085
2017-04-29 07:45:00,120,44.1,5.66,0.25,보통,오전(6-11),0.9659258262890683,-0.25881904510252085
2017-04-29 07:50:00,159,48.1,7.45,0.2389937106918239,혼잡,오전(6-11),0.9659258262890683,-0.25881904510252085
2017-04-29 07:55:00,123,48.4,4.88,0.23577235772357724,보통,오전(6-11),0.9659258262890683,-0.25881904510252085
2017-04-29 08:00:00,114,49.3,5.05,0.2719298245614035,보통,오전(6-11),0.8660254037844387,-0.4999999999999998
2017-04-29 08:05:00,89,44.5,4.73,0.2808988764044944,보통,오전(6-11),0.8660254037844387,-0.4999999999999998
2017-04-29 08:10:00,117,55.8,4.79,0.2564102564102564,보통,오전(6-11),0.8660254037844387,-0.4999999999999998
2017-04-29 08:15:00,134,52.8,5.32,0.29850746268656714,보통,오전(6-11),0.8660254037844387,-0.4999999999999998
2017-04-29 08:20:00,123,37.7,6.43,0.13821138211382114,보통,오전(6-11),0.8660254037844387,-0.4999999999999998
2017-04-29 08:25:00,113,29.1,9.86,0.24778761061946902,혼잡,오전(6-11),0.8660254037844387,-0.4999999999999998
2017-04-29 08:30:00,134,18.1,29.97,0.2537313432835821,혼잡,오전(6-11),0.8660254037844387,-0.4999999999999998
2017-04-29 08:35:00,135,15.0,52.84,0.23703703703703705,혼잡,오전(6-11),0.8660254037844387,-0.4999999999999998
2017-04-29 08:40:00,126,11.2,58.67,0.2777777777777778,혼잡,오전(6-11),0.8660254037844387,-0.4999999999999998
2017-04-29 08:45:00,142,13.4,53.78,0.33098591549295775,혼잡,오전(6-11),0.8660254037844387,-0.4999999999999998
2017-04-29 08:50:00,175,19.7,23.9,0.2,혼잡,오전(6-11),0.8660254037844387,-0.4999999999999998
2017-04-29 08:55:00,118,19.1,32.62,0.288135593220339,혼잡,오전(6-11),0.8660254037844387,-0.4999999999999998
2017-04-29 09:00:00,104,16.6,41.69,0.3269230769230769,혼잡,오전(6-11),0.7071067811865476,-0.7071067811865475
2017-04-29 09:05:00,152,20.2,22.75,0.3026315789473684,혼잡,오전(6-11),0.7071067811865476,-0.7071067811865475
2017-04-29 09:10:00,119,28.6,7.34,0.17647058823529413,혼잡,오전(6-11),0.7071067811865476,-0.7071067811865475
2017-04-29 09:15:00,144,34.4,14.64,0.3402777777777778,혼잡,오전(6-11),0.7071067811865476,-0.7071067811865475
2017-04-29 09:20:00,157,47.1,7.73,0.22929936305732485,혼잡,오전(6-11),0.7071067811865476,-0.7071067811865475
2017-04-29 09:25:00,130,47.7,8.01,0.25384615384615383,혼잡,오전(6-11),0.7071067811865476,-0.7071067811865475
2017-04-29 09:30:00,105,51.8,5.18,0.29523809523809524,보통,오전(6-11),0.7071067811865476,-0.7071067811865475
2017-04-29 09:35:00,141,47.1,8.04,0.3120567375886525,혼잡,오전(6-11),0.7071067811865476,-0.7071067811865475
2017-04-29 09:40:00,115,50.2,5.75,0.30434782608695654,보통,오전(6-11),0.7071067811865476,-0.7071067811865475
2017-04-29 09:45:00,134,47.7,5.92,0.34328358208955223,보통,오전(6-11),0.7071067811865476,-0.7071067811865475
2017-04-29 09:50:00,142,45.8,6.45,0.323943661971831,보통,오전(6-11),0.7071067811865476,-0.7071067811865475
2017-04-29 09:55:00,139,47.8,6.74,0.28776978417266186,혼잡,오전(6-11),0.7071067811865476,-0.7071067811865475
2017-04-29 10:00:00,125,52.4,5.67,0.408,보통,오전(6-11),0.49999999999999994,-0.8660254037844387
2017-04-29 10:05:00,151,44.3,8.26,0.304635761589404,혼잡,오전(6-11),0.49999999999999994,-0.8660254037844387
2017-04-29 10:10:00,113,50.6,5.23,0.3893805309734513,보통,오전(6-11),0.49999999999999994,-0.8660254037844387
2017-04-29 10:15:00,133,43.7,7.31,0.2857142857142857,혼잡,오전(6-11),0.49999999999999994,-0.8660254037844387
2017-04-29 10:20:00,100,48.6,7.9,0.23,혼잡,오전(6-11),0.49999999999999994,-0.8660254037844387
2017-04-29 10:25:00,130,49.5,7.43,0.33076923076923076,혼잡,오전(6-11),0.49999999999999994,-0.8660254037844387
2017-04-29 10:30:00,129,47.9,8.09,0.34108527131782945,혼잡,오전(6-11),0.49999999999999994,-0.8660254037844387
2017-04-29 10:35:00,149,43.2,10.35,0.3959731543624161,혼잡,오전(6-11),0.49999999999999994,-0.8660254037844387
2017-04-29 10:40:00,152,51.9,6.61,0.3026315789473684,보통,오전(6-11),0.49999999999999994,-0.8660254037844387
2017-04-29 10:45:00,151,45.5,7.63,0.2847682119205298,혼잡,오전(6-11),0.49999999999999994,-0.8660254037844387
2017-04-29 10:50:00,121,48.9,7.89,0.2644628099173554,혼잡,오전(6-11),0.49999999999999994,-0.8660254037844387
2017-04-29 10:55:00,140,45.4,7.18,0.2357142857142857,혼잡,오전(6-11),0.49999999999999994,-0.8660254037844387
2017-04-29 11:00:00,123,46.2,5.33,0.3008130081300813,보통,오전(6-11),0.258819045102521,-0.9659258262890682
2017-04-29 11:05:00,125,48.9,7.19,0.288,혼잡,오전(6-11),0.258819045102521,-0.9659258262890682
2017-04-29 11:10:00,158,47.9,7.11,0.2848101265822785,혼잡,오전(6-11),0.258819045102521,-0.9659258262890682
2017-04-29 11:15:00,161,46.6,7.27,0.2484472049689441,혼잡,오전(6-11),0.258819045102521,-0.9659258262890682
2017-04-29 11:20:00,187,43.5,8.54,0.2727272727272727,혼잡,오전(6-11),0.258819045102521,-0.9659258262890682
2017-04-29 11:25:00,179,41.3,10.23,0.25139664804469275,혼잡,오전(6-11),0.258819045102521,-0.9659258262890682
2017-04-29 11:30:00,147,41.9,7.19,0.3469387755102041,혼잡,오전(6-11),0.258819045102521,-0.9659258262890682
2017-04-29 11:35:00,133,45.2,10.04,0.24060150375939848,혼잡,오전(6-11),0.258819045102521,-0.9659258262890682
2017-04-29 11:40:00,196,39.3,16.26,0.25,혼잡,오전(6-11),0.258819045102521,-0.9659258262890682
2017-04-29 11:45:00,181,34.5,18.92,0.27624309392265195,혼잡,오전(6-11),0.258819045102521,-0.9659258262890682
2017-04-29 11:50:00,154,32.8,25.05,0.35064935064935066,혼잡,오전(6-11),0.258819045102521,-0.9659258262890682
2017-04-29 11:55:00,141,26.2,35.39,0.3475177304964539,혼잡,오전(6-11),0.258819045102521,-0.9659258262890682
2017-04-29 12:00:00,171,29.9,35.98,0.28654970760233917,혼잡,오후(12-17),1.2246467991473532e-16,-1.0
2017-04-29 12:05:00,187,25.2,39.17,0.23529411764705882,혼잡,오후(12-17),1.2246467991473532e-16,-1.0
2017-04-29 12:10:00,139,27.9,28.09,0.31654676258992803,혼잡,오후(12-17),1.2246467991473532e-16,-1.0
2017-04-29 12:15:00,140,48.2,7.66,0.35,혼잡,오후(12-17),1.2246467991473532e-16,-1.0
2017-04-29 12:20:00,176,43.3,7.71,0.26704545454545453,혼잡,오후(12-17),1.2246467991473532e-16,-1.0
2017-04-29 12:25:00,150,48.2,6.06,0.35333333333333333,보통,오후(12-17),1.2246467991473532e-16,-1.0
2017-04-29 12:30:00,149,48.1,5.96,0.3221476510067114,보통,오후(12-17),1.2246467991473532e-16,-1.0
2017-04-29 12:35:00,138,45.0,6.4,0.3695652173913043,보통,오후(12-17),1.2246467991473532e-16,-1.0
2017-04-29 12:40:00,160,44.1,6.56,0.275,보통,오후(12-17),1.2246467991473532e-16,-1.0
2017-04-29 12:45:00,199,44.8,8.81,0.271356783919598,혼잡,오후(12-17),1.2246467991473532e-16,-1.0
2017-04-29 12:50:00,168,45.8,7.25,0.2857142857142857,혼잡,오후(12-17),1.2246467991473532e-16,-1.0
2017-04-29 12:55:00,155,43.2,7.11,0.2903225806451613,혼잡,오후(12-17),1.2246467991473532e-16,-1.0
2017-04-29 13:00:00,149,42.3,7.61,0.2483221476510067,혼잡,오후(12-17),-0.25881904510252035,-0.9659258262890684
2017-04-29 13:05:00,168,45.4,7.51,0.23214285714285715,혼잡,오후(12-17),-0.25881904510252035,-0.9659258262890684
2017-04-29 13:10:00,179,44.1,7.71,0.2849162011173184,혼잡,오후(12-17),-0.25881904510252035,-0.9659258262890684
2017-04-29 13:15:00,151,46.3,6.9,0.25165562913907286,혼잡,오후(12-17),-0.25881904510252035,-0.9659258262890684
2017-04-29 13:20:00,140,44.7,6.08,0.30714285714285716,보통,오후(12-17),-0.25881904510252035,-0.9659258262890684
2017-04-29 13:25:00,175,47.0,7.32,0.24,혼잡,오후(12-17),-0.25881904510252035,-0.9659258262890684
2017-04-29 13:30:00,179,45.9,7.7,0.33519553072625696,혼잡,오후(12-17),-0.25881904510252035,-0.9659258262890684
2017-04-29 13:35:00,157,42.9,7.01,0.2611464968152866,혼잡,오후(12-17),-0.25881904510252035,-0.9659258262890684
2017-04-29 13:40:00,137,44.4,6.22,0.30656934306569344,보통,오후(12-17),-0.25881904510252035,-0.9659258262890684
2017-04-29 13:45:00,182,43.3,9.46,0.2967032967032967,혼잡,오후(12-17),-0.25881904510252035,-0.9659258262890684
2017-04-29 13:50:00,190,44.7,8.54,0.3105263157894737,혼잡,오후(12-17),-0.25881904510252035,-0.9659258262890684
2017-04-29 13:55:00,178,45.7,7.38,0.30337078651685395,혼잡,오후(12-17),-0.25881904510252035,-0.9659258262890684
2017-04-29 14:00:00,121,47.5,4.79,0.2396694214876033,보통,오후(12-17),-0.5000000000000001,-0.8660254037844386
2017-04-29 14:05:00,154,46.0,6.47,0.24025974025974026,보통,오후(12-17),-0.5000000000000001,-0.8660254037844386
2017-04-29 14:10:00,160,48.4,6.59,0.2625,보통,오후(12-17),-0.5000000000000001,-0.8660254037844386
2017-04-29 14:15:00,182,47.2,7.24,0.27472527472527475,혼잡,오후(12-17),-0.5000000000000001,-0.8660254037844386
2017-04-29 14:20:00,145,42.8,6.34,0.2206896551724138,보통,오후(12-17),-0.5000000000000001,-0.8660254037844386
2017-04-29 14:25:00,155,42.5,7.15,0.3161290322580645,혼잡,오후(12-17),-0.5000000000000001,-0.8660254037844386
2017-04-29 14:30:00,187,45.7,8.53,0.31016042780748665,혼잡,오후(12-17),-0.5000000000000001,-0.8660254037844386
2017-04-29 14:35:00,194,44.6,8.51,0.22164948453608246,혼잡,오후(12-17),-0.5000000000000001,-0.8660254037844386
2017-04-29 14:40:00,156,48.0,6.45,0.1987179487179487,보통,오후(12-17),-0.5000000000000001,-0.8660254037844386
2017-04-29 14:45:00,148,40.2,8.7,0.20945945945945946,혼잡,오후(12-17),-0.5000000000000001,-0.8660254037844386
2017-04-29 14:50:00,162,48.4,6.48,0.22839506172839505,보통,오후(12-17),-0.5000000000000001,-0.8660254037844386
2017-04-29 14:55:00,211,42.1,9.93,0.26066350710900477,혼잡,오후(12-17),-0.5000000000000001,-0.8660254037844386
2017-04-29 15:00:00,163,41.0,8.1,0.22699386503067484,혼잡,오후(12-17),-0.7071067811865475,-0.7071067811865477
2017-04-29 15:05:00,125,45.9,5.16,0.256,보통,오후(12-17),-0.7071067811865475,-0.7071067811865477
2017-04-29 15:10:00,165,44.9,6.77,0.2545454545454545,혼잡,오후(12-17),-0.7071067811865475,-0.7071067811865477
2017-04-29 15:15:00,172,49.2,7.1,0.2441860465116279,혼잡,오후(12-17),-0.7071067811865475,-0.7071067811865477
2017-04-29 15:20:00,170,44.7,7.37,0.27647058823529413,혼잡,오후(12-17),-0.7071067811865475,-0.7071067811865477
2017-04-29 15:25:00,139,45.8,5.55,0.20863309352517986,보통,오후(12-17),-0.7071067811865475,-0.7071067811865477
2017-04-29 15:30:00,164,43.7,7.58,0.21341463414634146,혼잡,오후(12-17),-0.7071067811865475,-0.7071067811865477
2017-04-29 15:35:00,210,38.7,12.73,0.20952380952380953,혼잡,오후(12-17),-0.7071067811865475,-0.7071067811865477
2017-04-29 15:40:00,167,46.8,6.71,0.12574850299401197,혼잡,오후(12-17),-0.7071067811865475,-0.7071067811865477
2017-04-29 15:45:00,170,42.1,7.12,0.2,혼잡,오후(12-17),-0.7071067811865475,-0.7071067811865477
2017-04-29 15:50:00,150,45.2,6.27,0.18666666666666668,보통,오후(12-17),-0.7071067811865475,-0.7071067811865477
2017-04-29 15:55:00,188,43.1,7.98,0.16489361702127658,혼잡,오후(12-17),-0.7071067811865475,-0.7071067811865477
2017-04-29 16:00:00,198,43.3,9.33,0.2828282828282828,혼잡,오후(12-17),-0.8660254037844385,-0.5000000000000004
2017-04-29 16:05:00,152,41.6,7.16,0.21710526315789475,혼잡,오후(12-17),-0.8660254037844385,-0.5000000000000004
2017-04-29 16:10:00,153,41.3,7.09,0.2875816993464052,혼잡,오후(12-17),-0.8660254037844385,-0.5000000000000004
2017-04-29 16:15:00,165,44.0,10.04,0.24242424242424243,혼잡,오후(12-17),-0.8660254037844385,-0.5000000000000004
2017-04-29 16:20:00,170,43.5,7.5,0.2647058823529412,혼잡,오후(12-17),-0.8660254037844385,-0.5000000000000004
2017-04-29 16:25:00,127,45.0,6.18,0.31496062992125984,보통,오후(12-17),-0.8660254037844385,-0.5000000000000004
2017-04-29 16:30:00,128,44.8,5.61,0.1484375,보통,오후(12-17),-0.8660254037844385,-0.5000000000000004
2017-04-29 16:35:00,153,46.4,6.45,0.3202614379084967,보통,오후(12-17),-0.8660254037844385,-0.5000000000000004
2017-04-29 16:40:00,168,45.7,7.37,0.23809523809523808,혼잡,오후(12-17),-0.8660254037844385,-0.5000000000000004
2017-04-29 16:45:00,189,43.6,8.65,0.2962962962962963,혼잡,오후(12-17),-0.8660254037844385,-0.5000000000000004
2017-04-29 16:50:00,155,45.7,6.34,0.2,보통,오후(12-17),-0.8660254037844385,-0.5000000000000004
2017-04-29 16:55:00,141,45.9,9.28,0.2624113475177305,혼잡,오후(12-17),-0.8660254037844385,-0.5000000000000004
2017-04-29 17:00:00,155,44.9,7.16,0.1935483870967742,혼잡,오후(12-17),-0.9659258262890683,-0.25881904510252063
2017-04-29 17:05:00,146,44.4,6.1,0.2465753424657534,보통,오후(12-17),-0.9659258262890683,-0.25881904510252063
2017-04-29 17:10:00,135,43.6,6.01,0.25925925925925924,보통,오후(12-17),-0.9659258262890683,-0.25881904510252063
2017-04-29 17:15:00,124,48.8,5.12,0.25,보통,오후(12-17),-0.9659258262890683,-0.25881904510252063
2017-04-29 17:20:00,158,47.1,6.46,0.2974683544303797,보통,오후(12-17),-0.9659258262890683,-0.25881904510252063
2017-04-29 17:25:00,144,50.7,5.62,0.2708333333333333,보통,오후(12-17),-0.9659258262890683,-0.25881904510252063
2017-04-29 17:30:00,142,44.3,6.33,0.29577464788732394,보통,오후(12-17),-0.9659258262890683,-0.25881904510252063
2017-04-29 17:35:00,119,47.0,4.94,0.31092436974789917,보통,오후(12-17),-0.9659258262890683,-0.25881904510252063
2017-04-29 17:40:00,158,49.5,6.28,0.1962025316455696,보통,오후(12-17),-0.9659258262890683,-0.25881904510252063
2017-04-29 17:45:00,174,47.7,7.17,0.28735632183908044,혼잡,오후(12-17),-0.9659258262890683,-0.25881904510252063
2017-04-29 17:50:00,154,47.1,5.96,0.2597402597402597,보통,오후(12-17),-0.9659258262890683,-0.25881904510252063
2017-04-29 17:55:00,123,43.7,6.4,0.23577235772357724,보통,오후(12-17),-0.9659258262890683,-0.25881904510252063
2017-04-29 18:00:00,162,45.0,7.7,0.24691358024691357,혼잡,저녁(18-23),-1.0,-1.8369701987210297e-16
2017-04-29 18:05:00,164,46.4,6.61,0.21341463414634146,보통,저녁(18-23),-1.0,-1.8369701987210297e-16
2017-04-29 18:10:00,167,46.1,6.64,0.2934131736526946,보통,저녁(18-23),-1.0,-1.8369701987210297e-16
2017-04-29 18:15:00,149,44.4,6.34,0.2214765100671141,보통,저녁(18-23),-1.0,-1.8369701987210297e-16
2017-04-29 18:20:00,178,40.1,9.49,0.3146067415730337,혼잡,저녁(18-23),-1.0,-1.8369701987210297e-16
2017-04-29 18:25:00,169,38.5,12.03,0.2485207100591716,혼잡,저녁(18-23),-1.0,-1.8369701987210297e-16
2017-04-29 18:30:00,152,41.9,7.83,0.2631578947368421,혼잡,저녁(18-23),-1.0,-1.8369701987210297e-16
2017-04-29 18:35:00,155,40.6,8.31,0.3161290322580645,혼잡,저녁(18-23),-1.0,-1.8369701987210297e-16
2017-04-29 18:40:00,144,39.9,11.3,0.3055555555555556,혼잡,저녁(18-23),-1.0,-1.8369701987210297e-16
2017-04-29 18:45:00,174,37.3,10.84,0.2988505747126437,혼잡,저녁(18-23),-1.0,-1.8369701987210297e-16
2017-04-29 18:50:00,154,41.7,9.88,0.2727272727272727,혼잡,저녁(18-23),-1.0,-1.8369701987210297e-16
2017-04-29 18:55:00,130,32.4,18.2,0.26153846153846155,혼잡,저녁(18-23),-1.0,-1.8369701987210297e-16
2017-04-29 19:00:00,118,29.2,26.61,0.3050847457627119,혼잡,저녁(18-23),-0.9659258262890684,0.2588190451025203
2017-04-29 19:05:00,115,34.0,27.29,0.34782608695652173,혼잡,저녁(18-23),-0.9659258262890684,0.2588190451025203
2017-04-29 19:10:00,144,30.5,21.89,0.3680555555555556,혼잡,저녁(18-23),-0.9659258262890684,0.2588190451025203
2017-04-29 19:15:00,116,38.6,11.0,0.3448275862068966,혼잡,저녁(18-23),-0.9659258262890684,0.2588190451025203
2017-04-29 19:20:00,112,47.0,4.88,0.26785714285714285,보통,저녁(18-23),-0.9659258262890684,0.2588190451025203
2017-04-29 19:25:00,117,45.6,4.75,0.19658119658119658,보통,저녁(18-23),-0.9659258262890684,0.2588190451025203
2017-04-29 19:30:00,127,45.8,5.72,0.23622047244094488,보통,저녁(18-23),-0.9659258262890684,0.2588190451025203
2017-04-29 19:35:00,132,43.7,6.26,0.18181818181818182,보통,저녁(18-23),-0.9659258262890684,0.2588190451025203
2017-04-29 19:40:00,102,46.9,5.18,0.20588235294117646,보통,저녁(18-23),-0.9659258262890684,0.2588190451025203
2017-04-29 19:45:00,96,44.1,4.52,0.14583333333333334,보통,저녁(18-23),-0.9659258262890684,0.2588190451025203
2017-04-29 19:50:00,154,43.2,7.99,0.14935064935064934,혼잡,저녁(18-23),-0.9659258262890684,0.2588190451025203
2017-04-29 19:55:00,119,44.0,6.65,0.2605042016806723,보통,저녁(18-23),-0.9659258262890684,0.2588190451025203
2017-04-29 20:00:00,117,43.3,6.17,0.19658119658119658,보통,저녁(18-23),-0.8660254037844386,0.5000000000000001
2017-04-29 20:05:00,116,44.9,6.67,0.20689655172413793,혼잡,저녁(18-23),-0.8660254037844386,0.5000000000000001
2017-04-29 20:10:00,130,45.2,6.91,0.2076923076923077,혼잡,저녁(18-23),-0.8660254037844386,0.5000000000000001
2017-04-29 20:15:00,136,45.4,6.69,0.21323529411764705,혼잡,저녁(18-23),-0.8660254037844386,0.5000000000000001
2017-04-29 20:20:00,87,47.6,4.27,0.1839080459770115,보통,저녁(18-23),-0.8660254037844386,0.5000000000000001
2017-04-29 20:25:00,72,47.5,3.43,0.2222222222222222,원활,저녁(18-23),-0.8660254037844386,0.5000000000000001
2017-04-29 20:30:00,135,47.1,6.41,0.2518518518518518,보통,저녁(18-23),-0.8660254037844386,0.5000000000000001
2017-04-29 20:35:00,123,49.2,11.2,0.1951219512195122,혼잡,저녁(18-23),-0.8660254037844386,0.5000000000000001
2017-04-29 20:40:00,107,45.7,5.06,0.22429906542056074,보통,저녁(18-23),-0.8660254037844386,0.5000000000000001
2017-04-29 20:45:00,90,44.4,4.45,0.2111111111111111,보통,저녁(18-23),-0.8660254037844386,0.5000000000000001
2017-04-29 20:50:00,130,45.9,6.7,0.2,혼잡,저녁(18-23),-0.8660254037844386,0.5000000000000001
2017-04-29 20:55:00,111,47.8,4.86,0.2072072072072072,보통,저녁(18-23),-0.8660254037844386,0.5000000000000001
2017-04-29 21:00:00,82,50.5,3.83,0.2073170731707317,보통,저녁(18-23),-0.7071067811865477,0.7071067811865474
2017-04-29 21:05:00,70,47.5,3.94,0.2857142857142857,보통,저녁(18-23),-0.7071067811865477,0.7071067811865474
2017-04-29 21:10:00,77,47.7,3.87,0.22077922077922077,보통,저녁(18-23),-0.7071067811865477,0.7071067811865474
2017-04-29 21:15:00,121,43.5,6.24,0.19834710743801653,보통,저녁(18-23),-0.7071067811865477,0.7071067811865474
2017-04-29 21:20:00,106,47.0,5.04,0.24528301886792453,보통,저녁(18-23),-0.7071067811865477,0.7071067811865474
2017-04-29 21:25:00,80,46.1,6.82,0.2875,혼잡,저녁(18-23),-0.7071067811865477,0.7071067811865474
2017-04-29 21:30:00,86,51.3,3.99,0.1744186046511628,보통,저녁(18-23),-0.7071067811865477,0.7071067811865474
2017-04-29 21:35:00,92,44.0,7.39,0.25,혼잡,저녁(18-23),-0.7071067811865477,0.7071067811865474
2017-04-29 21:40:00,74,44.7,3.67,0.16216216216216217,원활,저녁(18-23),-0.7071067811865477,0.7071067811865474
2017-04-29 21:45:00,98,44.3,4.88,0.16326530612244897,보통,저녁(18-23),-0.7071067811865477,0.7071067811865474
2017-04-29 21:50:00,76,43.7,3.85,0.2631578947368421,보통,저녁(18-23),-0.7071067811865477,0.7071067811865474
2017-04-29 21:55:00,88,47.0,4.3,0.19318181818181818,보통,저녁(18-23),-0.7071067811865477,0.7071067811865474
2017-04-29 22:00:00,103,42.5,5.39,0.2524271844660194,보통,저녁(18-23),-0.5000000000000004,0.8660254037844384
2017-04-29 22:05:00,86,51.0,4.62,0.2441860465116279,보통,저녁(18-23),-0.5000000000000004,0.8660254037844384
2017-04-29 22:10:00,89,45.0,4.57,0.30337078651685395,보통,저녁(18-23),-0.5000000000000004,0.8660254037844384
2017-04-29 22:15:00,111,47.5,4.82,0.1981981981981982,보통,저녁(18-23),-0.5000000000000004,0.8660254037844384
2017-04-29 22:20:00,69,48.4,3.72,0.15942028985507245,보통,저녁(18-23),-0.5000000000000004,0.8660254037844384
2017-04-29 22:25:00,68,46.1,3.41,0.22058823529411764,원활,저녁(18-23),-0.5000000000000004,0.8660254037844384
2017-04-29 22:30:00,51,49.0,2.34,0.23529411764705882,원활,저녁(18-23),-0.5000000000000004,0.8660254037844384
2017-04-29 22:35:00,80,48.2,3.74,0.1875,보통,저녁(18-23),-0.5000000000000004,0.8660254037844384
2017-04-29 22:40:00,79,47.0,4.12,0.26582278481012656,보통,저녁(18-23),-0.5000000000000004,0.8660254037844384
2017-04-29 22:45:00,70,50.4,3.06,0.3,원활,저녁(18-23),-0.5000000000000004,0.8660254037844384
2017-04-29 22:50:00,72,51.3,3.47,0.3472222222222222,원활,저녁(18-23),-0.5000000000000004,0.8660254037844384
2017-04-29 22:55:00,58,47.5,2.5,0.2413793103448276,원활,저녁(18-23),-0.5000000000000004,0.8660254037844384
2017-04-29 23:00:00,49,49.4,2.26,0.24489795918367346,원활,저녁(18-23),-0.2588190451025207,0.9659258262890683
2017-04-29 23:05:00,46,50.2,2.19,0.21739130434782608,원활,저녁(18-23),-0.2588190451025207,0.9659258262890683
2017-04-29 23:10:00,48,50.2,2.09,0.2916666666666667,원활,저녁(18-23),-0.2588190451025207,0.9659258262890683
2017-04-29 23:15:00,50,56.9,2.05,0.24,원활,저녁(18-23),-0.2588190451025207,0.9659258262890683
2017-04-29 23:20:00,66,53.1,3.13,0.25757575757575757,원활,저녁(18-23),-0.2588190451025207,0.9659258262890683
2017-04-29 23:25:00,66,48.2,3.09,0.24242424242424243,원활,저녁(18-23),-0.2588190451025207,0.9659258262890683
2017-04-29 23:30:00,36,50.9,1.67,0.16666666666666666,원활,저녁(18-23),-0.2588190451025207,0.9659258262890683
2017-04-29 23:35:00,45,51.3,2.01,0.2222222222222222,원활,저녁(18-23),-0.2588190451025207,0.9659258262890683
2017-04-29 23:40:00,47,53.9,1.89,0.2978723404255319,원활,저녁(18-23),-0.2588190451025207,0.9659258262890683
2017-04-29 23:45:00,32,50.6,1.36,0.125,원활,저녁(18-23),-0.2588190451025207,0.9659258262890683
2017-04-29 23:50:00,31,59.3,1.4,0.3225806451612903,원활,저녁(18-23),-0.2588190451025207,0.9659258262890683
2017-04-29 23:55:00,39,52.5,1.74,0.15384615384615385,원활,저녁(18-23),-0.2588190451025207,0.9659258262890683
