범죄대분류,범죄중분류,crime_major_4,region,sido,sido_6,origin_2lv,count
강력범죄,살인기수,기타(Top3외),서울 종로구,서울,서울,국내,0
강력범죄,살인미수등,기타(Top3외),서울 종로구,서울,서울,국내,1
강력범죄,강도,기타(Top3외),서울 종로구,서울,서울,국내,5
강력범죄,강간,기타(Top3외),서울 종로구,서울,서울,국내,31
강력범죄,유사강간,기타(Top3외),서울 종로구,서울,서울,국내,6
강력범죄,강제추행,기타(Top3외),서울 종로구,서울,서울,국내,171
강력범죄,기타 강간/강제추행등,기타(Top3외),서울 종로구,서울,서울,국내,0
강력범죄,방화,기타(Top3외),서울 종로구,서울,서울,국내,9
절도범죄,절도범죄,기타(Top3외),서울 종로구,서울,서울,국내,1180
폭력범죄,상해,기타(Top3외),서울 종로구,서울,서울,국내,110
폭력범죄,폭행,기타(Top3외),서울 종로구,서울,서울,국내,785
폭력범죄,체포/감금,기타(Top3외),서울 종로구,서울,서울,국내,2
폭력범죄,협박,기타(Top3외),서울 종로구,서울,서울,국내,143
폭력범죄,약취/유인,기타(Top3외),서울 종로구,서울,서울,국내,1
폭력범죄,폭력행위등,기타(Top3외),서울 종로구,서울,서울,국내,23
폭력범죄,공갈,기타(Top3외),서울 종로구,서울,서울,국내,27
폭력범죄,손괴,기타(Top3외),서울 종로구,서울,서울,국내,269
지능범죄,직무유기,지능범죄,서울 종로구,서울,서울,국내,15
지능범죄,직권남용,지능범죄,서울 종로구,서울,서울,국내,24
지능범죄,증수뢰,지능범죄,서울 종로구,서울,서울,국내,3
지능범죄,통화,지능범죄,서울 종로구,서울,서울,국내,11
지능범죄,문서/인장,지능범죄,서울 종로구,서울,서울,국내,73
지능범죄,유가증권인지,지능범죄,서울 종로구,서울,서울,국내,2
지능범죄,사기,지능범죄,서울 종로구,서울,서울,국내,2440
지능범죄,횡령,지능범죄,서울 종로구,서울,서울,국내,766
지능범죄,배임,지능범죄,서울 종로구,서울,서울,국내,36
풍속범죄,성풍속범죄,기타(Top3외),서울 종로구,서울,서울,국내,129
풍속범죄,도박범죄,기타(Top3외),서울 종로구,서울,서울,국내,19
특별경제범죄,특별경제범죄,기타(Top3외),서울 종로구,서울,서울,국내,845
마약범죄,마약범죄,기타(Top3외),서울 종로구,서울,서울,국내,59
보건범죄,보건범죄,기타(Top3외),서울 종로구,서울,서울,국내,81
환경범죄,환경범죄,기타(Top3외),서울 종로구,서울,서울,국내,0
교통범죄,교통범죄,교통범죄,서울 종로구,서울,서울,국내,715
노동범죄,노동범죄,기타(Top3외),서울 종로구,서울,서울,국내,5
안보범죄,안보범죄,기타(Top3외),서울 종로구,서울,서울,국내,5
선거범죄,선거범죄,기타(Top3외),서울 종로구,서울,서울,국내,18
병역범죄,병역범죄,기타(Top3외),서울 종로구,서울,서울,국내,35
기타범죄,기타범죄,기타범죄,서울 종로구,서울,서울,국내,1971
강력범죄,살인기수,기타(Top3외),서울 중구,서울,서울,국내,3
강력범죄,살인미수등,기타(Top3외),서울 중구,서울,서울,국내,2
강력범죄,강도,기타(Top3외),서울 중구,서울,서울,국내,5
강력범죄,강간,기타(Top3외),서울 중구,서울,서울,국내,21
강력범죄,유사강간,기타(Top3외),서울 중구,서울,서울,국내,7
강력범죄,강제추행,기타(Top3외),서울 중구,서울,서울,국내,150
강력범죄,기타 강간/강제추행등,기타(Top3외),서울 중구,서울,서울,국내,2
강력범죄,방화,기타(Top3외),서울 중구,서울,서울,국내,8
절도범죄,절도범죄,기타(Top3외),서울 중구,서울,서울,국내,1410
폭력범죄,상해,기타(Top3외),서울 중구,서울,서울,국내,96
폭력범죄,폭행,기타(Top3외),서울 중구,서울,서울,국내,866
폭력범죄,체포/감금,기타(Top3외),서울 중구,서울,서울,국내,5
폭력범죄,협박,기타(Top3외),서울 중구,서울,서울,국내,125
폭력범죄,약취/유인,기타(Top3외),서울 중구,서울,서울,국내,0
폭력범죄,폭력행위등,기타(Top3외),서울 중구,서울,서울,국내,37
폭력범죄,공갈,기타(Top3외),서울 중구,서울,서울,국내,21
폭력범죄,손괴,기타(Top3외),서울 중구,서울,서울,국내,228
지능범죄,직무유기,지능범죄,서울 중구,서울,서울,국내,9
지능범죄,직권남용,지능범죄,서울 중구,서울,서울,국내,15
지능범죄,증수뢰,지능범죄,서울 중구,서울,서울,국내,3
지능범죄,통화,지능범죄,서울 중구,서울,서울,국내,49
지능범죄,문서/인장,지능범죄,서울 중구,서울,서울,국내,76
지능범죄,유가증권인지,지능범죄,서울 중구,서울,서울,국내,4
지능범죄,사기,지능범죄,서울 중구,서울,서울,국내,1770
지능범죄,횡령,지능범죄,서울 중구,서울,서울,국내,823
지능범죄,배임,지능범죄,서울 중구,서울,서울,국내,35
풍속범죄,성풍속범죄,기타(Top3외),서울 중구,서울,서울,국내,99
풍속범죄,도박범죄,기타(Top3외),서울 중구,서울,서울,국내,16
특별경제범죄,특별경제범죄,기타(Top3외),서울 중구,서울,서울,국내,995
마약범죄,마약범죄,기타(Top3외),서울 중구,서울,서울,국내,56
보건범죄,보건범죄,기타(Top3외),서울 중구,서울,서울,국내,95
환경범죄,환경범죄,기타(Top3외),서울 중구,서울,서울,국내,0
교통범죄,교통범죄,교통범죄,서울 중구,서울,서울,국내,717
노동범죄,노동범죄,기타(Top3외),서울 중구,서울,서울,국내,1
안보범죄,안보범죄,기타(Top3외),서울 중구,서울,서울,국내,3
선거범죄,선거범죄,기타(Top3외),서울 중구,서울,서울,국내,18
병역범죄,병역범죄,기타(Top3외),서울 중구,서울,서울,국내,15
기타범죄,기타범죄,기타범죄,서울 중구,서울,서울,국내,2134
강력범죄,살인기수,기타(Top3외),서울 용산구,서울,서울,국내,5
강력범죄,살인미수등,기타(Top3외),서울 용산구,서울,서울,국내,5
강력범죄,강도,기타(Top3외),서울 용산구,서울,서울,국내,4
강력범죄,강간,기타(Top3외),서울 용산구,서울,서울,국내,52
강력범죄,유사강간,기타(Top3외),서울 용산구,서울,서울,국내,9
강력범죄,강제추행,기타(Top3외),서울 용산구,서울,서울,국내,201
강력범죄,기타 강간/강제추행등,기타(Top3외),서울 용산구,서울,서울,국내,0
강력범죄,방화,기타(Top3외),서울 용산구,서울,서울,국내,6
절도범죄,절도범죄,기타(Top3외),서울 용산구,서울,서울,국내,1072
폭력범죄,상해,기타(Top3외),서울 용산구,서울,서울,국내,103
폭력범죄,폭행,기타(Top3외),서울 용산구,서울,서울,국내,1187
폭력범죄,체포/감금,기타(Top3외),서울 용산구,서울,서울,국내,9
폭력범죄,협박,기타(Top3외),서울 용산구,서울,서울,국내,146
폭력범죄,약취/유인,기타(Top3외),서울 용산구,서울,서울,국내,5
폭력범죄,폭력행위등,기타(Top3외),서울 용산구,서울,서울,국내,47
폭력범죄,공갈,기타(Top3외),서울 용산구,서울,서울,국내,43
폭력범죄,손괴,기타(Top3외),서울 용산구,서울,서울,국내,401
지능범죄,직무유기,지능범죄,서울 용산구,서울,서울,국내,12
지능범죄,직권남용,지능범죄,서울 용산구,서울,서울,국내,13
지능범죄,증수뢰,지능범죄,서울 용산구,서울,서울,국내,2
지능범죄,통화,지능범죄,서울 용산구,서울,서울,국내,3
지능범죄,문서/인장,지능범죄,서울 용산구,서울,서울,국내,43
지능범죄,유가증권인지,지능범죄,서울 용산구,서울,서울,국내,0
지능범죄,사기,지능범죄,서울 용산구,서울,서울,국내,2170
지능범죄,횡령,지능범죄,서울 용산구,서울,서울,국내,594
지능범죄,배임,지능범죄,서울 용산구,서울,서울,국내,38
풍속범죄,성풍속범죄,기타(Top3외),서울 용산구,서울,서울,국내,128
풍속범죄,도박범죄,기타(Top3외),서울 용산구,서울,서울,국내,23
특별경제범죄,특별경제범죄,기타(Top3외),서울 용산구,서울,서울,국내,848
마약범죄,마약범죄,기타(Top3외),서울 용산구,서울,서울,국내,178
보건범죄,보건범죄,기타(Top3외),서울 용산구,서울,서울,국내,102
환경범죄,환경범죄,기타(Top3외),서울 용산구,서울,서울,국내,1
교통범죄,교통범죄,교통범죄,서울 용산구,서울,서울,국내,978
노동범죄,노동범죄,기타(Top3외),서울 용산구,서울,서울,국내,0
안보범죄,안보범죄,기타(Top3외),서울 용산구,서울,서울,국내,6
선거범죄,선거범죄,기타(Top3외),서울 용산구,서울,서울,국내,7
병역범죄,병역범죄,기타(Top3외),서울 용산구,서울,서울,국내,37
기타범죄,기타범죄,기타범죄,서울 용산구,서울,서울,국내,2258
강력범죄,살인기수,기타(Top3외),서울 성동구,서울,서울,국내,2
강력범죄,살인미수등,기타(Top3외),서울 성동구,서울,서울,국내,3
강력범죄,강도,기타(Top3외),서울 성동구,서울,서울,국내,2
강력범죄,강간,기타(Top3외),서울 성동구,서울,서울,국내,22
강력범죄,유사강간,기타(Top3외),서울 성동구,서울,서울,국내,3
강력범죄,강제추행,기타(Top3외),서울 성동구,서울,서울,국내,88
강력범죄,기타 강간/강제추행등,기타(Top3외),서울 성동구,서울,서울,국내,1
강력범죄,방화,기타(Top3외),서울 성동구,서울,서울,국내,7
절도범죄,절도범죄,기타(Top3외),서울 성동구,서울,서울,국내,968
폭력범죄,상해,기타(Top3외),서울 성동구,서울,서울,국내,74
폭력범죄,폭행,기타(Top3외),서울 성동구,서울,서울,국내,504
폭력범죄,체포/감금,기타(Top3외),서울 성동구,서울,서울,국내,1
폭력범죄,협박,기타(Top3외),서울 성동구,서울,서울,국내,148
폭력범죄,약취/유인,기타(Top3외),서울 성동구,서울,서울,국내,1
폭력범죄,폭력행위등,기타(Top3외),서울 성동구,서울,서울,국내,17
폭력범죄,공갈,기타(Top3외),서울 성동구,서울,서울,국내,35
폭력범죄,손괴,기타(Top3외),서울 성동구,서울,서울,국내,253
지능범죄,직무유기,지능범죄,서울 성동구,서울,서울,국내,9
지능범죄,직권남용,지능범죄,서울 성동구,서울,서울,국내,3
지능범죄,증수뢰,지능범죄,서울 성동구,서울,서울,국내,1
지능범죄,통화,지능범죄,서울 성동구,서울,서울,국내,3
지능범죄,문서/인장,지능범죄,서울 성동구,서울,서울,국내,73
지능범죄,유가증권인지,지능범죄,서울 성동구,서울,서울,국내,0
지능범죄,사기,지능범죄,서울 성동구,서울,서울,국내,2738
지능범죄,횡령,지능범죄,서울 성동구,서울,서울,국내,555
지능범죄,배임,지능범죄,서울 성동구,서울,서울,국내,27
풍속범죄,성풍속범죄,기타(Top3외),서울 성동구,서울,서울,국내,123
풍속범죄,도박범죄,기타(Top3외),서울 성동구,서울,서울,국내,21
특별경제범죄,특별경제범죄,기타(Top3외),서울 성동구,서울,서울,국내,669
마약범죄,마약범죄,기타(Top3외),서울 성동구,서울,서울,국내,86
보건범죄,보건범죄,기타(Top3외),서울 성동구,서울,서울,국내,21
환경범죄,환경범죄,기타(Top3외),서울 성동구,서울,서울,국내,0
교통범죄,교통범죄,교통범죄,서울 성동구,서울,서울,국내,768
노동범죄,노동범죄,기타(Top3외),서울 성동구,서울,서울,국내,3
안보범죄,안보범죄,기타(Top3외),서울 성동구,서울,서울,국내,1
선거범죄,선거범죄,기타(Top3외),서울 성동구,서울,서울,국내,11
병역범죄,병역범죄,기타(Top3외),서울 성동구,서울,서울,국내,55
기타범죄,기타범죄,기타범죄,서울 성동구,서울,서울,국내,1502
강력범죄,살인기수,기타(Top3외),서울 광진구,서울,서울,국내,1
강력범죄,살인미수등,기타(Top3외),서울 광진구,서울,서울,국내,1
강력범죄,강도,기타(Top3외),서울 광진구,서울,서울,국내,6
강력범죄,강간,기타(Top3외),서울 광진구,서울,서울,국내,49
강력범죄,유사강간,기타(Top3외),서울 광진구,서울,서울,국내,9
강력범죄,강제추행,기타(Top3외),서울 광진구,서울,서울,국내,178
강력범죄,기타 강간/강제추행등,기타(Top3외),서울 광진구,서울,서울,국내,1
강력범죄,방화,기타(Top3외),서울 광진구,서울,서울,국내,7
절도범죄,절도범죄,기타(Top3외),서울 광진구,서울,서울,국내,1321
폭력범죄,상해,기타(Top3외),서울 광진구,서울,서울,국내,89
폭력범죄,폭행,기타(Top3외),서울 광진구,서울,서울,국내,705
폭력범죄,체포/감금,기타(Top3외),서울 광진구,서울,서울,국내,7
폭력범죄,협박,기타(Top3외),서울 광진구,서울,서울,국내,120
폭력범죄,약취/유인,기타(Top3외),서울 광진구,서울,서울,국내,2
폭력범죄,폭력행위등,기타(Top3외),서울 광진구,서울,서울,국내,22
폭력범죄,공갈,기타(Top3외),서울 광진구,서울,서울,국내,44
폭력범죄,손괴,기타(Top3외),서울 광진구,서울,서울,국내,314
지능범죄,직무유기,지능범죄,서울 광진구,서울,서울,국내,6
지능범죄,직권남용,지능범죄,서울 광진구,서울,서울,국내,10
지능범죄,증수뢰,지능범죄,서울 광진구,서울,서울,국내,5
지능범죄,통화,지능범죄,서울 광진구,서울,서울,국내,8
지능범죄,문서/인장,지능범죄,서울 광진구,서울,서울,국내,80
지능범죄,유가증권인지,지능범죄,서울 광진구,서울,서울,국내,1
지능범죄,사기,지능범죄,서울 광진구,서울,서울,국내,2150
지능범죄,횡령,지능범죄,서울 광진구,서울,서울,국내,694
지능범죄,배임,지능범죄,서울 광진구,서울,서울,국내,22
풍속범죄,성풍속범죄,기타(Top3외),서울 광진구,서울,서울,국내,169
풍속범죄,도박범죄,기타(Top3외),서울 광진구,서울,서울,국내,44
특별경제범죄,특별경제범죄,기타(Top3외),서울 광진구,서울,서울,국내,799
마약범죄,마약범죄,기타(Top3외),서울 광진구,서울,서울,국내,80
보건범죄,보건범죄,기타(Top3외),서울 광진구,서울,서울,국내,34
환경범죄,환경범죄,기타(Top3외),서울 광진구,서울,서울,국내,1
교통범죄,교통범죄,교통범죄,서울 광진구,서울,서울,국내,899
노동범죄,노동범죄,기타(Top3외),서울 광진구,서울,서울,국내,0
안보범죄,안보범죄,기타(Top3외),서울 광진구,서울,서울,국내,0
선거범죄,선거범죄,기타(Top3외),서울 광진구,서울,서울,국내,9
병역범죄,병역범죄,기타(Top3외),서울 광진구,서울,서울,국내,81
기타범죄,기타범죄,기타범죄,서울 광진구,서울,서울,국내,1835
강력범죄,살인기수,기타(Top3외),서울 동대문구,서울,서울,국내,2
강력범죄,살인미수등,기타(Top3외),서울 동대문구,서울,서울,국내,5
강력범죄,강도,기타(Top3외),서울 동대문구,서울,서울,국내,4
강력범죄,강간,기타(Top3외),서울 동대문구,서울,서울,국내,25
강력범죄,유사강간,기타(Top3외),서울 동대문구,서울,서울,국내,9
강력범죄,강제추행,기타(Top3외),서울 동대문구,서울,서울,국내,90
강력범죄,기타 강간/강제추행등,기타(Top3외),서울 동대문구,서울,서울,국내,1
강력범죄,방화,기타(Top3외),서울 동대문구,서울,서울,국내,8
절도범죄,절도범죄,기타(Top3외),서울 동대문구,서울,서울,국내,1618
폭력범죄,상해,기타(Top3외),서울 동대문구,서울,서울,국내,88
폭력범죄,폭행,기타(Top3외),서울 동대문구,서울,서울,국내,869
폭력범죄,체포/감금,기타(Top3외),서울 동대문구,서울,서울,국내,2
폭력범죄,협박,기타(Top3외),서울 동대문구,서울,서울,국내,168
폭력범죄,약취/유인,기타(Top3외),서울 동대문구,서울,서울,국내,2
폭력범죄,폭력행위등,기타(Top3외),서울 동대문구,서울,서울,국내,27
폭력범죄,공갈,기타(Top3외),서울 동대문구,서울,서울,국내,39
폭력범죄,손괴,기타(Top3외),서울 동대문구,서울,서울,국내,267
지능범죄,직무유기,지능범죄,서울 동대문구,서울,서울,국내,8
지능범죄,직권남용,지능범죄,서울 동대문구,서울,서울,국내,13
지능범죄,증수뢰,지능범죄,서울 동대문구,서울,서울,국내,2
지능범죄,통화,지능범죄,서울 동대문구,서울,서울,국내,7
지능범죄,문서/인장,지능범죄,서울 동대문구,서울,서울,국내,66
지능범죄,유가증권인지,지능범죄,서울 동대문구,서울,서울,국내,1
지능범죄,사기,지능범죄,서울 동대문구,서울,서울,국내,2685
지능범죄,횡령,지능범죄,서울 동대문구,서울,서울,국내,617
지능범죄,배임,지능범죄,서울 동대문구,서울,서울,국내,25
풍속범죄,성풍속범죄,기타(Top3외),서울 동대문구,서울,서울,국내,125
풍속범죄,도박범죄,기타(Top3외),서울 동대문구,서울,서울,국내,36
특별경제범죄,특별경제범죄,기타(Top3외),서울 동대문구,서울,서울,국내,807
마약범죄,마약범죄,기타(Top3외),서울 동대문구,서울,서울,국내,91
보건범죄,보건범죄,기타(Top3외),서울 동대문구,서울,서울,국내,81
환경범죄,환경범죄,기타(Top3외),서울 동대문구,서울,서울,국내,2
교통범죄,교통범죄,교통범죄,서울 동대문구,서울,서울,국내,1265
노동범죄,노동범죄,기타(Top3외),서울 동대문구,서울,서울,국내,1
안보범죄,안보범죄,기타(Top3외),서울 동대문구,서울,서울,국내,2
선거범죄,선거범죄,기타(Top3외),서울 동대문구,서울,서울,국내,5
병역범죄,병역범죄,기타(Top3외),서울 동대문구,서울,서울,국내,85
기타범죄,기타범죄,기타범죄,서울 동대문구,서울,서울,국내,1669
강력범죄,살인기수,기타(Top3외),서울 중랑구,서울,서울,국내,3
강력범죄,살인미수등,기타(Top3외),서울 중랑구,서울,서울,국내,2
강력범죄,강도,기타(Top3외),서울 중랑구,서울,서울,국내,2
강력범죄,강간,기타(Top3외),서울 중랑구,서울,서울,국내,35
강력범죄,유사강간,기타(Top3외),서울 중랑구,서울,서울,국내,5
강력범죄,강제추행,기타(Top3외),서울 중랑구,서울,서울,국내,102
강력범죄,기타 강간/강제추행등,기타(Top3외),서울 중랑구,서울,서울,국내,0
강력범죄,방화,기타(Top3외),서울 중랑구,서울,서울,국내,10
절도범죄,절도범죄,기타(Top3외),서울 중랑구,서울,서울,국내,1439
폭력범죄,상해,기타(Top3외),서울 중랑구,서울,서울,국내,117
폭력범죄,폭행,기타(Top3외),서울 중랑구,서울,서울,국내,840
폭력범죄,체포/감금,기타(Top3외),서울 중랑구,서울,서울,국내,3
폭력범죄,협박,기타(Top3외),서울 중랑구,서울,서울,국내,186
폭력범죄,약취/유인,기타(Top3외),서울 중랑구,서울,서울,국내,5
폭력범죄,폭력행위등,기타(Top3외),서울 중랑구,서울,서울,국내,41
폭력범죄,공갈,기타(Top3외),서울 중랑구,서울,서울,국내,52
폭력범죄,손괴,기타(Top3외),서울 중랑구,서울,서울,국내,335
지능범죄,직무유기,지능범죄,서울 중랑구,서울,서울,국내,2
지능범죄,직권남용,지능범죄,서울 중랑구,서울,서울,국내,8
지능범죄,증수뢰,지능범죄,서울 중랑구,서울,서울,국내,0
지능범죄,통화,지능범죄,서울 중랑구,서울,서울,국내,3
지능범죄,문서/인장,지능범죄,서울 중랑구,서울,서울,국내,77
지능범죄,유가증권인지,지능범죄,서울 중랑구,서울,서울,국내,0
지능범죄,사기,지능범죄,서울 중랑구,서울,서울,국내,2809
지능범죄,횡령,지능범죄,서울 중랑구,서울,서울,국내,468
지능범죄,배임,지능범죄,서울 중랑구,서울,서울,국내,19
풍속범죄,성풍속범죄,기타(Top3외),서울 중랑구,서울,서울,국내,126
풍속범죄,도박범죄,기타(Top3외),서울 중랑구,서울,서울,국내,37
특별경제범죄,특별경제범죄,기타(Top3외),서울 중랑구,서울,서울,국내,843
마약범죄,마약범죄,기타(Top3외),서울 중랑구,서울,서울,국내,58
보건범죄,보건범죄,기타(Top3외),서울 중랑구,서울,서울,국내,42
환경범죄,환경범죄,기타(Top3외),서울 중랑구,서울,서울,국내,1
교통범죄,교통범죄,교통범죄,서울 중랑구,서울,서울,국내,1051
노동범죄,노동범죄,기타(Top3외),서울 중랑구,서울,서울,국내,1
안보범죄,안보범죄,기타(Top3외),서울 중랑구,서울,서울,국내,1
선거범죄,선거범죄,기타(Top3외),서울 중랑구,서울,서울,국내,8
병역범죄,병역범죄,기타(Top3외),서울 중랑구,서울,서울,국내,77
기타범죄,기타범죄,기타범죄,서울 중랑구,서울,서울,국내,1936
강력범죄,살인기수,기타(Top3외),서울 성북구,서울,서울,국내,1
강력범죄,살인미수등,기타(Top3외),서울 성북구,서울,서울,국내,1
강력범죄,강도,기타(Top3외),서울 성북구,서울,서울,국내,1
강력범죄,강간,기타(Top3외),서울 성북구,서울,서울,국내,32
강력범죄,유사강간,기타(Top3외),서울 성북구,서울,서울,국내,8
강력범죄,강제추행,기타(Top3외),서울 성북구,서울,서울,국내,105
강력범죄,기타 강간/강제추행등,기타(Top3외),서울 성북구,서울,서울,국내,1
강력범죄,방화,기타(Top3외),서울 성북구,서울,서울,국내,5
절도범죄,절도범죄,기타(Top3외),서울 성북구,서울,서울,국내,884
폭력범죄,상해,기타(Top3외),서울 성북구,서울,서울,국내,67
폭력범죄,폭행,기타(Top3외),서울 성북구,서울,서울,국내,648
폭력범죄,체포/감금,기타(Top3외),서울 성북구,서울,서울,국내,8
폭력범죄,협박,기타(Top3외),서울 성북구,서울,서울,국내,127
폭력범죄,약취/유인,기타(Top3외),서울 성북구,서울,서울,국내,1
폭력범죄,폭력행위등,기타(Top3외),서울 성북구,서울,서울,국내,17
폭력범죄,공갈,기타(Top3외),서울 성북구,서울,서울,국내,34
폭력범죄,손괴,기타(Top3외),서울 성북구,서울,서울,국내,247
지능범죄,직무유기,지능범죄,서울 성북구,서울,서울,국내,10
지능범죄,직권남용,지능범죄,서울 성북구,서울,서울,국내,6
지능범죄,증수뢰,지능범죄,서울 성북구,서울,서울,국내,4
지능범죄,통화,지능범죄,서울 성북구,서울,서울,국내,4
지능범죄,문서/인장,지능범죄,서울 성북구,서울,서울,국내,57
지능범죄,유가증권인지,지능범죄,서울 성북구,서울,서울,국내,0
지능범죄,사기,지능범죄,서울 성북구,서울,서울,국내,2860
지능범죄,횡령,지능범죄,서울 성북구,서울,서울,국내,412
지능범죄,배임,지능범죄,서울 성북구,서울,서울,국내,27
풍속범죄,성풍속범죄,기타(Top3외),서울 성북구,서울,서울,국내,125
풍속범죄,도박범죄,기타(Top3외),서울 성북구,서울,서울,국내,16
특별경제범죄,특별경제범죄,기타(Top3외),서울 성북구,서울,서울,국내,736
마약범죄,마약범죄,기타(Top3외),서울 성북구,서울,서울,국내,43
보건범죄,보건범죄,기타(Top3외),서울 성북구,서울,서울,국내,44
환경범죄,환경범죄,기타(Top3외),서울 성북구,서울,서울,국내,3
교통범죄,교통범죄,교통범죄,서울 성북구,서울,서울,국내,933
노동범죄,노동범죄,기타(Top3외),서울 성북구,서울,서울,국내,1
안보범죄,안보범죄,기타(Top3외),서울 성북구,서울,서울,국내,1
선거범죄,선거범죄,기타(Top3외),서울 성북구,서울,서울,국내,5
병역범죄,병역범죄,기타(Top3외),서울 성북구,서울,서울,국내,70
기타범죄,기타범죄,기타범죄,서울 성북구,서울,서울,국내,1614
강력범죄,살인기수,기타(Top3외),서울 강북구,서울,서울,국내,0
강력범죄,살인미수등,기타(Top3외),서울 강북구,서울,서울,국내,6
강력범죄,강도,기타(Top3외),서울 강북구,서울,서울,국내,0
강력범죄,강간,기타(Top3외),서울 강북구,서울,서울,국내,40
강력범죄,유사강간,기타(Top3외),서울 강북구,서울,서울,국내,3
강력범죄,강제추행,기타(Top3외),서울 강북구,서울,서울,국내,98
강력범죄,기타 강간/강제추행등,기타(Top3외),서울 강북구,서울,서울,국내,0
강력범죄,방화,기타(Top3외),서울 강북구,서울,서울,국내,4
절도범죄,절도범죄,기타(Top3외),서울 강북구,서울,서울,국내,968
폭력범죄,상해,기타(Top3외),서울 강북구,서울,서울,국내,71
폭력범죄,폭행,기타(Top3외),서울 강북구,서울,서울,국내,703
폭력범죄,체포/감금,기타(Top3외),서울 강북구,서울,서울,국내,3
폭력범죄,협박,기타(Top3외),서울 강북구,서울,서울,국내,129
폭력범죄,약취/유인,기타(Top3외),서울 강북구,서울,서울,국내,1
폭력범죄,폭력행위등,기타(Top3외),서울 강북구,서울,서울,국내,27
폭력범죄,공갈,기타(Top3외),서울 강북구,서울,서울,국내,34
폭력범죄,손괴,기타(Top3외),서울 강북구,서울,서울,국내,201
지능범죄,직무유기,지능범죄,서울 강북구,서울,서울,국내,8
지능범죄,직권남용,지능범죄,서울 강북구,서울,서울,국내,11
지능범죄,증수뢰,지능범죄,서울 강북구,서울,서울,국내,0
지능범죄,통화,지능범죄,서울 강북구,서울,서울,국내,2
지능범죄,문서/인장,지능범죄,서울 강북구,서울,서울,국내,60
지능범죄,유가증권인지,지능범죄,서울 강북구,서울,서울,국내,1
지능범죄,사기,지능범죄,서울 강북구,서울,서울,국내,2401
지능범죄,횡령,지능범죄,서울 강북구,서울,서울,국내,306
지능범죄,배임,지능범죄,서울 강북구,서울,서울,국내,17
풍속범죄,성풍속범죄,기타(Top3외),서울 강북구,서울,서울,국내,112
풍속범죄,도박범죄,기타(Top3외),서울 강북구,서울,서울,국내,26
특별경제범죄,특별경제범죄,기타(Top3외),서울 강북구,서울,서울,국내,580
마약범죄,마약범죄,기타(Top3외),서울 강북구,서울,서울,국내,64
보건범죄,보건범죄,기타(Top3외),서울 강북구,서울,서울,국내,49
환경범죄,환경범죄,기타(Top3외),서울 강북구,서울,서울,국내,3
교통범죄,교통범죄,교통범죄,서울 강북구,서울,서울,국내,747
노동범죄,노동범죄,기타(Top3외),서울 강북구,서울,서울,국내,1
안보범죄,안보범죄,기타(Top3외),서울 강북구,서울,서울,국내,4
선거범죄,선거범죄,기타(Top3외),서울 강북구,서울,서울,국내,9
병역범죄,병역범죄,기타(Top3외),서울 강북구,서울,서울,국내,62
기타범죄,기타범죄,기타범죄,서울 강북구,서울,서울,국내,1869
강력범죄,살인기수,기타(Top3외),서울 도봉구,서울,서울,국내,5
강력범죄,살인미수등,기타(Top3외),서울 도봉구,서울,서울,국내,2
강력범죄,강도,기타(Top3외),서울 도봉구,서울,서울,국내,0
강력범죄,강간,기타(Top3외),서울 도봉구,서울,서울,국내,18
강력범죄,유사강간,기타(Top3외),서울 도봉구,서울,서울,국내,1
강력범죄,강제추행,기타(Top3외),서울 도봉구,서울,서울,국내,55
강력범죄,기타 강간/강제추행등,기타(Top3외),서울 도봉구,서울,서울,국내,0
강력범죄,방화,기타(Top3외),서울 도봉구,서울,서울,국내,5
절도범죄,절도범죄,기타(Top3외),서울 도봉구,서울,서울,국내,800
폭력범죄,상해,기타(Top3외),서울 도봉구,서울,서울,국내,58
폭력범죄,폭행,기타(Top3외),서울 도봉구,서울,서울,국내,488
폭력범죄,체포/감금,기타(Top3외),서울 도봉구,서울,서울,국내,2
폭력범죄,협박,기타(Top3외),서울 도봉구,서울,서울,국내,94
폭력범죄,약취/유인,기타(Top3외),서울 도봉구,서울,서울,국내,1
폭력범죄,폭력행위등,기타(Top3외),서울 도봉구,서울,서울,국내,20
폭력범죄,공갈,기타(Top3외),서울 도봉구,서울,서울,국내,15
폭력범죄,손괴,기타(Top3외),서울 도봉구,서울,서울,국내,180
지능범죄,직무유기,지능범죄,서울 도봉구,서울,서울,국내,3
지능범죄,직권남용,지능범죄,서울 도봉구,서울,서울,국내,5
지능범죄,증수뢰,지능범죄,서울 도봉구,서울,서울,국내,1
지능범죄,통화,지능범죄,서울 도봉구,서울,서울,국내,3
지능범죄,문서/인장,지능범죄,서울 도봉구,서울,서울,국내,38
지능범죄,유가증권인지,지능범죄,서울 도봉구,서울,서울,국내,0
지능범죄,사기,지능범죄,서울 도봉구,서울,서울,국내,1823
지능범죄,횡령,지능범죄,서울 도봉구,서울,서울,국내,245
지능범죄,배임,지능범죄,서울 도봉구,서울,서울,국내,9
풍속범죄,성풍속범죄,기타(Top3외),서울 도봉구,서울,서울,국내,82
풍속범죄,도박범죄,기타(Top3외),서울 도봉구,서울,서울,국내,12
특별경제범죄,특별경제범죄,기타(Top3외),서울 도봉구,서울,서울,국내,489
마약범죄,마약범죄,기타(Top3외),서울 도봉구,서울,서울,국내,40
보건범죄,보건범죄,기타(Top3외),서울 도봉구,서울,서울,국내,31
환경범죄,환경범죄,기타(Top3외),서울 도봉구,서울,서울,국내,1
교통범죄,교통범죄,교통범죄,서울 도봉구,서울,서울,국내,461
노동범죄,노동범죄,기타(Top3외),서울 도봉구,서울,서울,국내,1
안보범죄,안보범죄,기타(Top3외),서울 도봉구,서울,서울,국내,0
선거범죄,선거범죄,기타(Top3외),서울 도봉구,서울,서울,국내,6
병역범죄,병역범죄,기타(Top3외),서울 도봉구,서울,서울,국내,46
기타범죄,기타범죄,기타범죄,서울 도봉구,서울,서울,국내,1316
강력범죄,살인기수,기타(Top3외),서울 노원구,서울,서울,국내,3
강력범죄,살인미수등,기타(Top3외),서울 노원구,서울,서울,국내,4
강력범죄,강도,기타(Top3외),서울 노원구,서울,서울,국내,3
강력범죄,강간,기타(Top3외),서울 노원구,서울,서울,국내,29
강력범죄,유사강간,기타(Top3외),서울 노원구,서울,서울,국내,6
강력범죄,강제추행,기타(Top3외),서울 노원구,서울,서울,국내,108
강력범죄,기타 강간/강제추행등,기타(Top3외),서울 노원구,서울,서울,국내,0
강력범죄,방화,기타(Top3외),서울 노원구,서울,서울,국내,9
절도범죄,절도범죄,기타(Top3외),서울 노원구,서울,서울,국내,1506
폭력범죄,상해,기타(Top3외),서울 노원구,서울,서울,국내,68
폭력범죄,폭행,기타(Top3외),서울 노원구,서울,서울,국내,885
폭력범죄,체포/감금,기타(Top3외),서울 노원구,서울,서울,국내,2
폭력범죄,협박,기타(Top3외),서울 노원구,서울,서울,국내,164
폭력범죄,약취/유인,기타(Top3외),서울 노원구,서울,서울,국내,3
폭력범죄,폭력행위등,기타(Top3외),서울 노원구,서울,서울,국내,26
폭력범죄,공갈,기타(Top3외),서울 노원구,서울,서울,국내,45
폭력범죄,손괴,기타(Top3외),서울 노원구,서울,서울,국내,241
지능범죄,직무유기,지능범죄,서울 노원구,서울,서울,국내,5
지능범죄,직권남용,지능범죄,서울 노원구,서울,서울,국내,6
지능범죄,증수뢰,지능범죄,서울 노원구,서울,서울,국내,4
지능범죄,통화,지능범죄,서울 노원구,서울,서울,국내,9
지능범죄,문서/인장,지능범죄,서울 노원구,서울,서울,국내,59
지능범죄,유가증권인지,지능범죄,서울 노원구,서울,서울,국내,0
지능범죄,사기,지능범죄,서울 노원구,서울,서울,국내,2254
지능범죄,횡령,지능범죄,서울 노원구,서울,서울,국내,487
지능범죄,배임,지능범죄,서울 노원구,서울,서울,국내,15
풍속범죄,성풍속범죄,기타(Top3외),서울 노원구,서울,서울,국내,175
풍속범죄,도박범죄,기타(Top3외),서울 노원구,서울,서울,국내,26
특별경제범죄,특별경제범죄,기타(Top3외),서울 노원구,서울,서울,국내,809
마약범죄,마약범죄,기타(Top3외),서울 노원구,서울,서울,국내,76
보건범죄,보건범죄,기타(Top3외),서울 노원구,서울,서울,국내,43
환경범죄,환경범죄,기타(Top3외),서울 노원구,서울,서울,국내,2
교통범죄,교통범죄,교통범죄,서울 노원구,서울,서울,국내,918
노동범죄,노동범죄,기타(Top3외),서울 노원구,서울,서울,국내,1
안보범죄,안보범죄,기타(Top3외),서울 노원구,서울,서울,국내,0
선거범죄,선거범죄,기타(Top3외),서울 노원구,서울,서울,국내,13
병역범죄,병역범죄,기타(Top3외),서울 노원구,서울,서울,국내,80
기타범죄,기타범죄,기타범죄,서울 노원구,서울,서울,국내,1921
강력범죄,살인기수,기타(Top3외),서울 은평구,서울,서울,국내,6
강력범죄,살인미수등,기타(Top3외),서울 은평구,서울,서울,국내,3
강력범죄,강도,기타(Top3외),서울 은평구,서울,서울,국내,1
강력범죄,강간,기타(Top3외),서울 은평구,서울,서울,국내,37
강력범죄,유사강간,기타(Top3외),서울 은평구,서울,서울,국내,1
강력범죄,강제추행,기타(Top3외),서울 은평구,서울,서울,국내,93
강력범죄,기타 강간/강제추행등,기타(Top3외),서울 은평구,서울,서울,국내,0
강력범죄,방화,기타(Top3외),서울 은평구,서울,서울,국내,10
절도범죄,절도범죄,기타(Top3외),서울 은평구,서울,서울,국내,1520
폭력범죄,상해,기타(Top3외),서울 은평구,서울,서울,국내,111
폭력범죄,폭행,기타(Top3외),서울 은평구,서울,서울,국내,813
폭력범죄,체포/감금,기타(Top3외),서울 은평구,서울,서울,국내,4
폭력범죄,협박,기타(Top3외),서울 은평구,서울,서울,국내,181
폭력범죄,약취/유인,기타(Top3외),서울 은평구,서울,서울,국내,1
폭력범죄,폭력행위등,기타(Top3외),서울 은평구,서울,서울,국내,18
폭력범죄,공갈,기타(Top3외),서울 은평구,서울,서울,국내,71
폭력범죄,손괴,기타(Top3외),서울 은평구,서울,서울,국내,360
지능범죄,직무유기,지능범죄,서울 은평구,서울,서울,국내,3
지능범죄,직권남용,지능범죄,서울 은평구,서울,서울,국내,8
지능범죄,증수뢰,지능범죄,서울 은평구,서울,서울,국내,1
지능범죄,통화,지능범죄,서울 은평구,서울,서울,국내,4
지능범죄,문서/인장,지능범죄,서울 은평구,서울,서울,국내,80
지능범죄,유가증권인지,지능범죄,서울 은평구,서울,서울,국내,1
지능범죄,사기,지능범죄,서울 은평구,서울,서울,국내,2873
지능범죄,횡령,지능범죄,서울 은평구,서울,서울,국내,471
지능범죄,배임,지능범죄,서울 은평구,서울,서울,국내,26
풍속범죄,성풍속범죄,기타(Top3외),서울 은평구,서울,서울,국내,158
풍속범죄,도박범죄,기타(Top3외),서울 은평구,서울,서울,국내,27
특별경제범죄,특별경제범죄,기타(Top3외),서울 은평구,서울,서울,국내,695
마약범죄,마약범죄,기타(Top3외),서울 은평구,서울,서울,국내,51
보건범죄,보건범죄,기타(Top3외),서울 은평구,서울,서울,국내,47
환경범죄,환경범죄,기타(Top3외),서울 은평구,서울,서울,국내,0
교통범죄,교통범죄,교통범죄,서울 은평구,서울,서울,국내,968
노동범죄,노동범죄,기타(Top3외),서울 은평구,서울,서울,국내,1
안보범죄,안보범죄,기타(Top3외),서울 은평구,서울,서울,국내,1
선거범죄,선거범죄,기타(Top3외),서울 은평구,서울,서울,국내,16
병역범죄,병역범죄,기타(Top3외),서울 은평구,서울,서울,국내,58
기타범죄,기타범죄,기타범죄,서울 은평구,서울,서울,국내,1989
강력범죄,살인기수,기타(Top3외),서울 서대문구,서울,서울,국내,1
강력범죄,살인미수등,기타(Top3외),서울 서대문구,서울,서울,국내,2
강력범죄,강도,기타(Top3외),서울 서대문구,서울,서울,국내,0
강력범죄,강간,기타(Top3외),서울 서대문구,서울,서울,국내,40
강력범죄,유사강간,기타(Top3외),서울 서대문구,서울,서울,국내,7
강력범죄,강제추행,기타(Top3외),서울 서대문구,서울,서울,국내,83
강력범죄,기타 강간/강제추행등,기타(Top3외),서울 서대문구,서울,서울,국내,1
강력범죄,방화,기타(Top3외),서울 서대문구,서울,서울,국내,2
절도범죄,절도범죄,기타(Top3외),서울 서대문구,서울,서울,국내,1012
폭력범죄,상해,기타(Top3외),서울 서대문구,서울,서울,국내,54
폭력범죄,폭행,기타(Top3외),서울 서대문구,서울,서울,국내,495
폭력범죄,체포/감금,기타(Top3외),서울 서대문구,서울,서울,국내,5
폭력범죄,협박,기타(Top3외),서울 서대문구,서울,서울,국내,106
폭력범죄,약취/유인,기타(Top3외),서울 서대문구,서울,서울,국내,3
폭력범죄,폭력행위등,기타(Top3외),서울 서대문구,서울,서울,국내,9
폭력범죄,공갈,기타(Top3외),서울 서대문구,서울,서울,국내,18
폭력범죄,손괴,기타(Top3외),서울 서대문구,서울,서울,국내,210
지능범죄,직무유기,지능범죄,서울 서대문구,서울,서울,국내,3
지능범죄,직권남용,지능범죄,서울 서대문구,서울,서울,국내,8
지능범죄,증수뢰,지능범죄,서울 서대문구,서울,서울,국내,3
지능범죄,통화,지능범죄,서울 서대문구,서울,서울,국내,3
지능범죄,문서/인장,지능범죄,서울 서대문구,서울,서울,국내,62
지능범죄,유가증권인지,지능범죄,서울 서대문구,서울,서울,국내,0
지능범죄,사기,지능범죄,서울 서대문구,서울,서울,국내,2043
지능범죄,횡령,지능범죄,서울 서대문구,서울,서울,국내,446
지능범죄,배임,지능범죄,서울 서대문구,서울,서울,국내,15
풍속범죄,성풍속범죄,기타(Top3외),서울 서대문구,서울,서울,국내,130
풍속범죄,도박범죄,기타(Top3외),서울 서대문구,서울,서울,국내,23
특별경제범죄,특별경제범죄,기타(Top3외),서울 서대문구,서울,서울,국내,511
마약범죄,마약범죄,기타(Top3외),서울 서대문구,서울,서울,국내,49
보건범죄,보건범죄,기타(Top3외),서울 서대문구,서울,서울,국내,45
환경범죄,환경범죄,기타(Top3외),서울 서대문구,서울,서울,국내,0
교통범죄,교통범죄,교통범죄,서울 서대문구,서울,서울,국내,631
노동범죄,노동범죄,기타(Top3외),서울 서대문구,서울,서울,국내,0
안보범죄,안보범죄,기타(Top3외),서울 서대문구,서울,서울,국내,2
선거범죄,선거범죄,기타(Top3외),서울 서대문구,서울,서울,국내,10
병역범죄,병역범죄,기타(Top3외),서울 서대문구,서울,서울,국내,57
기타범죄,기타범죄,기타범죄,서울 서대문구,서울,서울,국내,1364
강력범죄,살인기수,기타(Top3외),서울 마포구,서울,서울,국내,1
강력범죄,살인미수등,기타(Top3외),서울 마포구,서울,서울,국내,3
강력범죄,강도,기타(Top3외),서울 마포구,서울,서울,국내,4
강력범죄,강간,기타(Top3외),서울 마포구,서울,서울,국내,89
강력범죄,유사강간,기타(Top3외),서울 마포구,서울,서울,국내,23
강력범죄,강제추행,기타(Top3외),서울 마포구,서울,서울,국내,391
강력범죄,기타 강간/강제추행등,기타(Top3외),서울 마포구,서울,서울,국내,1
강력범죄,방화,기타(Top3외),서울 마포구,서울,서울,국내,6
절도범죄,절도범죄,기타(Top3외),서울 마포구,서울,서울,국내,1469
폭력범죄,상해,기타(Top3외),서울 마포구,서울,서울,국내,140
폭력범죄,폭행,기타(Top3외),서울 마포구,서울,서울,국내,1179
폭력범죄,체포/감금,기타(Top3외),서울 마포구,서울,서울,국내,8
폭력범죄,협박,기타(Top3외),서울 마포구,서울,서울,국내,196
폭력범죄,약취/유인,기타(Top3외),서울 마포구,서울,서울,국내,1
폭력범죄,폭력행위등,기타(Top3외),서울 마포구,서울,서울,국내,41
폭력범죄,공갈,기타(Top3외),서울 마포구,서울,서울,국내,39
폭력범죄,손괴,기타(Top3외),서울 마포구,서울,서울,국내,308
지능범죄,직무유기,지능범죄,서울 마포구,서울,서울,국내,7
지능범죄,직권남용,지능범죄,서울 마포구,서울,서울,국내,16
지능범죄,증수뢰,지능범죄,서울 마포구,서울,서울,국내,8
지능범죄,통화,지능범죄,서울 마포구,서울,서울,국내,7
지능범죄,문서/인장,지능범죄,서울 마포구,서울,서울,국내,137
지능범죄,유가증권인지,지능범죄,서울 마포구,서울,서울,국내,0
지능범죄,사기,지능범죄,서울 마포구,서울,서울,국내,2624
지능범죄,횡령,지능범죄,서울 마포구,서울,서울,국내,1013
지능범죄,배임,지능범죄,서울 마포구,서울,서울,국내,43
풍속범죄,성풍속범죄,기타(Top3외),서울 마포구,서울,서울,국내,274
풍속범죄,도박범죄,기타(Top3외),서울 마포구,서울,서울,국내,28
특별경제범죄,특별경제범죄,기타(Top3외),서울 마포구,서울,서울,국내,991
마약범죄,마약범죄,기타(Top3외),서울 마포구,서울,서울,국내,119
보건범죄,보건범죄,기타(Top3외),서울 마포구,서울,서울,국내,202
환경범죄,환경범죄,기타(Top3외),서울 마포구,서울,서울,국내,2
교통범죄,교통범죄,교통범죄,서울 마포구,서울,서울,국내,1402
노동범죄,노동범죄,기타(Top3외),서울 마포구,서울,서울,국내,1
안보범죄,안보범죄,기타(Top3외),서울 마포구,서울,서울,국내,3
선거범죄,선거범죄,기타(Top3외),서울 마포구,서울,서울,국내,23
병역범죄,병역범죄,기타(Top3외),서울 마포구,서울,서울,국내,81
기타범죄,기타범죄,기타범죄,서울 마포구,서울,서울,국내,2608
강력범죄,살인기수,기타(Top3외),서울 양천구,서울,서울,국내,3
강력범죄,살인미수등,기타(Top3외),서울 양천구,서울,서울,국내,1
강력범죄,강도,기타(Top3외),서울 양천구,서울,서울,국내,1
강력범죄,강간,기타(Top3외),서울 양천구,서울,서울,국내,16
강력범죄,유사강간,기타(Top3외),서울 양천구,서울,서울,국내,3
강력범죄,강제추행,기타(Top3외),서울 양천구,서울,서울,국내,85
강력범죄,기타 강간/강제추행등,기타(Top3외),서울 양천구,서울,서울,국내,1
강력범죄,방화,기타(Top3외),서울 양천구,서울,서울,국내,9
절도범죄,절도범죄,기타(Top3외),서울 양천구,서울,서울,국내,1513
폭력범죄,상해,기타(Top3외),서울 양천구,서울,서울,국내,84
폭력범죄,폭행,기타(Top3외),서울 양천구,서울,서울,국내,733
폭력범죄,체포/감금,기타(Top3외),서울 양천구,서울,서울,국내,3
폭력범죄,협박,기타(Top3외),서울 양천구,서울,서울,국내,158
폭력범죄,약취/유인,기타(Top3외),서울 양천구,서울,서울,국내,5
폭력범죄,폭력행위등,기타(Top3외),서울 양천구,서울,서울,국내,27
폭력범죄,공갈,기타(Top3외),서울 양천구,서울,서울,국내,27
폭력범죄,손괴,기타(Top3외),서울 양천구,서울,서울,국내,327
지능범죄,직무유기,지능범죄,서울 양천구,서울,서울,국내,6
지능범죄,직권남용,지능범죄,서울 양천구,서울,서울,국내,12
지능범죄,증수뢰,지능범죄,서울 양천구,서울,서울,국내,4
지능범죄,통화,지능범죄,서울 양천구,서울,서울,국내,5
지능범죄,문서/인장,지능범죄,서울 양천구,서울,서울,국내,130
지능범죄,유가증권인지,지능범죄,서울 양천구,서울,서울,국내,0
지능범죄,사기,지능범죄,서울 양천구,서울,서울,국내,2504
지능범죄,횡령,지능범죄,서울 양천구,서울,서울,국내,463
지능범죄,배임,지능범죄,서울 양천구,서울,서울,국내,21
풍속범죄,성풍속범죄,기타(Top3외),서울 양천구,서울,서울,국내,83
풍속범죄,도박범죄,기타(Top3외),서울 양천구,서울,서울,국내,28
특별경제범죄,특별경제범죄,기타(Top3외),서울 양천구,서울,서울,국내,720
마약범죄,마약범죄,기타(Top3외),서울 양천구,서울,서울,국내,64
보건범죄,보건범죄,기타(Top3외),서울 양천구,서울,서울,국내,33
환경범죄,환경범죄,기타(Top3외),서울 양천구,서울,서울,국내,1
교통범죄,교통범죄,교통범죄,서울 양천구,서울,서울,국내,861
노동범죄,노동범죄,기타(Top3외),서울 양천구,서울,서울,국내,0
안보범죄,안보범죄,기타(Top3외),서울 양천구,서울,서울,국내,2
선거범죄,선거범죄,기타(Top3외),서울 양천구,서울,서울,국내,7
병역범죄,병역범죄,기타(Top3외),서울 양천구,서울,서울,국내,70
기타범죄,기타범죄,기타범죄,서울 양천구,서울,서울,국내,1859
강력범죄,살인기수,기타(Top3외),서울 강서구,서울,서울,국내,3
강력범죄,살인미수등,기타(Top3외),서울 강서구,서울,서울,국내,2
강력범죄,강도,기타(Top3외),서울 강서구,서울,서울,국내,6
강력범죄,강간,기타(Top3외),서울 강서구,서울,서울,국내,53
강력범죄,유사강간,기타(Top3외),서울 강서구,서울,서울,국내,16
강력범죄,강제추행,기타(Top3외),서울 강서구,서울,서울,국내,193
강력범죄,기타 강간/강제추행등,기타(Top3외),서울 강서구,서울,서울,국내,3
강력범죄,방화,기타(Top3외),서울 강서구,서울,서울,국내,12
절도범죄,절도범죄,기타(Top3외),서울 강서구,서울,서울,국내,1671
폭력범죄,상해,기타(Top3외),서울 강서구,서울,서울,국내,126
폭력범죄,폭행,기타(Top3외),서울 강서구,서울,서울,국내,1171
폭력범죄,체포/감금,기타(Top3외),서울 강서구,서울,서울,국내,11
폭력범죄,협박,기타(Top3외),서울 강서구,서울,서울,국내,269
폭력범죄,약취/유인,기타(Top3외),서울 강서구,서울,서울,국내,2
폭력범죄,폭력행위등,기타(Top3외),서울 강서구,서울,서울,국내,36
폭력범죄,공갈,기타(Top3외),서울 강서구,서울,서울,국내,81
폭력범죄,손괴,기타(Top3외),서울 강서구,서울,서울,국내,353
지능범죄,직무유기,지능범죄,서울 강서구,서울,서울,국내,10
지능범죄,직권남용,지능범죄,서울 강서구,서울,서울,국내,11
지능범죄,증수뢰,지능범죄,서울 강서구,서울,서울,국내,5
지능범죄,통화,지능범죄,서울 강서구,서울,서울,국내,7
지능범죄,문서/인장,지능범죄,서울 강서구,서울,서울,국내,98
지능범죄,유가증권인지,지능범죄,서울 강서구,서울,서울,국내,2
지능범죄,사기,지능범죄,서울 강서구,서울,서울,국내,4236
지능범죄,횡령,지능범죄,서울 강서구,서울,서울,국내,649
지능범죄,배임,지능범죄,서울 강서구,서울,서울,국내,41
풍속범죄,성풍속범죄,기타(Top3외),서울 강서구,서울,서울,국내,262
풍속범죄,도박범죄,기타(Top3외),서울 강서구,서울,서울,국내,69
특별경제범죄,특별경제범죄,기타(Top3외),서울 강서구,서울,서울,국내,1115
마약범죄,마약범죄,기타(Top3외),서울 강서구,서울,서울,국내,139
보건범죄,보건범죄,기타(Top3외),서울 강서구,서울,서울,국내,103
환경범죄,환경범죄,기타(Top3외),서울 강서구,서울,서울,국내,8
교통범죄,교통범죄,교통범죄,서울 강서구,서울,서울,국내,1374
노동범죄,노동범죄,기타(Top3외),서울 강서구,서울,서울,국내,4
안보범죄,안보범죄,기타(Top3외),서울 강서구,서울,서울,국내,4
선거범죄,선거범죄,기타(Top3외),서울 강서구,서울,서울,국내,21
병역범죄,병역범죄,기타(Top3외),서울 강서구,서울,서울,국내,94
기타범죄,기타범죄,기타범죄,서울 강서구,서울,서울,국내,2813
강력범죄,살인기수,기타(Top3외),서울 구로구,서울,서울,국내,2
강력범죄,살인미수등,기타(Top3외),서울 구로구,서울,서울,국내,5
강력범죄,강도,기타(Top3외),서울 구로구,서울,서울,국내,0
강력범죄,강간,기타(Top3외),서울 구로구,서울,서울,국내,30
강력범죄,유사강간,기타(Top3외),서울 구로구,서울,서울,국내,7
강력범죄,강제추행,기타(Top3외),서울 구로구,서울,서울,국내,150
강력범죄,기타 강간/강제추행등,기타(Top3외),서울 구로구,서울,서울,국내,0
강력범죄,방화,기타(Top3외),서울 구로구,서울,서울,국내,5
절도범죄,절도범죄,기타(Top3외),서울 구로구,서울,서울,국내,1572
폭력범죄,상해,기타(Top3외),서울 구로구,서울,서울,국내,80
폭력범죄,폭행,기타(Top3외),서울 구로구,서울,서울,국내,961
폭력범죄,체포/감금,기타(Top3외),서울 구로구,서울,서울,국내,2
폭력범죄,협박,기타(Top3외),서울 구로구,서울,서울,국내,175
폭력범죄,약취/유인,기타(Top3외),서울 구로구,서울,서울,국내,0
폭력범죄,폭력행위등,기타(Top3외),서울 구로구,서울,서울,국내,38
폭력범죄,공갈,기타(Top3외),서울 구로구,서울,서울,국내,29
폭력범죄,손괴,기타(Top3외),서울 구로구,서울,서울,국내,331
지능범죄,직무유기,지능범죄,서울 구로구,서울,서울,국내,9
지능범죄,직권남용,지능범죄,서울 구로구,서울,서울,국내,11
지능범죄,증수뢰,지능범죄,서울 구로구,서울,서울,국내,0
지능범죄,통화,지능범죄,서울 구로구,서울,서울,국내,2
지능범죄,문서/인장,지능범죄,서울 구로구,서울,서울,국내,100
지능범죄,유가증권인지,지능범죄,서울 구로구,서울,서울,국내,0
지능범죄,사기,지능범죄,서울 구로구,서울,서울,국내,3199
지능범죄,횡령,지능범죄,서울 구로구,서울,서울,국내,583
지능범죄,배임,지능범죄,서울 구로구,서울,서울,국내,20
풍속범죄,성풍속범죄,기타(Top3외),서울 구로구,서울,서울,국내,154
풍속범죄,도박범죄,기타(Top3외),서울 구로구,서울,서울,국내,35
특별경제범죄,특별경제범죄,기타(Top3외),서울 구로구,서울,서울,국내,1017
마약범죄,마약범죄,기타(Top3외),서울 구로구,서울,서울,국내,110
보건범죄,보건범죄,기타(Top3외),서울 구로구,서울,서울,국내,72
환경범죄,환경범죄,기타(Top3외),서울 구로구,서울,서울,국내,0
교통범죄,교통범죄,교통범죄,서울 구로구,서울,서울,국내,900
노동범죄,노동범죄,기타(Top3외),서울 구로구,서울,서울,국내,1
안보범죄,안보범죄,기타(Top3외),서울 구로구,서울,서울,국내,1
선거범죄,선거범죄,기타(Top3외),서울 구로구,서울,서울,국내,7
병역범죄,병역범죄,기타(Top3외),서울 구로구,서울,서울,국내,66
기타범죄,기타범죄,기타범죄,서울 구로구,서울,서울,국내,2052
강력범죄,살인기수,기타(Top3외),서울 금천구,서울,서울,국내,2
강력범죄,살인미수등,기타(Top3외),서울 금천구,서울,서울,국내,4
강력범죄,강도,기타(Top3외),서울 금천구,서울,서울,국내,3
강력범죄,강간,기타(Top3외),서울 금천구,서울,서울,국내,31
강력범죄,유사강간,기타(Top3외),서울 금천구,서울,서울,국내,2
강력범죄,강제추행,기타(Top3외),서울 금천구,서울,서울,국내,93
강력범죄,기타 강간/강제추행등,기타(Top3외),서울 금천구,서울,서울,국내,1
강력범죄,방화,기타(Top3외),서울 금천구,서울,서울,국내,5
절도범죄,절도범죄,기타(Top3외),서울 금천구,서울,서울,국내,887
폭력범죄,상해,기타(Top3외),서울 금천구,서울,서울,국내,74
폭력범죄,폭행,기타(Top3외),서울 금천구,서울,서울,국내,548
폭력범죄,체포/감금,기타(Top3외),서울 금천구,서울,서울,국내,4
폭력범죄,협박,기타(Top3외),서울 금천구,서울,서울,국내,151
폭력범죄,약취/유인,기타(Top3외),서울 금천구,서울,서울,국내,0
폭력범죄,폭력행위등,기타(Top3외),서울 금천구,서울,서울,국내,18
폭력범죄,공갈,기타(Top3외),서울 금천구,서울,서울,국내,13
폭력범죄,손괴,기타(Top3외),서울 금천구,서울,서울,국내,184
지능범죄,직무유기,지능범죄,서울 금천구,서울,서울,국내,5
지능범죄,직권남용,지능범죄,서울 금천구,서울,서울,국내,3
지능범죄,증수뢰,지능범죄,서울 금천구,서울,서울,국내,0
지능범죄,통화,지능범죄,서울 금천구,서울,서울,국내,2
지능범죄,문서/인장,지능범죄,서울 금천구,서울,서울,국내,67
지능범죄,유가증권인지,지능범죄,서울 금천구,서울,서울,국내,0
지능범죄,사기,지능범죄,서울 금천구,서울,서울,국내,3079
지능범죄,횡령,지능범죄,서울 금천구,서울,서울,국내,373
지능범죄,배임,지능범죄,서울 금천구,서울,서울,국내,30
풍속범죄,성풍속범죄,기타(Top3외),서울 금천구,서울,서울,국내,100
풍속범죄,도박범죄,기타(Top3외),서울 금천구,서울,서울,국내,23
특별경제범죄,특별경제범죄,기타(Top3외),서울 금천구,서울,서울,국내,802
마약범죄,마약범죄,기타(Top3외),서울 금천구,서울,서울,국내,58
보건범죄,보건범죄,기타(Top3외),서울 금천구,서울,서울,국내,41
환경범죄,환경범죄,기타(Top3외),서울 금천구,서울,서울,국내,1
교통범죄,교통범죄,교통범죄,서울 금천구,서울,서울,국내,817
노동범죄,노동범죄,기타(Top3외),서울 금천구,서울,서울,국내,3
안보범죄,안보범죄,기타(Top3외),서울 금천구,서울,서울,국내,1
선거범죄,선거범죄,기타(Top3외),서울 금천구,서울,서울,국내,8
병역범죄,병역범죄,기타(Top3외),서울 금천구,서울,서울,국내,73
기타범죄,기타범죄,기타범죄,서울 금천구,서울,서울,국내,1459
강력범죄,살인기수,기타(Top3외),서울 영등포구,서울,서울,국내,2
강력범죄,살인미수등,기타(Top3외),서울 영등포구,서울,서울,국내,8
강력범죄,강도,기타(Top3외),서울 영등포구,서울,서울,국내,6
강력범죄,강간,기타(Top3외),서울 영등포구,서울,서울,국내,58
강력범죄,유사강간,기타(Top3외),서울 영등포구,서울,서울,국내,10
강력범죄,강제추행,기타(Top3외),서울 영등포구,서울,서울,국내,212
강력범죄,기타 강간/강제추행등,기타(Top3외),서울 영등포구,서울,서울,국내,1
강력범죄,방화,기타(Top3외),서울 영등포구,서울,서울,국내,3
절도범죄,절도범죄,기타(Top3외),서울 영등포구,서울,서울,국내,1790
폭력범죄,상해,기타(Top3외),서울 영등포구,서울,서울,국내,141
폭력범죄,폭행,기타(Top3외),서울 영등포구,서울,서울,국내,1187
폭력범죄,체포/감금,기타(Top3외),서울 영등포구,서울,서울,국내,8
폭력범죄,협박,기타(Top3외),서울 영등포구,서울,서울,국내,188
폭력범죄,약취/유인,기타(Top3외),서울 영등포구,서울,서울,국내,3
폭력범죄,폭력행위등,기타(Top3외),서울 영등포구,서울,서울,국내,79
폭력범죄,공갈,기타(Top3외),서울 영등포구,서울,서울,국내,38
폭력범죄,손괴,기타(Top3외),서울 영등포구,서울,서울,국내,426
지능범죄,직무유기,지능범죄,서울 영등포구,서울,서울,국내,16
지능범죄,직권남용,지능범죄,서울 영등포구,서울,서울,국내,12
지능범죄,증수뢰,지능범죄,서울 영등포구,서울,서울,국내,5
지능범죄,통화,지능범죄,서울 영등포구,서울,서울,국내,9
지능범죄,문서/인장,지능범죄,서울 영등포구,서울,서울,국내,131
지능범죄,유가증권인지,지능범죄,서울 영등포구,서울,서울,국내,2
지능범죄,사기,지능범죄,서울 영등포구,서울,서울,국내,4160
지능범죄,횡령,지능범죄,서울 영등포구,서울,서울,국내,825
지능범죄,배임,지능범죄,서울 영등포구,서울,서울,국내,58
풍속범죄,성풍속범죄,기타(Top3외),서울 영등포구,서울,서울,국내,194
풍속범죄,도박범죄,기타(Top3외),서울 영등포구,서울,서울,국내,44
특별경제범죄,특별경제범죄,기타(Top3외),서울 영등포구,서울,서울,국내,1080
마약범죄,마약범죄,기타(Top3외),서울 영등포구,서울,서울,국내,146
보건범죄,보건범죄,기타(Top3외),서울 영등포구,서울,서울,국내,92
환경범죄,환경범죄,기타(Top3외),서울 영등포구,서울,서울,국내,0
교통범죄,교통범죄,교통범죄,서울 영등포구,서울,서울,국내,1683
노동범죄,노동범죄,기타(Top3외),서울 영등포구,서울,서울,국내,5
안보범죄,안보범죄,기타(Top3외),서울 영등포구,서울,서울,국내,9
선거범죄,선거범죄,기타(Top3외),서울 영등포구,서울,서울,국내,30
병역범죄,병역범죄,기타(Top3외),서울 영등포구,서울,서울,국내,91
기타범죄,기타범죄,기타범죄,서울 영등포구,서울,서울,국내,2715
강력범죄,살인기수,기타(Top3외),서울 동작구,서울,서울,국내,1
강력범죄,살인미수등,기타(Top3외),서울 동작구,서울,서울,국내,0
강력범죄,강도,기타(Top3외),서울 동작구,서울,서울,국내,1
강력범죄,강간,기타(Top3외),서울 동작구,서울,서울,국내,20
강력범죄,유사강간,기타(Top3외),서울 동작구,서울,서울,국내,7
강력범죄,강제추행,기타(Top3외),서울 동작구,서울,서울,국내,152
강력범죄,기타 강간/강제추행등,기타(Top3외),서울 동작구,서울,서울,국내,2
강력범죄,방화,기타(Top3외),서울 동작구,서울,서울,국내,7
절도범죄,절도범죄,기타(Top3외),서울 동작구,서울,서울,국내,1091
폭력범죄,상해,기타(Top3외),서울 동작구,서울,서울,국내,78
폭력범죄,폭행,기타(Top3외),서울 동작구,서울,서울,국내,701
폭력범죄,체포/감금,기타(Top3외),서울 동작구,서울,서울,국내,4
폭력범죄,협박,기타(Top3외),서울 동작구,서울,서울,국내,148
폭력범죄,약취/유인,기타(Top3외),서울 동작구,서울,서울,국내,3
폭력범죄,폭력행위등,기타(Top3외),서울 동작구,서울,서울,국내,11
폭력범죄,공갈,기타(Top3외),서울 동작구,서울,서울,국내,44
폭력범죄,손괴,기타(Top3외),서울 동작구,서울,서울,국내,198
지능범죄,직무유기,지능범죄,서울 동작구,서울,서울,국내,4
지능범죄,직권남용,지능범죄,서울 동작구,서울,서울,국내,4
지능범죄,증수뢰,지능범죄,서울 동작구,서울,서울,국내,0
지능범죄,통화,지능범죄,서울 동작구,서울,서울,국내,2
지능범죄,문서/인장,지능범죄,서울 동작구,서울,서울,국내,54
지능범죄,유가증권인지,지능범죄,서울 동작구,서울,서울,국내,0
지능범죄,사기,지능범죄,서울 동작구,서울,서울,국내,2358
지능범죄,횡령,지능범죄,서울 동작구,서울,서울,국내,569
지능범죄,배임,지능범죄,서울 동작구,서울,서울,국내,24
풍속범죄,성풍속범죄,기타(Top3외),서울 동작구,서울,서울,국내,130
풍속범죄,도박범죄,기타(Top3외),서울 동작구,서울,서울,국내,205
특별경제범죄,특별경제범죄,기타(Top3외),서울 동작구,서울,서울,국내,628
마약범죄,마약범죄,기타(Top3외),서울 동작구,서울,서울,국내,72
보건범죄,보건범죄,기타(Top3외),서울 동작구,서울,서울,국내,49
환경범죄,환경범죄,기타(Top3외),서울 동작구,서울,서울,국내,2
교통범죄,교통범죄,교통범죄,서울 동작구,서울,서울,국내,828
노동범죄,노동범죄,기타(Top3외),서울 동작구,서울,서울,국내,1
안보범죄,안보범죄,기타(Top3외),서울 동작구,서울,서울,국내,3
선거범죄,선거범죄,기타(Top3외),서울 동작구,서울,서울,국내,8
병역범죄,병역범죄,기타(Top3외),서울 동작구,서울,서울,국내,88
기타범죄,기타범죄,기타범죄,서울 동작구,서울,서울,국내,1517
강력범죄,살인기수,기타(Top3외),서울 관악구,서울,서울,국내,1
강력범죄,살인미수등,기타(Top3외),서울 관악구,서울,서울,국내,3
강력범죄,강도,기타(Top3외),서울 관악구,서울,서울,국내,3
강력범죄,강간,기타(Top3외),서울 관악구,서울,서울,국내,88
강력범죄,유사강간,기타(Top3외),서울 관악구,서울,서울,국내,22
강력범죄,강제추행,기타(Top3외),서울 관악구,서울,서울,국내,221
강력범죄,기타 강간/강제추행등,기타(Top3외),서울 관악구,서울,서울,국내,4
강력범죄,방화,기타(Top3외),서울 관악구,서울,서울,국내,11
절도범죄,절도범죄,기타(Top3외),서울 관악구,서울,서울,국내,1967
폭력범죄,상해,기타(Top3외),서울 관악구,서울,서울,국내,103
폭력범죄,폭행,기타(Top3외),서울 관악구,서울,서울,국내,1304
폭력범죄,체포/감금,기타(Top3외),서울 관악구,서울,서울,국내,17
폭력범죄,협박,기타(Top3외),서울 관악구,서울,서울,국내,265
폭력범죄,약취/유인,기타(Top3외),서울 관악구,서울,서울,국내,4
폭력범죄,폭력행위등,기타(Top3외),서울 관악구,서울,서울,국내,34
폭력범죄,공갈,기타(Top3외),서울 관악구,서울,서울,국내,37
폭력범죄,손괴,기타(Top3외),서울 관악구,서울,서울,국내,403
지능범죄,직무유기,지능범죄,서울 관악구,서울,서울,국내,9
지능범죄,직권남용,지능범죄,서울 관악구,서울,서울,국내,15
지능범죄,증수뢰,지능범죄,서울 관악구,서울,서울,국내,1
지능범죄,통화,지능범죄,서울 관악구,서울,서울,국내,2
지능범죄,문서/인장,지능범죄,서울 관악구,서울,서울,국내,106
지능범죄,유가증권인지,지능범죄,서울 관악구,서울,서울,국내,1
지능범죄,사기,지능범죄,서울 관악구,서울,서울,국내,4753
지능범죄,횡령,지능범죄,서울 관악구,서울,서울,국내,871
지능범죄,배임,지능범죄,서울 관악구,서울,서울,국내,35
풍속범죄,성풍속범죄,기타(Top3외),서울 관악구,서울,서울,국내,298
풍속범죄,도박범죄,기타(Top3외),서울 관악구,서울,서울,국내,40
특별경제범죄,특별경제범죄,기타(Top3외),서울 관악구,서울,서울,국내,1285
마약범죄,마약범죄,기타(Top3외),서울 관악구,서울,서울,국내,173
보건범죄,보건범죄,기타(Top3외),서울 관악구,서울,서울,국내,73
환경범죄,환경범죄,기타(Top3외),서울 관악구,서울,서울,국내,1
교통범죄,교통범죄,교통범죄,서울 관악구,서울,서울,국내,1125
노동범죄,노동범죄,기타(Top3외),서울 관악구,서울,서울,국내,6
안보범죄,안보범죄,기타(Top3외),서울 관악구,서울,서울,국내,0
선거범죄,선거범죄,기타(Top3외),서울 관악구,서울,서울,국내,17
병역범죄,병역범죄,기타(Top3외),서울 관악구,서울,서울,국내,228
기타범죄,기타범죄,기타범죄,서울 관악구,서울,서울,국내,3013
강력범죄,살인기수,기타(Top3외),서울 서초구,서울,서울,국내,4
강력범죄,살인미수등,기타(Top3외),서울 서초구,서울,서울,국내,6
강력범죄,강도,기타(Top3외),서울 서초구,서울,서울,국내,5
강력범죄,강간,기타(Top3외),서울 서초구,서울,서울,국내,52
강력범죄,유사강간,기타(Top3외),서울 서초구,서울,서울,국내,13
강력범죄,강제추행,기타(Top3외),서울 서초구,서울,서울,국내,295
강력범죄,기타 강간/강제추행등,기타(Top3외),서울 서초구,서울,서울,국내,1
강력범죄,방화,기타(Top3외),서울 서초구,서울,서울,국내,8
절도범죄,절도범죄,기타(Top3외),서울 서초구,서울,서울,국내,1587
폭력범죄,상해,기타(Top3외),서울 서초구,서울,서울,국내,71
폭력범죄,폭행,기타(Top3외),서울 서초구,서울,서울,국내,1091
폭력범죄,체포/감금,기타(Top3외),서울 서초구,서울,서울,국내,13
폭력범죄,협박,기타(Top3외),서울 서초구,서울,서울,국내,182
폭력범죄,약취/유인,기타(Top3외),서울 서초구,서울,서울,국내,6
폭력범죄,폭력행위등,기타(Top3외),서울 서초구,서울,서울,국내,35
폭력범죄,공갈,기타(Top3외),서울 서초구,서울,서울,국내,58
폭력범죄,손괴,기타(Top3외),서울 서초구,서울,서울,국내,356
지능범죄,직무유기,지능범죄,서울 서초구,서울,서울,국내,34
지능범죄,직권남용,지능범죄,서울 서초구,서울,서울,국내,20
지능범죄,증수뢰,지능범죄,서울 서초구,서울,서울,국내,9
지능범죄,통화,지능범죄,서울 서초구,서울,서울,국내,11
지능범죄,문서/인장,지능범죄,서울 서초구,서울,서울,국내,205
지능범죄,유가증권인지,지능범죄,서울 서초구,서울,서울,국내,4
지능범죄,사기,지능범죄,서울 서초구,서울,서울,국내,4722
지능범죄,횡령,지능범죄,서울 서초구,서울,서울,국내,1024
지능범죄,배임,지능범죄,서울 서초구,서울,서울,국내,92
풍속범죄,성풍속범죄,기타(Top3외),서울 서초구,서울,서울,국내,196
풍속범죄,도박범죄,기타(Top3외),서울 서초구,서울,서울,국내,20
특별경제범죄,특별경제범죄,기타(Top3외),서울 서초구,서울,서울,국내,1661
마약범죄,마약범죄,기타(Top3외),서울 서초구,서울,서울,국내,220
보건범죄,보건범죄,기타(Top3외),서울 서초구,서울,서울,국내,137
환경범죄,환경범죄,기타(Top3외),서울 서초구,서울,서울,국내,1
교통범죄,교통범죄,교통범죄,서울 서초구,서울,서울,국내,1787
노동범죄,노동범죄,기타(Top3외),서울 서초구,서울,서울,국내,4
안보범죄,안보범죄,기타(Top3외),서울 서초구,서울,서울,국내,1
선거범죄,선거범죄,기타(Top3외),서울 서초구,서울,서울,국내,13
병역범죄,병역범죄,기타(Top3외),서울 서초구,서울,서울,국내,128
기타범죄,기타범죄,기타범죄,서울 서초구,서울,서울,국내,3166
강력범죄,살인기수,기타(Top3외),서울 강남구,서울,서울,국내,3
강력범죄,살인미수등,기타(Top3외),서울 강남구,서울,서울,국내,13
강력범죄,강도,기타(Top3외),서울 강남구,서울,서울,국내,17
강력범죄,강간,기타(Top3외),서울 강남구,서울,서울,국내,161
강력범죄,유사강간,기타(Top3외),서울 강남구,서울,서울,국내,42
강력범죄,강제추행,기타(Top3외),서울 강남구,서울,서울,국내,428
강력범죄,기타 강간/강제추행등,기타(Top3외),서울 강남구,서울,서울,국내,4
강력범죄,방화,기타(Top3외),서울 강남구,서울,서울,국내,9
절도범죄,절도범죄,기타(Top3외),서울 강남구,서울,서울,국내,2094
폭력범죄,상해,기타(Top3외),서울 강남구,서울,서울,국내,246
폭력범죄,폭행,기타(Top3외),서울 강남구,서울,서울,국내,1900
폭력범죄,체포/감금,기타(Top3외),서울 강남구,서울,서울,국내,27
폭력범죄,협박,기타(Top3외),서울 강남구,서울,서울,국내,348
폭력범죄,약취/유인,기타(Top3외),서울 강남구,서울,서울,국내,8
폭력범죄,폭력행위등,기타(Top3외),서울 강남구,서울,서울,국내,76
폭력범죄,공갈,기타(Top3외),서울 강남구,서울,서울,국내,119
폭력범죄,손괴,기타(Top3외),서울 강남구,서울,서울,국내,611
지능범죄,직무유기,지능범죄,서울 강남구,서울,서울,국내,13
지능범죄,직권남용,지능범죄,서울 강남구,서울,서울,국내,23
지능범죄,증수뢰,지능범죄,서울 강남구,서울,서울,국내,12
지능범죄,통화,지능범죄,서울 강남구,서울,서울,국내,14
지능범죄,문서/인장,지능범죄,서울 강남구,서울,서울,국내,250
지능범죄,유가증권인지,지능범죄,서울 강남구,서울,서울,국내,6
지능범죄,사기,지능범죄,서울 강남구,서울,서울,국내,10554
지능범죄,횡령,지능범죄,서울 강남구,서울,서울,국내,1627
지능범죄,배임,지능범죄,서울 강남구,서울,서울,국내,207
풍속범죄,성풍속범죄,기타(Top3외),서울 강남구,서울,서울,국내,391
풍속범죄,도박범죄,기타(Top3외),서울 강남구,서울,서울,국내,126
특별경제범죄,특별경제범죄,기타(Top3외),서울 강남구,서울,서울,국내,2982
마약범죄,마약범죄,기타(Top3외),서울 강남구,서울,서울,국내,817
보건범죄,보건범죄,기타(Top3외),서울 강남구,서울,서울,국내,411
환경범죄,환경범죄,기타(Top3외),서울 강남구,서울,서울,국내,1
교통범죄,교통범죄,교통범죄,서울 강남구,서울,서울,국내,2991
노동범죄,노동범죄,기타(Top3외),서울 강남구,서울,서울,국내,10
안보범죄,안보범죄,기타(Top3외),서울 강남구,서울,서울,국내,6
선거범죄,선거범죄,기타(Top3외),서울 강남구,서울,서울,국내,14
병역범죄,병역범죄,기타(Top3외),서울 강남구,서울,서울,국내,193
기타범죄,기타범죄,기타범죄,서울 강남구,서울,서울,국내,4951
강력범죄,살인기수,기타(Top3외),서울 송파구,서울,서울,국내,4
강력범죄,살인미수등,기타(Top3외),서울 송파구,서울,서울,국내,1
강력범죄,강도,기타(Top3외),서울 송파구,서울,서울,국내,3
강력범죄,강간,기타(Top3외),서울 송파구,서울,서울,국내,71
강력범죄,유사강간,기타(Top3외),서울 송파구,서울,서울,국내,8
강력범죄,강제추행,기타(Top3외),서울 송파구,서울,서울,국내,236
강력범죄,기타 강간/강제추행등,기타(Top3외),서울 송파구,서울,서울,국내,1
강력범죄,방화,기타(Top3외),서울 송파구,서울,서울,국내,10
절도범죄,절도범죄,기타(Top3외),서울 송파구,서울,서울,국내,2500
폭력범죄,상해,기타(Top3외),서울 송파구,서울,서울,국내,119
폭력범죄,폭행,기타(Top3외),서울 송파구,서울,서울,국내,1374
폭력범죄,체포/감금,기타(Top3외),서울 송파구,서울,서울,국내,15
폭력범죄,협박,기타(Top3외),서울 송파구,서울,서울,국내,293
폭력범죄,약취/유인,기타(Top3외),서울 송파구,서울,서울,국내,2
폭력범죄,폭력행위등,기타(Top3외),서울 송파구,서울,서울,국내,32
폭력범죄,공갈,기타(Top3외),서울 송파구,서울,서울,국내,91
폭력범죄,손괴,기타(Top3외),서울 송파구,서울,서울,국내,420
지능범죄,직무유기,지능범죄,서울 송파구,서울,서울,국내,12
지능범죄,직권남용,지능범죄,서울 송파구,서울,서울,국내,18
지능범죄,증수뢰,지능범죄,서울 송파구,서울,서울,국내,3
지능범죄,통화,지능범죄,서울 송파구,서울,서울,국내,13
지능범죄,문서/인장,지능범죄,서울 송파구,서울,서울,국내,197
지능범죄,유가증권인지,지능범죄,서울 송파구,서울,서울,국내,3
지능범죄,사기,지능범죄,서울 송파구,서울,서울,국내,5184
지능범죄,횡령,지능범죄,서울 송파구,서울,서울,국내,1099
지능범죄,배임,지능범죄,서울 송파구,서울,서울,국내,82
풍속범죄,성풍속범죄,기타(Top3외),서울 송파구,서울,서울,국내,243
풍속범죄,도박범죄,기타(Top3외),서울 송파구,서울,서울,국내,40
특별경제범죄,특별경제범죄,기타(Top3외),서울 송파구,서울,서울,국내,1028
마약범죄,마약범죄,기타(Top3외),서울 송파구,서울,서울,국내,154
보건범죄,보건범죄,기타(Top3외),서울 송파구,서울,서울,국내,128
환경범죄,환경범죄,기타(Top3외),서울 송파구,서울,서울,국내,1
교통범죄,교통범죄,교통범죄,서울 송파구,서울,서울,국내,1767
노동범죄,노동범죄,기타(Top3외),서울 송파구,서울,서울,국내,6
안보범죄,안보범죄,기타(Top3외),서울 송파구,서울,서울,국내,31
선거범죄,선거범죄,기타(Top3외),서울 송파구,서울,서울,국내,8
병역범죄,병역범죄,기타(Top3외),서울 송파구,서울,서울,국내,91
기타범죄,기타범죄,기타범죄,서울 송파구,서울,서울,국내,3033
강력범죄,살인기수,기타(Top3외),서울 강동구,서울,서울,국내,0
강력범죄,살인미수등,기타(Top3외),서울 강동구,서울,서울,국내,3
강력범죄,강도,기타(Top3외),서울 강동구,서울,서울,국내,4
강력범죄,강간,기타(Top3외),서울 강동구,서울,서울,국내,24
강력범죄,유사강간,기타(Top3외),서울 강동구,서울,서울,국내,9
강력범죄,강제추행,기타(Top3외),서울 강동구,서울,서울,국내,133
강력범죄,기타 강간/강제추행등,기타(Top3외),서울 강동구,서울,서울,국내,0
강력범죄,방화,기타(Top3외),서울 강동구,서울,서울,국내,5
절도범죄,절도범죄,기타(Top3외),서울 강동구,서울,서울,국내,1662
폭력범죄,상해,기타(Top3외),서울 강동구,서울,서울,국내,96
폭력범죄,폭행,기타(Top3외),서울 강동구,서울,서울,국내,909
폭력범죄,체포/감금,기타(Top3외),서울 강동구,서울,서울,국내,3
폭력범죄,협박,기타(Top3외),서울 강동구,서울,서울,국내,172
폭력범죄,약취/유인,기타(Top3외),서울 강동구,서울,서울,국내,6
폭력범죄,폭력행위등,기타(Top3외),서울 강동구,서울,서울,국내,22
폭력범죄,공갈,기타(Top3외),서울 강동구,서울,서울,국내,38
폭력범죄,손괴,기타(Top3외),서울 강동구,서울,서울,국내,273
지능범죄,직무유기,지능범죄,서울 강동구,서울,서울,국내,6
지능범죄,직권남용,지능범죄,서울 강동구,서울,서울,국내,5
지능범죄,증수뢰,지능범죄,서울 강동구,서울,서울,국내,1
지능범죄,통화,지능범죄,서울 강동구,서울,서울,국내,2
지능범죄,문서/인장,지능범죄,서울 강동구,서울,서울,국내,76
지능범죄,유가증권인지,지능범죄,서울 강동구,서울,서울,국내,0
지능범죄,사기,지능범죄,서울 강동구,서울,서울,국내,2876
지능범죄,횡령,지능범죄,서울 강동구,서울,서울,국내,456
지능범죄,배임,지능범죄,서울 강동구,서울,서울,국내,19
풍속범죄,성풍속범죄,기타(Top3외),서울 강동구,서울,서울,국내,155
풍속범죄,도박범죄,기타(Top3외),서울 강동구,서울,서울,국내,35
특별경제범죄,특별경제범죄,기타(Top3외),서울 강동구,서울,서울,국내,1034
마약범죄,마약범죄,기타(Top3외),서울 강동구,서울,서울,국내,68
보건범죄,보건범죄,기타(Top3외),서울 강동구,서울,서울,국내,42
환경범죄,환경범죄,기타(Top3외),서울 강동구,서울,서울,국내,2
교통범죄,교통범죄,교통범죄,서울 강동구,서울,서울,국내,1028
노동범죄,노동범죄,기타(Top3외),서울 강동구,서울,서울,국내,2
안보범죄,안보범죄,기타(Top3외),서울 강동구,서울,서울,국내,3
선거범죄,선거범죄,기타(Top3외),서울 강동구,서울,서울,국내,11
병역범죄,병역범죄,기타(Top3외),서울 강동구,서울,서울,국내,100
기타범죄,기타범죄,기타범죄,서울 강동구,서울,서울,국내,1987
강력범죄,살인기수,기타(Top3외),부산 중구,부산,부산,국내,1
강력범죄,살인미수등,기타(Top3외),부산 중구,부산,부산,국내,0
강력범죄,강도,기타(Top3외),부산 중구,부산,부산,국내,1
강력범죄,강간,기타(Top3외),부산 중구,부산,부산,국내,14
강력범죄,유사강간,기타(Top3외),부산 중구,부산,부산,국내,1
강력범죄,강제추행,기타(Top3외),부산 중구,부산,부산,국내,30
강력범죄,기타 강간/강제추행등,기타(Top3외),부산 중구,부산,부산,국내,0
강력범죄,방화,기타(Top3외),부산 중구,부산,부산,국내,3
절도범죄,절도범죄,기타(Top3외),부산 중구,부산,부산,국내,574
폭력범죄,상해,기타(Top3외),부산 중구,부산,부산,국내,69
폭력범죄,폭행,기타(Top3외),부산 중구,부산,부산,국내,391
폭력범죄,체포/감금,기타(Top3외),부산 중구,부산,부산,국내,1
폭력범죄,협박,기타(Top3외),부산 중구,부산,부산,국내,47
폭력범죄,약취/유인,기타(Top3외),부산 중구,부산,부산,국내,0
폭력범죄,폭력행위등,기타(Top3외),부산 중구,부산,부산,국내,23
폭력범죄,공갈,기타(Top3외),부산 중구,부산,부산,국내,5
폭력범죄,손괴,기타(Top3외),부산 중구,부산,부산,국내,109
지능범죄,직무유기,지능범죄,부산 중구,부산,부산,국내,2
지능범죄,직권남용,지능범죄,부산 중구,부산,부산,국내,7
지능범죄,증수뢰,지능범죄,부산 중구,부산,부산,국내,0
지능범죄,통화,지능범죄,부산 중구,부산,부산,국내,3
지능범죄,문서/인장,지능범죄,부산 중구,부산,부산,국내,36
지능범죄,유가증권인지,지능범죄,부산 중구,부산,부산,국내,1
지능범죄,사기,지능범죄,부산 중구,부산,부산,국내,816
지능범죄,횡령,지능범죄,부산 중구,부산,부산,국내,213
지능범죄,배임,지능범죄,부산 중구,부산,부산,국내,7
풍속범죄,성풍속범죄,기타(Top3외),부산 중구,부산,부산,국내,29
풍속범죄,도박범죄,기타(Top3외),부산 중구,부산,부산,국내,7
특별경제범죄,특별경제범죄,기타(Top3외),부산 중구,부산,부산,국내,226
마약범죄,마약범죄,기타(Top3외),부산 중구,부산,부산,국내,15
보건범죄,보건범죄,기타(Top3외),부산 중구,부산,부산,국내,44
환경범죄,환경범죄,기타(Top3외),부산 중구,부산,부산,국내,0
교통범죄,교통범죄,교통범죄,부산 중구,부산,부산,국내,307
노동범죄,노동범죄,기타(Top3외),부산 중구,부산,부산,국내,4
안보범죄,안보범죄,기타(Top3외),부산 중구,부산,부산,국내,0
선거범죄,선거범죄,기타(Top3외),부산 중구,부산,부산,국내,3
병역범죄,병역범죄,기타(Top3외),부산 중구,부산,부산,국내,7
기타범죄,기타범죄,기타범죄,부산 중구,부산,부산,국내,521
강력범죄,살인기수,기타(Top3외),부산 서구,부산,부산,국내,0
강력범죄,살인미수등,기타(Top3외),부산 서구,부산,부산,국내,3
강력범죄,강도,기타(Top3외),부산 서구,부산,부산,국내,1
강력범죄,강간,기타(Top3외),부산 서구,부산,부산,국내,9
강력범죄,유사강간,기타(Top3외),부산 서구,부산,부산,국내,2
강력범죄,강제추행,기타(Top3외),부산 서구,부산,부산,국내,16
강력범죄,기타 강간/강제추행등,기타(Top3외),부산 서구,부산,부산,국내,1
강력범죄,방화,기타(Top3외),부산 서구,부산,부산,국내,3
절도범죄,절도범죄,기타(Top3외),부산 서구,부산,부산,국내,662
폭력범죄,상해,기타(Top3외),부산 서구,부산,부산,국내,54
폭력범죄,폭행,기타(Top3외),부산 서구,부산,부산,국내,227
폭력범죄,체포/감금,기타(Top3외),부산 서구,부산,부산,국내,2
폭력범죄,협박,기타(Top3외),부산 서구,부산,부산,국내,57
폭력범죄,약취/유인,기타(Top3외),부산 서구,부산,부산,국내,0
폭력범죄,폭력행위등,기타(Top3외),부산 서구,부산,부산,국내,10
폭력범죄,공갈,기타(Top3외),부산 서구,부산,부산,국내,18
폭력범죄,손괴,기타(Top3외),부산 서구,부산,부산,국내,102
지능범죄,직무유기,지능범죄,부산 서구,부산,부산,국내,9
지능범죄,직권남용,지능범죄,부산 서구,부산,부산,국내,2
지능범죄,증수뢰,지능범죄,부산 서구,부산,부산,국내,0
지능범죄,통화,지능범죄,부산 서구,부산,부산,국내,1
지능범죄,문서/인장,지능범죄,부산 서구,부산,부산,국내,29
지능범죄,유가증권인지,지능범죄,부산 서구,부산,부산,국내,0
지능범죄,사기,지능범죄,부산 서구,부산,부산,국내,1013
지능범죄,횡령,지능범죄,부산 서구,부산,부산,국내,159
지능범죄,배임,지능범죄,부산 서구,부산,부산,국내,7
풍속범죄,성풍속범죄,기타(Top3외),부산 서구,부산,부산,국내,30
풍속범죄,도박범죄,기타(Top3외),부산 서구,부산,부산,국내,11
특별경제범죄,특별경제범죄,기타(Top3외),부산 서구,부산,부산,국내,209
마약범죄,마약범죄,기타(Top3외),부산 서구,부산,부산,국내,26
보건범죄,보건범죄,기타(Top3외),부산 서구,부산,부산,국내,21
환경범죄,환경범죄,기타(Top3외),부산 서구,부산,부산,국내,1
교통범죄,교통범죄,교통범죄,부산 서구,부산,부산,국내,358
노동범죄,노동범죄,기타(Top3외),부산 서구,부산,부산,국내,0
안보범죄,안보범죄,기타(Top3외),부산 서구,부산,부산,국내,0
선거범죄,선거범죄,기타(Top3외),부산 서구,부산,부산,국내,2
병역범죄,병역범죄,기타(Top3외),부산 서구,부산,부산,국내,16
기타범죄,기타범죄,기타범죄,부산 서구,부산,부산,국내,581
강력범죄,살인기수,기타(Top3외),부산 동구,부산,부산,국내,0
강력범죄,살인미수등,기타(Top3외),부산 동구,부산,부산,국내,2
강력범죄,강도,기타(Top3외),부산 동구,부산,부산,국내,5
강력범죄,강간,기타(Top3외),부산 동구,부산,부산,국내,13
강력범죄,유사강간,기타(Top3외),부산 동구,부산,부산,국내,0
강력범죄,강제추행,기타(Top3외),부산 동구,부산,부산,국내,49
강력범죄,기타 강간/강제추행등,기타(Top3외),부산 동구,부산,부산,국내,0
강력범죄,방화,기타(Top3외),부산 동구,부산,부산,국내,2
절도범죄,절도범죄,기타(Top3외),부산 동구,부산,부산,국내,567
폭력범죄,상해,기타(Top3외),부산 동구,부산,부산,국내,99
폭력범죄,폭행,기타(Top3외),부산 동구,부산,부산,국내,384
폭력범죄,체포/감금,기타(Top3외),부산 동구,부산,부산,국내,0
폭력범죄,협박,기타(Top3외),부산 동구,부산,부산,국내,103
폭력범죄,약취/유인,기타(Top3외),부산 동구,부산,부산,국내,2
폭력범죄,폭력행위등,기타(Top3외),부산 동구,부산,부산,국내,14
폭력범죄,공갈,기타(Top3외),부산 동구,부산,부산,국내,12
폭력범죄,손괴,기타(Top3외),부산 동구,부산,부산,국내,114
지능범죄,직무유기,지능범죄,부산 동구,부산,부산,국내,4
지능범죄,직권남용,지능범죄,부산 동구,부산,부산,국내,12
지능범죄,증수뢰,지능범죄,부산 동구,부산,부산,국내,3
지능범죄,통화,지능범죄,부산 동구,부산,부산,국내,2
지능범죄,문서/인장,지능범죄,부산 동구,부산,부산,국내,34
지능범죄,유가증권인지,지능범죄,부산 동구,부산,부산,국내,0
지능범죄,사기,지능범죄,부산 동구,부산,부산,국내,1132
지능범죄,횡령,지능범죄,부산 동구,부산,부산,국내,191
지능범죄,배임,지능범죄,부산 동구,부산,부산,국내,10
풍속범죄,성풍속범죄,기타(Top3외),부산 동구,부산,부산,국내,32
풍속범죄,도박범죄,기타(Top3외),부산 동구,부산,부산,국내,17
특별경제범죄,특별경제범죄,기타(Top3외),부산 동구,부산,부산,국내,262
마약범죄,마약범죄,기타(Top3외),부산 동구,부산,부산,국내,55
보건범죄,보건범죄,기타(Top3외),부산 동구,부산,부산,국내,37
환경범죄,환경범죄,기타(Top3외),부산 동구,부산,부산,국내,2
교통범죄,교통범죄,교통범죄,부산 동구,부산,부산,국내,483
노동범죄,노동범죄,기타(Top3외),부산 동구,부산,부산,국내,2
안보범죄,안보범죄,기타(Top3외),부산 동구,부산,부산,국내,0
선거범죄,선거범죄,기타(Top3외),부산 동구,부산,부산,국내,1
병역범죄,병역범죄,기타(Top3외),부산 동구,부산,부산,국내,7
기타범죄,기타범죄,기타범죄,부산 동구,부산,부산,국내,707
강력범죄,살인기수,기타(Top3외),부산 영도구,부산,부산,국내,1
강력범죄,살인미수등,기타(Top3외),부산 영도구,부산,부산,국내,1
강력범죄,강도,기타(Top3외),부산 영도구,부산,부산,국내,1
강력범죄,강간,기타(Top3외),부산 영도구,부산,부산,국내,3
강력범죄,유사강간,기타(Top3외),부산 영도구,부산,부산,국내,2
강력범죄,강제추행,기타(Top3외),부산 영도구,부산,부산,국내,17
강력범죄,기타 강간/강제추행등,기타(Top3외),부산 영도구,부산,부산,국내,0
강력범죄,방화,기타(Top3외),부산 영도구,부산,부산,국내,1
절도범죄,절도범죄,기타(Top3외),부산 영도구,부산,부산,국내,443
폭력범죄,상해,기타(Top3외),부산 영도구,부산,부산,국내,49
폭력범죄,폭행,기타(Top3외),부산 영도구,부산,부산,국내,254
폭력범죄,체포/감금,기타(Top3외),부산 영도구,부산,부산,국내,1
폭력범죄,협박,기타(Top3외),부산 영도구,부산,부산,국내,56
폭력범죄,약취/유인,기타(Top3외),부산 영도구,부산,부산,국내,0
폭력범죄,폭력행위등,기타(Top3외),부산 영도구,부산,부산,국내,8
폭력범죄,공갈,기타(Top3외),부산 영도구,부산,부산,국내,17
폭력범죄,손괴,기타(Top3외),부산 영도구,부산,부산,국내,102
지능범죄,직무유기,지능범죄,부산 영도구,부산,부산,국내,1
지능범죄,직권남용,지능범죄,부산 영도구,부산,부산,국내,0
지능범죄,증수뢰,지능범죄,부산 영도구,부산,부산,국내,2
지능범죄,통화,지능범죄,부산 영도구,부산,부산,국내,0
지능범죄,문서/인장,지능범죄,부산 영도구,부산,부산,국내,25
지능범죄,유가증권인지,지능범죄,부산 영도구,부산,부산,국내,0
지능범죄,사기,지능범죄,부산 영도구,부산,부산,국내,707
지능범죄,횡령,지능범죄,부산 영도구,부산,부산,국내,95
지능범죄,배임,지능범죄,부산 영도구,부산,부산,국내,10
풍속범죄,성풍속범죄,기타(Top3외),부산 영도구,부산,부산,국내,30
풍속범죄,도박범죄,기타(Top3외),부산 영도구,부산,부산,국내,11
특별경제범죄,특별경제범죄,기타(Top3외),부산 영도구,부산,부산,국내,201
마약범죄,마약범죄,기타(Top3외),부산 영도구,부산,부산,국내,20
보건범죄,보건범죄,기타(Top3외),부산 영도구,부산,부산,국내,21
환경범죄,환경범죄,기타(Top3외),부산 영도구,부산,부산,국내,0
교통범죄,교통범죄,교통범죄,부산 영도구,부산,부산,국내,288
노동범죄,노동범죄,기타(Top3외),부산 영도구,부산,부산,국내,2
안보범죄,안보범죄,기타(Top3외),부산 영도구,부산,부산,국내,0
선거범죄,선거범죄,기타(Top3외),부산 영도구,부산,부산,국내,5
병역범죄,병역범죄,기타(Top3외),부산 영도구,부산,부산,국내,19
기타범죄,기타범죄,기타범죄,부산 영도구,부산,부산,국내,478
강력범죄,살인기수,기타(Top3외),부산 부산진구,부산,부산,국내,2
강력범죄,살인미수등,기타(Top3외),부산 부산진구,부산,부산,국내,2
강력범죄,강도,기타(Top3외),부산 부산진구,부산,부산,국내,8
강력범죄,강간,기타(Top3외),부산 부산진구,부산,부산,국내,60
강력범죄,유사강간,기타(Top3외),부산 부산진구,부산,부산,국내,9
강력범죄,강제추행,기타(Top3외),부산 부산진구,부산,부산,국내,242
강력범죄,기타 강간/강제추행등,기타(Top3외),부산 부산진구,부산,부산,국내,1
강력범죄,방화,기타(Top3외),부산 부산진구,부산,부산,국내,11
절도범죄,절도범죄,기타(Top3외),부산 부산진구,부산,부산,국내,2678
폭력범죄,상해,기타(Top3외),부산 부산진구,부산,부산,국내,206
폭력범죄,폭행,기타(Top3외),부산 부산진구,부산,부산,국내,1558
폭력범죄,체포/감금,기타(Top3외),부산 부산진구,부산,부산,국내,7
폭력범죄,협박,기타(Top3외),부산 부산진구,부산,부산,국내,264
폭력범죄,약취/유인,기타(Top3외),부산 부산진구,부산,부산,국내,5
폭력범죄,폭력행위등,기타(Top3외),부산 부산진구,부산,부산,국내,97
폭력범죄,공갈,기타(Top3외),부산 부산진구,부산,부산,국내,75
폭력범죄,손괴,기타(Top3외),부산 부산진구,부산,부산,국내,636
지능범죄,직무유기,지능범죄,부산 부산진구,부산,부산,국내,12
지능범죄,직권남용,지능범죄,부산 부산진구,부산,부산,국내,6
지능범죄,증수뢰,지능범죄,부산 부산진구,부산,부산,국내,4
지능범죄,통화,지능범죄,부산 부산진구,부산,부산,국내,3
지능범죄,문서/인장,지능범죄,부산 부산진구,부산,부산,국내,112
지능범죄,유가증권인지,지능범죄,부산 부산진구,부산,부산,국내,0
지능범죄,사기,지능범죄,부산 부산진구,부산,부산,국내,4417
지능범죄,횡령,지능범죄,부산 부산진구,부산,부산,국내,821
지능범죄,배임,지능범죄,부산 부산진구,부산,부산,국내,48
풍속범죄,성풍속범죄,기타(Top3외),부산 부산진구,부산,부산,국내,194
풍속범죄,도박범죄,기타(Top3외),부산 부산진구,부산,부산,국내,89
특별경제범죄,특별경제범죄,기타(Top3외),부산 부산진구,부산,부산,국내,1015
마약범죄,마약범죄,기타(Top3외),부산 부산진구,부산,부산,국내,195
보건범죄,보건범죄,기타(Top3외),부산 부산진구,부산,부산,국내,184
환경범죄,환경범죄,기타(Top3외),부산 부산진구,부산,부산,국내,1
교통범죄,교통범죄,교통범죄,부산 부산진구,부산,부산,국내,1537
노동범죄,노동범죄,기타(Top3외),부산 부산진구,부산,부산,국내,8
안보범죄,안보범죄,기타(Top3외),부산 부산진구,부산,부산,국내,2
선거범죄,선거범죄,기타(Top3외),부산 부산진구,부산,부산,국내,11
병역범죄,병역범죄,기타(Top3외),부산 부산진구,부산,부산,국내,72
기타범죄,기타범죄,기타범죄,부산 부산진구,부산,부산,국내,2905
강력범죄,살인기수,기타(Top3외),부산 동래구,부산,부산,국내,3
강력범죄,살인미수등,기타(Top3외),부산 동래구,부산,부산,국내,0
강력범죄,강도,기타(Top3외),부산 동래구,부산,부산,국내,4
강력범죄,강간,기타(Top3외),부산 동래구,부산,부산,국내,20
강력범죄,유사강간,기타(Top3외),부산 동래구,부산,부산,국내,3
강력범죄,강제추행,기타(Top3외),부산 동래구,부산,부산,국내,57
강력범죄,기타 강간/강제추행등,기타(Top3외),부산 동래구,부산,부산,국내,2
강력범죄,방화,기타(Top3외),부산 동래구,부산,부산,국내,10
절도범죄,절도범죄,기타(Top3외),부산 동래구,부산,부산,국내,1264
폭력범죄,상해,기타(Top3외),부산 동래구,부산,부산,국내,120
폭력범죄,폭행,기타(Top3외),부산 동래구,부산,부산,국내,575
폭력범죄,체포/감금,기타(Top3외),부산 동래구,부산,부산,국내,3
폭력범죄,협박,기타(Top3외),부산 동래구,부산,부산,국내,93
폭력범죄,약취/유인,기타(Top3외),부산 동래구,부산,부산,국내,3
폭력범죄,폭력행위등,기타(Top3외),부산 동래구,부산,부산,국내,36
폭력범죄,공갈,기타(Top3외),부산 동래구,부산,부산,국내,30
폭력범죄,손괴,기타(Top3외),부산 동래구,부산,부산,국내,241
지능범죄,직무유기,지능범죄,부산 동래구,부산,부산,국내,7
지능범죄,직권남용,지능범죄,부산 동래구,부산,부산,국내,11
지능범죄,증수뢰,지능범죄,부산 동래구,부산,부산,국내,0
지능범죄,통화,지능범죄,부산 동래구,부산,부산,국내,1
지능범죄,문서/인장,지능범죄,부산 동래구,부산,부산,국내,80
지능범죄,유가증권인지,지능범죄,부산 동래구,부산,부산,국내,0
지능범죄,사기,지능범죄,부산 동래구,부산,부산,국내,2095
지능범죄,횡령,지능범죄,부산 동래구,부산,부산,국내,311
지능범죄,배임,지능범죄,부산 동래구,부산,부산,국내,19
풍속범죄,성풍속범죄,기타(Top3외),부산 동래구,부산,부산,국내,82
풍속범죄,도박범죄,기타(Top3외),부산 동래구,부산,부산,국내,98
특별경제범죄,특별경제범죄,기타(Top3외),부산 동래구,부산,부산,국내,558
마약범죄,마약범죄,기타(Top3외),부산 동래구,부산,부산,국내,44
보건범죄,보건범죄,기타(Top3외),부산 동래구,부산,부산,국내,62
환경범죄,환경범죄,기타(Top3외),부산 동래구,부산,부산,국내,6
교통범죄,교통범죄,교통범죄,부산 동래구,부산,부산,국내,721
노동범죄,노동범죄,기타(Top3외),부산 동래구,부산,부산,국내,3
안보범죄,안보범죄,기타(Top3외),부산 동래구,부산,부산,국내,1
선거범죄,선거범죄,기타(Top3외),부산 동래구,부산,부산,국내,1
병역범죄,병역범죄,기타(Top3외),부산 동래구,부산,부산,국내,42
기타범죄,기타범죄,기타범죄,부산 동래구,부산,부산,국내,1191
강력범죄,살인기수,기타(Top3외),부산 남구,부산,부산,국내,2
강력범죄,살인미수등,기타(Top3외),부산 남구,부산,부산,국내,2
강력범죄,강도,기타(Top3외),부산 남구,부산,부산,국내,0
강력범죄,강간,기타(Top3외),부산 남구,부산,부산,국내,23
강력범죄,유사강간,기타(Top3외),부산 남구,부산,부산,국내,6
강력범죄,강제추행,기타(Top3외),부산 남구,부산,부산,국내,75
강력범죄,기타 강간/강제추행등,기타(Top3외),부산 남구,부산,부산,국내,1
강력범죄,방화,기타(Top3외),부산 남구,부산,부산,국내,1
절도범죄,절도범죄,기타(Top3외),부산 남구,부산,부산,국내,862
폭력범죄,상해,기타(Top3외),부산 남구,부산,부산,국내,117
폭력범죄,폭행,기타(Top3외),부산 남구,부산,부산,국내,453
폭력범죄,체포/감금,기타(Top3외),부산 남구,부산,부산,국내,4
폭력범죄,협박,기타(Top3외),부산 남구,부산,부산,국내,154
폭력범죄,약취/유인,기타(Top3외),부산 남구,부산,부산,국내,1
폭력범죄,폭력행위등,기타(Top3외),부산 남구,부산,부산,국내,36
폭력범죄,공갈,기타(Top3외),부산 남구,부산,부산,국내,34
폭력범죄,손괴,기타(Top3외),부산 남구,부산,부산,국내,240
지능범죄,직무유기,지능범죄,부산 남구,부산,부산,국내,14
지능범죄,직권남용,지능범죄,부산 남구,부산,부산,국내,3
지능범죄,증수뢰,지능범죄,부산 남구,부산,부산,국내,2
지능범죄,통화,지능범죄,부산 남구,부산,부산,국내,4
지능범죄,문서/인장,지능범죄,부산 남구,부산,부산,국내,76
지능범죄,유가증권인지,지능범죄,부산 남구,부산,부산,국내,0
지능범죄,사기,지능범죄,부산 남구,부산,부산,국내,2800
지능범죄,횡령,지능범죄,부산 남구,부산,부산,국내,372
지능범죄,배임,지능범죄,부산 남구,부산,부산,국내,21
풍속범죄,성풍속범죄,기타(Top3외),부산 남구,부산,부산,국내,201
풍속범죄,도박범죄,기타(Top3외),부산 남구,부산,부산,국내,33
특별경제범죄,특별경제범죄,기타(Top3외),부산 남구,부산,부산,국내,780
마약범죄,마약범죄,기타(Top3외),부산 남구,부산,부산,국내,46
보건범죄,보건범죄,기타(Top3외),부산 남구,부산,부산,국내,61
환경범죄,환경범죄,기타(Top3외),부산 남구,부산,부산,국내,7
교통범죄,교통범죄,교통범죄,부산 남구,부산,부산,국내,681
노동범죄,노동범죄,기타(Top3외),부산 남구,부산,부산,국내,2
안보범죄,안보범죄,기타(Top3외),부산 남구,부산,부산,국내,0
선거범죄,선거범죄,기타(Top3외),부산 남구,부산,부산,국내,4
병역범죄,병역범죄,기타(Top3외),부산 남구,부산,부산,국내,28
기타범죄,기타범죄,기타범죄,부산 남구,부산,부산,국내,1528
강력범죄,살인기수,기타(Top3외),부산 북구,부산,부산,국내,1
강력범죄,살인미수등,기타(Top3외),부산 북구,부산,부산,국내,4
강력범죄,강도,기타(Top3외),부산 북구,부산,부산,국내,2
강력범죄,강간,기타(Top3외),부산 북구,부산,부산,국내,14
강력범죄,유사강간,기타(Top3외),부산 북구,부산,부산,국내,4
강력범죄,강제추행,기타(Top3외),부산 북구,부산,부산,국내,55
강력범죄,기타 강간/강제추행등,기타(Top3외),부산 북구,부산,부산,국내,1
강력범죄,방화,기타(Top3외),부산 북구,부산,부산,국내,8
절도범죄,절도범죄,기타(Top3외),부산 북구,부산,부산,국내,1137
폭력범죄,상해,기타(Top3외),부산 북구,부산,부산,국내,94
폭력범죄,폭행,기타(Top3외),부산 북구,부산,부산,국내,427
폭력범죄,체포/감금,기타(Top3외),부산 북구,부산,부산,국내,3
폭력범죄,협박,기타(Top3외),부산 북구,부산,부산,국내,97
폭력범죄,약취/유인,기타(Top3외),부산 북구,부산,부산,국내,0
폭력범죄,폭력행위등,기타(Top3외),부산 북구,부산,부산,국내,30
폭력범죄,공갈,기타(Top3외),부산 북구,부산,부산,국내,36
폭력범죄,손괴,기타(Top3외),부산 북구,부산,부산,국내,204
지능범죄,직무유기,지능범죄,부산 북구,부산,부산,국내,4
지능범죄,직권남용,지능범죄,부산 북구,부산,부산,국내,4
지능범죄,증수뢰,지능범죄,부산 북구,부산,부산,국내,1
지능범죄,통화,지능범죄,부산 북구,부산,부산,국내,1
지능범죄,문서/인장,지능범죄,부산 북구,부산,부산,국내,62
지능범죄,유가증권인지,지능범죄,부산 북구,부산,부산,국내,0
지능범죄,사기,지능범죄,부산 북구,부산,부산,국내,2492
지능범죄,횡령,지능범죄,부산 북구,부산,부산,국내,225
지능범죄,배임,지능범죄,부산 북구,부산,부산,국내,13
풍속범죄,성풍속범죄,기타(Top3외),부산 북구,부산,부산,국내,45
풍속범죄,도박범죄,기타(Top3외),부산 북구,부산,부산,국내,47
특별경제범죄,특별경제범죄,기타(Top3외),부산 북구,부산,부산,국내,454
마약범죄,마약범죄,기타(Top3외),부산 북구,부산,부산,국내,48
보건범죄,보건범죄,기타(Top3외),부산 북구,부산,부산,국내,56
환경범죄,환경범죄,기타(Top3외),부산 북구,부산,부산,국내,0
교통범죄,교통범죄,교통범죄,부산 북구,부산,부산,국내,598
노동범죄,노동범죄,기타(Top3외),부산 북구,부산,부산,국내,2
안보범죄,안보범죄,기타(Top3외),부산 북구,부산,부산,국내,1
선거범죄,선거범죄,기타(Top3외),부산 북구,부산,부산,국내,3
병역범죄,병역범죄,기타(Top3외),부산 북구,부산,부산,국내,50
기타범죄,기타범죄,기타범죄,부산 북구,부산,부산,국내,1099
강력범죄,살인기수,기타(Top3외),부산 강서구,부산,부산,국내,0
강력범죄,살인미수등,기타(Top3외),부산 강서구,부산,부산,국내,3
강력범죄,강도,기타(Top3외),부산 강서구,부산,부산,국내,2
강력범죄,강간,기타(Top3외),부산 강서구,부산,부산,국내,9
강력범죄,유사강간,기타(Top3외),부산 강서구,부산,부산,국내,2
강력범죄,강제추행,기타(Top3외),부산 강서구,부산,부산,국내,35
강력범죄,기타 강간/강제추행등,기타(Top3외),부산 강서구,부산,부산,국내,0
강력범죄,방화,기타(Top3외),부산 강서구,부산,부산,국내,2
절도범죄,절도범죄,기타(Top3외),부산 강서구,부산,부산,국내,446
폭력범죄,상해,기타(Top3외),부산 강서구,부산,부산,국내,90
폭력범죄,폭행,기타(Top3외),부산 강서구,부산,부산,국내,305
폭력범죄,체포/감금,기타(Top3외),부산 강서구,부산,부산,국내,2
폭력범죄,협박,기타(Top3외),부산 강서구,부산,부산,국내,88
폭력범죄,약취/유인,기타(Top3외),부산 강서구,부산,부산,국내,2
폭력범죄,폭력행위등,기타(Top3외),부산 강서구,부산,부산,국내,12
폭력범죄,공갈,기타(Top3외),부산 강서구,부산,부산,국내,29
폭력범죄,손괴,기타(Top3외),부산 강서구,부산,부산,국내,97
지능범죄,직무유기,지능범죄,부산 강서구,부산,부산,국내,4
지능범죄,직권남용,지능범죄,부산 강서구,부산,부산,국내,5
지능범죄,증수뢰,지능범죄,부산 강서구,부산,부산,국내,0
지능범죄,통화,지능범죄,부산 강서구,부산,부산,국내,1
지능범죄,문서/인장,지능범죄,부산 강서구,부산,부산,국내,83
지능범죄,유가증권인지,지능범죄,부산 강서구,부산,부산,국내,0
지능범죄,사기,지능범죄,부산 강서구,부산,부산,국내,1351
지능범죄,횡령,지능범죄,부산 강서구,부산,부산,국내,270
지능범죄,배임,지능범죄,부산 강서구,부산,부산,국내,19
풍속범죄,성풍속범죄,기타(Top3외),부산 강서구,부산,부산,국내,50
풍속범죄,도박범죄,기타(Top3외),부산 강서구,부산,부산,국내,25
특별경제범죄,특별경제범죄,기타(Top3외),부산 강서구,부산,부산,국내,371
마약범죄,마약범죄,기타(Top3외),부산 강서구,부산,부산,국내,19
보건범죄,보건범죄,기타(Top3외),부산 강서구,부산,부산,국내,53
환경범죄,환경범죄,기타(Top3외),부산 강서구,부산,부산,국내,45
교통범죄,교통범죄,교통범죄,부산 강서구,부산,부산,국내,847
노동범죄,노동범죄,기타(Top3외),부산 강서구,부산,부산,국내,1
안보범죄,안보범죄,기타(Top3외),부산 강서구,부산,부산,국내,0
선거범죄,선거범죄,기타(Top3외),부산 강서구,부산,부산,국내,4
병역범죄,병역범죄,기타(Top3외),부산 강서구,부산,부산,국내,16
기타범죄,기타범죄,기타범죄,부산 강서구,부산,부산,국내,884
강력범죄,살인기수,기타(Top3외),부산 해운대구,부산,부산,국내,2
강력범죄,살인미수등,기타(Top3외),부산 해운대구,부산,부산,국내,0
강력범죄,강도,기타(Top3외),부산 해운대구,부산,부산,국내,1
강력범죄,강간,기타(Top3외),부산 해운대구,부산,부산,국내,33
강력범죄,유사강간,기타(Top3외),부산 해운대구,부산,부산,국내,6
강력범죄,강제추행,기타(Top3외),부산 해운대구,부산,부산,국내,101
강력범죄,기타 강간/강제추행등,기타(Top3외),부산 해운대구,부산,부산,국내,2
강력범죄,방화,기타(Top3외),부산 해운대구,부산,부산,국내,12
절도범죄,절도범죄,기타(Top3외),부산 해운대구,부산,부산,국내,1674
폭력범죄,상해,기타(Top3외),부산 해운대구,부산,부산,국내,123
폭력범죄,폭행,기타(Top3외),부산 해운대구,부산,부산,국내,689
폭력범죄,체포/감금,기타(Top3외),부산 해운대구,부산,부산,국내,11
폭력범죄,협박,기타(Top3외),부산 해운대구,부산,부산,국내,172
폭력범죄,약취/유인,기타(Top3외),부산 해운대구,부산,부산,국내,3
폭력범죄,폭력행위등,기타(Top3외),부산 해운대구,부산,부산,국내,38
폭력범죄,공갈,기타(Top3외),부산 해운대구,부산,부산,국내,40
폭력범죄,손괴,기타(Top3외),부산 해운대구,부산,부산,국내,318
지능범죄,직무유기,지능범죄,부산 해운대구,부산,부산,국내,21
지능범죄,직권남용,지능범죄,부산 해운대구,부산,부산,국내,9
지능범죄,증수뢰,지능범죄,부산 해운대구,부산,부산,국내,1
지능범죄,통화,지능범죄,부산 해운대구,부산,부산,국내,2
지능범죄,문서/인장,지능범죄,부산 해운대구,부산,부산,국내,132
지능범죄,유가증권인지,지능범죄,부산 해운대구,부산,부산,국내,1
지능범죄,사기,지능범죄,부산 해운대구,부산,부산,국내,3338
지능범죄,횡령,지능범죄,부산 해운대구,부산,부산,국내,448
지능범죄,배임,지능범죄,부산 해운대구,부산,부산,국내,37
풍속범죄,성풍속범죄,기타(Top3외),부산 해운대구,부산,부산,국내,136
풍속범죄,도박범죄,기타(Top3외),부산 해운대구,부산,부산,국내,43
특별경제범죄,특별경제범죄,기타(Top3외),부산 해운대구,부산,부산,국내,898
마약범죄,마약범죄,기타(Top3외),부산 해운대구,부산,부산,국내,96
보건범죄,보건범죄,기타(Top3외),부산 해운대구,부산,부산,국내,219
환경범죄,환경범죄,기타(Top3외),부산 해운대구,부산,부산,국내,3
교통범죄,교통범죄,교통범죄,부산 해운대구,부산,부산,국내,1180
노동범죄,노동범죄,기타(Top3외),부산 해운대구,부산,부산,국내,0
안보범죄,안보범죄,기타(Top3외),부산 해운대구,부산,부산,국내,2
선거범죄,선거범죄,기타(Top3외),부산 해운대구,부산,부산,국내,4
병역범죄,병역범죄,기타(Top3외),부산 해운대구,부산,부산,국내,53
기타범죄,기타범죄,기타범죄,부산 해운대구,부산,부산,국내,2013
강력범죄,살인기수,기타(Top3외),부산 사하구,부산,부산,국내,1
강력범죄,살인미수등,기타(Top3외),부산 사하구,부산,부산,국내,4
강력범죄,강도,기타(Top3외),부산 사하구,부산,부산,국내,3
강력범죄,강간,기타(Top3외),부산 사하구,부산,부산,국내,19
강력범죄,유사강간,기타(Top3외),부산 사하구,부산,부산,국내,4
강력범죄,강제추행,기타(Top3외),부산 사하구,부산,부산,국내,59
강력범죄,기타 강간/강제추행등,기타(Top3외),부산 사하구,부산,부산,국내,0
강력범죄,방화,기타(Top3외),부산 사하구,부산,부산,국내,5
절도범죄,절도범죄,기타(Top3외),부산 사하구,부산,부산,국내,952
폭력범죄,상해,기타(Top3외),부산 사하구,부산,부산,국내,163
폭력범죄,폭행,기타(Top3외),부산 사하구,부산,부산,국내,559
폭력범죄,체포/감금,기타(Top3외),부산 사하구,부산,부산,국내,4
폭력범죄,협박,기타(Top3외),부산 사하구,부산,부산,국내,152
폭력범죄,약취/유인,기타(Top3외),부산 사하구,부산,부산,국내,3
폭력범죄,폭력행위등,기타(Top3외),부산 사하구,부산,부산,국내,26
폭력범죄,공갈,기타(Top3외),부산 사하구,부산,부산,국내,29
폭력범죄,손괴,기타(Top3외),부산 사하구,부산,부산,국내,280
지능범죄,직무유기,지능범죄,부산 사하구,부산,부산,국내,10
지능범죄,직권남용,지능범죄,부산 사하구,부산,부산,국내,6
지능범죄,증수뢰,지능범죄,부산 사하구,부산,부산,국내,0
지능범죄,통화,지능범죄,부산 사하구,부산,부산,국내,2
지능범죄,문서/인장,지능범죄,부산 사하구,부산,부산,국내,67
지능범죄,유가증권인지,지능범죄,부산 사하구,부산,부산,국내,0
지능범죄,사기,지능범죄,부산 사하구,부산,부산,국내,2191
지능범죄,횡령,지능범죄,부산 사하구,부산,부산,국내,287
지능범죄,배임,지능범죄,부산 사하구,부산,부산,국내,20
풍속범죄,성풍속범죄,기타(Top3외),부산 사하구,부산,부산,국내,97
풍속범죄,도박범죄,기타(Top3외),부산 사하구,부산,부산,국내,39
특별경제범죄,특별경제범죄,기타(Top3외),부산 사하구,부산,부산,국내,468
마약범죄,마약범죄,기타(Top3외),부산 사하구,부산,부산,국내,82
보건범죄,보건범죄,기타(Top3외),부산 사하구,부산,부산,국내,105
환경범죄,환경범죄,기타(Top3외),부산 사하구,부산,부산,국내,28
교통범죄,교통범죄,교통범죄,부산 사하구,부산,부산,국내,770
노동범죄,노동범죄,기타(Top3외),부산 사하구,부산,부산,국내,1
안보범죄,안보범죄,기타(Top3외),부산 사하구,부산,부산,국내,1
선거범죄,선거범죄,기타(Top3외),부산 사하구,부산,부산,국내,7
병역범죄,병역범죄,기타(Top3외),부산 사하구,부산,부산,국내,31
기타범죄,기타범죄,기타범죄,부산 사하구,부산,부산,국내,1312
강력범죄,살인기수,기타(Top3외),부산 금정구,부산,부산,국내,1
강력범죄,살인미수등,기타(Top3외),부산 금정구,부산,부산,국내,3
강력범죄,강도,기타(Top3외),부산 금정구,부산,부산,국내,4
강력범죄,강간,기타(Top3외),부산 금정구,부산,부산,국내,16
강력범죄,유사강간,기타(Top3외),부산 금정구,부산,부산,국내,4
강력범죄,강제추행,기타(Top3외),부산 금정구,부산,부산,국내,52
강력범죄,기타 강간/강제추행등,기타(Top3외),부산 금정구,부산,부산,국내,0
강력범죄,방화,기타(Top3외),부산 금정구,부산,부산,국내,1
절도범죄,절도범죄,기타(Top3외),부산 금정구,부산,부산,국내,878
폭력범죄,상해,기타(Top3외),부산 금정구,부산,부산,국내,96
폭력범죄,폭행,기타(Top3외),부산 금정구,부산,부산,국내,388
폭력범죄,체포/감금,기타(Top3외),부산 금정구,부산,부산,국내,2
폭력범죄,협박,기타(Top3외),부산 금정구,부산,부산,국내,117
폭력범죄,약취/유인,기타(Top3외),부산 금정구,부산,부산,국내,1
폭력범죄,폭력행위등,기타(Top3외),부산 금정구,부산,부산,국내,13
폭력범죄,공갈,기타(Top3외),부산 금정구,부산,부산,국내,31
폭력범죄,손괴,기타(Top3외),부산 금정구,부산,부산,국내,206
지능범죄,직무유기,지능범죄,부산 금정구,부산,부산,국내,6
지능범죄,직권남용,지능범죄,부산 금정구,부산,부산,국내,9
지능범죄,증수뢰,지능범죄,부산 금정구,부산,부산,국내,0
지능범죄,통화,지능범죄,부산 금정구,부산,부산,국내,0
지능범죄,문서/인장,지능범죄,부산 금정구,부산,부산,국내,50
지능범죄,유가증권인지,지능범죄,부산 금정구,부산,부산,국내,0
지능범죄,사기,지능범죄,부산 금정구,부산,부산,국내,1719
지능범죄,횡령,지능범죄,부산 금정구,부산,부산,국내,249
지능범죄,배임,지능범죄,부산 금정구,부산,부산,국내,13
풍속범죄,성풍속범죄,기타(Top3외),부산 금정구,부산,부산,국내,109
풍속범죄,도박범죄,기타(Top3외),부산 금정구,부산,부산,국내,53
특별경제범죄,특별경제범죄,기타(Top3외),부산 금정구,부산,부산,국내,439
마약범죄,마약범죄,기타(Top3외),부산 금정구,부산,부산,국내,36
보건범죄,보건범죄,기타(Top3외),부산 금정구,부산,부산,국내,92
환경범죄,환경범죄,기타(Top3외),부산 금정구,부산,부산,국내,2
교통범죄,교통범죄,교통범죄,부산 금정구,부산,부산,국내,627
노동범죄,노동범죄,기타(Top3외),부산 금정구,부산,부산,국내,0
안보범죄,안보범죄,기타(Top3외),부산 금정구,부산,부산,국내,0
선거범죄,선거범죄,기타(Top3외),부산 금정구,부산,부산,국내,18
병역범죄,병역범죄,기타(Top3외),부산 금정구,부산,부산,국내,18
기타범죄,기타범죄,기타범죄,부산 금정구,부산,부산,국내,1036
강력범죄,살인기수,기타(Top3외),부산 연제구,부산,부산,국내,2
강력범죄,살인미수등,기타(Top3외),부산 연제구,부산,부산,국내,4
강력범죄,강도,기타(Top3외),부산 연제구,부산,부산,국내,4
강력범죄,강간,기타(Top3외),부산 연제구,부산,부산,국내,14
강력범죄,유사강간,기타(Top3외),부산 연제구,부산,부산,국내,2
강력범죄,강제추행,기타(Top3외),부산 연제구,부산,부산,국내,70
강력범죄,기타 강간/강제추행등,기타(Top3외),부산 연제구,부산,부산,국내,0
강력범죄,방화,기타(Top3외),부산 연제구,부산,부산,국내,5
절도범죄,절도범죄,기타(Top3외),부산 연제구,부산,부산,국내,833
폭력범죄,상해,기타(Top3외),부산 연제구,부산,부산,국내,113
폭력범죄,폭행,기타(Top3외),부산 연제구,부산,부산,국내,609
폭력범죄,체포/감금,기타(Top3외),부산 연제구,부산,부산,국내,7
폭력범죄,협박,기타(Top3외),부산 연제구,부산,부산,국내,98
폭력범죄,약취/유인,기타(Top3외),부산 연제구,부산,부산,국내,0
폭력범죄,폭력행위등,기타(Top3외),부산 연제구,부산,부산,국내,17
폭력범죄,공갈,기타(Top3외),부산 연제구,부산,부산,국내,29
폭력범죄,손괴,기타(Top3외),부산 연제구,부산,부산,국내,203
지능범죄,직무유기,지능범죄,부산 연제구,부산,부산,국내,8
지능범죄,직권남용,지능범죄,부산 연제구,부산,부산,국내,7
지능범죄,증수뢰,지능범죄,부산 연제구,부산,부산,국내,2
지능범죄,통화,지능범죄,부산 연제구,부산,부산,국내,0
지능범죄,문서/인장,지능범죄,부산 연제구,부산,부산,국내,91
지능범죄,유가증권인지,지능범죄,부산 연제구,부산,부산,국내,1
지능범죄,사기,지능범죄,부산 연제구,부산,부산,국내,2023
지능범죄,횡령,지능범죄,부산 연제구,부산,부산,국내,263
지능범죄,배임,지능범죄,부산 연제구,부산,부산,국내,23
풍속범죄,성풍속범죄,기타(Top3외),부산 연제구,부산,부산,국내,151
풍속범죄,도박범죄,기타(Top3외),부산 연제구,부산,부산,국내,201
특별경제범죄,특별경제범죄,기타(Top3외),부산 연제구,부산,부산,국내,599
마약범죄,마약범죄,기타(Top3외),부산 연제구,부산,부산,국내,69
보건범죄,보건범죄,기타(Top3외),부산 연제구,부산,부산,국내,43
환경범죄,환경범죄,기타(Top3외),부산 연제구,부산,부산,국내,4
교통범죄,교통범죄,교통범죄,부산 연제구,부산,부산,국내,620
노동범죄,노동범죄,기타(Top3외),부산 연제구,부산,부산,국내,1
안보범죄,안보범죄,기타(Top3외),부산 연제구,부산,부산,국내,1
선거범죄,선거범죄,기타(Top3외),부산 연제구,부산,부산,국내,6
병역범죄,병역범죄,기타(Top3외),부산 연제구,부산,부산,국내,51
기타범죄,기타범죄,기타범죄,부산 연제구,부산,부산,국내,1411
강력범죄,살인기수,기타(Top3외),부산 수영구,부산,부산,국내,1
강력범죄,살인미수등,기타(Top3외),부산 수영구,부산,부산,국내,1
강력범죄,강도,기타(Top3외),부산 수영구,부산,부산,국내,1
강력범죄,강간,기타(Top3외),부산 수영구,부산,부산,국내,25
강력범죄,유사강간,기타(Top3외),부산 수영구,부산,부산,국내,5
강력범죄,강제추행,기타(Top3외),부산 수영구,부산,부산,국내,66
강력범죄,기타 강간/강제추행등,기타(Top3외),부산 수영구,부산,부산,국내,1
강력범죄,방화,기타(Top3외),부산 수영구,부산,부산,국내,1
절도범죄,절도범죄,기타(Top3외),부산 수영구,부산,부산,국내,795
폭력범죄,상해,기타(Top3외),부산 수영구,부산,부산,국내,111
폭력범죄,폭행,기타(Top3외),부산 수영구,부산,부산,국내,510
폭력범죄,체포/감금,기타(Top3외),부산 수영구,부산,부산,국내,2
폭력범죄,협박,기타(Top3외),부산 수영구,부산,부산,국내,121
폭력범죄,약취/유인,기타(Top3외),부산 수영구,부산,부산,국내,0
폭력범죄,폭력행위등,기타(Top3외),부산 수영구,부산,부산,국내,28
폭력범죄,공갈,기타(Top3외),부산 수영구,부산,부산,국내,11
폭력범죄,손괴,기타(Top3외),부산 수영구,부산,부산,국내,232
지능범죄,직무유기,지능범죄,부산 수영구,부산,부산,국내,2
지능범죄,직권남용,지능범죄,부산 수영구,부산,부산,국내,6
지능범죄,증수뢰,지능범죄,부산 수영구,부산,부산,국내,0
지능범죄,통화,지능범죄,부산 수영구,부산,부산,국내,0
지능범죄,문서/인장,지능범죄,부산 수영구,부산,부산,국내,31
지능범죄,유가증권인지,지능범죄,부산 수영구,부산,부산,국내,0
지능범죄,사기,지능범죄,부산 수영구,부산,부산,국내,911
지능범죄,횡령,지능범죄,부산 수영구,부산,부산,국내,331
지능범죄,배임,지능범죄,부산 수영구,부산,부산,국내,11
풍속범죄,성풍속범죄,기타(Top3외),부산 수영구,부산,부산,국내,69
풍속범죄,도박범죄,기타(Top3외),부산 수영구,부산,부산,국내,15
특별경제범죄,특별경제범죄,기타(Top3외),부산 수영구,부산,부산,국내,283
마약범죄,마약범죄,기타(Top3외),부산 수영구,부산,부산,국내,38
보건범죄,보건범죄,기타(Top3외),부산 수영구,부산,부산,국내,269
환경범죄,환경범죄,기타(Top3외),부산 수영구,부산,부산,국내,7
교통범죄,교통범죄,교통범죄,부산 수영구,부산,부산,국내,776
노동범죄,노동범죄,기타(Top3외),부산 수영구,부산,부산,국내,0
안보범죄,안보범죄,기타(Top3외),부산 수영구,부산,부산,국내,0
선거범죄,선거범죄,기타(Top3외),부산 수영구,부산,부산,국내,7
병역범죄,병역범죄,기타(Top3외),부산 수영구,부산,부산,국내,24
기타범죄,기타범죄,기타범죄,부산 수영구,부산,부산,국내,907
강력범죄,살인기수,기타(Top3외),부산 사상구,부산,부산,국내,0
강력범죄,살인미수등,기타(Top3외),부산 사상구,부산,부산,국내,5
강력범죄,강도,기타(Top3외),부산 사상구,부산,부산,국내,1
강력범죄,강간,기타(Top3외),부산 사상구,부산,부산,국내,14
강력범죄,유사강간,기타(Top3외),부산 사상구,부산,부산,국내,4
강력범죄,강제추행,기타(Top3외),부산 사상구,부산,부산,국내,63
강력범죄,기타 강간/강제추행등,기타(Top3외),부산 사상구,부산,부산,국내,0
강력범죄,방화,기타(Top3외),부산 사상구,부산,부산,국내,3
절도범죄,절도범죄,기타(Top3외),부산 사상구,부산,부산,국내,797
폭력범죄,상해,기타(Top3외),부산 사상구,부산,부산,국내,104
폭력범죄,폭행,기타(Top3외),부산 사상구,부산,부산,국내,563
폭력범죄,체포/감금,기타(Top3외),부산 사상구,부산,부산,국내,2
폭력범죄,협박,기타(Top3외),부산 사상구,부산,부산,국내,133
폭력범죄,약취/유인,기타(Top3외),부산 사상구,부산,부산,국내,2
폭력범죄,폭력행위등,기타(Top3외),부산 사상구,부산,부산,국내,28
폭력범죄,공갈,기타(Top3외),부산 사상구,부산,부산,국내,27
폭력범죄,손괴,기타(Top3외),부산 사상구,부산,부산,국내,213
지능범죄,직무유기,지능범죄,부산 사상구,부산,부산,국내,8
지능범죄,직권남용,지능범죄,부산 사상구,부산,부산,국내,7
지능범죄,증수뢰,지능범죄,부산 사상구,부산,부산,국내,0
지능범죄,통화,지능범죄,부산 사상구,부산,부산,국내,4
지능범죄,문서/인장,지능범죄,부산 사상구,부산,부산,국내,35
지능범죄,유가증권인지,지능범죄,부산 사상구,부산,부산,국내,3
지능범죄,사기,지능범죄,부산 사상구,부산,부산,국내,2138
지능범죄,횡령,지능범죄,부산 사상구,부산,부산,국내,242
지능범죄,배임,지능범죄,부산 사상구,부산,부산,국내,23
풍속범죄,성풍속범죄,기타(Top3외),부산 사상구,부산,부산,국내,61
풍속범죄,도박범죄,기타(Top3외),부산 사상구,부산,부산,국내,38
특별경제범죄,특별경제범죄,기타(Top3외),부산 사상구,부산,부산,국내,345
마약범죄,마약범죄,기타(Top3외),부산 사상구,부산,부산,국내,76
보건범죄,보건범죄,기타(Top3외),부산 사상구,부산,부산,국내,47
환경범죄,환경범죄,기타(Top3외),부산 사상구,부산,부산,국내,14
교통범죄,교통범죄,교통범죄,부산 사상구,부산,부산,국내,913
노동범죄,노동범죄,기타(Top3외),부산 사상구,부산,부산,국내,8
안보범죄,안보범죄,기타(Top3외),부산 사상구,부산,부산,국내,0
선거범죄,선거범죄,기타(Top3외),부산 사상구,부산,부산,국내,6
병역범죄,병역범죄,기타(Top3외),부산 사상구,부산,부산,국내,60
기타범죄,기타범죄,기타범죄,부산 사상구,부산,부산,국내,1024
강력범죄,살인기수,기타(Top3외),부산 기장군,부산,부산,국내,1
강력범죄,살인미수등,기타(Top3외),부산 기장군,부산,부산,국내,0
강력범죄,강도,기타(Top3외),부산 기장군,부산,부산,국내,0
강력범죄,강간,기타(Top3외),부산 기장군,부산,부산,국내,11
강력범죄,유사강간,기타(Top3외),부산 기장군,부산,부산,국내,3
강력범죄,강제추행,기타(Top3외),부산 기장군,부산,부산,국내,46
강력범죄,기타 강간/강제추행등,기타(Top3외),부산 기장군,부산,부산,국내,1
강력범죄,방화,기타(Top3외),부산 기장군,부산,부산,국내,5
절도범죄,절도범죄,기타(Top3외),부산 기장군,부산,부산,국내,448
폭력범죄,상해,기타(Top3외),부산 기장군,부산,부산,국내,100
폭력범죄,폭행,기타(Top3외),부산 기장군,부산,부산,국내,287
폭력범죄,체포/감금,기타(Top3외),부산 기장군,부산,부산,국내,3
폭력범죄,협박,기타(Top3외),부산 기장군,부산,부산,국내,84
폭력범죄,약취/유인,기타(Top3외),부산 기장군,부산,부산,국내,2
폭력범죄,폭력행위등,기타(Top3외),부산 기장군,부산,부산,국내,33
폭력범죄,공갈,기타(Top3외),부산 기장군,부산,부산,국내,27
폭력범죄,손괴,기타(Top3외),부산 기장군,부산,부산,국내,122
지능범죄,직무유기,지능범죄,부산 기장군,부산,부산,국내,6
지능범죄,직권남용,지능범죄,부산 기장군,부산,부산,국내,2
지능범죄,증수뢰,지능범죄,부산 기장군,부산,부산,국내,3
지능범죄,통화,지능범죄,부산 기장군,부산,부산,국내,1
지능범죄,문서/인장,지능범죄,부산 기장군,부산,부산,국내,73
지능범죄,유가증권인지,지능범죄,부산 기장군,부산,부산,국내,0
지능범죄,사기,지능범죄,부산 기장군,부산,부산,국내,1467
지능범죄,횡령,지능범죄,부산 기장군,부산,부산,국내,251
지능범죄,배임,지능범죄,부산 기장군,부산,부산,국내,14
풍속범죄,성풍속범죄,기타(Top3외),부산 기장군,부산,부산,국내,56
풍속범죄,도박범죄,기타(Top3외),부산 기장군,부산,부산,국내,33
특별경제범죄,특별경제범죄,기타(Top3외),부산 기장군,부산,부산,국내,334
마약범죄,마약범죄,기타(Top3외),부산 기장군,부산,부산,국내,26
보건범죄,보건범죄,기타(Top3외),부산 기장군,부산,부산,국내,80
환경범죄,환경범죄,기타(Top3외),부산 기장군,부산,부산,국내,31
교통범죄,교통범죄,교통범죄,부산 기장군,부산,부산,국내,828
노동범죄,노동범죄,기타(Top3외),부산 기장군,부산,부산,국내,2
안보범죄,안보범죄,기타(Top3외),부산 기장군,부산,부산,국내,0
선거범죄,선거범죄,기타(Top3외),부산 기장군,부산,부산,국내,5
병역범죄,병역범죄,기타(Top3외),부산 기장군,부산,부산,국내,18
기타범죄,기타범죄,기타범죄,부산 기장군,부산,부산,국내,989
강력범죄,살인기수,기타(Top3외),대구 중구,대구,기타(Top5외),국내,1
강력범죄,살인미수등,기타(Top3외),대구 중구,대구,기타(Top5외),국내,1
강력범죄,강도,기타(Top3외),대구 중구,대구,기타(Top5외),국내,1
강력범죄,강간,기타(Top3외),대구 중구,대구,기타(Top5외),국내,29
강력범죄,유사강간,기타(Top3외),대구 중구,대구,기타(Top5외),국내,3
강력범죄,강제추행,기타(Top3외),대구 중구,대구,기타(Top5외),국내,150
강력범죄,기타 강간/강제추행등,기타(Top3외),대구 중구,대구,기타(Top5외),국내,1
강력범죄,방화,기타(Top3외),대구 중구,대구,기타(Top5외),국내,3
절도범죄,절도범죄,기타(Top3외),대구 중구,대구,기타(Top5외),국내,1188
폭력범죄,상해,기타(Top3외),대구 중구,대구,기타(Top5외),국내,89
폭력범죄,폭행,기타(Top3외),대구 중구,대구,기타(Top5외),국내,553
폭력범죄,체포/감금,기타(Top3외),대구 중구,대구,기타(Top5외),국내,3
폭력범죄,협박,기타(Top3외),대구 중구,대구,기타(Top5외),국내,88
폭력범죄,약취/유인,기타(Top3외),대구 중구,대구,기타(Top5외),국내,1
폭력범죄,폭력행위등,기타(Top3외),대구 중구,대구,기타(Top5외),국내,35
폭력범죄,공갈,기타(Top3외),대구 중구,대구,기타(Top5외),국내,26
폭력범죄,손괴,기타(Top3외),대구 중구,대구,기타(Top5외),국내,199
지능범죄,직무유기,지능범죄,대구 중구,대구,기타(Top5외),국내,3
지능범죄,직권남용,지능범죄,대구 중구,대구,기타(Top5외),국내,2
지능범죄,증수뢰,지능범죄,대구 중구,대구,기타(Top5외),국내,3
지능범죄,통화,지능범죄,대구 중구,대구,기타(Top5외),국내,1
지능범죄,문서/인장,지능범죄,대구 중구,대구,기타(Top5외),국내,56
지능범죄,유가증권인지,지능범죄,대구 중구,대구,기타(Top5외),국내,0
지능범죄,사기,지능범죄,대구 중구,대구,기타(Top5외),국내,1160
지능범죄,횡령,지능범죄,대구 중구,대구,기타(Top5외),국내,331
지능범죄,배임,지능범죄,대구 중구,대구,기타(Top5외),국내,13
풍속범죄,성풍속범죄,기타(Top3외),대구 중구,대구,기타(Top5외),국내,103
풍속범죄,도박범죄,기타(Top3외),대구 중구,대구,기타(Top5외),국내,13
특별경제범죄,특별경제범죄,기타(Top3외),대구 중구,대구,기타(Top5외),국내,379
마약범죄,마약범죄,기타(Top3외),대구 중구,대구,기타(Top5외),국내,57
보건범죄,보건범죄,기타(Top3외),대구 중구,대구,기타(Top5외),국내,105
환경범죄,환경범죄,기타(Top3외),대구 중구,대구,기타(Top5외),국내,0
교통범죄,교통범죄,교통범죄,대구 중구,대구,기타(Top5외),국내,813
노동범죄,노동범죄,기타(Top3외),대구 중구,대구,기타(Top5외),국내,1
안보범죄,안보범죄,기타(Top3외),대구 중구,대구,기타(Top5외),국내,1
선거범죄,선거범죄,기타(Top3외),대구 중구,대구,기타(Top5외),국내,2
병역범죄,병역범죄,기타(Top3외),대구 중구,대구,기타(Top5외),국내,26
기타범죄,기타범죄,기타범죄,대구 중구,대구,기타(Top5외),국내,918
강력범죄,살인기수,기타(Top3외),대구 동구,대구,기타(Top5외),국내,0
강력범죄,살인미수등,기타(Top3외),대구 동구,대구,기타(Top5외),국내,4
강력범죄,강도,기타(Top3외),대구 동구,대구,기타(Top5외),국내,9
강력범죄,강간,기타(Top3외),대구 동구,대구,기타(Top5외),국내,27
강력범죄,유사강간,기타(Top3외),대구 동구,대구,기타(Top5외),국내,1
강력범죄,강제추행,기타(Top3외),대구 동구,대구,기타(Top5외),국내,100
강력범죄,기타 강간/강제추행등,기타(Top3외),대구 동구,대구,기타(Top5외),국내,0
강력범죄,방화,기타(Top3외),대구 동구,대구,기타(Top5외),국내,6
절도범죄,절도범죄,기타(Top3외),대구 동구,대구,기타(Top5외),국내,1244
폭력범죄,상해,기타(Top3외),대구 동구,대구,기타(Top5외),국내,194
폭력범죄,폭행,기타(Top3외),대구 동구,대구,기타(Top5외),국내,772
폭력범죄,체포/감금,기타(Top3외),대구 동구,대구,기타(Top5외),국내,7
폭력범죄,협박,기타(Top3외),대구 동구,대구,기타(Top5외),국내,222
폭력범죄,약취/유인,기타(Top3외),대구 동구,대구,기타(Top5외),국내,2
폭력범죄,폭력행위등,기타(Top3외),대구 동구,대구,기타(Top5외),국내,45
폭력범죄,공갈,기타(Top3외),대구 동구,대구,기타(Top5외),국내,25
폭력범죄,손괴,기타(Top3외),대구 동구,대구,기타(Top5외),국내,385
지능범죄,직무유기,지능범죄,대구 동구,대구,기타(Top5외),국내,3
지능범죄,직권남용,지능범죄,대구 동구,대구,기타(Top5외),국내,4
지능범죄,증수뢰,지능범죄,대구 동구,대구,기타(Top5외),국내,3
지능범죄,통화,지능범죄,대구 동구,대구,기타(Top5외),국내,3
지능범죄,문서/인장,지능범죄,대구 동구,대구,기타(Top5외),국내,73
지능범죄,유가증권인지,지능범죄,대구 동구,대구,기타(Top5외),국내,2
지능범죄,사기,지능범죄,대구 동구,대구,기타(Top5외),국내,2437
지능범죄,횡령,지능범죄,대구 동구,대구,기타(Top5외),국내,643
지능범죄,배임,지능범죄,대구 동구,대구,기타(Top5외),국내,22
풍속범죄,성풍속범죄,기타(Top3외),대구 동구,대구,기타(Top5외),국내,110
풍속범죄,도박범죄,기타(Top3외),대구 동구,대구,기타(Top5외),국내,41
특별경제범죄,특별경제범죄,기타(Top3외),대구 동구,대구,기타(Top5외),국내,817
마약범죄,마약범죄,기타(Top3외),대구 동구,대구,기타(Top5외),국내,69
보건범죄,보건범죄,기타(Top3외),대구 동구,대구,기타(Top5외),국내,74
환경범죄,환경범죄,기타(Top3외),대구 동구,대구,기타(Top5외),국내,4
교통범죄,교통범죄,교통범죄,대구 동구,대구,기타(Top5외),국내,1332
노동범죄,노동범죄,기타(Top3외),대구 동구,대구,기타(Top5외),국내,2
안보범죄,안보범죄,기타(Top3외),대구 동구,대구,기타(Top5외),국내,2
선거범죄,선거범죄,기타(Top3외),대구 동구,대구,기타(Top5외),국내,3
병역범죄,병역범죄,기타(Top3외),대구 동구,대구,기타(Top5외),국내,71
기타범죄,기타범죄,기타범죄,대구 동구,대구,기타(Top5외),국내,1578
강력범죄,살인기수,기타(Top3외),대구 서구,대구,기타(Top5외),국내,0
강력범죄,살인미수등,기타(Top3외),대구 서구,대구,기타(Top5외),국내,3
강력범죄,강도,기타(Top3외),대구 서구,대구,기타(Top5외),국내,2
강력범죄,강간,기타(Top3외),대구 서구,대구,기타(Top5외),국내,18
강력범죄,유사강간,기타(Top3외),대구 서구,대구,기타(Top5외),국내,4
강력범죄,강제추행,기타(Top3외),대구 서구,대구,기타(Top5외),국내,50
강력범죄,기타 강간/강제추행등,기타(Top3외),대구 서구,대구,기타(Top5외),국내,0
강력범죄,방화,기타(Top3외),대구 서구,대구,기타(Top5외),국내,3
절도범죄,절도범죄,기타(Top3외),대구 서구,대구,기타(Top5외),국내,1025
폭력범죄,상해,기타(Top3외),대구 서구,대구,기타(Top5외),국내,122
폭력범죄,폭행,기타(Top3외),대구 서구,대구,기타(Top5외),국내,504
폭력범죄,체포/감금,기타(Top3외),대구 서구,대구,기타(Top5외),국내,6
폭력범죄,협박,기타(Top3외),대구 서구,대구,기타(Top5외),국내,91
폭력범죄,약취/유인,기타(Top3외),대구 서구,대구,기타(Top5외),국내,1
폭력범죄,폭력행위등,기타(Top3외),대구 서구,대구,기타(Top5외),국내,17
폭력범죄,공갈,기타(Top3외),대구 서구,대구,기타(Top5외),국내,15
폭력범죄,손괴,기타(Top3외),대구 서구,대구,기타(Top5외),국내,218
지능범죄,직무유기,지능범죄,대구 서구,대구,기타(Top5외),국내,3
지능범죄,직권남용,지능범죄,대구 서구,대구,기타(Top5외),국내,2
지능범죄,증수뢰,지능범죄,대구 서구,대구,기타(Top5외),국내,0
지능범죄,통화,지능범죄,대구 서구,대구,기타(Top5외),국내,1
지능범죄,문서/인장,지능범죄,대구 서구,대구,기타(Top5외),국내,32
지능범죄,유가증권인지,지능범죄,대구 서구,대구,기타(Top5외),국내,0
지능범죄,사기,지능범죄,대구 서구,대구,기타(Top5외),국내,1345
지능범죄,횡령,지능범죄,대구 서구,대구,기타(Top5외),국내,237
지능범죄,배임,지능범죄,대구 서구,대구,기타(Top5외),국내,12
풍속범죄,성풍속범죄,기타(Top3외),대구 서구,대구,기타(Top5외),국내,45
풍속범죄,도박범죄,기타(Top3외),대구 서구,대구,기타(Top5외),국내,27
특별경제범죄,특별경제범죄,기타(Top3외),대구 서구,대구,기타(Top5외),국내,336
마약범죄,마약범죄,기타(Top3외),대구 서구,대구,기타(Top5외),국내,22
보건범죄,보건범죄,기타(Top3외),대구 서구,대구,기타(Top5외),국내,38
환경범죄,환경범죄,기타(Top3외),대구 서구,대구,기타(Top5외),국내,0
교통범죄,교통범죄,교통범죄,대구 서구,대구,기타(Top5외),국내,797
노동범죄,노동범죄,기타(Top3외),대구 서구,대구,기타(Top5외),국내,1
안보범죄,안보범죄,기타(Top3외),대구 서구,대구,기타(Top5외),국내,0
선거범죄,선거범죄,기타(Top3외),대구 서구,대구,기타(Top5외),국내,1
병역범죄,병역범죄,기타(Top3외),대구 서구,대구,기타(Top5외),국내,29
기타범죄,기타범죄,기타범죄,대구 서구,대구,기타(Top5외),국내,947
강력범죄,살인기수,기타(Top3외),대구 남구,대구,기타(Top5외),국내,0
강력범죄,살인미수등,기타(Top3외),대구 남구,대구,기타(Top5외),국내,0
강력범죄,강도,기타(Top3외),대구 남구,대구,기타(Top5외),국내,0
강력범죄,강간,기타(Top3외),대구 남구,대구,기타(Top5외),국내,25
강력범죄,유사강간,기타(Top3외),대구 남구,대구,기타(Top5외),국내,3
강력범죄,강제추행,기타(Top3외),대구 남구,대구,기타(Top5외),국내,44
강력범죄,기타 강간/강제추행등,기타(Top3외),대구 남구,대구,기타(Top5외),국내,2
강력범죄,방화,기타(Top3외),대구 남구,대구,기타(Top5외),국내,6
절도범죄,절도범죄,기타(Top3외),대구 남구,대구,기타(Top5외),국내,682
폭력범죄,상해,기타(Top3외),대구 남구,대구,기타(Top5외),국내,91
폭력범죄,폭행,기타(Top3외),대구 남구,대구,기타(Top5외),국내,400
폭력범죄,체포/감금,기타(Top3외),대구 남구,대구,기타(Top5외),국내,2
폭력범죄,협박,기타(Top3외),대구 남구,대구,기타(Top5외),국내,63
폭력범죄,약취/유인,기타(Top3외),대구 남구,대구,기타(Top5외),국내,0
폭력범죄,폭력행위등,기타(Top3외),대구 남구,대구,기타(Top5외),국내,10
폭력범죄,공갈,기타(Top3외),대구 남구,대구,기타(Top5외),국내,11
폭력범죄,손괴,기타(Top3외),대구 남구,대구,기타(Top5외),국내,190
지능범죄,직무유기,지능범죄,대구 남구,대구,기타(Top5외),국내,1
지능범죄,직권남용,지능범죄,대구 남구,대구,기타(Top5외),국내,1
지능범죄,증수뢰,지능범죄,대구 남구,대구,기타(Top5외),국내,1
지능범죄,통화,지능범죄,대구 남구,대구,기타(Top5외),국내,0
지능범죄,문서/인장,지능범죄,대구 남구,대구,기타(Top5외),국내,69
지능범죄,유가증권인지,지능범죄,대구 남구,대구,기타(Top5외),국내,1
지능범죄,사기,지능범죄,대구 남구,대구,기타(Top5외),국내,1378
지능범죄,횡령,지능범죄,대구 남구,대구,기타(Top5외),국내,173
지능범죄,배임,지능범죄,대구 남구,대구,기타(Top5외),국내,6
풍속범죄,성풍속범죄,기타(Top3외),대구 남구,대구,기타(Top5외),국내,47
풍속범죄,도박범죄,기타(Top3외),대구 남구,대구,기타(Top5외),국내,23
특별경제범죄,특별경제범죄,기타(Top3외),대구 남구,대구,기타(Top5외),국내,321
마약범죄,마약범죄,기타(Top3외),대구 남구,대구,기타(Top5외),국내,34
보건범죄,보건범죄,기타(Top3외),대구 남구,대구,기타(Top5외),국내,29
환경범죄,환경범죄,기타(Top3외),대구 남구,대구,기타(Top5외),국내,0
교통범죄,교통범죄,교통범죄,대구 남구,대구,기타(Top5외),국내,692
노동범죄,노동범죄,기타(Top3외),대구 남구,대구,기타(Top5외),국내,0
안보범죄,안보범죄,기타(Top3외),대구 남구,대구,기타(Top5외),국내,1
선거범죄,선거범죄,기타(Top3외),대구 남구,대구,기타(Top5외),국내,4
병역범죄,병역범죄,기타(Top3외),대구 남구,대구,기타(Top5외),국내,34
기타범죄,기타범죄,기타범죄,대구 남구,대구,기타(Top5외),국내,769
강력범죄,살인기수,기타(Top3외),대구 북구,대구,기타(Top5외),국내,1
강력범죄,살인미수등,기타(Top3외),대구 북구,대구,기타(Top5외),국내,3
강력범죄,강도,기타(Top3외),대구 북구,대구,기타(Top5외),국내,2
강력범죄,강간,기타(Top3외),대구 북구,대구,기타(Top5외),국내,23
강력범죄,유사강간,기타(Top3외),대구 북구,대구,기타(Top5외),국내,4
강력범죄,강제추행,기타(Top3외),대구 북구,대구,기타(Top5외),국내,71
강력범죄,기타 강간/강제추행등,기타(Top3외),대구 북구,대구,기타(Top5외),국내,0
강력범죄,방화,기타(Top3외),대구 북구,대구,기타(Top5외),국내,4
절도범죄,절도범죄,기타(Top3외),대구 북구,대구,기타(Top5외),국내,1553
폭력범죄,상해,기타(Top3외),대구 북구,대구,기타(Top5외),국내,176
폭력범죄,폭행,기타(Top3외),대구 북구,대구,기타(Top5외),국내,805
폭력범죄,체포/감금,기타(Top3외),대구 북구,대구,기타(Top5외),국내,9
폭력범죄,협박,기타(Top3외),대구 북구,대구,기타(Top5외),국내,176
폭력범죄,약취/유인,기타(Top3외),대구 북구,대구,기타(Top5외),국내,2
폭력범죄,폭력행위등,기타(Top3외),대구 북구,대구,기타(Top5외),국내,32
폭력범죄,공갈,기타(Top3외),대구 북구,대구,기타(Top5외),국내,45
폭력범죄,손괴,기타(Top3외),대구 북구,대구,기타(Top5외),국내,326
지능범죄,직무유기,지능범죄,대구 북구,대구,기타(Top5외),국내,2
지능범죄,직권남용,지능범죄,대구 북구,대구,기타(Top5외),국내,8
지능범죄,증수뢰,지능범죄,대구 북구,대구,기타(Top5외),국내,2
지능범죄,통화,지능범죄,대구 북구,대구,기타(Top5외),국내,3
지능범죄,문서/인장,지능범죄,대구 북구,대구,기타(Top5외),국내,69
지능범죄,유가증권인지,지능범죄,대구 북구,대구,기타(Top5외),국내,0
지능범죄,사기,지능범죄,대구 북구,대구,기타(Top5외),국내,2979
지능범죄,횡령,지능범죄,대구 북구,대구,기타(Top5외),국내,346
지능범죄,배임,지능범죄,대구 북구,대구,기타(Top5외),국내,9
풍속범죄,성풍속범죄,기타(Top3외),대구 북구,대구,기타(Top5외),국내,144
풍속범죄,도박범죄,기타(Top3외),대구 북구,대구,기타(Top5외),국내,61
특별경제범죄,특별경제범죄,기타(Top3외),대구 북구,대구,기타(Top5외),국내,688
마약범죄,마약범죄,기타(Top3외),대구 북구,대구,기타(Top5외),국내,49
보건범죄,보건범죄,기타(Top3외),대구 북구,대구,기타(Top5외),국내,39
환경범죄,환경범죄,기타(Top3외),대구 북구,대구,기타(Top5외),국내,4
교통범죄,교통범죄,교통범죄,대구 북구,대구,기타(Top5외),국내,1628
노동범죄,노동범죄,기타(Top3외),대구 북구,대구,기타(Top5외),국내,0
안보범죄,안보범죄,기타(Top3외),대구 북구,대구,기타(Top5외),국내,2
선거범죄,선거범죄,기타(Top3외),대구 북구,대구,기타(Top5외),국내,10
병역범죄,병역범죄,기타(Top3외),대구 북구,대구,기타(Top5외),국내,70
기타범죄,기타범죄,기타범죄,대구 북구,대구,기타(Top5외),국내,1470
강력범죄,살인기수,기타(Top3외),대구 수성구,대구,기타(Top5외),국내,2
강력범죄,살인미수등,기타(Top3외),대구 수성구,대구,기타(Top5외),국내,6
강력범죄,강도,기타(Top3외),대구 수성구,대구,기타(Top5외),국내,0
강력범죄,강간,기타(Top3외),대구 수성구,대구,기타(Top5외),국내,16
강력범죄,유사강간,기타(Top3외),대구 수성구,대구,기타(Top5외),국내,4
강력범죄,강제추행,기타(Top3외),대구 수성구,대구,기타(Top5외),국내,99
강력범죄,기타 강간/강제추행등,기타(Top3외),대구 수성구,대구,기타(Top5외),국내,0
강력범죄,방화,기타(Top3외),대구 수성구,대구,기타(Top5외),국내,6
절도범죄,절도범죄,기타(Top3외),대구 수성구,대구,기타(Top5외),국내,990
폭력범죄,상해,기타(Top3외),대구 수성구,대구,기타(Top5외),국내,175
폭력범죄,폭행,기타(Top3외),대구 수성구,대구,기타(Top5외),국내,676
폭력범죄,체포/감금,기타(Top3외),대구 수성구,대구,기타(Top5외),국내,2
폭력범죄,협박,기타(Top3외),대구 수성구,대구,기타(Top5외),국내,150
폭력범죄,약취/유인,기타(Top3외),대구 수성구,대구,기타(Top5외),국내,0
폭력범죄,폭력행위등,기타(Top3외),대구 수성구,대구,기타(Top5외),국내,51
폭력범죄,공갈,기타(Top3외),대구 수성구,대구,기타(Top5외),국내,55
폭력범죄,손괴,기타(Top3외),대구 수성구,대구,기타(Top5외),국내,308
지능범죄,직무유기,지능범죄,대구 수성구,대구,기타(Top5외),국내,7
지능범죄,직권남용,지능범죄,대구 수성구,대구,기타(Top5외),국내,7
지능범죄,증수뢰,지능범죄,대구 수성구,대구,기타(Top5외),국내,3
지능범죄,통화,지능범죄,대구 수성구,대구,기타(Top5외),국내,0
지능범죄,문서/인장,지능범죄,대구 수성구,대구,기타(Top5외),국내,125
지능범죄,유가증권인지,지능범죄,대구 수성구,대구,기타(Top5외),국내,1
지능범죄,사기,지능범죄,대구 수성구,대구,기타(Top5외),국내,3482
지능범죄,횡령,지능범죄,대구 수성구,대구,기타(Top5외),국내,411
지능범죄,배임,지능범죄,대구 수성구,대구,기타(Top5외),국내,24
풍속범죄,성풍속범죄,기타(Top3외),대구 수성구,대구,기타(Top5외),국내,143
풍속범죄,도박범죄,기타(Top3외),대구 수성구,대구,기타(Top5외),국내,69
특별경제범죄,특별경제범죄,기타(Top3외),대구 수성구,대구,기타(Top5외),국내,643
마약범죄,마약범죄,기타(Top3외),대구 수성구,대구,기타(Top5외),국내,43
보건범죄,보건범죄,기타(Top3외),대구 수성구,대구,기타(Top5외),국내,47
환경범죄,환경범죄,기타(Top3외),대구 수성구,대구,기타(Top5외),국내,0
교통범죄,교통범죄,교통범죄,대구 수성구,대구,기타(Top5외),국내,1534
노동범죄,노동범죄,기타(Top3외),대구 수성구,대구,기타(Top5외),국내,0
안보범죄,안보범죄,기타(Top3외),대구 수성구,대구,기타(Top5외),국내,1
선거범죄,선거범죄,기타(Top3외),대구 수성구,대구,기타(Top5외),국내,5
병역범죄,병역범죄,기타(Top3외),대구 수성구,대구,기타(Top5외),국내,42
기타범죄,기타범죄,기타범죄,대구 수성구,대구,기타(Top5외),국내,1608
강력범죄,살인기수,기타(Top3외),대구 달서구,대구,기타(Top5외),국내,7
강력범죄,살인미수등,기타(Top3외),대구 달서구,대구,기타(Top5외),국내,1
강력범죄,강도,기타(Top3외),대구 달서구,대구,기타(Top5외),국내,1
강력범죄,강간,기타(Top3외),대구 달서구,대구,기타(Top5외),국내,47
강력범죄,유사강간,기타(Top3외),대구 달서구,대구,기타(Top5외),국내,16
강력범죄,강제추행,기타(Top3외),대구 달서구,대구,기타(Top5외),국내,126
강력범죄,기타 강간/강제추행등,기타(Top3외),대구 달서구,대구,기타(Top5외),국내,4
강력범죄,방화,기타(Top3외),대구 달서구,대구,기타(Top5외),국내,8
절도범죄,절도범죄,기타(Top3외),대구 달서구,대구,기타(Top5외),국내,1965
폭력범죄,상해,기타(Top3외),대구 달서구,대구,기타(Top5외),국내,212
폭력범죄,폭행,기타(Top3외),대구 달서구,대구,기타(Top5외),국내,1183
폭력범죄,체포/감금,기타(Top3외),대구 달서구,대구,기타(Top5외),국내,13
폭력범죄,협박,기타(Top3외),대구 달서구,대구,기타(Top5외),국내,231
폭력범죄,약취/유인,기타(Top3외),대구 달서구,대구,기타(Top5외),국내,2
폭력범죄,폭력행위등,기타(Top3외),대구 달서구,대구,기타(Top5외),국내,68
폭력범죄,공갈,기타(Top3외),대구 달서구,대구,기타(Top5외),국내,48
폭력범죄,손괴,기타(Top3외),대구 달서구,대구,기타(Top5외),국내,420
지능범죄,직무유기,지능범죄,대구 달서구,대구,기타(Top5외),국내,10
지능범죄,직권남용,지능범죄,대구 달서구,대구,기타(Top5외),국내,4
지능범죄,증수뢰,지능범죄,대구 달서구,대구,기타(Top5외),국내,0
지능범죄,통화,지능범죄,대구 달서구,대구,기타(Top5외),국내,4
지능범죄,문서/인장,지능범죄,대구 달서구,대구,기타(Top5외),국내,88
지능범죄,유가증권인지,지능범죄,대구 달서구,대구,기타(Top5외),국내,0
지능범죄,사기,지능범죄,대구 달서구,대구,기타(Top5외),국내,4108
지능범죄,횡령,지능범죄,대구 달서구,대구,기타(Top5외),국내,420
지능범죄,배임,지능범죄,대구 달서구,대구,기타(Top5외),국내,22
풍속범죄,성풍속범죄,기타(Top3외),대구 달서구,대구,기타(Top5외),국내,172
풍속범죄,도박범죄,기타(Top3외),대구 달서구,대구,기타(Top5외),국내,119
특별경제범죄,특별경제범죄,기타(Top3외),대구 달서구,대구,기타(Top5외),국내,938
마약범죄,마약범죄,기타(Top3외),대구 달서구,대구,기타(Top5외),국내,97
보건범죄,보건범죄,기타(Top3외),대구 달서구,대구,기타(Top5외),국내,48
환경범죄,환경범죄,기타(Top3외),대구 달서구,대구,기타(Top5외),국내,2
교통범죄,교통범죄,교통범죄,대구 달서구,대구,기타(Top5외),국내,2335
노동범죄,노동범죄,기타(Top3외),대구 달서구,대구,기타(Top5외),국내,1
안보범죄,안보범죄,기타(Top3외),대구 달서구,대구,기타(Top5외),국내,2
선거범죄,선거범죄,기타(Top3외),대구 달서구,대구,기타(Top5외),국내,16
병역범죄,병역범죄,기타(Top3외),대구 달서구,대구,기타(Top5외),국내,103
기타범죄,기타범죄,기타범죄,대구 달서구,대구,기타(Top5외),국내,2286
강력범죄,살인기수,기타(Top3외),대구 달성군,대구,기타(Top5외),국내,1
강력범죄,살인미수등,기타(Top3외),대구 달성군,대구,기타(Top5외),국내,3
강력범죄,강도,기타(Top3외),대구 달성군,대구,기타(Top5외),국내,0
강력범죄,강간,기타(Top3외),대구 달성군,대구,기타(Top5외),국내,11
강력범죄,유사강간,기타(Top3외),대구 달성군,대구,기타(Top5외),국내,6
강력범죄,강제추행,기타(Top3외),대구 달성군,대구,기타(Top5외),국내,52
강력범죄,기타 강간/강제추행등,기타(Top3외),대구 달성군,대구,기타(Top5외),국내,0
강력범죄,방화,기타(Top3외),대구 달성군,대구,기타(Top5외),국내,2
절도범죄,절도범죄,기타(Top3외),대구 달성군,대구,기타(Top5외),국내,912
폭력범죄,상해,기타(Top3외),대구 달성군,대구,기타(Top5외),국내,104
폭력범죄,폭행,기타(Top3외),대구 달성군,대구,기타(Top5외),국내,414
폭력범죄,체포/감금,기타(Top3외),대구 달성군,대구,기타(Top5외),국내,1
폭력범죄,협박,기타(Top3외),대구 달성군,대구,기타(Top5외),국내,74
폭력범죄,약취/유인,기타(Top3외),대구 달성군,대구,기타(Top5외),국내,4
폭력범죄,폭력행위등,기타(Top3외),대구 달성군,대구,기타(Top5외),국내,15
폭력범죄,공갈,기타(Top3외),대구 달성군,대구,기타(Top5외),국내,21
폭력범죄,손괴,기타(Top3외),대구 달성군,대구,기타(Top5외),국내,150
지능범죄,직무유기,지능범죄,대구 달성군,대구,기타(Top5외),국내,4
지능범죄,직권남용,지능범죄,대구 달성군,대구,기타(Top5외),국내,3
지능범죄,증수뢰,지능범죄,대구 달성군,대구,기타(Top5외),국내,0
지능범죄,통화,지능범죄,대구 달성군,대구,기타(Top5외),국내,0
지능범죄,문서/인장,지능범죄,대구 달성군,대구,기타(Top5외),국내,52
지능범죄,유가증권인지,지능범죄,대구 달성군,대구,기타(Top5외),국내,1
지능범죄,사기,지능범죄,대구 달성군,대구,기타(Top5외),국내,1196
지능범죄,횡령,지능범죄,대구 달성군,대구,기타(Top5외),국내,229
지능범죄,배임,지능범죄,대구 달성군,대구,기타(Top5외),국내,19
풍속범죄,성풍속범죄,기타(Top3외),대구 달성군,대구,기타(Top5외),국내,53
풍속범죄,도박범죄,기타(Top3외),대구 달성군,대구,기타(Top5외),국내,23
특별경제범죄,특별경제범죄,기타(Top3외),대구 달성군,대구,기타(Top5외),국내,300
마약범죄,마약범죄,기타(Top3외),대구 달성군,대구,기타(Top5외),국내,26
보건범죄,보건범죄,기타(Top3외),대구 달성군,대구,기타(Top5외),국내,15
환경범죄,환경범죄,기타(Top3외),대구 달성군,대구,기타(Top5외),국내,3
교통범죄,교통범죄,교통범죄,대구 달성군,대구,기타(Top5외),국내,1128
노동범죄,노동범죄,기타(Top3외),대구 달성군,대구,기타(Top5외),국내,4
안보범죄,안보범죄,기타(Top3외),대구 달성군,대구,기타(Top5외),국내,3
선거범죄,선거범죄,기타(Top3외),대구 달성군,대구,기타(Top5외),국내,6
병역범죄,병역범죄,기타(Top3외),대구 달성군,대구,기타(Top5외),국내,13
기타범죄,기타범죄,기타범죄,대구 달성군,대구,기타(Top5외),국내,913
강력범죄,살인기수,기타(Top3외),대구 군위군,대구,기타(Top5외),국내,0
강력범죄,살인미수등,기타(Top3외),대구 군위군,대구,기타(Top5외),국내,0
강력범죄,강도,기타(Top3외),대구 군위군,대구,기타(Top5외),국내,0
강력범죄,강간,기타(Top3외),대구 군위군,대구,기타(Top5외),국내,1
강력범죄,유사강간,기타(Top3외),대구 군위군,대구,기타(Top5외),국내,1
강력범죄,강제추행,기타(Top3외),대구 군위군,대구,기타(Top5외),국내,1
강력범죄,기타 강간/강제추행등,기타(Top3외),대구 군위군,대구,기타(Top5외),국내,0
강력범죄,방화,기타(Top3외),대구 군위군,대구,기타(Top5외),국내,0
절도범죄,절도범죄,기타(Top3외),대구 군위군,대구,기타(Top5외),국내,93
폭력범죄,상해,기타(Top3외),대구 군위군,대구,기타(Top5외),국내,16
폭력범죄,폭행,기타(Top3외),대구 군위군,대구,기타(Top5외),국내,23
폭력범죄,체포/감금,기타(Top3외),대구 군위군,대구,기타(Top5외),국내,0
폭력범죄,협박,기타(Top3외),대구 군위군,대구,기타(Top5외),국내,17
폭력범죄,약취/유인,기타(Top3외),대구 군위군,대구,기타(Top5외),국내,0
폭력범죄,폭력행위등,기타(Top3외),대구 군위군,대구,기타(Top5외),국내,3
폭력범죄,공갈,기타(Top3외),대구 군위군,대구,기타(Top5외),국내,0
폭력범죄,손괴,기타(Top3외),대구 군위군,대구,기타(Top5외),국내,20
지능범죄,직무유기,지능범죄,대구 군위군,대구,기타(Top5외),국내,2
지능범죄,직권남용,지능범죄,대구 군위군,대구,기타(Top5외),국내,1
지능범죄,증수뢰,지능범죄,대구 군위군,대구,기타(Top5외),국내,0
지능범죄,통화,지능범죄,대구 군위군,대구,기타(Top5외),국내,0
지능범죄,문서/인장,지능범죄,대구 군위군,대구,기타(Top5외),국내,4
지능범죄,유가증권인지,지능범죄,대구 군위군,대구,기타(Top5외),국내,0
지능범죄,사기,지능범죄,대구 군위군,대구,기타(Top5외),국내,96
지능범죄,횡령,지능범죄,대구 군위군,대구,기타(Top5외),국내,11
지능범죄,배임,지능범죄,대구 군위군,대구,기타(Top5외),국내,2
풍속범죄,성풍속범죄,기타(Top3외),대구 군위군,대구,기타(Top5외),국내,4
풍속범죄,도박범죄,기타(Top3외),대구 군위군,대구,기타(Top5외),국내,0
특별경제범죄,특별경제범죄,기타(Top3외),대구 군위군,대구,기타(Top5외),국내,23
마약범죄,마약범죄,기타(Top3외),대구 군위군,대구,기타(Top5외),국내,2
보건범죄,보건범죄,기타(Top3외),대구 군위군,대구,기타(Top5외),국내,0
환경범죄,환경범죄,기타(Top3외),대구 군위군,대구,기타(Top5외),국내,9
교통범죄,교통범죄,교통범죄,대구 군위군,대구,기타(Top5외),국내,143
노동범죄,노동범죄,기타(Top3외),대구 군위군,대구,기타(Top5외),국내,0
안보범죄,안보범죄,기타(Top3외),대구 군위군,대구,기타(Top5외),국내,0
선거범죄,선거범죄,기타(Top3외),대구 군위군,대구,기타(Top5외),국내,1
병역범죄,병역범죄,기타(Top3외),대구 군위군,대구,기타(Top5외),국내,0
기타범죄,기타범죄,기타범죄,대구 군위군,대구,기타(Top5외),국내,69
강력범죄,살인기수,기타(Top3외),인천 중구,인천,인천,국내,1
강력범죄,살인미수등,기타(Top3외),인천 중구,인천,인천,국내,2
강력범죄,강도,기타(Top3외),인천 중구,인천,인천,국내,4
강력범죄,강간,기타(Top3외),인천 중구,인천,인천,국내,23
강력범죄,유사강간,기타(Top3외),인천 중구,인천,인천,국내,3
강력범죄,강제추행,기타(Top3외),인천 중구,인천,인천,국내,90
강력범죄,기타 강간/강제추행등,기타(Top3외),인천 중구,인천,인천,국내,0
강력범죄,방화,기타(Top3외),인천 중구,인천,인천,국내,5
절도범죄,절도범죄,기타(Top3외),인천 중구,인천,인천,국내,791
폭력범죄,상해,기타(Top3외),인천 중구,인천,인천,국내,105
폭력범죄,폭행,기타(Top3외),인천 중구,인천,인천,국내,474
폭력범죄,체포/감금,기타(Top3외),인천 중구,인천,인천,국내,4
폭력범죄,협박,기타(Top3외),인천 중구,인천,인천,국내,109
폭력범죄,약취/유인,기타(Top3외),인천 중구,인천,인천,국내,2
폭력범죄,폭력행위등,기타(Top3외),인천 중구,인천,인천,국내,26
폭력범죄,공갈,기타(Top3외),인천 중구,인천,인천,국내,51
폭력범죄,손괴,기타(Top3외),인천 중구,인천,인천,국내,165
지능범죄,직무유기,지능범죄,인천 중구,인천,인천,국내,6
지능범죄,직권남용,지능범죄,인천 중구,인천,인천,국내,10
지능범죄,증수뢰,지능범죄,인천 중구,인천,인천,국내,3
지능범죄,통화,지능범죄,인천 중구,인천,인천,국내,23
지능범죄,문서/인장,지능범죄,인천 중구,인천,인천,국내,103
지능범죄,유가증권인지,지능범죄,인천 중구,인천,인천,국내,1
지능범죄,사기,지능범죄,인천 중구,인천,인천,국내,1532
지능범죄,횡령,지능범죄,인천 중구,인천,인천,국내,1064
지능범죄,배임,지능범죄,인천 중구,인천,인천,국내,17
풍속범죄,성풍속범죄,기타(Top3외),인천 중구,인천,인천,국내,80
풍속범죄,도박범죄,기타(Top3외),인천 중구,인천,인천,국내,28
특별경제범죄,특별경제범죄,기타(Top3외),인천 중구,인천,인천,국내,345
마약범죄,마약범죄,기타(Top3외),인천 중구,인천,인천,국내,129
보건범죄,보건범죄,기타(Top3외),인천 중구,인천,인천,국내,32
환경범죄,환경범죄,기타(Top3외),인천 중구,인천,인천,국내,5
교통범죄,교통범죄,교통범죄,인천 중구,인천,인천,국내,1104
노동범죄,노동범죄,기타(Top3외),인천 중구,인천,인천,국내,1
안보범죄,안보범죄,기타(Top3외),인천 중구,인천,인천,국내,2
선거범죄,선거범죄,기타(Top3외),인천 중구,인천,인천,국내,3
병역범죄,병역범죄,기타(Top3외),인천 중구,인천,인천,국내,31
기타범죄,기타범죄,기타범죄,인천 중구,인천,인천,국내,1484
강력범죄,살인기수,기타(Top3외),인천 동구,인천,인천,국내,0
강력범죄,살인미수등,기타(Top3외),인천 동구,인천,인천,국내,1
강력범죄,강도,기타(Top3외),인천 동구,인천,인천,국내,0
강력범죄,강간,기타(Top3외),인천 동구,인천,인천,국내,3
강력범죄,유사강간,기타(Top3외),인천 동구,인천,인천,국내,0
강력범죄,강제추행,기타(Top3외),인천 동구,인천,인천,국내,12
강력범죄,기타 강간/강제추행등,기타(Top3외),인천 동구,인천,인천,국내,0
강력범죄,방화,기타(Top3외),인천 동구,인천,인천,국내,1
절도범죄,절도범죄,기타(Top3외),인천 동구,인천,인천,국내,206
폭력범죄,상해,기타(Top3외),인천 동구,인천,인천,국내,23
폭력범죄,폭행,기타(Top3외),인천 동구,인천,인천,국내,101
폭력범죄,체포/감금,기타(Top3외),인천 동구,인천,인천,국내,2
폭력범죄,협박,기타(Top3외),인천 동구,인천,인천,국내,22
폭력범죄,약취/유인,기타(Top3외),인천 동구,인천,인천,국내,0
폭력범죄,폭력행위등,기타(Top3외),인천 동구,인천,인천,국내,5
폭력범죄,공갈,기타(Top3외),인천 동구,인천,인천,국내,7
폭력범죄,손괴,기타(Top3외),인천 동구,인천,인천,국내,44
지능범죄,직무유기,지능범죄,인천 동구,인천,인천,국내,1
지능범죄,직권남용,지능범죄,인천 동구,인천,인천,국내,0
지능범죄,증수뢰,지능범죄,인천 동구,인천,인천,국내,0
지능범죄,통화,지능범죄,인천 동구,인천,인천,국내,1
지능범죄,문서/인장,지능범죄,인천 동구,인천,인천,국내,10
지능범죄,유가증권인지,지능범죄,인천 동구,인천,인천,국내,0
지능범죄,사기,지능범죄,인천 동구,인천,인천,국내,248
지능범죄,횡령,지능범죄,인천 동구,인천,인천,국내,69
지능범죄,배임,지능범죄,인천 동구,인천,인천,국내,4
풍속범죄,성풍속범죄,기타(Top3외),인천 동구,인천,인천,국내,22
풍속범죄,도박범죄,기타(Top3외),인천 동구,인천,인천,국내,0
특별경제범죄,특별경제범죄,기타(Top3외),인천 동구,인천,인천,국내,59
마약범죄,마약범죄,기타(Top3외),인천 동구,인천,인천,국내,13
보건범죄,보건범죄,기타(Top3외),인천 동구,인천,인천,국내,9
환경범죄,환경범죄,기타(Top3외),인천 동구,인천,인천,국내,0
교통범죄,교통범죄,교통범죄,인천 동구,인천,인천,국내,145
노동범죄,노동범죄,기타(Top3외),인천 동구,인천,인천,국내,0
안보범죄,안보범죄,기타(Top3외),인천 동구,인천,인천,국내,0
선거범죄,선거범죄,기타(Top3외),인천 동구,인천,인천,국내,2
병역범죄,병역범죄,기타(Top3외),인천 동구,인천,인천,국내,4
기타범죄,기타범죄,기타범죄,인천 동구,인천,인천,국내,223
강력범죄,살인기수,기타(Top3외),인천 미추홀구,인천,인천,국내,3
강력범죄,살인미수등,기타(Top3외),인천 미추홀구,인천,인천,국내,11
강력범죄,강도,기타(Top3외),인천 미추홀구,인천,인천,국내,8
강력범죄,강간,기타(Top3외),인천 미추홀구,인천,인천,국내,78
강력범죄,유사강간,기타(Top3외),인천 미추홀구,인천,인천,국내,11
강력범죄,강제추행,기타(Top3외),인천 미추홀구,인천,인천,국내,168
강력범죄,기타 강간/강제추행등,기타(Top3외),인천 미추홀구,인천,인천,국내,2
강력범죄,방화,기타(Top3외),인천 미추홀구,인천,인천,국내,14
절도범죄,절도범죄,기타(Top3외),인천 미추홀구,인천,인천,국내,1444
폭력범죄,상해,기타(Top3외),인천 미추홀구,인천,인천,국내,173
폭력범죄,폭행,기타(Top3외),인천 미추홀구,인천,인천,국내,1362
폭력범죄,체포/감금,기타(Top3외),인천 미추홀구,인천,인천,국내,25
폭력범죄,협박,기타(Top3외),인천 미추홀구,인천,인천,국내,249
폭력범죄,약취/유인,기타(Top3외),인천 미추홀구,인천,인천,국내,4
폭력범죄,폭력행위등,기타(Top3외),인천 미추홀구,인천,인천,국내,78
폭력범죄,공갈,기타(Top3외),인천 미추홀구,인천,인천,국내,85
폭력범죄,손괴,기타(Top3외),인천 미추홀구,인천,인천,국내,416
지능범죄,직무유기,지능범죄,인천 미추홀구,인천,인천,국내,19
지능범죄,직권남용,지능범죄,인천 미추홀구,인천,인천,국내,31
지능범죄,증수뢰,지능범죄,인천 미추홀구,인천,인천,국내,5
지능범죄,통화,지능범죄,인천 미추홀구,인천,인천,국내,3
지능범죄,문서/인장,지능범죄,인천 미추홀구,인천,인천,국내,109
지능범죄,유가증권인지,지능범죄,인천 미추홀구,인천,인천,국내,0
지능범죄,사기,지능범죄,인천 미추홀구,인천,인천,국내,4099
지능범죄,횡령,지능범죄,인천 미추홀구,인천,인천,국내,676
지능범죄,배임,지능범죄,인천 미추홀구,인천,인천,국내,19
풍속범죄,성풍속범죄,기타(Top3외),인천 미추홀구,인천,인천,국내,191
풍속범죄,도박범죄,기타(Top3외),인천 미추홀구,인천,인천,국내,50
특별경제범죄,특별경제범죄,기타(Top3외),인천 미추홀구,인천,인천,국내,883
마약범죄,마약범죄,기타(Top3외),인천 미추홀구,인천,인천,국내,250
보건범죄,보건범죄,기타(Top3외),인천 미추홀구,인천,인천,국내,54
환경범죄,환경범죄,기타(Top3외),인천 미추홀구,인천,인천,국내,2
교통범죄,교통범죄,교통범죄,인천 미추홀구,인천,인천,국내,1904
노동범죄,노동범죄,기타(Top3외),인천 미추홀구,인천,인천,국내,2
안보범죄,안보범죄,기타(Top3외),인천 미추홀구,인천,인천,국내,2
선거범죄,선거범죄,기타(Top3외),인천 미추홀구,인천,인천,국내,24
병역범죄,병역범죄,기타(Top3외),인천 미추홀구,인천,인천,국내,194
기타범죄,기타범죄,기타범죄,인천 미추홀구,인천,인천,국내,2691
강력범죄,살인기수,기타(Top3외),인천 연수구,인천,인천,국내,3
강력범죄,살인미수등,기타(Top3외),인천 연수구,인천,인천,국내,4
강력범죄,강도,기타(Top3외),인천 연수구,인천,인천,국내,2
강력범죄,강간,기타(Top3외),인천 연수구,인천,인천,국내,21
강력범죄,유사강간,기타(Top3외),인천 연수구,인천,인천,국내,2
강력범죄,강제추행,기타(Top3외),인천 연수구,인천,인천,국내,97
강력범죄,기타 강간/강제추행등,기타(Top3외),인천 연수구,인천,인천,국내,0
강력범죄,방화,기타(Top3외),인천 연수구,인천,인천,국내,3
절도범죄,절도범죄,기타(Top3외),인천 연수구,인천,인천,국내,1185
폭력범죄,상해,기타(Top3외),인천 연수구,인천,인천,국내,104
폭력범죄,폭행,기타(Top3외),인천 연수구,인천,인천,국내,806
폭력범죄,체포/감금,기타(Top3외),인천 연수구,인천,인천,국내,3
폭력범죄,협박,기타(Top3외),인천 연수구,인천,인천,국내,106
폭력범죄,약취/유인,기타(Top3외),인천 연수구,인천,인천,국내,1
폭력범죄,폭력행위등,기타(Top3외),인천 연수구,인천,인천,국내,46
폭력범죄,공갈,기타(Top3외),인천 연수구,인천,인천,국내,64
폭력범죄,손괴,기타(Top3외),인천 연수구,인천,인천,국내,233
지능범죄,직무유기,지능범죄,인천 연수구,인천,인천,국내,7
지능범죄,직권남용,지능범죄,인천 연수구,인천,인천,국내,14
지능범죄,증수뢰,지능범죄,인천 연수구,인천,인천,국내,3
지능범죄,통화,지능범죄,인천 연수구,인천,인천,국내,4
지능범죄,문서/인장,지능범죄,인천 연수구,인천,인천,국내,97
지능범죄,유가증권인지,지능범죄,인천 연수구,인천,인천,국내,0
지능범죄,사기,지능범죄,인천 연수구,인천,인천,국내,2725
지능범죄,횡령,지능범죄,인천 연수구,인천,인천,국내,558
지능범죄,배임,지능범죄,인천 연수구,인천,인천,국내,31
풍속범죄,성풍속범죄,기타(Top3외),인천 연수구,인천,인천,국내,116
풍속범죄,도박범죄,기타(Top3외),인천 연수구,인천,인천,국내,35
특별경제범죄,특별경제범죄,기타(Top3외),인천 연수구,인천,인천,국내,754
마약범죄,마약범죄,기타(Top3외),인천 연수구,인천,인천,국내,77
보건범죄,보건범죄,기타(Top3외),인천 연수구,인천,인천,국내,51
환경범죄,환경범죄,기타(Top3외),인천 연수구,인천,인천,국내,11
교통범죄,교통범죄,교통범죄,인천 연수구,인천,인천,국내,1026
노동범죄,노동범죄,기타(Top3외),인천 연수구,인천,인천,국내,3
안보범죄,안보범죄,기타(Top3외),인천 연수구,인천,인천,국내,1
선거범죄,선거범죄,기타(Top3외),인천 연수구,인천,인천,국내,12
병역범죄,병역범죄,기타(Top3외),인천 연수구,인천,인천,국내,76
기타범죄,기타범죄,기타범죄,인천 연수구,인천,인천,국내,1622
강력범죄,살인기수,기타(Top3외),인천 남동구,인천,인천,국내,2
강력범죄,살인미수등,기타(Top3외),인천 남동구,인천,인천,국내,6
강력범죄,강도,기타(Top3외),인천 남동구,인천,인천,국내,4
강력범죄,강간,기타(Top3외),인천 남동구,인천,인천,국내,48
강력범죄,유사강간,기타(Top3외),인천 남동구,인천,인천,국내,6
강력범죄,강제추행,기타(Top3외),인천 남동구,인천,인천,국내,160
강력범죄,기타 강간/강제추행등,기타(Top3외),인천 남동구,인천,인천,국내,4
강력범죄,방화,기타(Top3외),인천 남동구,인천,인천,국내,10
절도범죄,절도범죄,기타(Top3외),인천 남동구,인천,인천,국내,1242
폭력범죄,상해,기타(Top3외),인천 남동구,인천,인천,국내,209
폭력범죄,폭행,기타(Top3외),인천 남동구,인천,인천,국내,1169
폭력범죄,체포/감금,기타(Top3외),인천 남동구,인천,인천,국내,6
폭력범죄,협박,기타(Top3외),인천 남동구,인천,인천,국내,240
폭력범죄,약취/유인,기타(Top3외),인천 남동구,인천,인천,국내,3
폭력범죄,폭력행위등,기타(Top3외),인천 남동구,인천,인천,국내,91
폭력범죄,공갈,기타(Top3외),인천 남동구,인천,인천,국내,79
폭력범죄,손괴,기타(Top3외),인천 남동구,인천,인천,국내,415
지능범죄,직무유기,지능범죄,인천 남동구,인천,인천,국내,19
지능범죄,직권남용,지능범죄,인천 남동구,인천,인천,국내,18
지능범죄,증수뢰,지능범죄,인천 남동구,인천,인천,국내,7
지능범죄,통화,지능범죄,인천 남동구,인천,인천,국내,11
지능범죄,문서/인장,지능범죄,인천 남동구,인천,인천,국내,110
지능범죄,유가증권인지,지능범죄,인천 남동구,인천,인천,국내,0
지능범죄,사기,지능범죄,인천 남동구,인천,인천,국내,4179
지능범죄,횡령,지능범죄,인천 남동구,인천,인천,국내,749
지능범죄,배임,지능범죄,인천 남동구,인천,인천,국내,29
풍속범죄,성풍속범죄,기타(Top3외),인천 남동구,인천,인천,국내,240
풍속범죄,도박범죄,기타(Top3외),인천 남동구,인천,인천,국내,119
특별경제범죄,특별경제범죄,기타(Top3외),인천 남동구,인천,인천,국내,1114
마약범죄,마약범죄,기타(Top3외),인천 남동구,인천,인천,국내,141
보건범죄,보건범죄,기타(Top3외),인천 남동구,인천,인천,국내,43
환경범죄,환경범죄,기타(Top3외),인천 남동구,인천,인천,국내,3
교통범죄,교통범죄,교통범죄,인천 남동구,인천,인천,국내,2060
노동범죄,노동범죄,기타(Top3외),인천 남동구,인천,인천,국내,3
안보범죄,안보범죄,기타(Top3외),인천 남동구,인천,인천,국내,1
선거범죄,선거범죄,기타(Top3외),인천 남동구,인천,인천,국내,14
병역범죄,병역범죄,기타(Top3외),인천 남동구,인천,인천,국내,188
기타범죄,기타범죄,기타범죄,인천 남동구,인천,인천,국내,2746
강력범죄,살인기수,기타(Top3외),인천 부평구,인천,인천,국내,2
강력범죄,살인미수등,기타(Top3외),인천 부평구,인천,인천,국내,5
강력범죄,강도,기타(Top3외),인천 부평구,인천,인천,국내,8
강력범죄,강간,기타(Top3외),인천 부평구,인천,인천,국내,72
강력범죄,유사강간,기타(Top3외),인천 부평구,인천,인천,국내,9
강력범죄,강제추행,기타(Top3외),인천 부평구,인천,인천,국내,215
강력범죄,기타 강간/강제추행등,기타(Top3외),인천 부평구,인천,인천,국내,2
강력범죄,방화,기타(Top3외),인천 부평구,인천,인천,국내,12
절도범죄,절도범죄,기타(Top3외),인천 부평구,인천,인천,국내,2143
폭력범죄,상해,기타(Top3외),인천 부평구,인천,인천,국내,199
폭력범죄,폭행,기타(Top3외),인천 부평구,인천,인천,국내,1533
폭력범죄,체포/감금,기타(Top3외),인천 부평구,인천,인천,국내,16
폭력범죄,협박,기타(Top3외),인천 부평구,인천,인천,국내,258
폭력범죄,약취/유인,기타(Top3외),인천 부평구,인천,인천,국내,4
폭력범죄,폭력행위등,기타(Top3외),인천 부평구,인천,인천,국내,82
폭력범죄,공갈,기타(Top3외),인천 부평구,인천,인천,국내,79
폭력범죄,손괴,기타(Top3외),인천 부평구,인천,인천,국내,530
지능범죄,직무유기,지능범죄,인천 부평구,인천,인천,국내,9
지능범죄,직권남용,지능범죄,인천 부평구,인천,인천,국내,23
지능범죄,증수뢰,지능범죄,인천 부평구,인천,인천,국내,1
지능범죄,통화,지능범죄,인천 부평구,인천,인천,국내,3
지능범죄,문서/인장,지능범죄,인천 부평구,인천,인천,국내,120
지능범죄,유가증권인지,지능범죄,인천 부평구,인천,인천,국내,0
지능범죄,사기,지능범죄,인천 부평구,인천,인천,국내,3764
지능범죄,횡령,지능범죄,인천 부평구,인천,인천,국내,717
지능범죄,배임,지능범죄,인천 부평구,인천,인천,국내,34
풍속범죄,성풍속범죄,기타(Top3외),인천 부평구,인천,인천,국내,213
풍속범죄,도박범죄,기타(Top3외),인천 부평구,인천,인천,국내,70
특별경제범죄,특별경제범죄,기타(Top3외),인천 부평구,인천,인천,국내,1054
마약범죄,마약범죄,기타(Top3외),인천 부평구,인천,인천,국내,152
보건범죄,보건범죄,기타(Top3외),인천 부평구,인천,인천,국내,79
환경범죄,환경범죄,기타(Top3외),인천 부평구,인천,인천,국내,5
교통범죄,교통범죄,교통범죄,인천 부평구,인천,인천,국내,1768
노동범죄,노동범죄,기타(Top3외),인천 부평구,인천,인천,국내,1
안보범죄,안보범죄,기타(Top3외),인천 부평구,인천,인천,국내,0
선거범죄,선거범죄,기타(Top3외),인천 부평구,인천,인천,국내,8
병역범죄,병역범죄,기타(Top3외),인천 부평구,인천,인천,국내,117
기타범죄,기타범죄,기타범죄,인천 부평구,인천,인천,국내,2568
강력범죄,살인기수,기타(Top3외),인천 계양구,인천,인천,국내,0
강력범죄,살인미수등,기타(Top3외),인천 계양구,인천,인천,국내,4
강력범죄,강도,기타(Top3외),인천 계양구,인천,인천,국내,1
강력범죄,강간,기타(Top3외),인천 계양구,인천,인천,국내,20
강력범죄,유사강간,기타(Top3외),인천 계양구,인천,인천,국내,6
강력범죄,강제추행,기타(Top3외),인천 계양구,인천,인천,국내,71
강력범죄,기타 강간/강제추행등,기타(Top3외),인천 계양구,인천,인천,국내,0
강력범죄,방화,기타(Top3외),인천 계양구,인천,인천,국내,4
절도범죄,절도범죄,기타(Top3외),인천 계양구,인천,인천,국내,825
폭력범죄,상해,기타(Top3외),인천 계양구,인천,인천,국내,93
폭력범죄,폭행,기타(Top3외),인천 계양구,인천,인천,국내,612
폭력범죄,체포/감금,기타(Top3외),인천 계양구,인천,인천,국내,11
폭력범죄,협박,기타(Top3외),인천 계양구,인천,인천,국내,122
폭력범죄,약취/유인,기타(Top3외),인천 계양구,인천,인천,국내,2
폭력범죄,폭력행위등,기타(Top3외),인천 계양구,인천,인천,국내,46
폭력범죄,공갈,기타(Top3외),인천 계양구,인천,인천,국내,47
폭력범죄,손괴,기타(Top3외),인천 계양구,인천,인천,국내,221
지능범죄,직무유기,지능범죄,인천 계양구,인천,인천,국내,10
지능범죄,직권남용,지능범죄,인천 계양구,인천,인천,국내,12
지능범죄,증수뢰,지능범죄,인천 계양구,인천,인천,국내,0
지능범죄,통화,지능범죄,인천 계양구,인천,인천,국내,3
지능범죄,문서/인장,지능범죄,인천 계양구,인천,인천,국내,59
지능범죄,유가증권인지,지능범죄,인천 계양구,인천,인천,국내,1
지능범죄,사기,지능범죄,인천 계양구,인천,인천,국내,2192
지능범죄,횡령,지능범죄,인천 계양구,인천,인천,국내,298
지능범죄,배임,지능범죄,인천 계양구,인천,인천,국내,9
풍속범죄,성풍속범죄,기타(Top3외),인천 계양구,인천,인천,국내,120
풍속범죄,도박범죄,기타(Top3외),인천 계양구,인천,인천,국내,26
특별경제범죄,특별경제범죄,기타(Top3외),인천 계양구,인천,인천,국내,593
마약범죄,마약범죄,기타(Top3외),인천 계양구,인천,인천,국내,39
보건범죄,보건범죄,기타(Top3외),인천 계양구,인천,인천,국내,42
환경범죄,환경범죄,기타(Top3외),인천 계양구,인천,인천,국내,8
교통범죄,교통범죄,교통범죄,인천 계양구,인천,인천,국내,965
노동범죄,노동범죄,기타(Top3외),인천 계양구,인천,인천,국내,2
안보범죄,안보범죄,기타(Top3외),인천 계양구,인천,인천,국내,1
선거범죄,선거범죄,기타(Top3외),인천 계양구,인천,인천,국내,19
병역범죄,병역범죄,기타(Top3외),인천 계양구,인천,인천,국내,52
기타범죄,기타범죄,기타범죄,인천 계양구,인천,인천,국내,1427
강력범죄,살인기수,기타(Top3외),인천 서구,인천,인천,국내,2
강력범죄,살인미수등,기타(Top3외),인천 서구,인천,인천,국내,6
강력범죄,강도,기타(Top3외),인천 서구,인천,인천,국내,6
강력범죄,강간,기타(Top3외),인천 서구,인천,인천,국내,45
강력범죄,유사강간,기타(Top3외),인천 서구,인천,인천,국내,8
강력범죄,강제추행,기타(Top3외),인천 서구,인천,인천,국내,181
강력범죄,기타 강간/강제추행등,기타(Top3외),인천 서구,인천,인천,국내,3
강력범죄,방화,기타(Top3외),인천 서구,인천,인천,국내,10
절도범죄,절도범죄,기타(Top3외),인천 서구,인천,인천,국내,1356
폭력범죄,상해,기타(Top3외),인천 서구,인천,인천,국내,168
폭력범죄,폭행,기타(Top3외),인천 서구,인천,인천,국내,1062
폭력범죄,체포/감금,기타(Top3외),인천 서구,인천,인천,국내,14
폭력범죄,협박,기타(Top3외),인천 서구,인천,인천,국내,278
폭력범죄,약취/유인,기타(Top3외),인천 서구,인천,인천,국내,12
폭력범죄,폭력행위등,기타(Top3외),인천 서구,인천,인천,국내,73
폭력범죄,공갈,기타(Top3외),인천 서구,인천,인천,국내,92
폭력범죄,손괴,기타(Top3외),인천 서구,인천,인천,국내,422
지능범죄,직무유기,지능범죄,인천 서구,인천,인천,국내,8
지능범죄,직권남용,지능범죄,인천 서구,인천,인천,국내,16
지능범죄,증수뢰,지능범죄,인천 서구,인천,인천,국내,3
지능범죄,통화,지능범죄,인천 서구,인천,인천,국내,1
지능범죄,문서/인장,지능범죄,인천 서구,인천,인천,국내,111
지능범죄,유가증권인지,지능범죄,인천 서구,인천,인천,국내,0
지능범죄,사기,지능범죄,인천 서구,인천,인천,국내,4834
지능범죄,횡령,지능범죄,인천 서구,인천,인천,국내,837
지능범죄,배임,지능범죄,인천 서구,인천,인천,국내,40
풍속범죄,성풍속범죄,기타(Top3외),인천 서구,인천,인천,국내,273
풍속범죄,도박범죄,기타(Top3외),인천 서구,인천,인천,국내,62
특별경제범죄,특별경제범죄,기타(Top3외),인천 서구,인천,인천,국내,1225
마약범죄,마약범죄,기타(Top3외),인천 서구,인천,인천,국내,118
보건범죄,보건범죄,기타(Top3외),인천 서구,인천,인천,국내,48
환경범죄,환경범죄,기타(Top3외),인천 서구,인천,인천,국내,7
교통범죄,교통범죄,교통범죄,인천 서구,인천,인천,국내,2211
노동범죄,노동범죄,기타(Top3외),인천 서구,인천,인천,국내,2
안보범죄,안보범죄,기타(Top3외),인천 서구,인천,인천,국내,3
선거범죄,선거범죄,기타(Top3외),인천 서구,인천,인천,국내,11
병역범죄,병역범죄,기타(Top3외),인천 서구,인천,인천,국내,183
기타범죄,기타범죄,기타범죄,인천 서구,인천,인천,국내,3040
강력범죄,살인기수,기타(Top3외),인천 강화군,인천,인천,국내,0
강력범죄,살인미수등,기타(Top3외),인천 강화군,인천,인천,국내,1
강력범죄,강도,기타(Top3외),인천 강화군,인천,인천,국내,0
강력범죄,강간,기타(Top3외),인천 강화군,인천,인천,국내,4
강력범죄,유사강간,기타(Top3외),인천 강화군,인천,인천,국내,1
강력범죄,강제추행,기타(Top3외),인천 강화군,인천,인천,국내,15
강력범죄,기타 강간/강제추행등,기타(Top3외),인천 강화군,인천,인천,국내,0
강력범죄,방화,기타(Top3외),인천 강화군,인천,인천,국내,1
절도범죄,절도범죄,기타(Top3외),인천 강화군,인천,인천,국내,168
폭력범죄,상해,기타(Top3외),인천 강화군,인천,인천,국내,37
폭력범죄,폭행,기타(Top3외),인천 강화군,인천,인천,국내,119
폭력범죄,체포/감금,기타(Top3외),인천 강화군,인천,인천,국내,1
폭력범죄,협박,기타(Top3외),인천 강화군,인천,인천,국내,40
폭력범죄,약취/유인,기타(Top3외),인천 강화군,인천,인천,국내,0
폭력범죄,폭력행위등,기타(Top3외),인천 강화군,인천,인천,국내,23
폭력범죄,공갈,기타(Top3외),인천 강화군,인천,인천,국내,3
폭력범죄,손괴,기타(Top3외),인천 강화군,인천,인천,국내,89
지능범죄,직무유기,지능범죄,인천 강화군,인천,인천,국내,1
지능범죄,직권남용,지능범죄,인천 강화군,인천,인천,국내,2
지능범죄,증수뢰,지능범죄,인천 강화군,인천,인천,국내,0
지능범죄,통화,지능범죄,인천 강화군,인천,인천,국내,0
지능범죄,문서/인장,지능범죄,인천 강화군,인천,인천,국내,17
지능범죄,유가증권인지,지능범죄,인천 강화군,인천,인천,국내,0
지능범죄,사기,지능범죄,인천 강화군,인천,인천,국내,391
지능범죄,횡령,지능범죄,인천 강화군,인천,인천,국내,57
지능범죄,배임,지능범죄,인천 강화군,인천,인천,국내,1
풍속범죄,성풍속범죄,기타(Top3외),인천 강화군,인천,인천,국내,20
풍속범죄,도박범죄,기타(Top3외),인천 강화군,인천,인천,국내,10
특별경제범죄,특별경제범죄,기타(Top3외),인천 강화군,인천,인천,국내,95
마약범죄,마약범죄,기타(Top3외),인천 강화군,인천,인천,국내,9
보건범죄,보건범죄,기타(Top3외),인천 강화군,인천,인천,국내,11
환경범죄,환경범죄,기타(Top3외),인천 강화군,인천,인천,국내,11
교통범죄,교통범죄,교통범죄,인천 강화군,인천,인천,국내,346
노동범죄,노동범죄,기타(Top3외),인천 강화군,인천,인천,국내,0
안보범죄,안보범죄,기타(Top3외),인천 강화군,인천,인천,국내,0
선거범죄,선거범죄,기타(Top3외),인천 강화군,인천,인천,국내,15
병역범죄,병역범죄,기타(Top3외),인천 강화군,인천,인천,국내,5
기타범죄,기타범죄,기타범죄,인천 강화군,인천,인천,국내,307
강력범죄,살인기수,기타(Top3외),인천 옹진군,인천,인천,국내,0
강력범죄,살인미수등,기타(Top3외),인천 옹진군,인천,인천,국내,0
강력범죄,강도,기타(Top3외),인천 옹진군,인천,인천,국내,0
강력범죄,강간,기타(Top3외),인천 옹진군,인천,인천,국내,2
강력범죄,유사강간,기타(Top3외),인천 옹진군,인천,인천,국내,3
강력범죄,강제추행,기타(Top3외),인천 옹진군,인천,인천,국내,5
강력범죄,기타 강간/강제추행등,기타(Top3외),인천 옹진군,인천,인천,국내,0
강력범죄,방화,기타(Top3외),인천 옹진군,인천,인천,국내,0
절도범죄,절도범죄,기타(Top3외),인천 옹진군,인천,인천,국내,15
폭력범죄,상해,기타(Top3외),인천 옹진군,인천,인천,국내,10
폭력범죄,폭행,기타(Top3외),인천 옹진군,인천,인천,국내,31
폭력범죄,체포/감금,기타(Top3외),인천 옹진군,인천,인천,국내,0
폭력범죄,협박,기타(Top3외),인천 옹진군,인천,인천,국내,5
폭력범죄,약취/유인,기타(Top3외),인천 옹진군,인천,인천,국내,1
폭력범죄,폭력행위등,기타(Top3외),인천 옹진군,인천,인천,국내,0
폭력범죄,공갈,기타(Top3외),인천 옹진군,인천,인천,국내,2
폭력범죄,손괴,기타(Top3외),인천 옹진군,인천,인천,국내,16
지능범죄,직무유기,지능범죄,인천 옹진군,인천,인천,국내,0
지능범죄,직권남용,지능범죄,인천 옹진군,인천,인천,국내,0
지능범죄,증수뢰,지능범죄,인천 옹진군,인천,인천,국내,0
지능범죄,통화,지능범죄,인천 옹진군,인천,인천,국내,0
지능범죄,문서/인장,지능범죄,인천 옹진군,인천,인천,국내,2
지능범죄,유가증권인지,지능범죄,인천 옹진군,인천,인천,국내,0
지능범죄,사기,지능범죄,인천 옹진군,인천,인천,국내,76
지능범죄,횡령,지능범죄,인천 옹진군,인천,인천,국내,9
지능범죄,배임,지능범죄,인천 옹진군,인천,인천,국내,1
풍속범죄,성풍속범죄,기타(Top3외),인천 옹진군,인천,인천,국내,4
풍속범죄,도박범죄,기타(Top3외),인천 옹진군,인천,인천,국내,6
특별경제범죄,특별경제범죄,기타(Top3외),인천 옹진군,인천,인천,국내,14
마약범죄,마약범죄,기타(Top3외),인천 옹진군,인천,인천,국내,1
보건범죄,보건범죄,기타(Top3외),인천 옹진군,인천,인천,국내,8
환경범죄,환경범죄,기타(Top3외),인천 옹진군,인천,인천,국내,2
교통범죄,교통범죄,교통범죄,인천 옹진군,인천,인천,국내,88
노동범죄,노동범죄,기타(Top3외),인천 옹진군,인천,인천,국내,0
안보범죄,안보범죄,기타(Top3외),인천 옹진군,인천,인천,국내,0
선거범죄,선거범죄,기타(Top3외),인천 옹진군,인천,인천,국내,1
병역범죄,병역범죄,기타(Top3외),인천 옹진군,인천,인천,국내,0
기타범죄,기타범죄,기타범죄,인천 옹진군,인천,인천,국내,116
강력범죄,살인기수,기타(Top3외),광주 동구,광주,기타(Top5외),국내,0
강력범죄,살인미수등,기타(Top3외),광주 동구,광주,기타(Top5외),국내,1
강력범죄,강도,기타(Top3외),광주 동구,광주,기타(Top5외),국내,0
강력범죄,강간,기타(Top3외),광주 동구,광주,기타(Top5외),국내,8
강력범죄,유사강간,기타(Top3외),광주 동구,광주,기타(Top5외),국내,5
강력범죄,강제추행,기타(Top3외),광주 동구,광주,기타(Top5외),국내,42
강력범죄,기타 강간/강제추행등,기타(Top3외),광주 동구,광주,기타(Top5외),국내,0
강력범죄,방화,기타(Top3외),광주 동구,광주,기타(Top5외),국내,1
절도범죄,절도범죄,기타(Top3외),광주 동구,광주,기타(Top5외),국내,560
폭력범죄,상해,기타(Top3외),광주 동구,광주,기타(Top5외),국내,57
폭력범죄,폭행,기타(Top3외),광주 동구,광주,기타(Top5외),국내,407
폭력범죄,체포/감금,기타(Top3외),광주 동구,광주,기타(Top5외),국내,3
폭력범죄,협박,기타(Top3외),광주 동구,광주,기타(Top5외),국내,44
폭력범죄,약취/유인,기타(Top3외),광주 동구,광주,기타(Top5외),국내,0
폭력범죄,폭력행위등,기타(Top3외),광주 동구,광주,기타(Top5외),국내,19
폭력범죄,공갈,기타(Top3외),광주 동구,광주,기타(Top5외),국내,12
폭력범죄,손괴,기타(Top3외),광주 동구,광주,기타(Top5외),국내,130
지능범죄,직무유기,지능범죄,광주 동구,광주,기타(Top5외),국내,3
지능범죄,직권남용,지능범죄,광주 동구,광주,기타(Top5외),국내,1
지능범죄,증수뢰,지능범죄,광주 동구,광주,기타(Top5외),국내,0
지능범죄,통화,지능범죄,광주 동구,광주,기타(Top5외),국내,2
지능범죄,문서/인장,지능범죄,광주 동구,광주,기타(Top5외),국내,28
지능범죄,유가증권인지,지능범죄,광주 동구,광주,기타(Top5외),국내,0
지능범죄,사기,지능범죄,광주 동구,광주,기타(Top5외),국내,926
지능범죄,횡령,지능범죄,광주 동구,광주,기타(Top5외),국내,234
지능범죄,배임,지능범죄,광주 동구,광주,기타(Top5외),국내,9
풍속범죄,성풍속범죄,기타(Top3외),광주 동구,광주,기타(Top5외),국내,48
풍속범죄,도박범죄,기타(Top3외),광주 동구,광주,기타(Top5외),국내,15
특별경제범죄,특별경제범죄,기타(Top3외),광주 동구,광주,기타(Top5외),국내,246
마약범죄,마약범죄,기타(Top3외),광주 동구,광주,기타(Top5외),국내,19
보건범죄,보건범죄,기타(Top3외),광주 동구,광주,기타(Top5외),국내,35
환경범죄,환경범죄,기타(Top3외),광주 동구,광주,기타(Top5외),국내,0
교통범죄,교통범죄,교통범죄,광주 동구,광주,기타(Top5외),국내,547
노동범죄,노동범죄,기타(Top3외),광주 동구,광주,기타(Top5외),국내,0
안보범죄,안보범죄,기타(Top3외),광주 동구,광주,기타(Top5외),국내,0
선거범죄,선거범죄,기타(Top3외),광주 동구,광주,기타(Top5외),국내,9
병역범죄,병역범죄,기타(Top3외),광주 동구,광주,기타(Top5외),국내,21
기타범죄,기타범죄,기타범죄,광주 동구,광주,기타(Top5외),국내,619
강력범죄,살인기수,기타(Top3외),광주 서구,광주,기타(Top5외),국내,2
강력범죄,살인미수등,기타(Top3외),광주 서구,광주,기타(Top5외),국내,2
강력범죄,강도,기타(Top3외),광주 서구,광주,기타(Top5외),국내,7
강력범죄,강간,기타(Top3외),광주 서구,광주,기타(Top5외),국내,40
강력범죄,유사강간,기타(Top3외),광주 서구,광주,기타(Top5외),국내,12
강력범죄,강제추행,기타(Top3외),광주 서구,광주,기타(Top5외),국내,132
강력범죄,기타 강간/강제추행등,기타(Top3외),광주 서구,광주,기타(Top5외),국내,1
강력범죄,방화,기타(Top3외),광주 서구,광주,기타(Top5외),국내,8
절도범죄,절도범죄,기타(Top3외),광주 서구,광주,기타(Top5외),국내,1246
폭력범죄,상해,기타(Top3외),광주 서구,광주,기타(Top5외),국내,140
폭력범죄,폭행,기타(Top3외),광주 서구,광주,기타(Top5외),국내,922
폭력범죄,체포/감금,기타(Top3외),광주 서구,광주,기타(Top5외),국내,4
폭력범죄,협박,기타(Top3외),광주 서구,광주,기타(Top5외),국내,149
폭력범죄,약취/유인,기타(Top3외),광주 서구,광주,기타(Top5외),국내,0
폭력범죄,폭력행위등,기타(Top3외),광주 서구,광주,기타(Top5외),국내,76
폭력범죄,공갈,기타(Top3외),광주 서구,광주,기타(Top5외),국내,43
폭력범죄,손괴,기타(Top3외),광주 서구,광주,기타(Top5외),국내,301
지능범죄,직무유기,지능범죄,광주 서구,광주,기타(Top5외),국내,11
지능범죄,직권남용,지능범죄,광주 서구,광주,기타(Top5외),국내,67
지능범죄,증수뢰,지능범죄,광주 서구,광주,기타(Top5외),국내,2
지능범죄,통화,지능범죄,광주 서구,광주,기타(Top5외),국내,4
지능범죄,문서/인장,지능범죄,광주 서구,광주,기타(Top5외),국내,105
지능범죄,유가증권인지,지능범죄,광주 서구,광주,기타(Top5외),국내,1
지능범죄,사기,지능범죄,광주 서구,광주,기타(Top5외),국내,2978
지능범죄,횡령,지능범죄,광주 서구,광주,기타(Top5외),국내,422
지능범죄,배임,지능범죄,광주 서구,광주,기타(Top5외),국내,43
풍속범죄,성풍속범죄,기타(Top3외),광주 서구,광주,기타(Top5외),국내,101
풍속범죄,도박범죄,기타(Top3외),광주 서구,광주,기타(Top5외),국내,71
특별경제범죄,특별경제범죄,기타(Top3외),광주 서구,광주,기타(Top5외),국내,774
마약범죄,마약범죄,기타(Top3외),광주 서구,광주,기타(Top5외),국내,79
보건범죄,보건범죄,기타(Top3외),광주 서구,광주,기타(Top5외),국내,74
환경범죄,환경범죄,기타(Top3외),광주 서구,광주,기타(Top5외),국내,2
교통범죄,교통범죄,교통범죄,광주 서구,광주,기타(Top5외),국내,1887
노동범죄,노동범죄,기타(Top3외),광주 서구,광주,기타(Top5외),국내,11
안보범죄,안보범죄,기타(Top3외),광주 서구,광주,기타(Top5외),국내,3
선거범죄,선거범죄,기타(Top3외),광주 서구,광주,기타(Top5외),국내,11
병역범죄,병역범죄,기타(Top3외),광주 서구,광주,기타(Top5외),국내,45
기타범죄,기타범죄,기타범죄,광주 서구,광주,기타(Top5외),국내,1567
강력범죄,살인기수,기타(Top3외),광주 남구,광주,기타(Top5외),국내,1
강력범죄,살인미수등,기타(Top3외),광주 남구,광주,기타(Top5외),국내,1
강력범죄,강도,기타(Top3외),광주 남구,광주,기타(Top5외),국내,1
강력범죄,강간,기타(Top3외),광주 남구,광주,기타(Top5외),국내,8
강력범죄,유사강간,기타(Top3외),광주 남구,광주,기타(Top5외),국내,1
강력범죄,강제추행,기타(Top3외),광주 남구,광주,기타(Top5외),국내,49
강력범죄,기타 강간/강제추행등,기타(Top3외),광주 남구,광주,기타(Top5외),국내,0
강력범죄,방화,기타(Top3외),광주 남구,광주,기타(Top5외),국내,4
절도범죄,절도범죄,기타(Top3외),광주 남구,광주,기타(Top5외),국내,759
폭력범죄,상해,기타(Top3외),광주 남구,광주,기타(Top5외),국내,74
폭력범죄,폭행,기타(Top3외),광주 남구,광주,기타(Top5외),국내,364
폭력범죄,체포/감금,기타(Top3외),광주 남구,광주,기타(Top5외),국내,1
폭력범죄,협박,기타(Top3외),광주 남구,광주,기타(Top5외),국내,67
폭력범죄,약취/유인,기타(Top3외),광주 남구,광주,기타(Top5외),국내,0
폭력범죄,폭력행위등,기타(Top3외),광주 남구,광주,기타(Top5외),국내,8
폭력범죄,공갈,기타(Top3외),광주 남구,광주,기타(Top5외),국내,9
폭력범죄,손괴,기타(Top3외),광주 남구,광주,기타(Top5외),국내,172
지능범죄,직무유기,지능범죄,광주 남구,광주,기타(Top5외),국내,0
지능범죄,직권남용,지능범죄,광주 남구,광주,기타(Top5외),국내,1
지능범죄,증수뢰,지능범죄,광주 남구,광주,기타(Top5외),국내,1
지능범죄,통화,지능범죄,광주 남구,광주,기타(Top5외),국내,0
지능범죄,문서/인장,지능범죄,광주 남구,광주,기타(Top5외),국내,40
지능범죄,유가증권인지,지능범죄,광주 남구,광주,기타(Top5외),국내,0
지능범죄,사기,지능범죄,광주 남구,광주,기타(Top5외),국내,1322
지능범죄,횡령,지능범죄,광주 남구,광주,기타(Top5외),국내,162
지능범죄,배임,지능범죄,광주 남구,광주,기타(Top5외),국내,24
풍속범죄,성풍속범죄,기타(Top3외),광주 남구,광주,기타(Top5외),국내,51
풍속범죄,도박범죄,기타(Top3외),광주 남구,광주,기타(Top5외),국내,19
특별경제범죄,특별경제범죄,기타(Top3외),광주 남구,광주,기타(Top5외),국내,338
마약범죄,마약범죄,기타(Top3외),광주 남구,광주,기타(Top5외),국내,17
보건범죄,보건범죄,기타(Top3외),광주 남구,광주,기타(Top5외),국내,27
환경범죄,환경범죄,기타(Top3외),광주 남구,광주,기타(Top5외),국내,4
교통범죄,교통범죄,교통범죄,광주 남구,광주,기타(Top5외),국내,903
노동범죄,노동범죄,기타(Top3외),광주 남구,광주,기타(Top5외),국내,0
안보범죄,안보범죄,기타(Top3외),광주 남구,광주,기타(Top5외),국내,3
선거범죄,선거범죄,기타(Top3외),광주 남구,광주,기타(Top5외),국내,3
병역범죄,병역범죄,기타(Top3외),광주 남구,광주,기타(Top5외),국내,12
기타범죄,기타범죄,기타범죄,광주 남구,광주,기타(Top5외),국내,600
강력범죄,살인기수,기타(Top3외),광주 북구,광주,기타(Top5외),국내,2
강력범죄,살인미수등,기타(Top3외),광주 북구,광주,기타(Top5외),국내,3
강력범죄,강도,기타(Top3외),광주 북구,광주,기타(Top5외),국내,3
강력범죄,강간,기타(Top3외),광주 북구,광주,기타(Top5외),국내,32
강력범죄,유사강간,기타(Top3외),광주 북구,광주,기타(Top5외),국내,3
강력범죄,강제추행,기타(Top3외),광주 북구,광주,기타(Top5외),국내,101
강력범죄,기타 강간/강제추행등,기타(Top3외),광주 북구,광주,기타(Top5외),국내,2
강력범죄,방화,기타(Top3외),광주 북구,광주,기타(Top5외),국내,9
절도범죄,절도범죄,기타(Top3외),광주 북구,광주,기타(Top5외),국내,1877
폭력범죄,상해,기타(Top3외),광주 북구,광주,기타(Top5외),국내,93
폭력범죄,폭행,기타(Top3외),광주 북구,광주,기타(Top5외),국내,764
폭력범죄,체포/감금,기타(Top3외),광주 북구,광주,기타(Top5외),국내,3
폭력범죄,협박,기타(Top3외),광주 북구,광주,기타(Top5외),국내,175
폭력범죄,약취/유인,기타(Top3외),광주 북구,광주,기타(Top5외),국내,7
폭력범죄,폭력행위등,기타(Top3외),광주 북구,광주,기타(Top5외),국내,33
폭력범죄,공갈,기타(Top3외),광주 북구,광주,기타(Top5외),국내,32
폭력범죄,손괴,기타(Top3외),광주 북구,광주,기타(Top5외),국내,325
지능범죄,직무유기,지능범죄,광주 북구,광주,기타(Top5외),국내,12
지능범죄,직권남용,지능범죄,광주 북구,광주,기타(Top5외),국내,21
지능범죄,증수뢰,지능범죄,광주 북구,광주,기타(Top5외),국내,4
지능범죄,통화,지능범죄,광주 북구,광주,기타(Top5외),국내,3
지능범죄,문서/인장,지능범죄,광주 북구,광주,기타(Top5외),국내,81
지능범죄,유가증권인지,지능범죄,광주 북구,광주,기타(Top5외),국내,0
지능범죄,사기,지능범죄,광주 북구,광주,기타(Top5외),국내,3505
지능범죄,횡령,지능범죄,광주 북구,광주,기타(Top5외),국내,434
지능범죄,배임,지능범죄,광주 북구,광주,기타(Top5외),국내,22
풍속범죄,성풍속범죄,기타(Top3외),광주 북구,광주,기타(Top5외),국내,128
풍속범죄,도박범죄,기타(Top3외),광주 북구,광주,기타(Top5외),국내,59
특별경제범죄,특별경제범죄,기타(Top3외),광주 북구,광주,기타(Top5외),국내,660
마약범죄,마약범죄,기타(Top3외),광주 북구,광주,기타(Top5외),국내,44
보건범죄,보건범죄,기타(Top3외),광주 북구,광주,기타(Top5외),국내,55
환경범죄,환경범죄,기타(Top3외),광주 북구,광주,기타(Top5외),국내,4
교통범죄,교통범죄,교통범죄,광주 북구,광주,기타(Top5외),국내,2094
노동범죄,노동범죄,기타(Top3외),광주 북구,광주,기타(Top5외),국내,1
안보범죄,안보범죄,기타(Top3외),광주 북구,광주,기타(Top5외),국내,2
선거범죄,선거범죄,기타(Top3외),광주 북구,광주,기타(Top5외),국내,8
병역범죄,병역범죄,기타(Top3외),광주 북구,광주,기타(Top5외),국내,78
기타범죄,기타범죄,기타범죄,광주 북구,광주,기타(Top5외),국내,1509
강력범죄,살인기수,기타(Top3외),광주 광산구,광주,기타(Top5외),국내,2
강력범죄,살인미수등,기타(Top3외),광주 광산구,광주,기타(Top5외),국내,2
강력범죄,강도,기타(Top3외),광주 광산구,광주,기타(Top5외),국내,7
강력범죄,강간,기타(Top3외),광주 광산구,광주,기타(Top5외),국내,39
강력범죄,유사강간,기타(Top3외),광주 광산구,광주,기타(Top5외),국내,12
강력범죄,강제추행,기타(Top3외),광주 광산구,광주,기타(Top5외),국내,98
강력범죄,기타 강간/강제추행등,기타(Top3외),광주 광산구,광주,기타(Top5외),국내,2
강력범죄,방화,기타(Top3외),광주 광산구,광주,기타(Top5외),국내,6
절도범죄,절도범죄,기타(Top3외),광주 광산구,광주,기타(Top5외),국내,1658
폭력범죄,상해,기타(Top3외),광주 광산구,광주,기타(Top5외),국내,164
폭력범죄,폭행,기타(Top3외),광주 광산구,광주,기타(Top5외),국내,955
폭력범죄,체포/감금,기타(Top3외),광주 광산구,광주,기타(Top5외),국내,13
폭력범죄,협박,기타(Top3외),광주 광산구,광주,기타(Top5외),국내,164
폭력범죄,약취/유인,기타(Top3외),광주 광산구,광주,기타(Top5외),국내,1
폭력범죄,폭력행위등,기타(Top3외),광주 광산구,광주,기타(Top5외),국내,49
폭력범죄,공갈,기타(Top3외),광주 광산구,광주,기타(Top5외),국내,49
폭력범죄,손괴,기타(Top3외),광주 광산구,광주,기타(Top5외),국내,416
지능범죄,직무유기,지능범죄,광주 광산구,광주,기타(Top5외),국내,5
지능범죄,직권남용,지능범죄,광주 광산구,광주,기타(Top5외),국내,10
지능범죄,증수뢰,지능범죄,광주 광산구,광주,기타(Top5외),국내,2
지능범죄,통화,지능범죄,광주 광산구,광주,기타(Top5외),국내,4
지능범죄,문서/인장,지능범죄,광주 광산구,광주,기타(Top5외),국내,111
지능범죄,유가증권인지,지능범죄,광주 광산구,광주,기타(Top5외),국내,0
지능범죄,사기,지능범죄,광주 광산구,광주,기타(Top5외),국내,3721
지능범죄,횡령,지능범죄,광주 광산구,광주,기타(Top5외),국내,421
지능범죄,배임,지능범죄,광주 광산구,광주,기타(Top5외),국내,25
풍속범죄,성풍속범죄,기타(Top3외),광주 광산구,광주,기타(Top5외),국내,167
풍속범죄,도박범죄,기타(Top3외),광주 광산구,광주,기타(Top5외),국내,87
특별경제범죄,특별경제범죄,기타(Top3외),광주 광산구,광주,기타(Top5외),국내,802
마약범죄,마약범죄,기타(Top3외),광주 광산구,광주,기타(Top5외),국내,79
보건범죄,보건범죄,기타(Top3외),광주 광산구,광주,기타(Top5외),국내,59
환경범죄,환경범죄,기타(Top3외),광주 광산구,광주,기타(Top5외),국내,5
교통범죄,교통범죄,교통범죄,광주 광산구,광주,기타(Top5외),국내,1953
노동범죄,노동범죄,기타(Top3외),광주 광산구,광주,기타(Top5외),국내,9
안보범죄,안보범죄,기타(Top3외),광주 광산구,광주,기타(Top5외),국내,3
선거범죄,선거범죄,기타(Top3외),광주 광산구,광주,기타(Top5외),국내,10
병역범죄,병역범죄,기타(Top3외),광주 광산구,광주,기타(Top5외),국내,64
기타범죄,기타범죄,기타범죄,광주 광산구,광주,기타(Top5외),국내,1505
강력범죄,살인기수,기타(Top3외),대전 동구,대전,기타(Top5외),국내,2
강력범죄,살인미수등,기타(Top3외),대전 동구,대전,기타(Top5외),국내,5
강력범죄,강도,기타(Top3외),대전 동구,대전,기타(Top5외),국내,5
강력범죄,강간,기타(Top3외),대전 동구,대전,기타(Top5외),국내,28
강력범죄,유사강간,기타(Top3외),대전 동구,대전,기타(Top5외),국내,8
강력범죄,강제추행,기타(Top3외),대전 동구,대전,기타(Top5외),국내,55
강력범죄,기타 강간/강제추행등,기타(Top3외),대전 동구,대전,기타(Top5외),국내,0
강력범죄,방화,기타(Top3외),대전 동구,대전,기타(Top5외),국내,11
절도범죄,절도범죄,기타(Top3외),대전 동구,대전,기타(Top5외),국내,1023
폭력범죄,상해,기타(Top3외),대전 동구,대전,기타(Top5외),국내,100
폭력범죄,폭행,기타(Top3외),대전 동구,대전,기타(Top5외),국내,725
폭력범죄,체포/감금,기타(Top3외),대전 동구,대전,기타(Top5외),국내,5
폭력범죄,협박,기타(Top3외),대전 동구,대전,기타(Top5외),국내,144
폭력범죄,약취/유인,기타(Top3외),대전 동구,대전,기타(Top5외),국내,0
폭력범죄,폭력행위등,기타(Top3외),대전 동구,대전,기타(Top5외),국내,21
폭력범죄,공갈,기타(Top3외),대전 동구,대전,기타(Top5외),국내,22
폭력범죄,손괴,기타(Top3외),대전 동구,대전,기타(Top5외),국내,234
지능범죄,직무유기,지능범죄,대전 동구,대전,기타(Top5외),국내,2
지능범죄,직권남용,지능범죄,대전 동구,대전,기타(Top5외),국내,2
지능범죄,증수뢰,지능범죄,대전 동구,대전,기타(Top5외),국내,7
지능범죄,통화,지능범죄,대전 동구,대전,기타(Top5외),국내,2
지능범죄,문서/인장,지능범죄,대전 동구,대전,기타(Top5외),국내,71
지능범죄,유가증권인지,지능범죄,대전 동구,대전,기타(Top5외),국내,0
지능범죄,사기,지능범죄,대전 동구,대전,기타(Top5외),국내,2394
지능범죄,횡령,지능범죄,대전 동구,대전,기타(Top5외),국내,236
지능범죄,배임,지능범죄,대전 동구,대전,기타(Top5외),국내,5
풍속범죄,성풍속범죄,기타(Top3외),대전 동구,대전,기타(Top5외),국내,110
풍속범죄,도박범죄,기타(Top3외),대전 동구,대전,기타(Top5외),국내,32
특별경제범죄,특별경제범죄,기타(Top3외),대전 동구,대전,기타(Top5외),국내,482
마약범죄,마약범죄,기타(Top3외),대전 동구,대전,기타(Top5외),국내,18
보건범죄,보건범죄,기타(Top3외),대전 동구,대전,기타(Top5외),국내,27
환경범죄,환경범죄,기타(Top3외),대전 동구,대전,기타(Top5외),국내,7
교통범죄,교통범죄,교통범죄,대전 동구,대전,기타(Top5외),국내,879
노동범죄,노동범죄,기타(Top3외),대전 동구,대전,기타(Top5외),국내,0
안보범죄,안보범죄,기타(Top3외),대전 동구,대전,기타(Top5외),국내,0
선거범죄,선거범죄,기타(Top3외),대전 동구,대전,기타(Top5외),국내,4
병역범죄,병역범죄,기타(Top3외),대전 동구,대전,기타(Top5외),국내,43
기타범죄,기타범죄,기타범죄,대전 동구,대전,기타(Top5외),국내,1160
강력범죄,살인기수,기타(Top3외),대전 중구,대전,기타(Top5외),국내,0
강력범죄,살인미수등,기타(Top3외),대전 중구,대전,기타(Top5외),국내,0
강력범죄,강도,기타(Top3외),대전 중구,대전,기타(Top5외),국내,1
강력범죄,강간,기타(Top3외),대전 중구,대전,기타(Top5외),국내,37
강력범죄,유사강간,기타(Top3외),대전 중구,대전,기타(Top5외),국내,4
강력범죄,강제추행,기타(Top3외),대전 중구,대전,기타(Top5외),국내,94
강력범죄,기타 강간/강제추행등,기타(Top3외),대전 중구,대전,기타(Top5외),국내,1
강력범죄,방화,기타(Top3외),대전 중구,대전,기타(Top5외),국내,6
절도범죄,절도범죄,기타(Top3외),대전 중구,대전,기타(Top5외),국내,1172
폭력범죄,상해,기타(Top3외),대전 중구,대전,기타(Top5외),국내,93
폭력범죄,폭행,기타(Top3외),대전 중구,대전,기타(Top5외),국내,961
폭력범죄,체포/감금,기타(Top3외),대전 중구,대전,기타(Top5외),국내,7
폭력범죄,협박,기타(Top3외),대전 중구,대전,기타(Top5외),국내,133
폭력범죄,약취/유인,기타(Top3외),대전 중구,대전,기타(Top5외),국내,3
폭력범죄,폭력행위등,기타(Top3외),대전 중구,대전,기타(Top5외),국내,29
폭력범죄,공갈,기타(Top3외),대전 중구,대전,기타(Top5외),국내,36
폭력범죄,손괴,기타(Top3외),대전 중구,대전,기타(Top5외),국내,279
지능범죄,직무유기,지능범죄,대전 중구,대전,기타(Top5외),국내,6
지능범죄,직권남용,지능범죄,대전 중구,대전,기타(Top5외),국내,5
지능범죄,증수뢰,지능범죄,대전 중구,대전,기타(Top5외),국내,0
지능범죄,통화,지능범죄,대전 중구,대전,기타(Top5외),국내,2
지능범죄,문서/인장,지능범죄,대전 중구,대전,기타(Top5외),국내,68
지능범죄,유가증권인지,지능범죄,대전 중구,대전,기타(Top5외),국내,0
지능범죄,사기,지능범죄,대전 중구,대전,기타(Top5외),국내,2684
지능범죄,횡령,지능범죄,대전 중구,대전,기타(Top5외),국내,285
지능범죄,배임,지능범죄,대전 중구,대전,기타(Top5외),국내,12
풍속범죄,성풍속범죄,기타(Top3외),대전 중구,대전,기타(Top5외),국내,80
풍속범죄,도박범죄,기타(Top3외),대전 중구,대전,기타(Top5외),국내,32
특별경제범죄,특별경제범죄,기타(Top3외),대전 중구,대전,기타(Top5외),국내,542
마약범죄,마약범죄,기타(Top3외),대전 중구,대전,기타(Top5외),국내,14
보건범죄,보건범죄,기타(Top3외),대전 중구,대전,기타(Top5외),국내,45
환경범죄,환경범죄,기타(Top3외),대전 중구,대전,기타(Top5외),국내,2
교통범죄,교통범죄,교통범죄,대전 중구,대전,기타(Top5외),국내,913
노동범죄,노동범죄,기타(Top3외),대전 중구,대전,기타(Top5외),국내,1
안보범죄,안보범죄,기타(Top3외),대전 중구,대전,기타(Top5외),국내,0
선거범죄,선거범죄,기타(Top3외),대전 중구,대전,기타(Top5외),국내,7
병역범죄,병역범죄,기타(Top3외),대전 중구,대전,기타(Top5외),국내,27
기타범죄,기타범죄,기타범죄,대전 중구,대전,기타(Top5외),국내,1001
강력범죄,살인기수,기타(Top3외),대전 서구,대전,기타(Top5외),국내,4
강력범죄,살인미수등,기타(Top3외),대전 서구,대전,기타(Top5외),국내,6
강력범죄,강도,기타(Top3외),대전 서구,대전,기타(Top5외),국내,5
강력범죄,강간,기타(Top3외),대전 서구,대전,기타(Top5외),국내,51
강력범죄,유사강간,기타(Top3외),대전 서구,대전,기타(Top5외),국내,8
강력범죄,강제추행,기타(Top3외),대전 서구,대전,기타(Top5외),국내,164
강력범죄,기타 강간/강제추행등,기타(Top3외),대전 서구,대전,기타(Top5외),국내,1
강력범죄,방화,기타(Top3외),대전 서구,대전,기타(Top5외),국내,7
절도범죄,절도범죄,기타(Top3외),대전 서구,대전,기타(Top5외),국내,1873
폭력범죄,상해,기타(Top3외),대전 서구,대전,기타(Top5외),국내,189
폭력범죄,폭행,기타(Top3외),대전 서구,대전,기타(Top5외),국내,1497
폭력범죄,체포/감금,기타(Top3외),대전 서구,대전,기타(Top5외),국내,10
폭력범죄,협박,기타(Top3외),대전 서구,대전,기타(Top5외),국내,271
폭력범죄,약취/유인,기타(Top3외),대전 서구,대전,기타(Top5외),국내,3
폭력범죄,폭력행위등,기타(Top3외),대전 서구,대전,기타(Top5외),국내,60
폭력범죄,공갈,기타(Top3외),대전 서구,대전,기타(Top5외),국내,42
폭력범죄,손괴,기타(Top3외),대전 서구,대전,기타(Top5외),국내,447
지능범죄,직무유기,지능범죄,대전 서구,대전,기타(Top5외),국내,8
지능범죄,직권남용,지능범죄,대전 서구,대전,기타(Top5외),국내,13
지능범죄,증수뢰,지능범죄,대전 서구,대전,기타(Top5외),국내,1
지능범죄,통화,지능범죄,대전 서구,대전,기타(Top5외),국내,10
지능범죄,문서/인장,지능범죄,대전 서구,대전,기타(Top5외),국내,120
지능범죄,유가증권인지,지능범죄,대전 서구,대전,기타(Top5외),국내,2
지능범죄,사기,지능범죄,대전 서구,대전,기타(Top5외),국내,4779
지능범죄,횡령,지능범죄,대전 서구,대전,기타(Top5외),국내,528
지능범죄,배임,지능범죄,대전 서구,대전,기타(Top5외),국내,31
풍속범죄,성풍속범죄,기타(Top3외),대전 서구,대전,기타(Top5외),국내,242
풍속범죄,도박범죄,기타(Top3외),대전 서구,대전,기타(Top5외),국내,76
특별경제범죄,특별경제범죄,기타(Top3외),대전 서구,대전,기타(Top5외),국내,839
마약범죄,마약범죄,기타(Top3외),대전 서구,대전,기타(Top5외),국내,82
보건범죄,보건범죄,기타(Top3외),대전 서구,대전,기타(Top5외),국내,53
환경범죄,환경범죄,기타(Top3외),대전 서구,대전,기타(Top5외),국내,2
교통범죄,교통범죄,교통범죄,대전 서구,대전,기타(Top5외),국내,2017
노동범죄,노동범죄,기타(Top3외),대전 서구,대전,기타(Top5외),국내,1
안보범죄,안보범죄,기타(Top3외),대전 서구,대전,기타(Top5외),국내,2
선거범죄,선거범죄,기타(Top3외),대전 서구,대전,기타(Top5외),국내,10
병역범죄,병역범죄,기타(Top3외),대전 서구,대전,기타(Top5외),국내,130
기타범죄,기타범죄,기타범죄,대전 서구,대전,기타(Top5외),국내,2326
강력범죄,살인기수,기타(Top3외),대전 유성구,대전,기타(Top5외),국내,4
강력범죄,살인미수등,기타(Top3외),대전 유성구,대전,기타(Top5외),국내,4
강력범죄,강도,기타(Top3외),대전 유성구,대전,기타(Top5외),국내,5
강력범죄,강간,기타(Top3외),대전 유성구,대전,기타(Top5외),국내,30
강력범죄,유사강간,기타(Top3외),대전 유성구,대전,기타(Top5외),국내,9
강력범죄,강제추행,기타(Top3외),대전 유성구,대전,기타(Top5외),국내,84
강력범죄,기타 강간/강제추행등,기타(Top3외),대전 유성구,대전,기타(Top5외),국내,4
강력범죄,방화,기타(Top3외),대전 유성구,대전,기타(Top5외),국내,1
절도범죄,절도범죄,기타(Top3외),대전 유성구,대전,기타(Top5외),국내,1064
폭력범죄,상해,기타(Top3외),대전 유성구,대전,기타(Top5외),국내,99
폭력범죄,폭행,기타(Top3외),대전 유성구,대전,기타(Top5외),국내,690
폭력범죄,체포/감금,기타(Top3외),대전 유성구,대전,기타(Top5외),국내,5
폭력범죄,협박,기타(Top3외),대전 유성구,대전,기타(Top5외),국내,128
폭력범죄,약취/유인,기타(Top3외),대전 유성구,대전,기타(Top5외),국내,0
폭력범죄,폭력행위등,기타(Top3외),대전 유성구,대전,기타(Top5외),국내,31
폭력범죄,공갈,기타(Top3외),대전 유성구,대전,기타(Top5외),국내,31
폭력범죄,손괴,기타(Top3외),대전 유성구,대전,기타(Top5외),국내,238
지능범죄,직무유기,지능범죄,대전 유성구,대전,기타(Top5외),국내,3
지능범죄,직권남용,지능범죄,대전 유성구,대전,기타(Top5외),국내,7
지능범죄,증수뢰,지능범죄,대전 유성구,대전,기타(Top5외),국내,3
지능범죄,통화,지능범죄,대전 유성구,대전,기타(Top5외),국내,3
지능범죄,문서/인장,지능범죄,대전 유성구,대전,기타(Top5외),국내,115
지능범죄,유가증권인지,지능범죄,대전 유성구,대전,기타(Top5외),국내,0
지능범죄,사기,지능범죄,대전 유성구,대전,기타(Top5외),국내,2902
지능범죄,횡령,지능범죄,대전 유성구,대전,기타(Top5외),국내,285
지능범죄,배임,지능범죄,대전 유성구,대전,기타(Top5외),국내,34
풍속범죄,성풍속범죄,기타(Top3외),대전 유성구,대전,기타(Top5외),국내,128
풍속범죄,도박범죄,기타(Top3외),대전 유성구,대전,기타(Top5외),국내,20
특별경제범죄,특별경제범죄,기타(Top3외),대전 유성구,대전,기타(Top5외),국내,760
마약범죄,마약범죄,기타(Top3외),대전 유성구,대전,기타(Top5외),국내,30
보건범죄,보건범죄,기타(Top3외),대전 유성구,대전,기타(Top5외),국내,37
환경범죄,환경범죄,기타(Top3외),대전 유성구,대전,기타(Top5외),국내,4
교통범죄,교통범죄,교통범죄,대전 유성구,대전,기타(Top5외),국내,1547
노동범죄,노동범죄,기타(Top3외),대전 유성구,대전,기타(Top5외),국내,4
안보범죄,안보범죄,기타(Top3외),대전 유성구,대전,기타(Top5외),국내,0
선거범죄,선거범죄,기타(Top3외),대전 유성구,대전,기타(Top5외),국내,3
병역범죄,병역범죄,기타(Top3외),대전 유성구,대전,기타(Top5외),국내,31
기타범죄,기타범죄,기타범죄,대전 유성구,대전,기타(Top5외),국내,1296
강력범죄,살인기수,기타(Top3외),대전 대덕구,대전,기타(Top5외),국내,0
강력범죄,살인미수등,기타(Top3외),대전 대덕구,대전,기타(Top5외),국내,2
강력범죄,강도,기타(Top3외),대전 대덕구,대전,기타(Top5외),국내,1
강력범죄,강간,기타(Top3외),대전 대덕구,대전,기타(Top5외),국내,12
강력범죄,유사강간,기타(Top3외),대전 대덕구,대전,기타(Top5외),국내,2
강력범죄,강제추행,기타(Top3외),대전 대덕구,대전,기타(Top5외),국내,53
강력범죄,기타 강간/강제추행등,기타(Top3외),대전 대덕구,대전,기타(Top5외),국내,1
강력범죄,방화,기타(Top3외),대전 대덕구,대전,기타(Top5외),국내,5
절도범죄,절도범죄,기타(Top3외),대전 대덕구,대전,기타(Top5외),국내,546
폭력범죄,상해,기타(Top3외),대전 대덕구,대전,기타(Top5외),국내,84
폭력범죄,폭행,기타(Top3외),대전 대덕구,대전,기타(Top5외),국내,432
폭력범죄,체포/감금,기타(Top3외),대전 대덕구,대전,기타(Top5외),국내,3
폭력범죄,협박,기타(Top3외),대전 대덕구,대전,기타(Top5외),국내,91
폭력범죄,약취/유인,기타(Top3외),대전 대덕구,대전,기타(Top5외),국내,3
폭력범죄,폭력행위등,기타(Top3외),대전 대덕구,대전,기타(Top5외),국내,15
폭력범죄,공갈,기타(Top3외),대전 대덕구,대전,기타(Top5외),국내,36
폭력범죄,손괴,기타(Top3외),대전 대덕구,대전,기타(Top5외),국내,146
지능범죄,직무유기,지능범죄,대전 대덕구,대전,기타(Top5외),국내,0
지능범죄,직권남용,지능범죄,대전 대덕구,대전,기타(Top5외),국내,3
지능범죄,증수뢰,지능범죄,대전 대덕구,대전,기타(Top5외),국내,1
지능범죄,통화,지능범죄,대전 대덕구,대전,기타(Top5외),국내,1
지능범죄,문서/인장,지능범죄,대전 대덕구,대전,기타(Top5외),국내,49
지능범죄,유가증권인지,지능범죄,대전 대덕구,대전,기타(Top5외),국내,0
지능범죄,사기,지능범죄,대전 대덕구,대전,기타(Top5외),국내,1319
지능범죄,횡령,지능범죄,대전 대덕구,대전,기타(Top5외),국내,139
지능범죄,배임,지능범죄,대전 대덕구,대전,기타(Top5외),국내,4
풍속범죄,성풍속범죄,기타(Top3외),대전 대덕구,대전,기타(Top5외),국내,58
풍속범죄,도박범죄,기타(Top3외),대전 대덕구,대전,기타(Top5외),국내,12
특별경제범죄,특별경제범죄,기타(Top3외),대전 대덕구,대전,기타(Top5외),국내,471
마약범죄,마약범죄,기타(Top3외),대전 대덕구,대전,기타(Top5외),국내,12
보건범죄,보건범죄,기타(Top3외),대전 대덕구,대전,기타(Top5외),국내,13
환경범죄,환경범죄,기타(Top3외),대전 대덕구,대전,기타(Top5외),국내,5
교통범죄,교통범죄,교통범죄,대전 대덕구,대전,기타(Top5외),국내,842
노동범죄,노동범죄,기타(Top3외),대전 대덕구,대전,기타(Top5외),국내,1
안보범죄,안보범죄,기타(Top3외),대전 대덕구,대전,기타(Top5외),국내,1
선거범죄,선거범죄,기타(Top3외),대전 대덕구,대전,기타(Top5외),국내,1
병역범죄,병역범죄,기타(Top3외),대전 대덕구,대전,기타(Top5외),국내,28
기타범죄,기타범죄,기타범죄,대전 대덕구,대전,기타(Top5외),국내,749
강력범죄,살인기수,기타(Top3외),울산 중구,울산,기타(Top5외),국내,1
강력범죄,살인미수등,기타(Top3외),울산 중구,울산,기타(Top5외),국내,6
강력범죄,강도,기타(Top3외),울산 중구,울산,기타(Top5외),국내,0
강력범죄,강간,기타(Top3외),울산 중구,울산,기타(Top5외),국내,12
강력범죄,유사강간,기타(Top3외),울산 중구,울산,기타(Top5외),국내,0
강력범죄,강제추행,기타(Top3외),울산 중구,울산,기타(Top5외),국내,45
강력범죄,기타 강간/강제추행등,기타(Top3외),울산 중구,울산,기타(Top5외),국내,1
강력범죄,방화,기타(Top3외),울산 중구,울산,기타(Top5외),국내,1
절도범죄,절도범죄,기타(Top3외),울산 중구,울산,기타(Top5외),국내,530
폭력범죄,상해,기타(Top3외),울산 중구,울산,기타(Top5외),국내,75
폭력범죄,폭행,기타(Top3외),울산 중구,울산,기타(Top5외),국내,346
폭력범죄,체포/감금,기타(Top3외),울산 중구,울산,기타(Top5외),국내,2
폭력범죄,협박,기타(Top3외),울산 중구,울산,기타(Top5외),국내,89
폭력범죄,약취/유인,기타(Top3외),울산 중구,울산,기타(Top5외),국내,2
폭력범죄,폭력행위등,기타(Top3외),울산 중구,울산,기타(Top5외),국내,25
폭력범죄,공갈,기타(Top3외),울산 중구,울산,기타(Top5외),국내,10
폭력범죄,손괴,기타(Top3외),울산 중구,울산,기타(Top5외),국내,139
지능범죄,직무유기,지능범죄,울산 중구,울산,기타(Top5외),국내,5
지능범죄,직권남용,지능범죄,울산 중구,울산,기타(Top5외),국내,7
지능범죄,증수뢰,지능범죄,울산 중구,울산,기타(Top5외),국내,1
지능범죄,통화,지능범죄,울산 중구,울산,기타(Top5외),국내,2
지능범죄,문서/인장,지능범죄,울산 중구,울산,기타(Top5외),국내,34
지능범죄,유가증권인지,지능범죄,울산 중구,울산,기타(Top5외),국내,0
지능범죄,사기,지능범죄,울산 중구,울산,기타(Top5외),국내,1216
지능범죄,횡령,지능범죄,울산 중구,울산,기타(Top5외),국내,123
지능범죄,배임,지능범죄,울산 중구,울산,기타(Top5외),국내,13
풍속범죄,성풍속범죄,기타(Top3외),울산 중구,울산,기타(Top5외),국내,78
풍속범죄,도박범죄,기타(Top3외),울산 중구,울산,기타(Top5외),국내,39
특별경제범죄,특별경제범죄,기타(Top3외),울산 중구,울산,기타(Top5외),국내,380
마약범죄,마약범죄,기타(Top3외),울산 중구,울산,기타(Top5외),국내,27
보건범죄,보건범죄,기타(Top3외),울산 중구,울산,기타(Top5외),국내,13
환경범죄,환경범죄,기타(Top3외),울산 중구,울산,기타(Top5외),국내,1
교통범죄,교통범죄,교통범죄,울산 중구,울산,기타(Top5외),국내,763
노동범죄,노동범죄,기타(Top3외),울산 중구,울산,기타(Top5외),국내,1
안보범죄,안보범죄,기타(Top3외),울산 중구,울산,기타(Top5외),국내,0
선거범죄,선거범죄,기타(Top3외),울산 중구,울산,기타(Top5외),국내,6
병역범죄,병역범죄,기타(Top3외),울산 중구,울산,기타(Top5외),국내,34
기타범죄,기타범죄,기타범죄,울산 중구,울산,기타(Top5외),국내,754
강력범죄,살인기수,기타(Top3외),울산 남구,울산,기타(Top5외),국내,1
강력범죄,살인미수등,기타(Top3외),울산 남구,울산,기타(Top5외),국내,2
강력범죄,강도,기타(Top3외),울산 남구,울산,기타(Top5외),국내,4
강력범죄,강간,기타(Top3외),울산 남구,울산,기타(Top5외),국내,42
강력범죄,유사강간,기타(Top3외),울산 남구,울산,기타(Top5외),국내,7
강력범죄,강제추행,기타(Top3외),울산 남구,울산,기타(Top5외),국내,122
강력범죄,기타 강간/강제추행등,기타(Top3외),울산 남구,울산,기타(Top5외),국내,0
강력범죄,방화,기타(Top3외),울산 남구,울산,기타(Top5외),국내,3
절도범죄,절도범죄,기타(Top3외),울산 남구,울산,기타(Top5외),국내,955
폭력범죄,상해,기타(Top3외),울산 남구,울산,기타(Top5외),국내,146
폭력범죄,폭행,기타(Top3외),울산 남구,울산,기타(Top5외),국내,888
폭력범죄,체포/감금,기타(Top3외),울산 남구,울산,기타(Top5외),국내,10
폭력범죄,협박,기타(Top3외),울산 남구,울산,기타(Top5외),국내,158
폭력범죄,약취/유인,기타(Top3외),울산 남구,울산,기타(Top5외),국내,4
폭력범죄,폭력행위등,기타(Top3외),울산 남구,울산,기타(Top5외),국내,54
폭력범죄,공갈,기타(Top3외),울산 남구,울산,기타(Top5외),국내,47
폭력범죄,손괴,기타(Top3외),울산 남구,울산,기타(Top5외),국내,345
지능범죄,직무유기,지능범죄,울산 남구,울산,기타(Top5외),국내,12
지능범죄,직권남용,지능범죄,울산 남구,울산,기타(Top5외),국내,15
지능범죄,증수뢰,지능범죄,울산 남구,울산,기타(Top5외),국내,0
지능범죄,통화,지능범죄,울산 남구,울산,기타(Top5외),국내,1
지능범죄,문서/인장,지능범죄,울산 남구,울산,기타(Top5외),국내,79
지능범죄,유가증권인지,지능범죄,울산 남구,울산,기타(Top5외),국내,0
지능범죄,사기,지능범죄,울산 남구,울산,기타(Top5외),국내,2816
지능범죄,횡령,지능범죄,울산 남구,울산,기타(Top5외),국내,379
지능범죄,배임,지능범죄,울산 남구,울산,기타(Top5외),국내,21
풍속범죄,성풍속범죄,기타(Top3외),울산 남구,울산,기타(Top5외),국내,140
풍속범죄,도박범죄,기타(Top3외),울산 남구,울산,기타(Top5외),국내,74
특별경제범죄,특별경제범죄,기타(Top3외),울산 남구,울산,기타(Top5외),국내,947
마약범죄,마약범죄,기타(Top3외),울산 남구,울산,기타(Top5외),국내,47
보건범죄,보건범죄,기타(Top3외),울산 남구,울산,기타(Top5외),국내,99
환경범죄,환경범죄,기타(Top3외),울산 남구,울산,기타(Top5외),국내,2
교통범죄,교통범죄,교통범죄,울산 남구,울산,기타(Top5외),국내,1657
노동범죄,노동범죄,기타(Top3외),울산 남구,울산,기타(Top5외),국내,0
안보범죄,안보범죄,기타(Top3외),울산 남구,울산,기타(Top5외),국내,3
선거범죄,선거범죄,기타(Top3외),울산 남구,울산,기타(Top5외),국내,8
병역범죄,병역범죄,기타(Top3외),울산 남구,울산,기타(Top5외),국내,68
기타범죄,기타범죄,기타범죄,울산 남구,울산,기타(Top5외),국내,1958
강력범죄,살인기수,기타(Top3외),울산 동구,울산,기타(Top5외),국내,3
강력범죄,살인미수등,기타(Top3외),울산 동구,울산,기타(Top5외),국내,2
강력범죄,강도,기타(Top3외),울산 동구,울산,기타(Top5외),국내,5
강력범죄,강간,기타(Top3외),울산 동구,울산,기타(Top5외),국내,11
강력범죄,유사강간,기타(Top3외),울산 동구,울산,기타(Top5외),국내,1
강력범죄,강제추행,기타(Top3외),울산 동구,울산,기타(Top5외),국내,37
강력범죄,기타 강간/강제추행등,기타(Top3외),울산 동구,울산,기타(Top5외),국내,0
강력범죄,방화,기타(Top3외),울산 동구,울산,기타(Top5외),국내,3
절도범죄,절도범죄,기타(Top3외),울산 동구,울산,기타(Top5외),국내,498
폭력범죄,상해,기타(Top3외),울산 동구,울산,기타(Top5외),국내,82
폭력범죄,폭행,기타(Top3외),울산 동구,울산,기타(Top5외),국내,356
폭력범죄,체포/감금,기타(Top3외),울산 동구,울산,기타(Top5외),국내,3
폭력범죄,협박,기타(Top3외),울산 동구,울산,기타(Top5외),국내,53
폭력범죄,약취/유인,기타(Top3외),울산 동구,울산,기타(Top5외),국내,2
폭력범죄,폭력행위등,기타(Top3외),울산 동구,울산,기타(Top5외),국내,19
폭력범죄,공갈,기타(Top3외),울산 동구,울산,기타(Top5외),국내,11
폭력범죄,손괴,기타(Top3외),울산 동구,울산,기타(Top5외),국내,195
지능범죄,직무유기,지능범죄,울산 동구,울산,기타(Top5외),국내,4
지능범죄,직권남용,지능범죄,울산 동구,울산,기타(Top5외),국내,2
지능범죄,증수뢰,지능범죄,울산 동구,울산,기타(Top5외),국내,0
지능범죄,통화,지능범죄,울산 동구,울산,기타(Top5외),국내,0
지능범죄,문서/인장,지능범죄,울산 동구,울산,기타(Top5외),국내,20
지능범죄,유가증권인지,지능범죄,울산 동구,울산,기타(Top5외),국내,0
지능범죄,사기,지능범죄,울산 동구,울산,기타(Top5외),국내,899
지능범죄,횡령,지능범죄,울산 동구,울산,기타(Top5외),국내,123
지능범죄,배임,지능범죄,울산 동구,울산,기타(Top5외),국내,1
풍속범죄,성풍속범죄,기타(Top3외),울산 동구,울산,기타(Top5외),국내,37
풍속범죄,도박범죄,기타(Top3외),울산 동구,울산,기타(Top5외),국내,20
특별경제범죄,특별경제범죄,기타(Top3외),울산 동구,울산,기타(Top5외),국내,291
마약범죄,마약범죄,기타(Top3외),울산 동구,울산,기타(Top5외),국내,13
보건범죄,보건범죄,기타(Top3외),울산 동구,울산,기타(Top5외),국내,8
환경범죄,환경범죄,기타(Top3외),울산 동구,울산,기타(Top5외),국내,0
교통범죄,교통범죄,교통범죄,울산 동구,울산,기타(Top5외),국내,717
노동범죄,노동범죄,기타(Top3외),울산 동구,울산,기타(Top5외),국내,0
안보범죄,안보범죄,기타(Top3외),울산 동구,울산,기타(Top5외),국내,0
선거범죄,선거범죄,기타(Top3외),울산 동구,울산,기타(Top5외),국내,5
병역범죄,병역범죄,기타(Top3외),울산 동구,울산,기타(Top5외),국내,21
기타범죄,기타범죄,기타범죄,울산 동구,울산,기타(Top5외),국내,566
강력범죄,살인기수,기타(Top3외),울산 북구,울산,기타(Top5외),국내,1
강력범죄,살인미수등,기타(Top3외),울산 북구,울산,기타(Top5외),국내,1
강력범죄,강도,기타(Top3외),울산 북구,울산,기타(Top5외),국내,1
강력범죄,강간,기타(Top3외),울산 북구,울산,기타(Top5외),국내,14
강력범죄,유사강간,기타(Top3외),울산 북구,울산,기타(Top5외),국내,0
강력범죄,강제추행,기타(Top3외),울산 북구,울산,기타(Top5외),국내,31
강력범죄,기타 강간/강제추행등,기타(Top3외),울산 북구,울산,기타(Top5외),국내,0
강력범죄,방화,기타(Top3외),울산 북구,울산,기타(Top5외),국내,2
절도범죄,절도범죄,기타(Top3외),울산 북구,울산,기타(Top5외),국내,712
폭력범죄,상해,기타(Top3외),울산 북구,울산,기타(Top5외),국내,54
폭력범죄,폭행,기타(Top3외),울산 북구,울산,기타(Top5외),국내,373
폭력범죄,체포/감금,기타(Top3외),울산 북구,울산,기타(Top5외),국내,1
폭력범죄,협박,기타(Top3외),울산 북구,울산,기타(Top5외),국내,65
폭력범죄,약취/유인,기타(Top3외),울산 북구,울산,기타(Top5외),국내,2
폭력범죄,폭력행위등,기타(Top3외),울산 북구,울산,기타(Top5외),국내,21
폭력범죄,공갈,기타(Top3외),울산 북구,울산,기타(Top5외),국내,16
폭력범죄,손괴,기타(Top3외),울산 북구,울산,기타(Top5외),국내,175
지능범죄,직무유기,지능범죄,울산 북구,울산,기타(Top5외),국내,1
지능범죄,직권남용,지능범죄,울산 북구,울산,기타(Top5외),국내,2
지능범죄,증수뢰,지능범죄,울산 북구,울산,기타(Top5외),국내,0
지능범죄,통화,지능범죄,울산 북구,울산,기타(Top5외),국내,0
지능범죄,문서/인장,지능범죄,울산 북구,울산,기타(Top5외),국내,25
지능범죄,유가증권인지,지능범죄,울산 북구,울산,기타(Top5외),국내,0
지능범죄,사기,지능범죄,울산 북구,울산,기타(Top5외),국내,1017
지능범죄,횡령,지능범죄,울산 북구,울산,기타(Top5외),국내,86
지능범죄,배임,지능범죄,울산 북구,울산,기타(Top5외),국내,8
풍속범죄,성풍속범죄,기타(Top3외),울산 북구,울산,기타(Top5외),국내,36
풍속범죄,도박범죄,기타(Top3외),울산 북구,울산,기타(Top5외),국내,42
특별경제범죄,특별경제범죄,기타(Top3외),울산 북구,울산,기타(Top5외),국내,304
마약범죄,마약범죄,기타(Top3외),울산 북구,울산,기타(Top5외),국내,21
보건범죄,보건범죄,기타(Top3외),울산 북구,울산,기타(Top5외),국내,18
환경범죄,환경범죄,기타(Top3외),울산 북구,울산,기타(Top5외),국내,1
교통범죄,교통범죄,교통범죄,울산 북구,울산,기타(Top5외),국내,1265
노동범죄,노동범죄,기타(Top3외),울산 북구,울산,기타(Top5외),국내,0
안보범죄,안보범죄,기타(Top3외),울산 북구,울산,기타(Top5외),국내,0
선거범죄,선거범죄,기타(Top3외),울산 북구,울산,기타(Top5외),국내,9
병역범죄,병역범죄,기타(Top3외),울산 북구,울산,기타(Top5외),국내,20
기타범죄,기타범죄,기타범죄,울산 북구,울산,기타(Top5외),국내,654
강력범죄,살인기수,기타(Top3외),울산 울주군,울산,기타(Top5외),국내,3
강력범죄,살인미수등,기타(Top3외),울산 울주군,울산,기타(Top5외),국내,3
강력범죄,강도,기타(Top3외),울산 울주군,울산,기타(Top5외),국내,2
강력범죄,강간,기타(Top3외),울산 울주군,울산,기타(Top5외),국내,15
강력범죄,유사강간,기타(Top3외),울산 울주군,울산,기타(Top5외),국내,2
강력범죄,강제추행,기타(Top3외),울산 울주군,울산,기타(Top5외),국내,42
강력범죄,기타 강간/강제추행등,기타(Top3외),울산 울주군,울산,기타(Top5외),국내,0
강력범죄,방화,기타(Top3외),울산 울주군,울산,기타(Top5외),국내,4
절도범죄,절도범죄,기타(Top3외),울산 울주군,울산,기타(Top5외),국내,507
폭력범죄,상해,기타(Top3외),울산 울주군,울산,기타(Top5외),국내,94
폭력범죄,폭행,기타(Top3외),울산 울주군,울산,기타(Top5외),국내,364
폭력범죄,체포/감금,기타(Top3외),울산 울주군,울산,기타(Top5외),국내,2
폭력범죄,협박,기타(Top3외),울산 울주군,울산,기타(Top5외),국내,59
폭력범죄,약취/유인,기타(Top3외),울산 울주군,울산,기타(Top5외),국내,0
폭력범죄,폭력행위등,기타(Top3외),울산 울주군,울산,기타(Top5외),국내,18
폭력범죄,공갈,기타(Top3외),울산 울주군,울산,기타(Top5외),국내,11
폭력범죄,손괴,기타(Top3외),울산 울주군,울산,기타(Top5외),국내,201
지능범죄,직무유기,지능범죄,울산 울주군,울산,기타(Top5외),국내,9
지능범죄,직권남용,지능범죄,울산 울주군,울산,기타(Top5외),국내,7
지능범죄,증수뢰,지능범죄,울산 울주군,울산,기타(Top5외),국내,0
지능범죄,통화,지능범죄,울산 울주군,울산,기타(Top5외),국내,1
지능범죄,문서/인장,지능범죄,울산 울주군,울산,기타(Top5외),국내,48
지능범죄,유가증권인지,지능범죄,울산 울주군,울산,기타(Top5외),국내,0
지능범죄,사기,지능범죄,울산 울주군,울산,기타(Top5외),국내,1832
지능범죄,횡령,지능범죄,울산 울주군,울산,기타(Top5외),국내,196
지능범죄,배임,지능범죄,울산 울주군,울산,기타(Top5외),국내,11
풍속범죄,성풍속범죄,기타(Top3외),울산 울주군,울산,기타(Top5외),국내,64
풍속범죄,도박범죄,기타(Top3외),울산 울주군,울산,기타(Top5외),국내,18
특별경제범죄,특별경제범죄,기타(Top3외),울산 울주군,울산,기타(Top5외),국내,307
마약범죄,마약범죄,기타(Top3외),울산 울주군,울산,기타(Top5외),국내,22
보건범죄,보건범죄,기타(Top3외),울산 울주군,울산,기타(Top5외),국내,19
환경범죄,환경범죄,기타(Top3외),울산 울주군,울산,기타(Top5외),국내,3
교통범죄,교통범죄,교통범죄,울산 울주군,울산,기타(Top5외),국내,1209
노동범죄,노동범죄,기타(Top3외),울산 울주군,울산,기타(Top5외),국내,3
안보범죄,안보범죄,기타(Top3외),울산 울주군,울산,기타(Top5외),국내,0
선거범죄,선거범죄,기타(Top3외),울산 울주군,울산,기타(Top5외),국내,11
병역범죄,병역범죄,기타(Top3외),울산 울주군,울산,기타(Top5외),국내,45
기타범죄,기타범죄,기타범죄,울산 울주군,울산,기타(Top5외),국내,897
강력범죄,살인기수,기타(Top3외),세종시,세종시,기타(Top5외),국내,1
강력범죄,살인미수등,기타(Top3외),세종시,세종시,기타(Top5외),국내,3
강력범죄,강도,기타(Top3외),세종시,세종시,기타(Top5외),국내,1
강력범죄,강간,기타(Top3외),세종시,세종시,기타(Top5외),국내,33
강력범죄,유사강간,기타(Top3외),세종시,세종시,기타(Top5외),국내,4
강력범죄,강제추행,기타(Top3외),세종시,세종시,기타(Top5외),국내,85
강력범죄,기타 강간/강제추행등,기타(Top3외),세종시,세종시,기타(Top5외),국내,2
강력범죄,방화,기타(Top3외),세종시,세종시,기타(Top5외),국내,6
절도범죄,절도범죄,기타(Top3외),세종시,세종시,기타(Top5외),국내,1117
폭력범죄,상해,기타(Top3외),세종시,세종시,기타(Top5외),국내,124
폭력범죄,폭행,기타(Top3외),세종시,세종시,기타(Top5외),국내,367
폭력범죄,체포/감금,기타(Top3외),세종시,세종시,기타(Top5외),국내,3
폭력범죄,협박,기타(Top3외),세종시,세종시,기타(Top5외),국내,106
폭력범죄,약취/유인,기타(Top3외),세종시,세종시,기타(Top5외),국내,2
폭력범죄,폭력행위등,기타(Top3외),세종시,세종시,기타(Top5외),국내,30
폭력범죄,공갈,기타(Top3외),세종시,세종시,기타(Top5외),국내,62
폭력범죄,손괴,기타(Top3외),세종시,세종시,기타(Top5외),국내,209
지능범죄,직무유기,지능범죄,세종시,세종시,기타(Top5외),국내,11
지능범죄,직권남용,지능범죄,세종시,세종시,기타(Top5외),국내,24
지능범죄,증수뢰,지능범죄,세종시,세종시,기타(Top5외),국내,4
지능범죄,통화,지능범죄,세종시,세종시,기타(Top5외),국내,0
지능범죄,문서/인장,지능범죄,세종시,세종시,기타(Top5외),국내,88
지능범죄,유가증권인지,지능범죄,세종시,세종시,기타(Top5외),국내,0
지능범죄,사기,지능범죄,세종시,세종시,기타(Top5외),국내,2706
지능범죄,횡령,지능범죄,세종시,세종시,기타(Top5외),국내,301
지능범죄,배임,지능범죄,세종시,세종시,기타(Top5외),국내,30
풍속범죄,성풍속범죄,기타(Top3외),세종시,세종시,기타(Top5외),국내,112
풍속범죄,도박범죄,기타(Top3외),세종시,세종시,기타(Top5외),국내,21
특별경제범죄,특별경제범죄,기타(Top3외),세종시,세종시,기타(Top5외),국내,562
마약범죄,마약범죄,기타(Top3외),세종시,세종시,기타(Top5외),국내,43
보건범죄,보건범죄,기타(Top3외),세종시,세종시,기타(Top5외),국내,31
환경범죄,환경범죄,기타(Top3외),세종시,세종시,기타(Top5외),국내,7
교통범죄,교통범죄,교통범죄,세종시,세종시,기타(Top5외),국내,1199
노동범죄,노동범죄,기타(Top3외),세종시,세종시,기타(Top5외),국내,3
안보범죄,안보범죄,기타(Top3외),세종시,세종시,기타(Top5외),국내,1
선거범죄,선거범죄,기타(Top3외),세종시,세종시,기타(Top5외),국내,11
병역범죄,병역범죄,기타(Top3외),세종시,세종시,기타(Top5외),국내,50
기타범죄,기타범죄,기타범죄,세종시,세종시,기타(Top5외),국내,1341
강력범죄,살인기수,기타(Top3외),경기도 고양시,경기도,경기도,국내,3
강력범죄,살인미수등,기타(Top3외),경기도 고양시,경기도,경기도,국내,8
강력범죄,강도,기타(Top3외),경기도 고양시,경기도,경기도,국내,10
강력범죄,강간,기타(Top3외),경기도 고양시,경기도,경기도,국내,59
강력범죄,유사강간,기타(Top3외),경기도 고양시,경기도,경기도,국내,6
강력범죄,강제추행,기타(Top3외),경기도 고양시,경기도,경기도,국내,210
강력범죄,기타 강간/강제추행등,기타(Top3외),경기도 고양시,경기도,경기도,국내,1
강력범죄,방화,기타(Top3외),경기도 고양시,경기도,경기도,국내,9
절도범죄,절도범죄,기타(Top3외),경기도 고양시,경기도,경기도,국내,2645
폭력범죄,상해,기타(Top3외),경기도 고양시,경기도,경기도,국내,206
폭력범죄,폭행,기타(Top3외),경기도 고양시,경기도,경기도,국내,2156
폭력범죄,체포/감금,기타(Top3외),경기도 고양시,경기도,경기도,국내,20
폭력범죄,협박,기타(Top3외),경기도 고양시,경기도,경기도,국내,490
폭력범죄,약취/유인,기타(Top3외),경기도 고양시,경기도,경기도,국내,7
폭력범죄,폭력행위등,기타(Top3외),경기도 고양시,경기도,경기도,국내,98
폭력범죄,공갈,기타(Top3외),경기도 고양시,경기도,경기도,국내,70
폭력범죄,손괴,기타(Top3외),경기도 고양시,경기도,경기도,국내,720
지능범죄,직무유기,지능범죄,경기도 고양시,경기도,경기도,국내,18
지능범죄,직권남용,지능범죄,경기도 고양시,경기도,경기도,국내,19
지능범죄,증수뢰,지능범죄,경기도 고양시,경기도,경기도,국내,3
지능범죄,통화,지능범죄,경기도 고양시,경기도,경기도,국내,5
지능범죄,문서/인장,지능범죄,경기도 고양시,경기도,경기도,국내,254
지능범죄,유가증권인지,지능범죄,경기도 고양시,경기도,경기도,국내,0
지능범죄,사기,지능범죄,경기도 고양시,경기도,경기도,국내,6267
지능범죄,횡령,지능범죄,경기도 고양시,경기도,경기도,국내,1504
지능범죄,배임,지능범죄,경기도 고양시,경기도,경기도,국내,57
풍속범죄,성풍속범죄,기타(Top3외),경기도 고양시,경기도,경기도,국내,403
풍속범죄,도박범죄,기타(Top3외),경기도 고양시,경기도,경기도,국내,98
특별경제범죄,특별경제범죄,기타(Top3외),경기도 고양시,경기도,경기도,국내,2178
마약범죄,마약범죄,기타(Top3외),경기도 고양시,경기도,경기도,국내,349
보건범죄,보건범죄,기타(Top3외),경기도 고양시,경기도,경기도,국내,189
환경범죄,환경범죄,기타(Top3외),경기도 고양시,경기도,경기도,국내,50
교통범죄,교통범죄,교통범죄,경기도 고양시,경기도,경기도,국내,3548
노동범죄,노동범죄,기타(Top3외),경기도 고양시,경기도,경기도,국내,6
안보범죄,안보범죄,기타(Top3외),경기도 고양시,경기도,경기도,국내,1
선거범죄,선거범죄,기타(Top3외),경기도 고양시,경기도,경기도,국내,25
병역범죄,병역범죄,기타(Top3외),경기도 고양시,경기도,경기도,국내,224
기타범죄,기타범죄,기타범죄,경기도 고양시,경기도,경기도,국내,4679
강력범죄,살인기수,기타(Top3외),경기도 과천시,경기도,경기도,국내,1
강력범죄,살인미수등,기타(Top3외),경기도 과천시,경기도,경기도,국내,1
강력범죄,강도,기타(Top3외),경기도 과천시,경기도,경기도,국내,0
강력범죄,강간,기타(Top3외),경기도 과천시,경기도,경기도,국내,0
강력범죄,유사강간,기타(Top3외),경기도 과천시,경기도,경기도,국내,0
강력범죄,강제추행,기타(Top3외),경기도 과천시,경기도,경기도,국내,15
강력범죄,기타 강간/강제추행등,기타(Top3외),경기도 과천시,경기도,경기도,국내,0
강력범죄,방화,기타(Top3외),경기도 과천시,경기도,경기도,국내,1
절도범죄,절도범죄,기타(Top3외),경기도 과천시,경기도,경기도,국내,327
폭력범죄,상해,기타(Top3외),경기도 과천시,경기도,경기도,국내,11
폭력범죄,폭행,기타(Top3외),경기도 과천시,경기도,경기도,국내,106
폭력범죄,체포/감금,기타(Top3외),경기도 과천시,경기도,경기도,국내,0
폭력범죄,협박,기타(Top3외),경기도 과천시,경기도,경기도,국내,24
폭력범죄,약취/유인,기타(Top3외),경기도 과천시,경기도,경기도,국내,0
폭력범죄,폭력행위등,기타(Top3외),경기도 과천시,경기도,경기도,국내,5
폭력범죄,공갈,기타(Top3외),경기도 과천시,경기도,경기도,국내,3
폭력범죄,손괴,기타(Top3외),경기도 과천시,경기도,경기도,국내,30
지능범죄,직무유기,지능범죄,경기도 과천시,경기도,경기도,국내,4
지능범죄,직권남용,지능범죄,경기도 과천시,경기도,경기도,국내,4
지능범죄,증수뢰,지능범죄,경기도 과천시,경기도,경기도,국내,0
지능범죄,통화,지능범죄,경기도 과천시,경기도,경기도,국내,0
지능범죄,문서/인장,지능범죄,경기도 과천시,경기도,경기도,국내,44
지능범죄,유가증권인지,지능범죄,경기도 과천시,경기도,경기도,국내,0
지능범죄,사기,지능범죄,경기도 과천시,경기도,경기도,국내,449
지능범죄,횡령,지능범죄,경기도 과천시,경기도,경기도,국내,103
지능범죄,배임,지능범죄,경기도 과천시,경기도,경기도,국내,7
풍속범죄,성풍속범죄,기타(Top3외),경기도 과천시,경기도,경기도,국내,10
풍속범죄,도박범죄,기타(Top3외),경기도 과천시,경기도,경기도,국내,24
특별경제범죄,특별경제범죄,기타(Top3외),경기도 과천시,경기도,경기도,국내,72
마약범죄,마약범죄,기타(Top3외),경기도 과천시,경기도,경기도,국내,6
보건범죄,보건범죄,기타(Top3외),경기도 과천시,경기도,경기도,국내,3
환경범죄,환경범죄,기타(Top3외),경기도 과천시,경기도,경기도,국내,0
교통범죄,교통범죄,교통범죄,경기도 과천시,경기도,경기도,국내,155
노동범죄,노동범죄,기타(Top3외),경기도 과천시,경기도,경기도,국내,1
안보범죄,안보범죄,기타(Top3외),경기도 과천시,경기도,경기도,국내,0
선거범죄,선거범죄,기타(Top3외),경기도 과천시,경기도,경기도,국내,4
병역범죄,병역범죄,기타(Top3외),경기도 과천시,경기도,경기도,국내,6
기타범죄,기타범죄,기타범죄,경기도 과천시,경기도,경기도,국내,261
강력범죄,살인기수,기타(Top3외),경기도 광명시,경기도,경기도,국내,3
강력범죄,살인미수등,기타(Top3외),경기도 광명시,경기도,경기도,국내,1
강력범죄,강도,기타(Top3외),경기도 광명시,경기도,경기도,국내,2
강력범죄,강간,기타(Top3외),경기도 광명시,경기도,경기도,국내,11
강력범죄,유사강간,기타(Top3외),경기도 광명시,경기도,경기도,국내,3
강력범죄,강제추행,기타(Top3외),경기도 광명시,경기도,경기도,국내,44
강력범죄,기타 강간/강제추행등,기타(Top3외),경기도 광명시,경기도,경기도,국내,2
강력범죄,방화,기타(Top3외),경기도 광명시,경기도,경기도,국내,0
절도범죄,절도범죄,기타(Top3외),경기도 광명시,경기도,경기도,국내,872
폭력범죄,상해,기타(Top3외),경기도 광명시,경기도,경기도,국내,43
폭력범죄,폭행,기타(Top3외),경기도 광명시,경기도,경기도,국내,628
폭력범죄,체포/감금,기타(Top3외),경기도 광명시,경기도,경기도,국내,4
폭력범죄,협박,기타(Top3외),경기도 광명시,경기도,경기도,국내,145
폭력범죄,약취/유인,기타(Top3외),경기도 광명시,경기도,경기도,국내,4
폭력범죄,폭력행위등,기타(Top3외),경기도 광명시,경기도,경기도,국내,15
폭력범죄,공갈,기타(Top3외),경기도 광명시,경기도,경기도,국내,34
폭력범죄,손괴,기타(Top3외),경기도 광명시,경기도,경기도,국내,221
지능범죄,직무유기,지능범죄,경기도 광명시,경기도,경기도,국내,2
지능범죄,직권남용,지능범죄,경기도 광명시,경기도,경기도,국내,7
지능범죄,증수뢰,지능범죄,경기도 광명시,경기도,경기도,국내,0
지능범죄,통화,지능범죄,경기도 광명시,경기도,경기도,국내,2
지능범죄,문서/인장,지능범죄,경기도 광명시,경기도,경기도,국내,64
지능범죄,유가증권인지,지능범죄,경기도 광명시,경기도,경기도,국내,0
지능범죄,사기,지능범죄,경기도 광명시,경기도,경기도,국내,1806
지능범죄,횡령,지능범죄,경기도 광명시,경기도,경기도,국내,345
지능범죄,배임,지능범죄,경기도 광명시,경기도,경기도,국내,21
풍속범죄,성풍속범죄,기타(Top3외),경기도 광명시,경기도,경기도,국내,79
풍속범죄,도박범죄,기타(Top3외),경기도 광명시,경기도,경기도,국내,21
특별경제범죄,특별경제범죄,기타(Top3외),경기도 광명시,경기도,경기도,국내,646
마약범죄,마약범죄,기타(Top3외),경기도 광명시,경기도,경기도,국내,52
보건범죄,보건범죄,기타(Top3외),경기도 광명시,경기도,경기도,국내,50
환경범죄,환경범죄,기타(Top3외),경기도 광명시,경기도,경기도,국내,5
교통범죄,교통범죄,교통범죄,경기도 광명시,경기도,경기도,국내,868
노동범죄,노동범죄,기타(Top3외),경기도 광명시,경기도,경기도,국내,2
안보범죄,안보범죄,기타(Top3외),경기도 광명시,경기도,경기도,국내,0
선거범죄,선거범죄,기타(Top3외),경기도 광명시,경기도,경기도,국내,12
병역범죄,병역범죄,기타(Top3외),경기도 광명시,경기도,경기도,국내,40
기타범죄,기타범죄,기타범죄,경기도 광명시,경기도,경기도,국내,1187
강력범죄,살인기수,기타(Top3외),경기도 광주시,경기도,경기도,국내,0
강력범죄,살인미수등,기타(Top3외),경기도 광주시,경기도,경기도,국내,3
강력범죄,강도,기타(Top3외),경기도 광주시,경기도,경기도,국내,5
강력범죄,강간,기타(Top3외),경기도 광주시,경기도,경기도,국내,19
강력범죄,유사강간,기타(Top3외),경기도 광주시,경기도,경기도,국내,6
강력범죄,강제추행,기타(Top3외),경기도 광주시,경기도,경기도,국내,75
강력범죄,기타 강간/강제추행등,기타(Top3외),경기도 광주시,경기도,경기도,국내,2
강력범죄,방화,기타(Top3외),경기도 광주시,경기도,경기도,국내,4
절도범죄,절도범죄,기타(Top3외),경기도 광주시,경기도,경기도,국내,1015
폭력범죄,상해,기타(Top3외),경기도 광주시,경기도,경기도,국내,77
폭력범죄,폭행,기타(Top3외),경기도 광주시,경기도,경기도,국내,890
폭력범죄,체포/감금,기타(Top3외),경기도 광주시,경기도,경기도,국내,9
폭력범죄,협박,기타(Top3외),경기도 광주시,경기도,경기도,국내,198
폭력범죄,약취/유인,기타(Top3외),경기도 광주시,경기도,경기도,국내,0
폭력범죄,폭력행위등,기타(Top3외),경기도 광주시,경기도,경기도,국내,37
폭력범죄,공갈,기타(Top3외),경기도 광주시,경기도,경기도,국내,32
폭력범죄,손괴,기타(Top3외),경기도 광주시,경기도,경기도,국내,427
지능범죄,직무유기,지능범죄,경기도 광주시,경기도,경기도,국내,3
지능범죄,직권남용,지능범죄,경기도 광주시,경기도,경기도,국내,5
지능범죄,증수뢰,지능범죄,경기도 광주시,경기도,경기도,국내,1
지능범죄,통화,지능범죄,경기도 광주시,경기도,경기도,국내,0
지능범죄,문서/인장,지능범죄,경기도 광주시,경기도,경기도,국내,75
지능범죄,유가증권인지,지능범죄,경기도 광주시,경기도,경기도,국내,1
지능범죄,사기,지능범죄,경기도 광주시,경기도,경기도,국내,3187
지능범죄,횡령,지능범죄,경기도 광주시,경기도,경기도,국내,402
지능범죄,배임,지능범죄,경기도 광주시,경기도,경기도,국내,28
풍속범죄,성풍속범죄,기타(Top3외),경기도 광주시,경기도,경기도,국내,90
풍속범죄,도박범죄,기타(Top3외),경기도 광주시,경기도,경기도,국내,34
특별경제범죄,특별경제범죄,기타(Top3외),경기도 광주시,경기도,경기도,국내,675
마약범죄,마약범죄,기타(Top3외),경기도 광주시,경기도,경기도,국내,59
보건범죄,보건범죄,기타(Top3외),경기도 광주시,경기도,경기도,국내,79
환경범죄,환경범죄,기타(Top3외),경기도 광주시,경기도,경기도,국내,35
교통범죄,교통범죄,교통범죄,경기도 광주시,경기도,경기도,국내,2144
노동범죄,노동범죄,기타(Top3외),경기도 광주시,경기도,경기도,국내,2
안보범죄,안보범죄,기타(Top3외),경기도 광주시,경기도,경기도,국내,0
선거범죄,선거범죄,기타(Top3외),경기도 광주시,경기도,경기도,국내,7
병역범죄,병역범죄,기타(Top3외),경기도 광주시,경기도,경기도,국내,75
기타범죄,기타범죄,기타범죄,경기도 광주시,경기도,경기도,국내,1793
강력범죄,살인기수,기타(Top3외),경기도 구리시,경기도,경기도,국내,0
강력범죄,살인미수등,기타(Top3외),경기도 구리시,경기도,경기도,국내,1
강력범죄,강도,기타(Top3외),경기도 구리시,경기도,경기도,국내,0
강력범죄,강간,기타(Top3외),경기도 구리시,경기도,경기도,국내,14
강력범죄,유사강간,기타(Top3외),경기도 구리시,경기도,경기도,국내,3
강력범죄,강제추행,기타(Top3외),경기도 구리시,경기도,경기도,국내,58
강력범죄,기타 강간/강제추행등,기타(Top3외),경기도 구리시,경기도,경기도,국내,1
강력범죄,방화,기타(Top3외),경기도 구리시,경기도,경기도,국내,4
절도범죄,절도범죄,기타(Top3외),경기도 구리시,경기도,경기도,국내,572
폭력범죄,상해,기타(Top3외),경기도 구리시,경기도,경기도,국내,32
폭력범죄,폭행,기타(Top3외),경기도 구리시,경기도,경기도,국내,418
폭력범죄,체포/감금,기타(Top3외),경기도 구리시,경기도,경기도,국내,6
폭력범죄,협박,기타(Top3외),경기도 구리시,경기도,경기도,국내,84
폭력범죄,약취/유인,기타(Top3외),경기도 구리시,경기도,경기도,국내,0
폭력범죄,폭력행위등,기타(Top3외),경기도 구리시,경기도,경기도,국내,10
폭력범죄,공갈,기타(Top3외),경기도 구리시,경기도,경기도,국내,10
폭력범죄,손괴,기타(Top3외),경기도 구리시,경기도,경기도,국내,149
지능범죄,직무유기,지능범죄,경기도 구리시,경기도,경기도,국내,6
지능범죄,직권남용,지능범죄,경기도 구리시,경기도,경기도,국내,4
지능범죄,증수뢰,지능범죄,경기도 구리시,경기도,경기도,국내,2
지능범죄,통화,지능범죄,경기도 구리시,경기도,경기도,국내,2
지능범죄,문서/인장,지능범죄,경기도 구리시,경기도,경기도,국내,42
지능범죄,유가증권인지,지능범죄,경기도 구리시,경기도,경기도,국내,0
지능범죄,사기,지능범죄,경기도 구리시,경기도,경기도,국내,1198
지능범죄,횡령,지능범죄,경기도 구리시,경기도,경기도,국내,240
지능범죄,배임,지능범죄,경기도 구리시,경기도,경기도,국내,9
풍속범죄,성풍속범죄,기타(Top3외),경기도 구리시,경기도,경기도,국내,73
풍속범죄,도박범죄,기타(Top3외),경기도 구리시,경기도,경기도,국내,19
특별경제범죄,특별경제범죄,기타(Top3외),경기도 구리시,경기도,경기도,국내,428
마약범죄,마약범죄,기타(Top3외),경기도 구리시,경기도,경기도,국내,29
보건범죄,보건범죄,기타(Top3외),경기도 구리시,경기도,경기도,국내,34
환경범죄,환경범죄,기타(Top3외),경기도 구리시,경기도,경기도,국내,9
교통범죄,교통범죄,교통범죄,경기도 구리시,경기도,경기도,국내,952
노동범죄,노동범죄,기타(Top3외),경기도 구리시,경기도,경기도,국내,1
안보범죄,안보범죄,기타(Top3외),경기도 구리시,경기도,경기도,국내,0
선거범죄,선거범죄,기타(Top3외),경기도 구리시,경기도,경기도,국내,4
병역범죄,병역범죄,기타(Top3외),경기도 구리시,경기도,경기도,국내,42
기타범죄,기타범죄,기타범죄,경기도 구리시,경기도,경기도,국내,931
강력범죄,살인기수,기타(Top3외),경기도 군포시,경기도,경기도,국내,0
강력범죄,살인미수등,기타(Top3외),경기도 군포시,경기도,경기도,국내,3
강력범죄,강도,기타(Top3외),경기도 군포시,경기도,경기도,국내,1
강력범죄,강간,기타(Top3외),경기도 군포시,경기도,경기도,국내,14
강력범죄,유사강간,기타(Top3외),경기도 군포시,경기도,경기도,국내,4
강력범죄,강제추행,기타(Top3외),경기도 군포시,경기도,경기도,국내,49
강력범죄,기타 강간/강제추행등,기타(Top3외),경기도 군포시,경기도,경기도,국내,2
강력범죄,방화,기타(Top3외),경기도 군포시,경기도,경기도,국내,3
절도범죄,절도범죄,기타(Top3외),경기도 군포시,경기도,경기도,국내,876
폭력범죄,상해,기타(Top3외),경기도 군포시,경기도,경기도,국내,59
폭력범죄,폭행,기타(Top3외),경기도 군포시,경기도,경기도,국내,408
폭력범죄,체포/감금,기타(Top3외),경기도 군포시,경기도,경기도,국내,2
폭력범죄,협박,기타(Top3외),경기도 군포시,경기도,경기도,국내,65
폭력범죄,약취/유인,기타(Top3외),경기도 군포시,경기도,경기도,국내,2
폭력범죄,폭력행위등,기타(Top3외),경기도 군포시,경기도,경기도,국내,14
폭력범죄,공갈,기타(Top3외),경기도 군포시,경기도,경기도,국내,21
폭력범죄,손괴,기타(Top3외),경기도 군포시,경기도,경기도,국내,200
지능범죄,직무유기,지능범죄,경기도 군포시,경기도,경기도,국내,2
지능범죄,직권남용,지능범죄,경기도 군포시,경기도,경기도,국내,3
지능범죄,증수뢰,지능범죄,경기도 군포시,경기도,경기도,국내,0
지능범죄,통화,지능범죄,경기도 군포시,경기도,경기도,국내,2
지능범죄,문서/인장,지능범죄,경기도 군포시,경기도,경기도,국내,44
지능범죄,유가증권인지,지능범죄,경기도 군포시,경기도,경기도,국내,0
지능범죄,사기,지능범죄,경기도 군포시,경기도,경기도,국내,1870
지능범죄,횡령,지능범죄,경기도 군포시,경기도,경기도,국내,276
지능범죄,배임,지능범죄,경기도 군포시,경기도,경기도,국내,16
풍속범죄,성풍속범죄,기타(Top3외),경기도 군포시,경기도,경기도,국내,70
풍속범죄,도박범죄,기타(Top3외),경기도 군포시,경기도,경기도,국내,29
특별경제범죄,특별경제범죄,기타(Top3외),경기도 군포시,경기도,경기도,국내,557
마약범죄,마약범죄,기타(Top3외),경기도 군포시,경기도,경기도,국내,20
보건범죄,보건범죄,기타(Top3외),경기도 군포시,경기도,경기도,국내,24
환경범죄,환경범죄,기타(Top3외),경기도 군포시,경기도,경기도,국내,2
교통범죄,교통범죄,교통범죄,경기도 군포시,경기도,경기도,국내,757
노동범죄,노동범죄,기타(Top3외),경기도 군포시,경기도,경기도,국내,3
안보범죄,안보범죄,기타(Top3외),경기도 군포시,경기도,경기도,국내,0
선거범죄,선거범죄,기타(Top3외),경기도 군포시,경기도,경기도,국내,8
병역범죄,병역범죄,기타(Top3외),경기도 군포시,경기도,경기도,국내,14
기타범죄,기타범죄,기타범죄,경기도 군포시,경기도,경기도,국내,854
강력범죄,살인기수,기타(Top3외),경기도 김포시,경기도,경기도,국내,5
강력범죄,살인미수등,기타(Top3외),경기도 김포시,경기도,경기도,국내,3
강력범죄,강도,기타(Top3외),경기도 김포시,경기도,경기도,국내,3
강력범죄,강간,기타(Top3외),경기도 김포시,경기도,경기도,국내,29
강력범죄,유사강간,기타(Top3외),경기도 김포시,경기도,경기도,국내,7
강력범죄,강제추행,기타(Top3외),경기도 김포시,경기도,경기도,국내,99
강력범죄,기타 강간/강제추행등,기타(Top3외),경기도 김포시,경기도,경기도,국내,0
강력범죄,방화,기타(Top3외),경기도 김포시,경기도,경기도,국내,5
절도범죄,절도범죄,기타(Top3외),경기도 김포시,경기도,경기도,국내,1964
폭력범죄,상해,기타(Top3외),경기도 김포시,경기도,경기도,국내,105
폭력범죄,폭행,기타(Top3외),경기도 김포시,경기도,경기도,국내,1115
폭력범죄,체포/감금,기타(Top3외),경기도 김포시,경기도,경기도,국내,7
폭력범죄,협박,기타(Top3외),경기도 김포시,경기도,경기도,국내,226
폭력범죄,약취/유인,기타(Top3외),경기도 김포시,경기도,경기도,국내,3
폭력범죄,폭력행위등,기타(Top3외),경기도 김포시,경기도,경기도,국내,70
폭력범죄,공갈,기타(Top3외),경기도 김포시,경기도,경기도,국내,60
폭력범죄,손괴,기타(Top3외),경기도 김포시,경기도,경기도,국내,471
지능범죄,직무유기,지능범죄,경기도 김포시,경기도,경기도,국내,6
지능범죄,직권남용,지능범죄,경기도 김포시,경기도,경기도,국내,8
지능범죄,증수뢰,지능범죄,경기도 김포시,경기도,경기도,국내,2
지능범죄,통화,지능범죄,경기도 김포시,경기도,경기도,국내,2
지능범죄,문서/인장,지능범죄,경기도 김포시,경기도,경기도,국내,143
지능범죄,유가증권인지,지능범죄,경기도 김포시,경기도,경기도,국내,0
지능범죄,사기,지능범죄,경기도 김포시,경기도,경기도,국내,4644
지능범죄,횡령,지능범죄,경기도 김포시,경기도,경기도,국내,517
지능범죄,배임,지능범죄,경기도 김포시,경기도,경기도,국내,37
풍속범죄,성풍속범죄,기타(Top3외),경기도 김포시,경기도,경기도,국내,118
풍속범죄,도박범죄,기타(Top3외),경기도 김포시,경기도,경기도,국내,150
특별경제범죄,특별경제범죄,기타(Top3외),경기도 김포시,경기도,경기도,국내,898
마약범죄,마약범죄,기타(Top3외),경기도 김포시,경기도,경기도,국내,89
보건범죄,보건범죄,기타(Top3외),경기도 김포시,경기도,경기도,국내,112
환경범죄,환경범죄,기타(Top3외),경기도 김포시,경기도,경기도,국내,11
교통범죄,교통범죄,교통범죄,경기도 김포시,경기도,경기도,국내,2599
노동범죄,노동범죄,기타(Top3외),경기도 김포시,경기도,경기도,국내,1
안보범죄,안보범죄,기타(Top3외),경기도 김포시,경기도,경기도,국내,1
선거범죄,선거범죄,기타(Top3외),경기도 김포시,경기도,경기도,국내,9
병역범죄,병역범죄,기타(Top3외),경기도 김포시,경기도,경기도,국내,141
기타범죄,기타범죄,기타범죄,경기도 김포시,경기도,경기도,국내,2355
강력범죄,살인기수,기타(Top3외),경기도 남양주시,경기도,경기도,국내,1
강력범죄,살인미수등,기타(Top3외),경기도 남양주시,경기도,경기도,국내,6
강력범죄,강도,기타(Top3외),경기도 남양주시,경기도,경기도,국내,9
강력범죄,강간,기타(Top3외),경기도 남양주시,경기도,경기도,국내,52
강력범죄,유사강간,기타(Top3외),경기도 남양주시,경기도,경기도,국내,8
강력범죄,강제추행,기타(Top3외),경기도 남양주시,경기도,경기도,국내,121
강력범죄,기타 강간/강제추행등,기타(Top3외),경기도 남양주시,경기도,경기도,국내,1
강력범죄,방화,기타(Top3외),경기도 남양주시,경기도,경기도,국내,10
절도범죄,절도범죄,기타(Top3외),경기도 남양주시,경기도,경기도,국내,1566
폭력범죄,상해,기타(Top3외),경기도 남양주시,경기도,경기도,국내,205
폭력범죄,폭행,기타(Top3외),경기도 남양주시,경기도,경기도,국내,1188
폭력범죄,체포/감금,기타(Top3외),경기도 남양주시,경기도,경기도,국내,13
폭력범죄,협박,기타(Top3외),경기도 남양주시,경기도,경기도,국내,268
폭력범죄,약취/유인,기타(Top3외),경기도 남양주시,경기도,경기도,국내,2
폭력범죄,폭력행위등,기타(Top3외),경기도 남양주시,경기도,경기도,국내,45
폭력범죄,공갈,기타(Top3외),경기도 남양주시,경기도,경기도,국내,53
폭력범죄,손괴,기타(Top3외),경기도 남양주시,경기도,경기도,국내,484
지능범죄,직무유기,지능범죄,경기도 남양주시,경기도,경기도,국내,5
지능범죄,직권남용,지능범죄,경기도 남양주시,경기도,경기도,국내,7
지능범죄,증수뢰,지능범죄,경기도 남양주시,경기도,경기도,국내,1
지능범죄,통화,지능범죄,경기도 남양주시,경기도,경기도,국내,4
지능범죄,문서/인장,지능범죄,경기도 남양주시,경기도,경기도,국내,144
지능범죄,유가증권인지,지능범죄,경기도 남양주시,경기도,경기도,국내,2
지능범죄,사기,지능범죄,경기도 남양주시,경기도,경기도,국내,4496
지능범죄,횡령,지능범죄,경기도 남양주시,경기도,경기도,국내,648
지능범죄,배임,지능범죄,경기도 남양주시,경기도,경기도,국내,46
풍속범죄,성풍속범죄,기타(Top3외),경기도 남양주시,경기도,경기도,국내,234
풍속범죄,도박범죄,기타(Top3외),경기도 남양주시,경기도,경기도,국내,41
특별경제범죄,특별경제범죄,기타(Top3외),경기도 남양주시,경기도,경기도,국내,1393
마약범죄,마약범죄,기타(Top3외),경기도 남양주시,경기도,경기도,국내,67
보건범죄,보건범죄,기타(Top3외),경기도 남양주시,경기도,경기도,국내,77
환경범죄,환경범죄,기타(Top3외),경기도 남양주시,경기도,경기도,국내,62
교통범죄,교통범죄,교통범죄,경기도 남양주시,경기도,경기도,국내,2487
노동범죄,노동범죄,기타(Top3외),경기도 남양주시,경기도,경기도,국내,5
안보범죄,안보범죄,기타(Top3외),경기도 남양주시,경기도,경기도,국내,1
선거범죄,선거범죄,기타(Top3외),경기도 남양주시,경기도,경기도,국내,20
병역범죄,병역범죄,기타(Top3외),경기도 남양주시,경기도,경기도,국내,253
기타범죄,기타범죄,기타범죄,경기도 남양주시,경기도,경기도,국내,3020
강력범죄,살인기수,기타(Top3외),경기도 동두천시,경기도,경기도,국내,0
강력범죄,살인미수등,기타(Top3외),경기도 동두천시,경기도,경기도,국내,2
강력범죄,강도,기타(Top3외),경기도 동두천시,경기도,경기도,국내,4
강력범죄,강간,기타(Top3외),경기도 동두천시,경기도,경기도,국내,15
강력범죄,유사강간,기타(Top3외),경기도 동두천시,경기도,경기도,국내,2
강력범죄,강제추행,기타(Top3외),경기도 동두천시,경기도,경기도,국내,37
강력범죄,기타 강간/강제추행등,기타(Top3외),경기도 동두천시,경기도,경기도,국내,1
강력범죄,방화,기타(Top3외),경기도 동두천시,경기도,경기도,국내,5
절도범죄,절도범죄,기타(Top3외),경기도 동두천시,경기도,경기도,국내,360
폭력범죄,상해,기타(Top3외),경기도 동두천시,경기도,경기도,국내,42
폭력범죄,폭행,기타(Top3외),경기도 동두천시,경기도,경기도,국내,290
폭력범죄,체포/감금,기타(Top3외),경기도 동두천시,경기도,경기도,국내,1
폭력범죄,협박,기타(Top3외),경기도 동두천시,경기도,경기도,국내,62
폭력범죄,약취/유인,기타(Top3외),경기도 동두천시,경기도,경기도,국내,2
폭력범죄,폭력행위등,기타(Top3외),경기도 동두천시,경기도,경기도,국내,13
폭력범죄,공갈,기타(Top3외),경기도 동두천시,경기도,경기도,국내,17
폭력범죄,손괴,기타(Top3외),경기도 동두천시,경기도,경기도,국내,131
지능범죄,직무유기,지능범죄,경기도 동두천시,경기도,경기도,국내,1
지능범죄,직권남용,지능범죄,경기도 동두천시,경기도,경기도,국내,5
지능범죄,증수뢰,지능범죄,경기도 동두천시,경기도,경기도,국내,0
지능범죄,통화,지능범죄,경기도 동두천시,경기도,경기도,국내,0
지능범죄,문서/인장,지능범죄,경기도 동두천시,경기도,경기도,국내,24
지능범죄,유가증권인지,지능범죄,경기도 동두천시,경기도,경기도,국내,1
지능범죄,사기,지능범죄,경기도 동두천시,경기도,경기도,국내,748
지능범죄,횡령,지능범죄,경기도 동두천시,경기도,경기도,국내,107
지능범죄,배임,지능범죄,경기도 동두천시,경기도,경기도,국내,7
풍속범죄,성풍속범죄,기타(Top3외),경기도 동두천시,경기도,경기도,국내,45
풍속범죄,도박범죄,기타(Top3외),경기도 동두천시,경기도,경기도,국내,9
특별경제범죄,특별경제범죄,기타(Top3외),경기도 동두천시,경기도,경기도,국내,157
마약범죄,마약범죄,기타(Top3외),경기도 동두천시,경기도,경기도,국내,30
보건범죄,보건범죄,기타(Top3외),경기도 동두천시,경기도,경기도,국내,11
환경범죄,환경범죄,기타(Top3외),경기도 동두천시,경기도,경기도,국내,9
교통범죄,교통범죄,교통범죄,경기도 동두천시,경기도,경기도,국내,383
노동범죄,노동범죄,기타(Top3외),경기도 동두천시,경기도,경기도,국내,0
안보범죄,안보범죄,기타(Top3외),경기도 동두천시,경기도,경기도,국내,0
선거범죄,선거범죄,기타(Top3외),경기도 동두천시,경기도,경기도,국내,8
병역범죄,병역범죄,기타(Top3외),경기도 동두천시,경기도,경기도,국내,34
기타범죄,기타범죄,기타범죄,경기도 동두천시,경기도,경기도,국내,514
강력범죄,살인기수,기타(Top3외),경기도 부천시,경기도,경기도,국내,3
강력범죄,살인미수등,기타(Top3외),경기도 부천시,경기도,경기도,국내,8
강력범죄,강도,기타(Top3외),경기도 부천시,경기도,경기도,국내,3
강력범죄,강간,기타(Top3외),경기도 부천시,경기도,경기도,국내,70
강력범죄,유사강간,기타(Top3외),경기도 부천시,경기도,경기도,국내,9
강력범죄,강제추행,기타(Top3외),경기도 부천시,경기도,경기도,국내,251
강력범죄,기타 강간/강제추행등,기타(Top3외),경기도 부천시,경기도,경기도,국내,1
강력범죄,방화,기타(Top3외),경기도 부천시,경기도,경기도,국내,23
절도범죄,절도범죄,기타(Top3외),경기도 부천시,경기도,경기도,국내,3659
폭력범죄,상해,기타(Top3외),경기도 부천시,경기도,경기도,국내,245
폭력범죄,폭행,기타(Top3외),경기도 부천시,경기도,경기도,국내,2019
폭력범죄,체포/감금,기타(Top3외),경기도 부천시,경기도,경기도,국내,14
폭력범죄,협박,기타(Top3외),경기도 부천시,경기도,경기도,국내,438
폭력범죄,약취/유인,기타(Top3외),경기도 부천시,경기도,경기도,국내,3
폭력범죄,폭력행위등,기타(Top3외),경기도 부천시,경기도,경기도,국내,76
폭력범죄,공갈,기타(Top3외),경기도 부천시,경기도,경기도,국내,83
폭력범죄,손괴,기타(Top3외),경기도 부천시,경기도,경기도,국내,988
지능범죄,직무유기,지능범죄,경기도 부천시,경기도,경기도,국내,19
지능범죄,직권남용,지능범죄,경기도 부천시,경기도,경기도,국내,20
지능범죄,증수뢰,지능범죄,경기도 부천시,경기도,경기도,국내,0
지능범죄,통화,지능범죄,경기도 부천시,경기도,경기도,국내,3
지능범죄,문서/인장,지능범죄,경기도 부천시,경기도,경기도,국내,172
지능범죄,유가증권인지,지능범죄,경기도 부천시,경기도,경기도,국내,0
지능범죄,사기,지능범죄,경기도 부천시,경기도,경기도,국내,6451
지능범죄,횡령,지능범죄,경기도 부천시,경기도,경기도,국내,1254
지능범죄,배임,지능범죄,경기도 부천시,경기도,경기도,국내,47
풍속범죄,성풍속범죄,기타(Top3외),경기도 부천시,경기도,경기도,국내,296
풍속범죄,도박범죄,기타(Top3외),경기도 부천시,경기도,경기도,국내,221
특별경제범죄,특별경제범죄,기타(Top3외),경기도 부천시,경기도,경기도,국내,1853
마약범죄,마약범죄,기타(Top3외),경기도 부천시,경기도,경기도,국내,152
보건범죄,보건범죄,기타(Top3외),경기도 부천시,경기도,경기도,국내,119
환경범죄,환경범죄,기타(Top3외),경기도 부천시,경기도,경기도,국내,13
교통범죄,교통범죄,교통범죄,경기도 부천시,경기도,경기도,국내,3458
노동범죄,노동범죄,기타(Top3외),경기도 부천시,경기도,경기도,국내,6
안보범죄,안보범죄,기타(Top3외),경기도 부천시,경기도,경기도,국내,3
선거범죄,선거범죄,기타(Top3외),경기도 부천시,경기도,경기도,국내,19
병역범죄,병역범죄,기타(Top3외),경기도 부천시,경기도,경기도,국내,115
기타범죄,기타범죄,기타범죄,경기도 부천시,경기도,경기도,국내,4427
강력범죄,살인기수,기타(Top3외),경기도 성남시,경기도,경기도,국내,2
강력범죄,살인미수등,기타(Top3외),경기도 성남시,경기도,경기도,국내,7
강력범죄,강도,기타(Top3외),경기도 성남시,경기도,경기도,국내,5
강력범죄,강간,기타(Top3외),경기도 성남시,경기도,경기도,국내,67
강력범죄,유사강간,기타(Top3외),경기도 성남시,경기도,경기도,국내,18
강력범죄,강제추행,기타(Top3외),경기도 성남시,경기도,경기도,국내,236
강력범죄,기타 강간/강제추행등,기타(Top3외),경기도 성남시,경기도,경기도,국내,2
강력범죄,방화,기타(Top3외),경기도 성남시,경기도,경기도,국내,19
절도범죄,절도범죄,기타(Top3외),경기도 성남시,경기도,경기도,국내,3074
폭력범죄,상해,기타(Top3외),경기도 성남시,경기도,경기도,국내,292
폭력범죄,폭행,기타(Top3외),경기도 성남시,경기도,경기도,국내,2074
폭력범죄,체포/감금,기타(Top3외),경기도 성남시,경기도,경기도,국내,16
폭력범죄,협박,기타(Top3외),경기도 성남시,경기도,경기도,국내,457
폭력범죄,약취/유인,기타(Top3외),경기도 성남시,경기도,경기도,국내,3
폭력범죄,폭력행위등,기타(Top3외),경기도 성남시,경기도,경기도,국내,69
폭력범죄,공갈,기타(Top3외),경기도 성남시,경기도,경기도,국내,90
폭력범죄,손괴,기타(Top3외),경기도 성남시,경기도,경기도,국내,851
지능범죄,직무유기,지능범죄,경기도 성남시,경기도,경기도,국내,12
지능범죄,직권남용,지능범죄,경기도 성남시,경기도,경기도,국내,33
지능범죄,증수뢰,지능범죄,경기도 성남시,경기도,경기도,국내,3
지능범죄,통화,지능범죄,경기도 성남시,경기도,경기도,국내,8
지능범죄,문서/인장,지능범죄,경기도 성남시,경기도,경기도,국내,222
지능범죄,유가증권인지,지능범죄,경기도 성남시,경기도,경기도,국내,0
지능범죄,사기,지능범죄,경기도 성남시,경기도,경기도,국내,7468
지능범죄,횡령,지능범죄,경기도 성남시,경기도,경기도,국내,1172
지능범죄,배임,지능범죄,경기도 성남시,경기도,경기도,국내,88
풍속범죄,성풍속범죄,기타(Top3외),경기도 성남시,경기도,경기도,국내,335
풍속범죄,도박범죄,기타(Top3외),경기도 성남시,경기도,경기도,국내,99
특별경제범죄,특별경제범죄,기타(Top3외),경기도 성남시,경기도,경기도,국내,2752
마약범죄,마약범죄,기타(Top3외),경기도 성남시,경기도,경기도,국내,112
보건범죄,보건범죄,기타(Top3외),경기도 성남시,경기도,경기도,국내,245
환경범죄,환경범죄,기타(Top3외),경기도 성남시,경기도,경기도,국내,13
교통범죄,교통범죄,교통범죄,경기도 성남시,경기도,경기도,국내,4035
노동범죄,노동범죄,기타(Top3외),경기도 성남시,경기도,경기도,국내,4
안보범죄,안보범죄,기타(Top3외),경기도 성남시,경기도,경기도,국내,1
선거범죄,선거범죄,기타(Top3외),경기도 성남시,경기도,경기도,국내,18
병역범죄,병역범죄,기타(Top3외),경기도 성남시,경기도,경기도,국내,194
기타범죄,기타범죄,기타범죄,경기도 성남시,경기도,경기도,국내,4891
강력범죄,살인기수,기타(Top3외),경기도 수원시,경기도,경기도,국내,8
강력범죄,살인미수등,기타(Top3외),경기도 수원시,경기도,경기도,국내,9
강력범죄,강도,기타(Top3외),경기도 수원시,경기도,경기도,국내,7
강력범죄,강간,기타(Top3외),경기도 수원시,경기도,경기도,국내,112
강력범죄,유사강간,기타(Top3외),경기도 수원시,경기도,경기도,국내,27
강력범죄,강제추행,기타(Top3외),경기도 수원시,경기도,경기도,국내,369
강력범죄,기타 강간/강제추행등,기타(Top3외),경기도 수원시,경기도,경기도,국내,3
강력범죄,방화,기타(Top3외),경기도 수원시,경기도,경기도,국내,16
절도범죄,절도범죄,기타(Top3외),경기도 수원시,경기도,경기도,국내,5042
폭력범죄,상해,기타(Top3외),경기도 수원시,경기도,경기도,국내,286
폭력범죄,폭행,기타(Top3외),경기도 수원시,경기도,경기도,국내,2792
폭력범죄,체포/감금,기타(Top3외),경기도 수원시,경기도,경기도,국내,20
폭력범죄,협박,기타(Top3외),경기도 수원시,경기도,경기도,국내,570
폭력범죄,약취/유인,기타(Top3외),경기도 수원시,경기도,경기도,국내,6
폭력범죄,폭력행위등,기타(Top3외),경기도 수원시,경기도,경기도,국내,106
폭력범죄,공갈,기타(Top3외),경기도 수원시,경기도,경기도,국내,115
폭력범죄,손괴,기타(Top3외),경기도 수원시,경기도,경기도,국내,1335
지능범죄,직무유기,지능범죄,경기도 수원시,경기도,경기도,국내,12
지능범죄,직권남용,지능범죄,경기도 수원시,경기도,경기도,국내,23
지능범죄,증수뢰,지능범죄,경기도 수원시,경기도,경기도,국내,10
지능범죄,통화,지능범죄,경기도 수원시,경기도,경기도,국내,11
지능범죄,문서/인장,지능범죄,경기도 수원시,경기도,경기도,국내,291
지능범죄,유가증권인지,지능범죄,경기도 수원시,경기도,경기도,국내,0
지능범죄,사기,지능범죄,경기도 수원시,경기도,경기도,국내,11536
지능범죄,횡령,지능범죄,경기도 수원시,경기도,경기도,국내,1435
지능범죄,배임,지능범죄,경기도 수원시,경기도,경기도,국내,63
풍속범죄,성풍속범죄,기타(Top3외),경기도 수원시,경기도,경기도,국내,767
풍속범죄,도박범죄,기타(Top3외),경기도 수원시,경기도,경기도,국내,445
특별경제범죄,특별경제범죄,기타(Top3외),경기도 수원시,경기도,경기도,국내,2408
마약범죄,마약범죄,기타(Top3외),경기도 수원시,경기도,경기도,국내,337
보건범죄,보건범죄,기타(Top3외),경기도 수원시,경기도,경기도,국내,190
환경범죄,환경범죄,기타(Top3외),경기도 수원시,경기도,경기도,국내,13
교통범죄,교통범죄,교통범죄,경기도 수원시,경기도,경기도,국내,5690
노동범죄,노동범죄,기타(Top3외),경기도 수원시,경기도,경기도,국내,3
안보범죄,안보범죄,기타(Top3외),경기도 수원시,경기도,경기도,국내,10
선거범죄,선거범죄,기타(Top3외),경기도 수원시,경기도,경기도,국내,22
병역범죄,병역범죄,기타(Top3외),경기도 수원시,경기도,경기도,국내,232
기타범죄,기타범죄,기타범죄,경기도 수원시,경기도,경기도,국내,6050
강력범죄,살인기수,기타(Top3외),경기도 시흥시,경기도,경기도,국내,1
강력범죄,살인미수등,기타(Top3외),경기도 시흥시,경기도,경기도,국내,11
강력범죄,강도,기타(Top3외),경기도 시흥시,경기도,경기도,국내,4
강력범죄,강간,기타(Top3외),경기도 시흥시,경기도,경기도,국내,51
강력범죄,유사강간,기타(Top3외),경기도 시흥시,경기도,경기도,국내,10
강력범죄,강제추행,기타(Top3외),경기도 시흥시,경기도,경기도,국내,135
강력범죄,기타 강간/강제추행등,기타(Top3외),경기도 시흥시,경기도,경기도,국내,1
강력범죄,방화,기타(Top3외),경기도 시흥시,경기도,경기도,국내,12
절도범죄,절도범죄,기타(Top3외),경기도 시흥시,경기도,경기도,국내,1726
폭력범죄,상해,기타(Top3외),경기도 시흥시,경기도,경기도,국내,158
폭력범죄,폭행,기타(Top3외),경기도 시흥시,경기도,경기도,국내,1356
폭력범죄,체포/감금,기타(Top3외),경기도 시흥시,경기도,경기도,국내,4
폭력범죄,협박,기타(Top3외),경기도 시흥시,경기도,경기도,국내,358
폭력범죄,약취/유인,기타(Top3외),경기도 시흥시,경기도,경기도,국내,3
폭력범죄,폭력행위등,기타(Top3외),경기도 시흥시,경기도,경기도,국내,67
폭력범죄,공갈,기타(Top3외),경기도 시흥시,경기도,경기도,국내,52
폭력범죄,손괴,기타(Top3외),경기도 시흥시,경기도,경기도,국내,600
지능범죄,직무유기,지능범죄,경기도 시흥시,경기도,경기도,국내,5
지능범죄,직권남용,지능범죄,경기도 시흥시,경기도,경기도,국내,14
지능범죄,증수뢰,지능범죄,경기도 시흥시,경기도,경기도,국내,0
지능범죄,통화,지능범죄,경기도 시흥시,경기도,경기도,국내,2
지능범죄,문서/인장,지능범죄,경기도 시흥시,경기도,경기도,국내,156
지능범죄,유가증권인지,지능범죄,경기도 시흥시,경기도,경기도,국내,0
지능범죄,사기,지능범죄,경기도 시흥시,경기도,경기도,국내,4323
지능범죄,횡령,지능범죄,경기도 시흥시,경기도,경기도,국내,635
지능범죄,배임,지능범죄,경기도 시흥시,경기도,경기도,국내,30
풍속범죄,성풍속범죄,기타(Top3외),경기도 시흥시,경기도,경기도,국내,196
풍속범죄,도박범죄,기타(Top3외),경기도 시흥시,경기도,경기도,국내,238
특별경제범죄,특별경제범죄,기타(Top3외),경기도 시흥시,경기도,경기도,국내,1190
마약범죄,마약범죄,기타(Top3외),경기도 시흥시,경기도,경기도,국내,195
보건범죄,보건범죄,기타(Top3외),경기도 시흥시,경기도,경기도,국내,89
환경범죄,환경범죄,기타(Top3외),경기도 시흥시,경기도,경기도,국내,40
교통범죄,교통범죄,교통범죄,경기도 시흥시,경기도,경기도,국내,4305
노동범죄,노동범죄,기타(Top3외),경기도 시흥시,경기도,경기도,국내,2
안보범죄,안보범죄,기타(Top3외),경기도 시흥시,경기도,경기도,국내,1
선거범죄,선거범죄,기타(Top3외),경기도 시흥시,경기도,경기도,국내,6
병역범죄,병역범죄,기타(Top3외),경기도 시흥시,경기도,경기도,국내,150
기타범죄,기타범죄,기타범죄,경기도 시흥시,경기도,경기도,국내,2726
강력범죄,살인기수,기타(Top3외),경기도 안산시,경기도,경기도,국내,6
강력범죄,살인미수등,기타(Top3외),경기도 안산시,경기도,경기도,국내,6
강력범죄,강도,기타(Top3외),경기도 안산시,경기도,경기도,국내,8
강력범죄,강간,기타(Top3외),경기도 안산시,경기도,경기도,국내,80
강력범죄,유사강간,기타(Top3외),경기도 안산시,경기도,경기도,국내,18
강력범죄,강제추행,기타(Top3외),경기도 안산시,경기도,경기도,국내,229
강력범죄,기타 강간/강제추행등,기타(Top3외),경기도 안산시,경기도,경기도,국내,1
강력범죄,방화,기타(Top3외),경기도 안산시,경기도,경기도,국내,15
절도범죄,절도범죄,기타(Top3외),경기도 안산시,경기도,경기도,국내,2722
폭력범죄,상해,기타(Top3외),경기도 안산시,경기도,경기도,국내,271
폭력범죄,폭행,기타(Top3외),경기도 안산시,경기도,경기도,국내,2034
폭력범죄,체포/감금,기타(Top3외),경기도 안산시,경기도,경기도,국내,14
폭력범죄,협박,기타(Top3외),경기도 안산시,경기도,경기도,국내,394
폭력범죄,약취/유인,기타(Top3외),경기도 안산시,경기도,경기도,국내,3
폭력범죄,폭력행위등,기타(Top3외),경기도 안산시,경기도,경기도,국내,108
폭력범죄,공갈,기타(Top3외),경기도 안산시,경기도,경기도,국내,67
폭력범죄,손괴,기타(Top3외),경기도 안산시,경기도,경기도,국내,846
지능범죄,직무유기,지능범죄,경기도 안산시,경기도,경기도,국내,13
지능범죄,직권남용,지능범죄,경기도 안산시,경기도,경기도,국내,19
지능범죄,증수뢰,지능범죄,경기도 안산시,경기도,경기도,국내,5
지능범죄,통화,지능범죄,경기도 안산시,경기도,경기도,국내,0
지능범죄,문서/인장,지능범죄,경기도 안산시,경기도,경기도,국내,159
지능범죄,유가증권인지,지능범죄,경기도 안산시,경기도,경기도,국내,1
지능범죄,사기,지능범죄,경기도 안산시,경기도,경기도,국내,6387
지능범죄,횡령,지능범죄,경기도 안산시,경기도,경기도,국내,799
지능범죄,배임,지능범죄,경기도 안산시,경기도,경기도,국내,35
풍속범죄,성풍속범죄,기타(Top3외),경기도 안산시,경기도,경기도,국내,293
풍속범죄,도박범죄,기타(Top3외),경기도 안산시,경기도,경기도,국내,107
특별경제범죄,특별경제범죄,기타(Top3외),경기도 안산시,경기도,경기도,국내,1417
마약범죄,마약범죄,기타(Top3외),경기도 안산시,경기도,경기도,국내,214
보건범죄,보건범죄,기타(Top3외),경기도 안산시,경기도,경기도,국내,168
환경범죄,환경범죄,기타(Top3외),경기도 안산시,경기도,경기도,국내,21
교통범죄,교통범죄,교통범죄,경기도 안산시,경기도,경기도,국내,4169
노동범죄,노동범죄,기타(Top3외),경기도 안산시,경기도,경기도,국내,1
안보범죄,안보범죄,기타(Top3외),경기도 안산시,경기도,경기도,국내,4
선거범죄,선거범죄,기타(Top3외),경기도 안산시,경기도,경기도,국내,18
병역범죄,병역범죄,기타(Top3외),경기도 안산시,경기도,경기도,국내,227
기타범죄,기타범죄,기타범죄,경기도 안산시,경기도,경기도,국내,4092
강력범죄,살인기수,기타(Top3외),경기도 안성시,경기도,경기도,국내,0
강력범죄,살인미수등,기타(Top3외),경기도 안성시,경기도,경기도,국내,3
강력범죄,강도,기타(Top3외),경기도 안성시,경기도,경기도,국내,0
강력범죄,강간,기타(Top3외),경기도 안성시,경기도,경기도,국내,16
강력범죄,유사강간,기타(Top3외),경기도 안성시,경기도,경기도,국내,2
강력범죄,강제추행,기타(Top3외),경기도 안성시,경기도,경기도,국내,39
강력범죄,기타 강간/강제추행등,기타(Top3외),경기도 안성시,경기도,경기도,국내,1
강력범죄,방화,기타(Top3외),경기도 안성시,경기도,경기도,국내,6
절도범죄,절도범죄,기타(Top3외),경기도 안성시,경기도,경기도,국내,680
폭력범죄,상해,기타(Top3외),경기도 안성시,경기도,경기도,국내,73
폭력범죄,폭행,기타(Top3외),경기도 안성시,경기도,경기도,국내,416
폭력범죄,체포/감금,기타(Top3외),경기도 안성시,경기도,경기도,국내,4
폭력범죄,협박,기타(Top3외),경기도 안성시,경기도,경기도,국내,97
폭력범죄,약취/유인,기타(Top3외),경기도 안성시,경기도,경기도,국내,1
폭력범죄,폭력행위등,기타(Top3외),경기도 안성시,경기도,경기도,국내,19
폭력범죄,공갈,기타(Top3외),경기도 안성시,경기도,경기도,국내,14
폭력범죄,손괴,기타(Top3외),경기도 안성시,경기도,경기도,국내,212
지능범죄,직무유기,지능범죄,경기도 안성시,경기도,경기도,국내,1
지능범죄,직권남용,지능범죄,경기도 안성시,경기도,경기도,국내,3
지능범죄,증수뢰,지능범죄,경기도 안성시,경기도,경기도,국내,0
지능범죄,통화,지능범죄,경기도 안성시,경기도,경기도,국내,2
지능범죄,문서/인장,지능범죄,경기도 안성시,경기도,경기도,국내,53
지능범죄,유가증권인지,지능범죄,경기도 안성시,경기도,경기도,국내,0
지능범죄,사기,지능범죄,경기도 안성시,경기도,경기도,국내,1498
지능범죄,횡령,지능범죄,경기도 안성시,경기도,경기도,국내,273
지능범죄,배임,지능범죄,경기도 안성시,경기도,경기도,국내,15
풍속범죄,성풍속범죄,기타(Top3외),경기도 안성시,경기도,경기도,국내,50
풍속범죄,도박범죄,기타(Top3외),경기도 안성시,경기도,경기도,국내,23
특별경제범죄,특별경제범죄,기타(Top3외),경기도 안성시,경기도,경기도,국내,424
마약범죄,마약범죄,기타(Top3외),경기도 안성시,경기도,경기도,국내,32
보건범죄,보건범죄,기타(Top3외),경기도 안성시,경기도,경기도,국내,44
환경범죄,환경범죄,기타(Top3외),경기도 안성시,경기도,경기도,국내,4
교통범죄,교통범죄,교통범죄,경기도 안성시,경기도,경기도,국내,1317
노동범죄,노동범죄,기타(Top3외),경기도 안성시,경기도,경기도,국내,1
안보범죄,안보범죄,기타(Top3외),경기도 안성시,경기도,경기도,국내,0
선거범죄,선거범죄,기타(Top3외),경기도 안성시,경기도,경기도,국내,5
병역범죄,병역범죄,기타(Top3외),경기도 안성시,경기도,경기도,국내,41
기타범죄,기타범죄,기타범죄,경기도 안성시,경기도,경기도,국내,955
강력범죄,살인기수,기타(Top3외),경기도 안양시,경기도,경기도,국내,0
강력범죄,살인미수등,기타(Top3외),경기도 안양시,경기도,경기도,국내,0
강력범죄,강도,기타(Top3외),경기도 안양시,경기도,경기도,국내,0
강력범죄,강간,기타(Top3외),경기도 안양시,경기도,경기도,국내,54
강력범죄,유사강간,기타(Top3외),경기도 안양시,경기도,경기도,국내,3
강력범죄,강제추행,기타(Top3외),경기도 안양시,경기도,경기도,국내,153
강력범죄,기타 강간/강제추행등,기타(Top3외),경기도 안양시,경기도,경기도,국내,0
강력범죄,방화,기타(Top3외),경기도 안양시,경기도,경기도,국내,13
절도범죄,절도범죄,기타(Top3외),경기도 안양시,경기도,경기도,국내,1596
폭력범죄,상해,기타(Top3외),경기도 안양시,경기도,경기도,국내,148
폭력범죄,폭행,기타(Top3외),경기도 안양시,경기도,경기도,국내,979
폭력범죄,체포/감금,기타(Top3외),경기도 안양시,경기도,경기도,국내,5
폭력범죄,협박,기타(Top3외),경기도 안양시,경기도,경기도,국내,202
폭력범죄,약취/유인,기타(Top3외),경기도 안양시,경기도,경기도,국내,2
폭력범죄,폭력행위등,기타(Top3외),경기도 안양시,경기도,경기도,국내,25
폭력범죄,공갈,기타(Top3외),경기도 안양시,경기도,경기도,국내,50
폭력범죄,손괴,기타(Top3외),경기도 안양시,경기도,경기도,국내,397
지능범죄,직무유기,지능범죄,경기도 안양시,경기도,경기도,국내,7
지능범죄,직권남용,지능범죄,경기도 안양시,경기도,경기도,국내,11
지능범죄,증수뢰,지능범죄,경기도 안양시,경기도,경기도,국내,2
지능범죄,통화,지능범죄,경기도 안양시,경기도,경기도,국내,5
지능범죄,문서/인장,지능범죄,경기도 안양시,경기도,경기도,국내,76
지능범죄,유가증권인지,지능범죄,경기도 안양시,경기도,경기도,국내,1
지능범죄,사기,지능범죄,경기도 안양시,경기도,경기도,국내,2936
지능범죄,횡령,지능범죄,경기도 안양시,경기도,경기도,국내,750
지능범죄,배임,지능범죄,경기도 안양시,경기도,경기도,국내,34
풍속범죄,성풍속범죄,기타(Top3외),경기도 안양시,경기도,경기도,국내,178
풍속범죄,도박범죄,기타(Top3외),경기도 안양시,경기도,경기도,국내,57
특별경제범죄,특별경제범죄,기타(Top3외),경기도 안양시,경기도,경기도,국내,889
마약범죄,마약범죄,기타(Top3외),경기도 안양시,경기도,경기도,국내,60
보건범죄,보건범죄,기타(Top3외),경기도 안양시,경기도,경기도,국내,53
환경범죄,환경범죄,기타(Top3외),경기도 안양시,경기도,경기도,국내,0
교통범죄,교통범죄,교통범죄,경기도 안양시,경기도,경기도,국내,1889
노동범죄,노동범죄,기타(Top3외),경기도 안양시,경기도,경기도,국내,2
안보범죄,안보범죄,기타(Top3외),경기도 안양시,경기도,경기도,국내,0
선거범죄,선거범죄,기타(Top3외),경기도 안양시,경기도,경기도,국내,19
병역범죄,병역범죄,기타(Top3외),경기도 안양시,경기도,경기도,국내,75
기타범죄,기타범죄,기타범죄,경기도 안양시,경기도,경기도,국내,2012
강력범죄,살인기수,기타(Top3외),경기도 양주시,경기도,경기도,국내,1
강력범죄,살인미수등,기타(Top3외),경기도 양주시,경기도,경기도,국내,1
강력범죄,강도,기타(Top3외),경기도 양주시,경기도,경기도,국내,4
강력범죄,강간,기타(Top3외),경기도 양주시,경기도,경기도,국내,18
강력범죄,유사강간,기타(Top3외),경기도 양주시,경기도,경기도,국내,5
강력범죄,강제추행,기타(Top3외),경기도 양주시,경기도,경기도,국내,65
강력범죄,기타 강간/강제추행등,기타(Top3외),경기도 양주시,경기도,경기도,국내,0
강력범죄,방화,기타(Top3외),경기도 양주시,경기도,경기도,국내,3
절도범죄,절도범죄,기타(Top3외),경기도 양주시,경기도,경기도,국내,660
폭력범죄,상해,기타(Top3외),경기도 양주시,경기도,경기도,국내,63
폭력범죄,폭행,기타(Top3외),경기도 양주시,경기도,경기도,국내,593
폭력범죄,체포/감금,기타(Top3외),경기도 양주시,경기도,경기도,국내,4
폭력범죄,협박,기타(Top3외),경기도 양주시,경기도,경기도,국내,137
폭력범죄,약취/유인,기타(Top3외),경기도 양주시,경기도,경기도,국내,0
폭력범죄,폭력행위등,기타(Top3외),경기도 양주시,경기도,경기도,국내,24
폭력범죄,공갈,기타(Top3외),경기도 양주시,경기도,경기도,국내,20
폭력범죄,손괴,기타(Top3외),경기도 양주시,경기도,경기도,국내,234
지능범죄,직무유기,지능범죄,경기도 양주시,경기도,경기도,국내,3
지능범죄,직권남용,지능범죄,경기도 양주시,경기도,경기도,국내,0
지능범죄,증수뢰,지능범죄,경기도 양주시,경기도,경기도,국내,0
지능범죄,통화,지능범죄,경기도 양주시,경기도,경기도,국내,2
지능범죄,문서/인장,지능범죄,경기도 양주시,경기도,경기도,국내,43
지능범죄,유가증권인지,지능범죄,경기도 양주시,경기도,경기도,국내,0
지능범죄,사기,지능범죄,경기도 양주시,경기도,경기도,국내,1744
지능범죄,횡령,지능범죄,경기도 양주시,경기도,경기도,국내,250
지능범죄,배임,지능범죄,경기도 양주시,경기도,경기도,국내,12
풍속범죄,성풍속범죄,기타(Top3외),경기도 양주시,경기도,경기도,국내,62
풍속범죄,도박범죄,기타(Top3외),경기도 양주시,경기도,경기도,국내,20
특별경제범죄,특별경제범죄,기타(Top3외),경기도 양주시,경기도,경기도,국내,409
마약범죄,마약범죄,기타(Top3외),경기도 양주시,경기도,경기도,국내,39
보건범죄,보건범죄,기타(Top3외),경기도 양주시,경기도,경기도,국내,39
환경범죄,환경범죄,기타(Top3외),경기도 양주시,경기도,경기도,국내,74
교통범죄,교통범죄,교통범죄,경기도 양주시,경기도,경기도,국내,1218
노동범죄,노동범죄,기타(Top3외),경기도 양주시,경기도,경기도,국내,0
안보범죄,안보범죄,기타(Top3외),경기도 양주시,경기도,경기도,국내,1
선거범죄,선거범죄,기타(Top3외),경기도 양주시,경기도,경기도,국내,7
병역범죄,병역범죄,기타(Top3외),경기도 양주시,경기도,경기도,국내,82
기타범죄,기타범죄,기타범죄,경기도 양주시,경기도,경기도,국내,1266
강력범죄,살인기수,기타(Top3외),경기도 여주시,경기도,경기도,국내,0
강력범죄,살인미수등,기타(Top3외),경기도 여주시,경기도,경기도,국내,0
강력범죄,강도,기타(Top3외),경기도 여주시,경기도,경기도,국내,0
강력범죄,강간,기타(Top3외),경기도 여주시,경기도,경기도,국내,8
강력범죄,유사강간,기타(Top3외),경기도 여주시,경기도,경기도,국내,2
강력범죄,강제추행,기타(Top3외),경기도 여주시,경기도,경기도,국내,36
강력범죄,기타 강간/강제추행등,기타(Top3외),경기도 여주시,경기도,경기도,국내,1
강력범죄,방화,기타(Top3외),경기도 여주시,경기도,경기도,국내,2
절도범죄,절도범죄,기타(Top3외),경기도 여주시,경기도,경기도,국내,298
폭력범죄,상해,기타(Top3외),경기도 여주시,경기도,경기도,국내,34
폭력범죄,폭행,기타(Top3외),경기도 여주시,경기도,경기도,국내,196
폭력범죄,체포/감금,기타(Top3외),경기도 여주시,경기도,경기도,국내,3
폭력범죄,협박,기타(Top3외),경기도 여주시,경기도,경기도,국내,75
폭력범죄,약취/유인,기타(Top3외),경기도 여주시,경기도,경기도,국내,0
폭력범죄,폭력행위등,기타(Top3외),경기도 여주시,경기도,경기도,국내,4
폭력범죄,공갈,기타(Top3외),경기도 여주시,경기도,경기도,국내,15
폭력범죄,손괴,기타(Top3외),경기도 여주시,경기도,경기도,국내,109
지능범죄,직무유기,지능범죄,경기도 여주시,경기도,경기도,국내,4
지능범죄,직권남용,지능범죄,경기도 여주시,경기도,경기도,국내,1
지능범죄,증수뢰,지능범죄,경기도 여주시,경기도,경기도,국내,0
지능범죄,통화,지능범죄,경기도 여주시,경기도,경기도,국내,0
지능범죄,문서/인장,지능범죄,경기도 여주시,경기도,경기도,국내,30
지능범죄,유가증권인지,지능범죄,경기도 여주시,경기도,경기도,국내,0
지능범죄,사기,지능범죄,경기도 여주시,경기도,경기도,국내,1070
지능범죄,횡령,지능범죄,경기도 여주시,경기도,경기도,국내,85
지능범죄,배임,지능범죄,경기도 여주시,경기도,경기도,국내,5
풍속범죄,성풍속범죄,기타(Top3외),경기도 여주시,경기도,경기도,국내,30
풍속범죄,도박범죄,기타(Top3외),경기도 여주시,경기도,경기도,국내,12
특별경제범죄,특별경제범죄,기타(Top3외),경기도 여주시,경기도,경기도,국내,203
마약범죄,마약범죄,기타(Top3외),경기도 여주시,경기도,경기도,국내,43
보건범죄,보건범죄,기타(Top3외),경기도 여주시,경기도,경기도,국내,14
환경범죄,환경범죄,기타(Top3외),경기도 여주시,경기도,경기도,국내,50
교통범죄,교통범죄,교통범죄,경기도 여주시,경기도,경기도,국내,913
노동범죄,노동범죄,기타(Top3외),경기도 여주시,경기도,경기도,국내,0
안보범죄,안보범죄,기타(Top3외),경기도 여주시,경기도,경기도,국내,0
선거범죄,선거범죄,기타(Top3외),경기도 여주시,경기도,경기도,국내,5
병역범죄,병역범죄,기타(Top3외),경기도 여주시,경기도,경기도,국내,15
기타범죄,기타범죄,기타범죄,경기도 여주시,경기도,경기도,국내,452
강력범죄,살인기수,기타(Top3외),경기도 오산시,경기도,경기도,국내,0
강력범죄,살인미수등,기타(Top3외),경기도 오산시,경기도,경기도,국내,3
강력범죄,강도,기타(Top3외),경기도 오산시,경기도,경기도,국내,1
강력범죄,강간,기타(Top3외),경기도 오산시,경기도,경기도,국내,27
강력범죄,유사강간,기타(Top3외),경기도 오산시,경기도,경기도,국내,1
강력범죄,강제추행,기타(Top3외),경기도 오산시,경기도,경기도,국내,63
강력범죄,기타 강간/강제추행등,기타(Top3외),경기도 오산시,경기도,경기도,국내,1
강력범죄,방화,기타(Top3외),경기도 오산시,경기도,경기도,국내,8
절도범죄,절도범죄,기타(Top3외),경기도 오산시,경기도,경기도,국내,953
폭력범죄,상해,기타(Top3외),경기도 오산시,경기도,경기도,국내,98
폭력범죄,폭행,기타(Top3외),경기도 오산시,경기도,경기도,국내,634
폭력범죄,체포/감금,기타(Top3외),경기도 오산시,경기도,경기도,국내,5
폭력범죄,협박,기타(Top3외),경기도 오산시,경기도,경기도,국내,103
폭력범죄,약취/유인,기타(Top3외),경기도 오산시,경기도,경기도,국내,4
폭력범죄,폭력행위등,기타(Top3외),경기도 오산시,경기도,경기도,국내,26
폭력범죄,공갈,기타(Top3외),경기도 오산시,경기도,경기도,국내,33
폭력범죄,손괴,기타(Top3외),경기도 오산시,경기도,경기도,국내,354
지능범죄,직무유기,지능범죄,경기도 오산시,경기도,경기도,국내,0
지능범죄,직권남용,지능범죄,경기도 오산시,경기도,경기도,국내,5
지능범죄,증수뢰,지능범죄,경기도 오산시,경기도,경기도,국내,1
지능범죄,통화,지능범죄,경기도 오산시,경기도,경기도,국내,1
지능범죄,문서/인장,지능범죄,경기도 오산시,경기도,경기도,국내,53
지능범죄,유가증권인지,지능범죄,경기도 오산시,경기도,경기도,국내,0
지능범죄,사기,지능범죄,경기도 오산시,경기도,경기도,국내,1981
지능범죄,횡령,지능범죄,경기도 오산시,경기도,경기도,국내,309
지능범죄,배임,지능범죄,경기도 오산시,경기도,경기도,국내,12
풍속범죄,성풍속범죄,기타(Top3외),경기도 오산시,경기도,경기도,국내,89
풍속범죄,도박범죄,기타(Top3외),경기도 오산시,경기도,경기도,국내,82
특별경제범죄,특별경제범죄,기타(Top3외),경기도 오산시,경기도,경기도,국내,514
마약범죄,마약범죄,기타(Top3외),경기도 오산시,경기도,경기도,국내,42
보건범죄,보건범죄,기타(Top3외),경기도 오산시,경기도,경기도,국내,44
환경범죄,환경범죄,기타(Top3외),경기도 오산시,경기도,경기도,국내,38
교통범죄,교통범죄,교통범죄,경기도 오산시,경기도,경기도,국내,1360
노동범죄,노동범죄,기타(Top3외),경기도 오산시,경기도,경기도,국내,0
안보범죄,안보범죄,기타(Top3외),경기도 오산시,경기도,경기도,국내,0
선거범죄,선거범죄,기타(Top3외),경기도 오산시,경기도,경기도,국내,5
병역범죄,병역범죄,기타(Top3외),경기도 오산시,경기도,경기도,국내,62
기타범죄,기타범죄,기타범죄,경기도 오산시,경기도,경기도,국내,1334
강력범죄,살인기수,기타(Top3외),경기도 용인시,경기도,경기도,국내,1
강력범죄,살인미수등,기타(Top3외),경기도 용인시,경기도,경기도,국내,11
강력범죄,강도,기타(Top3외),경기도 용인시,경기도,경기도,국내,1
강력범죄,강간,기타(Top3외),경기도 용인시,경기도,경기도,국내,49
강력범죄,유사강간,기타(Top3외),경기도 용인시,경기도,경기도,국내,11
강력범죄,강제추행,기타(Top3외),경기도 용인시,경기도,경기도,국내,193
강력범죄,기타 강간/강제추행등,기타(Top3외),경기도 용인시,경기도,경기도,국내,2
강력범죄,방화,기타(Top3외),경기도 용인시,경기도,경기도,국내,16
절도범죄,절도범죄,기타(Top3외),경기도 용인시,경기도,경기도,국내,3200
폭력범죄,상해,기타(Top3외),경기도 용인시,경기도,경기도,국내,194
폭력범죄,폭행,기타(Top3외),경기도 용인시,경기도,경기도,국내,1781
폭력범죄,체포/감금,기타(Top3외),경기도 용인시,경기도,경기도,국내,16
폭력범죄,협박,기타(Top3외),경기도 용인시,경기도,경기도,국내,360
폭력범죄,약취/유인,기타(Top3외),경기도 용인시,경기도,경기도,국내,4
폭력범죄,폭력행위등,기타(Top3외),경기도 용인시,경기도,경기도,국내,73
폭력범죄,공갈,기타(Top3외),경기도 용인시,경기도,경기도,국내,63
폭력범죄,손괴,기타(Top3외),경기도 용인시,경기도,경기도,국내,754
지능범죄,직무유기,지능범죄,경기도 용인시,경기도,경기도,국내,6
지능범죄,직권남용,지능범죄,경기도 용인시,경기도,경기도,국내,15
지능범죄,증수뢰,지능범죄,경기도 용인시,경기도,경기도,국내,8
지능범죄,통화,지능범죄,경기도 용인시,경기도,경기도,국내,5
지능범죄,문서/인장,지능범죄,경기도 용인시,경기도,경기도,국내,195
지능범죄,유가증권인지,지능범죄,경기도 용인시,경기도,경기도,국내,2
지능범죄,사기,지능범죄,경기도 용인시,경기도,경기도,국내,6964
지능범죄,횡령,지능범죄,경기도 용인시,경기도,경기도,국내,988
지능범죄,배임,지능범죄,경기도 용인시,경기도,경기도,국내,84
풍속범죄,성풍속범죄,기타(Top3외),경기도 용인시,경기도,경기도,국내,308
풍속범죄,도박범죄,기타(Top3외),경기도 용인시,경기도,경기도,국내,77
특별경제범죄,특별경제범죄,기타(Top3외),경기도 용인시,경기도,경기도,국내,1975
마약범죄,마약범죄,기타(Top3외),경기도 용인시,경기도,경기도,국내,83
보건범죄,보건범죄,기타(Top3외),경기도 용인시,경기도,경기도,국내,64
환경범죄,환경범죄,기타(Top3외),경기도 용인시,경기도,경기도,국내,77
교통범죄,교통범죄,교통범죄,경기도 용인시,경기도,경기도,국내,4013
노동범죄,노동범죄,기타(Top3외),경기도 용인시,경기도,경기도,국내,5
안보범죄,안보범죄,기타(Top3외),경기도 용인시,경기도,경기도,국내,1
선거범죄,선거범죄,기타(Top3외),경기도 용인시,경기도,경기도,국내,13
병역범죄,병역범죄,기타(Top3외),경기도 용인시,경기도,경기도,국내,160
기타범죄,기타범죄,기타범죄,경기도 용인시,경기도,경기도,국내,3733
강력범죄,살인기수,기타(Top3외),경기도 의왕시,경기도,경기도,국내,0
강력범죄,살인미수등,기타(Top3외),경기도 의왕시,경기도,경기도,국내,1
강력범죄,강도,기타(Top3외),경기도 의왕시,경기도,경기도,국내,0
강력범죄,강간,기타(Top3외),경기도 의왕시,경기도,경기도,국내,10
강력범죄,유사강간,기타(Top3외),경기도 의왕시,경기도,경기도,국내,0
강력범죄,강제추행,기타(Top3외),경기도 의왕시,경기도,경기도,국내,32
강력범죄,기타 강간/강제추행등,기타(Top3외),경기도 의왕시,경기도,경기도,국내,0
강력범죄,방화,기타(Top3외),경기도 의왕시,경기도,경기도,국내,0
절도범죄,절도범죄,기타(Top3외),경기도 의왕시,경기도,경기도,국내,237
폭력범죄,상해,기타(Top3외),경기도 의왕시,경기도,경기도,국내,29
폭력범죄,폭행,기타(Top3외),경기도 의왕시,경기도,경기도,국내,189
폭력범죄,체포/감금,기타(Top3외),경기도 의왕시,경기도,경기도,국내,1
폭력범죄,협박,기타(Top3외),경기도 의왕시,경기도,경기도,국내,52
폭력범죄,약취/유인,기타(Top3외),경기도 의왕시,경기도,경기도,국내,0
폭력범죄,폭력행위등,기타(Top3외),경기도 의왕시,경기도,경기도,국내,11
폭력범죄,공갈,기타(Top3외),경기도 의왕시,경기도,경기도,국내,21
폭력범죄,손괴,기타(Top3외),경기도 의왕시,경기도,경기도,국내,60
지능범죄,직무유기,지능범죄,경기도 의왕시,경기도,경기도,국내,8
지능범죄,직권남용,지능범죄,경기도 의왕시,경기도,경기도,국내,10
지능범죄,증수뢰,지능범죄,경기도 의왕시,경기도,경기도,국내,2
지능범죄,통화,지능범죄,경기도 의왕시,경기도,경기도,국내,1
지능범죄,문서/인장,지능범죄,경기도 의왕시,경기도,경기도,국내,28
지능범죄,유가증권인지,지능범죄,경기도 의왕시,경기도,경기도,국내,0
지능범죄,사기,지능범죄,경기도 의왕시,경기도,경기도,국내,883
지능범죄,횡령,지능범죄,경기도 의왕시,경기도,경기도,국내,81
지능범죄,배임,지능범죄,경기도 의왕시,경기도,경기도,국내,8
풍속범죄,성풍속범죄,기타(Top3외),경기도 의왕시,경기도,경기도,국내,36
풍속범죄,도박범죄,기타(Top3외),경기도 의왕시,경기도,경기도,국내,9
특별경제범죄,특별경제범죄,기타(Top3외),경기도 의왕시,경기도,경기도,국내,207
마약범죄,마약범죄,기타(Top3외),경기도 의왕시,경기도,경기도,국내,19
보건범죄,보건범죄,기타(Top3외),경기도 의왕시,경기도,경기도,국내,7
환경범죄,환경범죄,기타(Top3외),경기도 의왕시,경기도,경기도,국내,0
교통범죄,교통범죄,교통범죄,경기도 의왕시,경기도,경기도,국내,907
노동범죄,노동범죄,기타(Top3외),경기도 의왕시,경기도,경기도,국내,0
안보범죄,안보범죄,기타(Top3외),경기도 의왕시,경기도,경기도,국내,0
선거범죄,선거범죄,기타(Top3외),경기도 의왕시,경기도,경기도,국내,7
병역범죄,병역범죄,기타(Top3외),경기도 의왕시,경기도,경기도,국내,29
기타범죄,기타범죄,기타범죄,경기도 의왕시,경기도,경기도,국내,422
강력범죄,살인기수,기타(Top3외),경기도 의정부시,경기도,경기도,국내,2
강력범죄,살인미수등,기타(Top3외),경기도 의정부시,경기도,경기도,국내,3
강력범죄,강도,기타(Top3외),경기도 의정부시,경기도,경기도,국내,2
강력범죄,강간,기타(Top3외),경기도 의정부시,경기도,경기도,국내,43
강력범죄,유사강간,기타(Top3외),경기도 의정부시,경기도,경기도,국내,10
강력범죄,강제추행,기타(Top3외),경기도 의정부시,경기도,경기도,국내,130
강력범죄,기타 강간/강제추행등,기타(Top3외),경기도 의정부시,경기도,경기도,국내,1
강력범죄,방화,기타(Top3외),경기도 의정부시,경기도,경기도,국내,10
절도범죄,절도범죄,기타(Top3외),경기도 의정부시,경기도,경기도,국내,1475
폭력범죄,상해,기타(Top3외),경기도 의정부시,경기도,경기도,국내,140
폭력범죄,폭행,기타(Top3외),경기도 의정부시,경기도,경기도,국내,1324
폭력범죄,체포/감금,기타(Top3외),경기도 의정부시,경기도,경기도,국내,8
폭력범죄,협박,기타(Top3외),경기도 의정부시,경기도,경기도,국내,214
폭력범죄,약취/유인,기타(Top3외),경기도 의정부시,경기도,경기도,국내,3
폭력범죄,폭력행위등,기타(Top3외),경기도 의정부시,경기도,경기도,국내,33
폭력범죄,공갈,기타(Top3외),경기도 의정부시,경기도,경기도,국내,47
폭력범죄,손괴,기타(Top3외),경기도 의정부시,경기도,경기도,국내,360
지능범죄,직무유기,지능범죄,경기도 의정부시,경기도,경기도,국내,7
지능범죄,직권남용,지능범죄,경기도 의정부시,경기도,경기도,국내,13
지능범죄,증수뢰,지능범죄,경기도 의정부시,경기도,경기도,국내,0
지능범죄,통화,지능범죄,경기도 의정부시,경기도,경기도,국내,2
지능범죄,문서/인장,지능범죄,경기도 의정부시,경기도,경기도,국내,123
지능범죄,유가증권인지,지능범죄,경기도 의정부시,경기도,경기도,국내,0
지능범죄,사기,지능범죄,경기도 의정부시,경기도,경기도,국내,3595
지능범죄,횡령,지능범죄,경기도 의정부시,경기도,경기도,국내,656
지능범죄,배임,지능범죄,경기도 의정부시,경기도,경기도,국내,26
풍속범죄,성풍속범죄,기타(Top3외),경기도 의정부시,경기도,경기도,국내,199
풍속범죄,도박범죄,기타(Top3외),경기도 의정부시,경기도,경기도,국내,89
특별경제범죄,특별경제범죄,기타(Top3외),경기도 의정부시,경기도,경기도,국내,894
마약범죄,마약범죄,기타(Top3외),경기도 의정부시,경기도,경기도,국내,212
보건범죄,보건범죄,기타(Top3외),경기도 의정부시,경기도,경기도,국내,32
환경범죄,환경범죄,기타(Top3외),경기도 의정부시,경기도,경기도,국내,8
교통범죄,교통범죄,교통범죄,경기도 의정부시,경기도,경기도,국내,1699
노동범죄,노동범죄,기타(Top3외),경기도 의정부시,경기도,경기도,국내,2
안보범죄,안보범죄,기타(Top3외),경기도 의정부시,경기도,경기도,국내,17
선거범죄,선거범죄,기타(Top3외),경기도 의정부시,경기도,경기도,국내,9
병역범죄,병역범죄,기타(Top3외),경기도 의정부시,경기도,경기도,국내,130
기타범죄,기타범죄,기타범죄,경기도 의정부시,경기도,경기도,국내,2206
강력범죄,살인기수,기타(Top3외),경기도 이천시,경기도,경기도,국내,0
강력범죄,살인미수등,기타(Top3외),경기도 이천시,경기도,경기도,국내,1
강력범죄,강도,기타(Top3외),경기도 이천시,경기도,경기도,국내,1
강력범죄,강간,기타(Top3외),경기도 이천시,경기도,경기도,국내,14
강력범죄,유사강간,기타(Top3외),경기도 이천시,경기도,경기도,국내,4
강력범죄,강제추행,기타(Top3외),경기도 이천시,경기도,경기도,국내,65
강력범죄,기타 강간/강제추행등,기타(Top3외),경기도 이천시,경기도,경기도,국내,0
강력범죄,방화,기타(Top3외),경기도 이천시,경기도,경기도,국내,6
절도범죄,절도범죄,기타(Top3외),경기도 이천시,경기도,경기도,국내,605
폭력범죄,상해,기타(Top3외),경기도 이천시,경기도,경기도,국내,76
폭력범죄,폭행,기타(Top3외),경기도 이천시,경기도,경기도,국내,478
폭력범죄,체포/감금,기타(Top3외),경기도 이천시,경기도,경기도,국내,2
폭력범죄,협박,기타(Top3외),경기도 이천시,경기도,경기도,국내,98
폭력범죄,약취/유인,기타(Top3외),경기도 이천시,경기도,경기도,국내,1
폭력범죄,폭력행위등,기타(Top3외),경기도 이천시,경기도,경기도,국내,21
폭력범죄,공갈,기타(Top3외),경기도 이천시,경기도,경기도,국내,21
폭력범죄,손괴,기타(Top3외),경기도 이천시,경기도,경기도,국내,263
지능범죄,직무유기,지능범죄,경기도 이천시,경기도,경기도,국내,4
지능범죄,직권남용,지능범죄,경기도 이천시,경기도,경기도,국내,4
지능범죄,증수뢰,지능범죄,경기도 이천시,경기도,경기도,국내,1
지능범죄,통화,지능범죄,경기도 이천시,경기도,경기도,국내,1
지능범죄,문서/인장,지능범죄,경기도 이천시,경기도,경기도,국내,53
지능범죄,유가증권인지,지능범죄,경기도 이천시,경기도,경기도,국내,0
지능범죄,사기,지능범죄,경기도 이천시,경기도,경기도,국내,1918
지능범죄,횡령,지능범죄,경기도 이천시,경기도,경기도,국내,200
지능범죄,배임,지능범죄,경기도 이천시,경기도,경기도,국내,16
풍속범죄,성풍속범죄,기타(Top3외),경기도 이천시,경기도,경기도,국내,87
풍속범죄,도박범죄,기타(Top3외),경기도 이천시,경기도,경기도,국내,23
특별경제범죄,특별경제범죄,기타(Top3외),경기도 이천시,경기도,경기도,국내,329
마약범죄,마약범죄,기타(Top3외),경기도 이천시,경기도,경기도,국내,32
보건범죄,보건범죄,기타(Top3외),경기도 이천시,경기도,경기도,국내,31
환경범죄,환경범죄,기타(Top3외),경기도 이천시,경기도,경기도,국내,34
교통범죄,교통범죄,교통범죄,경기도 이천시,경기도,경기도,국내,1402
노동범죄,노동범죄,기타(Top3외),경기도 이천시,경기도,경기도,국내,0
안보범죄,안보범죄,기타(Top3외),경기도 이천시,경기도,경기도,국내,1
선거범죄,선거범죄,기타(Top3외),경기도 이천시,경기도,경기도,국내,11
병역범죄,병역범죄,기타(Top3외),경기도 이천시,경기도,경기도,국내,85
기타범죄,기타범죄,기타범죄,경기도 이천시,경기도,경기도,국내,1077
강력범죄,살인기수,기타(Top3외),경기도 파주시,경기도,경기도,국내,4
강력범죄,살인미수등,기타(Top3외),경기도 파주시,경기도,경기도,국내,7
강력범죄,강도,기타(Top3외),경기도 파주시,경기도,경기도,국내,6
강력범죄,강간,기타(Top3외),경기도 파주시,경기도,경기도,국내,44
강력범죄,유사강간,기타(Top3외),경기도 파주시,경기도,경기도,국내,6
강력범죄,강제추행,기타(Top3외),경기도 파주시,경기도,경기도,국내,121
강력범죄,기타 강간/강제추행등,기타(Top3외),경기도 파주시,경기도,경기도,국내,2
강력범죄,방화,기타(Top3외),경기도 파주시,경기도,경기도,국내,6
절도범죄,절도범죄,기타(Top3외),경기도 파주시,경기도,경기도,국내,1421
폭력범죄,상해,기타(Top3외),경기도 파주시,경기도,경기도,국내,135
폭력범죄,폭행,기타(Top3외),경기도 파주시,경기도,경기도,국내,1113
폭력범죄,체포/감금,기타(Top3외),경기도 파주시,경기도,경기도,국내,15
폭력범죄,협박,기타(Top3외),경기도 파주시,경기도,경기도,국내,257
폭력범죄,약취/유인,기타(Top3외),경기도 파주시,경기도,경기도,국내,1
폭력범죄,폭력행위등,기타(Top3외),경기도 파주시,경기도,경기도,국내,46
폭력범죄,공갈,기타(Top3외),경기도 파주시,경기도,경기도,국내,56
폭력범죄,손괴,기타(Top3외),경기도 파주시,경기도,경기도,국내,435
지능범죄,직무유기,지능범죄,경기도 파주시,경기도,경기도,국내,7
지능범죄,직권남용,지능범죄,경기도 파주시,경기도,경기도,국내,10
지능범죄,증수뢰,지능범죄,경기도 파주시,경기도,경기도,국내,0
지능범죄,통화,지능범죄,경기도 파주시,경기도,경기도,국내,9
지능범죄,문서/인장,지능범죄,경기도 파주시,경기도,경기도,국내,122
지능범죄,유가증권인지,지능범죄,경기도 파주시,경기도,경기도,국내,1
지능범죄,사기,지능범죄,경기도 파주시,경기도,경기도,국내,4848
지능범죄,횡령,지능범죄,경기도 파주시,경기도,경기도,국내,776
지능범죄,배임,지능범죄,경기도 파주시,경기도,경기도,국내,37
풍속범죄,성풍속범죄,기타(Top3외),경기도 파주시,경기도,경기도,국내,216
풍속범죄,도박범죄,기타(Top3외),경기도 파주시,경기도,경기도,국내,47
특별경제범죄,특별경제범죄,기타(Top3외),경기도 파주시,경기도,경기도,국내,1002
마약범죄,마약범죄,기타(Top3외),경기도 파주시,경기도,경기도,국내,177
보건범죄,보건범죄,기타(Top3외),경기도 파주시,경기도,경기도,국내,101
환경범죄,환경범죄,기타(Top3외),경기도 파주시,경기도,경기도,국내,96
교통범죄,교통범죄,교통범죄,경기도 파주시,경기도,경기도,국내,2113
노동범죄,노동범죄,기타(Top3외),경기도 파주시,경기도,경기도,국내,1
안보범죄,안보범죄,기타(Top3외),경기도 파주시,경기도,경기도,국내,3
선거범죄,선거범죄,기타(Top3외),경기도 파주시,경기도,경기도,국내,4
병역범죄,병역범죄,기타(Top3외),경기도 파주시,경기도,경기도,국내,100
기타범죄,기타범죄,기타범죄,경기도 파주시,경기도,경기도,국내,2495
강력범죄,살인기수,기타(Top3외),경기도 평택시,경기도,경기도,국내,4
강력범죄,살인미수등,기타(Top3외),경기도 평택시,경기도,경기도,국내,7
강력범죄,강도,기타(Top3외),경기도 평택시,경기도,경기도,국내,6
강력범죄,강간,기타(Top3외),경기도 평택시,경기도,경기도,국내,71
강력범죄,유사강간,기타(Top3외),경기도 평택시,경기도,경기도,국내,14
강력범죄,강제추행,기타(Top3외),경기도 평택시,경기도,경기도,국내,192
강력범죄,기타 강간/강제추행등,기타(Top3외),경기도 평택시,경기도,경기도,국내,3
강력범죄,방화,기타(Top3외),경기도 평택시,경기도,경기도,국내,10
절도범죄,절도범죄,기타(Top3외),경기도 평택시,경기도,경기도,국내,2436
폭력범죄,상해,기타(Top3외),경기도 평택시,경기도,경기도,국내,226
폭력범죄,폭행,기타(Top3외),경기도 평택시,경기도,경기도,국내,1940
폭력범죄,체포/감금,기타(Top3외),경기도 평택시,경기도,경기도,국내,18
폭력범죄,협박,기타(Top3외),경기도 평택시,경기도,경기도,국내,326
폭력범죄,약취/유인,기타(Top3외),경기도 평택시,경기도,경기도,국내,4
폭력범죄,폭력행위등,기타(Top3외),경기도 평택시,경기도,경기도,국내,87
폭력범죄,공갈,기타(Top3외),경기도 평택시,경기도,경기도,국내,66
폭력범죄,손괴,기타(Top3외),경기도 평택시,경기도,경기도,국내,751
지능범죄,직무유기,지능범죄,경기도 평택시,경기도,경기도,국내,5
지능범죄,직권남용,지능범죄,경기도 평택시,경기도,경기도,국내,17
지능범죄,증수뢰,지능범죄,경기도 평택시,경기도,경기도,국내,3
지능범죄,통화,지능범죄,경기도 평택시,경기도,경기도,국내,2
지능범죄,문서/인장,지능범죄,경기도 평택시,경기도,경기도,국내,145
지능범죄,유가증권인지,지능범죄,경기도 평택시,경기도,경기도,국내,0
지능범죄,사기,지능범죄,경기도 평택시,경기도,경기도,국내,6937
지능범죄,횡령,지능범죄,경기도 평택시,경기도,경기도,국내,654
지능범죄,배임,지능범죄,경기도 평택시,경기도,경기도,국내,47
풍속범죄,성풍속범죄,기타(Top3외),경기도 평택시,경기도,경기도,국내,239
풍속범죄,도박범죄,기타(Top3외),경기도 평택시,경기도,경기도,국내,649
특별경제범죄,특별경제범죄,기타(Top3외),경기도 평택시,경기도,경기도,국내,1519
마약범죄,마약범죄,기타(Top3외),경기도 평택시,경기도,경기도,국내,144
보건범죄,보건범죄,기타(Top3외),경기도 평택시,경기도,경기도,국내,123
환경범죄,환경범죄,기타(Top3외),경기도 평택시,경기도,경기도,국내,68
교통범죄,교통범죄,교통범죄,경기도 평택시,경기도,경기도,국내,5652
노동범죄,노동범죄,기타(Top3외),경기도 평택시,경기도,경기도,국내,6
안보범죄,안보범죄,기타(Top3외),경기도 평택시,경기도,경기도,국내,1
선거범죄,선거범죄,기타(Top3외),경기도 평택시,경기도,경기도,국내,13
병역범죄,병역범죄,기타(Top3외),경기도 평택시,경기도,경기도,국내,146
기타범죄,기타범죄,기타범죄,경기도 평택시,경기도,경기도,국내,4272
강력범죄,살인기수,기타(Top3외),경기도 포천시,경기도,경기도,국내,0
강력범죄,살인미수등,기타(Top3외),경기도 포천시,경기도,경기도,국내,1
강력범죄,강도,기타(Top3외),경기도 포천시,경기도,경기도,국내,1
강력범죄,강간,기타(Top3외),경기도 포천시,경기도,경기도,국내,17
강력범죄,유사강간,기타(Top3외),경기도 포천시,경기도,경기도,국내,4
강력범죄,강제추행,기타(Top3외),경기도 포천시,경기도,경기도,국내,43
강력범죄,기타 강간/강제추행등,기타(Top3외),경기도 포천시,경기도,경기도,국내,0
강력범죄,방화,기타(Top3외),경기도 포천시,경기도,경기도,국내,7
절도범죄,절도범죄,기타(Top3외),경기도 포천시,경기도,경기도,국내,411
폭력범죄,상해,기타(Top3외),경기도 포천시,경기도,경기도,국내,71
폭력범죄,폭행,기타(Top3외),경기도 포천시,경기도,경기도,국내,319
폭력범죄,체포/감금,기타(Top3외),경기도 포천시,경기도,경기도,국내,5
폭력범죄,협박,기타(Top3외),경기도 포천시,경기도,경기도,국내,87
폭력범죄,약취/유인,기타(Top3외),경기도 포천시,경기도,경기도,국내,0
폭력범죄,폭력행위등,기타(Top3외),경기도 포천시,경기도,경기도,국내,22
폭력범죄,공갈,기타(Top3외),경기도 포천시,경기도,경기도,국내,23
폭력범죄,손괴,기타(Top3외),경기도 포천시,경기도,경기도,국내,188
지능범죄,직무유기,지능범죄,경기도 포천시,경기도,경기도,국내,6
지능범죄,직권남용,지능범죄,경기도 포천시,경기도,경기도,국내,3
지능범죄,증수뢰,지능범죄,경기도 포천시,경기도,경기도,국내,0
지능범죄,통화,지능범죄,경기도 포천시,경기도,경기도,국내,1
지능범죄,문서/인장,지능범죄,경기도 포천시,경기도,경기도,국내,39
지능범죄,유가증권인지,지능범죄,경기도 포천시,경기도,경기도,국내,0
지능범죄,사기,지능범죄,경기도 포천시,경기도,경기도,국내,1183
지능범죄,횡령,지능범죄,경기도 포천시,경기도,경기도,국내,135
지능범죄,배임,지능범죄,경기도 포천시,경기도,경기도,국내,10
풍속범죄,성풍속범죄,기타(Top3외),경기도 포천시,경기도,경기도,국내,46
풍속범죄,도박범죄,기타(Top3외),경기도 포천시,경기도,경기도,국내,26
특별경제범죄,특별경제범죄,기타(Top3외),경기도 포천시,경기도,경기도,국내,302
마약범죄,마약범죄,기타(Top3외),경기도 포천시,경기도,경기도,국내,57
보건범죄,보건범죄,기타(Top3외),경기도 포천시,경기도,경기도,국내,23
환경범죄,환경범죄,기타(Top3외),경기도 포천시,경기도,경기도,국내,74
교통범죄,교통범죄,교통범죄,경기도 포천시,경기도,경기도,국내,915
노동범죄,노동범죄,기타(Top3외),경기도 포천시,경기도,경기도,국내,5
안보범죄,안보범죄,기타(Top3외),경기도 포천시,경기도,경기도,국내,1
선거범죄,선거범죄,기타(Top3외),경기도 포천시,경기도,경기도,국내,11
병역범죄,병역범죄,기타(Top3외),경기도 포천시,경기도,경기도,국내,59
기타범죄,기타범죄,기타범죄,경기도 포천시,경기도,경기도,국내,892
강력범죄,살인기수,기타(Top3외),경기도 하남시,경기도,경기도,국내,2
강력범죄,살인미수등,기타(Top3외),경기도 하남시,경기도,경기도,국내,2
강력범죄,강도,기타(Top3외),경기도 하남시,경기도,경기도,국내,1
강력범죄,강간,기타(Top3외),경기도 하남시,경기도,경기도,국내,22
강력범죄,유사강간,기타(Top3외),경기도 하남시,경기도,경기도,국내,2
강력범죄,강제추행,기타(Top3외),경기도 하남시,경기도,경기도,국내,55
강력범죄,기타 강간/강제추행등,기타(Top3외),경기도 하남시,경기도,경기도,국내,1
강력범죄,방화,기타(Top3외),경기도 하남시,경기도,경기도,국내,2
절도범죄,절도범죄,기타(Top3외),경기도 하남시,경기도,경기도,국내,876
폭력범죄,상해,기타(Top3외),경기도 하남시,경기도,경기도,국내,63
폭력범죄,폭행,기타(Top3외),경기도 하남시,경기도,경기도,국내,555
폭력범죄,체포/감금,기타(Top3외),경기도 하남시,경기도,경기도,국내,4
폭력범죄,협박,기타(Top3외),경기도 하남시,경기도,경기도,국내,96
폭력범죄,약취/유인,기타(Top3외),경기도 하남시,경기도,경기도,국내,2
폭력범죄,폭력행위등,기타(Top3외),경기도 하남시,경기도,경기도,국내,21
폭력범죄,공갈,기타(Top3외),경기도 하남시,경기도,경기도,국내,39
폭력범죄,손괴,기타(Top3외),경기도 하남시,경기도,경기도,국내,262
지능범죄,직무유기,지능범죄,경기도 하남시,경기도,경기도,국내,5
지능범죄,직권남용,지능범죄,경기도 하남시,경기도,경기도,국내,8
지능범죄,증수뢰,지능범죄,경기도 하남시,경기도,경기도,국내,3
지능범죄,통화,지능범죄,경기도 하남시,경기도,경기도,국내,2
지능범죄,문서/인장,지능범죄,경기도 하남시,경기도,경기도,국내,284
지능범죄,유가증권인지,지능범죄,경기도 하남시,경기도,경기도,국내,0
지능범죄,사기,지능범죄,경기도 하남시,경기도,경기도,국내,2557
지능범죄,횡령,지능범죄,경기도 하남시,경기도,경기도,국내,684
지능범죄,배임,지능범죄,경기도 하남시,경기도,경기도,국내,27
풍속범죄,성풍속범죄,기타(Top3외),경기도 하남시,경기도,경기도,국내,94
풍속범죄,도박범죄,기타(Top3외),경기도 하남시,경기도,경기도,국내,20
특별경제범죄,특별경제범죄,기타(Top3외),경기도 하남시,경기도,경기도,국내,604
마약범죄,마약범죄,기타(Top3외),경기도 하남시,경기도,경기도,국내,42
보건범죄,보건범죄,기타(Top3외),경기도 하남시,경기도,경기도,국내,47
환경범죄,환경범죄,기타(Top3외),경기도 하남시,경기도,경기도,국내,33
교통범죄,교통범죄,교통범죄,경기도 하남시,경기도,경기도,국내,1260
노동범죄,노동범죄,기타(Top3외),경기도 하남시,경기도,경기도,국내,3
안보범죄,안보범죄,기타(Top3외),경기도 하남시,경기도,경기도,국내,1
선거범죄,선거범죄,기타(Top3외),경기도 하남시,경기도,경기도,국내,12
병역범죄,병역범죄,기타(Top3외),경기도 하남시,경기도,경기도,국내,22
기타범죄,기타범죄,기타범죄,경기도 하남시,경기도,경기도,국내,1626
강력범죄,살인기수,기타(Top3외),경기도 화성시,경기도,경기도,국내,7
강력범죄,살인미수등,기타(Top3외),경기도 화성시,경기도,경기도,국내,7
강력범죄,강도,기타(Top3외),경기도 화성시,경기도,경기도,국내,7
강력범죄,강간,기타(Top3외),경기도 화성시,경기도,경기도,국내,56
강력범죄,유사강간,기타(Top3외),경기도 화성시,경기도,경기도,국내,14
강력범죄,강제추행,기타(Top3외),경기도 화성시,경기도,경기도,국내,191
강력범죄,기타 강간/강제추행등,기타(Top3외),경기도 화성시,경기도,경기도,국내,1
강력범죄,방화,기타(Top3외),경기도 화성시,경기도,경기도,국내,10
절도범죄,절도범죄,기타(Top3외),경기도 화성시,경기도,경기도,국내,2895
폭력범죄,상해,기타(Top3외),경기도 화성시,경기도,경기도,국내,224
폭력범죄,폭행,기타(Top3외),경기도 화성시,경기도,경기도,국내,1891
폭력범죄,체포/감금,기타(Top3외),경기도 화성시,경기도,경기도,국내,14
폭력범죄,협박,기타(Top3외),경기도 화성시,경기도,경기도,국내,374
폭력범죄,약취/유인,기타(Top3외),경기도 화성시,경기도,경기도,국내,7
폭력범죄,폭력행위등,기타(Top3외),경기도 화성시,경기도,경기도,국내,79
폭력범죄,공갈,기타(Top3외),경기도 화성시,경기도,경기도,국내,111
폭력범죄,손괴,기타(Top3외),경기도 화성시,경기도,경기도,국내,783
지능범죄,직무유기,지능범죄,경기도 화성시,경기도,경기도,국내,9
지능범죄,직권남용,지능범죄,경기도 화성시,경기도,경기도,국내,9
지능범죄,증수뢰,지능범죄,경기도 화성시,경기도,경기도,국내,2
지능범죄,통화,지능범죄,경기도 화성시,경기도,경기도,국내,5
지능범죄,문서/인장,지능범죄,경기도 화성시,경기도,경기도,국내,159
지능범죄,유가증권인지,지능범죄,경기도 화성시,경기도,경기도,국내,0
지능범죄,사기,지능범죄,경기도 화성시,경기도,경기도,국내,7096
지능범죄,횡령,지능범죄,경기도 화성시,경기도,경기도,국내,802
지능범죄,배임,지능범죄,경기도 화성시,경기도,경기도,국내,80
풍속범죄,성풍속범죄,기타(Top3외),경기도 화성시,경기도,경기도,국내,293
풍속범죄,도박범죄,기타(Top3외),경기도 화성시,경기도,경기도,국내,106
특별경제범죄,특별경제범죄,기타(Top3외),경기도 화성시,경기도,경기도,국내,2092
마약범죄,마약범죄,기타(Top3외),경기도 화성시,경기도,경기도,국내,151
보건범죄,보건범죄,기타(Top3외),경기도 화성시,경기도,경기도,국내,115
환경범죄,환경범죄,기타(Top3외),경기도 화성시,경기도,경기도,국내,277
교통범죄,교통범죄,교통범죄,경기도 화성시,경기도,경기도,국내,5194
노동범죄,노동범죄,기타(Top3외),경기도 화성시,경기도,경기도,국내,10
안보범죄,안보범죄,기타(Top3외),경기도 화성시,경기도,경기도,국내,2
선거범죄,선거범죄,기타(Top3외),경기도 화성시,경기도,경기도,국내,16
병역범죄,병역범죄,기타(Top3외),경기도 화성시,경기도,경기도,국내,202
기타범죄,기타범죄,기타범죄,경기도 화성시,경기도,경기도,국내,4009
강력범죄,살인기수,기타(Top3외),경기도 연천군,경기도,경기도,국내,1
강력범죄,살인미수등,기타(Top3외),경기도 연천군,경기도,경기도,국내,0
강력범죄,강도,기타(Top3외),경기도 연천군,경기도,경기도,국내,0
강력범죄,강간,기타(Top3외),경기도 연천군,경기도,경기도,국내,2
강력범죄,유사강간,기타(Top3외),경기도 연천군,경기도,경기도,국내,0
강력범죄,강제추행,기타(Top3외),경기도 연천군,경기도,경기도,국내,11
강력범죄,기타 강간/강제추행등,기타(Top3외),경기도 연천군,경기도,경기도,국내,0
강력범죄,방화,기타(Top3외),경기도 연천군,경기도,경기도,국내,0
절도범죄,절도범죄,기타(Top3외),경기도 연천군,경기도,경기도,국내,131
폭력범죄,상해,기타(Top3외),경기도 연천군,경기도,경기도,국내,37
폭력범죄,폭행,기타(Top3외),경기도 연천군,경기도,경기도,국내,127
폭력범죄,체포/감금,기타(Top3외),경기도 연천군,경기도,경기도,국내,2
폭력범죄,협박,기타(Top3외),경기도 연천군,경기도,경기도,국내,35
폭력범죄,약취/유인,기타(Top3외),경기도 연천군,경기도,경기도,국내,0
폭력범죄,폭력행위등,기타(Top3외),경기도 연천군,경기도,경기도,국내,7
폭력범죄,공갈,기타(Top3외),경기도 연천군,경기도,경기도,국내,18
폭력범죄,손괴,기타(Top3외),경기도 연천군,경기도,경기도,국내,52
지능범죄,직무유기,지능범죄,경기도 연천군,경기도,경기도,국내,4
지능범죄,직권남용,지능범죄,경기도 연천군,경기도,경기도,국내,5
지능범죄,증수뢰,지능범죄,경기도 연천군,경기도,경기도,국내,0
지능범죄,통화,지능범죄,경기도 연천군,경기도,경기도,국내,0
지능범죄,문서/인장,지능범죄,경기도 연천군,경기도,경기도,국내,8
지능범죄,유가증권인지,지능범죄,경기도 연천군,경기도,경기도,국내,0
지능범죄,사기,지능범죄,경기도 연천군,경기도,경기도,국내,340
지능범죄,횡령,지능범죄,경기도 연천군,경기도,경기도,국내,58
지능범죄,배임,지능범죄,경기도 연천군,경기도,경기도,국내,3
풍속범죄,성풍속범죄,기타(Top3외),경기도 연천군,경기도,경기도,국내,11
풍속범죄,도박범죄,기타(Top3외),경기도 연천군,경기도,경기도,국내,8
특별경제범죄,특별경제범죄,기타(Top3외),경기도 연천군,경기도,경기도,국내,75
마약범죄,마약범죄,기타(Top3외),경기도 연천군,경기도,경기도,국내,24
보건범죄,보건범죄,기타(Top3외),경기도 연천군,경기도,경기도,국내,10
환경범죄,환경범죄,기타(Top3외),경기도 연천군,경기도,경기도,국내,35
교통범죄,교통범죄,교통범죄,경기도 연천군,경기도,경기도,국내,164
노동범죄,노동범죄,기타(Top3외),경기도 연천군,경기도,경기도,국내,0
안보범죄,안보범죄,기타(Top3외),경기도 연천군,경기도,경기도,국내,0
선거범죄,선거범죄,기타(Top3외),경기도 연천군,경기도,경기도,국내,2
병역범죄,병역범죄,기타(Top3외),경기도 연천군,경기도,경기도,국내,5
기타범죄,기타범죄,기타범죄,경기도 연천군,경기도,경기도,국내,345
강력범죄,살인기수,기타(Top3외),경기도 가평군,경기도,경기도,국내,0
강력범죄,살인미수등,기타(Top3외),경기도 가평군,경기도,경기도,국내,1
강력범죄,강도,기타(Top3외),경기도 가평군,경기도,경기도,국내,0
강력범죄,강간,기타(Top3외),경기도 가평군,경기도,경기도,국내,6
강력범죄,유사강간,기타(Top3외),경기도 가평군,경기도,경기도,국내,2
강력범죄,강제추행,기타(Top3외),경기도 가평군,경기도,경기도,국내,25
강력범죄,기타 강간/강제추행등,기타(Top3외),경기도 가평군,경기도,경기도,국내,1
강력범죄,방화,기타(Top3외),경기도 가평군,경기도,경기도,국내,1
절도범죄,절도범죄,기타(Top3외),경기도 가평군,경기도,경기도,국내,139
폭력범죄,상해,기타(Top3외),경기도 가평군,경기도,경기도,국내,37
폭력범죄,폭행,기타(Top3외),경기도 가평군,경기도,경기도,국내,139
폭력범죄,체포/감금,기타(Top3외),경기도 가평군,경기도,경기도,국내,0
폭력범죄,협박,기타(Top3외),경기도 가평군,경기도,경기도,국내,31
폭력범죄,약취/유인,기타(Top3외),경기도 가평군,경기도,경기도,국내,0
폭력범죄,폭력행위등,기타(Top3외),경기도 가평군,경기도,경기도,국내,20
폭력범죄,공갈,기타(Top3외),경기도 가평군,경기도,경기도,국내,5
폭력범죄,손괴,기타(Top3외),경기도 가평군,경기도,경기도,국내,74
지능범죄,직무유기,지능범죄,경기도 가평군,경기도,경기도,국내,0
지능범죄,직권남용,지능범죄,경기도 가평군,경기도,경기도,국내,2
지능범죄,증수뢰,지능범죄,경기도 가평군,경기도,경기도,국내,1
지능범죄,통화,지능범죄,경기도 가평군,경기도,경기도,국내,1
지능범죄,문서/인장,지능범죄,경기도 가평군,경기도,경기도,국내,18
지능범죄,유가증권인지,지능범죄,경기도 가평군,경기도,경기도,국내,0
지능범죄,사기,지능범죄,경기도 가평군,경기도,경기도,국내,677
지능범죄,횡령,지능범죄,경기도 가평군,경기도,경기도,국내,74
지능범죄,배임,지능범죄,경기도 가평군,경기도,경기도,국내,6
풍속범죄,성풍속범죄,기타(Top3외),경기도 가평군,경기도,경기도,국내,17
풍속범죄,도박범죄,기타(Top3외),경기도 가평군,경기도,경기도,국내,7
특별경제범죄,특별경제범죄,기타(Top3외),경기도 가평군,경기도,경기도,국내,110
마약범죄,마약범죄,기타(Top3외),경기도 가평군,경기도,경기도,국내,8
보건범죄,보건범죄,기타(Top3외),경기도 가평군,경기도,경기도,국내,36
환경범죄,환경범죄,기타(Top3외),경기도 가평군,경기도,경기도,국내,19
교통범죄,교통범죄,교통범죄,경기도 가평군,경기도,경기도,국내,342
노동범죄,노동범죄,기타(Top3외),경기도 가평군,경기도,경기도,국내,0
안보범죄,안보범죄,기타(Top3외),경기도 가평군,경기도,경기도,국내,0
선거범죄,선거범죄,기타(Top3외),경기도 가평군,경기도,경기도,국내,3
병역범죄,병역범죄,기타(Top3외),경기도 가평군,경기도,경기도,국내,30
기타범죄,기타범죄,기타범죄,경기도 가평군,경기도,경기도,국내,482
강력범죄,살인기수,기타(Top3외),경기도 양평군,경기도,경기도,국내,1
강력범죄,살인미수등,기타(Top3외),경기도 양평군,경기도,경기도,국내,1
강력범죄,강도,기타(Top3외),경기도 양평군,경기도,경기도,국내,0
강력범죄,강간,기타(Top3외),경기도 양평군,경기도,경기도,국내,8
강력범죄,유사강간,기타(Top3외),경기도 양평군,경기도,경기도,국내,2
강력범죄,강제추행,기타(Top3외),경기도 양평군,경기도,경기도,국내,30
강력범죄,기타 강간/강제추행등,기타(Top3외),경기도 양평군,경기도,경기도,국내,0
강력범죄,방화,기타(Top3외),경기도 양평군,경기도,경기도,국내,3
절도범죄,절도범죄,기타(Top3외),경기도 양평군,경기도,경기도,국내,288
폭력범죄,상해,기타(Top3외),경기도 양평군,경기도,경기도,국내,42
폭력범죄,폭행,기타(Top3외),경기도 양평군,경기도,경기도,국내,184
폭력범죄,체포/감금,기타(Top3외),경기도 양평군,경기도,경기도,국내,2
폭력범죄,협박,기타(Top3외),경기도 양평군,경기도,경기도,국내,53
폭력범죄,약취/유인,기타(Top3외),경기도 양평군,경기도,경기도,국내,0
폭력범죄,폭력행위등,기타(Top3외),경기도 양평군,경기도,경기도,국내,7
폭력범죄,공갈,기타(Top3외),경기도 양평군,경기도,경기도,국내,18
폭력범죄,손괴,기타(Top3외),경기도 양평군,경기도,경기도,국내,177
지능범죄,직무유기,지능범죄,경기도 양평군,경기도,경기도,국내,4
지능범죄,직권남용,지능범죄,경기도 양평군,경기도,경기도,국내,3
지능범죄,증수뢰,지능범죄,경기도 양평군,경기도,경기도,국내,2
지능범죄,통화,지능범죄,경기도 양평군,경기도,경기도,국내,1
지능범죄,문서/인장,지능범죄,경기도 양평군,경기도,경기도,국내,48
지능범죄,유가증권인지,지능범죄,경기도 양평군,경기도,경기도,국내,0
지능범죄,사기,지능범죄,경기도 양평군,경기도,경기도,국내,1249
지능범죄,횡령,지능범죄,경기도 양평군,경기도,경기도,국내,135
지능범죄,배임,지능범죄,경기도 양평군,경기도,경기도,국내,17
풍속범죄,성풍속범죄,기타(Top3외),경기도 양평군,경기도,경기도,국내,27
풍속범죄,도박범죄,기타(Top3외),경기도 양평군,경기도,경기도,국내,7
특별경제범죄,특별경제범죄,기타(Top3외),경기도 양평군,경기도,경기도,국내,223
마약범죄,마약범죄,기타(Top3외),경기도 양평군,경기도,경기도,국내,15
보건범죄,보건범죄,기타(Top3외),경기도 양평군,경기도,경기도,국내,29
환경범죄,환경범죄,기타(Top3외),경기도 양평군,경기도,경기도,국내,19
교통범죄,교통범죄,교통범죄,경기도 양평군,경기도,경기도,국내,557
노동범죄,노동범죄,기타(Top3외),경기도 양평군,경기도,경기도,국내,1
안보범죄,안보범죄,기타(Top3외),경기도 양평군,경기도,경기도,국내,0
선거범죄,선거범죄,기타(Top3외),경기도 양평군,경기도,경기도,국내,6
병역범죄,병역범죄,기타(Top3외),경기도 양평군,경기도,경기도,국내,18
기타범죄,기타범죄,기타범죄,경기도 양평군,경기도,경기도,국내,620
강력범죄,살인기수,기타(Top3외),강원도 강릉시,강원도,기타(Top5외),국내,2
강력범죄,살인미수등,기타(Top3외),강원도 강릉시,강원도,기타(Top5외),국내,3
강력범죄,강도,기타(Top3외),강원도 강릉시,강원도,기타(Top5외),국내,1
강력범죄,강간,기타(Top3외),강원도 강릉시,강원도,기타(Top5외),국내,21
강력범죄,유사강간,기타(Top3외),강원도 강릉시,강원도,기타(Top5외),국내,3
강력범죄,강제추행,기타(Top3외),강원도 강릉시,강원도,기타(Top5외),국내,53
강력범죄,기타 강간/강제추행등,기타(Top3외),강원도 강릉시,강원도,기타(Top5외),국내,0
강력범죄,방화,기타(Top3외),강원도 강릉시,강원도,기타(Top5외),국내,6
절도범죄,절도범죄,기타(Top3외),강원도 강릉시,강원도,기타(Top5외),국내,649
폭력범죄,상해,기타(Top3외),강원도 강릉시,강원도,기타(Top5외),국내,104
폭력범죄,폭행,기타(Top3외),강원도 강릉시,강원도,기타(Top5외),국내,721
폭력범죄,체포/감금,기타(Top3외),강원도 강릉시,강원도,기타(Top5외),국내,1
폭력범죄,협박,기타(Top3외),강원도 강릉시,강원도,기타(Top5외),국내,89
폭력범죄,약취/유인,기타(Top3외),강원도 강릉시,강원도,기타(Top5외),국내,0
폭력범죄,폭력행위등,기타(Top3외),강원도 강릉시,강원도,기타(Top5외),국내,38
폭력범죄,공갈,기타(Top3외),강원도 강릉시,강원도,기타(Top5외),국내,27
폭력범죄,손괴,기타(Top3외),강원도 강릉시,강원도,기타(Top5외),국내,225
지능범죄,직무유기,지능범죄,강원도 강릉시,강원도,기타(Top5외),국내,7
지능범죄,직권남용,지능범죄,강원도 강릉시,강원도,기타(Top5외),국내,2
지능범죄,증수뢰,지능범죄,강원도 강릉시,강원도,기타(Top5외),국내,0
지능범죄,통화,지능범죄,강원도 강릉시,강원도,기타(Top5외),국내,1
지능범죄,문서/인장,지능범죄,강원도 강릉시,강원도,기타(Top5외),국내,35
지능범죄,유가증권인지,지능범죄,강원도 강릉시,강원도,기타(Top5외),국내,0
지능범죄,사기,지능범죄,강원도 강릉시,강원도,기타(Top5외),국내,1476
지능범죄,횡령,지능범죄,강원도 강릉시,강원도,기타(Top5외),국내,190
지능범죄,배임,지능범죄,강원도 강릉시,강원도,기타(Top5외),국내,12
풍속범죄,성풍속범죄,기타(Top3외),강원도 강릉시,강원도,기타(Top5외),국내,64
풍속범죄,도박범죄,기타(Top3외),강원도 강릉시,강원도,기타(Top5외),국내,64
특별경제범죄,특별경제범죄,기타(Top3외),강원도 강릉시,강원도,기타(Top5외),국내,286
마약범죄,마약범죄,기타(Top3외),강원도 강릉시,강원도,기타(Top5외),국내,35
보건범죄,보건범죄,기타(Top3외),강원도 강릉시,강원도,기타(Top5외),국내,36
환경범죄,환경범죄,기타(Top3외),강원도 강릉시,강원도,기타(Top5외),국내,2
교통범죄,교통범죄,교통범죄,강원도 강릉시,강원도,기타(Top5외),국내,1104
노동범죄,노동범죄,기타(Top3외),강원도 강릉시,강원도,기타(Top5외),국내,4
안보범죄,안보범죄,기타(Top3외),강원도 강릉시,강원도,기타(Top5외),국내,0
선거범죄,선거범죄,기타(Top3외),강원도 강릉시,강원도,기타(Top5외),국내,16
병역범죄,병역범죄,기타(Top3외),강원도 강릉시,강원도,기타(Top5외),국내,12
기타범죄,기타범죄,기타범죄,강원도 강릉시,강원도,기타(Top5외),국내,963
강력범죄,살인기수,기타(Top3외),강원도 동해시,강원도,기타(Top5외),국내,1
강력범죄,살인미수등,기타(Top3외),강원도 동해시,강원도,기타(Top5외),국내,0
강력범죄,강도,기타(Top3외),강원도 동해시,강원도,기타(Top5외),국내,0
강력범죄,강간,기타(Top3외),강원도 동해시,강원도,기타(Top5외),국내,4
강력범죄,유사강간,기타(Top3외),강원도 동해시,강원도,기타(Top5외),국내,1
강력범죄,강제추행,기타(Top3외),강원도 동해시,강원도,기타(Top5외),국내,21
강력범죄,기타 강간/강제추행등,기타(Top3외),강원도 동해시,강원도,기타(Top5외),국내,0
강력범죄,방화,기타(Top3외),강원도 동해시,강원도,기타(Top5외),국내,2
절도범죄,절도범죄,기타(Top3외),강원도 동해시,강원도,기타(Top5외),국내,188
폭력범죄,상해,기타(Top3외),강원도 동해시,강원도,기타(Top5외),국내,54
폭력범죄,폭행,기타(Top3외),강원도 동해시,강원도,기타(Top5외),국내,228
폭력범죄,체포/감금,기타(Top3외),강원도 동해시,강원도,기타(Top5외),국내,1
폭력범죄,협박,기타(Top3외),강원도 동해시,강원도,기타(Top5외),국내,36
폭력범죄,약취/유인,기타(Top3외),강원도 동해시,강원도,기타(Top5외),국내,1
폭력범죄,폭력행위등,기타(Top3외),강원도 동해시,강원도,기타(Top5외),국내,13
폭력범죄,공갈,기타(Top3외),강원도 동해시,강원도,기타(Top5외),국내,7
폭력범죄,손괴,기타(Top3외),강원도 동해시,강원도,기타(Top5외),국내,84
지능범죄,직무유기,지능범죄,강원도 동해시,강원도,기타(Top5외),국내,3
지능범죄,직권남용,지능범죄,강원도 동해시,강원도,기타(Top5외),국내,4
지능범죄,증수뢰,지능범죄,강원도 동해시,강원도,기타(Top5외),국내,1
지능범죄,통화,지능범죄,강원도 동해시,강원도,기타(Top5외),국내,1
지능범죄,문서/인장,지능범죄,강원도 동해시,강원도,기타(Top5외),국내,10
지능범죄,유가증권인지,지능범죄,강원도 동해시,강원도,기타(Top5외),국내,0
지능범죄,사기,지능범죄,강원도 동해시,강원도,기타(Top5외),국내,429
지능범죄,횡령,지능범죄,강원도 동해시,강원도,기타(Top5외),국내,48
지능범죄,배임,지능범죄,강원도 동해시,강원도,기타(Top5외),국내,5
풍속범죄,성풍속범죄,기타(Top3외),강원도 동해시,강원도,기타(Top5외),국내,15
풍속범죄,도박범죄,기타(Top3외),강원도 동해시,강원도,기타(Top5외),국내,22
특별경제범죄,특별경제범죄,기타(Top3외),강원도 동해시,강원도,기타(Top5외),국내,103
마약범죄,마약범죄,기타(Top3외),강원도 동해시,강원도,기타(Top5외),국내,4
보건범죄,보건범죄,기타(Top3외),강원도 동해시,강원도,기타(Top5외),국내,15
환경범죄,환경범죄,기타(Top3외),강원도 동해시,강원도,기타(Top5외),국내,1
교통범죄,교통범죄,교통범죄,강원도 동해시,강원도,기타(Top5외),국내,320
노동범죄,노동범죄,기타(Top3외),강원도 동해시,강원도,기타(Top5외),국내,0
안보범죄,안보범죄,기타(Top3외),강원도 동해시,강원도,기타(Top5외),국내,0
선거범죄,선거범죄,기타(Top3외),강원도 동해시,강원도,기타(Top5외),국내,1
병역범죄,병역범죄,기타(Top3외),강원도 동해시,강원도,기타(Top5외),국내,18
기타범죄,기타범죄,기타범죄,강원도 동해시,강원도,기타(Top5외),국내,325
강력범죄,살인기수,기타(Top3외),강원도 삼척시,강원도,기타(Top5외),국내,1
강력범죄,살인미수등,기타(Top3외),강원도 삼척시,강원도,기타(Top5외),국내,0
강력범죄,강도,기타(Top3외),강원도 삼척시,강원도,기타(Top5외),국내,0
강력범죄,강간,기타(Top3외),강원도 삼척시,강원도,기타(Top5외),국내,8
강력범죄,유사강간,기타(Top3외),강원도 삼척시,강원도,기타(Top5외),국내,1
강력범죄,강제추행,기타(Top3외),강원도 삼척시,강원도,기타(Top5외),국내,12
강력범죄,기타 강간/강제추행등,기타(Top3외),강원도 삼척시,강원도,기타(Top5외),국내,0
강력범죄,방화,기타(Top3외),강원도 삼척시,강원도,기타(Top5외),국내,2
절도범죄,절도범죄,기타(Top3외),강원도 삼척시,강원도,기타(Top5외),국내,167
폭력범죄,상해,기타(Top3외),강원도 삼척시,강원도,기타(Top5외),국내,29
폭력범죄,폭행,기타(Top3외),강원도 삼척시,강원도,기타(Top5외),국내,142
폭력범죄,체포/감금,기타(Top3외),강원도 삼척시,강원도,기타(Top5외),국내,1
폭력범죄,협박,기타(Top3외),강원도 삼척시,강원도,기타(Top5외),국내,43
폭력범죄,약취/유인,기타(Top3외),강원도 삼척시,강원도,기타(Top5외),국내,0
폭력범죄,폭력행위등,기타(Top3외),강원도 삼척시,강원도,기타(Top5외),국내,6
폭력범죄,공갈,기타(Top3외),강원도 삼척시,강원도,기타(Top5외),국내,9
폭력범죄,손괴,기타(Top3외),강원도 삼척시,강원도,기타(Top5외),국내,66
지능범죄,직무유기,지능범죄,강원도 삼척시,강원도,기타(Top5외),국내,0
지능범죄,직권남용,지능범죄,강원도 삼척시,강원도,기타(Top5외),국내,0
지능범죄,증수뢰,지능범죄,강원도 삼척시,강원도,기타(Top5외),국내,1
지능범죄,통화,지능범죄,강원도 삼척시,강원도,기타(Top5외),국내,0
지능범죄,문서/인장,지능범죄,강원도 삼척시,강원도,기타(Top5외),국내,10
지능범죄,유가증권인지,지능범죄,강원도 삼척시,강원도,기타(Top5외),국내,0
지능범죄,사기,지능범죄,강원도 삼척시,강원도,기타(Top5외),국내,428
지능범죄,횡령,지능범죄,강원도 삼척시,강원도,기타(Top5외),국내,47
지능범죄,배임,지능범죄,강원도 삼척시,강원도,기타(Top5외),국내,5
풍속범죄,성풍속범죄,기타(Top3외),강원도 삼척시,강원도,기타(Top5외),국내,20
풍속범죄,도박범죄,기타(Top3외),강원도 삼척시,강원도,기타(Top5외),국내,21
특별경제범죄,특별경제범죄,기타(Top3외),강원도 삼척시,강원도,기타(Top5외),국내,74
마약범죄,마약범죄,기타(Top3외),강원도 삼척시,강원도,기타(Top5외),국내,5
보건범죄,보건범죄,기타(Top3외),강원도 삼척시,강원도,기타(Top5외),국내,11
환경범죄,환경범죄,기타(Top3외),강원도 삼척시,강원도,기타(Top5외),국내,3
교통범죄,교통범죄,교통범죄,강원도 삼척시,강원도,기타(Top5외),국내,264
노동범죄,노동범죄,기타(Top3외),강원도 삼척시,강원도,기타(Top5외),국내,0
안보범죄,안보범죄,기타(Top3외),강원도 삼척시,강원도,기타(Top5외),국내,0
선거범죄,선거범죄,기타(Top3외),강원도 삼척시,강원도,기타(Top5외),국내,1
병역범죄,병역범죄,기타(Top3외),강원도 삼척시,강원도,기타(Top5외),국내,5
기타범죄,기타범죄,기타범죄,강원도 삼척시,강원도,기타(Top5외),국내,225
강력범죄,살인기수,기타(Top3외),강원도 속초시,강원도,기타(Top5외),국내,0
강력범죄,살인미수등,기타(Top3외),강원도 속초시,강원도,기타(Top5외),국내,0
강력범죄,강도,기타(Top3외),강원도 속초시,강원도,기타(Top5외),국내,0
강력범죄,강간,기타(Top3외),강원도 속초시,강원도,기타(Top5외),국내,13
강력범죄,유사강간,기타(Top3외),강원도 속초시,강원도,기타(Top5외),국내,0
강력범죄,강제추행,기타(Top3외),강원도 속초시,강원도,기타(Top5외),국내,28
강력범죄,기타 강간/강제추행등,기타(Top3외),강원도 속초시,강원도,기타(Top5외),국내,1
강력범죄,방화,기타(Top3외),강원도 속초시,강원도,기타(Top5외),국내,4
절도범죄,절도범죄,기타(Top3외),강원도 속초시,강원도,기타(Top5외),국내,264
폭력범죄,상해,기타(Top3외),강원도 속초시,강원도,기타(Top5외),국내,66
폭력범죄,폭행,기타(Top3외),강원도 속초시,강원도,기타(Top5외),국내,265
폭력범죄,체포/감금,기타(Top3외),강원도 속초시,강원도,기타(Top5외),국내,2
폭력범죄,협박,기타(Top3외),강원도 속초시,강원도,기타(Top5외),국내,50
폭력범죄,약취/유인,기타(Top3외),강원도 속초시,강원도,기타(Top5외),국내,0
폭력범죄,폭력행위등,기타(Top3외),강원도 속초시,강원도,기타(Top5외),국내,25
폭력범죄,공갈,기타(Top3외),강원도 속초시,강원도,기타(Top5외),국내,14
폭력범죄,손괴,기타(Top3외),강원도 속초시,강원도,기타(Top5외),국내,131
지능범죄,직무유기,지능범죄,강원도 속초시,강원도,기타(Top5외),국내,0
지능범죄,직권남용,지능범죄,강원도 속초시,강원도,기타(Top5외),국내,6
지능범죄,증수뢰,지능범죄,강원도 속초시,강원도,기타(Top5외),국내,0
지능범죄,통화,지능범죄,강원도 속초시,강원도,기타(Top5외),국내,1
지능범죄,문서/인장,지능범죄,강원도 속초시,강원도,기타(Top5외),국내,17
지능범죄,유가증권인지,지능범죄,강원도 속초시,강원도,기타(Top5외),국내,0
지능범죄,사기,지능범죄,강원도 속초시,강원도,기타(Top5외),국내,776
지능범죄,횡령,지능범죄,강원도 속초시,강원도,기타(Top5외),국내,141
지능범죄,배임,지능범죄,강원도 속초시,강원도,기타(Top5외),국내,4
풍속범죄,성풍속범죄,기타(Top3외),강원도 속초시,강원도,기타(Top5외),국내,23
풍속범죄,도박범죄,기타(Top3외),강원도 속초시,강원도,기타(Top5외),국내,161
특별경제범죄,특별경제범죄,기타(Top3외),강원도 속초시,강원도,기타(Top5외),국내,195
마약범죄,마약범죄,기타(Top3외),강원도 속초시,강원도,기타(Top5외),국내,33
보건범죄,보건범죄,기타(Top3외),강원도 속초시,강원도,기타(Top5외),국내,53
환경범죄,환경범죄,기타(Top3외),강원도 속초시,강원도,기타(Top5외),국내,7
교통범죄,교통범죄,교통범죄,강원도 속초시,강원도,기타(Top5외),국내,525
노동범죄,노동범죄,기타(Top3외),강원도 속초시,강원도,기타(Top5외),국내,0
안보범죄,안보범죄,기타(Top3외),강원도 속초시,강원도,기타(Top5외),국내,0
선거범죄,선거범죄,기타(Top3외),강원도 속초시,강원도,기타(Top5외),국내,2
병역범죄,병역범죄,기타(Top3외),강원도 속초시,강원도,기타(Top5외),국내,6
기타범죄,기타범죄,기타범죄,강원도 속초시,강원도,기타(Top5외),국내,433
강력범죄,살인기수,기타(Top3외),강원도 원주시,강원도,기타(Top5외),국내,0
강력범죄,살인미수등,기타(Top3외),강원도 원주시,강원도,기타(Top5외),국내,2
강력범죄,강도,기타(Top3외),강원도 원주시,강원도,기타(Top5외),국내,4
강력범죄,강간,기타(Top3외),강원도 원주시,강원도,기타(Top5외),국내,25
강력범죄,유사강간,기타(Top3외),강원도 원주시,강원도,기타(Top5외),국내,7
강력범죄,강제추행,기타(Top3외),강원도 원주시,강원도,기타(Top5외),국내,110
강력범죄,기타 강간/강제추행등,기타(Top3외),강원도 원주시,강원도,기타(Top5외),국내,2
강력범죄,방화,기타(Top3외),강원도 원주시,강원도,기타(Top5외),국내,6
절도범죄,절도범죄,기타(Top3외),강원도 원주시,강원도,기타(Top5외),국내,1125
폭력범죄,상해,기타(Top3외),강원도 원주시,강원도,기타(Top5외),국내,138
폭력범죄,폭행,기타(Top3외),강원도 원주시,강원도,기타(Top5외),국내,750
폭력범죄,체포/감금,기타(Top3외),강원도 원주시,강원도,기타(Top5외),국내,7
폭력범죄,협박,기타(Top3외),강원도 원주시,강원도,기타(Top5외),국내,181
폭력범죄,약취/유인,기타(Top3외),강원도 원주시,강원도,기타(Top5외),국내,1
폭력범죄,폭력행위등,기타(Top3외),강원도 원주시,강원도,기타(Top5외),국내,50
폭력범죄,공갈,기타(Top3외),강원도 원주시,강원도,기타(Top5외),국내,33
폭력범죄,손괴,기타(Top3외),강원도 원주시,강원도,기타(Top5외),국내,330
지능범죄,직무유기,지능범죄,강원도 원주시,강원도,기타(Top5외),국내,3
지능범죄,직권남용,지능범죄,강원도 원주시,강원도,기타(Top5외),국내,9
지능범죄,증수뢰,지능범죄,강원도 원주시,강원도,기타(Top5외),국내,3
지능범죄,통화,지능범죄,강원도 원주시,강원도,기타(Top5외),국내,2
지능범죄,문서/인장,지능범죄,강원도 원주시,강원도,기타(Top5외),국내,83
지능범죄,유가증권인지,지능범죄,강원도 원주시,강원도,기타(Top5외),국내,0
지능범죄,사기,지능범죄,강원도 원주시,강원도,기타(Top5외),국내,3000
지능범죄,횡령,지능범죄,강원도 원주시,강원도,기타(Top5외),국내,372
지능범죄,배임,지능범죄,강원도 원주시,강원도,기타(Top5외),국내,9
풍속범죄,성풍속범죄,기타(Top3외),강원도 원주시,강원도,기타(Top5외),국내,126
풍속범죄,도박범죄,기타(Top3외),강원도 원주시,강원도,기타(Top5외),국내,106
특별경제범죄,특별경제범죄,기타(Top3외),강원도 원주시,강원도,기타(Top5외),국내,548
마약범죄,마약범죄,기타(Top3외),강원도 원주시,강원도,기타(Top5외),국내,53
보건범죄,보건범죄,기타(Top3외),강원도 원주시,강원도,기타(Top5외),국내,27
환경범죄,환경범죄,기타(Top3외),강원도 원주시,강원도,기타(Top5외),국내,4
교통범죄,교통범죄,교통범죄,강원도 원주시,강원도,기타(Top5외),국내,2075
노동범죄,노동범죄,기타(Top3외),강원도 원주시,강원도,기타(Top5외),국내,1
안보범죄,안보범죄,기타(Top3외),강원도 원주시,강원도,기타(Top5외),국내,4
선거범죄,선거범죄,기타(Top3외),강원도 원주시,강원도,기타(Top5외),국내,8
병역범죄,병역범죄,기타(Top3외),강원도 원주시,강원도,기타(Top5외),국내,55
기타범죄,기타범죄,기타범죄,강원도 원주시,강원도,기타(Top5외),국내,2168
강력범죄,살인기수,기타(Top3외),강원도 춘천시,강원도,기타(Top5외),국내,0
강력범죄,살인미수등,기타(Top3외),강원도 춘천시,강원도,기타(Top5외),국내,3
강력범죄,강도,기타(Top3외),강원도 춘천시,강원도,기타(Top5외),국내,3
강력범죄,강간,기타(Top3외),강원도 춘천시,강원도,기타(Top5외),국내,27
강력범죄,유사강간,기타(Top3외),강원도 춘천시,강원도,기타(Top5외),국내,8
강력범죄,강제추행,기타(Top3외),강원도 춘천시,강원도,기타(Top5외),국내,62
강력범죄,기타 강간/강제추행등,기타(Top3외),강원도 춘천시,강원도,기타(Top5외),국내,1
강력범죄,방화,기타(Top3외),강원도 춘천시,강원도,기타(Top5외),국내,0
절도범죄,절도범죄,기타(Top3외),강원도 춘천시,강원도,기타(Top5외),국내,817
폭력범죄,상해,기타(Top3외),강원도 춘천시,강원도,기타(Top5외),국내,138
폭력범죄,폭행,기타(Top3외),강원도 춘천시,강원도,기타(Top5외),국내,544
폭력범죄,체포/감금,기타(Top3외),강원도 춘천시,강원도,기타(Top5외),국내,4
폭력범죄,협박,기타(Top3외),강원도 춘천시,강원도,기타(Top5외),국내,138
폭력범죄,약취/유인,기타(Top3외),강원도 춘천시,강원도,기타(Top5외),국내,2
폭력범죄,폭력행위등,기타(Top3외),강원도 춘천시,강원도,기타(Top5외),국내,34
폭력범죄,공갈,기타(Top3외),강원도 춘천시,강원도,기타(Top5외),국내,33
폭력범죄,손괴,기타(Top3외),강원도 춘천시,강원도,기타(Top5외),국내,265
지능범죄,직무유기,지능범죄,강원도 춘천시,강원도,기타(Top5외),국내,10
지능범죄,직권남용,지능범죄,강원도 춘천시,강원도,기타(Top5외),국내,15
지능범죄,증수뢰,지능범죄,강원도 춘천시,강원도,기타(Top5외),국내,5
지능범죄,통화,지능범죄,강원도 춘천시,강원도,기타(Top5외),국내,1
지능범죄,문서/인장,지능범죄,강원도 춘천시,강원도,기타(Top5외),국내,72
지능범죄,유가증권인지,지능범죄,강원도 춘천시,강원도,기타(Top5외),국내,0
지능범죄,사기,지능범죄,강원도 춘천시,강원도,기타(Top5외),국내,2170
지능범죄,횡령,지능범죄,강원도 춘천시,강원도,기타(Top5외),국내,285
지능범죄,배임,지능범죄,강원도 춘천시,강원도,기타(Top5외),국내,27
풍속범죄,성풍속범죄,기타(Top3외),강원도 춘천시,강원도,기타(Top5외),국내,110
풍속범죄,도박범죄,기타(Top3외),강원도 춘천시,강원도,기타(Top5외),국내,65
특별경제범죄,특별경제범죄,기타(Top3외),강원도 춘천시,강원도,기타(Top5외),국내,530
마약범죄,마약범죄,기타(Top3외),강원도 춘천시,강원도,기타(Top5외),국내,62
보건범죄,보건범죄,기타(Top3외),강원도 춘천시,강원도,기타(Top5외),국내,39
환경범죄,환경범죄,기타(Top3외),강원도 춘천시,강원도,기타(Top5외),국내,19
교통범죄,교통범죄,교통범죄,강원도 춘천시,강원도,기타(Top5외),국내,1612
노동범죄,노동범죄,기타(Top3외),강원도 춘천시,강원도,기타(Top5외),국내,1
안보범죄,안보범죄,기타(Top3외),강원도 춘천시,강원도,기타(Top5외),국내,2
선거범죄,선거범죄,기타(Top3외),강원도 춘천시,강원도,기타(Top5외),국내,14
병역범죄,병역범죄,기타(Top3외),강원도 춘천시,강원도,기타(Top5외),국내,33
기타범죄,기타범죄,기타범죄,강원도 춘천시,강원도,기타(Top5외),국내,1511
강력범죄,살인기수,기타(Top3외),강원도 태백시,강원도,기타(Top5외),국내,0
강력범죄,살인미수등,기타(Top3외),강원도 태백시,강원도,기타(Top5외),국내,0
강력범죄,강도,기타(Top3외),강원도 태백시,강원도,기타(Top5외),국내,1
강력범죄,강간,기타(Top3외),강원도 태백시,강원도,기타(Top5외),국내,3
강력범죄,유사강간,기타(Top3외),강원도 태백시,강원도,기타(Top5외),국내,0
강력범죄,강제추행,기타(Top3외),강원도 태백시,강원도,기타(Top5외),국내,8
강력범죄,기타 강간/강제추행등,기타(Top3외),강원도 태백시,강원도,기타(Top5외),국내,0
강력범죄,방화,기타(Top3외),강원도 태백시,강원도,기타(Top5외),국내,1
절도범죄,절도범죄,기타(Top3외),강원도 태백시,강원도,기타(Top5외),국내,120
폭력범죄,상해,기타(Top3외),강원도 태백시,강원도,기타(Top5외),국내,19
폭력범죄,폭행,기타(Top3외),강원도 태백시,강원도,기타(Top5외),국내,75
폭력범죄,체포/감금,기타(Top3외),강원도 태백시,강원도,기타(Top5외),국내,0
폭력범죄,협박,기타(Top3외),강원도 태백시,강원도,기타(Top5외),국내,19
폭력범죄,약취/유인,기타(Top3외),강원도 태백시,강원도,기타(Top5외),국내,0
폭력범죄,폭력행위등,기타(Top3외),강원도 태백시,강원도,기타(Top5외),국내,2
폭력범죄,공갈,기타(Top3외),강원도 태백시,강원도,기타(Top5외),국내,1
폭력범죄,손괴,기타(Top3외),강원도 태백시,강원도,기타(Top5외),국내,41
지능범죄,직무유기,지능범죄,강원도 태백시,강원도,기타(Top5외),국내,1
지능범죄,직권남용,지능범죄,강원도 태백시,강원도,기타(Top5외),국내,2
지능범죄,증수뢰,지능범죄,강원도 태백시,강원도,기타(Top5외),국내,0
지능범죄,통화,지능범죄,강원도 태백시,강원도,기타(Top5외),국내,0
지능범죄,문서/인장,지능범죄,강원도 태백시,강원도,기타(Top5외),국내,11
지능범죄,유가증권인지,지능범죄,강원도 태백시,강원도,기타(Top5외),국내,1
지능범죄,사기,지능범죄,강원도 태백시,강원도,기타(Top5외),국내,251
지능범죄,횡령,지능범죄,강원도 태백시,강원도,기타(Top5외),국내,31
지능범죄,배임,지능범죄,강원도 태백시,강원도,기타(Top5외),국내,0
풍속범죄,성풍속범죄,기타(Top3외),강원도 태백시,강원도,기타(Top5외),국내,6
풍속범죄,도박범죄,기타(Top3외),강원도 태백시,강원도,기타(Top5외),국내,9
특별경제범죄,특별경제범죄,기타(Top3외),강원도 태백시,강원도,기타(Top5외),국내,51
마약범죄,마약범죄,기타(Top3외),강원도 태백시,강원도,기타(Top5외),국내,5
보건범죄,보건범죄,기타(Top3외),강원도 태백시,강원도,기타(Top5외),국내,3
환경범죄,환경범죄,기타(Top3외),강원도 태백시,강원도,기타(Top5외),국내,1
교통범죄,교통범죄,교통범죄,강원도 태백시,강원도,기타(Top5외),국내,264
노동범죄,노동범죄,기타(Top3외),강원도 태백시,강원도,기타(Top5외),국내,0
안보범죄,안보범죄,기타(Top3외),강원도 태백시,강원도,기타(Top5외),국내,0
선거범죄,선거범죄,기타(Top3외),강원도 태백시,강원도,기타(Top5외),국내,4
병역범죄,병역범죄,기타(Top3외),강원도 태백시,강원도,기타(Top5외),국내,14
기타범죄,기타범죄,기타범죄,강원도 태백시,강원도,기타(Top5외),국내,118
강력범죄,살인기수,기타(Top3외),강원도 홍천군,강원도,기타(Top5외),국내,3
강력범죄,살인미수등,기타(Top3외),강원도 홍천군,강원도,기타(Top5외),국내,1
강력범죄,강도,기타(Top3외),강원도 홍천군,강원도,기타(Top5외),국내,0
강력범죄,강간,기타(Top3외),강원도 홍천군,강원도,기타(Top5외),국내,10
강력범죄,유사강간,기타(Top3외),강원도 홍천군,강원도,기타(Top5외),국내,2
강력범죄,강제추행,기타(Top3외),강원도 홍천군,강원도,기타(Top5외),국내,20
강력범죄,기타 강간/강제추행등,기타(Top3외),강원도 홍천군,강원도,기타(Top5외),국내,1
강력범죄,방화,기타(Top3외),강원도 홍천군,강원도,기타(Top5외),국내,0
절도범죄,절도범죄,기타(Top3외),강원도 홍천군,강원도,기타(Top5외),국내,177
폭력범죄,상해,기타(Top3외),강원도 홍천군,강원도,기타(Top5외),국내,26
폭력범죄,폭행,기타(Top3외),강원도 홍천군,강원도,기타(Top5외),국내,129
폭력범죄,체포/감금,기타(Top3외),강원도 홍천군,강원도,기타(Top5외),국내,0
폭력범죄,협박,기타(Top3외),강원도 홍천군,강원도,기타(Top5외),국내,35
폭력범죄,약취/유인,기타(Top3외),강원도 홍천군,강원도,기타(Top5외),국내,1
폭력범죄,폭력행위등,기타(Top3외),강원도 홍천군,강원도,기타(Top5외),국내,5
폭력범죄,공갈,기타(Top3외),강원도 홍천군,강원도,기타(Top5외),국내,13
폭력범죄,손괴,기타(Top3외),강원도 홍천군,강원도,기타(Top5외),국내,77
지능범죄,직무유기,지능범죄,강원도 홍천군,강원도,기타(Top5외),국내,1
지능범죄,직권남용,지능범죄,강원도 홍천군,강원도,기타(Top5외),국내,2
지능범죄,증수뢰,지능범죄,강원도 홍천군,강원도,기타(Top5외),국내,0
지능범죄,통화,지능범죄,강원도 홍천군,강원도,기타(Top5외),국내,0
지능범죄,문서/인장,지능범죄,강원도 홍천군,강원도,기타(Top5외),국내,24
지능범죄,유가증권인지,지능범죄,강원도 홍천군,강원도,기타(Top5외),국내,0
지능범죄,사기,지능범죄,강원도 홍천군,강원도,기타(Top5외),국내,438
지능범죄,횡령,지능범죄,강원도 홍천군,강원도,기타(Top5외),국내,56
지능범죄,배임,지능범죄,강원도 홍천군,강원도,기타(Top5외),국내,6
풍속범죄,성풍속범죄,기타(Top3외),강원도 홍천군,강원도,기타(Top5외),국내,14
풍속범죄,도박범죄,기타(Top3외),강원도 홍천군,강원도,기타(Top5외),국내,5
특별경제범죄,특별경제범죄,기타(Top3외),강원도 홍천군,강원도,기타(Top5외),국내,71
마약범죄,마약범죄,기타(Top3외),강원도 홍천군,강원도,기타(Top5외),국내,11
보건범죄,보건범죄,기타(Top3외),강원도 홍천군,강원도,기타(Top5외),국내,16
환경범죄,환경범죄,기타(Top3외),강원도 홍천군,강원도,기타(Top5외),국내,5
교통범죄,교통범죄,교통범죄,강원도 홍천군,강원도,기타(Top5외),국내,384
노동범죄,노동범죄,기타(Top3외),강원도 홍천군,강원도,기타(Top5외),국내,1
안보범죄,안보범죄,기타(Top3외),강원도 홍천군,강원도,기타(Top5외),국내,0
선거범죄,선거범죄,기타(Top3외),강원도 홍천군,강원도,기타(Top5외),국내,6
병역범죄,병역범죄,기타(Top3외),강원도 홍천군,강원도,기타(Top5외),국내,30
기타범죄,기타범죄,기타범죄,강원도 홍천군,강원도,기타(Top5외),국내,341
강력범죄,살인기수,기타(Top3외),강원도 횡성군,강원도,기타(Top5외),국내,0
강력범죄,살인미수등,기타(Top3외),강원도 횡성군,강원도,기타(Top5외),국내,1
강력범죄,강도,기타(Top3외),강원도 횡성군,강원도,기타(Top5외),국내,1
강력범죄,강간,기타(Top3외),강원도 횡성군,강원도,기타(Top5외),국내,5
강력범죄,유사강간,기타(Top3외),강원도 횡성군,강원도,기타(Top5외),국내,0
강력범죄,강제추행,기타(Top3외),강원도 횡성군,강원도,기타(Top5외),국내,8
강력범죄,기타 강간/강제추행등,기타(Top3외),강원도 횡성군,강원도,기타(Top5외),국내,0
강력범죄,방화,기타(Top3외),강원도 횡성군,강원도,기타(Top5외),국내,0
절도범죄,절도범죄,기타(Top3외),강원도 횡성군,강원도,기타(Top5외),국내,102
폭력범죄,상해,기타(Top3외),강원도 횡성군,강원도,기타(Top5외),국내,27
폭력범죄,폭행,기타(Top3외),강원도 횡성군,강원도,기타(Top5외),국내,50
폭력범죄,체포/감금,기타(Top3외),강원도 횡성군,강원도,기타(Top5외),국내,0
폭력범죄,협박,기타(Top3외),강원도 횡성군,강원도,기타(Top5외),국내,14
폭력범죄,약취/유인,기타(Top3외),강원도 횡성군,강원도,기타(Top5외),국내,0
폭력범죄,폭력행위등,기타(Top3외),강원도 횡성군,강원도,기타(Top5외),국내,2
폭력범죄,공갈,기타(Top3외),강원도 횡성군,강원도,기타(Top5외),국내,4
폭력범죄,손괴,기타(Top3외),강원도 횡성군,강원도,기타(Top5외),국내,40
지능범죄,직무유기,지능범죄,강원도 횡성군,강원도,기타(Top5외),국내,0
지능범죄,직권남용,지능범죄,강원도 횡성군,강원도,기타(Top5외),국내,4
지능범죄,증수뢰,지능범죄,강원도 횡성군,강원도,기타(Top5외),국내,1
지능범죄,통화,지능범죄,강원도 횡성군,강원도,기타(Top5외),국내,0
지능범죄,문서/인장,지능범죄,강원도 횡성군,강원도,기타(Top5외),국내,8
지능범죄,유가증권인지,지능범죄,강원도 횡성군,강원도,기타(Top5외),국내,0
지능범죄,사기,지능범죄,강원도 횡성군,강원도,기타(Top5외),국내,247
지능범죄,횡령,지능범죄,강원도 횡성군,강원도,기타(Top5외),국내,28
지능범죄,배임,지능범죄,강원도 횡성군,강원도,기타(Top5외),국내,4
풍속범죄,성풍속범죄,기타(Top3외),강원도 횡성군,강원도,기타(Top5외),국내,8
풍속범죄,도박범죄,기타(Top3외),강원도 횡성군,강원도,기타(Top5외),국내,3
특별경제범죄,특별경제범죄,기타(Top3외),강원도 횡성군,강원도,기타(Top5외),국내,57
마약범죄,마약범죄,기타(Top3외),강원도 횡성군,강원도,기타(Top5외),국내,7
보건범죄,보건범죄,기타(Top3외),강원도 횡성군,강원도,기타(Top5외),국내,13
환경범죄,환경범죄,기타(Top3외),강원도 횡성군,강원도,기타(Top5외),국내,4
교통범죄,교통범죄,교통범죄,강원도 횡성군,강원도,기타(Top5외),국내,277
노동범죄,노동범죄,기타(Top3외),강원도 횡성군,강원도,기타(Top5외),국내,0
안보범죄,안보범죄,기타(Top3외),강원도 횡성군,강원도,기타(Top5외),국내,0
선거범죄,선거범죄,기타(Top3외),강원도 횡성군,강원도,기타(Top5외),국내,1
병역범죄,병역범죄,기타(Top3외),강원도 횡성군,강원도,기타(Top5외),국내,7
기타범죄,기타범죄,기타범죄,강원도 횡성군,강원도,기타(Top5외),국내,186
강력범죄,살인기수,기타(Top3외),강원도 영월군,강원도,기타(Top5외),국내,0
강력범죄,살인미수등,기타(Top3외),강원도 영월군,강원도,기타(Top5외),국내,0
강력범죄,강도,기타(Top3외),강원도 영월군,강원도,기타(Top5외),국내,0
강력범죄,강간,기타(Top3외),강원도 영월군,강원도,기타(Top5외),국내,3
강력범죄,유사강간,기타(Top3외),강원도 영월군,강원도,기타(Top5외),국내,0
강력범죄,강제추행,기타(Top3외),강원도 영월군,강원도,기타(Top5외),국내,10
강력범죄,기타 강간/강제추행등,기타(Top3외),강원도 영월군,강원도,기타(Top5외),국내,0
강력범죄,방화,기타(Top3외),강원도 영월군,강원도,기타(Top5외),국내,1
절도범죄,절도범죄,기타(Top3외),강원도 영월군,강원도,기타(Top5외),국내,68
폭력범죄,상해,기타(Top3외),강원도 영월군,강원도,기타(Top5외),국내,13
폭력범죄,폭행,기타(Top3외),강원도 영월군,강원도,기타(Top5외),국내,76
폭력범죄,체포/감금,기타(Top3외),강원도 영월군,강원도,기타(Top5외),국내,0
폭력범죄,협박,기타(Top3외),강원도 영월군,강원도,기타(Top5외),국내,21
폭력범죄,약취/유인,기타(Top3외),강원도 영월군,강원도,기타(Top5외),국내,0
폭력범죄,폭력행위등,기타(Top3외),강원도 영월군,강원도,기타(Top5외),국내,9
폭력범죄,공갈,기타(Top3외),강원도 영월군,강원도,기타(Top5외),국내,6
폭력범죄,손괴,기타(Top3외),강원도 영월군,강원도,기타(Top5외),국내,36
지능범죄,직무유기,지능범죄,강원도 영월군,강원도,기타(Top5외),국내,0
지능범죄,직권남용,지능범죄,강원도 영월군,강원도,기타(Top5외),국내,1
지능범죄,증수뢰,지능범죄,강원도 영월군,강원도,기타(Top5외),국내,0
지능범죄,통화,지능범죄,강원도 영월군,강원도,기타(Top5외),국내,1
지능범죄,문서/인장,지능범죄,강원도 영월군,강원도,기타(Top5외),국내,4
지능범죄,유가증권인지,지능범죄,강원도 영월군,강원도,기타(Top5외),국내,0
지능범죄,사기,지능범죄,강원도 영월군,강원도,기타(Top5외),국내,213
지능범죄,횡령,지능범죄,강원도 영월군,강원도,기타(Top5외),국내,45
지능범죄,배임,지능범죄,강원도 영월군,강원도,기타(Top5외),국내,1
풍속범죄,성풍속범죄,기타(Top3외),강원도 영월군,강원도,기타(Top5외),국내,12
풍속범죄,도박범죄,기타(Top3외),강원도 영월군,강원도,기타(Top5외),국내,10
특별경제범죄,특별경제범죄,기타(Top3외),강원도 영월군,강원도,기타(Top5외),국내,55
마약범죄,마약범죄,기타(Top3외),강원도 영월군,강원도,기타(Top5외),국내,9
보건범죄,보건범죄,기타(Top3외),강원도 영월군,강원도,기타(Top5외),국내,3
환경범죄,환경범죄,기타(Top3외),강원도 영월군,강원도,기타(Top5외),국내,1
교통범죄,교통범죄,교통범죄,강원도 영월군,강원도,기타(Top5외),국내,209
노동범죄,노동범죄,기타(Top3외),강원도 영월군,강원도,기타(Top5외),국내,0
안보범죄,안보범죄,기타(Top3외),강원도 영월군,강원도,기타(Top5외),국내,0
선거범죄,선거범죄,기타(Top3외),강원도 영월군,강원도,기타(Top5외),국내,3
병역범죄,병역범죄,기타(Top3외),강원도 영월군,강원도,기타(Top5외),국내,6
기타범죄,기타범죄,기타범죄,강원도 영월군,강원도,기타(Top5외),국내,169
강력범죄,살인기수,기타(Top3외),강원도 평창군,강원도,기타(Top5외),국내,0
강력범죄,살인미수등,기타(Top3외),강원도 평창군,강원도,기타(Top5외),국내,0
강력범죄,강도,기타(Top3외),강원도 평창군,강원도,기타(Top5외),국내,0
강력범죄,강간,기타(Top3외),강원도 평창군,강원도,기타(Top5외),국내,4
강력범죄,유사강간,기타(Top3외),강원도 평창군,강원도,기타(Top5외),국내,0
강력범죄,강제추행,기타(Top3외),강원도 평창군,강원도,기타(Top5외),국내,4
강력범죄,기타 강간/강제추행등,기타(Top3외),강원도 평창군,강원도,기타(Top5외),국내,0
강력범죄,방화,기타(Top3외),강원도 평창군,강원도,기타(Top5외),국내,3
절도범죄,절도범죄,기타(Top3외),강원도 평창군,강원도,기타(Top5외),국내,82
폭력범죄,상해,기타(Top3외),강원도 평창군,강원도,기타(Top5외),국내,24
폭력범죄,폭행,기타(Top3외),강원도 평창군,강원도,기타(Top5외),국내,70
폭력범죄,체포/감금,기타(Top3외),강원도 평창군,강원도,기타(Top5외),국내,0
폭력범죄,협박,기타(Top3외),강원도 평창군,강원도,기타(Top5외),국내,23
폭력범죄,약취/유인,기타(Top3외),강원도 평창군,강원도,기타(Top5외),국내,0
폭력범죄,폭력행위등,기타(Top3외),강원도 평창군,강원도,기타(Top5외),국내,3
폭력범죄,공갈,기타(Top3외),강원도 평창군,강원도,기타(Top5외),국내,7
폭력범죄,손괴,기타(Top3외),강원도 평창군,강원도,기타(Top5외),국내,46
지능범죄,직무유기,지능범죄,강원도 평창군,강원도,기타(Top5외),국내,0
지능범죄,직권남용,지능범죄,강원도 평창군,강원도,기타(Top5외),국내,0
지능범죄,증수뢰,지능범죄,강원도 평창군,강원도,기타(Top5외),국내,2
지능범죄,통화,지능범죄,강원도 평창군,강원도,기타(Top5외),국내,0
지능범죄,문서/인장,지능범죄,강원도 평창군,강원도,기타(Top5외),국내,7
지능범죄,유가증권인지,지능범죄,강원도 평창군,강원도,기타(Top5외),국내,0
지능범죄,사기,지능범죄,강원도 평창군,강원도,기타(Top5외),국내,248
지능범죄,횡령,지능범죄,강원도 평창군,강원도,기타(Top5외),국내,37
지능범죄,배임,지능범죄,강원도 평창군,강원도,기타(Top5외),국내,2
풍속범죄,성풍속범죄,기타(Top3외),강원도 평창군,강원도,기타(Top5외),국내,16
풍속범죄,도박범죄,기타(Top3외),강원도 평창군,강원도,기타(Top5외),국내,7
특별경제범죄,특별경제범죄,기타(Top3외),강원도 평창군,강원도,기타(Top5외),국내,66
마약범죄,마약범죄,기타(Top3외),강원도 평창군,강원도,기타(Top5외),국내,8
보건범죄,보건범죄,기타(Top3외),강원도 평창군,강원도,기타(Top5외),국내,12
환경범죄,환경범죄,기타(Top3외),강원도 평창군,강원도,기타(Top5외),국내,5
교통범죄,교통범죄,교통범죄,강원도 평창군,강원도,기타(Top5외),국내,330
노동범죄,노동범죄,기타(Top3외),강원도 평창군,강원도,기타(Top5외),국내,0
안보범죄,안보범죄,기타(Top3외),강원도 평창군,강원도,기타(Top5외),국내,0
선거범죄,선거범죄,기타(Top3외),강원도 평창군,강원도,기타(Top5외),국내,1
병역범죄,병역범죄,기타(Top3외),강원도 평창군,강원도,기타(Top5외),국내,3
기타범죄,기타범죄,기타범죄,강원도 평창군,강원도,기타(Top5외),국내,174
강력범죄,살인기수,기타(Top3외),강원도 정선군,강원도,기타(Top5외),국내,0
강력범죄,살인미수등,기타(Top3외),강원도 정선군,강원도,기타(Top5외),국내,2
강력범죄,강도,기타(Top3외),강원도 정선군,강원도,기타(Top5외),국내,0
강력범죄,강간,기타(Top3외),강원도 정선군,강원도,기타(Top5외),국내,4
강력범죄,유사강간,기타(Top3외),강원도 정선군,강원도,기타(Top5외),국내,0
강력범죄,강제추행,기타(Top3외),강원도 정선군,강원도,기타(Top5외),국내,16
강력범죄,기타 강간/강제추행등,기타(Top3외),강원도 정선군,강원도,기타(Top5외),국내,0
강력범죄,방화,기타(Top3외),강원도 정선군,강원도,기타(Top5외),국내,2
절도범죄,절도범죄,기타(Top3외),강원도 정선군,강원도,기타(Top5외),국내,208
폭력범죄,상해,기타(Top3외),강원도 정선군,강원도,기타(Top5외),국내,28
폭력범죄,폭행,기타(Top3외),강원도 정선군,강원도,기타(Top5외),국내,74
폭력범죄,체포/감금,기타(Top3외),강원도 정선군,강원도,기타(Top5외),국내,0
폭력범죄,협박,기타(Top3외),강원도 정선군,강원도,기타(Top5외),국내,25
폭력범죄,약취/유인,기타(Top3외),강원도 정선군,강원도,기타(Top5외),국내,2
폭력범죄,폭력행위등,기타(Top3외),강원도 정선군,강원도,기타(Top5외),국내,7
폭력범죄,공갈,기타(Top3외),강원도 정선군,강원도,기타(Top5외),국내,6
폭력범죄,손괴,기타(Top3외),강원도 정선군,강원도,기타(Top5외),국내,44
지능범죄,직무유기,지능범죄,강원도 정선군,강원도,기타(Top5외),국내,0
지능범죄,직권남용,지능범죄,강원도 정선군,강원도,기타(Top5외),국내,1
지능범죄,증수뢰,지능범죄,강원도 정선군,강원도,기타(Top5외),국내,2
지능범죄,통화,지능범죄,강원도 정선군,강원도,기타(Top5외),국내,0
지능범죄,문서/인장,지능범죄,강원도 정선군,강원도,기타(Top5외),국내,26
지능범죄,유가증권인지,지능범죄,강원도 정선군,강원도,기타(Top5외),국내,0
지능범죄,사기,지능범죄,강원도 정선군,강원도,기타(Top5외),국내,250
지능범죄,횡령,지능범죄,강원도 정선군,강원도,기타(Top5외),국내,38
지능범죄,배임,지능범죄,강원도 정선군,강원도,기타(Top5외),국내,1
풍속범죄,성풍속범죄,기타(Top3외),강원도 정선군,강원도,기타(Top5외),국내,8
풍속범죄,도박범죄,기타(Top3외),강원도 정선군,강원도,기타(Top5외),국내,16
특별경제범죄,특별경제범죄,기타(Top3외),강원도 정선군,강원도,기타(Top5외),국내,55
마약범죄,마약범죄,기타(Top3외),강원도 정선군,강원도,기타(Top5외),국내,13
보건범죄,보건범죄,기타(Top3외),강원도 정선군,강원도,기타(Top5외),국내,5
환경범죄,환경범죄,기타(Top3외),강원도 정선군,강원도,기타(Top5외),국내,5
교통범죄,교통범죄,교통범죄,강원도 정선군,강원도,기타(Top5외),국내,229
노동범죄,노동범죄,기타(Top3외),강원도 정선군,강원도,기타(Top5외),국내,0
안보범죄,안보범죄,기타(Top3외),강원도 정선군,강원도,기타(Top5외),국내,0
선거범죄,선거범죄,기타(Top3외),강원도 정선군,강원도,기타(Top5외),국내,1
병역범죄,병역범죄,기타(Top3외),강원도 정선군,강원도,기타(Top5외),국내,2
기타범죄,기타범죄,기타범죄,강원도 정선군,강원도,기타(Top5외),국내,201
강력범죄,살인기수,기타(Top3외),강원도 철원군,강원도,기타(Top5외),국내,1
강력범죄,살인미수등,기타(Top3외),강원도 철원군,강원도,기타(Top5외),국내,0
강력범죄,강도,기타(Top3외),강원도 철원군,강원도,기타(Top5외),국내,1
강력범죄,강간,기타(Top3외),강원도 철원군,강원도,기타(Top5외),국내,3
강력범죄,유사강간,기타(Top3외),강원도 철원군,강원도,기타(Top5외),국내,0
강력범죄,강제추행,기타(Top3외),강원도 철원군,강원도,기타(Top5외),국내,14
강력범죄,기타 강간/강제추행등,기타(Top3외),강원도 철원군,강원도,기타(Top5외),국내,0
강력범죄,방화,기타(Top3외),강원도 철원군,강원도,기타(Top5외),국내,0
절도범죄,절도범죄,기타(Top3외),강원도 철원군,강원도,기타(Top5외),국내,83
폭력범죄,상해,기타(Top3외),강원도 철원군,강원도,기타(Top5외),국내,26
폭력범죄,폭행,기타(Top3외),강원도 철원군,강원도,기타(Top5외),국내,67
폭력범죄,체포/감금,기타(Top3외),강원도 철원군,강원도,기타(Top5외),국내,1
폭력범죄,협박,기타(Top3외),강원도 철원군,강원도,기타(Top5외),국내,15
폭력범죄,약취/유인,기타(Top3외),강원도 철원군,강원도,기타(Top5외),국내,0
폭력범죄,폭력행위등,기타(Top3외),강원도 철원군,강원도,기타(Top5외),국내,3
폭력범죄,공갈,기타(Top3외),강원도 철원군,강원도,기타(Top5외),국내,9
폭력범죄,손괴,기타(Top3외),강원도 철원군,강원도,기타(Top5외),국내,30
지능범죄,직무유기,지능범죄,강원도 철원군,강원도,기타(Top5외),국내,1
지능범죄,직권남용,지능범죄,강원도 철원군,강원도,기타(Top5외),국내,0
지능범죄,증수뢰,지능범죄,강원도 철원군,강원도,기타(Top5외),국내,0
지능범죄,통화,지능범죄,강원도 철원군,강원도,기타(Top5외),국내,0
지능범죄,문서/인장,지능범죄,강원도 철원군,강원도,기타(Top5외),국내,8
지능범죄,유가증권인지,지능범죄,강원도 철원군,강원도,기타(Top5외),국내,0
지능범죄,사기,지능범죄,강원도 철원군,강원도,기타(Top5외),국내,430
지능범죄,횡령,지능범죄,강원도 철원군,강원도,기타(Top5외),국내,24
지능범죄,배임,지능범죄,강원도 철원군,강원도,기타(Top5외),국내,3
풍속범죄,성풍속범죄,기타(Top3외),강원도 철원군,강원도,기타(Top5외),국내,14
풍속범죄,도박범죄,기타(Top3외),강원도 철원군,강원도,기타(Top5외),국내,4
특별경제범죄,특별경제범죄,기타(Top3외),강원도 철원군,강원도,기타(Top5외),국내,75
마약범죄,마약범죄,기타(Top3외),강원도 철원군,강원도,기타(Top5외),국내,8
보건범죄,보건범죄,기타(Top3외),강원도 철원군,강원도,기타(Top5외),국내,8
환경범죄,환경범죄,기타(Top3외),강원도 철원군,강원도,기타(Top5외),국내,0
교통범죄,교통범죄,교통범죄,강원도 철원군,강원도,기타(Top5외),국내,160
노동범죄,노동범죄,기타(Top3외),강원도 철원군,강원도,기타(Top5외),국내,0
안보범죄,안보범죄,기타(Top3외),강원도 철원군,강원도,기타(Top5외),국내,0
선거범죄,선거범죄,기타(Top3외),강원도 철원군,강원도,기타(Top5외),국내,0
병역범죄,병역범죄,기타(Top3외),강원도 철원군,강원도,기타(Top5외),국내,19
기타범죄,기타범죄,기타범죄,강원도 철원군,강원도,기타(Top5외),국내,165
강력범죄,살인기수,기타(Top3외),강원도 화천군,강원도,기타(Top5외),국내,0
강력범죄,살인미수등,기타(Top3외),강원도 화천군,강원도,기타(Top5외),국내,0
강력범죄,강도,기타(Top3외),강원도 화천군,강원도,기타(Top5외),국내,0
강력범죄,강간,기타(Top3외),강원도 화천군,강원도,기타(Top5외),국내,0
강력범죄,유사강간,기타(Top3외),강원도 화천군,강원도,기타(Top5외),국내,0
강력범죄,강제추행,기타(Top3외),강원도 화천군,강원도,기타(Top5외),국내,9
강력범죄,기타 강간/강제추행등,기타(Top3외),강원도 화천군,강원도,기타(Top5외),국내,0
강력범죄,방화,기타(Top3외),강원도 화천군,강원도,기타(Top5외),국내,3
절도범죄,절도범죄,기타(Top3외),강원도 화천군,강원도,기타(Top5외),국내,42
폭력범죄,상해,기타(Top3외),강원도 화천군,강원도,기타(Top5외),국내,14
폭력범죄,폭행,기타(Top3외),강원도 화천군,강원도,기타(Top5외),국내,37
폭력범죄,체포/감금,기타(Top3외),강원도 화천군,강원도,기타(Top5외),국내,1
폭력범죄,협박,기타(Top3외),강원도 화천군,강원도,기타(Top5외),국내,10
폭력범죄,약취/유인,기타(Top3외),강원도 화천군,강원도,기타(Top5외),국내,0
폭력범죄,폭력행위등,기타(Top3외),강원도 화천군,강원도,기타(Top5외),국내,7
폭력범죄,공갈,기타(Top3외),강원도 화천군,강원도,기타(Top5외),국내,9
폭력범죄,손괴,기타(Top3외),강원도 화천군,강원도,기타(Top5외),국내,20
지능범죄,직무유기,지능범죄,강원도 화천군,강원도,기타(Top5외),국내,0
지능범죄,직권남용,지능범죄,강원도 화천군,강원도,기타(Top5외),국내,1
지능범죄,증수뢰,지능범죄,강원도 화천군,강원도,기타(Top5외),국내,0
지능범죄,통화,지능범죄,강원도 화천군,강원도,기타(Top5외),국내,0
지능범죄,문서/인장,지능범죄,강원도 화천군,강원도,기타(Top5외),국내,3
지능범죄,유가증권인지,지능범죄,강원도 화천군,강원도,기타(Top5외),국내,0
지능범죄,사기,지능범죄,강원도 화천군,강원도,기타(Top5외),국내,154
지능범죄,횡령,지능범죄,강원도 화천군,강원도,기타(Top5외),국내,19
지능범죄,배임,지능범죄,강원도 화천군,강원도,기타(Top5외),국내,2
풍속범죄,성풍속범죄,기타(Top3외),강원도 화천군,강원도,기타(Top5외),국내,13
풍속범죄,도박범죄,기타(Top3외),강원도 화천군,강원도,기타(Top5외),국내,6
특별경제범죄,특별경제범죄,기타(Top3외),강원도 화천군,강원도,기타(Top5외),국내,26
마약범죄,마약범죄,기타(Top3외),강원도 화천군,강원도,기타(Top5외),국내,16
보건범죄,보건범죄,기타(Top3외),강원도 화천군,강원도,기타(Top5외),국내,2
환경범죄,환경범죄,기타(Top3외),강원도 화천군,강원도,기타(Top5외),국내,2
교통범죄,교통범죄,교통범죄,강원도 화천군,강원도,기타(Top5외),국내,82
노동범죄,노동범죄,기타(Top3외),강원도 화천군,강원도,기타(Top5외),국내,0
안보범죄,안보범죄,기타(Top3외),강원도 화천군,강원도,기타(Top5외),국내,0
선거범죄,선거범죄,기타(Top3외),강원도 화천군,강원도,기타(Top5외),국내,0
병역범죄,병역범죄,기타(Top3외),강원도 화천군,강원도,기타(Top5외),국내,3
기타범죄,기타범죄,기타범죄,강원도 화천군,강원도,기타(Top5외),국내,130
강력범죄,살인기수,기타(Top3외),강원도 양구군,강원도,기타(Top5외),국내,1
강력범죄,살인미수등,기타(Top3외),강원도 양구군,강원도,기타(Top5외),국내,0
강력범죄,강도,기타(Top3외),강원도 양구군,강원도,기타(Top5외),국내,0
강력범죄,강간,기타(Top3외),강원도 양구군,강원도,기타(Top5외),국내,1
강력범죄,유사강간,기타(Top3외),강원도 양구군,강원도,기타(Top5외),국내,0
강력범죄,강제추행,기타(Top3외),강원도 양구군,강원도,기타(Top5외),국내,11
강력범죄,기타 강간/강제추행등,기타(Top3외),강원도 양구군,강원도,기타(Top5외),국내,0
강력범죄,방화,기타(Top3외),강원도 양구군,강원도,기타(Top5외),국내,1
절도범죄,절도범죄,기타(Top3외),강원도 양구군,강원도,기타(Top5외),국내,59
폭력범죄,상해,기타(Top3외),강원도 양구군,강원도,기타(Top5외),국내,8
폭력범죄,폭행,기타(Top3외),강원도 양구군,강원도,기타(Top5외),국내,54
폭력범죄,체포/감금,기타(Top3외),강원도 양구군,강원도,기타(Top5외),국내,1
폭력범죄,협박,기타(Top3외),강원도 양구군,강원도,기타(Top5외),국내,8
폭력범죄,약취/유인,기타(Top3외),강원도 양구군,강원도,기타(Top5외),국내,0
폭력범죄,폭력행위등,기타(Top3외),강원도 양구군,강원도,기타(Top5외),국내,0
폭력범죄,공갈,기타(Top3외),강원도 양구군,강원도,기타(Top5외),국내,3
폭력범죄,손괴,기타(Top3외),강원도 양구군,강원도,기타(Top5외),국내,24
지능범죄,직무유기,지능범죄,강원도 양구군,강원도,기타(Top5외),국내,1
지능범죄,직권남용,지능범죄,강원도 양구군,강원도,기타(Top5외),국내,0
지능범죄,증수뢰,지능범죄,강원도 양구군,강원도,기타(Top5외),국내,0
지능범죄,통화,지능범죄,강원도 양구군,강원도,기타(Top5외),국내,0
지능범죄,문서/인장,지능범죄,강원도 양구군,강원도,기타(Top5외),국내,3
지능범죄,유가증권인지,지능범죄,강원도 양구군,강원도,기타(Top5외),국내,0
지능범죄,사기,지능범죄,강원도 양구군,강원도,기타(Top5외),국내,107
지능범죄,횡령,지능범죄,강원도 양구군,강원도,기타(Top5외),국내,4
지능범죄,배임,지능범죄,강원도 양구군,강원도,기타(Top5외),국내,0
풍속범죄,성풍속범죄,기타(Top3외),강원도 양구군,강원도,기타(Top5외),국내,4
풍속범죄,도박범죄,기타(Top3외),강원도 양구군,강원도,기타(Top5외),국내,1
특별경제범죄,특별경제범죄,기타(Top3외),강원도 양구군,강원도,기타(Top5외),국내,27
마약범죄,마약범죄,기타(Top3외),강원도 양구군,강원도,기타(Top5외),국내,6
보건범죄,보건범죄,기타(Top3외),강원도 양구군,강원도,기타(Top5외),국내,0
환경범죄,환경범죄,기타(Top3외),강원도 양구군,강원도,기타(Top5외),국내,1
교통범죄,교통범죄,교통범죄,강원도 양구군,강원도,기타(Top5외),국내,96
노동범죄,노동범죄,기타(Top3외),강원도 양구군,강원도,기타(Top5외),국내,1
안보범죄,안보범죄,기타(Top3외),강원도 양구군,강원도,기타(Top5외),국내,0
선거범죄,선거범죄,기타(Top3외),강원도 양구군,강원도,기타(Top5외),국내,3
병역범죄,병역범죄,기타(Top3외),강원도 양구군,강원도,기타(Top5외),국내,1
기타범죄,기타범죄,기타범죄,강원도 양구군,강원도,기타(Top5외),국내,69
강력범죄,살인기수,기타(Top3외),강원도 인제군,강원도,기타(Top5외),국내,0
강력범죄,살인미수등,기타(Top3외),강원도 인제군,강원도,기타(Top5외),국내,0
강력범죄,강도,기타(Top3외),강원도 인제군,강원도,기타(Top5외),국내,0
강력범죄,강간,기타(Top3외),강원도 인제군,강원도,기타(Top5외),국내,3
강력범죄,유사강간,기타(Top3외),강원도 인제군,강원도,기타(Top5외),국내,0
강력범죄,강제추행,기타(Top3외),강원도 인제군,강원도,기타(Top5외),국내,6
강력범죄,기타 강간/강제추행등,기타(Top3외),강원도 인제군,강원도,기타(Top5외),국내,0
강력범죄,방화,기타(Top3외),강원도 인제군,강원도,기타(Top5외),국내,0
절도범죄,절도범죄,기타(Top3외),강원도 인제군,강원도,기타(Top5외),국내,47
폭력범죄,상해,기타(Top3외),강원도 인제군,강원도,기타(Top5외),국내,9
폭력범죄,폭행,기타(Top3외),강원도 인제군,강원도,기타(Top5외),국내,46
폭력범죄,체포/감금,기타(Top3외),강원도 인제군,강원도,기타(Top5외),국내,0
폭력범죄,협박,기타(Top3외),강원도 인제군,강원도,기타(Top5외),국내,13
폭력범죄,약취/유인,기타(Top3외),강원도 인제군,강원도,기타(Top5외),국내,0
폭력범죄,폭력행위등,기타(Top3외),강원도 인제군,강원도,기타(Top5외),국내,1
폭력범죄,공갈,기타(Top3외),강원도 인제군,강원도,기타(Top5외),국내,7
폭력범죄,손괴,기타(Top3외),강원도 인제군,강원도,기타(Top5외),국내,16
지능범죄,직무유기,지능범죄,강원도 인제군,강원도,기타(Top5외),국내,2
지능범죄,직권남용,지능범죄,강원도 인제군,강원도,기타(Top5외),국내,1
지능범죄,증수뢰,지능범죄,강원도 인제군,강원도,기타(Top5외),국내,0
지능범죄,통화,지능범죄,강원도 인제군,강원도,기타(Top5외),국내,0
지능범죄,문서/인장,지능범죄,강원도 인제군,강원도,기타(Top5외),국내,7
지능범죄,유가증권인지,지능범죄,강원도 인제군,강원도,기타(Top5외),국내,0
지능범죄,사기,지능범죄,강원도 인제군,강원도,기타(Top5외),국내,270
지능범죄,횡령,지능범죄,강원도 인제군,강원도,기타(Top5외),국내,22
지능범죄,배임,지능범죄,강원도 인제군,강원도,기타(Top5외),국내,4
풍속범죄,성풍속범죄,기타(Top3외),강원도 인제군,강원도,기타(Top5외),국내,9
풍속범죄,도박범죄,기타(Top3외),강원도 인제군,강원도,기타(Top5외),국내,4
특별경제범죄,특별경제범죄,기타(Top3외),강원도 인제군,강원도,기타(Top5외),국내,21
마약범죄,마약범죄,기타(Top3외),강원도 인제군,강원도,기타(Top5외),국내,8
보건범죄,보건범죄,기타(Top3외),강원도 인제군,강원도,기타(Top5외),국내,2
환경범죄,환경범죄,기타(Top3외),강원도 인제군,강원도,기타(Top5외),국내,0
교통범죄,교통범죄,교통범죄,강원도 인제군,강원도,기타(Top5외),국내,167
노동범죄,노동범죄,기타(Top3외),강원도 인제군,강원도,기타(Top5외),국내,0
안보범죄,안보범죄,기타(Top3외),강원도 인제군,강원도,기타(Top5외),국내,0
선거범죄,선거범죄,기타(Top3외),강원도 인제군,강원도,기타(Top5외),국내,2
병역범죄,병역범죄,기타(Top3외),강원도 인제군,강원도,기타(Top5외),국내,4
기타범죄,기타범죄,기타범죄,강원도 인제군,강원도,기타(Top5외),국내,146
강력범죄,살인기수,기타(Top3외),강원도 고성군,강원도,기타(Top5외),국내,0
강력범죄,살인미수등,기타(Top3외),강원도 고성군,강원도,기타(Top5외),국내,0
강력범죄,강도,기타(Top3외),강원도 고성군,강원도,기타(Top5외),국내,1
강력범죄,강간,기타(Top3외),강원도 고성군,강원도,기타(Top5외),국내,2
강력범죄,유사강간,기타(Top3외),강원도 고성군,강원도,기타(Top5외),국내,0
강력범죄,강제추행,기타(Top3외),강원도 고성군,강원도,기타(Top5외),국내,6
강력범죄,기타 강간/강제추행등,기타(Top3외),강원도 고성군,강원도,기타(Top5외),국내,0
강력범죄,방화,기타(Top3외),강원도 고성군,강원도,기타(Top5외),국내,0
절도범죄,절도범죄,기타(Top3외),강원도 고성군,강원도,기타(Top5외),국내,83
폭력범죄,상해,기타(Top3외),강원도 고성군,강원도,기타(Top5외),국내,23
폭력범죄,폭행,기타(Top3외),강원도 고성군,강원도,기타(Top5외),국내,66
폭력범죄,체포/감금,기타(Top3외),강원도 고성군,강원도,기타(Top5외),국내,1
폭력범죄,협박,기타(Top3외),강원도 고성군,강원도,기타(Top5외),국내,13
폭력범죄,약취/유인,기타(Top3외),강원도 고성군,강원도,기타(Top5외),국내,0
폭력범죄,폭력행위등,기타(Top3외),강원도 고성군,강원도,기타(Top5외),국내,2
폭력범죄,공갈,기타(Top3외),강원도 고성군,강원도,기타(Top5외),국내,2
폭력범죄,손괴,기타(Top3외),강원도 고성군,강원도,기타(Top5외),국내,31
지능범죄,직무유기,지능범죄,강원도 고성군,강원도,기타(Top5외),국내,1
지능범죄,직권남용,지능범죄,강원도 고성군,강원도,기타(Top5외),국내,2
지능범죄,증수뢰,지능범죄,강원도 고성군,강원도,기타(Top5외),국내,0
지능범죄,통화,지능범죄,강원도 고성군,강원도,기타(Top5외),국내,0
지능범죄,문서/인장,지능범죄,강원도 고성군,강원도,기타(Top5외),국내,3
지능범죄,유가증권인지,지능범죄,강원도 고성군,강원도,기타(Top5외),국내,0
지능범죄,사기,지능범죄,강원도 고성군,강원도,기타(Top5외),국내,180
지능범죄,횡령,지능범죄,강원도 고성군,강원도,기타(Top5외),국내,13
지능범죄,배임,지능범죄,강원도 고성군,강원도,기타(Top5외),국내,0
풍속범죄,성풍속범죄,기타(Top3외),강원도 고성군,강원도,기타(Top5외),국내,8
풍속범죄,도박범죄,기타(Top3외),강원도 고성군,강원도,기타(Top5외),국내,6
특별경제범죄,특별경제범죄,기타(Top3외),강원도 고성군,강원도,기타(Top5외),국내,32
마약범죄,마약범죄,기타(Top3외),강원도 고성군,강원도,기타(Top5외),국내,4
보건범죄,보건범죄,기타(Top3외),강원도 고성군,강원도,기타(Top5외),국내,3
환경범죄,환경범죄,기타(Top3외),강원도 고성군,강원도,기타(Top5외),국내,1
교통범죄,교통범죄,교통범죄,강원도 고성군,강원도,기타(Top5외),국내,180
노동범죄,노동범죄,기타(Top3외),강원도 고성군,강원도,기타(Top5외),국내,0
안보범죄,안보범죄,기타(Top3외),강원도 고성군,강원도,기타(Top5외),국내,0
선거범죄,선거범죄,기타(Top3외),강원도 고성군,강원도,기타(Top5외),국내,0
병역범죄,병역범죄,기타(Top3외),강원도 고성군,강원도,기타(Top5외),국내,2
기타범죄,기타범죄,기타범죄,강원도 고성군,강원도,기타(Top5외),국내,141
강력범죄,살인기수,기타(Top3외),강원도 양양군,강원도,기타(Top5외),국내,0
강력범죄,살인미수등,기타(Top3외),강원도 양양군,강원도,기타(Top5외),국내,0
강력범죄,강도,기타(Top3외),강원도 양양군,강원도,기타(Top5외),국내,1
강력범죄,강간,기타(Top3외),강원도 양양군,강원도,기타(Top5외),국내,7
강력범죄,유사강간,기타(Top3외),강원도 양양군,강원도,기타(Top5외),국내,1
강력범죄,강제추행,기타(Top3외),강원도 양양군,강원도,기타(Top5외),국내,14
강력범죄,기타 강간/강제추행등,기타(Top3외),강원도 양양군,강원도,기타(Top5외),국내,0
강력범죄,방화,기타(Top3외),강원도 양양군,강원도,기타(Top5외),국내,1
절도범죄,절도범죄,기타(Top3외),강원도 양양군,강원도,기타(Top5외),국내,76
폭력범죄,상해,기타(Top3외),강원도 양양군,강원도,기타(Top5외),국내,24
폭력범죄,폭행,기타(Top3외),강원도 양양군,강원도,기타(Top5외),국내,78
폭력범죄,체포/감금,기타(Top3외),강원도 양양군,강원도,기타(Top5외),국내,1
폭력범죄,협박,기타(Top3외),강원도 양양군,강원도,기타(Top5외),국내,12
폭력범죄,약취/유인,기타(Top3외),강원도 양양군,강원도,기타(Top5외),국내,0
폭력범죄,폭력행위등,기타(Top3외),강원도 양양군,강원도,기타(Top5외),국내,8
폭력범죄,공갈,기타(Top3외),강원도 양양군,강원도,기타(Top5외),국내,2
폭력범죄,손괴,기타(Top3외),강원도 양양군,강원도,기타(Top5외),국내,59
지능범죄,직무유기,지능범죄,강원도 양양군,강원도,기타(Top5외),국내,1
지능범죄,직권남용,지능범죄,강원도 양양군,강원도,기타(Top5외),국내,1
지능범죄,증수뢰,지능범죄,강원도 양양군,강원도,기타(Top5외),국내,0
지능범죄,통화,지능범죄,강원도 양양군,강원도,기타(Top5외),국내,0
지능범죄,문서/인장,지능범죄,강원도 양양군,강원도,기타(Top5외),국내,1
지능범죄,유가증권인지,지능범죄,강원도 양양군,강원도,기타(Top5외),국내,0
지능범죄,사기,지능범죄,강원도 양양군,강원도,기타(Top5외),국내,94
지능범죄,횡령,지능범죄,강원도 양양군,강원도,기타(Top5외),국내,37
지능범죄,배임,지능범죄,강원도 양양군,강원도,기타(Top5외),국내,1
풍속범죄,성풍속범죄,기타(Top3외),강원도 양양군,강원도,기타(Top5외),국내,8
풍속범죄,도박범죄,기타(Top3외),강원도 양양군,강원도,기타(Top5외),국내,2
특별경제범죄,특별경제범죄,기타(Top3외),강원도 양양군,강원도,기타(Top5외),국내,41
마약범죄,마약범죄,기타(Top3외),강원도 양양군,강원도,기타(Top5외),국내,3
보건범죄,보건범죄,기타(Top3외),강원도 양양군,강원도,기타(Top5외),국내,16
환경범죄,환경범죄,기타(Top3외),강원도 양양군,강원도,기타(Top5외),국내,2
교통범죄,교통범죄,교통범죄,강원도 양양군,강원도,기타(Top5외),국내,250
노동범죄,노동범죄,기타(Top3외),강원도 양양군,강원도,기타(Top5외),국내,0
안보범죄,안보범죄,기타(Top3외),강원도 양양군,강원도,기타(Top5외),국내,0
선거범죄,선거범죄,기타(Top3외),강원도 양양군,강원도,기타(Top5외),국내,1
병역범죄,병역범죄,기타(Top3외),강원도 양양군,강원도,기타(Top5외),국내,5
기타범죄,기타범죄,기타범죄,강원도 양양군,강원도,기타(Top5외),국내,137
강력범죄,살인기수,기타(Top3외),충북 제천시,충북,기타(Top5외),국내,1
강력범죄,살인미수등,기타(Top3외),충북 제천시,충북,기타(Top5외),국내,1
강력범죄,강도,기타(Top3외),충북 제천시,충북,기타(Top5외),국내,1
강력범죄,강간,기타(Top3외),충북 제천시,충북,기타(Top5외),국내,14
강력범죄,유사강간,기타(Top3외),충북 제천시,충북,기타(Top5외),국내,1
강력범죄,강제추행,기타(Top3외),충북 제천시,충북,기타(Top5외),국내,22
강력범죄,기타 강간/강제추행등,기타(Top3외),충북 제천시,충북,기타(Top5외),국내,0
강력범죄,방화,기타(Top3외),충북 제천시,충북,기타(Top5외),국내,5
절도범죄,절도범죄,기타(Top3외),충북 제천시,충북,기타(Top5외),국내,408
폭력범죄,상해,기타(Top3외),충북 제천시,충북,기타(Top5외),국내,52
폭력범죄,폭행,기타(Top3외),충북 제천시,충북,기타(Top5외),국내,190
폭력범죄,체포/감금,기타(Top3외),충북 제천시,충북,기타(Top5외),국내,1
폭력범죄,협박,기타(Top3외),충북 제천시,충북,기타(Top5외),국내,41
폭력범죄,약취/유인,기타(Top3외),충북 제천시,충북,기타(Top5외),국내,2
폭력범죄,폭력행위등,기타(Top3외),충북 제천시,충북,기타(Top5외),국내,14
폭력범죄,공갈,기타(Top3외),충북 제천시,충북,기타(Top5외),국내,3
폭력범죄,손괴,기타(Top3외),충북 제천시,충북,기타(Top5외),국내,110
지능범죄,직무유기,지능범죄,충북 제천시,충북,기타(Top5외),국내,3
지능범죄,직권남용,지능범죄,충북 제천시,충북,기타(Top5외),국내,4
지능범죄,증수뢰,지능범죄,충북 제천시,충북,기타(Top5외),국내,0
지능범죄,통화,지능범죄,충북 제천시,충북,기타(Top5외),국내,0
지능범죄,문서/인장,지능범죄,충북 제천시,충북,기타(Top5외),국내,21
지능범죄,유가증권인지,지능범죄,충북 제천시,충북,기타(Top5외),국내,0
지능범죄,사기,지능범죄,충북 제천시,충북,기타(Top5외),국내,934
지능범죄,횡령,지능범죄,충북 제천시,충북,기타(Top5외),국내,110
지능범죄,배임,지능범죄,충북 제천시,충북,기타(Top5외),국내,6
풍속범죄,성풍속범죄,기타(Top3외),충북 제천시,충북,기타(Top5외),국내,26
풍속범죄,도박범죄,기타(Top3외),충북 제천시,충북,기타(Top5외),국내,33
특별경제범죄,특별경제범죄,기타(Top3외),충북 제천시,충북,기타(Top5외),국내,223
마약범죄,마약범죄,기타(Top3외),충북 제천시,충북,기타(Top5외),국내,27
보건범죄,보건범죄,기타(Top3외),충북 제천시,충북,기타(Top5외),국내,15
환경범죄,환경범죄,기타(Top3외),충북 제천시,충북,기타(Top5외),국내,1
교통범죄,교통범죄,교통범죄,충북 제천시,충북,기타(Top5외),국내,740
노동범죄,노동범죄,기타(Top3외),충북 제천시,충북,기타(Top5외),국내,0
안보범죄,안보범죄,기타(Top3외),충북 제천시,충북,기타(Top5외),국내,0
선거범죄,선거범죄,기타(Top3외),충북 제천시,충북,기타(Top5외),국내,12
병역범죄,병역범죄,기타(Top3외),충북 제천시,충북,기타(Top5외),국내,18
기타범죄,기타범죄,기타범죄,충북 제천시,충북,기타(Top5외),국내,471
강력범죄,살인기수,기타(Top3외),충북 청주시,충북,기타(Top5외),국내,6
강력범죄,살인미수등,기타(Top3외),충북 청주시,충북,기타(Top5외),국내,7
강력범죄,강도,기타(Top3외),충북 청주시,충북,기타(Top5외),국내,6
강력범죄,강간,기타(Top3외),충북 청주시,충북,기타(Top5외),국내,69
강력범죄,유사강간,기타(Top3외),충북 청주시,충북,기타(Top5외),국내,14
강력범죄,강제추행,기타(Top3외),충북 청주시,충북,기타(Top5외),국내,214
강력범죄,기타 강간/강제추행등,기타(Top3외),충북 청주시,충북,기타(Top5외),국내,2
강력범죄,방화,기타(Top3외),충북 청주시,충북,기타(Top5외),국내,21
절도범죄,절도범죄,기타(Top3외),충북 청주시,충북,기타(Top5외),국내,3788
폭력범죄,상해,기타(Top3외),충북 청주시,충북,기타(Top5외),국내,356
폭력범죄,폭행,기타(Top3외),충북 청주시,충북,기타(Top5외),국내,1371
폭력범죄,체포/감금,기타(Top3외),충북 청주시,충북,기타(Top5외),국내,17
폭력범죄,협박,기타(Top3외),충북 청주시,충북,기타(Top5외),국내,340
폭력범죄,약취/유인,기타(Top3외),충북 청주시,충북,기타(Top5외),국내,10
폭력범죄,폭력행위등,기타(Top3외),충북 청주시,충북,기타(Top5외),국내,89
폭력범죄,공갈,기타(Top3외),충북 청주시,충북,기타(Top5외),국내,118
폭력범죄,손괴,기타(Top3외),충북 청주시,충북,기타(Top5외),국내,812
지능범죄,직무유기,지능범죄,충북 청주시,충북,기타(Top5외),국내,9
지능범죄,직권남용,지능범죄,충북 청주시,충북,기타(Top5외),국내,5
지능범죄,증수뢰,지능범죄,충북 청주시,충북,기타(Top5외),국내,1
지능범죄,통화,지능범죄,충북 청주시,충북,기타(Top5외),국내,6
지능범죄,문서/인장,지능범죄,충북 청주시,충북,기타(Top5외),국내,190
지능범죄,유가증권인지,지능범죄,충북 청주시,충북,기타(Top5외),국내,0
지능범죄,사기,지능범죄,충북 청주시,충북,기타(Top5외),국내,6595
지능범죄,횡령,지능범죄,충북 청주시,충북,기타(Top5외),국내,767
지능범죄,배임,지능범죄,충북 청주시,충북,기타(Top5외),국내,38
풍속범죄,성풍속범죄,기타(Top3외),충북 청주시,충북,기타(Top5외),국내,309
풍속범죄,도박범죄,기타(Top3외),충북 청주시,충북,기타(Top5외),국내,109
특별경제범죄,특별경제범죄,기타(Top3외),충북 청주시,충북,기타(Top5외),국내,1509
마약범죄,마약범죄,기타(Top3외),충북 청주시,충북,기타(Top5외),국내,142
보건범죄,보건범죄,기타(Top3외),충북 청주시,충북,기타(Top5외),국내,85
환경범죄,환경범죄,기타(Top3외),충북 청주시,충북,기타(Top5외),국내,6
교통범죄,교통범죄,교통범죄,충북 청주시,충북,기타(Top5외),국내,4232
노동범죄,노동범죄,기타(Top3외),충북 청주시,충북,기타(Top5외),국내,6
안보범죄,안보범죄,기타(Top3외),충북 청주시,충북,기타(Top5외),국내,4
선거범죄,선거범죄,기타(Top3외),충북 청주시,충북,기타(Top5외),국내,26
병역범죄,병역범죄,기타(Top3외),충북 청주시,충북,기타(Top5외),국내,116
기타범죄,기타범죄,기타범죄,충북 청주시,충북,기타(Top5외),국내,3899
강력범죄,살인기수,기타(Top3외),충북 충주시,충북,기타(Top5외),국내,2
강력범죄,살인미수등,기타(Top3외),충북 충주시,충북,기타(Top5외),국내,1
강력범죄,강도,기타(Top3외),충북 충주시,충북,기타(Top5외),국내,2
강력범죄,강간,기타(Top3외),충북 충주시,충북,기타(Top5외),국내,32
강력범죄,유사강간,기타(Top3외),충북 충주시,충북,기타(Top5외),국내,4
강력범죄,강제추행,기타(Top3외),충북 충주시,충북,기타(Top5외),국내,59
강력범죄,기타 강간/강제추행등,기타(Top3외),충북 충주시,충북,기타(Top5외),국내,0
강력범죄,방화,기타(Top3외),충북 충주시,충북,기타(Top5외),국내,6
절도범죄,절도범죄,기타(Top3외),충북 충주시,충북,기타(Top5외),국내,611
폭력범죄,상해,기타(Top3외),충북 충주시,충북,기타(Top5외),국내,70
폭력범죄,폭행,기타(Top3외),충북 충주시,충북,기타(Top5외),국내,359
폭력범죄,체포/감금,기타(Top3외),충북 충주시,충북,기타(Top5외),국내,3
폭력범죄,협박,기타(Top3외),충북 충주시,충북,기타(Top5외),국내,82
폭력범죄,약취/유인,기타(Top3외),충북 충주시,충북,기타(Top5외),국내,2
폭력범죄,폭력행위등,기타(Top3외),충북 충주시,충북,기타(Top5외),국내,14
폭력범죄,공갈,기타(Top3외),충북 충주시,충북,기타(Top5외),국내,11
폭력범죄,손괴,기타(Top3외),충북 충주시,충북,기타(Top5외),국내,174
지능범죄,직무유기,지능범죄,충북 충주시,충북,기타(Top5외),국내,22
지능범죄,직권남용,지능범죄,충북 충주시,충북,기타(Top5외),국내,6
지능범죄,증수뢰,지능범죄,충북 충주시,충북,기타(Top5외),국내,6
지능범죄,통화,지능범죄,충북 충주시,충북,기타(Top5외),국내,3
지능범죄,문서/인장,지능범죄,충북 충주시,충북,기타(Top5외),국내,36
지능범죄,유가증권인지,지능범죄,충북 충주시,충북,기타(Top5외),국내,0
지능범죄,사기,지능범죄,충북 충주시,충북,기타(Top5외),국내,1398
지능범죄,횡령,지능범죄,충북 충주시,충북,기타(Top5외),국내,144
지능범죄,배임,지능범죄,충북 충주시,충북,기타(Top5외),국내,6
풍속범죄,성풍속범죄,기타(Top3외),충북 충주시,충북,기타(Top5외),국내,56
풍속범죄,도박범죄,기타(Top3외),충북 충주시,충북,기타(Top5외),국내,22
특별경제범죄,특별경제범죄,기타(Top3외),충북 충주시,충북,기타(Top5외),국내,280
마약범죄,마약범죄,기타(Top3외),충북 충주시,충북,기타(Top5외),국내,46
보건범죄,보건범죄,기타(Top3외),충북 충주시,충북,기타(Top5외),국내,19
환경범죄,환경범죄,기타(Top3외),충북 충주시,충북,기타(Top5외),국내,2
교통범죄,교통범죄,교통범죄,충북 충주시,충북,기타(Top5외),국내,1191
노동범죄,노동범죄,기타(Top3외),충북 충주시,충북,기타(Top5외),국내,0
안보범죄,안보범죄,기타(Top3외),충북 충주시,충북,기타(Top5외),국내,1
선거범죄,선거범죄,기타(Top3외),충북 충주시,충북,기타(Top5외),국내,7
병역범죄,병역범죄,기타(Top3외),충북 충주시,충북,기타(Top5외),국내,37
기타범죄,기타범죄,기타범죄,충북 충주시,충북,기타(Top5외),국내,899
강력범죄,살인기수,기타(Top3외),충북 보은군,충북,기타(Top5외),국내,0
강력범죄,살인미수등,기타(Top3외),충북 보은군,충북,기타(Top5외),국내,0
강력범죄,강도,기타(Top3외),충북 보은군,충북,기타(Top5외),국내,1
강력범죄,강간,기타(Top3외),충북 보은군,충북,기타(Top5외),국내,3
강력범죄,유사강간,기타(Top3외),충북 보은군,충북,기타(Top5외),국내,0
강력범죄,강제추행,기타(Top3외),충북 보은군,충북,기타(Top5외),국내,6
강력범죄,기타 강간/강제추행등,기타(Top3외),충북 보은군,충북,기타(Top5외),국내,0
강력범죄,방화,기타(Top3외),충북 보은군,충북,기타(Top5외),국내,0
절도범죄,절도범죄,기타(Top3외),충북 보은군,충북,기타(Top5외),국내,75
폭력범죄,상해,기타(Top3외),충북 보은군,충북,기타(Top5외),국내,18
폭력범죄,폭행,기타(Top3외),충북 보은군,충북,기타(Top5외),국내,39
폭력범죄,체포/감금,기타(Top3외),충북 보은군,충북,기타(Top5외),국내,0
폭력범죄,협박,기타(Top3외),충북 보은군,충북,기타(Top5외),국내,15
폭력범죄,약취/유인,기타(Top3외),충북 보은군,충북,기타(Top5외),국내,0
폭력범죄,폭력행위등,기타(Top3외),충북 보은군,충북,기타(Top5외),국내,6
폭력범죄,공갈,기타(Top3외),충북 보은군,충북,기타(Top5외),국내,0
폭력범죄,손괴,기타(Top3외),충북 보은군,충북,기타(Top5외),국내,15
지능범죄,직무유기,지능범죄,충북 보은군,충북,기타(Top5외),국내,0
지능범죄,직권남용,지능범죄,충북 보은군,충북,기타(Top5외),국내,0
지능범죄,증수뢰,지능범죄,충북 보은군,충북,기타(Top5외),국내,0
지능범죄,통화,지능범죄,충북 보은군,충북,기타(Top5외),국내,1
지능범죄,문서/인장,지능범죄,충북 보은군,충북,기타(Top5외),국내,6
지능범죄,유가증권인지,지능범죄,충북 보은군,충북,기타(Top5외),국내,0
지능범죄,사기,지능범죄,충북 보은군,충북,기타(Top5외),국내,246
지능범죄,횡령,지능범죄,충북 보은군,충북,기타(Top5외),국내,19
지능범죄,배임,지능범죄,충북 보은군,충북,기타(Top5외),국내,0
풍속범죄,성풍속범죄,기타(Top3외),충북 보은군,충북,기타(Top5외),국내,1
풍속범죄,도박범죄,기타(Top3외),충북 보은군,충북,기타(Top5외),국내,3
특별경제범죄,특별경제범죄,기타(Top3외),충북 보은군,충북,기타(Top5외),국내,35
마약범죄,마약범죄,기타(Top3외),충북 보은군,충북,기타(Top5외),국내,22
보건범죄,보건범죄,기타(Top3외),충북 보은군,충북,기타(Top5외),국내,3
환경범죄,환경범죄,기타(Top3외),충북 보은군,충북,기타(Top5외),국내,3
교통범죄,교통범죄,교통범죄,충북 보은군,충북,기타(Top5외),국내,180
노동범죄,노동범죄,기타(Top3외),충북 보은군,충북,기타(Top5외),국내,0
안보범죄,안보범죄,기타(Top3외),충북 보은군,충북,기타(Top5외),국내,0
선거범죄,선거범죄,기타(Top3외),충북 보은군,충북,기타(Top5외),국내,8
병역범죄,병역범죄,기타(Top3외),충북 보은군,충북,기타(Top5외),국내,4
기타범죄,기타범죄,기타범죄,충북 보은군,충북,기타(Top5외),국내,103
강력범죄,살인기수,기타(Top3외),충북 옥천군,충북,기타(Top5외),국내,0
강력범죄,살인미수등,기타(Top3외),충북 옥천군,충북,기타(Top5외),국내,0
강력범죄,강도,기타(Top3외),충북 옥천군,충북,기타(Top5외),국내,0
강력범죄,강간,기타(Top3외),충북 옥천군,충북,기타(Top5외),국내,6
강력범죄,유사강간,기타(Top3외),충북 옥천군,충북,기타(Top5외),국내,0
강력범죄,강제추행,기타(Top3외),충북 옥천군,충북,기타(Top5외),국내,12
강력범죄,기타 강간/강제추행등,기타(Top3외),충북 옥천군,충북,기타(Top5외),국내,0
강력범죄,방화,기타(Top3외),충북 옥천군,충북,기타(Top5외),국내,1
절도범죄,절도범죄,기타(Top3외),충북 옥천군,충북,기타(Top5외),국내,100
폭력범죄,상해,기타(Top3외),충북 옥천군,충북,기타(Top5외),국내,25
폭력범죄,폭행,기타(Top3외),충북 옥천군,충북,기타(Top5외),국내,60
폭력범죄,체포/감금,기타(Top3외),충북 옥천군,충북,기타(Top5외),국내,4
폭력범죄,협박,기타(Top3외),충북 옥천군,충북,기타(Top5외),국내,21
폭력범죄,약취/유인,기타(Top3외),충북 옥천군,충북,기타(Top5외),국내,0
폭력범죄,폭력행위등,기타(Top3외),충북 옥천군,충북,기타(Top5외),국내,2
폭력범죄,공갈,기타(Top3외),충북 옥천군,충북,기타(Top5외),국내,4
폭력범죄,손괴,기타(Top3외),충북 옥천군,충북,기타(Top5외),국내,46
지능범죄,직무유기,지능범죄,충북 옥천군,충북,기타(Top5외),국내,0
지능범죄,직권남용,지능범죄,충북 옥천군,충북,기타(Top5외),국내,0
지능범죄,증수뢰,지능범죄,충북 옥천군,충북,기타(Top5외),국내,0
지능범죄,통화,지능범죄,충북 옥천군,충북,기타(Top5외),국내,1
지능범죄,문서/인장,지능범죄,충북 옥천군,충북,기타(Top5외),국내,16
지능범죄,유가증권인지,지능범죄,충북 옥천군,충북,기타(Top5외),국내,0
지능범죄,사기,지능범죄,충북 옥천군,충북,기타(Top5외),국내,469
지능범죄,횡령,지능범죄,충북 옥천군,충북,기타(Top5외),국내,37
지능범죄,배임,지능범죄,충북 옥천군,충북,기타(Top5외),국내,3
풍속범죄,성풍속범죄,기타(Top3외),충북 옥천군,충북,기타(Top5외),국내,11
풍속범죄,도박범죄,기타(Top3외),충북 옥천군,충북,기타(Top5외),국내,2
특별경제범죄,특별경제범죄,기타(Top3외),충북 옥천군,충북,기타(Top5외),국내,61
마약범죄,마약범죄,기타(Top3외),충북 옥천군,충북,기타(Top5외),국내,16
보건범죄,보건범죄,기타(Top3외),충북 옥천군,충북,기타(Top5외),국내,22
환경범죄,환경범죄,기타(Top3외),충북 옥천군,충북,기타(Top5외),국내,3
교통범죄,교통범죄,교통범죄,충북 옥천군,충북,기타(Top5외),국내,243
노동범죄,노동범죄,기타(Top3외),충북 옥천군,충북,기타(Top5외),국내,0
안보범죄,안보범죄,기타(Top3외),충북 옥천군,충북,기타(Top5외),국내,0
선거범죄,선거범죄,기타(Top3외),충북 옥천군,충북,기타(Top5외),국내,2
병역범죄,병역범죄,기타(Top3외),충북 옥천군,충북,기타(Top5외),국내,8
기타범죄,기타범죄,기타범죄,충북 옥천군,충북,기타(Top5외),국내,224
강력범죄,살인기수,기타(Top3외),충북 영동군,충북,기타(Top5외),국내,0
강력범죄,살인미수등,기타(Top3외),충북 영동군,충북,기타(Top5외),국내,1
강력범죄,강도,기타(Top3외),충북 영동군,충북,기타(Top5외),국내,0
강력범죄,강간,기타(Top3외),충북 영동군,충북,기타(Top5외),국내,0
강력범죄,유사강간,기타(Top3외),충북 영동군,충북,기타(Top5외),국내,1
강력범죄,강제추행,기타(Top3외),충북 영동군,충북,기타(Top5외),국내,4
강력범죄,기타 강간/강제추행등,기타(Top3외),충북 영동군,충북,기타(Top5외),국내,0
강력범죄,방화,기타(Top3외),충북 영동군,충북,기타(Top5외),국내,2
절도범죄,절도범죄,기타(Top3외),충북 영동군,충북,기타(Top5외),국내,52
폭력범죄,상해,기타(Top3외),충북 영동군,충북,기타(Top5외),국내,16
폭력범죄,폭행,기타(Top3외),충북 영동군,충북,기타(Top5외),국내,39
폭력범죄,체포/감금,기타(Top3외),충북 영동군,충북,기타(Top5외),국내,1
폭력범죄,협박,기타(Top3외),충북 영동군,충북,기타(Top5외),국내,9
폭력범죄,약취/유인,기타(Top3외),충북 영동군,충북,기타(Top5외),국내,0
폭력범죄,폭력행위등,기타(Top3외),충북 영동군,충북,기타(Top5외),국내,2
폭력범죄,공갈,기타(Top3외),충북 영동군,충북,기타(Top5외),국내,3
폭력범죄,손괴,기타(Top3외),충북 영동군,충북,기타(Top5외),국내,26
지능범죄,직무유기,지능범죄,충북 영동군,충북,기타(Top5외),국내,0
지능범죄,직권남용,지능범죄,충북 영동군,충북,기타(Top5외),국내,1
지능범죄,증수뢰,지능범죄,충북 영동군,충북,기타(Top5외),국내,0
지능범죄,통화,지능범죄,충북 영동군,충북,기타(Top5외),국내,0
지능범죄,문서/인장,지능범죄,충북 영동군,충북,기타(Top5외),국내,3
지능범죄,유가증권인지,지능범죄,충북 영동군,충북,기타(Top5외),국내,0
지능범죄,사기,지능범죄,충북 영동군,충북,기타(Top5외),국내,179
지능범죄,횡령,지능범죄,충북 영동군,충북,기타(Top5외),국내,16
지능범죄,배임,지능범죄,충북 영동군,충북,기타(Top5외),국내,1
풍속범죄,성풍속범죄,기타(Top3외),충북 영동군,충북,기타(Top5외),국내,10
풍속범죄,도박범죄,기타(Top3외),충북 영동군,충북,기타(Top5외),국내,2
특별경제범죄,특별경제범죄,기타(Top3외),충북 영동군,충북,기타(Top5외),국내,31
마약범죄,마약범죄,기타(Top3외),충북 영동군,충북,기타(Top5외),국내,7
보건범죄,보건범죄,기타(Top3외),충북 영동군,충북,기타(Top5외),국내,4
환경범죄,환경범죄,기타(Top3외),충북 영동군,충북,기타(Top5외),국내,3
교통범죄,교통범죄,교통범죄,충북 영동군,충북,기타(Top5외),국내,183
노동범죄,노동범죄,기타(Top3외),충북 영동군,충북,기타(Top5외),국내,0
안보범죄,안보범죄,기타(Top3외),충북 영동군,충북,기타(Top5외),국내,0
선거범죄,선거범죄,기타(Top3외),충북 영동군,충북,기타(Top5외),국내,5
병역범죄,병역범죄,기타(Top3외),충북 영동군,충북,기타(Top5외),국내,4
기타범죄,기타범죄,기타범죄,충북 영동군,충북,기타(Top5외),국내,123
강력범죄,살인기수,기타(Top3외),충북 증평군,충북,기타(Top5외),국내,0
강력범죄,살인미수등,기타(Top3외),충북 증평군,충북,기타(Top5외),국내,0
강력범죄,강도,기타(Top3외),충북 증평군,충북,기타(Top5외),국내,0
강력범죄,강간,기타(Top3외),충북 증평군,충북,기타(Top5외),국내,5
강력범죄,유사강간,기타(Top3외),충북 증평군,충북,기타(Top5외),국내,0
강력범죄,강제추행,기타(Top3외),충북 증평군,충북,기타(Top5외),국내,8
강력범죄,기타 강간/강제추행등,기타(Top3외),충북 증평군,충북,기타(Top5외),국내,0
강력범죄,방화,기타(Top3외),충북 증평군,충북,기타(Top5외),국내,0
절도범죄,절도범죄,기타(Top3외),충북 증평군,충북,기타(Top5외),국내,75
폭력범죄,상해,기타(Top3외),충북 증평군,충북,기타(Top5외),국내,14
폭력범죄,폭행,기타(Top3외),충북 증평군,충북,기타(Top5외),국내,59
폭력범죄,체포/감금,기타(Top3외),충북 증평군,충북,기타(Top5외),국내,0
폭력범죄,협박,기타(Top3외),충북 증평군,충북,기타(Top5외),국내,10
폭력범죄,약취/유인,기타(Top3외),충북 증평군,충북,기타(Top5외),국내,0
폭력범죄,폭력행위등,기타(Top3외),충북 증평군,충북,기타(Top5외),국내,1
폭력범죄,공갈,기타(Top3외),충북 증평군,충북,기타(Top5외),국내,2
폭력범죄,손괴,기타(Top3외),충북 증평군,충북,기타(Top5외),국내,17
지능범죄,직무유기,지능범죄,충북 증평군,충북,기타(Top5외),국내,0
지능범죄,직권남용,지능범죄,충북 증평군,충북,기타(Top5외),국내,0
지능범죄,증수뢰,지능범죄,충북 증평군,충북,기타(Top5외),국내,0
지능범죄,통화,지능범죄,충북 증평군,충북,기타(Top5외),국내,0
지능범죄,문서/인장,지능범죄,충북 증평군,충북,기타(Top5외),국내,3
지능범죄,유가증권인지,지능범죄,충북 증평군,충북,기타(Top5외),국내,0
지능범죄,사기,지능범죄,충북 증평군,충북,기타(Top5외),국내,128
지능범죄,횡령,지능범죄,충북 증평군,충북,기타(Top5외),국내,11
지능범죄,배임,지능범죄,충북 증평군,충북,기타(Top5외),국내,0
풍속범죄,성풍속범죄,기타(Top3외),충북 증평군,충북,기타(Top5외),국내,6
풍속범죄,도박범죄,기타(Top3외),충북 증평군,충북,기타(Top5외),국내,2
특별경제범죄,특별경제범죄,기타(Top3외),충북 증평군,충북,기타(Top5외),국내,33
마약범죄,마약범죄,기타(Top3외),충북 증평군,충북,기타(Top5외),국내,2
보건범죄,보건범죄,기타(Top3외),충북 증평군,충북,기타(Top5외),국내,1
환경범죄,환경범죄,기타(Top3외),충북 증평군,충북,기타(Top5외),국내,0
교통범죄,교통범죄,교통범죄,충북 증평군,충북,기타(Top5외),국내,154
노동범죄,노동범죄,기타(Top3외),충북 증평군,충북,기타(Top5외),국내,0
안보범죄,안보범죄,기타(Top3외),충북 증평군,충북,기타(Top5외),국내,0
선거범죄,선거범죄,기타(Top3외),충북 증평군,충북,기타(Top5외),국내,0
병역범죄,병역범죄,기타(Top3외),충북 증평군,충북,기타(Top5외),국내,3
기타범죄,기타범죄,기타범죄,충북 증평군,충북,기타(Top5외),국내,141
강력범죄,살인기수,기타(Top3외),충북 진천군,충북,기타(Top5외),국내,0
강력범죄,살인미수등,기타(Top3외),충북 진천군,충북,기타(Top5외),국내,3
강력범죄,강도,기타(Top3외),충북 진천군,충북,기타(Top5외),국내,0
강력범죄,강간,기타(Top3외),충북 진천군,충북,기타(Top5외),국내,12
강력범죄,유사강간,기타(Top3외),충북 진천군,충북,기타(Top5외),국내,0
강력범죄,강제추행,기타(Top3외),충북 진천군,충북,기타(Top5외),국내,29
강력범죄,기타 강간/강제추행등,기타(Top3외),충북 진천군,충북,기타(Top5외),국내,0
강력범죄,방화,기타(Top3외),충북 진천군,충북,기타(Top5외),국내,2
절도범죄,절도범죄,기타(Top3외),충북 진천군,충북,기타(Top5외),국내,250
폭력범죄,상해,기타(Top3외),충북 진천군,충북,기타(Top5외),국내,49
폭력범죄,폭행,기타(Top3외),충북 진천군,충북,기타(Top5외),국내,156
폭력범죄,체포/감금,기타(Top3외),충북 진천군,충북,기타(Top5외),국내,2
폭력범죄,협박,기타(Top3외),충북 진천군,충북,기타(Top5외),국내,79
폭력범죄,약취/유인,기타(Top3외),충북 진천군,충북,기타(Top5외),국내,0
폭력범죄,폭력행위등,기타(Top3외),충북 진천군,충북,기타(Top5외),국내,20
폭력범죄,공갈,기타(Top3외),충북 진천군,충북,기타(Top5외),국내,12
폭력범죄,손괴,기타(Top3외),충북 진천군,충북,기타(Top5외),국내,119
지능범죄,직무유기,지능범죄,충북 진천군,충북,기타(Top5외),국내,0
지능범죄,직권남용,지능범죄,충북 진천군,충북,기타(Top5외),국내,1
지능범죄,증수뢰,지능범죄,충북 진천군,충북,기타(Top5외),국내,0
지능범죄,통화,지능범죄,충북 진천군,충북,기타(Top5외),국내,0
지능범죄,문서/인장,지능범죄,충북 진천군,충북,기타(Top5외),국내,18
지능범죄,유가증권인지,지능범죄,충북 진천군,충북,기타(Top5외),국내,0
지능범죄,사기,지능범죄,충북 진천군,충북,기타(Top5외),국내,1071
지능범죄,횡령,지능범죄,충북 진천군,충북,기타(Top5외),국내,75
지능범죄,배임,지능범죄,충북 진천군,충북,기타(Top5외),국내,10
풍속범죄,성풍속범죄,기타(Top3외),충북 진천군,충북,기타(Top5외),국내,13
풍속범죄,도박범죄,기타(Top3외),충북 진천군,충북,기타(Top5외),국내,19
특별경제범죄,특별경제범죄,기타(Top3외),충북 진천군,충북,기타(Top5외),국내,156
마약범죄,마약범죄,기타(Top3외),충북 진천군,충북,기타(Top5외),국내,48
보건범죄,보건범죄,기타(Top3외),충북 진천군,충북,기타(Top5외),국내,8
환경범죄,환경범죄,기타(Top3외),충북 진천군,충북,기타(Top5외),국내,2
교통범죄,교통범죄,교통범죄,충북 진천군,충북,기타(Top5외),국내,651
노동범죄,노동범죄,기타(Top3외),충북 진천군,충북,기타(Top5외),국내,0
안보범죄,안보범죄,기타(Top3외),충북 진천군,충북,기타(Top5외),국내,1
선거범죄,선거범죄,기타(Top3외),충북 진천군,충북,기타(Top5외),국내,0
병역범죄,병역범죄,기타(Top3외),충북 진천군,충북,기타(Top5외),국내,9
기타범죄,기타범죄,기타범죄,충북 진천군,충북,기타(Top5외),국내,459
강력범죄,살인기수,기타(Top3외),충북 괴산군,충북,기타(Top5외),국내,0
강력범죄,살인미수등,기타(Top3외),충북 괴산군,충북,기타(Top5외),국내,0
강력범죄,강도,기타(Top3외),충북 괴산군,충북,기타(Top5외),국내,1
강력범죄,강간,기타(Top3외),충북 괴산군,충북,기타(Top5외),국내,4
강력범죄,유사강간,기타(Top3외),충북 괴산군,충북,기타(Top5외),국내,0
강력범죄,강제추행,기타(Top3외),충북 괴산군,충북,기타(Top5외),국내,7
강력범죄,기타 강간/강제추행등,기타(Top3외),충북 괴산군,충북,기타(Top5외),국내,0
강력범죄,방화,기타(Top3외),충북 괴산군,충북,기타(Top5외),국내,0
절도범죄,절도범죄,기타(Top3외),충북 괴산군,충북,기타(Top5외),국내,42
폭력범죄,상해,기타(Top3외),충북 괴산군,충북,기타(Top5외),국내,27
폭력범죄,폭행,기타(Top3외),충북 괴산군,충북,기타(Top5외),국내,44
폭력범죄,체포/감금,기타(Top3외),충북 괴산군,충북,기타(Top5외),국내,1
폭력범죄,협박,기타(Top3외),충북 괴산군,충북,기타(Top5외),국내,18
폭력범죄,약취/유인,기타(Top3외),충북 괴산군,충북,기타(Top5외),국내,0
폭력범죄,폭력행위등,기타(Top3외),충북 괴산군,충북,기타(Top5외),국내,1
폭력범죄,공갈,기타(Top3외),충북 괴산군,충북,기타(Top5외),국내,2
폭력범죄,손괴,기타(Top3외),충북 괴산군,충북,기타(Top5외),국내,35
지능범죄,직무유기,지능범죄,충북 괴산군,충북,기타(Top5외),국내,0
지능범죄,직권남용,지능범죄,충북 괴산군,충북,기타(Top5외),국내,0
지능범죄,증수뢰,지능범죄,충북 괴산군,충북,기타(Top5외),국내,0
지능범죄,통화,지능범죄,충북 괴산군,충북,기타(Top5외),국내,0
지능범죄,문서/인장,지능범죄,충북 괴산군,충북,기타(Top5외),국내,9
지능범죄,유가증권인지,지능범죄,충북 괴산군,충북,기타(Top5외),국내,0
지능범죄,사기,지능범죄,충북 괴산군,충북,기타(Top5외),국내,431
지능범죄,횡령,지능범죄,충북 괴산군,충북,기타(Top5외),국내,26
지능범죄,배임,지능범죄,충북 괴산군,충북,기타(Top5외),국내,2
풍속범죄,성풍속범죄,기타(Top3외),충북 괴산군,충북,기타(Top5외),국내,12
풍속범죄,도박범죄,기타(Top3외),충북 괴산군,충북,기타(Top5외),국내,4
특별경제범죄,특별경제범죄,기타(Top3외),충북 괴산군,충북,기타(Top5외),국내,55
마약범죄,마약범죄,기타(Top3외),충북 괴산군,충북,기타(Top5외),국내,8
보건범죄,보건범죄,기타(Top3외),충북 괴산군,충북,기타(Top5외),국내,1
환경범죄,환경범죄,기타(Top3외),충북 괴산군,충북,기타(Top5외),국내,0
교통범죄,교통범죄,교통범죄,충북 괴산군,충북,기타(Top5외),국내,167
노동범죄,노동범죄,기타(Top3외),충북 괴산군,충북,기타(Top5외),국내,0
안보범죄,안보범죄,기타(Top3외),충북 괴산군,충북,기타(Top5외),국내,0
선거범죄,선거범죄,기타(Top3외),충북 괴산군,충북,기타(Top5외),국내,1
병역범죄,병역범죄,기타(Top3외),충북 괴산군,충북,기타(Top5외),국내,16
기타범죄,기타범죄,기타범죄,충북 괴산군,충북,기타(Top5외),국내,162
강력범죄,살인기수,기타(Top3외),충북 음성군,충북,기타(Top5외),국내,0
강력범죄,살인미수등,기타(Top3외),충북 음성군,충북,기타(Top5외),국내,1
강력범죄,강도,기타(Top3외),충북 음성군,충북,기타(Top5외),국내,1
강력범죄,강간,기타(Top3외),충북 음성군,충북,기타(Top5외),국내,10
강력범죄,유사강간,기타(Top3외),충북 음성군,충북,기타(Top5외),국내,1
강력범죄,강제추행,기타(Top3외),충북 음성군,충북,기타(Top5외),국내,30
강력범죄,기타 강간/강제추행등,기타(Top3외),충북 음성군,충북,기타(Top5외),국내,1
강력범죄,방화,기타(Top3외),충북 음성군,충북,기타(Top5외),국내,1
절도범죄,절도범죄,기타(Top3외),충북 음성군,충북,기타(Top5외),국내,418
폭력범죄,상해,기타(Top3외),충북 음성군,충북,기타(Top5외),국내,52
폭력범죄,폭행,기타(Top3외),충북 음성군,충북,기타(Top5외),국내,244
폭력범죄,체포/감금,기타(Top3외),충북 음성군,충북,기타(Top5외),국내,4
폭력범죄,협박,기타(Top3외),충북 음성군,충북,기타(Top5외),국내,57
폭력범죄,약취/유인,기타(Top3외),충북 음성군,충북,기타(Top5외),국내,1
폭력범죄,폭력행위등,기타(Top3외),충북 음성군,충북,기타(Top5외),국내,16
폭력범죄,공갈,기타(Top3외),충북 음성군,충북,기타(Top5외),국내,7
폭력범죄,손괴,기타(Top3외),충북 음성군,충북,기타(Top5외),국내,101
지능범죄,직무유기,지능범죄,충북 음성군,충북,기타(Top5외),국내,4
지능범죄,직권남용,지능범죄,충북 음성군,충북,기타(Top5외),국내,1
지능범죄,증수뢰,지능범죄,충북 음성군,충북,기타(Top5외),국내,1
지능범죄,통화,지능범죄,충북 음성군,충북,기타(Top5외),국내,0
지능범죄,문서/인장,지능범죄,충북 음성군,충북,기타(Top5외),국내,20
지능범죄,유가증권인지,지능범죄,충북 음성군,충북,기타(Top5외),국내,0
지능범죄,사기,지능범죄,충북 음성군,충북,기타(Top5외),국내,870
지능범죄,횡령,지능범죄,충북 음성군,충북,기타(Top5외),국내,99
지능범죄,배임,지능범죄,충북 음성군,충북,기타(Top5외),국내,8
풍속범죄,성풍속범죄,기타(Top3외),충북 음성군,충북,기타(Top5외),국내,12
풍속범죄,도박범죄,기타(Top3외),충북 음성군,충북,기타(Top5외),국내,14
특별경제범죄,특별경제범죄,기타(Top3외),충북 음성군,충북,기타(Top5외),국내,111
마약범죄,마약범죄,기타(Top3외),충북 음성군,충북,기타(Top5외),국내,46
보건범죄,보건범죄,기타(Top3외),충북 음성군,충북,기타(Top5외),국내,15
환경범죄,환경범죄,기타(Top3외),충북 음성군,충북,기타(Top5외),국내,3
교통범죄,교통범죄,교통범죄,충북 음성군,충북,기타(Top5외),국내,854
노동범죄,노동범죄,기타(Top3외),충북 음성군,충북,기타(Top5외),국내,1
안보범죄,안보범죄,기타(Top3외),충북 음성군,충북,기타(Top5외),국내,0
선거범죄,선거범죄,기타(Top3외),충북 음성군,충북,기타(Top5외),국내,1
병역범죄,병역범죄,기타(Top3외),충북 음성군,충북,기타(Top5외),국내,1
기타범죄,기타범죄,기타범죄,충북 음성군,충북,기타(Top5외),국내,464
강력범죄,살인기수,기타(Top3외),충북 단양군,충북,기타(Top5외),국내,0
강력범죄,살인미수등,기타(Top3외),충북 단양군,충북,기타(Top5외),국내,0
강력범죄,강도,기타(Top3외),충북 단양군,충북,기타(Top5외),국내,0
강력범죄,강간,기타(Top3외),충북 단양군,충북,기타(Top5외),국내,1
강력범죄,유사강간,기타(Top3외),충북 단양군,충북,기타(Top5외),국내,0
강력범죄,강제추행,기타(Top3외),충북 단양군,충북,기타(Top5외),국내,12
강력범죄,기타 강간/강제추행등,기타(Top3외),충북 단양군,충북,기타(Top5외),국내,0
강력범죄,방화,기타(Top3외),충북 단양군,충북,기타(Top5외),국내,0
절도범죄,절도범죄,기타(Top3외),충북 단양군,충북,기타(Top5외),국내,38
폭력범죄,상해,기타(Top3외),충북 단양군,충북,기타(Top5외),국내,21
폭력범죄,폭행,기타(Top3외),충북 단양군,충북,기타(Top5외),국내,40
폭력범죄,체포/감금,기타(Top3외),충북 단양군,충북,기타(Top5외),국내,1
폭력범죄,협박,기타(Top3외),충북 단양군,충북,기타(Top5외),국내,9
폭력범죄,약취/유인,기타(Top3외),충북 단양군,충북,기타(Top5외),국내,0
폭력범죄,폭력행위등,기타(Top3외),충북 단양군,충북,기타(Top5외),국내,0
폭력범죄,공갈,기타(Top3외),충북 단양군,충북,기타(Top5외),국내,3
폭력범죄,손괴,기타(Top3외),충북 단양군,충북,기타(Top5외),국내,32
지능범죄,직무유기,지능범죄,충북 단양군,충북,기타(Top5외),국내,0
지능범죄,직권남용,지능범죄,충북 단양군,충북,기타(Top5외),국내,3
지능범죄,증수뢰,지능범죄,충북 단양군,충북,기타(Top5외),국내,0
지능범죄,통화,지능범죄,충북 단양군,충북,기타(Top5외),국내,0
지능범죄,문서/인장,지능범죄,충북 단양군,충북,기타(Top5외),국내,2
지능범죄,유가증권인지,지능범죄,충북 단양군,충북,기타(Top5외),국내,0
지능범죄,사기,지능범죄,충북 단양군,충북,기타(Top5외),국내,116
지능범죄,횡령,지능범죄,충북 단양군,충북,기타(Top5외),국내,19
지능범죄,배임,지능범죄,충북 단양군,충북,기타(Top5외),국내,2
풍속범죄,성풍속범죄,기타(Top3외),충북 단양군,충북,기타(Top5외),국내,2
풍속범죄,도박범죄,기타(Top3외),충북 단양군,충북,기타(Top5외),국내,4
특별경제범죄,특별경제범죄,기타(Top3외),충북 단양군,충북,기타(Top5외),국내,43
마약범죄,마약범죄,기타(Top3외),충북 단양군,충북,기타(Top5외),국내,6
보건범죄,보건범죄,기타(Top3외),충북 단양군,충북,기타(Top5외),국내,3
환경범죄,환경범죄,기타(Top3외),충북 단양군,충북,기타(Top5외),국내,0
교통범죄,교통범죄,교통범죄,충북 단양군,충북,기타(Top5외),국내,133
노동범죄,노동범죄,기타(Top3외),충북 단양군,충북,기타(Top5외),국내,0
안보범죄,안보범죄,기타(Top3외),충북 단양군,충북,기타(Top5외),국내,0
선거범죄,선거범죄,기타(Top3외),충북 단양군,충북,기타(Top5외),국내,0
병역범죄,병역범죄,기타(Top3외),충북 단양군,충북,기타(Top5외),국내,5
기타범죄,기타범죄,기타범죄,충북 단양군,충북,기타(Top5외),국내,95
강력범죄,살인기수,기타(Top3외),충남 계룡시,충남,기타(Top5외),국내,0
강력범죄,살인미수등,기타(Top3외),충남 계룡시,충남,기타(Top5외),국내,0
강력범죄,강도,기타(Top3외),충남 계룡시,충남,기타(Top5외),국내,0
강력범죄,강간,기타(Top3외),충남 계룡시,충남,기타(Top5외),국내,3
강력범죄,유사강간,기타(Top3외),충남 계룡시,충남,기타(Top5외),국내,1
강력범죄,강제추행,기타(Top3외),충남 계룡시,충남,기타(Top5외),국내,4
강력범죄,기타 강간/강제추행등,기타(Top3외),충남 계룡시,충남,기타(Top5외),국내,0
강력범죄,방화,기타(Top3외),충남 계룡시,충남,기타(Top5외),국내,0
절도범죄,절도범죄,기타(Top3외),충남 계룡시,충남,기타(Top5외),국내,45
폭력범죄,상해,기타(Top3외),충남 계룡시,충남,기타(Top5외),국내,11
폭력범죄,폭행,기타(Top3외),충남 계룡시,충남,기타(Top5외),국내,33
폭력범죄,체포/감금,기타(Top3외),충남 계룡시,충남,기타(Top5외),국내,2
폭력범죄,협박,기타(Top3외),충남 계룡시,충남,기타(Top5외),국내,10
폭력범죄,약취/유인,기타(Top3외),충남 계룡시,충남,기타(Top5외),국내,0
폭력범죄,폭력행위등,기타(Top3외),충남 계룡시,충남,기타(Top5외),국내,1
폭력범죄,공갈,기타(Top3외),충남 계룡시,충남,기타(Top5외),국내,0
폭력범죄,손괴,기타(Top3외),충남 계룡시,충남,기타(Top5외),국내,13
지능범죄,직무유기,지능범죄,충남 계룡시,충남,기타(Top5외),국내,1
지능범죄,직권남용,지능범죄,충남 계룡시,충남,기타(Top5외),국내,2
지능범죄,증수뢰,지능범죄,충남 계룡시,충남,기타(Top5외),국내,0
지능범죄,통화,지능범죄,충남 계룡시,충남,기타(Top5외),국내,0
지능범죄,문서/인장,지능범죄,충남 계룡시,충남,기타(Top5외),국내,14
지능범죄,유가증권인지,지능범죄,충남 계룡시,충남,기타(Top5외),국내,0
지능범죄,사기,지능범죄,충남 계룡시,충남,기타(Top5외),국내,120
지능범죄,횡령,지능범죄,충남 계룡시,충남,기타(Top5외),국내,9
지능범죄,배임,지능범죄,충남 계룡시,충남,기타(Top5외),국내,2
풍속범죄,성풍속범죄,기타(Top3외),충남 계룡시,충남,기타(Top5외),국내,10
풍속범죄,도박범죄,기타(Top3외),충남 계룡시,충남,기타(Top5외),국내,1
특별경제범죄,특별경제범죄,기타(Top3외),충남 계룡시,충남,기타(Top5외),국내,38
마약범죄,마약범죄,기타(Top3외),충남 계룡시,충남,기타(Top5외),국내,3
보건범죄,보건범죄,기타(Top3외),충남 계룡시,충남,기타(Top5외),국내,2
환경범죄,환경범죄,기타(Top3외),충남 계룡시,충남,기타(Top5외),국내,0
교통범죄,교통범죄,교통범죄,충남 계룡시,충남,기타(Top5외),국내,98
노동범죄,노동범죄,기타(Top3외),충남 계룡시,충남,기타(Top5외),국내,0
안보범죄,안보범죄,기타(Top3외),충남 계룡시,충남,기타(Top5외),국내,0
선거범죄,선거범죄,기타(Top3외),충남 계룡시,충남,기타(Top5외),국내,2
병역범죄,병역범죄,기타(Top3외),충남 계룡시,충남,기타(Top5외),국내,3
기타범죄,기타범죄,기타범죄,충남 계룡시,충남,기타(Top5외),국내,96
강력범죄,살인기수,기타(Top3외),충남 공주시,충남,기타(Top5외),국내,0
강력범죄,살인미수등,기타(Top3외),충남 공주시,충남,기타(Top5외),국내,3
강력범죄,강도,기타(Top3외),충남 공주시,충남,기타(Top5외),국내,0
강력범죄,강간,기타(Top3외),충남 공주시,충남,기타(Top5외),국내,11
강력범죄,유사강간,기타(Top3외),충남 공주시,충남,기타(Top5외),국내,5
강력범죄,강제추행,기타(Top3외),충남 공주시,충남,기타(Top5외),국내,27
강력범죄,기타 강간/강제추행등,기타(Top3외),충남 공주시,충남,기타(Top5외),국내,0
강력범죄,방화,기타(Top3외),충남 공주시,충남,기타(Top5외),국내,3
절도범죄,절도범죄,기타(Top3외),충남 공주시,충남,기타(Top5외),국내,244
폭력범죄,상해,기타(Top3외),충남 공주시,충남,기타(Top5외),국내,55
폭력범죄,폭행,기타(Top3외),충남 공주시,충남,기타(Top5외),국내,116
폭력범죄,체포/감금,기타(Top3외),충남 공주시,충남,기타(Top5외),국내,3
폭력범죄,협박,기타(Top3외),충남 공주시,충남,기타(Top5외),국내,32
폭력범죄,약취/유인,기타(Top3외),충남 공주시,충남,기타(Top5외),국내,0
폭력범죄,폭력행위등,기타(Top3외),충남 공주시,충남,기타(Top5외),국내,10
폭력범죄,공갈,기타(Top3외),충남 공주시,충남,기타(Top5외),국내,12
폭력범죄,손괴,기타(Top3외),충남 공주시,충남,기타(Top5외),국내,87
지능범죄,직무유기,지능범죄,충남 공주시,충남,기타(Top5외),국내,4
지능범죄,직권남용,지능범죄,충남 공주시,충남,기타(Top5외),국내,2
지능범죄,증수뢰,지능범죄,충남 공주시,충남,기타(Top5외),국내,0
지능범죄,통화,지능범죄,충남 공주시,충남,기타(Top5외),국내,0
지능범죄,문서/인장,지능범죄,충남 공주시,충남,기타(Top5외),국내,28
지능범죄,유가증권인지,지능범죄,충남 공주시,충남,기타(Top5외),국내,0
지능범죄,사기,지능범죄,충남 공주시,충남,기타(Top5외),국내,704
지능범죄,횡령,지능범죄,충남 공주시,충남,기타(Top5외),국내,87
지능범죄,배임,지능범죄,충남 공주시,충남,기타(Top5외),국내,11
풍속범죄,성풍속범죄,기타(Top3외),충남 공주시,충남,기타(Top5외),국내,22
풍속범죄,도박범죄,기타(Top3외),충남 공주시,충남,기타(Top5외),국내,9
특별경제범죄,특별경제범죄,기타(Top3외),충남 공주시,충남,기타(Top5외),국내,170
마약범죄,마약범죄,기타(Top3외),충남 공주시,충남,기타(Top5외),국내,20
보건범죄,보건범죄,기타(Top3외),충남 공주시,충남,기타(Top5외),국내,7
환경범죄,환경범죄,기타(Top3외),충남 공주시,충남,기타(Top5외),국내,3
교통범죄,교통범죄,교통범죄,충남 공주시,충남,기타(Top5외),국내,856
노동범죄,노동범죄,기타(Top3외),충남 공주시,충남,기타(Top5외),국내,0
안보범죄,안보범죄,기타(Top3외),충남 공주시,충남,기타(Top5외),국내,0
선거범죄,선거범죄,기타(Top3외),충남 공주시,충남,기타(Top5외),국내,3
병역범죄,병역범죄,기타(Top3외),충남 공주시,충남,기타(Top5외),국내,12
기타범죄,기타범죄,기타범죄,충남 공주시,충남,기타(Top5외),국내,459
강력범죄,살인기수,기타(Top3외),충남 논산시,충남,기타(Top5외),국내,0
강력범죄,살인미수등,기타(Top3외),충남 논산시,충남,기타(Top5외),국내,1
강력범죄,강도,기타(Top3외),충남 논산시,충남,기타(Top5외),국내,2
강력범죄,강간,기타(Top3외),충남 논산시,충남,기타(Top5외),국내,11
강력범죄,유사강간,기타(Top3외),충남 논산시,충남,기타(Top5외),국내,5
강력범죄,강제추행,기타(Top3외),충남 논산시,충남,기타(Top5외),국내,16
강력범죄,기타 강간/강제추행등,기타(Top3외),충남 논산시,충남,기타(Top5외),국내,0
강력범죄,방화,기타(Top3외),충남 논산시,충남,기타(Top5외),국내,2
절도범죄,절도범죄,기타(Top3외),충남 논산시,충남,기타(Top5외),국내,373
폭력범죄,상해,기타(Top3외),충남 논산시,충남,기타(Top5외),국내,79
폭력범죄,폭행,기타(Top3외),충남 논산시,충남,기타(Top5외),국내,203
폭력범죄,체포/감금,기타(Top3외),충남 논산시,충남,기타(Top5외),국내,3
폭력범죄,협박,기타(Top3외),충남 논산시,충남,기타(Top5외),국내,45
폭력범죄,약취/유인,기타(Top3외),충남 논산시,충남,기타(Top5외),국내,0
폭력범죄,폭력행위등,기타(Top3외),충남 논산시,충남,기타(Top5외),국내,14
폭력범죄,공갈,기타(Top3외),충남 논산시,충남,기타(Top5외),국내,10
폭력범죄,손괴,기타(Top3외),충남 논산시,충남,기타(Top5외),국내,93
지능범죄,직무유기,지능범죄,충남 논산시,충남,기타(Top5외),국내,9
지능범죄,직권남용,지능범죄,충남 논산시,충남,기타(Top5외),국내,7
지능범죄,증수뢰,지능범죄,충남 논산시,충남,기타(Top5외),국내,0
지능범죄,통화,지능범죄,충남 논산시,충남,기타(Top5외),국내,0
지능범죄,문서/인장,지능범죄,충남 논산시,충남,기타(Top5외),국내,39
지능범죄,유가증권인지,지능범죄,충남 논산시,충남,기타(Top5외),국내,0
지능범죄,사기,지능범죄,충남 논산시,충남,기타(Top5외),국내,1030
지능범죄,횡령,지능범죄,충남 논산시,충남,기타(Top5외),국내,83
지능범죄,배임,지능범죄,충남 논산시,충남,기타(Top5외),국내,5
풍속범죄,성풍속범죄,기타(Top3외),충남 논산시,충남,기타(Top5외),국내,11
풍속범죄,도박범죄,기타(Top3외),충남 논산시,충남,기타(Top5외),국내,20
특별경제범죄,특별경제범죄,기타(Top3외),충남 논산시,충남,기타(Top5외),국내,171
마약범죄,마약범죄,기타(Top3외),충남 논산시,충남,기타(Top5외),국내,13
보건범죄,보건범죄,기타(Top3외),충남 논산시,충남,기타(Top5외),국내,5
환경범죄,환경범죄,기타(Top3외),충남 논산시,충남,기타(Top5외),국내,2
교통범죄,교통범죄,교통범죄,충남 논산시,충남,기타(Top5외),국내,634
노동범죄,노동범죄,기타(Top3외),충남 논산시,충남,기타(Top5외),국내,1
안보범죄,안보범죄,기타(Top3외),충남 논산시,충남,기타(Top5외),국내,0
선거범죄,선거범죄,기타(Top3외),충남 논산시,충남,기타(Top5외),국내,7
병역범죄,병역범죄,기타(Top3외),충남 논산시,충남,기타(Top5외),국내,34
기타범죄,기타범죄,기타범죄,충남 논산시,충남,기타(Top5외),국내,484
강력범죄,살인기수,기타(Top3외),충남 당진시,충남,기타(Top5외),국내,0
강력범죄,살인미수등,기타(Top3외),충남 당진시,충남,기타(Top5외),국내,4
강력범죄,강도,기타(Top3외),충남 당진시,충남,기타(Top5외),국내,0
강력범죄,강간,기타(Top3외),충남 당진시,충남,기타(Top5외),국내,14
강력범죄,유사강간,기타(Top3외),충남 당진시,충남,기타(Top5외),국내,4
강력범죄,강제추행,기타(Top3외),충남 당진시,충남,기타(Top5외),국내,54
강력범죄,기타 강간/강제추행등,기타(Top3외),충남 당진시,충남,기타(Top5외),국내,1
강력범죄,방화,기타(Top3외),충남 당진시,충남,기타(Top5외),국내,3
절도범죄,절도범죄,기타(Top3외),충남 당진시,충남,기타(Top5외),국내,314
폭력범죄,상해,기타(Top3외),충남 당진시,충남,기타(Top5외),국내,84
폭력범죄,폭행,기타(Top3외),충남 당진시,충남,기타(Top5외),국내,342
폭력범죄,체포/감금,기타(Top3외),충남 당진시,충남,기타(Top5외),국내,3
폭력범죄,협박,기타(Top3외),충남 당진시,충남,기타(Top5외),국내,90
폭력범죄,약취/유인,기타(Top3외),충남 당진시,충남,기타(Top5외),국내,1
폭력범죄,폭력행위등,기타(Top3외),충남 당진시,충남,기타(Top5외),국내,29
폭력범죄,공갈,기타(Top3외),충남 당진시,충남,기타(Top5외),국내,19
폭력범죄,손괴,기타(Top3외),충남 당진시,충남,기타(Top5외),국내,173
지능범죄,직무유기,지능범죄,충남 당진시,충남,기타(Top5외),국내,1
지능범죄,직권남용,지능범죄,충남 당진시,충남,기타(Top5외),국내,11
지능범죄,증수뢰,지능범죄,충남 당진시,충남,기타(Top5외),국내,3
지능범죄,통화,지능범죄,충남 당진시,충남,기타(Top5외),국내,0
지능범죄,문서/인장,지능범죄,충남 당진시,충남,기타(Top5외),국내,27
지능범죄,유가증권인지,지능범죄,충남 당진시,충남,기타(Top5외),국내,0
지능범죄,사기,지능범죄,충남 당진시,충남,기타(Top5외),국내,1467
지능범죄,횡령,지능범죄,충남 당진시,충남,기타(Top5외),국내,117
지능범죄,배임,지능범죄,충남 당진시,충남,기타(Top5외),국내,21
풍속범죄,성풍속범죄,기타(Top3외),충남 당진시,충남,기타(Top5외),국내,58
풍속범죄,도박범죄,기타(Top3외),충남 당진시,충남,기타(Top5외),국내,65
특별경제범죄,특별경제범죄,기타(Top3외),충남 당진시,충남,기타(Top5외),국내,359
마약범죄,마약범죄,기타(Top3외),충남 당진시,충남,기타(Top5외),국내,32
보건범죄,보건범죄,기타(Top3외),충남 당진시,충남,기타(Top5외),국내,14
환경범죄,환경범죄,기타(Top3외),충남 당진시,충남,기타(Top5외),국내,2
교통범죄,교통범죄,교통범죄,충남 당진시,충남,기타(Top5외),국내,1542
노동범죄,노동범죄,기타(Top3외),충남 당진시,충남,기타(Top5외),국내,2
안보범죄,안보범죄,기타(Top3외),충남 당진시,충남,기타(Top5외),국내,0
선거범죄,선거범죄,기타(Top3외),충남 당진시,충남,기타(Top5외),국내,8
병역범죄,병역범죄,기타(Top3외),충남 당진시,충남,기타(Top5외),국내,30
기타범죄,기타범죄,기타범죄,충남 당진시,충남,기타(Top5외),국내,1015
강력범죄,살인기수,기타(Top3외),충남 보령시,충남,기타(Top5외),국내,0
강력범죄,살인미수등,기타(Top3외),충남 보령시,충남,기타(Top5외),국내,2
강력범죄,강도,기타(Top3외),충남 보령시,충남,기타(Top5외),국내,1
강력범죄,강간,기타(Top3외),충남 보령시,충남,기타(Top5외),국내,13
강력범죄,유사강간,기타(Top3외),충남 보령시,충남,기타(Top5외),국내,1
강력범죄,강제추행,기타(Top3외),충남 보령시,충남,기타(Top5외),국내,29
강력범죄,기타 강간/강제추행등,기타(Top3외),충남 보령시,충남,기타(Top5외),국내,0
강력범죄,방화,기타(Top3외),충남 보령시,충남,기타(Top5외),국내,4
절도범죄,절도범죄,기타(Top3외),충남 보령시,충남,기타(Top5외),국내,290
폭력범죄,상해,기타(Top3외),충남 보령시,충남,기타(Top5외),국내,63
폭력범죄,폭행,기타(Top3외),충남 보령시,충남,기타(Top5외),국내,142
폭력범죄,체포/감금,기타(Top3외),충남 보령시,충남,기타(Top5외),국내,5
폭력범죄,협박,기타(Top3외),충남 보령시,충남,기타(Top5외),국내,34
폭력범죄,약취/유인,기타(Top3외),충남 보령시,충남,기타(Top5외),국내,2
폭력범죄,폭력행위등,기타(Top3외),충남 보령시,충남,기타(Top5외),국내,13
폭력범죄,공갈,기타(Top3외),충남 보령시,충남,기타(Top5외),국내,12
폭력범죄,손괴,기타(Top3외),충남 보령시,충남,기타(Top5외),국내,74
지능범죄,직무유기,지능범죄,충남 보령시,충남,기타(Top5외),국내,0
지능범죄,직권남용,지능범죄,충남 보령시,충남,기타(Top5외),국내,2
지능범죄,증수뢰,지능범죄,충남 보령시,충남,기타(Top5외),국내,0
지능범죄,통화,지능범죄,충남 보령시,충남,기타(Top5외),국내,0
지능범죄,문서/인장,지능범죄,충남 보령시,충남,기타(Top5외),국내,17
지능범죄,유가증권인지,지능범죄,충남 보령시,충남,기타(Top5외),국내,0
지능범죄,사기,지능범죄,충남 보령시,충남,기타(Top5외),국내,589
지능범죄,횡령,지능범죄,충남 보령시,충남,기타(Top5외),국내,68
지능범죄,배임,지능범죄,충남 보령시,충남,기타(Top5외),국내,6
풍속범죄,성풍속범죄,기타(Top3외),충남 보령시,충남,기타(Top5외),국내,30
풍속범죄,도박범죄,기타(Top3외),충남 보령시,충남,기타(Top5외),국내,8
특별경제범죄,특별경제범죄,기타(Top3외),충남 보령시,충남,기타(Top5외),국내,163
마약범죄,마약범죄,기타(Top3외),충남 보령시,충남,기타(Top5외),국내,25
보건범죄,보건범죄,기타(Top3외),충남 보령시,충남,기타(Top5외),국내,6
환경범죄,환경범죄,기타(Top3외),충남 보령시,충남,기타(Top5외),국내,0
교통범죄,교통범죄,교통범죄,충남 보령시,충남,기타(Top5외),국내,531
노동범죄,노동범죄,기타(Top3외),충남 보령시,충남,기타(Top5외),국내,0
안보범죄,안보범죄,기타(Top3외),충남 보령시,충남,기타(Top5외),국내,1
선거범죄,선거범죄,기타(Top3외),충남 보령시,충남,기타(Top5외),국내,5
병역범죄,병역범죄,기타(Top3외),충남 보령시,충남,기타(Top5외),국내,15
기타범죄,기타범죄,기타범죄,충남 보령시,충남,기타(Top5외),국내,413
강력범죄,살인기수,기타(Top3외),충남 서산시,충남,기타(Top5외),국내,2
강력범죄,살인미수등,기타(Top3외),충남 서산시,충남,기타(Top5외),국내,4
강력범죄,강도,기타(Top3외),충남 서산시,충남,기타(Top5외),국내,4
강력범죄,강간,기타(Top3외),충남 서산시,충남,기타(Top5외),국내,12
강력범죄,유사강간,기타(Top3외),충남 서산시,충남,기타(Top5외),국내,6
강력범죄,강제추행,기타(Top3외),충남 서산시,충남,기타(Top5외),국내,60
강력범죄,기타 강간/강제추행등,기타(Top3외),충남 서산시,충남,기타(Top5외),국내,1
강력범죄,방화,기타(Top3외),충남 서산시,충남,기타(Top5외),국내,8
절도범죄,절도범죄,기타(Top3외),충남 서산시,충남,기타(Top5외),국내,349
폭력범죄,상해,기타(Top3외),충남 서산시,충남,기타(Top5외),국내,71
폭력범죄,폭행,기타(Top3외),충남 서산시,충남,기타(Top5외),국내,380
폭력범죄,체포/감금,기타(Top3외),충남 서산시,충남,기타(Top5외),국내,3
폭력범죄,협박,기타(Top3외),충남 서산시,충남,기타(Top5외),국내,87
폭력범죄,약취/유인,기타(Top3외),충남 서산시,충남,기타(Top5외),국내,0
폭력범죄,폭력행위등,기타(Top3외),충남 서산시,충남,기타(Top5외),국내,22
폭력범죄,공갈,기타(Top3외),충남 서산시,충남,기타(Top5외),국내,26
폭력범죄,손괴,기타(Top3외),충남 서산시,충남,기타(Top5외),국내,152
지능범죄,직무유기,지능범죄,충남 서산시,충남,기타(Top5외),국내,2
지능범죄,직권남용,지능범죄,충남 서산시,충남,기타(Top5외),국내,6
지능범죄,증수뢰,지능범죄,충남 서산시,충남,기타(Top5외),국내,2
지능범죄,통화,지능범죄,충남 서산시,충남,기타(Top5외),국내,0
지능범죄,문서/인장,지능범죄,충남 서산시,충남,기타(Top5외),국내,26
지능범죄,유가증권인지,지능범죄,충남 서산시,충남,기타(Top5외),국내,0
지능범죄,사기,지능범죄,충남 서산시,충남,기타(Top5외),국내,1413
지능범죄,횡령,지능범죄,충남 서산시,충남,기타(Top5외),국내,118
지능범죄,배임,지능범죄,충남 서산시,충남,기타(Top5외),국내,16
풍속범죄,성풍속범죄,기타(Top3외),충남 서산시,충남,기타(Top5외),국내,52
풍속범죄,도박범죄,기타(Top3외),충남 서산시,충남,기타(Top5외),국내,9
특별경제범죄,특별경제범죄,기타(Top3외),충남 서산시,충남,기타(Top5외),국내,342
마약범죄,마약범죄,기타(Top3외),충남 서산시,충남,기타(Top5외),국내,67
보건범죄,보건범죄,기타(Top3외),충남 서산시,충남,기타(Top5외),국내,9
환경범죄,환경범죄,기타(Top3외),충남 서산시,충남,기타(Top5외),국내,13
교통범죄,교통범죄,교통범죄,충남 서산시,충남,기타(Top5외),국내,1068
노동범죄,노동범죄,기타(Top3외),충남 서산시,충남,기타(Top5외),국내,0
안보범죄,안보범죄,기타(Top3외),충남 서산시,충남,기타(Top5외),국내,1
선거범죄,선거범죄,기타(Top3외),충남 서산시,충남,기타(Top5외),국내,21
병역범죄,병역범죄,기타(Top3외),충남 서산시,충남,기타(Top5외),국내,24
기타범죄,기타범죄,기타범죄,충남 서산시,충남,기타(Top5외),국내,773
강력범죄,살인기수,기타(Top3외),충남 아산시,충남,기타(Top5외),국내,1
강력범죄,살인미수등,기타(Top3외),충남 아산시,충남,기타(Top5외),국내,4
강력범죄,강도,기타(Top3외),충남 아산시,충남,기타(Top5외),국내,5
강력범죄,강간,기타(Top3외),충남 아산시,충남,기타(Top5외),국내,32
강력범죄,유사강간,기타(Top3외),충남 아산시,충남,기타(Top5외),국내,6
강력범죄,강제추행,기타(Top3외),충남 아산시,충남,기타(Top5외),국내,94
강력범죄,기타 강간/강제추행등,기타(Top3외),충남 아산시,충남,기타(Top5외),국내,1
강력범죄,방화,기타(Top3외),충남 아산시,충남,기타(Top5외),국내,5
절도범죄,절도범죄,기타(Top3외),충남 아산시,충남,기타(Top5외),국내,1189
폭력범죄,상해,기타(Top3외),충남 아산시,충남,기타(Top5외),국내,127
폭력범죄,폭행,기타(Top3외),충남 아산시,충남,기타(Top5외),국내,754
폭력범죄,체포/감금,기타(Top3외),충남 아산시,충남,기타(Top5외),국내,9
폭력범죄,협박,기타(Top3외),충남 아산시,충남,기타(Top5외),국내,182
폭력범죄,약취/유인,기타(Top3외),충남 아산시,충남,기타(Top5외),국내,5
폭력범죄,폭력행위등,기타(Top3외),충남 아산시,충남,기타(Top5외),국내,73
폭력범죄,공갈,기타(Top3외),충남 아산시,충남,기타(Top5외),국내,33
폭력범죄,손괴,기타(Top3외),충남 아산시,충남,기타(Top5외),국내,340
지능범죄,직무유기,지능범죄,충남 아산시,충남,기타(Top5외),국내,6
지능범죄,직권남용,지능범죄,충남 아산시,충남,기타(Top5외),국내,11
지능범죄,증수뢰,지능범죄,충남 아산시,충남,기타(Top5외),국내,3
지능범죄,통화,지능범죄,충남 아산시,충남,기타(Top5외),국내,2
지능범죄,문서/인장,지능범죄,충남 아산시,충남,기타(Top5외),국내,91
지능범죄,유가증권인지,지능범죄,충남 아산시,충남,기타(Top5외),국내,0
지능범죄,사기,지능범죄,충남 아산시,충남,기타(Top5외),국내,2646
지능범죄,횡령,지능범죄,충남 아산시,충남,기타(Top5외),국내,282
지능범죄,배임,지능범죄,충남 아산시,충남,기타(Top5외),국내,36
풍속범죄,성풍속범죄,기타(Top3외),충남 아산시,충남,기타(Top5외),국내,110
풍속범죄,도박범죄,기타(Top3외),충남 아산시,충남,기타(Top5외),국내,55
특별경제범죄,특별경제범죄,기타(Top3외),충남 아산시,충남,기타(Top5외),국내,579
마약범죄,마약범죄,기타(Top3외),충남 아산시,충남,기타(Top5외),국내,68
보건범죄,보건범죄,기타(Top3외),충남 아산시,충남,기타(Top5외),국내,27
환경범죄,환경범죄,기타(Top3외),충남 아산시,충남,기타(Top5외),국내,0
교통범죄,교통범죄,교통범죄,충남 아산시,충남,기타(Top5외),국내,2237
노동범죄,노동범죄,기타(Top3외),충남 아산시,충남,기타(Top5외),국내,0
안보범죄,안보범죄,기타(Top3외),충남 아산시,충남,기타(Top5외),국내,1
선거범죄,선거범죄,기타(Top3외),충남 아산시,충남,기타(Top5외),국내,9
병역범죄,병역범죄,기타(Top3외),충남 아산시,충남,기타(Top5외),국내,107
기타범죄,기타범죄,기타범죄,충남 아산시,충남,기타(Top5외),국내,1441
강력범죄,살인기수,기타(Top3외),충남 천안시,충남,기타(Top5외),국내,2
강력범죄,살인미수등,기타(Top3외),충남 천안시,충남,기타(Top5외),국내,5
강력범죄,강도,기타(Top3외),충남 천안시,충남,기타(Top5외),국내,12
강력범죄,강간,기타(Top3외),충남 천안시,충남,기타(Top5외),국내,70
강력범죄,유사강간,기타(Top3외),충남 천안시,충남,기타(Top5외),국내,13
강력범죄,강제추행,기타(Top3외),충남 천안시,충남,기타(Top5외),국내,243
강력범죄,기타 강간/강제추행등,기타(Top3외),충남 천안시,충남,기타(Top5외),국내,1
강력범죄,방화,기타(Top3외),충남 천안시,충남,기타(Top5외),국내,15
절도범죄,절도범죄,기타(Top3외),충남 천안시,충남,기타(Top5외),국내,2942
폭력범죄,상해,기타(Top3외),충남 천안시,충남,기타(Top5외),국내,283
폭력범죄,폭행,기타(Top3외),충남 천안시,충남,기타(Top5외),국내,1594
폭력범죄,체포/감금,기타(Top3외),충남 천안시,충남,기타(Top5외),국내,15
폭력범죄,협박,기타(Top3외),충남 천안시,충남,기타(Top5외),국내,421
폭력범죄,약취/유인,기타(Top3외),충남 천안시,충남,기타(Top5외),국내,9
폭력범죄,폭력행위등,기타(Top3외),충남 천안시,충남,기타(Top5외),국내,90
폭력범죄,공갈,기타(Top3외),충남 천안시,충남,기타(Top5외),국내,155
폭력범죄,손괴,기타(Top3외),충남 천안시,충남,기타(Top5외),국내,717
지능범죄,직무유기,지능범죄,충남 천안시,충남,기타(Top5외),국내,10
지능범죄,직권남용,지능범죄,충남 천안시,충남,기타(Top5외),국내,23
지능범죄,증수뢰,지능범죄,충남 천안시,충남,기타(Top5외),국내,3
지능범죄,통화,지능범죄,충남 천안시,충남,기타(Top5외),국내,6
지능범죄,문서/인장,지능범죄,충남 천안시,충남,기타(Top5외),국내,221
지능범죄,유가증권인지,지능범죄,충남 천안시,충남,기타(Top5외),국내,0
지능범죄,사기,지능범죄,충남 천안시,충남,기타(Top5외),국내,7376
지능범죄,횡령,지능범죄,충남 천안시,충남,기타(Top5외),국내,778
지능범죄,배임,지능범죄,충남 천안시,충남,기타(Top5외),국내,57
풍속범죄,성풍속범죄,기타(Top3외),충남 천안시,충남,기타(Top5외),국내,308
풍속범죄,도박범죄,기타(Top3외),충남 천안시,충남,기타(Top5외),국내,121
특별경제범죄,특별경제범죄,기타(Top3외),충남 천안시,충남,기타(Top5외),국내,1365
마약범죄,마약범죄,기타(Top3외),충남 천안시,충남,기타(Top5외),국내,171
보건범죄,보건범죄,기타(Top3외),충남 천안시,충남,기타(Top5외),국내,79
환경범죄,환경범죄,기타(Top3외),충남 천안시,충남,기타(Top5외),국내,54
교통범죄,교통범죄,교통범죄,충남 천안시,충남,기타(Top5외),국내,4094
노동범죄,노동범죄,기타(Top3외),충남 천안시,충남,기타(Top5외),국내,6
안보범죄,안보범죄,기타(Top3외),충남 천안시,충남,기타(Top5외),국내,0
선거범죄,선거범죄,기타(Top3외),충남 천안시,충남,기타(Top5외),국내,23
병역범죄,병역범죄,기타(Top3외),충남 천안시,충남,기타(Top5외),국내,246
기타범죄,기타범죄,기타범죄,충남 천안시,충남,기타(Top5외),국내,3251
강력범죄,살인기수,기타(Top3외),충남 금산군,충남,기타(Top5외),국내,0
강력범죄,살인미수등,기타(Top3외),충남 금산군,충남,기타(Top5외),국내,2
강력범죄,강도,기타(Top3외),충남 금산군,충남,기타(Top5외),국내,0
강력범죄,강간,기타(Top3외),충남 금산군,충남,기타(Top5외),국내,4
강력범죄,유사강간,기타(Top3외),충남 금산군,충남,기타(Top5외),국내,1
강력범죄,강제추행,기타(Top3외),충남 금산군,충남,기타(Top5외),국내,22
강력범죄,기타 강간/강제추행등,기타(Top3외),충남 금산군,충남,기타(Top5외),국내,0
강력범죄,방화,기타(Top3외),충남 금산군,충남,기타(Top5외),국내,3
절도범죄,절도범죄,기타(Top3외),충남 금산군,충남,기타(Top5외),국내,95
폭력범죄,상해,기타(Top3외),충남 금산군,충남,기타(Top5외),국내,33
폭력범죄,폭행,기타(Top3외),충남 금산군,충남,기타(Top5외),국내,63
폭력범죄,체포/감금,기타(Top3외),충남 금산군,충남,기타(Top5외),국내,0
폭력범죄,협박,기타(Top3외),충남 금산군,충남,기타(Top5외),국내,29
폭력범죄,약취/유인,기타(Top3외),충남 금산군,충남,기타(Top5외),국내,0
폭력범죄,폭력행위등,기타(Top3외),충남 금산군,충남,기타(Top5외),국내,7
폭력범죄,공갈,기타(Top3외),충남 금산군,충남,기타(Top5외),국내,3
폭력범죄,손괴,기타(Top3외),충남 금산군,충남,기타(Top5외),국내,49
지능범죄,직무유기,지능범죄,충남 금산군,충남,기타(Top5외),국내,3
지능범죄,직권남용,지능범죄,충남 금산군,충남,기타(Top5외),국내,5
지능범죄,증수뢰,지능범죄,충남 금산군,충남,기타(Top5외),국내,0
지능범죄,통화,지능범죄,충남 금산군,충남,기타(Top5외),국내,0
지능범죄,문서/인장,지능범죄,충남 금산군,충남,기타(Top5외),국내,7
지능범죄,유가증권인지,지능범죄,충남 금산군,충남,기타(Top5외),국내,0
지능범죄,사기,지능범죄,충남 금산군,충남,기타(Top5외),국내,310
지능범죄,횡령,지능범죄,충남 금산군,충남,기타(Top5외),국내,30
지능범죄,배임,지능범죄,충남 금산군,충남,기타(Top5외),국내,6
풍속범죄,성풍속범죄,기타(Top3외),충남 금산군,충남,기타(Top5외),국내,7
풍속범죄,도박범죄,기타(Top3외),충남 금산군,충남,기타(Top5외),국내,12
특별경제범죄,특별경제범죄,기타(Top3외),충남 금산군,충남,기타(Top5외),국내,50
마약범죄,마약범죄,기타(Top3외),충남 금산군,충남,기타(Top5외),국내,10
보건범죄,보건범죄,기타(Top3외),충남 금산군,충남,기타(Top5외),국내,1
환경범죄,환경범죄,기타(Top3외),충남 금산군,충남,기타(Top5외),국내,1
교통범죄,교통범죄,교통범죄,충남 금산군,충남,기타(Top5외),국내,251
노동범죄,노동범죄,기타(Top3외),충남 금산군,충남,기타(Top5외),국내,0
안보범죄,안보범죄,기타(Top3외),충남 금산군,충남,기타(Top5외),국내,0
선거범죄,선거범죄,기타(Top3외),충남 금산군,충남,기타(Top5외),국내,2
병역범죄,병역범죄,기타(Top3외),충남 금산군,충남,기타(Top5외),국내,9
기타범죄,기타범죄,기타범죄,충남 금산군,충남,기타(Top5외),국내,191
강력범죄,살인기수,기타(Top3외),충남 부여군,충남,기타(Top5외),국내,1
강력범죄,살인미수등,기타(Top3외),충남 부여군,충남,기타(Top5외),국내,1
강력범죄,강도,기타(Top3외),충남 부여군,충남,기타(Top5외),국내,0
강력범죄,강간,기타(Top3외),충남 부여군,충남,기타(Top5외),국내,2
강력범죄,유사강간,기타(Top3외),충남 부여군,충남,기타(Top5외),국내,1
강력범죄,강제추행,기타(Top3외),충남 부여군,충남,기타(Top5외),국내,5
강력범죄,기타 강간/강제추행등,기타(Top3외),충남 부여군,충남,기타(Top5외),국내,0
강력범죄,방화,기타(Top3외),충남 부여군,충남,기타(Top5외),국내,1
절도범죄,절도범죄,기타(Top3외),충남 부여군,충남,기타(Top5외),국내,149
폭력범죄,상해,기타(Top3외),충남 부여군,충남,기타(Top5외),국내,16
폭력범죄,폭행,기타(Top3외),충남 부여군,충남,기타(Top5외),국내,79
폭력범죄,체포/감금,기타(Top3외),충남 부여군,충남,기타(Top5외),국내,1
폭력범죄,협박,기타(Top3외),충남 부여군,충남,기타(Top5외),국내,20
폭력범죄,약취/유인,기타(Top3외),충남 부여군,충남,기타(Top5외),국내,0
폭력범죄,폭력행위등,기타(Top3외),충남 부여군,충남,기타(Top5외),국내,9
폭력범죄,공갈,기타(Top3외),충남 부여군,충남,기타(Top5외),국내,7
폭력범죄,손괴,기타(Top3외),충남 부여군,충남,기타(Top5외),국내,34
지능범죄,직무유기,지능범죄,충남 부여군,충남,기타(Top5외),국내,0
지능범죄,직권남용,지능범죄,충남 부여군,충남,기타(Top5외),국내,3
지능범죄,증수뢰,지능범죄,충남 부여군,충남,기타(Top5외),국내,0
지능범죄,통화,지능범죄,충남 부여군,충남,기타(Top5외),국내,0
지능범죄,문서/인장,지능범죄,충남 부여군,충남,기타(Top5외),국내,11
지능범죄,유가증권인지,지능범죄,충남 부여군,충남,기타(Top5외),국내,0
지능범죄,사기,지능범죄,충남 부여군,충남,기타(Top5외),국내,281
지능범죄,횡령,지능범죄,충남 부여군,충남,기타(Top5외),국내,18
지능범죄,배임,지능범죄,충남 부여군,충남,기타(Top5외),국내,1
풍속범죄,성풍속범죄,기타(Top3외),충남 부여군,충남,기타(Top5외),국내,10
풍속범죄,도박범죄,기타(Top3외),충남 부여군,충남,기타(Top5외),국내,5
특별경제범죄,특별경제범죄,기타(Top3외),충남 부여군,충남,기타(Top5외),국내,37
마약범죄,마약범죄,기타(Top3외),충남 부여군,충남,기타(Top5외),국내,11
보건범죄,보건범죄,기타(Top3외),충남 부여군,충남,기타(Top5외),국내,1
환경범죄,환경범죄,기타(Top3외),충남 부여군,충남,기타(Top5외),국내,0
교통범죄,교통범죄,교통범죄,충남 부여군,충남,기타(Top5외),국내,273
노동범죄,노동범죄,기타(Top3외),충남 부여군,충남,기타(Top5외),국내,0
안보범죄,안보범죄,기타(Top3외),충남 부여군,충남,기타(Top5외),국내,0
선거범죄,선거범죄,기타(Top3외),충남 부여군,충남,기타(Top5외),국내,4
병역범죄,병역범죄,기타(Top3외),충남 부여군,충남,기타(Top5외),국내,10
기타범죄,기타범죄,기타범죄,충남 부여군,충남,기타(Top5외),국내,177
강력범죄,살인기수,기타(Top3외),충남 서천군,충남,기타(Top5외),국내,0
강력범죄,살인미수등,기타(Top3외),충남 서천군,충남,기타(Top5외),국내,2
강력범죄,강도,기타(Top3외),충남 서천군,충남,기타(Top5외),국내,0
강력범죄,강간,기타(Top3외),충남 서천군,충남,기타(Top5외),국내,3
강력범죄,유사강간,기타(Top3외),충남 서천군,충남,기타(Top5외),국내,0
강력범죄,강제추행,기타(Top3외),충남 서천군,충남,기타(Top5외),국내,7
강력범죄,기타 강간/강제추행등,기타(Top3외),충남 서천군,충남,기타(Top5외),국내,0
강력범죄,방화,기타(Top3외),충남 서천군,충남,기타(Top5외),국내,2
절도범죄,절도범죄,기타(Top3외),충남 서천군,충남,기타(Top5외),국내,82
폭력범죄,상해,기타(Top3외),충남 서천군,충남,기타(Top5외),국내,35
폭력범죄,폭행,기타(Top3외),충남 서천군,충남,기타(Top5외),국내,75
폭력범죄,체포/감금,기타(Top3외),충남 서천군,충남,기타(Top5외),국내,0
폭력범죄,협박,기타(Top3외),충남 서천군,충남,기타(Top5외),국내,16
폭력범죄,약취/유인,기타(Top3외),충남 서천군,충남,기타(Top5외),국내,0
폭력범죄,폭력행위등,기타(Top3외),충남 서천군,충남,기타(Top5외),국내,3
폭력범죄,공갈,기타(Top3외),충남 서천군,충남,기타(Top5외),국내,13
폭력범죄,손괴,기타(Top3외),충남 서천군,충남,기타(Top5외),국내,42
지능범죄,직무유기,지능범죄,충남 서천군,충남,기타(Top5외),국내,0
지능범죄,직권남용,지능범죄,충남 서천군,충남,기타(Top5외),국내,0
지능범죄,증수뢰,지능범죄,충남 서천군,충남,기타(Top5외),국내,1
지능범죄,통화,지능범죄,충남 서천군,충남,기타(Top5외),국내,1
지능범죄,문서/인장,지능범죄,충남 서천군,충남,기타(Top5외),국내,10
지능범죄,유가증권인지,지능범죄,충남 서천군,충남,기타(Top5외),국내,0
지능범죄,사기,지능범죄,충남 서천군,충남,기타(Top5외),국내,360
지능범죄,횡령,지능범죄,충남 서천군,충남,기타(Top5외),국내,17
지능범죄,배임,지능범죄,충남 서천군,충남,기타(Top5외),국내,2
풍속범죄,성풍속범죄,기타(Top3외),충남 서천군,충남,기타(Top5외),국내,12
풍속범죄,도박범죄,기타(Top3외),충남 서천군,충남,기타(Top5외),국내,1
특별경제범죄,특별경제범죄,기타(Top3외),충남 서천군,충남,기타(Top5외),국내,63
마약범죄,마약범죄,기타(Top3외),충남 서천군,충남,기타(Top5외),국내,9
보건범죄,보건범죄,기타(Top3외),충남 서천군,충남,기타(Top5외),국내,8
환경범죄,환경범죄,기타(Top3외),충남 서천군,충남,기타(Top5외),국내,3
교통범죄,교통범죄,교통범죄,충남 서천군,충남,기타(Top5외),국내,284
노동범죄,노동범죄,기타(Top3외),충남 서천군,충남,기타(Top5외),국내,0
안보범죄,안보범죄,기타(Top3외),충남 서천군,충남,기타(Top5외),국내,0
선거범죄,선거범죄,기타(Top3외),충남 서천군,충남,기타(Top5외),국내,2
병역범죄,병역범죄,기타(Top3외),충남 서천군,충남,기타(Top5외),국내,2
기타범죄,기타범죄,기타범죄,충남 서천군,충남,기타(Top5외),국내,150
강력범죄,살인기수,기타(Top3외),충남 청양군,충남,기타(Top5외),국내,0
강력범죄,살인미수등,기타(Top3외),충남 청양군,충남,기타(Top5외),국내,0
강력범죄,강도,기타(Top3외),충남 청양군,충남,기타(Top5외),국내,0
강력범죄,강간,기타(Top3외),충남 청양군,충남,기타(Top5외),국내,1
강력범죄,유사강간,기타(Top3외),충남 청양군,충남,기타(Top5외),국내,1
강력범죄,강제추행,기타(Top3외),충남 청양군,충남,기타(Top5외),국내,5
강력범죄,기타 강간/강제추행등,기타(Top3외),충남 청양군,충남,기타(Top5외),국내,0
강력범죄,방화,기타(Top3외),충남 청양군,충남,기타(Top5외),국내,1
절도범죄,절도범죄,기타(Top3외),충남 청양군,충남,기타(Top5외),국내,66
폭력범죄,상해,기타(Top3외),충남 청양군,충남,기타(Top5외),국내,16
폭력범죄,폭행,기타(Top3외),충남 청양군,충남,기타(Top5외),국내,44
폭력범죄,체포/감금,기타(Top3외),충남 청양군,충남,기타(Top5외),국내,0
폭력범죄,협박,기타(Top3외),충남 청양군,충남,기타(Top5외),국내,10
폭력범죄,약취/유인,기타(Top3외),충남 청양군,충남,기타(Top5외),국내,1
폭력범죄,폭력행위등,기타(Top3외),충남 청양군,충남,기타(Top5외),국내,3
폭력범죄,공갈,기타(Top3외),충남 청양군,충남,기타(Top5외),국내,7
폭력범죄,손괴,기타(Top3외),충남 청양군,충남,기타(Top5외),국내,21
지능범죄,직무유기,지능범죄,충남 청양군,충남,기타(Top5외),국내,0
지능범죄,직권남용,지능범죄,충남 청양군,충남,기타(Top5외),국내,4
지능범죄,증수뢰,지능범죄,충남 청양군,충남,기타(Top5외),국내,0
지능범죄,통화,지능범죄,충남 청양군,충남,기타(Top5외),국내,0
지능범죄,문서/인장,지능범죄,충남 청양군,충남,기타(Top5외),국내,2
지능범죄,유가증권인지,지능범죄,충남 청양군,충남,기타(Top5외),국내,0
지능범죄,사기,지능범죄,충남 청양군,충남,기타(Top5외),국내,201
지능범죄,횡령,지능범죄,충남 청양군,충남,기타(Top5외),국내,13
지능범죄,배임,지능범죄,충남 청양군,충남,기타(Top5외),국내,1
풍속범죄,성풍속범죄,기타(Top3외),충남 청양군,충남,기타(Top5외),국내,2
풍속범죄,도박범죄,기타(Top3외),충남 청양군,충남,기타(Top5외),국내,1
특별경제범죄,특별경제범죄,기타(Top3외),충남 청양군,충남,기타(Top5외),국내,24
마약범죄,마약범죄,기타(Top3외),충남 청양군,충남,기타(Top5외),국내,9
보건범죄,보건범죄,기타(Top3외),충남 청양군,충남,기타(Top5외),국내,1
환경범죄,환경범죄,기타(Top3외),충남 청양군,충남,기타(Top5외),국내,0
교통범죄,교통범죄,교통범죄,충남 청양군,충남,기타(Top5외),국내,230
노동범죄,노동범죄,기타(Top3외),충남 청양군,충남,기타(Top5외),국내,0
안보범죄,안보범죄,기타(Top3외),충남 청양군,충남,기타(Top5외),국내,0
선거범죄,선거범죄,기타(Top3외),충남 청양군,충남,기타(Top5외),국내,2
병역범죄,병역범죄,기타(Top3외),충남 청양군,충남,기타(Top5외),국내,2
기타범죄,기타범죄,기타범죄,충남 청양군,충남,기타(Top5외),국내,111
강력범죄,살인기수,기타(Top3외),충남 예산군,충남,기타(Top5외),국내,3
강력범죄,살인미수등,기타(Top3외),충남 예산군,충남,기타(Top5외),국내,0
강력범죄,강도,기타(Top3외),충남 예산군,충남,기타(Top5외),국내,3
강력범죄,강간,기타(Top3외),충남 예산군,충남,기타(Top5외),국내,5
강력범죄,유사강간,기타(Top3외),충남 예산군,충남,기타(Top5외),국내,2
강력범죄,강제추행,기타(Top3외),충남 예산군,충남,기타(Top5외),국내,16
강력범죄,기타 강간/강제추행등,기타(Top3외),충남 예산군,충남,기타(Top5외),국내,0
강력범죄,방화,기타(Top3외),충남 예산군,충남,기타(Top5외),국내,0
절도범죄,절도범죄,기타(Top3외),충남 예산군,충남,기타(Top5외),국내,183
폭력범죄,상해,기타(Top3외),충남 예산군,충남,기타(Top5외),국내,54
폭력범죄,폭행,기타(Top3외),충남 예산군,충남,기타(Top5외),국내,125
폭력범죄,체포/감금,기타(Top3외),충남 예산군,충남,기타(Top5외),국내,0
폭력범죄,협박,기타(Top3외),충남 예산군,충남,기타(Top5외),국내,33
폭력범죄,약취/유인,기타(Top3외),충남 예산군,충남,기타(Top5외),국내,0
폭력범죄,폭력행위등,기타(Top3외),충남 예산군,충남,기타(Top5외),국내,10
폭력범죄,공갈,기타(Top3외),충남 예산군,충남,기타(Top5외),국내,6
폭력범죄,손괴,기타(Top3외),충남 예산군,충남,기타(Top5외),국내,53
지능범죄,직무유기,지능범죄,충남 예산군,충남,기타(Top5외),국내,1
지능범죄,직권남용,지능범죄,충남 예산군,충남,기타(Top5외),국내,3
지능범죄,증수뢰,지능범죄,충남 예산군,충남,기타(Top5외),국내,0
지능범죄,통화,지능범죄,충남 예산군,충남,기타(Top5외),국내,3
지능범죄,문서/인장,지능범죄,충남 예산군,충남,기타(Top5외),국내,33
지능범죄,유가증권인지,지능범죄,충남 예산군,충남,기타(Top5외),국내,0
지능범죄,사기,지능범죄,충남 예산군,충남,기타(Top5외),국내,685
지능범죄,횡령,지능범죄,충남 예산군,충남,기타(Top5외),국내,55
지능범죄,배임,지능범죄,충남 예산군,충남,기타(Top5외),국내,6
풍속범죄,성풍속범죄,기타(Top3외),충남 예산군,충남,기타(Top5외),국내,31
풍속범죄,도박범죄,기타(Top3외),충남 예산군,충남,기타(Top5외),국내,85
특별경제범죄,특별경제범죄,기타(Top3외),충남 예산군,충남,기타(Top5외),국내,126
마약범죄,마약범죄,기타(Top3외),충남 예산군,충남,기타(Top5외),국내,9
보건범죄,보건범죄,기타(Top3외),충남 예산군,충남,기타(Top5외),국내,19
환경범죄,환경범죄,기타(Top3외),충남 예산군,충남,기타(Top5외),국내,21
교통범죄,교통범죄,교통범죄,충남 예산군,충남,기타(Top5외),국내,463
노동범죄,노동범죄,기타(Top3외),충남 예산군,충남,기타(Top5외),국내,0
안보범죄,안보범죄,기타(Top3외),충남 예산군,충남,기타(Top5외),국내,0
선거범죄,선거범죄,기타(Top3외),충남 예산군,충남,기타(Top5외),국내,3
병역범죄,병역범죄,기타(Top3외),충남 예산군,충남,기타(Top5외),국내,16
기타범죄,기타범죄,기타범죄,충남 예산군,충남,기타(Top5외),국내,329
강력범죄,살인기수,기타(Top3외),충남 태안군,충남,기타(Top5외),국내,1
강력범죄,살인미수등,기타(Top3외),충남 태안군,충남,기타(Top5외),국내,1
강력범죄,강도,기타(Top3외),충남 태안군,충남,기타(Top5외),국내,2
강력범죄,강간,기타(Top3외),충남 태안군,충남,기타(Top5외),국내,4
강력범죄,유사강간,기타(Top3외),충남 태안군,충남,기타(Top5외),국내,1
강력범죄,강제추행,기타(Top3외),충남 태안군,충남,기타(Top5외),국내,18
강력범죄,기타 강간/강제추행등,기타(Top3외),충남 태안군,충남,기타(Top5외),국내,0
강력범죄,방화,기타(Top3외),충남 태안군,충남,기타(Top5외),국내,4
절도범죄,절도범죄,기타(Top3외),충남 태안군,충남,기타(Top5외),국내,122
폭력범죄,상해,기타(Top3외),충남 태안군,충남,기타(Top5외),국내,38
폭력범죄,폭행,기타(Top3외),충남 태안군,충남,기타(Top5외),국내,146
폭력범죄,체포/감금,기타(Top3외),충남 태안군,충남,기타(Top5외),국내,1
폭력범죄,협박,기타(Top3외),충남 태안군,충남,기타(Top5외),국내,45
폭력범죄,약취/유인,기타(Top3외),충남 태안군,충남,기타(Top5외),국내,0
폭력범죄,폭력행위등,기타(Top3외),충남 태안군,충남,기타(Top5외),국내,6
폭력범죄,공갈,기타(Top3외),충남 태안군,충남,기타(Top5외),국내,5
폭력범죄,손괴,기타(Top3외),충남 태안군,충남,기타(Top5외),국내,81
지능범죄,직무유기,지능범죄,충남 태안군,충남,기타(Top5외),국내,1
지능범죄,직권남용,지능범죄,충남 태안군,충남,기타(Top5외),국내,1
지능범죄,증수뢰,지능범죄,충남 태안군,충남,기타(Top5외),국내,1
지능범죄,통화,지능범죄,충남 태안군,충남,기타(Top5외),국내,0
지능범죄,문서/인장,지능범죄,충남 태안군,충남,기타(Top5외),국내,14
지능범죄,유가증권인지,지능범죄,충남 태안군,충남,기타(Top5외),국내,0
지능범죄,사기,지능범죄,충남 태안군,충남,기타(Top5외),국내,434
지능범죄,횡령,지능범죄,충남 태안군,충남,기타(Top5외),국내,64
지능범죄,배임,지능범죄,충남 태안군,충남,기타(Top5외),국내,15
풍속범죄,성풍속범죄,기타(Top3외),충남 태안군,충남,기타(Top5외),국내,19
풍속범죄,도박범죄,기타(Top3외),충남 태안군,충남,기타(Top5외),국내,10
특별경제범죄,특별경제범죄,기타(Top3외),충남 태안군,충남,기타(Top5외),국내,64
마약범죄,마약범죄,기타(Top3외),충남 태안군,충남,기타(Top5외),국내,15
보건범죄,보건범죄,기타(Top3외),충남 태안군,충남,기타(Top5외),국내,9
환경범죄,환경범죄,기타(Top3외),충남 태안군,충남,기타(Top5외),국내,8
교통범죄,교통범죄,교통범죄,충남 태안군,충남,기타(Top5외),국내,423
노동범죄,노동범죄,기타(Top3외),충남 태안군,충남,기타(Top5외),국내,0
안보범죄,안보범죄,기타(Top3외),충남 태안군,충남,기타(Top5외),국내,0
선거범죄,선거범죄,기타(Top3외),충남 태안군,충남,기타(Top5외),국내,3
병역범죄,병역범죄,기타(Top3외),충남 태안군,충남,기타(Top5외),국내,4
기타범죄,기타범죄,기타범죄,충남 태안군,충남,기타(Top5외),국내,330
강력범죄,살인기수,기타(Top3외),충남 홍성군,충남,기타(Top5외),국내,3
강력범죄,살인미수등,기타(Top3외),충남 홍성군,충남,기타(Top5외),국내,1
강력범죄,강도,기타(Top3외),충남 홍성군,충남,기타(Top5외),국내,0
강력범죄,강간,기타(Top3외),충남 홍성군,충남,기타(Top5외),국내,3
강력범죄,유사강간,기타(Top3외),충남 홍성군,충남,기타(Top5외),국내,2
강력범죄,강제추행,기타(Top3외),충남 홍성군,충남,기타(Top5외),국내,26
강력범죄,기타 강간/강제추행등,기타(Top3외),충남 홍성군,충남,기타(Top5외),국내,0
강력범죄,방화,기타(Top3외),충남 홍성군,충남,기타(Top5외),국내,1
절도범죄,절도범죄,기타(Top3외),충남 홍성군,충남,기타(Top5외),국내,202
폭력범죄,상해,기타(Top3외),충남 홍성군,충남,기타(Top5외),국내,38
폭력범죄,폭행,기타(Top3외),충남 홍성군,충남,기타(Top5외),국내,102
폭력범죄,체포/감금,기타(Top3외),충남 홍성군,충남,기타(Top5외),국내,2
폭력범죄,협박,기타(Top3외),충남 홍성군,충남,기타(Top5외),국내,30
폭력범죄,약취/유인,기타(Top3외),충남 홍성군,충남,기타(Top5외),국내,0
폭력범죄,폭력행위등,기타(Top3외),충남 홍성군,충남,기타(Top5외),국내,9
폭력범죄,공갈,기타(Top3외),충남 홍성군,충남,기타(Top5외),국내,11
폭력범죄,손괴,기타(Top3외),충남 홍성군,충남,기타(Top5외),국내,63
지능범죄,직무유기,지능범죄,충남 홍성군,충남,기타(Top5외),국내,3
지능범죄,직권남용,지능범죄,충남 홍성군,충남,기타(Top5외),국내,2
지능범죄,증수뢰,지능범죄,충남 홍성군,충남,기타(Top5외),국내,0
지능범죄,통화,지능범죄,충남 홍성군,충남,기타(Top5외),국내,0
지능범죄,문서/인장,지능범죄,충남 홍성군,충남,기타(Top5외),국내,30
지능범죄,유가증권인지,지능범죄,충남 홍성군,충남,기타(Top5외),국내,0
지능범죄,사기,지능범죄,충남 홍성군,충남,기타(Top5외),국내,694
지능범죄,횡령,지능범죄,충남 홍성군,충남,기타(Top5외),국내,50
지능범죄,배임,지능범죄,충남 홍성군,충남,기타(Top5외),국내,8
풍속범죄,성풍속범죄,기타(Top3외),충남 홍성군,충남,기타(Top5외),국내,23
풍속범죄,도박범죄,기타(Top3외),충남 홍성군,충남,기타(Top5외),국내,10
특별경제범죄,특별경제범죄,기타(Top3외),충남 홍성군,충남,기타(Top5외),국내,154
마약범죄,마약범죄,기타(Top3외),충남 홍성군,충남,기타(Top5외),국내,20
보건범죄,보건범죄,기타(Top3외),충남 홍성군,충남,기타(Top5외),국내,8
환경범죄,환경범죄,기타(Top3외),충남 홍성군,충남,기타(Top5외),국내,14
교통범죄,교통범죄,교통범죄,충남 홍성군,충남,기타(Top5외),국내,645
노동범죄,노동범죄,기타(Top3외),충남 홍성군,충남,기타(Top5외),국내,0
안보범죄,안보범죄,기타(Top3외),충남 홍성군,충남,기타(Top5외),국내,0
선거범죄,선거범죄,기타(Top3외),충남 홍성군,충남,기타(Top5외),국내,6
병역범죄,병역범죄,기타(Top3외),충남 홍성군,충남,기타(Top5외),국내,5
기타범죄,기타범죄,기타범죄,충남 홍성군,충남,기타(Top5외),국내,440
강력범죄,살인기수,기타(Top3외),전북 군산시,전북,기타(Top5외),국내,1
강력범죄,살인미수등,기타(Top3외),전북 군산시,전북,기타(Top5외),국내,5
강력범죄,강도,기타(Top3외),전북 군산시,전북,기타(Top5외),국내,1
강력범죄,강간,기타(Top3외),전북 군산시,전북,기타(Top5외),국내,25
강력범죄,유사강간,기타(Top3외),전북 군산시,전북,기타(Top5외),국내,7
강력범죄,강제추행,기타(Top3외),전북 군산시,전북,기타(Top5외),국내,75
강력범죄,기타 강간/강제추행등,기타(Top3외),전북 군산시,전북,기타(Top5외),국내,0
강력범죄,방화,기타(Top3외),전북 군산시,전북,기타(Top5외),국내,9
절도범죄,절도범죄,기타(Top3외),전북 군산시,전북,기타(Top5외),국내,747
폭력범죄,상해,기타(Top3외),전북 군산시,전북,기타(Top5외),국내,139
폭력범죄,폭행,기타(Top3외),전북 군산시,전북,기타(Top5외),국내,574
폭력범죄,체포/감금,기타(Top3외),전북 군산시,전북,기타(Top5외),국내,10
폭력범죄,협박,기타(Top3외),전북 군산시,전북,기타(Top5외),국내,122
폭력범죄,약취/유인,기타(Top3외),전북 군산시,전북,기타(Top5외),국내,2
폭력범죄,폭력행위등,기타(Top3외),전북 군산시,전북,기타(Top5외),국내,37
폭력범죄,공갈,기타(Top3외),전북 군산시,전북,기타(Top5외),국내,28
폭력범죄,손괴,기타(Top3외),전북 군산시,전북,기타(Top5외),국내,179
지능범죄,직무유기,지능범죄,전북 군산시,전북,기타(Top5외),국내,6
지능범죄,직권남용,지능범죄,전북 군산시,전북,기타(Top5외),국내,53
지능범죄,증수뢰,지능범죄,전북 군산시,전북,기타(Top5외),국내,1
지능범죄,통화,지능범죄,전북 군산시,전북,기타(Top5외),국내,11
지능범죄,문서/인장,지능범죄,전북 군산시,전북,기타(Top5외),국내,89
지능범죄,유가증권인지,지능범죄,전북 군산시,전북,기타(Top5외),국내,0
지능범죄,사기,지능범죄,전북 군산시,전북,기타(Top5외),국내,2139
지능범죄,횡령,지능범죄,전북 군산시,전북,기타(Top5외),국내,259
지능범죄,배임,지능범죄,전북 군산시,전북,기타(Top5외),국내,16
풍속범죄,성풍속범죄,기타(Top3외),전북 군산시,전북,기타(Top5외),국내,105
풍속범죄,도박범죄,기타(Top3외),전북 군산시,전북,기타(Top5외),국내,29
특별경제범죄,특별경제범죄,기타(Top3외),전북 군산시,전북,기타(Top5외),국내,510
마약범죄,마약범죄,기타(Top3외),전북 군산시,전북,기타(Top5외),국내,12
보건범죄,보건범죄,기타(Top3외),전북 군산시,전북,기타(Top5외),국내,23
환경범죄,환경범죄,기타(Top3외),전북 군산시,전북,기타(Top5외),국내,9
교통범죄,교통범죄,교통범죄,전북 군산시,전북,기타(Top5외),국내,1317
노동범죄,노동범죄,기타(Top3외),전북 군산시,전북,기타(Top5외),국내,0
안보범죄,안보범죄,기타(Top3외),전북 군산시,전북,기타(Top5외),국내,0
선거범죄,선거범죄,기타(Top3외),전북 군산시,전북,기타(Top5외),국내,16
병역범죄,병역범죄,기타(Top3외),전북 군산시,전북,기타(Top5외),국내,28
기타범죄,기타범죄,기타범죄,전북 군산시,전북,기타(Top5외),국내,1560
강력범죄,살인기수,기타(Top3외),전북 김제시,전북,기타(Top5외),국내,1
강력범죄,살인미수등,기타(Top3외),전북 김제시,전북,기타(Top5외),국내,1
강력범죄,강도,기타(Top3외),전북 김제시,전북,기타(Top5외),국내,0
강력범죄,강간,기타(Top3외),전북 김제시,전북,기타(Top5외),국내,7
강력범죄,유사강간,기타(Top3외),전북 김제시,전북,기타(Top5외),국내,3
강력범죄,강제추행,기타(Top3외),전북 김제시,전북,기타(Top5외),국내,19
강력범죄,기타 강간/강제추행등,기타(Top3외),전북 김제시,전북,기타(Top5외),국내,0
강력범죄,방화,기타(Top3외),전북 김제시,전북,기타(Top5외),국내,0
절도범죄,절도범죄,기타(Top3외),전북 김제시,전북,기타(Top5외),국내,162
폭력범죄,상해,기타(Top3외),전북 김제시,전북,기타(Top5외),국내,32
폭력범죄,폭행,기타(Top3외),전북 김제시,전북,기타(Top5외),국내,143
폭력범죄,체포/감금,기타(Top3외),전북 김제시,전북,기타(Top5외),국내,1
폭력범죄,협박,기타(Top3외),전북 김제시,전북,기타(Top5외),국내,45
폭력범죄,약취/유인,기타(Top3외),전북 김제시,전북,기타(Top5외),국내,0
폭력범죄,폭력행위등,기타(Top3외),전북 김제시,전북,기타(Top5외),국내,6
폭력범죄,공갈,기타(Top3외),전북 김제시,전북,기타(Top5외),국내,10
폭력범죄,손괴,기타(Top3외),전북 김제시,전북,기타(Top5외),국내,54
지능범죄,직무유기,지능범죄,전북 김제시,전북,기타(Top5외),국내,1
지능범죄,직권남용,지능범죄,전북 김제시,전북,기타(Top5외),국내,5
지능범죄,증수뢰,지능범죄,전북 김제시,전북,기타(Top5외),국내,0
지능범죄,통화,지능범죄,전북 김제시,전북,기타(Top5외),국내,1
지능범죄,문서/인장,지능범죄,전북 김제시,전북,기타(Top5외),국내,16
지능범죄,유가증권인지,지능범죄,전북 김제시,전북,기타(Top5외),국내,0
지능범죄,사기,지능범죄,전북 김제시,전북,기타(Top5외),국내,462
지능범죄,횡령,지능범죄,전북 김제시,전북,기타(Top5외),국내,59
지능범죄,배임,지능범죄,전북 김제시,전북,기타(Top5외),국내,2
풍속범죄,성풍속범죄,기타(Top3외),전북 김제시,전북,기타(Top5외),국내,9
풍속범죄,도박범죄,기타(Top3외),전북 김제시,전북,기타(Top5외),국내,10
특별경제범죄,특별경제범죄,기타(Top3외),전북 김제시,전북,기타(Top5외),국내,93
마약범죄,마약범죄,기타(Top3외),전북 김제시,전북,기타(Top5외),국내,3
보건범죄,보건범죄,기타(Top3외),전북 김제시,전북,기타(Top5외),국내,6
환경범죄,환경범죄,기타(Top3외),전북 김제시,전북,기타(Top5외),국내,2
교통범죄,교통범죄,교통범죄,전북 김제시,전북,기타(Top5외),국내,469
노동범죄,노동범죄,기타(Top3외),전북 김제시,전북,기타(Top5외),국내,2
안보범죄,안보범죄,기타(Top3외),전북 김제시,전북,기타(Top5외),국내,1
선거범죄,선거범죄,기타(Top3외),전북 김제시,전북,기타(Top5외),국내,1
병역범죄,병역범죄,기타(Top3외),전북 김제시,전북,기타(Top5외),국내,24
기타범죄,기타범죄,기타범죄,전북 김제시,전북,기타(Top5외),국내,301
강력범죄,살인기수,기타(Top3외),전북 남원시,전북,기타(Top5외),국내,0
강력범죄,살인미수등,기타(Top3외),전북 남원시,전북,기타(Top5외),국내,1
강력범죄,강도,기타(Top3외),전북 남원시,전북,기타(Top5외),국내,2
강력범죄,강간,기타(Top3외),전북 남원시,전북,기타(Top5외),국내,8
강력범죄,유사강간,기타(Top3외),전북 남원시,전북,기타(Top5외),국내,0
강력범죄,강제추행,기타(Top3외),전북 남원시,전북,기타(Top5외),국내,15
강력범죄,기타 강간/강제추행등,기타(Top3외),전북 남원시,전북,기타(Top5외),국내,1
강력범죄,방화,기타(Top3외),전북 남원시,전북,기타(Top5외),국내,1
절도범죄,절도범죄,기타(Top3외),전북 남원시,전북,기타(Top5외),국내,241
폭력범죄,상해,기타(Top3외),전북 남원시,전북,기타(Top5외),국내,39
폭력범죄,폭행,기타(Top3외),전북 남원시,전북,기타(Top5외),국내,169
폭력범죄,체포/감금,기타(Top3외),전북 남원시,전북,기타(Top5외),국내,2
폭력범죄,협박,기타(Top3외),전북 남원시,전북,기타(Top5외),국내,23
폭력범죄,약취/유인,기타(Top3외),전북 남원시,전북,기타(Top5외),국내,0
폭력범죄,폭력행위등,기타(Top3외),전북 남원시,전북,기타(Top5외),국내,11
폭력범죄,공갈,기타(Top3외),전북 남원시,전북,기타(Top5외),국내,6
폭력범죄,손괴,기타(Top3외),전북 남원시,전북,기타(Top5외),국내,60
지능범죄,직무유기,지능범죄,전북 남원시,전북,기타(Top5외),국내,2
지능범죄,직권남용,지능범죄,전북 남원시,전북,기타(Top5외),국내,4
지능범죄,증수뢰,지능범죄,전북 남원시,전북,기타(Top5외),국내,0
지능범죄,통화,지능범죄,전북 남원시,전북,기타(Top5외),국내,1
지능범죄,문서/인장,지능범죄,전북 남원시,전북,기타(Top5외),국내,22
지능범죄,유가증권인지,지능범죄,전북 남원시,전북,기타(Top5외),국내,0
지능범죄,사기,지능범죄,전북 남원시,전북,기타(Top5외),국내,552
지능범죄,횡령,지능범죄,전북 남원시,전북,기타(Top5외),국내,40
지능범죄,배임,지능범죄,전북 남원시,전북,기타(Top5외),국내,5
풍속범죄,성풍속범죄,기타(Top3외),전북 남원시,전북,기타(Top5외),국내,17
풍속범죄,도박범죄,기타(Top3외),전북 남원시,전북,기타(Top5외),국내,15
특별경제범죄,특별경제범죄,기타(Top3외),전북 남원시,전북,기타(Top5외),국내,80
마약범죄,마약범죄,기타(Top3외),전북 남원시,전북,기타(Top5외),국내,12
보건범죄,보건범죄,기타(Top3외),전북 남원시,전북,기타(Top5외),국내,27
환경범죄,환경범죄,기타(Top3외),전북 남원시,전북,기타(Top5외),국내,0
교통범죄,교통범죄,교통범죄,전북 남원시,전북,기타(Top5외),국내,321
노동범죄,노동범죄,기타(Top3외),전북 남원시,전북,기타(Top5외),국내,0
안보범죄,안보범죄,기타(Top3외),전북 남원시,전북,기타(Top5외),국내,0
선거범죄,선거범죄,기타(Top3외),전북 남원시,전북,기타(Top5외),국내,7
병역범죄,병역범죄,기타(Top3외),전북 남원시,전북,기타(Top5외),국내,10
기타범죄,기타범죄,기타범죄,전북 남원시,전북,기타(Top5외),국내,245
강력범죄,살인기수,기타(Top3외),전북 익산시,전북,기타(Top5외),국내,4
강력범죄,살인미수등,기타(Top3외),전북 익산시,전북,기타(Top5외),국내,1
강력범죄,강도,기타(Top3외),전북 익산시,전북,기타(Top5외),국내,3
강력범죄,강간,기타(Top3외),전북 익산시,전북,기타(Top5외),국내,24
강력범죄,유사강간,기타(Top3외),전북 익산시,전북,기타(Top5외),국내,6
강력범죄,강제추행,기타(Top3외),전북 익산시,전북,기타(Top5외),국내,85
강력범죄,기타 강간/강제추행등,기타(Top3외),전북 익산시,전북,기타(Top5외),국내,1
강력범죄,방화,기타(Top3외),전북 익산시,전북,기타(Top5외),국내,4
절도범죄,절도범죄,기타(Top3외),전북 익산시,전북,기타(Top5외),국내,1026
폭력범죄,상해,기타(Top3외),전북 익산시,전북,기타(Top5외),국내,81
폭력범죄,폭행,기타(Top3외),전북 익산시,전북,기타(Top5외),국내,665
폭력범죄,체포/감금,기타(Top3외),전북 익산시,전북,기타(Top5외),국내,11
폭력범죄,협박,기타(Top3외),전북 익산시,전북,기타(Top5외),국내,101
폭력범죄,약취/유인,기타(Top3외),전북 익산시,전북,기타(Top5외),국내,1
폭력범죄,폭력행위등,기타(Top3외),전북 익산시,전북,기타(Top5외),국내,49
폭력범죄,공갈,기타(Top3외),전북 익산시,전북,기타(Top5외),국내,54
폭력범죄,손괴,기타(Top3외),전북 익산시,전북,기타(Top5외),국내,220
지능범죄,직무유기,지능범죄,전북 익산시,전북,기타(Top5외),국내,6
지능범죄,직권남용,지능범죄,전북 익산시,전북,기타(Top5외),국내,7
지능범죄,증수뢰,지능범죄,전북 익산시,전북,기타(Top5외),국내,2
지능범죄,통화,지능범죄,전북 익산시,전북,기타(Top5외),국내,2
지능범죄,문서/인장,지능범죄,전북 익산시,전북,기타(Top5외),국내,51
지능범죄,유가증권인지,지능범죄,전북 익산시,전북,기타(Top5외),국내,0
지능범죄,사기,지능범죄,전북 익산시,전북,기타(Top5외),국내,2480
지능범죄,횡령,지능범죄,전북 익산시,전북,기타(Top5외),국내,252
지능범죄,배임,지능범죄,전북 익산시,전북,기타(Top5외),국내,14
풍속범죄,성풍속범죄,기타(Top3외),전북 익산시,전북,기타(Top5외),국내,85
풍속범죄,도박범죄,기타(Top3외),전북 익산시,전북,기타(Top5외),국내,40
특별경제범죄,특별경제범죄,기타(Top3외),전북 익산시,전북,기타(Top5외),국내,911
마약범죄,마약범죄,기타(Top3외),전북 익산시,전북,기타(Top5외),국내,19
보건범죄,보건범죄,기타(Top3외),전북 익산시,전북,기타(Top5외),국내,22
환경범죄,환경범죄,기타(Top3외),전북 익산시,전북,기타(Top5외),국내,9
교통범죄,교통범죄,교통범죄,전북 익산시,전북,기타(Top5외),국내,1168
노동범죄,노동범죄,기타(Top3외),전북 익산시,전북,기타(Top5외),국내,0
안보범죄,안보범죄,기타(Top3외),전북 익산시,전북,기타(Top5외),국내,1
선거범죄,선거범죄,기타(Top3외),전북 익산시,전북,기타(Top5외),국내,6
병역범죄,병역범죄,기타(Top3외),전북 익산시,전북,기타(Top5외),국내,80
기타범죄,기타범죄,기타범죄,전북 익산시,전북,기타(Top5외),국내,1236
강력범죄,살인기수,기타(Top3외),전북 전주시,전북,기타(Top5외),국내,2
강력범죄,살인미수등,기타(Top3외),전북 전주시,전북,기타(Top5외),국내,3
강력범죄,강도,기타(Top3외),전북 전주시,전북,기타(Top5외),국내,7
강력범죄,강간,기타(Top3외),전북 전주시,전북,기타(Top5외),국내,73
강력범죄,유사강간,기타(Top3외),전북 전주시,전북,기타(Top5외),국내,7
강력범죄,강제추행,기타(Top3외),전북 전주시,전북,기타(Top5외),국내,175
강력범죄,기타 강간/강제추행등,기타(Top3외),전북 전주시,전북,기타(Top5외),국내,3
강력범죄,방화,기타(Top3외),전북 전주시,전북,기타(Top5외),국내,13
절도범죄,절도범죄,기타(Top3외),전북 전주시,전북,기타(Top5외),국내,2667
폭력범죄,상해,기타(Top3외),전북 전주시,전북,기타(Top5외),국내,266
폭력범죄,폭행,기타(Top3외),전북 전주시,전북,기타(Top5외),국내,1298
폭력범죄,체포/감금,기타(Top3외),전북 전주시,전북,기타(Top5외),국내,8
폭력범죄,협박,기타(Top3외),전북 전주시,전북,기타(Top5외),국내,282
폭력범죄,약취/유인,기타(Top3외),전북 전주시,전북,기타(Top5외),국내,2
폭력범죄,폭력행위등,기타(Top3외),전북 전주시,전북,기타(Top5외),국내,141
폭력범죄,공갈,기타(Top3외),전북 전주시,전북,기타(Top5외),국내,109
폭력범죄,손괴,기타(Top3외),전북 전주시,전북,기타(Top5외),국내,516
지능범죄,직무유기,지능범죄,전북 전주시,전북,기타(Top5외),국내,10
지능범죄,직권남용,지능범죄,전북 전주시,전북,기타(Top5외),국내,15
지능범죄,증수뢰,지능범죄,전북 전주시,전북,기타(Top5외),국내,7
지능범죄,통화,지능범죄,전북 전주시,전북,기타(Top5외),국내,3
지능범죄,문서/인장,지능범죄,전북 전주시,전북,기타(Top5외),국내,171
지능범죄,유가증권인지,지능범죄,전북 전주시,전북,기타(Top5외),국내,1
지능범죄,사기,지능범죄,전북 전주시,전북,기타(Top5외),국내,5715
지능범죄,횡령,지능범죄,전북 전주시,전북,기타(Top5외),국내,630
지능범죄,배임,지능범죄,전북 전주시,전북,기타(Top5외),국내,44
풍속범죄,성풍속범죄,기타(Top3외),전북 전주시,전북,기타(Top5외),국내,285
풍속범죄,도박범죄,기타(Top3외),전북 전주시,전북,기타(Top5외),국내,111
특별경제범죄,특별경제범죄,기타(Top3외),전북 전주시,전북,기타(Top5외),국내,1197
마약범죄,마약범죄,기타(Top3외),전북 전주시,전북,기타(Top5외),국내,42
보건범죄,보건범죄,기타(Top3외),전북 전주시,전북,기타(Top5외),국내,129
환경범죄,환경범죄,기타(Top3외),전북 전주시,전북,기타(Top5외),국내,17
교통범죄,교통범죄,교통범죄,전북 전주시,전북,기타(Top5외),국내,2823
노동범죄,노동범죄,기타(Top3외),전북 전주시,전북,기타(Top5외),국내,3
안보범죄,안보범죄,기타(Top3외),전북 전주시,전북,기타(Top5외),국내,2
선거범죄,선거범죄,기타(Top3외),전북 전주시,전북,기타(Top5외),국내,24
병역범죄,병역범죄,기타(Top3외),전북 전주시,전북,기타(Top5외),국내,118
기타범죄,기타범죄,기타범죄,전북 전주시,전북,기타(Top5외),국내,3024
강력범죄,살인기수,기타(Top3외),전북 정읍시,전북,기타(Top5외),국내,0
강력범죄,살인미수등,기타(Top3외),전북 정읍시,전북,기타(Top5외),국내,1
강력범죄,강도,기타(Top3외),전북 정읍시,전북,기타(Top5외),국내,2
강력범죄,강간,기타(Top3외),전북 정읍시,전북,기타(Top5외),국내,8
강력범죄,유사강간,기타(Top3외),전북 정읍시,전북,기타(Top5외),국내,1
강력범죄,강제추행,기타(Top3외),전북 정읍시,전북,기타(Top5외),국내,15
강력범죄,기타 강간/강제추행등,기타(Top3외),전북 정읍시,전북,기타(Top5외),국내,0
강력범죄,방화,기타(Top3외),전북 정읍시,전북,기타(Top5외),국내,1
절도범죄,절도범죄,기타(Top3외),전북 정읍시,전북,기타(Top5외),국내,443
폭력범죄,상해,기타(Top3외),전북 정읍시,전북,기타(Top5외),국내,57
폭력범죄,폭행,기타(Top3외),전북 정읍시,전북,기타(Top5외),국내,217
폭력범죄,체포/감금,기타(Top3외),전북 정읍시,전북,기타(Top5외),국내,2
폭력범죄,협박,기타(Top3외),전북 정읍시,전북,기타(Top5외),국내,33
폭력범죄,약취/유인,기타(Top3외),전북 정읍시,전북,기타(Top5외),국내,0
폭력범죄,폭력행위등,기타(Top3외),전북 정읍시,전북,기타(Top5외),국내,20
폭력범죄,공갈,기타(Top3외),전북 정읍시,전북,기타(Top5외),국내,15
폭력범죄,손괴,기타(Top3외),전북 정읍시,전북,기타(Top5외),국내,79
지능범죄,직무유기,지능범죄,전북 정읍시,전북,기타(Top5외),국내,3
지능범죄,직권남용,지능범죄,전북 정읍시,전북,기타(Top5외),국내,4
지능범죄,증수뢰,지능범죄,전북 정읍시,전북,기타(Top5외),국내,4
지능범죄,통화,지능범죄,전북 정읍시,전북,기타(Top5외),국내,0
지능범죄,문서/인장,지능범죄,전북 정읍시,전북,기타(Top5외),국내,29
지능범죄,유가증권인지,지능범죄,전북 정읍시,전북,기타(Top5외),국내,0
지능범죄,사기,지능범죄,전북 정읍시,전북,기타(Top5외),국내,561
지능범죄,횡령,지능범죄,전북 정읍시,전북,기타(Top5외),국내,72
지능범죄,배임,지능범죄,전북 정읍시,전북,기타(Top5외),국내,8
풍속범죄,성풍속범죄,기타(Top3외),전북 정읍시,전북,기타(Top5외),국내,13
풍속범죄,도박범죄,기타(Top3외),전북 정읍시,전북,기타(Top5외),국내,7
특별경제범죄,특별경제범죄,기타(Top3외),전북 정읍시,전북,기타(Top5외),국내,114
마약범죄,마약범죄,기타(Top3외),전북 정읍시,전북,기타(Top5외),국내,16
보건범죄,보건범죄,기타(Top3외),전북 정읍시,전북,기타(Top5외),국내,17
환경범죄,환경범죄,기타(Top3외),전북 정읍시,전북,기타(Top5외),국내,2
교통범죄,교통범죄,교통범죄,전북 정읍시,전북,기타(Top5외),국내,454
노동범죄,노동범죄,기타(Top3외),전북 정읍시,전북,기타(Top5외),국내,0
안보범죄,안보범죄,기타(Top3외),전북 정읍시,전북,기타(Top5외),국내,0
선거범죄,선거범죄,기타(Top3외),전북 정읍시,전북,기타(Top5외),국내,14
병역범죄,병역범죄,기타(Top3외),전북 정읍시,전북,기타(Top5외),국내,18
기타범죄,기타범죄,기타범죄,전북 정읍시,전북,기타(Top5외),국내,364
강력범죄,살인기수,기타(Top3외),전북 완주군,전북,기타(Top5외),국내,0
강력범죄,살인미수등,기타(Top3외),전북 완주군,전북,기타(Top5외),국내,0
강력범죄,강도,기타(Top3외),전북 완주군,전북,기타(Top5외),국내,0
강력범죄,강간,기타(Top3외),전북 완주군,전북,기타(Top5외),국내,10
강력범죄,유사강간,기타(Top3외),전북 완주군,전북,기타(Top5외),국내,2
강력범죄,강제추행,기타(Top3외),전북 완주군,전북,기타(Top5외),국내,21
강력범죄,기타 강간/강제추행등,기타(Top3외),전북 완주군,전북,기타(Top5외),국내,0
강력범죄,방화,기타(Top3외),전북 완주군,전북,기타(Top5외),국내,1
절도범죄,절도범죄,기타(Top3외),전북 완주군,전북,기타(Top5외),국내,224
폭력범죄,상해,기타(Top3외),전북 완주군,전북,기타(Top5외),국내,26
폭력범죄,폭행,기타(Top3외),전북 완주군,전북,기타(Top5외),국내,158
폭력범죄,체포/감금,기타(Top3외),전북 완주군,전북,기타(Top5외),국내,3
폭력범죄,협박,기타(Top3외),전북 완주군,전북,기타(Top5외),국내,31
폭력범죄,약취/유인,기타(Top3외),전북 완주군,전북,기타(Top5외),국내,0
폭력범죄,폭력행위등,기타(Top3외),전북 완주군,전북,기타(Top5외),국내,11
폭력범죄,공갈,기타(Top3외),전북 완주군,전북,기타(Top5외),국내,12
폭력범죄,손괴,기타(Top3외),전북 완주군,전북,기타(Top5외),국내,62
지능범죄,직무유기,지능범죄,전북 완주군,전북,기타(Top5외),국내,3
지능범죄,직권남용,지능범죄,전북 완주군,전북,기타(Top5외),국내,2
지능범죄,증수뢰,지능범죄,전북 완주군,전북,기타(Top5외),국내,0
지능범죄,통화,지능범죄,전북 완주군,전북,기타(Top5외),국내,0
지능범죄,문서/인장,지능범죄,전북 완주군,전북,기타(Top5외),국내,14
지능범죄,유가증권인지,지능범죄,전북 완주군,전북,기타(Top5외),국내,0
지능범죄,사기,지능범죄,전북 완주군,전북,기타(Top5외),국내,524
지능범죄,횡령,지능범죄,전북 완주군,전북,기타(Top5외),국내,54
지능범죄,배임,지능범죄,전북 완주군,전북,기타(Top5외),국내,6
풍속범죄,성풍속범죄,기타(Top3외),전북 완주군,전북,기타(Top5외),국내,17
풍속범죄,도박범죄,기타(Top3외),전북 완주군,전북,기타(Top5외),국내,7
특별경제범죄,특별경제범죄,기타(Top3외),전북 완주군,전북,기타(Top5외),국내,73
마약범죄,마약범죄,기타(Top3외),전북 완주군,전북,기타(Top5외),국내,9
보건범죄,보건범죄,기타(Top3외),전북 완주군,전북,기타(Top5외),국내,32
환경범죄,환경범죄,기타(Top3외),전북 완주군,전북,기타(Top5외),국내,3
교통범죄,교통범죄,교통범죄,전북 완주군,전북,기타(Top5외),국내,486
노동범죄,노동범죄,기타(Top3외),전북 완주군,전북,기타(Top5외),국내,0
안보범죄,안보범죄,기타(Top3외),전북 완주군,전북,기타(Top5외),국내,0
선거범죄,선거범죄,기타(Top3외),전북 완주군,전북,기타(Top5외),국내,3
병역범죄,병역범죄,기타(Top3외),전북 완주군,전북,기타(Top5외),국내,18
기타범죄,기타범죄,기타범죄,전북 완주군,전북,기타(Top5외),국내,378
강력범죄,살인기수,기타(Top3외),전북 고창군,전북,기타(Top5외),국내,0
강력범죄,살인미수등,기타(Top3외),전북 고창군,전북,기타(Top5외),국내,0
강력범죄,강도,기타(Top3외),전북 고창군,전북,기타(Top5외),국내,0
강력범죄,강간,기타(Top3외),전북 고창군,전북,기타(Top5외),국내,4
강력범죄,유사강간,기타(Top3외),전북 고창군,전북,기타(Top5외),국내,1
강력범죄,강제추행,기타(Top3외),전북 고창군,전북,기타(Top5외),국내,18
강력범죄,기타 강간/강제추행등,기타(Top3외),전북 고창군,전북,기타(Top5외),국내,0
강력범죄,방화,기타(Top3외),전북 고창군,전북,기타(Top5외),국내,2
절도범죄,절도범죄,기타(Top3외),전북 고창군,전북,기타(Top5외),국내,77
폭력범죄,상해,기타(Top3외),전북 고창군,전북,기타(Top5외),국내,13
폭력범죄,폭행,기타(Top3외),전북 고창군,전북,기타(Top5외),국내,102
폭력범죄,체포/감금,기타(Top3외),전북 고창군,전북,기타(Top5외),국내,2
폭력범죄,협박,기타(Top3외),전북 고창군,전북,기타(Top5외),국내,19
폭력범죄,약취/유인,기타(Top3외),전북 고창군,전북,기타(Top5외),국내,0
폭력범죄,폭력행위등,기타(Top3외),전북 고창군,전북,기타(Top5외),국내,7
폭력범죄,공갈,기타(Top3외),전북 고창군,전북,기타(Top5외),국내,4
폭력범죄,손괴,기타(Top3외),전북 고창군,전북,기타(Top5외),국내,40
지능범죄,직무유기,지능범죄,전북 고창군,전북,기타(Top5외),국내,1
지능범죄,직권남용,지능범죄,전북 고창군,전북,기타(Top5외),국내,1
지능범죄,증수뢰,지능범죄,전북 고창군,전북,기타(Top5외),국내,0
지능범죄,통화,지능범죄,전북 고창군,전북,기타(Top5외),국내,0
지능범죄,문서/인장,지능범죄,전북 고창군,전북,기타(Top5외),국내,9
지능범죄,유가증권인지,지능범죄,전북 고창군,전북,기타(Top5외),국내,0
지능범죄,사기,지능범죄,전북 고창군,전북,기타(Top5외),국내,403
지능범죄,횡령,지능범죄,전북 고창군,전북,기타(Top5외),국내,28
지능범죄,배임,지능범죄,전북 고창군,전북,기타(Top5외),국내,1
풍속범죄,성풍속범죄,기타(Top3외),전북 고창군,전북,기타(Top5외),국내,12
풍속범죄,도박범죄,기타(Top3외),전북 고창군,전북,기타(Top5외),국내,7
특별경제범죄,특별경제범죄,기타(Top3외),전북 고창군,전북,기타(Top5외),국내,55
마약범죄,마약범죄,기타(Top3외),전북 고창군,전북,기타(Top5외),국내,4
보건범죄,보건범죄,기타(Top3외),전북 고창군,전북,기타(Top5외),국내,8
환경범죄,환경범죄,기타(Top3외),전북 고창군,전북,기타(Top5외),국내,5
교통범죄,교통범죄,교통범죄,전북 고창군,전북,기타(Top5외),국내,206
노동범죄,노동범죄,기타(Top3외),전북 고창군,전북,기타(Top5외),국내,1
안보범죄,안보범죄,기타(Top3외),전북 고창군,전북,기타(Top5외),국내,0
선거범죄,선거범죄,기타(Top3외),전북 고창군,전북,기타(Top5외),국내,1
병역범죄,병역범죄,기타(Top3외),전북 고창군,전북,기타(Top5외),국내,7
기타범죄,기타범죄,기타범죄,전북 고창군,전북,기타(Top5외),국내,196
강력범죄,살인기수,기타(Top3외),전북 부안군,전북,기타(Top5외),국내,0
강력범죄,살인미수등,기타(Top3외),전북 부안군,전북,기타(Top5외),국내,0
강력범죄,강도,기타(Top3외),전북 부안군,전북,기타(Top5외),국내,0
강력범죄,강간,기타(Top3외),전북 부안군,전북,기타(Top5외),국내,8
강력범죄,유사강간,기타(Top3외),전북 부안군,전북,기타(Top5외),국내,0
강력범죄,강제추행,기타(Top3외),전북 부안군,전북,기타(Top5외),국내,6
강력범죄,기타 강간/강제추행등,기타(Top3외),전북 부안군,전북,기타(Top5외),국내,0
강력범죄,방화,기타(Top3외),전북 부안군,전북,기타(Top5외),국내,2
절도범죄,절도범죄,기타(Top3외),전북 부안군,전북,기타(Top5외),국내,101
폭력범죄,상해,기타(Top3외),전북 부안군,전북,기타(Top5외),국내,19
폭력범죄,폭행,기타(Top3외),전북 부안군,전북,기타(Top5외),국내,72
폭력범죄,체포/감금,기타(Top3외),전북 부안군,전북,기타(Top5외),국내,0
폭력범죄,협박,기타(Top3외),전북 부안군,전북,기타(Top5외),국내,19
폭력범죄,약취/유인,기타(Top3외),전북 부안군,전북,기타(Top5외),국내,0
폭력범죄,폭력행위등,기타(Top3외),전북 부안군,전북,기타(Top5외),국내,6
폭력범죄,공갈,기타(Top3외),전북 부안군,전북,기타(Top5외),국내,5
폭력범죄,손괴,기타(Top3외),전북 부안군,전북,기타(Top5외),국내,36
지능범죄,직무유기,지능범죄,전북 부안군,전북,기타(Top5외),국내,1
지능범죄,직권남용,지능범죄,전북 부안군,전북,기타(Top5외),국내,1
지능범죄,증수뢰,지능범죄,전북 부안군,전북,기타(Top5외),국내,0
지능범죄,통화,지능범죄,전북 부안군,전북,기타(Top5외),국내,0
지능범죄,문서/인장,지능범죄,전북 부안군,전북,기타(Top5외),국내,16
지능범죄,유가증권인지,지능범죄,전북 부안군,전북,기타(Top5외),국내,0
지능범죄,사기,지능범죄,전북 부안군,전북,기타(Top5외),국내,271
지능범죄,횡령,지능범죄,전북 부안군,전북,기타(Top5외),국내,25
지능범죄,배임,지능범죄,전북 부안군,전북,기타(Top5외),국내,4
풍속범죄,성풍속범죄,기타(Top3외),전북 부안군,전북,기타(Top5외),국내,11
풍속범죄,도박범죄,기타(Top3외),전북 부안군,전북,기타(Top5외),국내,3
특별경제범죄,특별경제범죄,기타(Top3외),전북 부안군,전북,기타(Top5외),국내,43
마약범죄,마약범죄,기타(Top3외),전북 부안군,전북,기타(Top5외),국내,2
보건범죄,보건범죄,기타(Top3외),전북 부안군,전북,기타(Top5외),국내,7
환경범죄,환경범죄,기타(Top3외),전북 부안군,전북,기타(Top5외),국내,0
교통범죄,교통범죄,교통범죄,전북 부안군,전북,기타(Top5외),국내,191
노동범죄,노동범죄,기타(Top3외),전북 부안군,전북,기타(Top5외),국내,0
안보범죄,안보범죄,기타(Top3외),전북 부안군,전북,기타(Top5외),국내,0
선거범죄,선거범죄,기타(Top3외),전북 부안군,전북,기타(Top5외),국내,0
병역범죄,병역범죄,기타(Top3외),전북 부안군,전북,기타(Top5외),국내,5
기타범죄,기타범죄,기타범죄,전북 부안군,전북,기타(Top5외),국내,156
강력범죄,살인기수,기타(Top3외),전북 임실군,전북,기타(Top5외),국내,0
강력범죄,살인미수등,기타(Top3외),전북 임실군,전북,기타(Top5외),국내,0
강력범죄,강도,기타(Top3외),전북 임실군,전북,기타(Top5외),국내,0
강력범죄,강간,기타(Top3외),전북 임실군,전북,기타(Top5외),국내,2
강력범죄,유사강간,기타(Top3외),전북 임실군,전북,기타(Top5외),국내,0
강력범죄,강제추행,기타(Top3외),전북 임실군,전북,기타(Top5외),국내,4
강력범죄,기타 강간/강제추행등,기타(Top3외),전북 임실군,전북,기타(Top5외),국내,0
강력범죄,방화,기타(Top3외),전북 임실군,전북,기타(Top5외),국내,0
절도범죄,절도범죄,기타(Top3외),전북 임실군,전북,기타(Top5외),국내,51
폭력범죄,상해,기타(Top3외),전북 임실군,전북,기타(Top5외),국내,8
폭력범죄,폭행,기타(Top3외),전북 임실군,전북,기타(Top5외),국내,19
폭력범죄,체포/감금,기타(Top3외),전북 임실군,전북,기타(Top5외),국내,0
폭력범죄,협박,기타(Top3외),전북 임실군,전북,기타(Top5외),국내,8
폭력범죄,약취/유인,기타(Top3외),전북 임실군,전북,기타(Top5외),국내,0
폭력범죄,폭력행위등,기타(Top3외),전북 임실군,전북,기타(Top5외),국내,1
폭력범죄,공갈,기타(Top3외),전북 임실군,전북,기타(Top5외),국내,1
폭력범죄,손괴,기타(Top3외),전북 임실군,전북,기타(Top5외),국내,15
지능범죄,직무유기,지능범죄,전북 임실군,전북,기타(Top5외),국내,1
지능범죄,직권남용,지능범죄,전북 임실군,전북,기타(Top5외),국내,1
지능범죄,증수뢰,지능범죄,전북 임실군,전북,기타(Top5외),국내,0
지능범죄,통화,지능범죄,전북 임실군,전북,기타(Top5외),국내,0
지능범죄,문서/인장,지능범죄,전북 임실군,전북,기타(Top5외),국내,6
지능범죄,유가증권인지,지능범죄,전북 임실군,전북,기타(Top5외),국내,0
지능범죄,사기,지능범죄,전북 임실군,전북,기타(Top5외),국내,115
지능범죄,횡령,지능범죄,전북 임실군,전북,기타(Top5외),국내,10
지능범죄,배임,지능범죄,전북 임실군,전북,기타(Top5외),국내,1
풍속범죄,성풍속범죄,기타(Top3외),전북 임실군,전북,기타(Top5외),국내,5
풍속범죄,도박범죄,기타(Top3외),전북 임실군,전북,기타(Top5외),국내,3
특별경제범죄,특별경제범죄,기타(Top3외),전북 임실군,전북,기타(Top5외),국내,10
마약범죄,마약범죄,기타(Top3외),전북 임실군,전북,기타(Top5외),국내,1
보건범죄,보건범죄,기타(Top3외),전북 임실군,전북,기타(Top5외),국내,1
환경범죄,환경범죄,기타(Top3외),전북 임실군,전북,기타(Top5외),국내,9
교통범죄,교통범죄,교통범죄,전북 임실군,전북,기타(Top5외),국내,119
노동범죄,노동범죄,기타(Top3외),전북 임실군,전북,기타(Top5외),국내,0
안보범죄,안보범죄,기타(Top3외),전북 임실군,전북,기타(Top5외),국내,0
선거범죄,선거범죄,기타(Top3외),전북 임실군,전북,기타(Top5외),국내,0
병역범죄,병역범죄,기타(Top3외),전북 임실군,전북,기타(Top5외),국내,7
기타범죄,기타범죄,기타범죄,전북 임실군,전북,기타(Top5외),국내,68
강력범죄,살인기수,기타(Top3외),전북 순창군,전북,기타(Top5외),국내,0
강력범죄,살인미수등,기타(Top3외),전북 순창군,전북,기타(Top5외),국내,0
강력범죄,강도,기타(Top3외),전북 순창군,전북,기타(Top5외),국내,0
강력범죄,강간,기타(Top3외),전북 순창군,전북,기타(Top5외),국내,0
강력범죄,유사강간,기타(Top3외),전북 순창군,전북,기타(Top5외),국내,1
강력범죄,강제추행,기타(Top3외),전북 순창군,전북,기타(Top5외),국내,2
강력범죄,기타 강간/강제추행등,기타(Top3외),전북 순창군,전북,기타(Top5외),국내,1
강력범죄,방화,기타(Top3외),전북 순창군,전북,기타(Top5외),국내,1
절도범죄,절도범죄,기타(Top3외),전북 순창군,전북,기타(Top5외),국내,39
폭력범죄,상해,기타(Top3외),전북 순창군,전북,기타(Top5외),국내,13
폭력범죄,폭행,기타(Top3외),전북 순창군,전북,기타(Top5외),국내,25
폭력범죄,체포/감금,기타(Top3외),전북 순창군,전북,기타(Top5외),국내,0
폭력범죄,협박,기타(Top3외),전북 순창군,전북,기타(Top5외),국내,5
폭력범죄,약취/유인,기타(Top3외),전북 순창군,전북,기타(Top5외),국내,0
폭력범죄,폭력행위등,기타(Top3외),전북 순창군,전북,기타(Top5외),국내,2
폭력범죄,공갈,기타(Top3외),전북 순창군,전북,기타(Top5외),국내,0
폭력범죄,손괴,기타(Top3외),전북 순창군,전북,기타(Top5외),국내,16
지능범죄,직무유기,지능범죄,전북 순창군,전북,기타(Top5외),국내,1
지능범죄,직권남용,지능범죄,전북 순창군,전북,기타(Top5외),국내,0
지능범죄,증수뢰,지능범죄,전북 순창군,전북,기타(Top5외),국내,0
지능범죄,통화,지능범죄,전북 순창군,전북,기타(Top5외),국내,0
지능범죄,문서/인장,지능범죄,전북 순창군,전북,기타(Top5외),국내,4
지능범죄,유가증권인지,지능범죄,전북 순창군,전북,기타(Top5외),국내,0
지능범죄,사기,지능범죄,전북 순창군,전북,기타(Top5외),국내,91
지능범죄,횡령,지능범죄,전북 순창군,전북,기타(Top5외),국내,11
지능범죄,배임,지능범죄,전북 순창군,전북,기타(Top5외),국내,0
풍속범죄,성풍속범죄,기타(Top3외),전북 순창군,전북,기타(Top5외),국내,7
풍속범죄,도박범죄,기타(Top3외),전북 순창군,전북,기타(Top5외),국내,4
특별경제범죄,특별경제범죄,기타(Top3외),전북 순창군,전북,기타(Top5외),국내,16
마약범죄,마약범죄,기타(Top3외),전북 순창군,전북,기타(Top5외),국내,2
보건범죄,보건범죄,기타(Top3외),전북 순창군,전북,기타(Top5외),국내,3
환경범죄,환경범죄,기타(Top3외),전북 순창군,전북,기타(Top5외),국내,0
교통범죄,교통범죄,교통범죄,전북 순창군,전북,기타(Top5외),국내,132
노동범죄,노동범죄,기타(Top3외),전북 순창군,전북,기타(Top5외),국내,0
안보범죄,안보범죄,기타(Top3외),전북 순창군,전북,기타(Top5외),국내,0
선거범죄,선거범죄,기타(Top3외),전북 순창군,전북,기타(Top5외),국내,0
병역범죄,병역범죄,기타(Top3외),전북 순창군,전북,기타(Top5외),국내,1
기타범죄,기타범죄,기타범죄,전북 순창군,전북,기타(Top5외),국내,67
강력범죄,살인기수,기타(Top3외),전북 진안군,전북,기타(Top5외),국내,0
강력범죄,살인미수등,기타(Top3외),전북 진안군,전북,기타(Top5외),국내,1
강력범죄,강도,기타(Top3외),전북 진안군,전북,기타(Top5외),국내,0
강력범죄,강간,기타(Top3외),전북 진안군,전북,기타(Top5외),국내,0
강력범죄,유사강간,기타(Top3외),전북 진안군,전북,기타(Top5외),국내,1
강력범죄,강제추행,기타(Top3외),전북 진안군,전북,기타(Top5외),국내,3
강력범죄,기타 강간/강제추행등,기타(Top3외),전북 진안군,전북,기타(Top5외),국내,0
강력범죄,방화,기타(Top3외),전북 진안군,전북,기타(Top5외),국내,1
절도범죄,절도범죄,기타(Top3외),전북 진안군,전북,기타(Top5외),국내,47
폭력범죄,상해,기타(Top3외),전북 진안군,전북,기타(Top5외),국내,12
폭력범죄,폭행,기타(Top3외),전북 진안군,전북,기타(Top5외),국내,26
폭력범죄,체포/감금,기타(Top3외),전북 진안군,전북,기타(Top5외),국내,0
폭력범죄,협박,기타(Top3외),전북 진안군,전북,기타(Top5외),국내,5
폭력범죄,약취/유인,기타(Top3외),전북 진안군,전북,기타(Top5외),국내,0
폭력범죄,폭력행위등,기타(Top3외),전북 진안군,전북,기타(Top5외),국내,2
폭력범죄,공갈,기타(Top3외),전북 진안군,전북,기타(Top5외),국내,0
폭력범죄,손괴,기타(Top3외),전북 진안군,전북,기타(Top5외),국내,18
지능범죄,직무유기,지능범죄,전북 진안군,전북,기타(Top5외),국내,1
지능범죄,직권남용,지능범죄,전북 진안군,전북,기타(Top5외),국내,0
지능범죄,증수뢰,지능범죄,전북 진안군,전북,기타(Top5외),국내,0
지능범죄,통화,지능범죄,전북 진안군,전북,기타(Top5외),국내,0
지능범죄,문서/인장,지능범죄,전북 진안군,전북,기타(Top5외),국내,13
지능범죄,유가증권인지,지능범죄,전북 진안군,전북,기타(Top5외),국내,0
지능범죄,사기,지능범죄,전북 진안군,전북,기타(Top5외),국내,199
지능범죄,횡령,지능범죄,전북 진안군,전북,기타(Top5외),국내,11
지능범죄,배임,지능범죄,전북 진안군,전북,기타(Top5외),국내,1
풍속범죄,성풍속범죄,기타(Top3외),전북 진안군,전북,기타(Top5외),국내,3
풍속범죄,도박범죄,기타(Top3외),전북 진안군,전북,기타(Top5외),국내,1
특별경제범죄,특별경제범죄,기타(Top3외),전북 진안군,전북,기타(Top5외),국내,13
마약범죄,마약범죄,기타(Top3외),전북 진안군,전북,기타(Top5외),국내,6
보건범죄,보건범죄,기타(Top3외),전북 진안군,전북,기타(Top5외),국내,3
환경범죄,환경범죄,기타(Top3외),전북 진안군,전북,기타(Top5외),국내,0
교통범죄,교통범죄,교통범죄,전북 진안군,전북,기타(Top5외),국내,92
노동범죄,노동범죄,기타(Top3외),전북 진안군,전북,기타(Top5외),국내,0
안보범죄,안보범죄,기타(Top3외),전북 진안군,전북,기타(Top5외),국내,0
선거범죄,선거범죄,기타(Top3외),전북 진안군,전북,기타(Top5외),국내,0
병역범죄,병역범죄,기타(Top3외),전북 진안군,전북,기타(Top5외),국내,3
기타범죄,기타범죄,기타범죄,전북 진안군,전북,기타(Top5외),국내,67
강력범죄,살인기수,기타(Top3외),전북 무주군,전북,기타(Top5외),국내,0
강력범죄,살인미수등,기타(Top3외),전북 무주군,전북,기타(Top5외),국내,0
강력범죄,강도,기타(Top3외),전북 무주군,전북,기타(Top5외),국내,0
강력범죄,강간,기타(Top3외),전북 무주군,전북,기타(Top5외),국내,0
강력범죄,유사강간,기타(Top3외),전북 무주군,전북,기타(Top5외),국내,1
강력범죄,강제추행,기타(Top3외),전북 무주군,전북,기타(Top5외),국내,11
강력범죄,기타 강간/강제추행등,기타(Top3외),전북 무주군,전북,기타(Top5외),국내,0
강력범죄,방화,기타(Top3외),전북 무주군,전북,기타(Top5외),국내,0
절도범죄,절도범죄,기타(Top3외),전북 무주군,전북,기타(Top5외),국내,30
폭력범죄,상해,기타(Top3외),전북 무주군,전북,기타(Top5외),국내,11
폭력범죄,폭행,기타(Top3외),전북 무주군,전북,기타(Top5외),국내,31
폭력범죄,체포/감금,기타(Top3외),전북 무주군,전북,기타(Top5외),국내,0
폭력범죄,협박,기타(Top3외),전북 무주군,전북,기타(Top5외),국내,5
폭력범죄,약취/유인,기타(Top3외),전북 무주군,전북,기타(Top5외),국내,0
폭력범죄,폭력행위등,기타(Top3외),전북 무주군,전북,기타(Top5외),국내,0
폭력범죄,공갈,기타(Top3외),전북 무주군,전북,기타(Top5외),국내,11
폭력범죄,손괴,기타(Top3외),전북 무주군,전북,기타(Top5외),국내,16
지능범죄,직무유기,지능범죄,전북 무주군,전북,기타(Top5외),국내,1
지능범죄,직권남용,지능범죄,전북 무주군,전북,기타(Top5외),국내,0
지능범죄,증수뢰,지능범죄,전북 무주군,전북,기타(Top5외),국내,1
지능범죄,통화,지능범죄,전북 무주군,전북,기타(Top5외),국내,0
지능범죄,문서/인장,지능범죄,전북 무주군,전북,기타(Top5외),국내,6
지능범죄,유가증권인지,지능범죄,전북 무주군,전북,기타(Top5외),국내,1
지능범죄,사기,지능범죄,전북 무주군,전북,기타(Top5외),국내,172
지능범죄,횡령,지능범죄,전북 무주군,전북,기타(Top5외),국내,17
지능범죄,배임,지능범죄,전북 무주군,전북,기타(Top5외),국내,1
풍속범죄,성풍속범죄,기타(Top3외),전북 무주군,전북,기타(Top5외),국내,3
풍속범죄,도박범죄,기타(Top3외),전북 무주군,전북,기타(Top5외),국내,0
특별경제범죄,특별경제범죄,기타(Top3외),전북 무주군,전북,기타(Top5외),국내,22
마약범죄,마약범죄,기타(Top3외),전북 무주군,전북,기타(Top5외),국내,5
보건범죄,보건범죄,기타(Top3외),전북 무주군,전북,기타(Top5외),국내,4
환경범죄,환경범죄,기타(Top3외),전북 무주군,전북,기타(Top5외),국내,5
교통범죄,교통범죄,교통범죄,전북 무주군,전북,기타(Top5외),국내,109
노동범죄,노동범죄,기타(Top3외),전북 무주군,전북,기타(Top5외),국내,0
안보범죄,안보범죄,기타(Top3외),전북 무주군,전북,기타(Top5외),국내,0
선거범죄,선거범죄,기타(Top3외),전북 무주군,전북,기타(Top5외),국내,0
병역범죄,병역범죄,기타(Top3외),전북 무주군,전북,기타(Top5외),국내,1
기타범죄,기타범죄,기타범죄,전북 무주군,전북,기타(Top5외),국내,75
강력범죄,살인기수,기타(Top3외),전북 장수군,전북,기타(Top5외),국내,0
강력범죄,살인미수등,기타(Top3외),전북 장수군,전북,기타(Top5외),국내,0
강력범죄,강도,기타(Top3외),전북 장수군,전북,기타(Top5외),국내,0
강력범죄,강간,기타(Top3외),전북 장수군,전북,기타(Top5외),국내,2
강력범죄,유사강간,기타(Top3외),전북 장수군,전북,기타(Top5외),국내,0
강력범죄,강제추행,기타(Top3외),전북 장수군,전북,기타(Top5외),국내,4
강력범죄,기타 강간/강제추행등,기타(Top3외),전북 장수군,전북,기타(Top5외),국내,0
강력범죄,방화,기타(Top3외),전북 장수군,전북,기타(Top5외),국내,0
절도범죄,절도범죄,기타(Top3외),전북 장수군,전북,기타(Top5외),국내,42
폭력범죄,상해,기타(Top3외),전북 장수군,전북,기타(Top5외),국내,10
폭력범죄,폭행,기타(Top3외),전북 장수군,전북,기타(Top5외),국내,26
폭력범죄,체포/감금,기타(Top3외),전북 장수군,전북,기타(Top5외),국내,1
폭력범죄,협박,기타(Top3외),전북 장수군,전북,기타(Top5외),국내,8
폭력범죄,약취/유인,기타(Top3외),전북 장수군,전북,기타(Top5외),국내,0
폭력범죄,폭력행위등,기타(Top3외),전북 장수군,전북,기타(Top5외),국내,1
폭력범죄,공갈,기타(Top3외),전북 장수군,전북,기타(Top5외),국내,1
폭력범죄,손괴,기타(Top3외),전북 장수군,전북,기타(Top5외),국내,13
지능범죄,직무유기,지능범죄,전북 장수군,전북,기타(Top5외),국내,0
지능범죄,직권남용,지능범죄,전북 장수군,전북,기타(Top5외),국내,0
지능범죄,증수뢰,지능범죄,전북 장수군,전북,기타(Top5외),국내,0
지능범죄,통화,지능범죄,전북 장수군,전북,기타(Top5외),국내,0
지능범죄,문서/인장,지능범죄,전북 장수군,전북,기타(Top5외),국내,2
지능범죄,유가증권인지,지능범죄,전북 장수군,전북,기타(Top5외),국내,0
지능범죄,사기,지능범죄,전북 장수군,전북,기타(Top5외),국내,116
지능범죄,횡령,지능범죄,전북 장수군,전북,기타(Top5외),국내,8
지능범죄,배임,지능범죄,전북 장수군,전북,기타(Top5외),국내,1
풍속범죄,성풍속범죄,기타(Top3외),전북 장수군,전북,기타(Top5외),국내,4
풍속범죄,도박범죄,기타(Top3외),전북 장수군,전북,기타(Top5외),국내,2
특별경제범죄,특별경제범죄,기타(Top3외),전북 장수군,전북,기타(Top5외),국내,17
마약범죄,마약범죄,기타(Top3외),전북 장수군,전북,기타(Top5외),국내,1
보건범죄,보건범죄,기타(Top3외),전북 장수군,전북,기타(Top5외),국내,2
환경범죄,환경범죄,기타(Top3외),전북 장수군,전북,기타(Top5외),국내,1
교통범죄,교통범죄,교통범죄,전북 장수군,전북,기타(Top5외),국내,85
노동범죄,노동범죄,기타(Top3외),전북 장수군,전북,기타(Top5외),국내,0
안보범죄,안보범죄,기타(Top3외),전북 장수군,전북,기타(Top5외),국내,0
선거범죄,선거범죄,기타(Top3외),전북 장수군,전북,기타(Top5외),국내,0
병역범죄,병역범죄,기타(Top3외),전북 장수군,전북,기타(Top5외),국내,3
기타범죄,기타범죄,기타범죄,전북 장수군,전북,기타(Top5외),국내,55
강력범죄,살인기수,기타(Top3외),전남 광양시,전남,기타(Top5외),국내,1
강력범죄,살인미수등,기타(Top3외),전남 광양시,전남,기타(Top5외),국내,0
강력범죄,강도,기타(Top3외),전남 광양시,전남,기타(Top5외),국내,0
강력범죄,강간,기타(Top3외),전남 광양시,전남,기타(Top5외),국내,11
강력범죄,유사강간,기타(Top3외),전남 광양시,전남,기타(Top5외),국내,2
강력범죄,강제추행,기타(Top3외),전남 광양시,전남,기타(Top5외),국내,32
강력범죄,기타 강간/강제추행등,기타(Top3외),전남 광양시,전남,기타(Top5외),국내,0
강력범죄,방화,기타(Top3외),전남 광양시,전남,기타(Top5외),국내,3
절도범죄,절도범죄,기타(Top3외),전남 광양시,전남,기타(Top5외),국내,400
폭력범죄,상해,기타(Top3외),전남 광양시,전남,기타(Top5외),국내,102
폭력범죄,폭행,기타(Top3외),전남 광양시,전남,기타(Top5외),국내,283
폭력범죄,체포/감금,기타(Top3외),전남 광양시,전남,기타(Top5외),국내,3
폭력범죄,협박,기타(Top3외),전남 광양시,전남,기타(Top5외),국내,94
폭력범죄,약취/유인,기타(Top3외),전남 광양시,전남,기타(Top5외),국내,1
폭력범죄,폭력행위등,기타(Top3외),전남 광양시,전남,기타(Top5외),국내,27
폭력범죄,공갈,기타(Top3외),전남 광양시,전남,기타(Top5외),국내,10
폭력범죄,손괴,기타(Top3외),전남 광양시,전남,기타(Top5외),국내,125
지능범죄,직무유기,지능범죄,전남 광양시,전남,기타(Top5외),국내,1
지능범죄,직권남용,지능범죄,전남 광양시,전남,기타(Top5외),국내,2
지능범죄,증수뢰,지능범죄,전남 광양시,전남,기타(Top5외),국내,0
지능범죄,통화,지능범죄,전남 광양시,전남,기타(Top5외),국내,1
지능범죄,문서/인장,지능범죄,전남 광양시,전남,기타(Top5외),국내,22
지능범죄,유가증권인지,지능범죄,전남 광양시,전남,기타(Top5외),국내,0
지능범죄,사기,지능범죄,전남 광양시,전남,기타(Top5외),국내,1284
지능범죄,횡령,지능범죄,전남 광양시,전남,기타(Top5외),국내,114
지능범죄,배임,지능범죄,전남 광양시,전남,기타(Top5외),국내,14
풍속범죄,성풍속범죄,기타(Top3외),전남 광양시,전남,기타(Top5외),국내,54
풍속범죄,도박범죄,기타(Top3외),전남 광양시,전남,기타(Top5외),국내,15
특별경제범죄,특별경제범죄,기타(Top3외),전남 광양시,전남,기타(Top5외),국내,238
마약범죄,마약범죄,기타(Top3외),전남 광양시,전남,기타(Top5외),국내,19
보건범죄,보건범죄,기타(Top3외),전남 광양시,전남,기타(Top5외),국내,33
환경범죄,환경범죄,기타(Top3외),전남 광양시,전남,기타(Top5외),국내,4
교통범죄,교통범죄,교통범죄,전남 광양시,전남,기타(Top5외),국내,920
노동범죄,노동범죄,기타(Top3외),전남 광양시,전남,기타(Top5외),국내,11
안보범죄,안보범죄,기타(Top3외),전남 광양시,전남,기타(Top5외),국내,0
선거범죄,선거범죄,기타(Top3외),전남 광양시,전남,기타(Top5외),국내,1
병역범죄,병역범죄,기타(Top3외),전남 광양시,전남,기타(Top5외),국내,20
기타범죄,기타범죄,기타범죄,전남 광양시,전남,기타(Top5외),국내,672
강력범죄,살인기수,기타(Top3외),전남 나주시,전남,기타(Top5외),국내,0
강력범죄,살인미수등,기타(Top3외),전남 나주시,전남,기타(Top5외),국내,0
강력범죄,강도,기타(Top3외),전남 나주시,전남,기타(Top5외),국내,1
강력범죄,강간,기타(Top3외),전남 나주시,전남,기타(Top5외),국내,4
강력범죄,유사강간,기타(Top3외),전남 나주시,전남,기타(Top5외),국내,0
강력범죄,강제추행,기타(Top3외),전남 나주시,전남,기타(Top5외),국내,23
강력범죄,기타 강간/강제추행등,기타(Top3외),전남 나주시,전남,기타(Top5외),국내,0
강력범죄,방화,기타(Top3외),전남 나주시,전남,기타(Top5외),국내,7
절도범죄,절도범죄,기타(Top3외),전남 나주시,전남,기타(Top5외),국내,352
폭력범죄,상해,기타(Top3외),전남 나주시,전남,기타(Top5외),국내,54
폭력범죄,폭행,기타(Top3외),전남 나주시,전남,기타(Top5외),국내,216
폭력범죄,체포/감금,기타(Top3외),전남 나주시,전남,기타(Top5외),국내,4
폭력범죄,협박,기타(Top3외),전남 나주시,전남,기타(Top5외),국내,67
폭력범죄,약취/유인,기타(Top3외),전남 나주시,전남,기타(Top5외),국내,1
폭력범죄,폭력행위등,기타(Top3외),전남 나주시,전남,기타(Top5외),국내,11
폭력범죄,공갈,기타(Top3외),전남 나주시,전남,기타(Top5외),국내,21
폭력범죄,손괴,기타(Top3외),전남 나주시,전남,기타(Top5외),국내,85
지능범죄,직무유기,지능범죄,전남 나주시,전남,기타(Top5외),국내,1
지능범죄,직권남용,지능범죄,전남 나주시,전남,기타(Top5외),국내,2
지능범죄,증수뢰,지능범죄,전남 나주시,전남,기타(Top5외),국내,3
지능범죄,통화,지능범죄,전남 나주시,전남,기타(Top5외),국내,0
지능범죄,문서/인장,지능범죄,전남 나주시,전남,기타(Top5외),국내,31
지능범죄,유가증권인지,지능범죄,전남 나주시,전남,기타(Top5외),국내,0
지능범죄,사기,지능범죄,전남 나주시,전남,기타(Top5외),국내,833
지능범죄,횡령,지능범죄,전남 나주시,전남,기타(Top5외),국내,90
지능범죄,배임,지능범죄,전남 나주시,전남,기타(Top5외),국내,14
풍속범죄,성풍속범죄,기타(Top3외),전남 나주시,전남,기타(Top5외),국내,24
풍속범죄,도박범죄,기타(Top3외),전남 나주시,전남,기타(Top5외),국내,20
특별경제범죄,특별경제범죄,기타(Top3외),전남 나주시,전남,기타(Top5외),국내,169
마약범죄,마약범죄,기타(Top3외),전남 나주시,전남,기타(Top5외),국내,16
보건범죄,보건범죄,기타(Top3외),전남 나주시,전남,기타(Top5외),국내,12
환경범죄,환경범죄,기타(Top3외),전남 나주시,전남,기타(Top5외),국내,21
교통범죄,교통범죄,교통범죄,전남 나주시,전남,기타(Top5외),국내,757
노동범죄,노동범죄,기타(Top3외),전남 나주시,전남,기타(Top5외),국내,1
안보범죄,안보범죄,기타(Top3외),전남 나주시,전남,기타(Top5외),국내,0
선거범죄,선거범죄,기타(Top3외),전남 나주시,전남,기타(Top5외),국내,10
병역범죄,병역범죄,기타(Top3외),전남 나주시,전남,기타(Top5외),국내,8
기타범죄,기타범죄,기타범죄,전남 나주시,전남,기타(Top5외),국내,511
강력범죄,살인기수,기타(Top3외),전남 목포시,전남,기타(Top5외),국내,1
강력범죄,살인미수등,기타(Top3외),전남 목포시,전남,기타(Top5외),국내,2
강력범죄,강도,기타(Top3외),전남 목포시,전남,기타(Top5외),국내,3
강력범죄,강간,기타(Top3외),전남 목포시,전남,기타(Top5외),국내,39
강력범죄,유사강간,기타(Top3외),전남 목포시,전남,기타(Top5외),국내,1
강력범죄,강제추행,기타(Top3외),전남 목포시,전남,기타(Top5외),국내,91
강력범죄,기타 강간/강제추행등,기타(Top3외),전남 목포시,전남,기타(Top5외),국내,0
강력범죄,방화,기타(Top3외),전남 목포시,전남,기타(Top5외),국내,8
절도범죄,절도범죄,기타(Top3외),전남 목포시,전남,기타(Top5외),국내,963
폭력범죄,상해,기타(Top3외),전남 목포시,전남,기타(Top5외),국내,132
폭력범죄,폭행,기타(Top3외),전남 목포시,전남,기타(Top5외),국내,632
폭력범죄,체포/감금,기타(Top3외),전남 목포시,전남,기타(Top5외),국내,1
폭력범죄,협박,기타(Top3외),전남 목포시,전남,기타(Top5외),국내,145
폭력범죄,약취/유인,기타(Top3외),전남 목포시,전남,기타(Top5외),국내,2
폭력범죄,폭력행위등,기타(Top3외),전남 목포시,전남,기타(Top5외),국내,56
폭력범죄,공갈,기타(Top3외),전남 목포시,전남,기타(Top5외),국내,29
폭력범죄,손괴,기타(Top3외),전남 목포시,전남,기타(Top5외),국내,216
지능범죄,직무유기,지능범죄,전남 목포시,전남,기타(Top5외),국내,1
지능범죄,직권남용,지능범죄,전남 목포시,전남,기타(Top5외),국내,10
지능범죄,증수뢰,지능범죄,전남 목포시,전남,기타(Top5외),국내,2
지능범죄,통화,지능범죄,전남 목포시,전남,기타(Top5외),국내,0
지능범죄,문서/인장,지능범죄,전남 목포시,전남,기타(Top5외),국내,65
지능범죄,유가증권인지,지능범죄,전남 목포시,전남,기타(Top5외),국내,1
지능범죄,사기,지능범죄,전남 목포시,전남,기타(Top5외),국내,2671
지능범죄,횡령,지능범죄,전남 목포시,전남,기타(Top5외),국내,264
지능범죄,배임,지능범죄,전남 목포시,전남,기타(Top5외),국내,29
풍속범죄,성풍속범죄,기타(Top3외),전남 목포시,전남,기타(Top5외),국내,91
풍속범죄,도박범죄,기타(Top3외),전남 목포시,전남,기타(Top5외),국내,60
특별경제범죄,특별경제범죄,기타(Top3외),전남 목포시,전남,기타(Top5외),국내,444
마약범죄,마약범죄,기타(Top3외),전남 목포시,전남,기타(Top5외),국내,20
보건범죄,보건범죄,기타(Top3외),전남 목포시,전남,기타(Top5외),국내,28
환경범죄,환경범죄,기타(Top3외),전남 목포시,전남,기타(Top5외),국내,3
교통범죄,교통범죄,교통범죄,전남 목포시,전남,기타(Top5외),국내,1514
노동범죄,노동범죄,기타(Top3외),전남 목포시,전남,기타(Top5외),국내,6
안보범죄,안보범죄,기타(Top3외),전남 목포시,전남,기타(Top5외),국내,1
선거범죄,선거범죄,기타(Top3외),전남 목포시,전남,기타(Top5외),국내,18
병역범죄,병역범죄,기타(Top3외),전남 목포시,전남,기타(Top5외),국내,43
기타범죄,기타범죄,기타범죄,전남 목포시,전남,기타(Top5외),국내,1204
강력범죄,살인기수,기타(Top3외),전남 순천시,전남,기타(Top5외),국내,1
강력범죄,살인미수등,기타(Top3외),전남 순천시,전남,기타(Top5외),국내,1
강력범죄,강도,기타(Top3외),전남 순천시,전남,기타(Top5외),국내,1
강력범죄,강간,기타(Top3외),전남 순천시,전남,기타(Top5외),국내,21
강력범죄,유사강간,기타(Top3외),전남 순천시,전남,기타(Top5외),국내,3
강력범죄,강제추행,기타(Top3외),전남 순천시,전남,기타(Top5외),국내,69
강력범죄,기타 강간/강제추행등,기타(Top3외),전남 순천시,전남,기타(Top5외),국내,0
강력범죄,방화,기타(Top3외),전남 순천시,전남,기타(Top5외),국내,4
절도범죄,절도범죄,기타(Top3외),전남 순천시,전남,기타(Top5외),국내,765
폭력범죄,상해,기타(Top3외),전남 순천시,전남,기타(Top5외),국내,135
폭력범죄,폭행,기타(Top3외),전남 순천시,전남,기타(Top5외),국내,727
폭력범죄,체포/감금,기타(Top3외),전남 순천시,전남,기타(Top5외),국내,5
폭력범죄,협박,기타(Top3외),전남 순천시,전남,기타(Top5외),국내,116
폭력범죄,약취/유인,기타(Top3외),전남 순천시,전남,기타(Top5외),국내,0
폭력범죄,폭력행위등,기타(Top3외),전남 순천시,전남,기타(Top5외),국내,44
폭력범죄,공갈,기타(Top3외),전남 순천시,전남,기타(Top5외),국내,38
폭력범죄,손괴,기타(Top3외),전남 순천시,전남,기타(Top5외),국내,222
지능범죄,직무유기,지능범죄,전남 순천시,전남,기타(Top5외),국내,11
지능범죄,직권남용,지능범죄,전남 순천시,전남,기타(Top5외),국내,16
지능범죄,증수뢰,지능범죄,전남 순천시,전남,기타(Top5외),국내,3
지능범죄,통화,지능범죄,전남 순천시,전남,기타(Top5외),국내,3
지능범죄,문서/인장,지능범죄,전남 순천시,전남,기타(Top5외),국내,53
지능범죄,유가증권인지,지능범죄,전남 순천시,전남,기타(Top5외),국내,0
지능범죄,사기,지능범죄,전남 순천시,전남,기타(Top5외),국내,2223
지능범죄,횡령,지능범죄,전남 순천시,전남,기타(Top5외),국내,225
지능범죄,배임,지능범죄,전남 순천시,전남,기타(Top5외),국내,9
풍속범죄,성풍속범죄,기타(Top3외),전남 순천시,전남,기타(Top5외),국내,97
풍속범죄,도박범죄,기타(Top3외),전남 순천시,전남,기타(Top5외),국내,63
특별경제범죄,특별경제범죄,기타(Top3외),전남 순천시,전남,기타(Top5외),국내,375
마약범죄,마약범죄,기타(Top3외),전남 순천시,전남,기타(Top5외),국내,50
보건범죄,보건범죄,기타(Top3외),전남 순천시,전남,기타(Top5외),국내,30
환경범죄,환경범죄,기타(Top3외),전남 순천시,전남,기타(Top5외),국내,6
교통범죄,교통범죄,교통범죄,전남 순천시,전남,기타(Top5외),국내,1505
노동범죄,노동범죄,기타(Top3외),전남 순천시,전남,기타(Top5외),국내,10
안보범죄,안보범죄,기타(Top3외),전남 순천시,전남,기타(Top5외),국내,2
선거범죄,선거범죄,기타(Top3외),전남 순천시,전남,기타(Top5외),국내,12
병역범죄,병역범죄,기타(Top3외),전남 순천시,전남,기타(Top5외),국내,19
기타범죄,기타범죄,기타범죄,전남 순천시,전남,기타(Top5외),국내,1077
강력범죄,살인기수,기타(Top3외),전남 여수시,전남,기타(Top5외),국내,3
강력범죄,살인미수등,기타(Top3외),전남 여수시,전남,기타(Top5외),국내,5
강력범죄,강도,기타(Top3외),전남 여수시,전남,기타(Top5외),국내,3
강력범죄,강간,기타(Top3외),전남 여수시,전남,기타(Top5외),국내,16
강력범죄,유사강간,기타(Top3외),전남 여수시,전남,기타(Top5외),국내,4
강력범죄,강제추행,기타(Top3외),전남 여수시,전남,기타(Top5외),국내,71
강력범죄,기타 강간/강제추행등,기타(Top3외),전남 여수시,전남,기타(Top5외),국내,0
강력범죄,방화,기타(Top3외),전남 여수시,전남,기타(Top5외),국내,7
절도범죄,절도범죄,기타(Top3외),전남 여수시,전남,기타(Top5외),국내,713
폭력범죄,상해,기타(Top3외),전남 여수시,전남,기타(Top5외),국내,124
폭력범죄,폭행,기타(Top3외),전남 여수시,전남,기타(Top5외),국내,642
폭력범죄,체포/감금,기타(Top3외),전남 여수시,전남,기타(Top5외),국내,10
폭력범죄,협박,기타(Top3외),전남 여수시,전남,기타(Top5외),국내,153
폭력범죄,약취/유인,기타(Top3외),전남 여수시,전남,기타(Top5외),국내,3
폭력범죄,폭력행위등,기타(Top3외),전남 여수시,전남,기타(Top5외),국내,27
폭력범죄,공갈,기타(Top3외),전남 여수시,전남,기타(Top5외),국내,45
폭력범죄,손괴,기타(Top3외),전남 여수시,전남,기타(Top5외),국내,298
지능범죄,직무유기,지능범죄,전남 여수시,전남,기타(Top5외),국내,4
지능범죄,직권남용,지능범죄,전남 여수시,전남,기타(Top5외),국내,4
지능범죄,증수뢰,지능범죄,전남 여수시,전남,기타(Top5외),국내,1
지능범죄,통화,지능범죄,전남 여수시,전남,기타(Top5외),국내,0
지능범죄,문서/인장,지능범죄,전남 여수시,전남,기타(Top5외),국내,82
지능범죄,유가증권인지,지능범죄,전남 여수시,전남,기타(Top5외),국내,0
지능범죄,사기,지능범죄,전남 여수시,전남,기타(Top5외),국내,2209
지능범죄,횡령,지능범죄,전남 여수시,전남,기타(Top5외),국내,240
지능범죄,배임,지능범죄,전남 여수시,전남,기타(Top5외),국내,24
풍속범죄,성풍속범죄,기타(Top3외),전남 여수시,전남,기타(Top5외),국내,69
풍속범죄,도박범죄,기타(Top3외),전남 여수시,전남,기타(Top5외),국내,60
특별경제범죄,특별경제범죄,기타(Top3외),전남 여수시,전남,기타(Top5외),국내,469
마약범죄,마약범죄,기타(Top3외),전남 여수시,전남,기타(Top5외),국내,28
보건범죄,보건범죄,기타(Top3외),전남 여수시,전남,기타(Top5외),국내,47
환경범죄,환경범죄,기타(Top3외),전남 여수시,전남,기타(Top5외),국내,4
교통범죄,교통범죄,교통범죄,전남 여수시,전남,기타(Top5외),국내,1664
노동범죄,노동범죄,기타(Top3외),전남 여수시,전남,기타(Top5외),국내,8
안보범죄,안보범죄,기타(Top3외),전남 여수시,전남,기타(Top5외),국내,0
선거범죄,선거범죄,기타(Top3외),전남 여수시,전남,기타(Top5외),국내,18
병역범죄,병역범죄,기타(Top3외),전남 여수시,전남,기타(Top5외),국내,42
기타범죄,기타범죄,기타범죄,전남 여수시,전남,기타(Top5외),국내,1198
강력범죄,살인기수,기타(Top3외),전남 담양군,전남,기타(Top5외),국내,0
강력범죄,살인미수등,기타(Top3외),전남 담양군,전남,기타(Top5외),국내,0
강력범죄,강도,기타(Top3외),전남 담양군,전남,기타(Top5외),국내,0
강력범죄,강간,기타(Top3외),전남 담양군,전남,기타(Top5외),국내,2
강력범죄,유사강간,기타(Top3외),전남 담양군,전남,기타(Top5외),국내,0
강력범죄,강제추행,기타(Top3외),전남 담양군,전남,기타(Top5외),국내,9
강력범죄,기타 강간/강제추행등,기타(Top3외),전남 담양군,전남,기타(Top5외),국내,0
강력범죄,방화,기타(Top3외),전남 담양군,전남,기타(Top5외),국내,0
절도범죄,절도범죄,기타(Top3외),전남 담양군,전남,기타(Top5외),국내,110
폭력범죄,상해,기타(Top3외),전남 담양군,전남,기타(Top5외),국내,8
폭력범죄,폭행,기타(Top3외),전남 담양군,전남,기타(Top5외),국내,71
폭력범죄,체포/감금,기타(Top3외),전남 담양군,전남,기타(Top5외),국내,0
폭력범죄,협박,기타(Top3외),전남 담양군,전남,기타(Top5외),국내,28
폭력범죄,약취/유인,기타(Top3외),전남 담양군,전남,기타(Top5외),국내,0
폭력범죄,폭력행위등,기타(Top3외),전남 담양군,전남,기타(Top5외),국내,3
폭력범죄,공갈,기타(Top3외),전남 담양군,전남,기타(Top5외),국내,3
폭력범죄,손괴,기타(Top3외),전남 담양군,전남,기타(Top5외),국내,27
지능범죄,직무유기,지능범죄,전남 담양군,전남,기타(Top5외),국내,5
지능범죄,직권남용,지능범죄,전남 담양군,전남,기타(Top5외),국내,0
지능범죄,증수뢰,지능범죄,전남 담양군,전남,기타(Top5외),국내,0
지능범죄,통화,지능범죄,전남 담양군,전남,기타(Top5외),국내,0
지능범죄,문서/인장,지능범죄,전남 담양군,전남,기타(Top5외),국내,5
지능범죄,유가증권인지,지능범죄,전남 담양군,전남,기타(Top5외),국내,0
지능범죄,사기,지능범죄,전남 담양군,전남,기타(Top5외),국내,193
지능범죄,횡령,지능범죄,전남 담양군,전남,기타(Top5외),국내,21
지능범죄,배임,지능범죄,전남 담양군,전남,기타(Top5외),국내,3
풍속범죄,성풍속범죄,기타(Top3외),전남 담양군,전남,기타(Top5외),국내,7
풍속범죄,도박범죄,기타(Top3외),전남 담양군,전남,기타(Top5외),국내,6
특별경제범죄,특별경제범죄,기타(Top3외),전남 담양군,전남,기타(Top5외),국내,31
마약범죄,마약범죄,기타(Top3외),전남 담양군,전남,기타(Top5외),국내,2
보건범죄,보건범죄,기타(Top3외),전남 담양군,전남,기타(Top5외),국내,7
환경범죄,환경범죄,기타(Top3외),전남 담양군,전남,기타(Top5외),국내,2
교통범죄,교통범죄,교통범죄,전남 담양군,전남,기타(Top5외),국내,309
노동범죄,노동범죄,기타(Top3외),전남 담양군,전남,기타(Top5외),국내,0
안보범죄,안보범죄,기타(Top3외),전남 담양군,전남,기타(Top5외),국내,0
선거범죄,선거범죄,기타(Top3외),전남 담양군,전남,기타(Top5외),국내,1
병역범죄,병역범죄,기타(Top3외),전남 담양군,전남,기타(Top5외),국내,10
기타범죄,기타범죄,기타범죄,전남 담양군,전남,기타(Top5외),국내,136
강력범죄,살인기수,기타(Top3외),전남 곡성군,전남,기타(Top5외),국내,0
강력범죄,살인미수등,기타(Top3외),전남 곡성군,전남,기타(Top5외),국내,0
강력범죄,강도,기타(Top3외),전남 곡성군,전남,기타(Top5외),국내,0
강력범죄,강간,기타(Top3외),전남 곡성군,전남,기타(Top5외),국내,1
강력범죄,유사강간,기타(Top3외),전남 곡성군,전남,기타(Top5외),국내,0
강력범죄,강제추행,기타(Top3외),전남 곡성군,전남,기타(Top5외),국내,4
강력범죄,기타 강간/강제추행등,기타(Top3외),전남 곡성군,전남,기타(Top5외),국내,0
강력범죄,방화,기타(Top3외),전남 곡성군,전남,기타(Top5외),국내,1
절도범죄,절도범죄,기타(Top3외),전남 곡성군,전남,기타(Top5외),국내,56
폭력범죄,상해,기타(Top3외),전남 곡성군,전남,기타(Top5외),국내,6
폭력범죄,폭행,기타(Top3외),전남 곡성군,전남,기타(Top5외),국내,47
폭력범죄,체포/감금,기타(Top3외),전남 곡성군,전남,기타(Top5외),국내,1
폭력범죄,협박,기타(Top3외),전남 곡성군,전남,기타(Top5외),국내,7
폭력범죄,약취/유인,기타(Top3외),전남 곡성군,전남,기타(Top5외),국내,0
폭력범죄,폭력행위등,기타(Top3외),전남 곡성군,전남,기타(Top5외),국내,2
폭력범죄,공갈,기타(Top3외),전남 곡성군,전남,기타(Top5외),국내,1
폭력범죄,손괴,기타(Top3외),전남 곡성군,전남,기타(Top5외),국내,22
지능범죄,직무유기,지능범죄,전남 곡성군,전남,기타(Top5외),국내,3
지능범죄,직권남용,지능범죄,전남 곡성군,전남,기타(Top5외),국내,1
지능범죄,증수뢰,지능범죄,전남 곡성군,전남,기타(Top5외),국내,1
지능범죄,통화,지능범죄,전남 곡성군,전남,기타(Top5외),국내,0
지능범죄,문서/인장,지능범죄,전남 곡성군,전남,기타(Top5외),국내,7
지능범죄,유가증권인지,지능범죄,전남 곡성군,전남,기타(Top5외),국내,0
지능범죄,사기,지능범죄,전남 곡성군,전남,기타(Top5외),국내,113
지능범죄,횡령,지능범죄,전남 곡성군,전남,기타(Top5외),국내,20
지능범죄,배임,지능범죄,전남 곡성군,전남,기타(Top5외),국내,4
풍속범죄,성풍속범죄,기타(Top3외),전남 곡성군,전남,기타(Top5외),국내,4
풍속범죄,도박범죄,기타(Top3외),전남 곡성군,전남,기타(Top5외),국내,39
특별경제범죄,특별경제범죄,기타(Top3외),전남 곡성군,전남,기타(Top5외),국내,30
마약범죄,마약범죄,기타(Top3외),전남 곡성군,전남,기타(Top5외),국내,4
보건범죄,보건범죄,기타(Top3외),전남 곡성군,전남,기타(Top5외),국내,5
환경범죄,환경범죄,기타(Top3외),전남 곡성군,전남,기타(Top5외),국내,3
교통범죄,교통범죄,교통범죄,전남 곡성군,전남,기타(Top5외),국내,175
노동범죄,노동범죄,기타(Top3외),전남 곡성군,전남,기타(Top5외),국내,0
안보범죄,안보범죄,기타(Top3외),전남 곡성군,전남,기타(Top5외),국내,0
선거범죄,선거범죄,기타(Top3외),전남 곡성군,전남,기타(Top5외),국내,1
병역범죄,병역범죄,기타(Top3외),전남 곡성군,전남,기타(Top5외),국내,1
기타범죄,기타범죄,기타범죄,전남 곡성군,전남,기타(Top5외),국내,73
강력범죄,살인기수,기타(Top3외),전남 구례군,전남,기타(Top5외),국내,1
강력범죄,살인미수등,기타(Top3외),전남 구례군,전남,기타(Top5외),국내,0
강력범죄,강도,기타(Top3외),전남 구례군,전남,기타(Top5외),국내,0
강력범죄,강간,기타(Top3외),전남 구례군,전남,기타(Top5외),국내,1
강력범죄,유사강간,기타(Top3외),전남 구례군,전남,기타(Top5외),국내,0
강력범죄,강제추행,기타(Top3외),전남 구례군,전남,기타(Top5외),국내,3
강력범죄,기타 강간/강제추행등,기타(Top3외),전남 구례군,전남,기타(Top5외),국내,0
강력범죄,방화,기타(Top3외),전남 구례군,전남,기타(Top5외),국내,0
절도범죄,절도범죄,기타(Top3외),전남 구례군,전남,기타(Top5외),국내,73
폭력범죄,상해,기타(Top3외),전남 구례군,전남,기타(Top5외),국내,13
폭력범죄,폭행,기타(Top3외),전남 구례군,전남,기타(Top5외),국내,36
폭력범죄,체포/감금,기타(Top3외),전남 구례군,전남,기타(Top5외),국내,1
폭력범죄,협박,기타(Top3외),전남 구례군,전남,기타(Top5외),국내,13
폭력범죄,약취/유인,기타(Top3외),전남 구례군,전남,기타(Top5외),국내,1
폭력범죄,폭력행위등,기타(Top3외),전남 구례군,전남,기타(Top5외),국내,3
폭력범죄,공갈,기타(Top3외),전남 구례군,전남,기타(Top5외),국내,1
폭력범죄,손괴,기타(Top3외),전남 구례군,전남,기타(Top5외),국내,29
지능범죄,직무유기,지능범죄,전남 구례군,전남,기타(Top5외),국내,1
지능범죄,직권남용,지능범죄,전남 구례군,전남,기타(Top5외),국내,0
지능범죄,증수뢰,지능범죄,전남 구례군,전남,기타(Top5외),국내,0
지능범죄,통화,지능범죄,전남 구례군,전남,기타(Top5외),국내,0
지능범죄,문서/인장,지능범죄,전남 구례군,전남,기타(Top5외),국내,1
지능범죄,유가증권인지,지능범죄,전남 구례군,전남,기타(Top5외),국내,0
지능범죄,사기,지능범죄,전남 구례군,전남,기타(Top5외),국내,111
지능범죄,횡령,지능범죄,전남 구례군,전남,기타(Top5외),국내,12
지능범죄,배임,지능범죄,전남 구례군,전남,기타(Top5외),국내,1
풍속범죄,성풍속범죄,기타(Top3외),전남 구례군,전남,기타(Top5외),국내,4
풍속범죄,도박범죄,기타(Top3외),전남 구례군,전남,기타(Top5외),국내,5
특별경제범죄,특별경제범죄,기타(Top3외),전남 구례군,전남,기타(Top5외),국내,36
마약범죄,마약범죄,기타(Top3외),전남 구례군,전남,기타(Top5외),국내,1
보건범죄,보건범죄,기타(Top3외),전남 구례군,전남,기타(Top5외),국내,5
환경범죄,환경범죄,기타(Top3외),전남 구례군,전남,기타(Top5외),국내,7
교통범죄,교통범죄,교통범죄,전남 구례군,전남,기타(Top5외),국내,113
노동범죄,노동범죄,기타(Top3외),전남 구례군,전남,기타(Top5외),국내,0
안보범죄,안보범죄,기타(Top3외),전남 구례군,전남,기타(Top5외),국내,0
선거범죄,선거범죄,기타(Top3외),전남 구례군,전남,기타(Top5외),국내,1
병역범죄,병역범죄,기타(Top3외),전남 구례군,전남,기타(Top5외),국내,0
기타범죄,기타범죄,기타범죄,전남 구례군,전남,기타(Top5외),국내,103
강력범죄,살인기수,기타(Top3외),전남 고흥군,전남,기타(Top5외),국내,2
강력범죄,살인미수등,기타(Top3외),전남 고흥군,전남,기타(Top5외),국내,0
강력범죄,강도,기타(Top3외),전남 고흥군,전남,기타(Top5외),국내,0
강력범죄,강간,기타(Top3외),전남 고흥군,전남,기타(Top5외),국내,5
강력범죄,유사강간,기타(Top3외),전남 고흥군,전남,기타(Top5외),국내,0
강력범죄,강제추행,기타(Top3외),전남 고흥군,전남,기타(Top5외),국내,13
강력범죄,기타 강간/강제추행등,기타(Top3외),전남 고흥군,전남,기타(Top5외),국내,0
강력범죄,방화,기타(Top3외),전남 고흥군,전남,기타(Top5외),국내,4
절도범죄,절도범죄,기타(Top3외),전남 고흥군,전남,기타(Top5외),국내,146
폭력범죄,상해,기타(Top3외),전남 고흥군,전남,기타(Top5외),국내,36
폭력범죄,폭행,기타(Top3외),전남 고흥군,전남,기타(Top5외),국내,118
폭력범죄,체포/감금,기타(Top3외),전남 고흥군,전남,기타(Top5외),국내,1
폭력범죄,협박,기타(Top3외),전남 고흥군,전남,기타(Top5외),국내,31
폭력범죄,약취/유인,기타(Top3외),전남 고흥군,전남,기타(Top5외),국내,1
폭력범죄,폭력행위등,기타(Top3외),전남 고흥군,전남,기타(Top5외),국내,6
폭력범죄,공갈,기타(Top3외),전남 고흥군,전남,기타(Top5외),국내,6
폭력범죄,손괴,기타(Top3외),전남 고흥군,전남,기타(Top5외),국내,62
지능범죄,직무유기,지능범죄,전남 고흥군,전남,기타(Top5외),국내,4
지능범죄,직권남용,지능범죄,전남 고흥군,전남,기타(Top5외),국내,0
지능범죄,증수뢰,지능범죄,전남 고흥군,전남,기타(Top5외),국내,0
지능범죄,통화,지능범죄,전남 고흥군,전남,기타(Top5외),국내,0
지능범죄,문서/인장,지능범죄,전남 고흥군,전남,기타(Top5외),국내,5
지능범죄,유가증권인지,지능범죄,전남 고흥군,전남,기타(Top5외),국내,0
지능범죄,사기,지능범죄,전남 고흥군,전남,기타(Top5외),국내,316
지능범죄,횡령,지능범죄,전남 고흥군,전남,기타(Top5외),국내,29
지능범죄,배임,지능범죄,전남 고흥군,전남,기타(Top5외),국내,4
풍속범죄,성풍속범죄,기타(Top3외),전남 고흥군,전남,기타(Top5외),국내,7
풍속범죄,도박범죄,기타(Top3외),전남 고흥군,전남,기타(Top5외),국내,5
특별경제범죄,특별경제범죄,기타(Top3외),전남 고흥군,전남,기타(Top5외),국내,56
마약범죄,마약범죄,기타(Top3외),전남 고흥군,전남,기타(Top5외),국내,3
보건범죄,보건범죄,기타(Top3외),전남 고흥군,전남,기타(Top5외),국내,13
환경범죄,환경범죄,기타(Top3외),전남 고흥군,전남,기타(Top5외),국내,5
교통범죄,교통범죄,교통범죄,전남 고흥군,전남,기타(Top5외),국내,354
노동범죄,노동범죄,기타(Top3외),전남 고흥군,전남,기타(Top5외),국내,0
안보범죄,안보범죄,기타(Top3외),전남 고흥군,전남,기타(Top5외),국내,0
선거범죄,선거범죄,기타(Top3외),전남 고흥군,전남,기타(Top5외),국내,1
병역범죄,병역범죄,기타(Top3외),전남 고흥군,전남,기타(Top5외),국내,4
기타범죄,기타범죄,기타범죄,전남 고흥군,전남,기타(Top5외),국내,162
강력범죄,살인기수,기타(Top3외),전남 보성군,전남,기타(Top5외),국내,0
강력범죄,살인미수등,기타(Top3외),전남 보성군,전남,기타(Top5외),국내,0
강력범죄,강도,기타(Top3외),전남 보성군,전남,기타(Top5외),국내,0
강력범죄,강간,기타(Top3외),전남 보성군,전남,기타(Top5외),국내,4
강력범죄,유사강간,기타(Top3외),전남 보성군,전남,기타(Top5외),국내,0
강력범죄,강제추행,기타(Top3외),전남 보성군,전남,기타(Top5외),국내,8
강력범죄,기타 강간/강제추행등,기타(Top3외),전남 보성군,전남,기타(Top5외),국내,0
강력범죄,방화,기타(Top3외),전남 보성군,전남,기타(Top5외),국내,1
절도범죄,절도범죄,기타(Top3외),전남 보성군,전남,기타(Top5외),국내,115
폭력범죄,상해,기타(Top3외),전남 보성군,전남,기타(Top5외),국내,24
폭력범죄,폭행,기타(Top3외),전남 보성군,전남,기타(Top5외),국내,59
폭력범죄,체포/감금,기타(Top3외),전남 보성군,전남,기타(Top5외),국내,0
폭력범죄,협박,기타(Top3외),전남 보성군,전남,기타(Top5외),국내,20
폭력범죄,약취/유인,기타(Top3외),전남 보성군,전남,기타(Top5외),국내,0
폭력범죄,폭력행위등,기타(Top3외),전남 보성군,전남,기타(Top5외),국내,2
폭력범죄,공갈,기타(Top3외),전남 보성군,전남,기타(Top5외),국내,3
폭력범죄,손괴,기타(Top3외),전남 보성군,전남,기타(Top5외),국내,36
지능범죄,직무유기,지능범죄,전남 보성군,전남,기타(Top5외),국내,2
지능범죄,직권남용,지능범죄,전남 보성군,전남,기타(Top5외),국내,9
지능범죄,증수뢰,지능범죄,전남 보성군,전남,기타(Top5외),국내,1
지능범죄,통화,지능범죄,전남 보성군,전남,기타(Top5외),국내,0
지능범죄,문서/인장,지능범죄,전남 보성군,전남,기타(Top5외),국내,5
지능범죄,유가증권인지,지능범죄,전남 보성군,전남,기타(Top5외),국내,0
지능범죄,사기,지능범죄,전남 보성군,전남,기타(Top5외),국내,190
지능범죄,횡령,지능범죄,전남 보성군,전남,기타(Top5외),국내,17
지능범죄,배임,지능범죄,전남 보성군,전남,기타(Top5외),국내,2
풍속범죄,성풍속범죄,기타(Top3외),전남 보성군,전남,기타(Top5외),국내,4
풍속범죄,도박범죄,기타(Top3외),전남 보성군,전남,기타(Top5외),국내,3
특별경제범죄,특별경제범죄,기타(Top3외),전남 보성군,전남,기타(Top5외),국내,25
마약범죄,마약범죄,기타(Top3외),전남 보성군,전남,기타(Top5외),국내,11
보건범죄,보건범죄,기타(Top3외),전남 보성군,전남,기타(Top5외),국내,4
환경범죄,환경범죄,기타(Top3외),전남 보성군,전남,기타(Top5외),국내,8
교통범죄,교통범죄,교통범죄,전남 보성군,전남,기타(Top5외),국내,263
노동범죄,노동범죄,기타(Top3외),전남 보성군,전남,기타(Top5외),국내,0
안보범죄,안보범죄,기타(Top3외),전남 보성군,전남,기타(Top5외),국내,0
선거범죄,선거범죄,기타(Top3외),전남 보성군,전남,기타(Top5외),국내,2
병역범죄,병역범죄,기타(Top3외),전남 보성군,전남,기타(Top5외),국내,2
기타범죄,기타범죄,기타범죄,전남 보성군,전남,기타(Top5외),국내,126
강력범죄,살인기수,기타(Top3외),전남 화순군,전남,기타(Top5외),국내,0
강력범죄,살인미수등,기타(Top3외),전남 화순군,전남,기타(Top5외),국내,2
강력범죄,강도,기타(Top3외),전남 화순군,전남,기타(Top5외),국내,1
강력범죄,강간,기타(Top3외),전남 화순군,전남,기타(Top5외),국내,3
강력범죄,유사강간,기타(Top3외),전남 화순군,전남,기타(Top5외),국내,0
강력범죄,강제추행,기타(Top3외),전남 화순군,전남,기타(Top5외),국내,12
강력범죄,기타 강간/강제추행등,기타(Top3외),전남 화순군,전남,기타(Top5외),국내,0
강력범죄,방화,기타(Top3외),전남 화순군,전남,기타(Top5외),국내,1
절도범죄,절도범죄,기타(Top3외),전남 화순군,전남,기타(Top5외),국내,141
폭력범죄,상해,기타(Top3외),전남 화순군,전남,기타(Top5외),국내,38
폭력범죄,폭행,기타(Top3외),전남 화순군,전남,기타(Top5외),국내,94
폭력범죄,체포/감금,기타(Top3외),전남 화순군,전남,기타(Top5외),국내,0
폭력범죄,협박,기타(Top3외),전남 화순군,전남,기타(Top5외),국내,25
폭력범죄,약취/유인,기타(Top3외),전남 화순군,전남,기타(Top5외),국내,0
폭력범죄,폭력행위등,기타(Top3외),전남 화순군,전남,기타(Top5외),국내,4
폭력범죄,공갈,기타(Top3외),전남 화순군,전남,기타(Top5외),국내,3
폭력범죄,손괴,기타(Top3외),전남 화순군,전남,기타(Top5외),국내,46
지능범죄,직무유기,지능범죄,전남 화순군,전남,기타(Top5외),국내,1
지능범죄,직권남용,지능범죄,전남 화순군,전남,기타(Top5외),국내,2
지능범죄,증수뢰,지능범죄,전남 화순군,전남,기타(Top5외),국내,0
지능범죄,통화,지능범죄,전남 화순군,전남,기타(Top5외),국내,0
지능범죄,문서/인장,지능범죄,전남 화순군,전남,기타(Top5외),국내,10
지능범죄,유가증권인지,지능범죄,전남 화순군,전남,기타(Top5외),국내,0
지능범죄,사기,지능범죄,전남 화순군,전남,기타(Top5외),국내,464
지능범죄,횡령,지능범죄,전남 화순군,전남,기타(Top5외),국내,29
지능범죄,배임,지능범죄,전남 화순군,전남,기타(Top5외),국내,4
풍속범죄,성풍속범죄,기타(Top3외),전남 화순군,전남,기타(Top5외),국내,9
풍속범죄,도박범죄,기타(Top3외),전남 화순군,전남,기타(Top5외),국내,9
특별경제범죄,특별경제범죄,기타(Top3외),전남 화순군,전남,기타(Top5외),국내,74
마약범죄,마약범죄,기타(Top3외),전남 화순군,전남,기타(Top5외),국내,8
보건범죄,보건범죄,기타(Top3외),전남 화순군,전남,기타(Top5외),국내,4
환경범죄,환경범죄,기타(Top3외),전남 화순군,전남,기타(Top5외),국내,0
교통범죄,교통범죄,교통범죄,전남 화순군,전남,기타(Top5외),국내,256
노동범죄,노동범죄,기타(Top3외),전남 화순군,전남,기타(Top5외),국내,0
안보범죄,안보범죄,기타(Top3외),전남 화순군,전남,기타(Top5외),국내,1
선거범죄,선거범죄,기타(Top3외),전남 화순군,전남,기타(Top5외),국내,1
병역범죄,병역범죄,기타(Top3외),전남 화순군,전남,기타(Top5외),국내,9
기타범죄,기타범죄,기타범죄,전남 화순군,전남,기타(Top5외),국내,157
강력범죄,살인기수,기타(Top3외),전남 장흥군,전남,기타(Top5외),국내,0
강력범죄,살인미수등,기타(Top3외),전남 장흥군,전남,기타(Top5외),국내,0
강력범죄,강도,기타(Top3외),전남 장흥군,전남,기타(Top5외),국내,0
강력범죄,강간,기타(Top3외),전남 장흥군,전남,기타(Top5외),국내,5
강력범죄,유사강간,기타(Top3외),전남 장흥군,전남,기타(Top5외),국내,0
강력범죄,강제추행,기타(Top3외),전남 장흥군,전남,기타(Top5외),국내,5
강력범죄,기타 강간/강제추행등,기타(Top3외),전남 장흥군,전남,기타(Top5외),국내,0
강력범죄,방화,기타(Top3외),전남 장흥군,전남,기타(Top5외),국내,1
절도범죄,절도범죄,기타(Top3외),전남 장흥군,전남,기타(Top5외),국내,88
폭력범죄,상해,기타(Top3외),전남 장흥군,전남,기타(Top5외),국내,23
폭력범죄,폭행,기타(Top3외),전남 장흥군,전남,기타(Top5외),국내,60
폭력범죄,체포/감금,기타(Top3외),전남 장흥군,전남,기타(Top5외),국내,2
폭력범죄,협박,기타(Top3외),전남 장흥군,전남,기타(Top5외),국내,11
폭력범죄,약취/유인,기타(Top3외),전남 장흥군,전남,기타(Top5외),국내,0
폭력범죄,폭력행위등,기타(Top3외),전남 장흥군,전남,기타(Top5외),국내,4
폭력범죄,공갈,기타(Top3외),전남 장흥군,전남,기타(Top5외),국내,6
폭력범죄,손괴,기타(Top3외),전남 장흥군,전남,기타(Top5외),국내,44
지능범죄,직무유기,지능범죄,전남 장흥군,전남,기타(Top5외),국내,4
지능범죄,직권남용,지능범죄,전남 장흥군,전남,기타(Top5외),국내,3
지능범죄,증수뢰,지능범죄,전남 장흥군,전남,기타(Top5외),국내,0
지능범죄,통화,지능범죄,전남 장흥군,전남,기타(Top5외),국내,0
지능범죄,문서/인장,지능범죄,전남 장흥군,전남,기타(Top5외),국내,10
지능범죄,유가증권인지,지능범죄,전남 장흥군,전남,기타(Top5외),국내,0
지능범죄,사기,지능범죄,전남 장흥군,전남,기타(Top5외),국내,231
지능범죄,횡령,지능범죄,전남 장흥군,전남,기타(Top5외),국내,17
지능범죄,배임,지능범죄,전남 장흥군,전남,기타(Top5외),국내,0
풍속범죄,성풍속범죄,기타(Top3외),전남 장흥군,전남,기타(Top5외),국내,3
풍속범죄,도박범죄,기타(Top3외),전남 장흥군,전남,기타(Top5외),국내,3
특별경제범죄,특별경제범죄,기타(Top3외),전남 장흥군,전남,기타(Top5외),국내,38
마약범죄,마약범죄,기타(Top3외),전남 장흥군,전남,기타(Top5외),국내,1
보건범죄,보건범죄,기타(Top3외),전남 장흥군,전남,기타(Top5외),국내,8
환경범죄,환경범죄,기타(Top3외),전남 장흥군,전남,기타(Top5외),국내,4
교통범죄,교통범죄,교통범죄,전남 장흥군,전남,기타(Top5외),국내,203
노동범죄,노동범죄,기타(Top3외),전남 장흥군,전남,기타(Top5외),국내,0
안보범죄,안보범죄,기타(Top3외),전남 장흥군,전남,기타(Top5외),국내,0
선거범죄,선거범죄,기타(Top3외),전남 장흥군,전남,기타(Top5외),국내,6
병역범죄,병역범죄,기타(Top3외),전남 장흥군,전남,기타(Top5외),국내,1
기타범죄,기타범죄,기타범죄,전남 장흥군,전남,기타(Top5외),국내,161
강력범죄,살인기수,기타(Top3외),전남 강진군,전남,기타(Top5외),국내,0
강력범죄,살인미수등,기타(Top3외),전남 강진군,전남,기타(Top5외),국내,1
강력범죄,강도,기타(Top3외),전남 강진군,전남,기타(Top5외),국내,0
강력범죄,강간,기타(Top3외),전남 강진군,전남,기타(Top5외),국내,4
강력범죄,유사강간,기타(Top3외),전남 강진군,전남,기타(Top5외),국내,0
강력범죄,강제추행,기타(Top3외),전남 강진군,전남,기타(Top5외),국내,9
강력범죄,기타 강간/강제추행등,기타(Top3외),전남 강진군,전남,기타(Top5외),국내,0
강력범죄,방화,기타(Top3외),전남 강진군,전남,기타(Top5외),국내,0
절도범죄,절도범죄,기타(Top3외),전남 강진군,전남,기타(Top5외),국내,80
폭력범죄,상해,기타(Top3외),전남 강진군,전남,기타(Top5외),국내,17
폭력범죄,폭행,기타(Top3외),전남 강진군,전남,기타(Top5외),국내,70
폭력범죄,체포/감금,기타(Top3외),전남 강진군,전남,기타(Top5외),국내,1
폭력범죄,협박,기타(Top3외),전남 강진군,전남,기타(Top5외),국내,20
폭력범죄,약취/유인,기타(Top3외),전남 강진군,전남,기타(Top5외),국내,0
폭력범죄,폭력행위등,기타(Top3외),전남 강진군,전남,기타(Top5외),국내,4
폭력범죄,공갈,기타(Top3외),전남 강진군,전남,기타(Top5외),국내,5
폭력범죄,손괴,기타(Top3외),전남 강진군,전남,기타(Top5외),국내,24
지능범죄,직무유기,지능범죄,전남 강진군,전남,기타(Top5외),국내,0
지능범죄,직권남용,지능범죄,전남 강진군,전남,기타(Top5외),국내,2
지능범죄,증수뢰,지능범죄,전남 강진군,전남,기타(Top5외),국내,0
지능범죄,통화,지능범죄,전남 강진군,전남,기타(Top5외),국내,3
지능범죄,문서/인장,지능범죄,전남 강진군,전남,기타(Top5외),국내,9
지능범죄,유가증권인지,지능범죄,전남 강진군,전남,기타(Top5외),국내,0
지능범죄,사기,지능범죄,전남 강진군,전남,기타(Top5외),국내,180
지능범죄,횡령,지능범죄,전남 강진군,전남,기타(Top5외),국내,12
지능범죄,배임,지능범죄,전남 강진군,전남,기타(Top5외),국내,0
풍속범죄,성풍속범죄,기타(Top3외),전남 강진군,전남,기타(Top5외),국내,3
풍속범죄,도박범죄,기타(Top3외),전남 강진군,전남,기타(Top5외),국내,2
특별경제범죄,특별경제범죄,기타(Top3외),전남 강진군,전남,기타(Top5외),국내,29
마약범죄,마약범죄,기타(Top3외),전남 강진군,전남,기타(Top5외),국내,4
보건범죄,보건범죄,기타(Top3외),전남 강진군,전남,기타(Top5외),국내,1
환경범죄,환경범죄,기타(Top3외),전남 강진군,전남,기타(Top5외),국내,7
교통범죄,교통범죄,교통범죄,전남 강진군,전남,기타(Top5외),국내,214
노동범죄,노동범죄,기타(Top3외),전남 강진군,전남,기타(Top5외),국내,0
안보범죄,안보범죄,기타(Top3외),전남 강진군,전남,기타(Top5외),국내,0
선거범죄,선거범죄,기타(Top3외),전남 강진군,전남,기타(Top5외),국내,0
병역범죄,병역범죄,기타(Top3외),전남 강진군,전남,기타(Top5외),국내,0
기타범죄,기타범죄,기타범죄,전남 강진군,전남,기타(Top5외),국내,109
강력범죄,살인기수,기타(Top3외),전남 해남군,전남,기타(Top5외),국내,0
강력범죄,살인미수등,기타(Top3외),전남 해남군,전남,기타(Top5외),국내,0
강력범죄,강도,기타(Top3외),전남 해남군,전남,기타(Top5외),국내,0
강력범죄,강간,기타(Top3외),전남 해남군,전남,기타(Top5외),국내,1
강력범죄,유사강간,기타(Top3외),전남 해남군,전남,기타(Top5외),국내,0
강력범죄,강제추행,기타(Top3외),전남 해남군,전남,기타(Top5외),국내,16
강력범죄,기타 강간/강제추행등,기타(Top3외),전남 해남군,전남,기타(Top5외),국내,0
강력범죄,방화,기타(Top3외),전남 해남군,전남,기타(Top5외),국내,3
절도범죄,절도범죄,기타(Top3외),전남 해남군,전남,기타(Top5외),국내,158
폭력범죄,상해,기타(Top3외),전남 해남군,전남,기타(Top5외),국내,26
폭력범죄,폭행,기타(Top3외),전남 해남군,전남,기타(Top5외),국내,135
폭력범죄,체포/감금,기타(Top3외),전남 해남군,전남,기타(Top5외),국내,1
폭력범죄,협박,기타(Top3외),전남 해남군,전남,기타(Top5외),국내,24
폭력범죄,약취/유인,기타(Top3외),전남 해남군,전남,기타(Top5외),국내,1
폭력범죄,폭력행위등,기타(Top3외),전남 해남군,전남,기타(Top5외),국내,17
폭력범죄,공갈,기타(Top3외),전남 해남군,전남,기타(Top5외),국내,7
폭력범죄,손괴,기타(Top3외),전남 해남군,전남,기타(Top5외),국내,60
지능범죄,직무유기,지능범죄,전남 해남군,전남,기타(Top5외),국내,2
지능범죄,직권남용,지능범죄,전남 해남군,전남,기타(Top5외),국내,1
지능범죄,증수뢰,지능범죄,전남 해남군,전남,기타(Top5외),국내,0
지능범죄,통화,지능범죄,전남 해남군,전남,기타(Top5외),국내,0
지능범죄,문서/인장,지능범죄,전남 해남군,전남,기타(Top5외),국내,11
지능범죄,유가증권인지,지능범죄,전남 해남군,전남,기타(Top5외),국내,0
지능범죄,사기,지능범죄,전남 해남군,전남,기타(Top5외),국내,382
지능범죄,횡령,지능범죄,전남 해남군,전남,기타(Top5외),국내,45
지능범죄,배임,지능범죄,전남 해남군,전남,기타(Top5외),국내,8
풍속범죄,성풍속범죄,기타(Top3외),전남 해남군,전남,기타(Top5외),국내,9
풍속범죄,도박범죄,기타(Top3외),전남 해남군,전남,기타(Top5외),국내,8
특별경제범죄,특별경제범죄,기타(Top3외),전남 해남군,전남,기타(Top5외),국내,52
마약범죄,마약범죄,기타(Top3외),전남 해남군,전남,기타(Top5외),국내,6
보건범죄,보건범죄,기타(Top3외),전남 해남군,전남,기타(Top5외),국내,5
환경범죄,환경범죄,기타(Top3외),전남 해남군,전남,기타(Top5외),국내,0
교통범죄,교통범죄,교통범죄,전남 해남군,전남,기타(Top5외),국내,407
노동범죄,노동범죄,기타(Top3외),전남 해남군,전남,기타(Top5외),국내,0
안보범죄,안보범죄,기타(Top3외),전남 해남군,전남,기타(Top5외),국내,0
선거범죄,선거범죄,기타(Top3외),전남 해남군,전남,기타(Top5외),국내,2
병역범죄,병역범죄,기타(Top3외),전남 해남군,전남,기타(Top5외),국내,2
기타범죄,기타범죄,기타범죄,전남 해남군,전남,기타(Top5외),국내,253
강력범죄,살인기수,기타(Top3외),전남 영암군,전남,기타(Top5외),국내,0
강력범죄,살인미수등,기타(Top3외),전남 영암군,전남,기타(Top5외),국내,1
강력범죄,강도,기타(Top3외),전남 영암군,전남,기타(Top5외),국내,3
강력범죄,강간,기타(Top3외),전남 영암군,전남,기타(Top5외),국내,7
강력범죄,유사강간,기타(Top3외),전남 영암군,전남,기타(Top5외),국내,1
강력범죄,강제추행,기타(Top3외),전남 영암군,전남,기타(Top5외),국내,18
강력범죄,기타 강간/강제추행등,기타(Top3외),전남 영암군,전남,기타(Top5외),국내,0
강력범죄,방화,기타(Top3외),전남 영암군,전남,기타(Top5외),국내,3
절도범죄,절도범죄,기타(Top3외),전남 영암군,전남,기타(Top5외),국내,135
폭력범죄,상해,기타(Top3외),전남 영암군,전남,기타(Top5외),국내,32
폭력범죄,폭행,기타(Top3외),전남 영암군,전남,기타(Top5외),국내,152
폭력범죄,체포/감금,기타(Top3외),전남 영암군,전남,기타(Top5외),국내,0
폭력범죄,협박,기타(Top3외),전남 영암군,전남,기타(Top5외),국내,30
폭력범죄,약취/유인,기타(Top3외),전남 영암군,전남,기타(Top5외),국내,0
폭력범죄,폭력행위등,기타(Top3외),전남 영암군,전남,기타(Top5외),국내,5
폭력범죄,공갈,기타(Top3외),전남 영암군,전남,기타(Top5외),국내,1
폭력범죄,손괴,기타(Top3외),전남 영암군,전남,기타(Top5외),국내,34
지능범죄,직무유기,지능범죄,전남 영암군,전남,기타(Top5외),국내,0
지능범죄,직권남용,지능범죄,전남 영암군,전남,기타(Top5외),국내,4
지능범죄,증수뢰,지능범죄,전남 영암군,전남,기타(Top5외),국내,0
지능범죄,통화,지능범죄,전남 영암군,전남,기타(Top5외),국내,1
지능범죄,문서/인장,지능범죄,전남 영암군,전남,기타(Top5외),국내,8
지능범죄,유가증권인지,지능범죄,전남 영암군,전남,기타(Top5외),국내,0
지능범죄,사기,지능범죄,전남 영암군,전남,기타(Top5외),국내,330
지능범죄,횡령,지능범죄,전남 영암군,전남,기타(Top5외),국내,25
지능범죄,배임,지능범죄,전남 영암군,전남,기타(Top5외),국내,5
풍속범죄,성풍속범죄,기타(Top3외),전남 영암군,전남,기타(Top5외),국내,5
풍속범죄,도박범죄,기타(Top3외),전남 영암군,전남,기타(Top5외),국내,10
특별경제범죄,특별경제범죄,기타(Top3외),전남 영암군,전남,기타(Top5외),국내,66
마약범죄,마약범죄,기타(Top3외),전남 영암군,전남,기타(Top5외),국내,13
보건범죄,보건범죄,기타(Top3외),전남 영암군,전남,기타(Top5외),국내,3
환경범죄,환경범죄,기타(Top3외),전남 영암군,전남,기타(Top5외),국내,6
교통범죄,교통범죄,교통범죄,전남 영암군,전남,기타(Top5외),국내,433
노동범죄,노동범죄,기타(Top3외),전남 영암군,전남,기타(Top5외),국내,1
안보범죄,안보범죄,기타(Top3외),전남 영암군,전남,기타(Top5외),국내,0
선거범죄,선거범죄,기타(Top3외),전남 영암군,전남,기타(Top5외),국내,0
병역범죄,병역범죄,기타(Top3외),전남 영암군,전남,기타(Top5외),국내,4
기타범죄,기타범죄,기타범죄,전남 영암군,전남,기타(Top5외),국내,186
강력범죄,살인기수,기타(Top3외),전남 무안군,전남,기타(Top5외),국내,0
강력범죄,살인미수등,기타(Top3외),전남 무안군,전남,기타(Top5외),국내,0
강력범죄,강도,기타(Top3외),전남 무안군,전남,기타(Top5외),국내,0
강력범죄,강간,기타(Top3외),전남 무안군,전남,기타(Top5외),국내,6
강력범죄,유사강간,기타(Top3외),전남 무안군,전남,기타(Top5외),국내,0
강력범죄,강제추행,기타(Top3외),전남 무안군,전남,기타(Top5외),국내,16
강력범죄,기타 강간/강제추행등,기타(Top3외),전남 무안군,전남,기타(Top5외),국내,0
강력범죄,방화,기타(Top3외),전남 무안군,전남,기타(Top5외),국내,1
절도범죄,절도범죄,기타(Top3외),전남 무안군,전남,기타(Top5외),국내,236
폭력범죄,상해,기타(Top3외),전남 무안군,전남,기타(Top5외),국내,42
폭력범죄,폭행,기타(Top3외),전남 무안군,전남,기타(Top5외),국내,170
폭력범죄,체포/감금,기타(Top3외),전남 무안군,전남,기타(Top5외),국내,0
폭력범죄,협박,기타(Top3외),전남 무안군,전남,기타(Top5외),국내,41
폭력범죄,약취/유인,기타(Top3외),전남 무안군,전남,기타(Top5외),국내,1
폭력범죄,폭력행위등,기타(Top3외),전남 무안군,전남,기타(Top5외),국내,9
폭력범죄,공갈,기타(Top3외),전남 무안군,전남,기타(Top5외),국내,14
폭력범죄,손괴,기타(Top3외),전남 무안군,전남,기타(Top5외),국내,38
지능범죄,직무유기,지능범죄,전남 무안군,전남,기타(Top5외),국내,3
지능범죄,직권남용,지능범죄,전남 무안군,전남,기타(Top5외),국내,21
지능범죄,증수뢰,지능범죄,전남 무안군,전남,기타(Top5외),국내,1
지능범죄,통화,지능범죄,전남 무안군,전남,기타(Top5외),국내,0
지능범죄,문서/인장,지능범죄,전남 무안군,전남,기타(Top5외),국내,32
지능범죄,유가증권인지,지능범죄,전남 무안군,전남,기타(Top5외),국내,0
지능범죄,사기,지능범죄,전남 무안군,전남,기타(Top5외),국내,468
지능범죄,횡령,지능범죄,전남 무안군,전남,기타(Top5외),국내,67
지능범죄,배임,지능범죄,전남 무안군,전남,기타(Top5외),국내,28
풍속범죄,성풍속범죄,기타(Top3외),전남 무안군,전남,기타(Top5외),국내,26
풍속범죄,도박범죄,기타(Top3외),전남 무안군,전남,기타(Top5외),국내,99
특별경제범죄,특별경제범죄,기타(Top3외),전남 무안군,전남,기타(Top5외),국내,100
마약범죄,마약범죄,기타(Top3외),전남 무안군,전남,기타(Top5외),국내,10
보건범죄,보건범죄,기타(Top3외),전남 무안군,전남,기타(Top5외),국내,20
환경범죄,환경범죄,기타(Top3외),전남 무안군,전남,기타(Top5외),국내,14
교통범죄,교통범죄,교통범죄,전남 무안군,전남,기타(Top5외),국내,479
노동범죄,노동범죄,기타(Top3외),전남 무안군,전남,기타(Top5외),국내,0
안보범죄,안보범죄,기타(Top3외),전남 무안군,전남,기타(Top5외),국내,0
선거범죄,선거범죄,기타(Top3외),전남 무안군,전남,기타(Top5외),국내,6
병역범죄,병역범죄,기타(Top3외),전남 무안군,전남,기타(Top5외),국내,6
기타범죄,기타범죄,기타범죄,전남 무안군,전남,기타(Top5외),국내,332
강력범죄,살인기수,기타(Top3외),전남 함평군,전남,기타(Top5외),국내,0
강력범죄,살인미수등,기타(Top3외),전남 함평군,전남,기타(Top5외),국내,0
강력범죄,강도,기타(Top3외),전남 함평군,전남,기타(Top5외),국내,0
강력범죄,강간,기타(Top3외),전남 함평군,전남,기타(Top5외),국내,5
강력범죄,유사강간,기타(Top3외),전남 함평군,전남,기타(Top5외),국내,0
강력범죄,강제추행,기타(Top3외),전남 함평군,전남,기타(Top5외),국내,3
강력범죄,기타 강간/강제추행등,기타(Top3외),전남 함평군,전남,기타(Top5외),국내,0
강력범죄,방화,기타(Top3외),전남 함평군,전남,기타(Top5외),국내,1
절도범죄,절도범죄,기타(Top3외),전남 함평군,전남,기타(Top5외),국내,111
폭력범죄,상해,기타(Top3외),전남 함평군,전남,기타(Top5외),국내,14
폭력범죄,폭행,기타(Top3외),전남 함평군,전남,기타(Top5외),국내,48
폭력범죄,체포/감금,기타(Top3외),전남 함평군,전남,기타(Top5외),국내,1
폭력범죄,협박,기타(Top3외),전남 함평군,전남,기타(Top5외),국내,14
폭력범죄,약취/유인,기타(Top3외),전남 함평군,전남,기타(Top5외),국내,0
폭력범죄,폭력행위등,기타(Top3외),전남 함평군,전남,기타(Top5외),국내,1
폭력범죄,공갈,기타(Top3외),전남 함평군,전남,기타(Top5외),국내,6
폭력범죄,손괴,기타(Top3외),전남 함평군,전남,기타(Top5외),국내,27
지능범죄,직무유기,지능범죄,전남 함평군,전남,기타(Top5외),국내,2
지능범죄,직권남용,지능범죄,전남 함평군,전남,기타(Top5외),국내,11
지능범죄,증수뢰,지능범죄,전남 함평군,전남,기타(Top5외),국내,1
지능범죄,통화,지능범죄,전남 함평군,전남,기타(Top5외),국내,0
지능범죄,문서/인장,지능범죄,전남 함평군,전남,기타(Top5외),국내,9
지능범죄,유가증권인지,지능범죄,전남 함평군,전남,기타(Top5외),국내,0
지능범죄,사기,지능범죄,전남 함평군,전남,기타(Top5외),국내,124
지능범죄,횡령,지능범죄,전남 함평군,전남,기타(Top5외),국내,17
지능범죄,배임,지능범죄,전남 함평군,전남,기타(Top5외),국내,3
풍속범죄,성풍속범죄,기타(Top3외),전남 함평군,전남,기타(Top5외),국내,4
풍속범죄,도박범죄,기타(Top3외),전남 함평군,전남,기타(Top5외),국내,3
특별경제범죄,특별경제범죄,기타(Top3외),전남 함평군,전남,기타(Top5외),국내,28
마약범죄,마약범죄,기타(Top3외),전남 함평군,전남,기타(Top5외),국내,0
보건범죄,보건범죄,기타(Top3외),전남 함평군,전남,기타(Top5외),국내,6
환경범죄,환경범죄,기타(Top3외),전남 함평군,전남,기타(Top5외),국내,6
교통범죄,교통범죄,교통범죄,전남 함평군,전남,기타(Top5외),국내,185
노동범죄,노동범죄,기타(Top3외),전남 함평군,전남,기타(Top5외),국내,0
안보범죄,안보범죄,기타(Top3외),전남 함평군,전남,기타(Top5외),국내,0
선거범죄,선거범죄,기타(Top3외),전남 함평군,전남,기타(Top5외),국내,0
병역범죄,병역범죄,기타(Top3외),전남 함평군,전남,기타(Top5외),국내,3
기타범죄,기타범죄,기타범죄,전남 함평군,전남,기타(Top5외),국내,100
강력범죄,살인기수,기타(Top3외),전남 영광군,전남,기타(Top5외),국내,0
강력범죄,살인미수등,기타(Top3외),전남 영광군,전남,기타(Top5외),국내,2
강력범죄,강도,기타(Top3외),전남 영광군,전남,기타(Top5외),국내,1
강력범죄,강간,기타(Top3외),전남 영광군,전남,기타(Top5외),국내,3
강력범죄,유사강간,기타(Top3외),전남 영광군,전남,기타(Top5외),국내,2
강력범죄,강제추행,기타(Top3외),전남 영광군,전남,기타(Top5외),국내,12
강력범죄,기타 강간/강제추행등,기타(Top3외),전남 영광군,전남,기타(Top5외),국내,0
강력범죄,방화,기타(Top3외),전남 영광군,전남,기타(Top5외),국내,0
절도범죄,절도범죄,기타(Top3외),전남 영광군,전남,기타(Top5외),국내,135
폭력범죄,상해,기타(Top3외),전남 영광군,전남,기타(Top5외),국내,20
폭력범죄,폭행,기타(Top3외),전남 영광군,전남,기타(Top5외),국내,97
폭력범죄,체포/감금,기타(Top3외),전남 영광군,전남,기타(Top5외),국내,0
폭력범죄,협박,기타(Top3외),전남 영광군,전남,기타(Top5외),국내,27
폭력범죄,약취/유인,기타(Top3외),전남 영광군,전남,기타(Top5외),국내,0
폭력범죄,폭력행위등,기타(Top3외),전남 영광군,전남,기타(Top5외),국내,5
폭력범죄,공갈,기타(Top3외),전남 영광군,전남,기타(Top5외),국내,3
폭력범죄,손괴,기타(Top3외),전남 영광군,전남,기타(Top5외),국내,42
지능범죄,직무유기,지능범죄,전남 영광군,전남,기타(Top5외),국내,0
지능범죄,직권남용,지능범죄,전남 영광군,전남,기타(Top5외),국내,6
지능범죄,증수뢰,지능범죄,전남 영광군,전남,기타(Top5외),국내,0
지능범죄,통화,지능범죄,전남 영광군,전남,기타(Top5외),국내,0
지능범죄,문서/인장,지능범죄,전남 영광군,전남,기타(Top5외),국내,11
지능범죄,유가증권인지,지능범죄,전남 영광군,전남,기타(Top5외),국내,0
지능범죄,사기,지능범죄,전남 영광군,전남,기타(Top5외),국내,207
지능범죄,횡령,지능범죄,전남 영광군,전남,기타(Top5외),국내,48
지능범죄,배임,지능범죄,전남 영광군,전남,기타(Top5외),국내,6
풍속범죄,성풍속범죄,기타(Top3외),전남 영광군,전남,기타(Top5외),국내,9
풍속범죄,도박범죄,기타(Top3외),전남 영광군,전남,기타(Top5외),국내,1
특별경제범죄,특별경제범죄,기타(Top3외),전남 영광군,전남,기타(Top5외),국내,53
마약범죄,마약범죄,기타(Top3외),전남 영광군,전남,기타(Top5외),국내,1
보건범죄,보건범죄,기타(Top3외),전남 영광군,전남,기타(Top5외),국내,3
환경범죄,환경범죄,기타(Top3외),전남 영광군,전남,기타(Top5외),국내,0
교통범죄,교통범죄,교통범죄,전남 영광군,전남,기타(Top5외),국내,229
노동범죄,노동범죄,기타(Top3외),전남 영광군,전남,기타(Top5외),국내,0
안보범죄,안보범죄,기타(Top3외),전남 영광군,전남,기타(Top5외),국내,1
선거범죄,선거범죄,기타(Top3외),전남 영광군,전남,기타(Top5외),국내,10
병역범죄,병역범죄,기타(Top3외),전남 영광군,전남,기타(Top5외),국내,8
기타범죄,기타범죄,기타범죄,전남 영광군,전남,기타(Top5외),국내,220
강력범죄,살인기수,기타(Top3외),전남 장성군,전남,기타(Top5외),국내,1
강력범죄,살인미수등,기타(Top3외),전남 장성군,전남,기타(Top5외),국내,0
강력범죄,강도,기타(Top3외),전남 장성군,전남,기타(Top5외),국내,0
강력범죄,강간,기타(Top3외),전남 장성군,전남,기타(Top5외),국내,1
강력범죄,유사강간,기타(Top3외),전남 장성군,전남,기타(Top5외),국내,2
강력범죄,강제추행,기타(Top3외),전남 장성군,전남,기타(Top5외),국내,16
강력범죄,기타 강간/강제추행등,기타(Top3외),전남 장성군,전남,기타(Top5외),국내,0
강력범죄,방화,기타(Top3외),전남 장성군,전남,기타(Top5외),국내,1
절도범죄,절도범죄,기타(Top3외),전남 장성군,전남,기타(Top5외),국내,142
폭력범죄,상해,기타(Top3외),전남 장성군,전남,기타(Top5외),국내,10
폭력범죄,폭행,기타(Top3외),전남 장성군,전남,기타(Top5외),국내,70
폭력범죄,체포/감금,기타(Top3외),전남 장성군,전남,기타(Top5외),국내,1
폭력범죄,협박,기타(Top3외),전남 장성군,전남,기타(Top5외),국내,22
폭력범죄,약취/유인,기타(Top3외),전남 장성군,전남,기타(Top5외),국내,0
폭력범죄,폭력행위등,기타(Top3외),전남 장성군,전남,기타(Top5외),국내,0
폭력범죄,공갈,기타(Top3외),전남 장성군,전남,기타(Top5외),국내,6
폭력범죄,손괴,기타(Top3외),전남 장성군,전남,기타(Top5외),국내,47
지능범죄,직무유기,지능범죄,전남 장성군,전남,기타(Top5외),국내,1
지능범죄,직권남용,지능범죄,전남 장성군,전남,기타(Top5외),국내,1
지능범죄,증수뢰,지능범죄,전남 장성군,전남,기타(Top5외),국내,0
지능범죄,통화,지능범죄,전남 장성군,전남,기타(Top5외),국내,0
지능범죄,문서/인장,지능범죄,전남 장성군,전남,기타(Top5외),국내,7
지능범죄,유가증권인지,지능범죄,전남 장성군,전남,기타(Top5외),국내,0
지능범죄,사기,지능범죄,전남 장성군,전남,기타(Top5외),국내,213
지능범죄,횡령,지능범죄,전남 장성군,전남,기타(Top5외),국내,30
지능범죄,배임,지능범죄,전남 장성군,전남,기타(Top5외),국내,4
풍속범죄,성풍속범죄,기타(Top3외),전남 장성군,전남,기타(Top5외),국내,8
풍속범죄,도박범죄,기타(Top3외),전남 장성군,전남,기타(Top5외),국내,2
특별경제범죄,특별경제범죄,기타(Top3외),전남 장성군,전남,기타(Top5외),국내,47
마약범죄,마약범죄,기타(Top3외),전남 장성군,전남,기타(Top5외),국내,4
보건범죄,보건범죄,기타(Top3외),전남 장성군,전남,기타(Top5외),국내,1
환경범죄,환경범죄,기타(Top3외),전남 장성군,전남,기타(Top5외),국내,0
교통범죄,교통범죄,교통범죄,전남 장성군,전남,기타(Top5외),국내,301
노동범죄,노동범죄,기타(Top3외),전남 장성군,전남,기타(Top5외),국내,0
안보범죄,안보범죄,기타(Top3외),전남 장성군,전남,기타(Top5외),국내,1
선거범죄,선거범죄,기타(Top3외),전남 장성군,전남,기타(Top5외),국내,3
병역범죄,병역범죄,기타(Top3외),전남 장성군,전남,기타(Top5외),국내,1
기타범죄,기타범죄,기타범죄,전남 장성군,전남,기타(Top5외),국내,169
강력범죄,살인기수,기타(Top3외),전남 완도군,전남,기타(Top5외),국내,0
강력범죄,살인미수등,기타(Top3외),전남 완도군,전남,기타(Top5외),국내,0
강력범죄,강도,기타(Top3외),전남 완도군,전남,기타(Top5외),국내,1
강력범죄,강간,기타(Top3외),전남 완도군,전남,기타(Top5외),국내,3
강력범죄,유사강간,기타(Top3외),전남 완도군,전남,기타(Top5외),국내,0
강력범죄,강제추행,기타(Top3외),전남 완도군,전남,기타(Top5외),국내,10
강력범죄,기타 강간/강제추행등,기타(Top3외),전남 완도군,전남,기타(Top5외),국내,1
강력범죄,방화,기타(Top3외),전남 완도군,전남,기타(Top5외),국내,12
절도범죄,절도범죄,기타(Top3외),전남 완도군,전남,기타(Top5외),국내,162
폭력범죄,상해,기타(Top3외),전남 완도군,전남,기타(Top5외),국내,39
폭력범죄,폭행,기타(Top3외),전남 완도군,전남,기타(Top5외),국내,84
폭력범죄,체포/감금,기타(Top3외),전남 완도군,전남,기타(Top5외),국내,1
폭력범죄,협박,기타(Top3외),전남 완도군,전남,기타(Top5외),국내,28
폭력범죄,약취/유인,기타(Top3외),전남 완도군,전남,기타(Top5외),국내,1
폭력범죄,폭력행위등,기타(Top3외),전남 완도군,전남,기타(Top5외),국내,4
폭력범죄,공갈,기타(Top3외),전남 완도군,전남,기타(Top5외),국내,2
폭력범죄,손괴,기타(Top3외),전남 완도군,전남,기타(Top5외),국내,57
지능범죄,직무유기,지능범죄,전남 완도군,전남,기타(Top5외),국내,4
지능범죄,직권남용,지능범죄,전남 완도군,전남,기타(Top5외),국내,1
지능범죄,증수뢰,지능범죄,전남 완도군,전남,기타(Top5외),국내,1
지능범죄,통화,지능범죄,전남 완도군,전남,기타(Top5외),국내,0
지능범죄,문서/인장,지능범죄,전남 완도군,전남,기타(Top5외),국내,11
지능범죄,유가증권인지,지능범죄,전남 완도군,전남,기타(Top5외),국내,0
지능범죄,사기,지능범죄,전남 완도군,전남,기타(Top5외),국내,291
지능범죄,횡령,지능범죄,전남 완도군,전남,기타(Top5외),국내,32
지능범죄,배임,지능범죄,전남 완도군,전남,기타(Top5외),국내,3
풍속범죄,성풍속범죄,기타(Top3외),전남 완도군,전남,기타(Top5외),국내,6
풍속범죄,도박범죄,기타(Top3외),전남 완도군,전남,기타(Top5외),국내,5
특별경제범죄,특별경제범죄,기타(Top3외),전남 완도군,전남,기타(Top5외),국내,63
마약범죄,마약범죄,기타(Top3외),전남 완도군,전남,기타(Top5외),국내,7
보건범죄,보건범죄,기타(Top3외),전남 완도군,전남,기타(Top5외),국내,0
환경범죄,환경범죄,기타(Top3외),전남 완도군,전남,기타(Top5외),국내,0
교통범죄,교통범죄,교통범죄,전남 완도군,전남,기타(Top5외),국내,275
노동범죄,노동범죄,기타(Top3외),전남 완도군,전남,기타(Top5외),국내,0
안보범죄,안보범죄,기타(Top3외),전남 완도군,전남,기타(Top5외),국내,0
선거범죄,선거범죄,기타(Top3외),전남 완도군,전남,기타(Top5외),국내,0
병역범죄,병역범죄,기타(Top3외),전남 완도군,전남,기타(Top5외),국내,3
기타범죄,기타범죄,기타범죄,전남 완도군,전남,기타(Top5외),국내,153
강력범죄,살인기수,기타(Top3외),전남 진도군,전남,기타(Top5외),국내,0
강력범죄,살인미수등,기타(Top3외),전남 진도군,전남,기타(Top5외),국내,0
강력범죄,강도,기타(Top3외),전남 진도군,전남,기타(Top5외),국내,0
강력범죄,강간,기타(Top3외),전남 진도군,전남,기타(Top5외),국내,3
강력범죄,유사강간,기타(Top3외),전남 진도군,전남,기타(Top5외),국내,0
강력범죄,강제추행,기타(Top3외),전남 진도군,전남,기타(Top5외),국내,9
강력범죄,기타 강간/강제추행등,기타(Top3외),전남 진도군,전남,기타(Top5외),국내,0
강력범죄,방화,기타(Top3외),전남 진도군,전남,기타(Top5외),국내,0
절도범죄,절도범죄,기타(Top3외),전남 진도군,전남,기타(Top5외),국내,110
폭력범죄,상해,기타(Top3외),전남 진도군,전남,기타(Top5외),국내,21
폭력범죄,폭행,기타(Top3외),전남 진도군,전남,기타(Top5외),국내,67
폭력범죄,체포/감금,기타(Top3외),전남 진도군,전남,기타(Top5외),국내,1
폭력범죄,협박,기타(Top3외),전남 진도군,전남,기타(Top5외),국내,17
폭력범죄,약취/유인,기타(Top3외),전남 진도군,전남,기타(Top5외),국내,0
폭력범죄,폭력행위등,기타(Top3외),전남 진도군,전남,기타(Top5외),국내,3
폭력범죄,공갈,기타(Top3외),전남 진도군,전남,기타(Top5외),국내,0
폭력범죄,손괴,기타(Top3외),전남 진도군,전남,기타(Top5외),국내,44
지능범죄,직무유기,지능범죄,전남 진도군,전남,기타(Top5외),국내,1
지능범죄,직권남용,지능범죄,전남 진도군,전남,기타(Top5외),국내,1
지능범죄,증수뢰,지능범죄,전남 진도군,전남,기타(Top5외),국내,0
지능범죄,통화,지능범죄,전남 진도군,전남,기타(Top5외),국내,0
지능범죄,문서/인장,지능범죄,전남 진도군,전남,기타(Top5외),국내,7
지능범죄,유가증권인지,지능범죄,전남 진도군,전남,기타(Top5외),국내,0
지능범죄,사기,지능범죄,전남 진도군,전남,기타(Top5외),국내,185
지능범죄,횡령,지능범죄,전남 진도군,전남,기타(Top5외),국내,20
지능범죄,배임,지능범죄,전남 진도군,전남,기타(Top5외),국내,0
풍속범죄,성풍속범죄,기타(Top3외),전남 진도군,전남,기타(Top5외),국내,3
풍속범죄,도박범죄,기타(Top3외),전남 진도군,전남,기타(Top5외),국내,4
특별경제범죄,특별경제범죄,기타(Top3외),전남 진도군,전남,기타(Top5외),국내,29
마약범죄,마약범죄,기타(Top3외),전남 진도군,전남,기타(Top5외),국내,8
보건범죄,보건범죄,기타(Top3외),전남 진도군,전남,기타(Top5외),국내,6
환경범죄,환경범죄,기타(Top3외),전남 진도군,전남,기타(Top5외),국내,3
교통범죄,교통범죄,교통범죄,전남 진도군,전남,기타(Top5외),국내,207
노동범죄,노동범죄,기타(Top3외),전남 진도군,전남,기타(Top5외),국내,0
안보범죄,안보범죄,기타(Top3외),전남 진도군,전남,기타(Top5외),국내,1
선거범죄,선거범죄,기타(Top3외),전남 진도군,전남,기타(Top5외),국내,0
병역범죄,병역범죄,기타(Top3외),전남 진도군,전남,기타(Top5외),국내,4
기타범죄,기타범죄,기타범죄,전남 진도군,전남,기타(Top5외),국내,119
강력범죄,살인기수,기타(Top3외),전남 신안군,전남,기타(Top5외),국내,0
강력범죄,살인미수등,기타(Top3외),전남 신안군,전남,기타(Top5외),국내,0
강력범죄,강도,기타(Top3외),전남 신안군,전남,기타(Top5외),국내,0
강력범죄,강간,기타(Top3외),전남 신안군,전남,기타(Top5외),국내,2
강력범죄,유사강간,기타(Top3외),전남 신안군,전남,기타(Top5외),국내,1
강력범죄,강제추행,기타(Top3외),전남 신안군,전남,기타(Top5외),국내,5
강력범죄,기타 강간/강제추행등,기타(Top3외),전남 신안군,전남,기타(Top5외),국내,0
강력범죄,방화,기타(Top3외),전남 신안군,전남,기타(Top5외),국내,0
절도범죄,절도범죄,기타(Top3외),전남 신안군,전남,기타(Top5외),국내,87
폭력범죄,상해,기타(Top3외),전남 신안군,전남,기타(Top5외),국내,21
폭력범죄,폭행,기타(Top3외),전남 신안군,전남,기타(Top5외),국내,52
폭력범죄,체포/감금,기타(Top3외),전남 신안군,전남,기타(Top5외),국내,0
폭력범죄,협박,기타(Top3외),전남 신안군,전남,기타(Top5외),국내,9
폭력범죄,약취/유인,기타(Top3외),전남 신안군,전남,기타(Top5외),국내,1
폭력범죄,폭력행위등,기타(Top3외),전남 신안군,전남,기타(Top5외),국내,0
폭력범죄,공갈,기타(Top3외),전남 신안군,전남,기타(Top5외),국내,2
폭력범죄,손괴,기타(Top3외),전남 신안군,전남,기타(Top5외),국내,37
지능범죄,직무유기,지능범죄,전남 신안군,전남,기타(Top5외),국내,1
지능범죄,직권남용,지능범죄,전남 신안군,전남,기타(Top5외),국내,6
지능범죄,증수뢰,지능범죄,전남 신안군,전남,기타(Top5외),국내,0
지능범죄,통화,지능범죄,전남 신안군,전남,기타(Top5외),국내,0
지능범죄,문서/인장,지능범죄,전남 신안군,전남,기타(Top5외),국내,9
지능범죄,유가증권인지,지능범죄,전남 신안군,전남,기타(Top5외),국내,0
지능범죄,사기,지능범죄,전남 신안군,전남,기타(Top5외),국내,165
지능범죄,횡령,지능범죄,전남 신안군,전남,기타(Top5외),국내,22
지능범죄,배임,지능범죄,전남 신안군,전남,기타(Top5외),국내,4
풍속범죄,성풍속범죄,기타(Top3외),전남 신안군,전남,기타(Top5외),국내,8
풍속범죄,도박범죄,기타(Top3외),전남 신안군,전남,기타(Top5외),국내,4
특별경제범죄,특별경제범죄,기타(Top3외),전남 신안군,전남,기타(Top5외),국내,36
마약범죄,마약범죄,기타(Top3외),전남 신안군,전남,기타(Top5외),국내,4
보건범죄,보건범죄,기타(Top3외),전남 신안군,전남,기타(Top5외),국내,7
환경범죄,환경범죄,기타(Top3외),전남 신안군,전남,기타(Top5외),국내,6
교통범죄,교통범죄,교통범죄,전남 신안군,전남,기타(Top5외),국내,113
노동범죄,노동범죄,기타(Top3외),전남 신안군,전남,기타(Top5외),국내,1
안보범죄,안보범죄,기타(Top3외),전남 신안군,전남,기타(Top5외),국내,0
선거범죄,선거범죄,기타(Top3외),전남 신안군,전남,기타(Top5외),국내,0
병역범죄,병역범죄,기타(Top3외),전남 신안군,전남,기타(Top5외),국내,1
기타범죄,기타범죄,기타범죄,전남 신안군,전남,기타(Top5외),국내,92
강력범죄,살인기수,기타(Top3외),경북 경산시,경북,기타(Top5외),국내,1
강력범죄,살인미수등,기타(Top3외),경북 경산시,경북,기타(Top5외),국내,0
강력범죄,강도,기타(Top3외),경북 경산시,경북,기타(Top5외),국내,4
강력범죄,강간,기타(Top3외),경북 경산시,경북,기타(Top5외),국내,22
강력범죄,유사강간,기타(Top3외),경북 경산시,경북,기타(Top5외),국내,2
강력범죄,강제추행,기타(Top3외),경북 경산시,경북,기타(Top5외),국내,49
강력범죄,기타 강간/강제추행등,기타(Top3외),경북 경산시,경북,기타(Top5외),국내,0
강력범죄,방화,기타(Top3외),경북 경산시,경북,기타(Top5외),국내,4
절도범죄,절도범죄,기타(Top3외),경북 경산시,경북,기타(Top5외),국내,921
폭력범죄,상해,기타(Top3외),경북 경산시,경북,기타(Top5외),국내,93
폭력범죄,폭행,기타(Top3외),경북 경산시,경북,기타(Top5외),국내,438
폭력범죄,체포/감금,기타(Top3외),경북 경산시,경북,기타(Top5외),국내,6
폭력범죄,협박,기타(Top3외),경북 경산시,경북,기타(Top5외),국내,117
폭력범죄,약취/유인,기타(Top3외),경북 경산시,경북,기타(Top5외),국내,2
폭력범죄,폭력행위등,기타(Top3외),경북 경산시,경북,기타(Top5외),국내,45
폭력범죄,공갈,기타(Top3외),경북 경산시,경북,기타(Top5외),국내,46
폭력범죄,손괴,기타(Top3외),경북 경산시,경북,기타(Top5외),국내,368
지능범죄,직무유기,지능범죄,경북 경산시,경북,기타(Top5외),국내,4
지능범죄,직권남용,지능범죄,경북 경산시,경북,기타(Top5외),국내,10
지능범죄,증수뢰,지능범죄,경북 경산시,경북,기타(Top5외),국내,1
지능범죄,통화,지능범죄,경북 경산시,경북,기타(Top5외),국내,1
지능범죄,문서/인장,지능범죄,경북 경산시,경북,기타(Top5외),국내,66
지능범죄,유가증권인지,지능범죄,경북 경산시,경북,기타(Top5외),국내,0
지능범죄,사기,지능범죄,경북 경산시,경북,기타(Top5외),국내,2586
지능범죄,횡령,지능범죄,경북 경산시,경북,기타(Top5외),국내,422
지능범죄,배임,지능범죄,경북 경산시,경북,기타(Top5외),국내,24
풍속범죄,성풍속범죄,기타(Top3외),경북 경산시,경북,기타(Top5외),국내,105
풍속범죄,도박범죄,기타(Top3외),경북 경산시,경북,기타(Top5외),국내,28
특별경제범죄,특별경제범죄,기타(Top3외),경북 경산시,경북,기타(Top5외),국내,492
마약범죄,마약범죄,기타(Top3외),경북 경산시,경북,기타(Top5외),국내,33
보건범죄,보건범죄,기타(Top3외),경북 경산시,경북,기타(Top5외),국내,16
환경범죄,환경범죄,기타(Top3외),경북 경산시,경북,기타(Top5외),국내,2
교통범죄,교통범죄,교통범죄,경북 경산시,경북,기타(Top5외),국내,1221
노동범죄,노동범죄,기타(Top3외),경북 경산시,경북,기타(Top5외),국내,0
안보범죄,안보범죄,기타(Top3외),경북 경산시,경북,기타(Top5외),국내,2
선거범죄,선거범죄,기타(Top3외),경북 경산시,경북,기타(Top5외),국내,14
병역범죄,병역범죄,기타(Top3외),경북 경산시,경북,기타(Top5외),국내,104
기타범죄,기타범죄,기타범죄,경북 경산시,경북,기타(Top5외),국내,1285
강력범죄,살인기수,기타(Top3외),경북 경주시,경북,기타(Top5외),국내,0
강력범죄,살인미수등,기타(Top3외),경북 경주시,경북,기타(Top5외),국내,1
강력범죄,강도,기타(Top3외),경북 경주시,경북,기타(Top5외),국내,2
강력범죄,강간,기타(Top3외),경북 경주시,경북,기타(Top5외),국내,22
강력범죄,유사강간,기타(Top3외),경북 경주시,경북,기타(Top5외),국내,5
강력범죄,강제추행,기타(Top3외),경북 경주시,경북,기타(Top5외),국내,57
강력범죄,기타 강간/강제추행등,기타(Top3외),경북 경주시,경북,기타(Top5외),국내,2
강력범죄,방화,기타(Top3외),경북 경주시,경북,기타(Top5외),국내,6
절도범죄,절도범죄,기타(Top3외),경북 경주시,경북,기타(Top5외),국내,1054
폭력범죄,상해,기타(Top3외),경북 경주시,경북,기타(Top5외),국내,151
폭력범죄,폭행,기타(Top3외),경북 경주시,경북,기타(Top5외),국내,412
폭력범죄,체포/감금,기타(Top3외),경북 경주시,경북,기타(Top5외),국내,2
폭력범죄,협박,기타(Top3외),경북 경주시,경북,기타(Top5외),국내,80
폭력범죄,약취/유인,기타(Top3외),경북 경주시,경북,기타(Top5외),국내,2
폭력범죄,폭력행위등,기타(Top3외),경북 경주시,경북,기타(Top5외),국내,25
폭력범죄,공갈,기타(Top3외),경북 경주시,경북,기타(Top5외),국내,22
폭력범죄,손괴,기타(Top3외),경북 경주시,경북,기타(Top5외),국내,309
지능범죄,직무유기,지능범죄,경북 경주시,경북,기타(Top5외),국내,6
지능범죄,직권남용,지능범죄,경북 경주시,경북,기타(Top5외),국내,4
지능범죄,증수뢰,지능범죄,경북 경주시,경북,기타(Top5외),국내,0
지능범죄,통화,지능범죄,경북 경주시,경북,기타(Top5외),국내,1
지능범죄,문서/인장,지능범죄,경북 경주시,경북,기타(Top5외),국내,57
지능범죄,유가증권인지,지능범죄,경북 경주시,경북,기타(Top5외),국내,0
지능범죄,사기,지능범죄,경북 경주시,경북,기타(Top5외),국내,1635
지능범죄,횡령,지능범죄,경북 경주시,경북,기타(Top5외),국내,353
지능범죄,배임,지능범죄,경북 경주시,경북,기타(Top5외),국내,13
풍속범죄,성풍속범죄,기타(Top3외),경북 경주시,경북,기타(Top5외),국내,63
풍속범죄,도박범죄,기타(Top3외),경북 경주시,경북,기타(Top5외),국내,30
특별경제범죄,특별경제범죄,기타(Top3외),경북 경주시,경북,기타(Top5외),국내,418
마약범죄,마약범죄,기타(Top3외),경북 경주시,경북,기타(Top5외),국내,33
보건범죄,보건범죄,기타(Top3외),경북 경주시,경북,기타(Top5외),국내,54
환경범죄,환경범죄,기타(Top3외),경북 경주시,경북,기타(Top5외),국내,53
교통범죄,교통범죄,교통범죄,경북 경주시,경북,기타(Top5외),국내,1482
노동범죄,노동범죄,기타(Top3외),경북 경주시,경북,기타(Top5외),국내,0
안보범죄,안보범죄,기타(Top3외),경북 경주시,경북,기타(Top5외),국내,0
선거범죄,선거범죄,기타(Top3외),경북 경주시,경북,기타(Top5외),국내,8
병역범죄,병역범죄,기타(Top3외),경북 경주시,경북,기타(Top5외),국내,40
기타범죄,기타범죄,기타범죄,경북 경주시,경북,기타(Top5외),국내,950
강력범죄,살인기수,기타(Top3외),경북 구미시,경북,기타(Top5외),국내,3
강력범죄,살인미수등,기타(Top3외),경북 구미시,경북,기타(Top5외),국내,2
강력범죄,강도,기타(Top3외),경북 구미시,경북,기타(Top5외),국내,2
강력범죄,강간,기타(Top3외),경북 구미시,경북,기타(Top5외),국내,42
강력범죄,유사강간,기타(Top3외),경북 구미시,경북,기타(Top5외),국내,12
강력범죄,강제추행,기타(Top3외),경북 구미시,경북,기타(Top5외),국내,100
강력범죄,기타 강간/강제추행등,기타(Top3외),경북 구미시,경북,기타(Top5외),국내,1
강력범죄,방화,기타(Top3외),경북 구미시,경북,기타(Top5외),국내,4
절도범죄,절도범죄,기타(Top3외),경북 구미시,경북,기타(Top5외),국내,1754
폭력범죄,상해,기타(Top3외),경북 구미시,경북,기타(Top5외),국내,145
폭력범죄,폭행,기타(Top3외),경북 구미시,경북,기타(Top5외),국내,792
폭력범죄,체포/감금,기타(Top3외),경북 구미시,경북,기타(Top5외),국내,9
폭력범죄,협박,기타(Top3외),경북 구미시,경북,기타(Top5외),국내,141
폭력범죄,약취/유인,기타(Top3외),경북 구미시,경북,기타(Top5외),국내,2
폭력범죄,폭력행위등,기타(Top3외),경북 구미시,경북,기타(Top5외),국내,42
폭력범죄,공갈,기타(Top3외),경북 구미시,경북,기타(Top5외),국내,44
폭력범죄,손괴,기타(Top3외),경북 구미시,경북,기타(Top5외),국내,387
지능범죄,직무유기,지능범죄,경북 구미시,경북,기타(Top5외),국내,3
지능범죄,직권남용,지능범죄,경북 구미시,경북,기타(Top5외),국내,10
지능범죄,증수뢰,지능범죄,경북 구미시,경북,기타(Top5외),국내,2
지능범죄,통화,지능범죄,경북 구미시,경북,기타(Top5외),국내,4
지능범죄,문서/인장,지능범죄,경북 구미시,경북,기타(Top5외),국내,86
지능범죄,유가증권인지,지능범죄,경북 구미시,경북,기타(Top5외),국내,0
지능범죄,사기,지능범죄,경북 구미시,경북,기타(Top5외),국내,3883
지능범죄,횡령,지능범죄,경북 구미시,경북,기타(Top5외),국내,285
지능범죄,배임,지능범죄,경북 구미시,경북,기타(Top5외),국내,14
풍속범죄,성풍속범죄,기타(Top3외),경북 구미시,경북,기타(Top5외),국내,134
풍속범죄,도박범죄,기타(Top3외),경북 구미시,경북,기타(Top5외),국내,74
특별경제범죄,특별경제범죄,기타(Top3외),경북 구미시,경북,기타(Top5외),국내,873
마약범죄,마약범죄,기타(Top3외),경북 구미시,경북,기타(Top5외),국내,99
보건범죄,보건범죄,기타(Top3외),경북 구미시,경북,기타(Top5외),국내,40
환경범죄,환경범죄,기타(Top3외),경북 구미시,경북,기타(Top5외),국내,2
교통범죄,교통범죄,교통범죄,경북 구미시,경북,기타(Top5외),국내,2082
노동범죄,노동범죄,기타(Top3외),경북 구미시,경북,기타(Top5외),국내,3
안보범죄,안보범죄,기타(Top3외),경북 구미시,경북,기타(Top5외),국내,1
선거범죄,선거범죄,기타(Top3외),경북 구미시,경북,기타(Top5외),국내,11
병역범죄,병역범죄,기타(Top3외),경북 구미시,경북,기타(Top5외),국내,138
기타범죄,기타범죄,기타범죄,경북 구미시,경북,기타(Top5외),국내,1757
강력범죄,살인기수,기타(Top3외),경북 김천시,경북,기타(Top5외),국내,0
강력범죄,살인미수등,기타(Top3외),경북 김천시,경북,기타(Top5외),국내,1
강력범죄,강도,기타(Top3외),경북 김천시,경북,기타(Top5외),국내,1
강력범죄,강간,기타(Top3외),경북 김천시,경북,기타(Top5외),국내,9
강력범죄,유사강간,기타(Top3외),경북 김천시,경북,기타(Top5외),국내,1
강력범죄,강제추행,기타(Top3외),경북 김천시,경북,기타(Top5외),국내,26
강력범죄,기타 강간/강제추행등,기타(Top3외),경북 김천시,경북,기타(Top5외),국내,0
강력범죄,방화,기타(Top3외),경북 김천시,경북,기타(Top5외),국내,2
절도범죄,절도범죄,기타(Top3외),경북 김천시,경북,기타(Top5외),국내,385
폭력범죄,상해,기타(Top3외),경북 김천시,경북,기타(Top5외),국내,52
폭력범죄,폭행,기타(Top3외),경북 김천시,경북,기타(Top5외),국내,219
폭력범죄,체포/감금,기타(Top3외),경북 김천시,경북,기타(Top5외),국내,2
폭력범죄,협박,기타(Top3외),경북 김천시,경북,기타(Top5외),국내,49
폭력범죄,약취/유인,기타(Top3외),경북 김천시,경북,기타(Top5외),국내,0
폭력범죄,폭력행위등,기타(Top3외),경북 김천시,경북,기타(Top5외),국내,23
폭력범죄,공갈,기타(Top3외),경북 김천시,경북,기타(Top5외),국내,11
폭력범죄,손괴,기타(Top3외),경북 김천시,경북,기타(Top5외),국내,150
지능범죄,직무유기,지능범죄,경북 김천시,경북,기타(Top5외),국내,7
지능범죄,직권남용,지능범죄,경북 김천시,경북,기타(Top5외),국내,18
지능범죄,증수뢰,지능범죄,경북 김천시,경북,기타(Top5외),국내,2
지능범죄,통화,지능범죄,경북 김천시,경북,기타(Top5외),국내,6
지능범죄,문서/인장,지능범죄,경북 김천시,경북,기타(Top5외),국내,38
지능범죄,유가증권인지,지능범죄,경북 김천시,경북,기타(Top5외),국내,0
지능범죄,사기,지능범죄,경북 김천시,경북,기타(Top5외),국내,868
지능범죄,횡령,지능범죄,경북 김천시,경북,기타(Top5외),국내,90
지능범죄,배임,지능범죄,경북 김천시,경북,기타(Top5외),국내,10
풍속범죄,성풍속범죄,기타(Top3외),경북 김천시,경북,기타(Top5외),국내,31
풍속범죄,도박범죄,기타(Top3외),경북 김천시,경북,기타(Top5외),국내,51
특별경제범죄,특별경제범죄,기타(Top3외),경북 김천시,경북,기타(Top5외),국내,170
마약범죄,마약범죄,기타(Top3외),경북 김천시,경북,기타(Top5외),국내,25
보건범죄,보건범죄,기타(Top3외),경북 김천시,경북,기타(Top5외),국내,32
환경범죄,환경범죄,기타(Top3외),경북 김천시,경북,기타(Top5외),국내,58
교통범죄,교통범죄,교통범죄,경북 김천시,경북,기타(Top5외),국내,704
노동범죄,노동범죄,기타(Top3외),경북 김천시,경북,기타(Top5외),국내,0
안보범죄,안보범죄,기타(Top3외),경북 김천시,경북,기타(Top5외),국내,1
선거범죄,선거범죄,기타(Top3외),경북 김천시,경북,기타(Top5외),국내,2
병역범죄,병역범죄,기타(Top3외),경북 김천시,경북,기타(Top5외),국내,11
기타범죄,기타범죄,기타범죄,경북 김천시,경북,기타(Top5외),국내,526
강력범죄,살인기수,기타(Top3외),경북 문경시,경북,기타(Top5외),국내,1
강력범죄,살인미수등,기타(Top3외),경북 문경시,경북,기타(Top5외),국내,0
강력범죄,강도,기타(Top3외),경북 문경시,경북,기타(Top5외),국내,0
강력범죄,강간,기타(Top3외),경북 문경시,경북,기타(Top5외),국내,5
강력범죄,유사강간,기타(Top3외),경북 문경시,경북,기타(Top5외),국내,0
강력범죄,강제추행,기타(Top3외),경북 문경시,경북,기타(Top5외),국내,12
강력범죄,기타 강간/강제추행등,기타(Top3외),경북 문경시,경북,기타(Top5외),국내,0
강력범죄,방화,기타(Top3외),경북 문경시,경북,기타(Top5외),국내,0
절도범죄,절도범죄,기타(Top3외),경북 문경시,경북,기타(Top5외),국내,235
폭력범죄,상해,기타(Top3외),경북 문경시,경북,기타(Top5외),국내,35
폭력범죄,폭행,기타(Top3외),경북 문경시,경북,기타(Top5외),국내,119
폭력범죄,체포/감금,기타(Top3외),경북 문경시,경북,기타(Top5외),국내,3
폭력범죄,협박,기타(Top3외),경북 문경시,경북,기타(Top5외),국내,30
폭력범죄,약취/유인,기타(Top3외),경북 문경시,경북,기타(Top5외),국내,0
폭력범죄,폭력행위등,기타(Top3외),경북 문경시,경북,기타(Top5외),국내,8
폭력범죄,공갈,기타(Top3외),경북 문경시,경북,기타(Top5외),국내,4
폭력범죄,손괴,기타(Top3외),경북 문경시,경북,기타(Top5외),국내,59
지능범죄,직무유기,지능범죄,경북 문경시,경북,기타(Top5외),국내,3
지능범죄,직권남용,지능범죄,경북 문경시,경북,기타(Top5외),국내,6
지능범죄,증수뢰,지능범죄,경북 문경시,경북,기타(Top5외),국내,0
지능범죄,통화,지능범죄,경북 문경시,경북,기타(Top5외),국내,0
지능범죄,문서/인장,지능범죄,경북 문경시,경북,기타(Top5외),국내,14
지능범죄,유가증권인지,지능범죄,경북 문경시,경북,기타(Top5외),국내,0
지능범죄,사기,지능범죄,경북 문경시,경북,기타(Top5외),국내,466
지능범죄,횡령,지능범죄,경북 문경시,경북,기타(Top5외),국내,35
지능범죄,배임,지능범죄,경북 문경시,경북,기타(Top5외),국내,1
풍속범죄,성풍속범죄,기타(Top3외),경북 문경시,경북,기타(Top5외),국내,13
풍속범죄,도박범죄,기타(Top3외),경북 문경시,경북,기타(Top5외),국내,6
특별경제범죄,특별경제범죄,기타(Top3외),경북 문경시,경북,기타(Top5외),국내,72
마약범죄,마약범죄,기타(Top3외),경북 문경시,경북,기타(Top5외),국내,12
보건범죄,보건범죄,기타(Top3외),경북 문경시,경북,기타(Top5외),국내,9
환경범죄,환경범죄,기타(Top3외),경북 문경시,경북,기타(Top5외),국내,2
교통범죄,교통범죄,교통범죄,경북 문경시,경북,기타(Top5외),국내,284
노동범죄,노동범죄,기타(Top3외),경북 문경시,경북,기타(Top5외),국내,0
안보범죄,안보범죄,기타(Top3외),경북 문경시,경북,기타(Top5외),국내,0
선거범죄,선거범죄,기타(Top3외),경북 문경시,경북,기타(Top5외),국내,0
병역범죄,병역범죄,기타(Top3외),경북 문경시,경북,기타(Top5외),국내,14
기타범죄,기타범죄,기타범죄,경북 문경시,경북,기타(Top5외),국내,232
강력범죄,살인기수,기타(Top3외),경북 상주시,경북,기타(Top5외),국내,1
강력범죄,살인미수등,기타(Top3외),경북 상주시,경북,기타(Top5외),국내,0
강력범죄,강도,기타(Top3외),경북 상주시,경북,기타(Top5외),국내,0
강력범죄,강간,기타(Top3외),경북 상주시,경북,기타(Top5외),국내,4
강력범죄,유사강간,기타(Top3외),경북 상주시,경북,기타(Top5외),국내,3
강력범죄,강제추행,기타(Top3외),경북 상주시,경북,기타(Top5외),국내,13
강력범죄,기타 강간/강제추행등,기타(Top3외),경북 상주시,경북,기타(Top5외),국내,1
강력범죄,방화,기타(Top3외),경북 상주시,경북,기타(Top5외),국내,4
절도범죄,절도범죄,기타(Top3외),경북 상주시,경북,기타(Top5외),국내,357
폭력범죄,상해,기타(Top3외),경북 상주시,경북,기타(Top5외),국내,54
폭력범죄,폭행,기타(Top3외),경북 상주시,경북,기타(Top5외),국내,108
폭력범죄,체포/감금,기타(Top3외),경북 상주시,경북,기타(Top5외),국내,3
폭력범죄,협박,기타(Top3외),경북 상주시,경북,기타(Top5외),국내,40
폭력범죄,약취/유인,기타(Top3외),경북 상주시,경북,기타(Top5외),국내,0
폭력범죄,폭력행위등,기타(Top3외),경북 상주시,경북,기타(Top5외),국내,6
폭력범죄,공갈,기타(Top3외),경북 상주시,경북,기타(Top5외),국내,11
폭력범죄,손괴,기타(Top3외),경북 상주시,경북,기타(Top5외),국내,119
지능범죄,직무유기,지능범죄,경북 상주시,경북,기타(Top5외),국내,3
지능범죄,직권남용,지능범죄,경북 상주시,경북,기타(Top5외),국내,7
지능범죄,증수뢰,지능범죄,경북 상주시,경북,기타(Top5외),국내,1
지능범죄,통화,지능범죄,경북 상주시,경북,기타(Top5외),국내,1
지능범죄,문서/인장,지능범죄,경북 상주시,경북,기타(Top5외),국내,46
지능범죄,유가증권인지,지능범죄,경북 상주시,경북,기타(Top5외),국내,0
지능범죄,사기,지능범죄,경북 상주시,경북,기타(Top5외),국내,686
지능범죄,횡령,지능범죄,경북 상주시,경북,기타(Top5외),국내,62
지능범죄,배임,지능범죄,경북 상주시,경북,기타(Top5외),국내,5
풍속범죄,성풍속범죄,기타(Top3외),경북 상주시,경북,기타(Top5외),국내,12
풍속범죄,도박범죄,기타(Top3외),경북 상주시,경북,기타(Top5외),국내,9
특별경제범죄,특별경제범죄,기타(Top3외),경북 상주시,경북,기타(Top5외),국내,131
마약범죄,마약범죄,기타(Top3외),경북 상주시,경북,기타(Top5외),국내,40
보건범죄,보건범죄,기타(Top3외),경북 상주시,경북,기타(Top5외),국내,6
환경범죄,환경범죄,기타(Top3외),경북 상주시,경북,기타(Top5외),국내,20
교통범죄,교통범죄,교통범죄,경북 상주시,경북,기타(Top5외),국내,373
노동범죄,노동범죄,기타(Top3외),경북 상주시,경북,기타(Top5외),국내,1
안보범죄,안보범죄,기타(Top3외),경북 상주시,경북,기타(Top5외),국내,0
선거범죄,선거범죄,기타(Top3외),경북 상주시,경북,기타(Top5외),국내,5
병역범죄,병역범죄,기타(Top3외),경북 상주시,경북,기타(Top5외),국내,12
기타범죄,기타범죄,기타범죄,경북 상주시,경북,기타(Top5외),국내,348
강력범죄,살인기수,기타(Top3외),경북 안동시,경북,기타(Top5외),국내,0
강력범죄,살인미수등,기타(Top3외),경북 안동시,경북,기타(Top5외),국내,2
강력범죄,강도,기타(Top3외),경북 안동시,경북,기타(Top5외),국내,2
강력범죄,강간,기타(Top3외),경북 안동시,경북,기타(Top5외),국내,15
강력범죄,유사강간,기타(Top3외),경북 안동시,경북,기타(Top5외),국내,5
강력범죄,강제추행,기타(Top3외),경북 안동시,경북,기타(Top5외),국내,41
강력범죄,기타 강간/강제추행등,기타(Top3외),경북 안동시,경북,기타(Top5외),국내,0
강력범죄,방화,기타(Top3외),경북 안동시,경북,기타(Top5외),국내,8
절도범죄,절도범죄,기타(Top3외),경북 안동시,경북,기타(Top5외),국내,401
폭력범죄,상해,기타(Top3외),경북 안동시,경북,기타(Top5외),국내,51
폭력범죄,폭행,기타(Top3외),경북 안동시,경북,기타(Top5외),국내,256
폭력범죄,체포/감금,기타(Top3외),경북 안동시,경북,기타(Top5외),국내,1
폭력범죄,협박,기타(Top3외),경북 안동시,경북,기타(Top5외),국내,66
폭력범죄,약취/유인,기타(Top3외),경북 안동시,경북,기타(Top5외),국내,2
폭력범죄,폭력행위등,기타(Top3외),경북 안동시,경북,기타(Top5외),국내,14
폭력범죄,공갈,기타(Top3외),경북 안동시,경북,기타(Top5외),국내,17
폭력범죄,손괴,기타(Top3외),경북 안동시,경북,기타(Top5외),국내,142
지능범죄,직무유기,지능범죄,경북 안동시,경북,기타(Top5외),국내,2
지능범죄,직권남용,지능범죄,경북 안동시,경북,기타(Top5외),국내,9
지능범죄,증수뢰,지능범죄,경북 안동시,경북,기타(Top5외),국내,3
지능범죄,통화,지능범죄,경북 안동시,경북,기타(Top5외),국내,1
지능범죄,문서/인장,지능범죄,경북 안동시,경북,기타(Top5외),국내,24
지능범죄,유가증권인지,지능범죄,경북 안동시,경북,기타(Top5외),국내,0
지능범죄,사기,지능범죄,경북 안동시,경북,기타(Top5외),국내,1134
지능범죄,횡령,지능범죄,경북 안동시,경북,기타(Top5외),국내,110
지능범죄,배임,지능범죄,경북 안동시,경북,기타(Top5외),국내,8
풍속범죄,성풍속범죄,기타(Top3외),경북 안동시,경북,기타(Top5외),국내,54
풍속범죄,도박범죄,기타(Top3외),경북 안동시,경북,기타(Top5외),국내,91
특별경제범죄,특별경제범죄,기타(Top3외),경북 안동시,경북,기타(Top5외),국내,201
마약범죄,마약범죄,기타(Top3외),경북 안동시,경북,기타(Top5외),국내,34
보건범죄,보건범죄,기타(Top3외),경북 안동시,경북,기타(Top5외),국내,9
환경범죄,환경범죄,기타(Top3외),경북 안동시,경북,기타(Top5외),국내,0
교통범죄,교통범죄,교통범죄,경북 안동시,경북,기타(Top5외),국내,690
노동범죄,노동범죄,기타(Top3외),경북 안동시,경북,기타(Top5외),국내,0
안보범죄,안보범죄,기타(Top3외),경북 안동시,경북,기타(Top5외),국내,1
선거범죄,선거범죄,기타(Top3외),경북 안동시,경북,기타(Top5외),국내,8
병역범죄,병역범죄,기타(Top3외),경북 안동시,경북,기타(Top5외),국내,17
기타범죄,기타범죄,기타범죄,경북 안동시,경북,기타(Top5외),국내,528
강력범죄,살인기수,기타(Top3외),경북 영주시,경북,기타(Top5외),국내,0
강력범죄,살인미수등,기타(Top3외),경북 영주시,경북,기타(Top5외),국내,2
강력범죄,강도,기타(Top3외),경북 영주시,경북,기타(Top5외),국내,1
강력범죄,강간,기타(Top3외),경북 영주시,경북,기타(Top5외),국내,3
강력범죄,유사강간,기타(Top3외),경북 영주시,경북,기타(Top5외),국내,0
강력범죄,강제추행,기타(Top3외),경북 영주시,경북,기타(Top5외),국내,20
강력범죄,기타 강간/강제추행등,기타(Top3외),경북 영주시,경북,기타(Top5외),국내,3
강력범죄,방화,기타(Top3외),경북 영주시,경북,기타(Top5외),국내,4
절도범죄,절도범죄,기타(Top3외),경북 영주시,경북,기타(Top5외),국내,199
폭력범죄,상해,기타(Top3외),경북 영주시,경북,기타(Top5외),국내,79
폭력범죄,폭행,기타(Top3외),경북 영주시,경북,기타(Top5외),국내,186
폭력범죄,체포/감금,기타(Top3외),경북 영주시,경북,기타(Top5외),국내,3
폭력범죄,협박,기타(Top3외),경북 영주시,경북,기타(Top5외),국내,56
폭력범죄,약취/유인,기타(Top3외),경북 영주시,경북,기타(Top5외),국내,0
폭력범죄,폭력행위등,기타(Top3외),경북 영주시,경북,기타(Top5외),국내,9
폭력범죄,공갈,기타(Top3외),경북 영주시,경북,기타(Top5외),국내,14
폭력범죄,손괴,기타(Top3외),경북 영주시,경북,기타(Top5외),국내,85
지능범죄,직무유기,지능범죄,경북 영주시,경북,기타(Top5외),국내,0
지능범죄,직권남용,지능범죄,경북 영주시,경북,기타(Top5외),국내,0
지능범죄,증수뢰,지능범죄,경북 영주시,경북,기타(Top5외),국내,2
지능범죄,통화,지능범죄,경북 영주시,경북,기타(Top5외),국내,0
지능범죄,문서/인장,지능범죄,경북 영주시,경북,기타(Top5외),국내,13
지능범죄,유가증권인지,지능범죄,경북 영주시,경북,기타(Top5외),국내,0
지능범죄,사기,지능범죄,경북 영주시,경북,기타(Top5외),국내,501
지능범죄,횡령,지능범죄,경북 영주시,경북,기타(Top5외),국내,49
지능범죄,배임,지능범죄,경북 영주시,경북,기타(Top5외),국내,3
풍속범죄,성풍속범죄,기타(Top3외),경북 영주시,경북,기타(Top5외),국내,18
풍속범죄,도박범죄,기타(Top3외),경북 영주시,경북,기타(Top5외),국내,12
특별경제범죄,특별경제범죄,기타(Top3외),경북 영주시,경북,기타(Top5외),국내,136
마약범죄,마약범죄,기타(Top3외),경북 영주시,경북,기타(Top5외),국내,19
보건범죄,보건범죄,기타(Top3외),경북 영주시,경북,기타(Top5외),국내,5
환경범죄,환경범죄,기타(Top3외),경북 영주시,경북,기타(Top5외),국내,0
교통범죄,교통범죄,교통범죄,경북 영주시,경북,기타(Top5외),국내,432
노동범죄,노동범죄,기타(Top3외),경북 영주시,경북,기타(Top5외),국내,0
안보범죄,안보범죄,기타(Top3외),경북 영주시,경북,기타(Top5외),국내,1
선거범죄,선거범죄,기타(Top3외),경북 영주시,경북,기타(Top5외),국내,2
병역범죄,병역범죄,기타(Top3외),경북 영주시,경북,기타(Top5외),국내,18
기타범죄,기타범죄,기타범죄,경북 영주시,경북,기타(Top5외),국내,361
강력범죄,살인기수,기타(Top3외),경북 영천시,경북,기타(Top5외),국내,0
강력범죄,살인미수등,기타(Top3외),경북 영천시,경북,기타(Top5외),국내,6
강력범죄,강도,기타(Top3외),경북 영천시,경북,기타(Top5외),국내,0
강력범죄,강간,기타(Top3외),경북 영천시,경북,기타(Top5외),국내,8
강력범죄,유사강간,기타(Top3외),경북 영천시,경북,기타(Top5외),국내,4
강력범죄,강제추행,기타(Top3외),경북 영천시,경북,기타(Top5외),국내,23
강력범죄,기타 강간/강제추행등,기타(Top3외),경북 영천시,경북,기타(Top5외),국내,0
강력범죄,방화,기타(Top3외),경북 영천시,경북,기타(Top5외),국내,4
절도범죄,절도범죄,기타(Top3외),경북 영천시,경북,기타(Top5외),국내,282
폭력범죄,상해,기타(Top3외),경북 영천시,경북,기타(Top5외),국내,63
폭력범죄,폭행,기타(Top3외),경북 영천시,경북,기타(Top5외),국내,190
폭력범죄,체포/감금,기타(Top3외),경북 영천시,경북,기타(Top5외),국내,3
폭력범죄,협박,기타(Top3외),경북 영천시,경북,기타(Top5외),국내,44
폭력범죄,약취/유인,기타(Top3외),경북 영천시,경북,기타(Top5외),국내,0
폭력범죄,폭력행위등,기타(Top3외),경북 영천시,경북,기타(Top5외),국내,10
폭력범죄,공갈,기타(Top3외),경북 영천시,경북,기타(Top5외),국내,7
폭력범죄,손괴,기타(Top3외),경북 영천시,경북,기타(Top5외),국내,114
지능범죄,직무유기,지능범죄,경북 영천시,경북,기타(Top5외),국내,4
지능범죄,직권남용,지능범죄,경북 영천시,경북,기타(Top5외),국내,5
지능범죄,증수뢰,지능범죄,경북 영천시,경북,기타(Top5외),국내,0
지능범죄,통화,지능범죄,경북 영천시,경북,기타(Top5외),국내,1
지능범죄,문서/인장,지능범죄,경북 영천시,경북,기타(Top5외),국내,20
지능범죄,유가증권인지,지능범죄,경북 영천시,경북,기타(Top5외),국내,0
지능범죄,사기,지능범죄,경북 영천시,경북,기타(Top5외),국내,732
지능범죄,횡령,지능범죄,경북 영천시,경북,기타(Top5외),국내,82
지능범죄,배임,지능범죄,경북 영천시,경북,기타(Top5외),국내,5
풍속범죄,성풍속범죄,기타(Top3외),경북 영천시,경북,기타(Top5외),국내,17
풍속범죄,도박범죄,기타(Top3외),경북 영천시,경북,기타(Top5외),국내,7
특별경제범죄,특별경제범죄,기타(Top3외),경북 영천시,경북,기타(Top5외),국내,126
마약범죄,마약범죄,기타(Top3외),경북 영천시,경북,기타(Top5외),국내,9
보건범죄,보건범죄,기타(Top3외),경북 영천시,경북,기타(Top5외),국내,14
환경범죄,환경범죄,기타(Top3외),경북 영천시,경북,기타(Top5외),국내,1
교통범죄,교통범죄,교통범죄,경북 영천시,경북,기타(Top5외),국내,577
노동범죄,노동범죄,기타(Top3외),경북 영천시,경북,기타(Top5외),국내,0
안보범죄,안보범죄,기타(Top3외),경북 영천시,경북,기타(Top5외),국내,0
선거범죄,선거범죄,기타(Top3외),경북 영천시,경북,기타(Top5외),국내,5
병역범죄,병역범죄,기타(Top3외),경북 영천시,경북,기타(Top5외),국내,21
기타범죄,기타범죄,기타범죄,경북 영천시,경북,기타(Top5외),국내,404
강력범죄,살인기수,기타(Top3외),경북 포항시,경북,기타(Top5외),국내,1
강력범죄,살인미수등,기타(Top3외),경북 포항시,경북,기타(Top5외),국내,3
강력범죄,강도,기타(Top3외),경북 포항시,경북,기타(Top5외),국내,3
강력범죄,강간,기타(Top3외),경북 포항시,경북,기타(Top5외),국내,40
강력범죄,유사강간,기타(Top3외),경북 포항시,경북,기타(Top5외),국내,9
강력범죄,강제추행,기타(Top3외),경북 포항시,경북,기타(Top5외),국내,131
강력범죄,기타 강간/강제추행등,기타(Top3외),경북 포항시,경북,기타(Top5외),국내,2
강력범죄,방화,기타(Top3외),경북 포항시,경북,기타(Top5외),국내,9
절도범죄,절도범죄,기타(Top3외),경북 포항시,경북,기타(Top5외),국내,1923
폭력범죄,상해,기타(Top3외),경북 포항시,경북,기타(Top5외),국내,239
폭력범죄,폭행,기타(Top3외),경북 포항시,경북,기타(Top5외),국내,757
폭력범죄,체포/감금,기타(Top3외),경북 포항시,경북,기타(Top5외),국내,3
폭력범죄,협박,기타(Top3외),경북 포항시,경북,기타(Top5외),국내,152
폭력범죄,약취/유인,기타(Top3외),경북 포항시,경북,기타(Top5외),국내,3
폭력범죄,폭력행위등,기타(Top3외),경북 포항시,경북,기타(Top5외),국내,80
폭력범죄,공갈,기타(Top3외),경북 포항시,경북,기타(Top5외),국내,62
폭력범죄,손괴,기타(Top3외),경북 포항시,경북,기타(Top5외),국내,465
지능범죄,직무유기,지능범죄,경북 포항시,경북,기타(Top5외),국내,6
지능범죄,직권남용,지능범죄,경북 포항시,경북,기타(Top5외),국내,13
지능범죄,증수뢰,지능범죄,경북 포항시,경북,기타(Top5외),국내,1
지능범죄,통화,지능범죄,경북 포항시,경북,기타(Top5외),국내,3
지능범죄,문서/인장,지능범죄,경북 포항시,경북,기타(Top5외),국내,94
지능범죄,유가증권인지,지능범죄,경북 포항시,경북,기타(Top5외),국내,0
지능범죄,사기,지능범죄,경북 포항시,경북,기타(Top5외),국내,3409
지능범죄,횡령,지능범죄,경북 포항시,경북,기타(Top5외),국내,463
지능범죄,배임,지능범죄,경북 포항시,경북,기타(Top5외),국내,18
풍속범죄,성풍속범죄,기타(Top3외),경북 포항시,경북,기타(Top5외),국내,137
풍속범죄,도박범죄,기타(Top3외),경북 포항시,경북,기타(Top5외),국내,93
특별경제범죄,특별경제범죄,기타(Top3외),경북 포항시,경북,기타(Top5외),국내,750
마약범죄,마약범죄,기타(Top3외),경북 포항시,경북,기타(Top5외),국내,56
보건범죄,보건범죄,기타(Top3외),경북 포항시,경북,기타(Top5외),국내,53
환경범죄,환경범죄,기타(Top3외),경북 포항시,경북,기타(Top5외),국내,26
교통범죄,교통범죄,교통범죄,경북 포항시,경북,기타(Top5외),국내,2665
노동범죄,노동범죄,기타(Top3외),경북 포항시,경북,기타(Top5외),국내,0
안보범죄,안보범죄,기타(Top3외),경북 포항시,경북,기타(Top5외),국내,1
선거범죄,선거범죄,기타(Top3외),경북 포항시,경북,기타(Top5외),국내,26
병역범죄,병역범죄,기타(Top3외),경북 포항시,경북,기타(Top5외),국내,72
기타범죄,기타범죄,기타범죄,경북 포항시,경북,기타(Top5외),국내,2025
강력범죄,살인기수,기타(Top3외),경북 군위군,경북,기타(Top5외),국내,0
강력범죄,살인미수등,기타(Top3외),경북 군위군,경북,기타(Top5외),국내,0
강력범죄,강도,기타(Top3외),경북 군위군,경북,기타(Top5외),국내,0
강력범죄,강간,기타(Top3외),경북 군위군,경북,기타(Top5외),국내,0
강력범죄,유사강간,기타(Top3외),경북 군위군,경북,기타(Top5외),국내,0
강력범죄,강제추행,기타(Top3외),경북 군위군,경북,기타(Top5외),국내,0
강력범죄,기타 강간/강제추행등,기타(Top3외),경북 군위군,경북,기타(Top5외),국내,0
강력범죄,방화,기타(Top3외),경북 군위군,경북,기타(Top5외),국내,0
절도범죄,절도범죄,기타(Top3외),경북 군위군,경북,기타(Top5외),국내,0
폭력범죄,상해,기타(Top3외),경북 군위군,경북,기타(Top5외),국내,0
폭력범죄,폭행,기타(Top3외),경북 군위군,경북,기타(Top5외),국내,0
폭력범죄,체포/감금,기타(Top3외),경북 군위군,경북,기타(Top5외),국내,0
폭력범죄,협박,기타(Top3외),경북 군위군,경북,기타(Top5외),국내,0
폭력범죄,약취/유인,기타(Top3외),경북 군위군,경북,기타(Top5외),국내,0
폭력범죄,폭력행위등,기타(Top3외),경북 군위군,경북,기타(Top5외),국내,0
폭력범죄,공갈,기타(Top3외),경북 군위군,경북,기타(Top5외),국내,0
폭력범죄,손괴,기타(Top3외),경북 군위군,경북,기타(Top5외),국내,0
지능범죄,직무유기,지능범죄,경북 군위군,경북,기타(Top5외),국내,0
지능범죄,직권남용,지능범죄,경북 군위군,경북,기타(Top5외),국내,0
지능범죄,증수뢰,지능범죄,경북 군위군,경북,기타(Top5외),국내,0
지능범죄,통화,지능범죄,경북 군위군,경북,기타(Top5외),국내,0
지능범죄,문서/인장,지능범죄,경북 군위군,경북,기타(Top5외),국내,0
지능범죄,유가증권인지,지능범죄,경북 군위군,경북,기타(Top5외),국내,0
지능범죄,사기,지능범죄,경북 군위군,경북,기타(Top5외),국내,0
지능범죄,횡령,지능범죄,경북 군위군,경북,기타(Top5외),국내,0
지능범죄,배임,지능범죄,경북 군위군,경북,기타(Top5외),국내,0
풍속범죄,성풍속범죄,기타(Top3외),경북 군위군,경북,기타(Top5외),국내,0
풍속범죄,도박범죄,기타(Top3외),경북 군위군,경북,기타(Top5외),국내,0
특별경제범죄,특별경제범죄,기타(Top3외),경북 군위군,경북,기타(Top5외),국내,0
마약범죄,마약범죄,기타(Top3외),경북 군위군,경북,기타(Top5외),국내,0
보건범죄,보건범죄,기타(Top3외),경북 군위군,경북,기타(Top5외),국내,0
환경범죄,환경범죄,기타(Top3외),경북 군위군,경북,기타(Top5외),국내,0
교통범죄,교통범죄,교통범죄,경북 군위군,경북,기타(Top5외),국내,0
노동범죄,노동범죄,기타(Top3외),경북 군위군,경북,기타(Top5외),국내,0
안보범죄,안보범죄,기타(Top3외),경북 군위군,경북,기타(Top5외),국내,0
선거범죄,선거범죄,기타(Top3외),경북 군위군,경북,기타(Top5외),국내,0
병역범죄,병역범죄,기타(Top3외),경북 군위군,경북,기타(Top5외),국내,0
기타범죄,기타범죄,기타범죄,경북 군위군,경북,기타(Top5외),국내,0
강력범죄,살인기수,기타(Top3외),경북 의성군,경북,기타(Top5외),국내,1
강력범죄,살인미수등,기타(Top3외),경북 의성군,경북,기타(Top5외),국내,0
강력범죄,강도,기타(Top3외),경북 의성군,경북,기타(Top5외),국내,0
강력범죄,강간,기타(Top3외),경북 의성군,경북,기타(Top5외),국내,3
강력범죄,유사강간,기타(Top3외),경북 의성군,경북,기타(Top5외),국내,0
강력범죄,강제추행,기타(Top3외),경북 의성군,경북,기타(Top5외),국내,4
강력범죄,기타 강간/강제추행등,기타(Top3외),경북 의성군,경북,기타(Top5외),국내,0
강력범죄,방화,기타(Top3외),경북 의성군,경북,기타(Top5외),국내,1
절도범죄,절도범죄,기타(Top3외),경북 의성군,경북,기타(Top5외),국내,161
폭력범죄,상해,기타(Top3외),경북 의성군,경북,기타(Top5외),국내,26
폭력범죄,폭행,기타(Top3외),경북 의성군,경북,기타(Top5외),국내,47
폭력범죄,체포/감금,기타(Top3외),경북 의성군,경북,기타(Top5외),국내,1
폭력범죄,협박,기타(Top3외),경북 의성군,경북,기타(Top5외),국내,14
폭력범죄,약취/유인,기타(Top3외),경북 의성군,경북,기타(Top5외),국내,0
폭력범죄,폭력행위등,기타(Top3외),경북 의성군,경북,기타(Top5외),국내,5
폭력범죄,공갈,기타(Top3외),경북 의성군,경북,기타(Top5외),국내,4
폭력범죄,손괴,기타(Top3외),경북 의성군,경북,기타(Top5외),국내,44
지능범죄,직무유기,지능범죄,경북 의성군,경북,기타(Top5외),국내,0
지능범죄,직권남용,지능범죄,경북 의성군,경북,기타(Top5외),국내,0
지능범죄,증수뢰,지능범죄,경북 의성군,경북,기타(Top5외),국내,0
지능범죄,통화,지능범죄,경북 의성군,경북,기타(Top5외),국내,2
지능범죄,문서/인장,지능범죄,경북 의성군,경북,기타(Top5외),국내,5
지능범죄,유가증권인지,지능범죄,경북 의성군,경북,기타(Top5외),국내,0
지능범죄,사기,지능범죄,경북 의성군,경북,기타(Top5외),국내,303
지능범죄,횡령,지능범죄,경북 의성군,경북,기타(Top5외),국내,17
지능범죄,배임,지능범죄,경북 의성군,경북,기타(Top5외),국내,6
풍속범죄,성풍속범죄,기타(Top3외),경북 의성군,경북,기타(Top5외),국내,7
풍속범죄,도박범죄,기타(Top3외),경북 의성군,경북,기타(Top5외),국내,6
특별경제범죄,특별경제범죄,기타(Top3외),경북 의성군,경북,기타(Top5외),국내,45
마약범죄,마약범죄,기타(Top3외),경북 의성군,경북,기타(Top5외),국내,16
보건범죄,보건범죄,기타(Top3외),경북 의성군,경북,기타(Top5외),국내,6
환경범죄,환경범죄,기타(Top3외),경북 의성군,경북,기타(Top5외),국내,4
교통범죄,교통범죄,교통범죄,경북 의성군,경북,기타(Top5외),국내,245
노동범죄,노동범죄,기타(Top3외),경북 의성군,경북,기타(Top5외),국내,0
안보범죄,안보범죄,기타(Top3외),경북 의성군,경북,기타(Top5외),국내,0
선거범죄,선거범죄,기타(Top3외),경북 의성군,경북,기타(Top5외),국내,1
병역범죄,병역범죄,기타(Top3외),경북 의성군,경북,기타(Top5외),국내,4
기타범죄,기타범죄,기타범죄,경북 의성군,경북,기타(Top5외),국내,144
강력범죄,살인기수,기타(Top3외),경북 청송군,경북,기타(Top5외),국내,1
강력범죄,살인미수등,기타(Top3외),경북 청송군,경북,기타(Top5외),국내,0
강력범죄,강도,기타(Top3외),경북 청송군,경북,기타(Top5외),국내,0
강력범죄,강간,기타(Top3외),경북 청송군,경북,기타(Top5외),국내,0
강력범죄,유사강간,기타(Top3외),경북 청송군,경북,기타(Top5외),국내,0
강력범죄,강제추행,기타(Top3외),경북 청송군,경북,기타(Top5외),국내,8
강력범죄,기타 강간/강제추행등,기타(Top3외),경북 청송군,경북,기타(Top5외),국내,0
강력범죄,방화,기타(Top3외),경북 청송군,경북,기타(Top5외),국내,1
절도범죄,절도범죄,기타(Top3외),경북 청송군,경북,기타(Top5외),국내,59
폭력범죄,상해,기타(Top3외),경북 청송군,경북,기타(Top5외),국내,21
폭력범죄,폭행,기타(Top3외),경북 청송군,경북,기타(Top5외),국내,74
폭력범죄,체포/감금,기타(Top3외),경북 청송군,경북,기타(Top5외),국내,0
폭력범죄,협박,기타(Top3외),경북 청송군,경북,기타(Top5외),국내,13
폭력범죄,약취/유인,기타(Top3외),경북 청송군,경북,기타(Top5외),국내,0
폭력범죄,폭력행위등,기타(Top3외),경북 청송군,경북,기타(Top5외),국내,0
폭력범죄,공갈,기타(Top3외),경북 청송군,경북,기타(Top5외),국내,1
폭력범죄,손괴,기타(Top3외),경북 청송군,경북,기타(Top5외),국내,25
지능범죄,직무유기,지능범죄,경북 청송군,경북,기타(Top5외),국내,2
지능범죄,직권남용,지능범죄,경북 청송군,경북,기타(Top5외),국내,11
지능범죄,증수뢰,지능범죄,경북 청송군,경북,기타(Top5외),국내,0
지능범죄,통화,지능범죄,경북 청송군,경북,기타(Top5외),국내,0
지능범죄,문서/인장,지능범죄,경북 청송군,경북,기타(Top5외),국내,3
지능범죄,유가증권인지,지능범죄,경북 청송군,경북,기타(Top5외),국내,0
지능범죄,사기,지능범죄,경북 청송군,경북,기타(Top5외),국내,112
지능범죄,횡령,지능범죄,경북 청송군,경북,기타(Top5외),국내,12
지능범죄,배임,지능범죄,경북 청송군,경북,기타(Top5외),국내,4
풍속범죄,성풍속범죄,기타(Top3외),경북 청송군,경북,기타(Top5외),국내,4
풍속범죄,도박범죄,기타(Top3외),경북 청송군,경북,기타(Top5외),국내,3
특별경제범죄,특별경제범죄,기타(Top3외),경북 청송군,경북,기타(Top5외),국내,30
마약범죄,마약범죄,기타(Top3외),경북 청송군,경북,기타(Top5외),국내,5
보건범죄,보건범죄,기타(Top3외),경북 청송군,경북,기타(Top5외),국내,2
환경범죄,환경범죄,기타(Top3외),경북 청송군,경북,기타(Top5외),국내,5
교통범죄,교통범죄,교통범죄,경북 청송군,경북,기타(Top5외),국내,166
노동범죄,노동범죄,기타(Top3외),경북 청송군,경북,기타(Top5외),국내,0
안보범죄,안보범죄,기타(Top3외),경북 청송군,경북,기타(Top5외),국내,0
선거범죄,선거범죄,기타(Top3외),경북 청송군,경북,기타(Top5외),국내,1
병역범죄,병역범죄,기타(Top3외),경북 청송군,경북,기타(Top5외),국내,2
기타범죄,기타범죄,기타범죄,경북 청송군,경북,기타(Top5외),국내,100
강력범죄,살인기수,기타(Top3외),경북 영양군,경북,기타(Top5외),국내,0
강력범죄,살인미수등,기타(Top3외),경북 영양군,경북,기타(Top5외),국내,0
강력범죄,강도,기타(Top3외),경북 영양군,경북,기타(Top5외),국내,0
강력범죄,강간,기타(Top3외),경북 영양군,경북,기타(Top5외),국내,0
강력범죄,유사강간,기타(Top3외),경북 영양군,경북,기타(Top5외),국내,0
강력범죄,강제추행,기타(Top3외),경북 영양군,경북,기타(Top5외),국내,1
강력범죄,기타 강간/강제추행등,기타(Top3외),경북 영양군,경북,기타(Top5외),국내,0
강력범죄,방화,기타(Top3외),경북 영양군,경북,기타(Top5외),국내,0
절도범죄,절도범죄,기타(Top3외),경북 영양군,경북,기타(Top5외),국내,40
폭력범죄,상해,기타(Top3외),경북 영양군,경북,기타(Top5외),국내,8
폭력범죄,폭행,기타(Top3외),경북 영양군,경북,기타(Top5외),국내,31
폭력범죄,체포/감금,기타(Top3외),경북 영양군,경북,기타(Top5외),국내,0
폭력범죄,협박,기타(Top3외),경북 영양군,경북,기타(Top5외),국내,6
폭력범죄,약취/유인,기타(Top3외),경북 영양군,경북,기타(Top5외),국내,0
폭력범죄,폭력행위등,기타(Top3외),경북 영양군,경북,기타(Top5외),국내,0
폭력범죄,공갈,기타(Top3외),경북 영양군,경북,기타(Top5외),국내,2
폭력범죄,손괴,기타(Top3외),경북 영양군,경북,기타(Top5외),국내,21
지능범죄,직무유기,지능범죄,경북 영양군,경북,기타(Top5외),국내,0
지능범죄,직권남용,지능범죄,경북 영양군,경북,기타(Top5외),국내,0
지능범죄,증수뢰,지능범죄,경북 영양군,경북,기타(Top5외),국내,0
지능범죄,통화,지능범죄,경북 영양군,경북,기타(Top5외),국내,0
지능범죄,문서/인장,지능범죄,경북 영양군,경북,기타(Top5외),국내,1
지능범죄,유가증권인지,지능범죄,경북 영양군,경북,기타(Top5외),국내,0
지능범죄,사기,지능범죄,경북 영양군,경북,기타(Top5외),국내,81
지능범죄,횡령,지능범죄,경북 영양군,경북,기타(Top5외),국내,6
지능범죄,배임,지능범죄,경북 영양군,경북,기타(Top5외),국내,1
풍속범죄,성풍속범죄,기타(Top3외),경북 영양군,경북,기타(Top5외),국내,1
풍속범죄,도박범죄,기타(Top3외),경북 영양군,경북,기타(Top5외),국내,2
특별경제범죄,특별경제범죄,기타(Top3외),경북 영양군,경북,기타(Top5외),국내,9
마약범죄,마약범죄,기타(Top3외),경북 영양군,경북,기타(Top5외),국내,1
보건범죄,보건범죄,기타(Top3외),경북 영양군,경북,기타(Top5외),국내,1
환경범죄,환경범죄,기타(Top3외),경북 영양군,경북,기타(Top5외),국내,0
교통범죄,교통범죄,교통범죄,경북 영양군,경북,기타(Top5외),국내,54
노동범죄,노동범죄,기타(Top3외),경북 영양군,경북,기타(Top5외),국내,0
안보범죄,안보범죄,기타(Top3외),경북 영양군,경북,기타(Top5외),국내,0
선거범죄,선거범죄,기타(Top3외),경북 영양군,경북,기타(Top5외),국내,3
병역범죄,병역범죄,기타(Top3외),경북 영양군,경북,기타(Top5외),국내,1
기타범죄,기타범죄,기타범죄,경북 영양군,경북,기타(Top5외),국내,37
강력범죄,살인기수,기타(Top3외),경북 영덕군,경북,기타(Top5외),국내,1
강력범죄,살인미수등,기타(Top3외),경북 영덕군,경북,기타(Top5외),국내,2
강력범죄,강도,기타(Top3외),경북 영덕군,경북,기타(Top5외),국내,0
강력범죄,강간,기타(Top3외),경북 영덕군,경북,기타(Top5외),국내,3
강력범죄,유사강간,기타(Top3외),경북 영덕군,경북,기타(Top5외),국내,1
강력범죄,강제추행,기타(Top3외),경북 영덕군,경북,기타(Top5외),국내,8
강력범죄,기타 강간/강제추행등,기타(Top3외),경북 영덕군,경북,기타(Top5외),국내,0
강력범죄,방화,기타(Top3외),경북 영덕군,경북,기타(Top5외),국내,0
절도범죄,절도범죄,기타(Top3외),경북 영덕군,경북,기타(Top5외),국내,111
폭력범죄,상해,기타(Top3외),경북 영덕군,경북,기타(Top5외),국내,37
폭력범죄,폭행,기타(Top3외),경북 영덕군,경북,기타(Top5외),국내,67
폭력범죄,체포/감금,기타(Top3외),경북 영덕군,경북,기타(Top5외),국내,0
폭력범죄,협박,기타(Top3외),경북 영덕군,경북,기타(Top5외),국내,17
폭력범죄,약취/유인,기타(Top3외),경북 영덕군,경북,기타(Top5외),국내,2
폭력범죄,폭력행위등,기타(Top3외),경북 영덕군,경북,기타(Top5외),국내,2
폭력범죄,공갈,기타(Top3외),경북 영덕군,경북,기타(Top5외),국내,7
폭력범죄,손괴,기타(Top3외),경북 영덕군,경북,기타(Top5외),국내,50
지능범죄,직무유기,지능범죄,경북 영덕군,경북,기타(Top5외),국내,3
지능범죄,직권남용,지능범죄,경북 영덕군,경북,기타(Top5외),국내,1
지능범죄,증수뢰,지능범죄,경북 영덕군,경북,기타(Top5외),국내,1
지능범죄,통화,지능범죄,경북 영덕군,경북,기타(Top5외),국내,0
지능범죄,문서/인장,지능범죄,경북 영덕군,경북,기타(Top5외),국내,9
지능범죄,유가증권인지,지능범죄,경북 영덕군,경북,기타(Top5외),국내,0
지능범죄,사기,지능범죄,경북 영덕군,경북,기타(Top5외),국내,270
지능범죄,횡령,지능범죄,경북 영덕군,경북,기타(Top5외),국내,27
지능범죄,배임,지능범죄,경북 영덕군,경북,기타(Top5외),국내,5
풍속범죄,성풍속범죄,기타(Top3외),경북 영덕군,경북,기타(Top5외),국내,5
풍속범죄,도박범죄,기타(Top3외),경북 영덕군,경북,기타(Top5외),국내,4
특별경제범죄,특별경제범죄,기타(Top3외),경북 영덕군,경북,기타(Top5외),국내,48
마약범죄,마약범죄,기타(Top3외),경북 영덕군,경북,기타(Top5외),국내,4
보건범죄,보건범죄,기타(Top3외),경북 영덕군,경북,기타(Top5외),국내,14
환경범죄,환경범죄,기타(Top3외),경북 영덕군,경북,기타(Top5외),국내,9
교통범죄,교통범죄,교통범죄,경북 영덕군,경북,기타(Top5외),국내,186
노동범죄,노동범죄,기타(Top3외),경북 영덕군,경북,기타(Top5외),국내,0
안보범죄,안보범죄,기타(Top3외),경북 영덕군,경북,기타(Top5외),국내,1
선거범죄,선거범죄,기타(Top3외),경북 영덕군,경북,기타(Top5외),국내,0
병역범죄,병역범죄,기타(Top3외),경북 영덕군,경북,기타(Top5외),국내,0
기타범죄,기타범죄,기타범죄,경북 영덕군,경북,기타(Top5외),국내,158
강력범죄,살인기수,기타(Top3외),경북 청도군,경북,기타(Top5외),국내,1
강력범죄,살인미수등,기타(Top3외),경북 청도군,경북,기타(Top5외),국내,0
강력범죄,강도,기타(Top3외),경북 청도군,경북,기타(Top5외),국내,1
강력범죄,강간,기타(Top3외),경북 청도군,경북,기타(Top5외),국내,6
강력범죄,유사강간,기타(Top3외),경북 청도군,경북,기타(Top5외),국내,0
강력범죄,강제추행,기타(Top3외),경북 청도군,경북,기타(Top5외),국내,4
강력범죄,기타 강간/강제추행등,기타(Top3외),경북 청도군,경북,기타(Top5외),국내,0
강력범죄,방화,기타(Top3외),경북 청도군,경북,기타(Top5외),국내,3
절도범죄,절도범죄,기타(Top3외),경북 청도군,경북,기타(Top5외),국내,171
폭력범죄,상해,기타(Top3외),경북 청도군,경북,기타(Top5외),국내,28
폭력범죄,폭행,기타(Top3외),경북 청도군,경북,기타(Top5외),국내,96
폭력범죄,체포/감금,기타(Top3외),경북 청도군,경북,기타(Top5외),국내,2
폭력범죄,협박,기타(Top3외),경북 청도군,경북,기타(Top5외),국내,16
폭력범죄,약취/유인,기타(Top3외),경북 청도군,경북,기타(Top5외),국내,0
폭력범죄,폭력행위등,기타(Top3외),경북 청도군,경북,기타(Top5외),국내,2
폭력범죄,공갈,기타(Top3외),경북 청도군,경북,기타(Top5외),국내,5
폭력범죄,손괴,기타(Top3외),경북 청도군,경북,기타(Top5외),국내,52
지능범죄,직무유기,지능범죄,경북 청도군,경북,기타(Top5외),국내,1
지능범죄,직권남용,지능범죄,경북 청도군,경북,기타(Top5외),국내,4
지능범죄,증수뢰,지능범죄,경북 청도군,경북,기타(Top5외),국내,0
지능범죄,통화,지능범죄,경북 청도군,경북,기타(Top5외),국내,0
지능범죄,문서/인장,지능범죄,경북 청도군,경북,기타(Top5외),국내,3
지능범죄,유가증권인지,지능범죄,경북 청도군,경북,기타(Top5외),국내,0
지능범죄,사기,지능범죄,경북 청도군,경북,기타(Top5외),국내,218
지능범죄,횡령,지능범죄,경북 청도군,경북,기타(Top5외),국내,70
지능범죄,배임,지능범죄,경북 청도군,경북,기타(Top5외),국내,3
풍속범죄,성풍속범죄,기타(Top3외),경북 청도군,경북,기타(Top5외),국내,9
풍속범죄,도박범죄,기타(Top3외),경북 청도군,경북,기타(Top5외),국내,5
특별경제범죄,특별경제범죄,기타(Top3외),경북 청도군,경북,기타(Top5외),국내,40
마약범죄,마약범죄,기타(Top3외),경북 청도군,경북,기타(Top5외),국내,19
보건범죄,보건범죄,기타(Top3외),경북 청도군,경북,기타(Top5외),국내,7
환경범죄,환경범죄,기타(Top3외),경북 청도군,경북,기타(Top5외),국내,13
교통범죄,교통범죄,교통범죄,경북 청도군,경북,기타(Top5외),국내,255
노동범죄,노동범죄,기타(Top3외),경북 청도군,경북,기타(Top5외),국내,0
안보범죄,안보범죄,기타(Top3외),경북 청도군,경북,기타(Top5외),국내,0
선거범죄,선거범죄,기타(Top3외),경북 청도군,경북,기타(Top5외),국내,0
병역범죄,병역범죄,기타(Top3외),경북 청도군,경북,기타(Top5외),국내,2
기타범죄,기타범죄,기타범죄,경북 청도군,경북,기타(Top5외),국내,178
강력범죄,살인기수,기타(Top3외),경북 고령군,경북,기타(Top5외),국내,0
강력범죄,살인미수등,기타(Top3외),경북 고령군,경북,기타(Top5외),국내,0
강력범죄,강도,기타(Top3외),경북 고령군,경북,기타(Top5외),국내,0
강력범죄,강간,기타(Top3외),경북 고령군,경북,기타(Top5외),국내,0
강력범죄,유사강간,기타(Top3외),경북 고령군,경북,기타(Top5외),국내,1
강력범죄,강제추행,기타(Top3외),경북 고령군,경북,기타(Top5외),국내,9
강력범죄,기타 강간/강제추행등,기타(Top3외),경북 고령군,경북,기타(Top5외),국내,0
강력범죄,방화,기타(Top3외),경북 고령군,경북,기타(Top5외),국내,1
절도범죄,절도범죄,기타(Top3외),경북 고령군,경북,기타(Top5외),국내,79
폭력범죄,상해,기타(Top3외),경북 고령군,경북,기타(Top5외),국내,19
폭력범죄,폭행,기타(Top3외),경북 고령군,경북,기타(Top5외),국내,45
폭력범죄,체포/감금,기타(Top3외),경북 고령군,경북,기타(Top5외),국내,1
폭력범죄,협박,기타(Top3외),경북 고령군,경북,기타(Top5외),국내,18
폭력범죄,약취/유인,기타(Top3외),경북 고령군,경북,기타(Top5외),국내,0
폭력범죄,폭력행위등,기타(Top3외),경북 고령군,경북,기타(Top5외),국내,0
폭력범죄,공갈,기타(Top3외),경북 고령군,경북,기타(Top5외),국내,2
폭력범죄,손괴,기타(Top3외),경북 고령군,경북,기타(Top5외),국내,28
지능범죄,직무유기,지능범죄,경북 고령군,경북,기타(Top5외),국내,0
지능범죄,직권남용,지능범죄,경북 고령군,경북,기타(Top5외),국내,0
지능범죄,증수뢰,지능범죄,경북 고령군,경북,기타(Top5외),국내,0
지능범죄,통화,지능범죄,경북 고령군,경북,기타(Top5외),국내,0
지능범죄,문서/인장,지능범죄,경북 고령군,경북,기타(Top5외),국내,4
지능범죄,유가증권인지,지능범죄,경북 고령군,경북,기타(Top5외),국내,0
지능범죄,사기,지능범죄,경북 고령군,경북,기타(Top5외),국내,179
지능범죄,횡령,지능범죄,경북 고령군,경북,기타(Top5외),국내,16
지능범죄,배임,지능범죄,경북 고령군,경북,기타(Top5외),국내,3
풍속범죄,성풍속범죄,기타(Top3외),경북 고령군,경북,기타(Top5외),국내,7
풍속범죄,도박범죄,기타(Top3외),경북 고령군,경북,기타(Top5외),국내,1
특별경제범죄,특별경제범죄,기타(Top3외),경북 고령군,경북,기타(Top5외),국내,41
마약범죄,마약범죄,기타(Top3외),경북 고령군,경북,기타(Top5외),국내,13
보건범죄,보건범죄,기타(Top3외),경북 고령군,경북,기타(Top5외),국내,4
환경범죄,환경범죄,기타(Top3외),경북 고령군,경북,기타(Top5외),국내,37
교통범죄,교통범죄,교통범죄,경북 고령군,경북,기타(Top5외),국내,132
노동범죄,노동범죄,기타(Top3외),경북 고령군,경북,기타(Top5외),국내,0
안보범죄,안보범죄,기타(Top3외),경북 고령군,경북,기타(Top5외),국내,0
선거범죄,선거범죄,기타(Top3외),경북 고령군,경북,기타(Top5외),국내,1
병역범죄,병역범죄,기타(Top3외),경북 고령군,경북,기타(Top5외),국내,2
기타범죄,기타범죄,기타범죄,경북 고령군,경북,기타(Top5외),국내,97
강력범죄,살인기수,기타(Top3외),경북 성주군,경북,기타(Top5외),국내,0
강력범죄,살인미수등,기타(Top3외),경북 성주군,경북,기타(Top5외),국내,1
강력범죄,강도,기타(Top3외),경북 성주군,경북,기타(Top5외),국내,0
강력범죄,강간,기타(Top3외),경북 성주군,경북,기타(Top5외),국내,3
강력범죄,유사강간,기타(Top3외),경북 성주군,경북,기타(Top5외),국내,1
강력범죄,강제추행,기타(Top3외),경북 성주군,경북,기타(Top5외),국내,10
강력범죄,기타 강간/강제추행등,기타(Top3외),경북 성주군,경북,기타(Top5외),국내,0
강력범죄,방화,기타(Top3외),경북 성주군,경북,기타(Top5외),국내,0
절도범죄,절도범죄,기타(Top3외),경북 성주군,경북,기타(Top5외),국내,146
폭력범죄,상해,기타(Top3외),경북 성주군,경북,기타(Top5외),국내,40
폭력범죄,폭행,기타(Top3외),경북 성주군,경북,기타(Top5외),국내,65
폭력범죄,체포/감금,기타(Top3외),경북 성주군,경북,기타(Top5외),국내,0
폭력범죄,협박,기타(Top3외),경북 성주군,경북,기타(Top5외),국내,26
폭력범죄,약취/유인,기타(Top3외),경북 성주군,경북,기타(Top5외),국내,0
폭력범죄,폭력행위등,기타(Top3외),경북 성주군,경북,기타(Top5외),국내,2
폭력범죄,공갈,기타(Top3외),경북 성주군,경북,기타(Top5외),국내,1
폭력범죄,손괴,기타(Top3외),경북 성주군,경북,기타(Top5외),국내,35
지능범죄,직무유기,지능범죄,경북 성주군,경북,기타(Top5외),국내,4
지능범죄,직권남용,지능범죄,경북 성주군,경북,기타(Top5외),국내,0
지능범죄,증수뢰,지능범죄,경북 성주군,경북,기타(Top5외),국내,0
지능범죄,통화,지능범죄,경북 성주군,경북,기타(Top5외),국내,1
지능범죄,문서/인장,지능범죄,경북 성주군,경북,기타(Top5외),국내,6
지능범죄,유가증권인지,지능범죄,경북 성주군,경북,기타(Top5외),국내,0
지능범죄,사기,지능범죄,경북 성주군,경북,기타(Top5외),국내,309
지능범죄,횡령,지능범죄,경북 성주군,경북,기타(Top5외),국내,35
지능범죄,배임,지능범죄,경북 성주군,경북,기타(Top5외),국내,4
풍속범죄,성풍속범죄,기타(Top3외),경북 성주군,경북,기타(Top5외),국내,13
풍속범죄,도박범죄,기타(Top3외),경북 성주군,경북,기타(Top5외),국내,10
특별경제범죄,특별경제범죄,기타(Top3외),경북 성주군,경북,기타(Top5외),국내,73
마약범죄,마약범죄,기타(Top3외),경북 성주군,경북,기타(Top5외),국내,17
보건범죄,보건범죄,기타(Top3외),경북 성주군,경북,기타(Top5외),국내,6
환경범죄,환경범죄,기타(Top3외),경북 성주군,경북,기타(Top5외),국내,32
교통범죄,교통범죄,교통범죄,경북 성주군,경북,기타(Top5외),국내,261
노동범죄,노동범죄,기타(Top3외),경북 성주군,경북,기타(Top5외),국내,0
안보범죄,안보범죄,기타(Top3외),경북 성주군,경북,기타(Top5외),국내,0
선거범죄,선거범죄,기타(Top3외),경북 성주군,경북,기타(Top5외),국내,0
병역범죄,병역범죄,기타(Top3외),경북 성주군,경북,기타(Top5외),국내,3
기타범죄,기타범죄,기타범죄,경북 성주군,경북,기타(Top5외),국내,196
강력범죄,살인기수,기타(Top3외),경북 칠곡군,경북,기타(Top5외),국내,0
강력범죄,살인미수등,기타(Top3외),경북 칠곡군,경북,기타(Top5외),국내,2
강력범죄,강도,기타(Top3외),경북 칠곡군,경북,기타(Top5외),국내,1
강력범죄,강간,기타(Top3외),경북 칠곡군,경북,기타(Top5외),국내,7
강력범죄,유사강간,기타(Top3외),경북 칠곡군,경북,기타(Top5외),국내,0
강력범죄,강제추행,기타(Top3외),경북 칠곡군,경북,기타(Top5외),국내,27
강력범죄,기타 강간/강제추행등,기타(Top3외),경북 칠곡군,경북,기타(Top5외),국내,0
강력범죄,방화,기타(Top3외),경북 칠곡군,경북,기타(Top5외),국내,0
절도범죄,절도범죄,기타(Top3외),경북 칠곡군,경북,기타(Top5외),국내,275
폭력범죄,상해,기타(Top3외),경북 칠곡군,경북,기타(Top5외),국내,56
폭력범죄,폭행,기타(Top3외),경북 칠곡군,경북,기타(Top5외),국내,246
폭력범죄,체포/감금,기타(Top3외),경북 칠곡군,경북,기타(Top5외),국내,4
폭력범죄,협박,기타(Top3외),경북 칠곡군,경북,기타(Top5외),국내,57
폭력범죄,약취/유인,기타(Top3외),경북 칠곡군,경북,기타(Top5외),국내,2
폭력범죄,폭력행위등,기타(Top3외),경북 칠곡군,경북,기타(Top5외),국내,19
폭력범죄,공갈,기타(Top3외),경북 칠곡군,경북,기타(Top5외),국내,26
폭력범죄,손괴,기타(Top3외),경북 칠곡군,경북,기타(Top5외),국내,115
지능범죄,직무유기,지능범죄,경북 칠곡군,경북,기타(Top5외),국내,2
지능범죄,직권남용,지능범죄,경북 칠곡군,경북,기타(Top5외),국내,3
지능범죄,증수뢰,지능범죄,경북 칠곡군,경북,기타(Top5외),국내,0
지능범죄,통화,지능범죄,경북 칠곡군,경북,기타(Top5외),국내,4
지능범죄,문서/인장,지능범죄,경북 칠곡군,경북,기타(Top5외),국내,25
지능범죄,유가증권인지,지능범죄,경북 칠곡군,경북,기타(Top5외),국내,0
지능범죄,사기,지능범죄,경북 칠곡군,경북,기타(Top5외),국내,996
지능범죄,횡령,지능범죄,경북 칠곡군,경북,기타(Top5외),국내,89
지능범죄,배임,지능범죄,경북 칠곡군,경북,기타(Top5외),국내,4
풍속범죄,성풍속범죄,기타(Top3외),경북 칠곡군,경북,기타(Top5외),국내,29
풍속범죄,도박범죄,기타(Top3외),경북 칠곡군,경북,기타(Top5외),국내,21
특별경제범죄,특별경제범죄,기타(Top3외),경북 칠곡군,경북,기타(Top5외),국내,218
마약범죄,마약범죄,기타(Top3외),경북 칠곡군,경북,기타(Top5외),국내,29
보건범죄,보건범죄,기타(Top3외),경북 칠곡군,경북,기타(Top5외),국내,5
환경범죄,환경범죄,기타(Top3외),경북 칠곡군,경북,기타(Top5외),국내,41
교통범죄,교통범죄,교통범죄,경북 칠곡군,경북,기타(Top5외),국내,690
노동범죄,노동범죄,기타(Top3외),경북 칠곡군,경북,기타(Top5외),국내,0
안보범죄,안보범죄,기타(Top3외),경북 칠곡군,경북,기타(Top5외),국내,0
선거범죄,선거범죄,기타(Top3외),경북 칠곡군,경북,기타(Top5외),국내,3
병역범죄,병역범죄,기타(Top3외),경북 칠곡군,경북,기타(Top5외),국내,39
기타범죄,기타범죄,기타범죄,경북 칠곡군,경북,기타(Top5외),국내,486
강력범죄,살인기수,기타(Top3외),경북 예천군,경북,기타(Top5외),국내,1
강력범죄,살인미수등,기타(Top3외),경북 예천군,경북,기타(Top5외),국내,0
강력범죄,강도,기타(Top3외),경북 예천군,경북,기타(Top5외),국내,0
강력범죄,강간,기타(Top3외),경북 예천군,경북,기타(Top5외),국내,3
강력범죄,유사강간,기타(Top3외),경북 예천군,경북,기타(Top5외),국내,0
강력범죄,강제추행,기타(Top3외),경북 예천군,경북,기타(Top5외),국내,12
강력범죄,기타 강간/강제추행등,기타(Top3외),경북 예천군,경북,기타(Top5외),국내,0
강력범죄,방화,기타(Top3외),경북 예천군,경북,기타(Top5외),국내,5
절도범죄,절도범죄,기타(Top3외),경북 예천군,경북,기타(Top5외),국내,115
폭력범죄,상해,기타(Top3외),경북 예천군,경북,기타(Top5외),국내,28
폭력범죄,폭행,기타(Top3외),경북 예천군,경북,기타(Top5외),국내,65
폭력범죄,체포/감금,기타(Top3외),경북 예천군,경북,기타(Top5외),국내,0
폭력범죄,협박,기타(Top3외),경북 예천군,경북,기타(Top5외),국내,29
폭력범죄,약취/유인,기타(Top3외),경북 예천군,경북,기타(Top5외),국내,0
폭력범죄,폭력행위등,기타(Top3외),경북 예천군,경북,기타(Top5외),국내,1
폭력범죄,공갈,기타(Top3외),경북 예천군,경북,기타(Top5외),국내,1
폭력범죄,손괴,기타(Top3외),경북 예천군,경북,기타(Top5외),국내,47
지능범죄,직무유기,지능범죄,경북 예천군,경북,기타(Top5외),국내,4
지능범죄,직권남용,지능범죄,경북 예천군,경북,기타(Top5외),국내,1
지능범죄,증수뢰,지능범죄,경북 예천군,경북,기타(Top5외),국내,1
지능범죄,통화,지능범죄,경북 예천군,경북,기타(Top5외),국내,0
지능범죄,문서/인장,지능범죄,경북 예천군,경북,기타(Top5외),국내,15
지능범죄,유가증권인지,지능범죄,경북 예천군,경북,기타(Top5외),국내,0
지능범죄,사기,지능범죄,경북 예천군,경북,기타(Top5외),국내,404
지능범죄,횡령,지능범죄,경북 예천군,경북,기타(Top5외),국내,39
지능범죄,배임,지능범죄,경북 예천군,경북,기타(Top5외),국내,2
풍속범죄,성풍속범죄,기타(Top3외),경북 예천군,경북,기타(Top5외),국내,9
풍속범죄,도박범죄,기타(Top3외),경북 예천군,경북,기타(Top5외),국내,5
특별경제범죄,특별경제범죄,기타(Top3외),경북 예천군,경북,기타(Top5외),국내,49
마약범죄,마약범죄,기타(Top3외),경북 예천군,경북,기타(Top5외),국내,8
보건범죄,보건범죄,기타(Top3외),경북 예천군,경북,기타(Top5외),국내,3
환경범죄,환경범죄,기타(Top3외),경북 예천군,경북,기타(Top5외),국내,0
교통범죄,교통범죄,교통범죄,경북 예천군,경북,기타(Top5외),국내,319
노동범죄,노동범죄,기타(Top3외),경북 예천군,경북,기타(Top5외),국내,0
안보범죄,안보범죄,기타(Top3외),경북 예천군,경북,기타(Top5외),국내,0
선거범죄,선거범죄,기타(Top3외),경북 예천군,경북,기타(Top5외),국내,3
병역범죄,병역범죄,기타(Top3외),경북 예천군,경북,기타(Top5외),국내,4
기타범죄,기타범죄,기타범죄,경북 예천군,경북,기타(Top5외),국내,161
강력범죄,살인기수,기타(Top3외),경북 봉화군,경북,기타(Top5외),국내,0
강력범죄,살인미수등,기타(Top3외),경북 봉화군,경북,기타(Top5외),국내,1
강력범죄,강도,기타(Top3외),경북 봉화군,경북,기타(Top5외),국내,0
강력범죄,강간,기타(Top3외),경북 봉화군,경북,기타(Top5외),국내,2
강력범죄,유사강간,기타(Top3외),경북 봉화군,경북,기타(Top5외),국내,0
강력범죄,강제추행,기타(Top3외),경북 봉화군,경북,기타(Top5외),국내,4
강력범죄,기타 강간/강제추행등,기타(Top3외),경북 봉화군,경북,기타(Top5외),국내,0
강력범죄,방화,기타(Top3외),경북 봉화군,경북,기타(Top5외),국내,1
절도범죄,절도범죄,기타(Top3외),경북 봉화군,경북,기타(Top5외),국내,59
폭력범죄,상해,기타(Top3외),경북 봉화군,경북,기타(Top5외),국내,11
폭력범죄,폭행,기타(Top3외),경북 봉화군,경북,기타(Top5외),국내,43
폭력범죄,체포/감금,기타(Top3외),경북 봉화군,경북,기타(Top5외),국내,0
폭력범죄,협박,기타(Top3외),경북 봉화군,경북,기타(Top5외),국내,10
폭력범죄,약취/유인,기타(Top3외),경북 봉화군,경북,기타(Top5외),국내,0
폭력범죄,폭력행위등,기타(Top3외),경북 봉화군,경북,기타(Top5외),국내,1
폭력범죄,공갈,기타(Top3외),경북 봉화군,경북,기타(Top5외),국내,2
폭력범죄,손괴,기타(Top3외),경북 봉화군,경북,기타(Top5외),국내,18
지능범죄,직무유기,지능범죄,경북 봉화군,경북,기타(Top5외),국내,1
지능범죄,직권남용,지능범죄,경북 봉화군,경북,기타(Top5외),국내,1
지능범죄,증수뢰,지능범죄,경북 봉화군,경북,기타(Top5외),국내,0
지능범죄,통화,지능범죄,경북 봉화군,경북,기타(Top5외),국내,0
지능범죄,문서/인장,지능범죄,경북 봉화군,경북,기타(Top5외),국내,0
지능범죄,유가증권인지,지능범죄,경북 봉화군,경북,기타(Top5외),국내,0
지능범죄,사기,지능범죄,경북 봉화군,경북,기타(Top5외),국내,103
지능범죄,횡령,지능범죄,경북 봉화군,경북,기타(Top5외),국내,12
지능범죄,배임,지능범죄,경북 봉화군,경북,기타(Top5외),국내,1
풍속범죄,성풍속범죄,기타(Top3외),경북 봉화군,경북,기타(Top5외),국내,2
풍속범죄,도박범죄,기타(Top3외),경북 봉화군,경북,기타(Top5외),국내,0
특별경제범죄,특별경제범죄,기타(Top3외),경북 봉화군,경북,기타(Top5외),국내,28
마약범죄,마약범죄,기타(Top3외),경북 봉화군,경북,기타(Top5외),국내,7
보건범죄,보건범죄,기타(Top3외),경북 봉화군,경북,기타(Top5외),국내,1
환경범죄,환경범죄,기타(Top3외),경북 봉화군,경북,기타(Top5외),국내,1
교통범죄,교통범죄,교통범죄,경북 봉화군,경북,기타(Top5외),국내,117
노동범죄,노동범죄,기타(Top3외),경북 봉화군,경북,기타(Top5외),국내,0
안보범죄,안보범죄,기타(Top3외),경북 봉화군,경북,기타(Top5외),국내,0
선거범죄,선거범죄,기타(Top3외),경북 봉화군,경북,기타(Top5외),국내,0
병역범죄,병역범죄,기타(Top3외),경북 봉화군,경북,기타(Top5외),국내,1
기타범죄,기타범죄,기타범죄,경북 봉화군,경북,기타(Top5외),국내,72
강력범죄,살인기수,기타(Top3외),경북 울진군,경북,기타(Top5외),국내,1
강력범죄,살인미수등,기타(Top3외),경북 울진군,경북,기타(Top5외),국내,0
강력범죄,강도,기타(Top3외),경북 울진군,경북,기타(Top5외),국내,2
강력범죄,강간,기타(Top3외),경북 울진군,경북,기타(Top5외),국내,3
강력범죄,유사강간,기타(Top3외),경북 울진군,경북,기타(Top5외),국내,1
강력범죄,강제추행,기타(Top3외),경북 울진군,경북,기타(Top5외),국내,4
강력범죄,기타 강간/강제추행등,기타(Top3외),경북 울진군,경북,기타(Top5외),국내,0
강력범죄,방화,기타(Top3외),경북 울진군,경북,기타(Top5외),국내,0
절도범죄,절도범죄,기타(Top3외),경북 울진군,경북,기타(Top5외),국내,111
폭력범죄,상해,기타(Top3외),경북 울진군,경북,기타(Top5외),국내,31
폭력범죄,폭행,기타(Top3외),경북 울진군,경북,기타(Top5외),국내,74
폭력범죄,체포/감금,기타(Top3외),경북 울진군,경북,기타(Top5외),국내,3
폭력범죄,협박,기타(Top3외),경북 울진군,경북,기타(Top5외),국내,13
폭력범죄,약취/유인,기타(Top3외),경북 울진군,경북,기타(Top5외),국내,0
폭력범죄,폭력행위등,기타(Top3외),경북 울진군,경북,기타(Top5외),국내,2
폭력범죄,공갈,기타(Top3외),경북 울진군,경북,기타(Top5외),국내,3
폭력범죄,손괴,기타(Top3외),경북 울진군,경북,기타(Top5외),국내,51
지능범죄,직무유기,지능범죄,경북 울진군,경북,기타(Top5외),국내,0
지능범죄,직권남용,지능범죄,경북 울진군,경북,기타(Top5외),국내,0
지능범죄,증수뢰,지능범죄,경북 울진군,경북,기타(Top5외),국내,0
지능범죄,통화,지능범죄,경북 울진군,경북,기타(Top5외),국내,0
지능범죄,문서/인장,지능범죄,경북 울진군,경북,기타(Top5외),국내,10
지능범죄,유가증권인지,지능범죄,경북 울진군,경북,기타(Top5외),국내,0
지능범죄,사기,지능범죄,경북 울진군,경북,기타(Top5외),국내,316
지능범죄,횡령,지능범죄,경북 울진군,경북,기타(Top5외),국내,22
지능범죄,배임,지능범죄,경북 울진군,경북,기타(Top5외),국내,4
풍속범죄,성풍속범죄,기타(Top3외),경북 울진군,경북,기타(Top5외),국내,6
풍속범죄,도박범죄,기타(Top3외),경북 울진군,경북,기타(Top5외),국내,10
특별경제범죄,특별경제범죄,기타(Top3외),경북 울진군,경북,기타(Top5외),국내,82
마약범죄,마약범죄,기타(Top3외),경북 울진군,경북,기타(Top5외),국내,9
보건범죄,보건범죄,기타(Top3외),경북 울진군,경북,기타(Top5외),국내,10
환경범죄,환경범죄,기타(Top3외),경북 울진군,경북,기타(Top5외),국내,14
교통범죄,교통범죄,교통범죄,경북 울진군,경북,기타(Top5외),국내,238
노동범죄,노동범죄,기타(Top3외),경북 울진군,경북,기타(Top5외),국내,0
안보범죄,안보범죄,기타(Top3외),경북 울진군,경북,기타(Top5외),국내,0
선거범죄,선거범죄,기타(Top3외),경북 울진군,경북,기타(Top5외),국내,2
병역범죄,병역범죄,기타(Top3외),경북 울진군,경북,기타(Top5외),국내,1
기타범죄,기타범죄,기타범죄,경북 울진군,경북,기타(Top5외),국내,185
강력범죄,살인기수,기타(Top3외),경북 울릉군,경북,기타(Top5외),국내,0
강력범죄,살인미수등,기타(Top3외),경북 울릉군,경북,기타(Top5외),국내,0
강력범죄,강도,기타(Top3외),경북 울릉군,경북,기타(Top5외),국내,0
강력범죄,강간,기타(Top3외),경북 울릉군,경북,기타(Top5외),국내,0
강력범죄,유사강간,기타(Top3외),경북 울릉군,경북,기타(Top5외),국내,0
강력범죄,강제추행,기타(Top3외),경북 울릉군,경북,기타(Top5외),국내,4
강력범죄,기타 강간/강제추행등,기타(Top3외),경북 울릉군,경북,기타(Top5외),국내,0
강력범죄,방화,기타(Top3외),경북 울릉군,경북,기타(Top5외),국내,0
절도범죄,절도범죄,기타(Top3외),경북 울릉군,경북,기타(Top5외),국내,5
폭력범죄,상해,기타(Top3외),경북 울릉군,경북,기타(Top5외),국내,4
폭력범죄,폭행,기타(Top3외),경북 울릉군,경북,기타(Top5외),국내,10
폭력범죄,체포/감금,기타(Top3외),경북 울릉군,경북,기타(Top5외),국내,0
폭력범죄,협박,기타(Top3외),경북 울릉군,경북,기타(Top5외),국내,1
폭력범죄,약취/유인,기타(Top3외),경북 울릉군,경북,기타(Top5외),국내,0
폭력범죄,폭력행위등,기타(Top3외),경북 울릉군,경북,기타(Top5외),국내,1
폭력범죄,공갈,기타(Top3외),경북 울릉군,경북,기타(Top5외),국내,0
폭력범죄,손괴,기타(Top3외),경북 울릉군,경북,기타(Top5외),국내,9
지능범죄,직무유기,지능범죄,경북 울릉군,경북,기타(Top5외),국내,0
지능범죄,직권남용,지능범죄,경북 울릉군,경북,기타(Top5외),국내,2
지능범죄,증수뢰,지능범죄,경북 울릉군,경북,기타(Top5외),국내,1
지능범죄,통화,지능범죄,경북 울릉군,경북,기타(Top5외),국내,0
지능범죄,문서/인장,지능범죄,경북 울릉군,경북,기타(Top5외),국내,3
지능범죄,유가증권인지,지능범죄,경북 울릉군,경북,기타(Top5외),국내,0
지능범죄,사기,지능범죄,경북 울릉군,경북,기타(Top5외),국내,43
지능범죄,횡령,지능범죄,경북 울릉군,경북,기타(Top5외),국내,8
지능범죄,배임,지능범죄,경북 울릉군,경북,기타(Top5외),국내,0
풍속범죄,성풍속범죄,기타(Top3외),경북 울릉군,경북,기타(Top5외),국내,1
풍속범죄,도박범죄,기타(Top3외),경북 울릉군,경북,기타(Top5외),국내,1
특별경제범죄,특별경제범죄,기타(Top3외),경북 울릉군,경북,기타(Top5외),국내,14
마약범죄,마약범죄,기타(Top3외),경북 울릉군,경북,기타(Top5외),국내,0
보건범죄,보건범죄,기타(Top3외),경북 울릉군,경북,기타(Top5외),국내,2
환경범죄,환경범죄,기타(Top3외),경북 울릉군,경북,기타(Top5외),국내,0
교통범죄,교통범죄,교통범죄,경북 울릉군,경북,기타(Top5외),국내,30
노동범죄,노동범죄,기타(Top3외),경북 울릉군,경북,기타(Top5외),국내,0
안보범죄,안보범죄,기타(Top3외),경북 울릉군,경북,기타(Top5외),국내,0
선거범죄,선거범죄,기타(Top3외),경북 울릉군,경북,기타(Top5외),국내,0
병역범죄,병역범죄,기타(Top3외),경북 울릉군,경북,기타(Top5외),국내,0
기타범죄,기타범죄,기타범죄,경북 울릉군,경북,기타(Top5외),국내,35
강력범죄,살인기수,기타(Top3외),경남 거제시,경남,경남,국내,1
강력범죄,살인미수등,기타(Top3외),경남 거제시,경남,경남,국내,2
강력범죄,강도,기타(Top3외),경남 거제시,경남,경남,국내,3
강력범죄,강간,기타(Top3외),경남 거제시,경남,경남,국내,29
강력범죄,유사강간,기타(Top3외),경남 거제시,경남,경남,국내,2
강력범죄,강제추행,기타(Top3외),경남 거제시,경남,경남,국내,75
강력범죄,기타 강간/강제추행등,기타(Top3외),경남 거제시,경남,경남,국내,2
강력범죄,방화,기타(Top3외),경남 거제시,경남,경남,국내,2
절도범죄,절도범죄,기타(Top3외),경남 거제시,경남,경남,국내,856
폭력범죄,상해,기타(Top3외),경남 거제시,경남,경남,국내,182
폭력범죄,폭행,기타(Top3외),경남 거제시,경남,경남,국내,577
폭력범죄,체포/감금,기타(Top3외),경남 거제시,경남,경남,국내,7
폭력범죄,협박,기타(Top3외),경남 거제시,경남,경남,국내,129
폭력범죄,약취/유인,기타(Top3외),경남 거제시,경남,경남,국내,0
폭력범죄,폭력행위등,기타(Top3외),경남 거제시,경남,경남,국내,49
폭력범죄,공갈,기타(Top3외),경남 거제시,경남,경남,국내,19
폭력범죄,손괴,기타(Top3외),경남 거제시,경남,경남,국내,217
지능범죄,직무유기,지능범죄,경남 거제시,경남,경남,국내,2
지능범죄,직권남용,지능범죄,경남 거제시,경남,경남,국내,3
지능범죄,증수뢰,지능범죄,경남 거제시,경남,경남,국내,0
지능범죄,통화,지능범죄,경남 거제시,경남,경남,국내,0
지능범죄,문서/인장,지능범죄,경남 거제시,경남,경남,국내,48
지능범죄,유가증권인지,지능범죄,경남 거제시,경남,경남,국내,0
지능범죄,사기,지능범죄,경남 거제시,경남,경남,국내,1885
지능범죄,횡령,지능범죄,경남 거제시,경남,경남,국내,209
지능범죄,배임,지능범죄,경남 거제시,경남,경남,국내,16
풍속범죄,성풍속범죄,기타(Top3외),경남 거제시,경남,경남,국내,80
풍속범죄,도박범죄,기타(Top3외),경남 거제시,경남,경남,국내,32
특별경제범죄,특별경제범죄,기타(Top3외),경남 거제시,경남,경남,국내,464
마약범죄,마약범죄,기타(Top3외),경남 거제시,경남,경남,국내,22
보건범죄,보건범죄,기타(Top3외),경남 거제시,경남,경남,국내,39
환경범죄,환경범죄,기타(Top3외),경남 거제시,경남,경남,국내,19
교통범죄,교통범죄,교통범죄,경남 거제시,경남,경남,국내,1628
노동범죄,노동범죄,기타(Top3외),경남 거제시,경남,경남,국내,1
안보범죄,안보범죄,기타(Top3외),경남 거제시,경남,경남,국내,0
선거범죄,선거범죄,기타(Top3외),경남 거제시,경남,경남,국내,5
병역범죄,병역범죄,기타(Top3외),경남 거제시,경남,경남,국내,38
기타범죄,기타범죄,기타범죄,경남 거제시,경남,경남,국내,1152
강력범죄,살인기수,기타(Top3외),경남 김해시,경남,경남,국내,5
강력범죄,살인미수등,기타(Top3외),경남 김해시,경남,경남,국내,5
강력범죄,강도,기타(Top3외),경남 김해시,경남,경남,국내,7
강력범죄,강간,기타(Top3외),경남 김해시,경남,경남,국내,34
강력범죄,유사강간,기타(Top3외),경남 김해시,경남,경남,국내,5
강력범죄,강제추행,기타(Top3외),경남 김해시,경남,경남,국내,109
강력범죄,기타 강간/강제추행등,기타(Top3외),경남 김해시,경남,경남,국내,2
강력범죄,방화,기타(Top3외),경남 김해시,경남,경남,국내,7
절도범죄,절도범죄,기타(Top3외),경남 김해시,경남,경남,국내,2429
폭력범죄,상해,기타(Top3외),경남 김해시,경남,경남,국내,312
폭력범죄,폭행,기타(Top3외),경남 김해시,경남,경남,국내,1016
폭력범죄,체포/감금,기타(Top3외),경남 김해시,경남,경남,국내,6
폭력범죄,협박,기타(Top3외),경남 김해시,경남,경남,국내,214
폭력범죄,약취/유인,기타(Top3외),경남 김해시,경남,경남,국내,1
폭력범죄,폭력행위등,기타(Top3외),경남 김해시,경남,경남,국내,57
폭력범죄,공갈,기타(Top3외),경남 김해시,경남,경남,국내,69
폭력범죄,손괴,기타(Top3외),경남 김해시,경남,경남,국내,477
지능범죄,직무유기,지능범죄,경남 김해시,경남,경남,국내,3
지능범죄,직권남용,지능범죄,경남 김해시,경남,경남,국내,2
지능범죄,증수뢰,지능범죄,경남 김해시,경남,경남,국내,1
지능범죄,통화,지능범죄,경남 김해시,경남,경남,국내,1
지능범죄,문서/인장,지능범죄,경남 김해시,경남,경남,국내,110
지능범죄,유가증권인지,지능범죄,경남 김해시,경남,경남,국내,0
지능범죄,사기,지능범죄,경남 김해시,경남,경남,국내,3516
지능범죄,횡령,지능범죄,경남 김해시,경남,경남,국내,579
지능범죄,배임,지능범죄,경남 김해시,경남,경남,국내,30
풍속범죄,성풍속범죄,기타(Top3외),경남 김해시,경남,경남,국내,150
풍속범죄,도박범죄,기타(Top3외),경남 김해시,경남,경남,국내,98
특별경제범죄,특별경제범죄,기타(Top3외),경남 김해시,경남,경남,국내,1093
마약범죄,마약범죄,기타(Top3외),경남 김해시,경남,경남,국내,103
보건범죄,보건범죄,기타(Top3외),경남 김해시,경남,경남,국내,118
환경범죄,환경범죄,기타(Top3외),경남 김해시,경남,경남,국내,151
교통범죄,교통범죄,교통범죄,경남 김해시,경남,경남,국내,2838
노동범죄,노동범죄,기타(Top3외),경남 김해시,경남,경남,국내,1
안보범죄,안보범죄,기타(Top3외),경남 김해시,경남,경남,국내,1
선거범죄,선거범죄,기타(Top3외),경남 김해시,경남,경남,국내,6
병역범죄,병역범죄,기타(Top3외),경남 김해시,경남,경남,국내,88
기타범죄,기타범죄,기타범죄,경남 김해시,경남,경남,국내,2256
강력범죄,살인기수,기타(Top3외),경남 밀양시,경남,경남,국내,1
강력범죄,살인미수등,기타(Top3외),경남 밀양시,경남,경남,국내,0
강력범죄,강도,기타(Top3외),경남 밀양시,경남,경남,국내,0
강력범죄,강간,기타(Top3외),경남 밀양시,경남,경남,국내,16
강력범죄,유사강간,기타(Top3외),경남 밀양시,경남,경남,국내,3
강력범죄,강제추행,기타(Top3외),경남 밀양시,경남,경남,국내,28
강력범죄,기타 강간/강제추행등,기타(Top3외),경남 밀양시,경남,경남,국내,0
강력범죄,방화,기타(Top3외),경남 밀양시,경남,경남,국내,4
절도범죄,절도범죄,기타(Top3외),경남 밀양시,경남,경남,국내,246
폭력범죄,상해,기타(Top3외),경남 밀양시,경남,경남,국내,81
폭력범죄,폭행,기타(Top3외),경남 밀양시,경남,경남,국내,184
폭력범죄,체포/감금,기타(Top3외),경남 밀양시,경남,경남,국내,1
폭력범죄,협박,기타(Top3외),경남 밀양시,경남,경남,국내,63
폭력범죄,약취/유인,기타(Top3외),경남 밀양시,경남,경남,국내,0
폭력범죄,폭력행위등,기타(Top3외),경남 밀양시,경남,경남,국내,17
폭력범죄,공갈,기타(Top3외),경남 밀양시,경남,경남,국내,19
폭력범죄,손괴,기타(Top3외),경남 밀양시,경남,경남,국내,127
지능범죄,직무유기,지능범죄,경남 밀양시,경남,경남,국내,6
지능범죄,직권남용,지능범죄,경남 밀양시,경남,경남,국내,4
지능범죄,증수뢰,지능범죄,경남 밀양시,경남,경남,국내,0
지능범죄,통화,지능범죄,경남 밀양시,경남,경남,국내,0
지능범죄,문서/인장,지능범죄,경남 밀양시,경남,경남,국내,24
지능범죄,유가증권인지,지능범죄,경남 밀양시,경남,경남,국내,0
지능범죄,사기,지능범죄,경남 밀양시,경남,경남,국내,721
지능범죄,횡령,지능범죄,경남 밀양시,경남,경남,국내,75
지능범죄,배임,지능범죄,경남 밀양시,경남,경남,국내,13
풍속범죄,성풍속범죄,기타(Top3외),경남 밀양시,경남,경남,국내,17
풍속범죄,도박범죄,기타(Top3외),경남 밀양시,경남,경남,국내,21
특별경제범죄,특별경제범죄,기타(Top3외),경남 밀양시,경남,경남,국내,184
마약범죄,마약범죄,기타(Top3외),경남 밀양시,경남,경남,국내,27
보건범죄,보건범죄,기타(Top3외),경남 밀양시,경남,경남,국내,52
환경범죄,환경범죄,기타(Top3외),경남 밀양시,경남,경남,국내,47
교통범죄,교통범죄,교통범죄,경남 밀양시,경남,경남,국내,667
노동범죄,노동범죄,기타(Top3외),경남 밀양시,경남,경남,국내,0
안보범죄,안보범죄,기타(Top3외),경남 밀양시,경남,경남,국내,0
선거범죄,선거범죄,기타(Top3외),경남 밀양시,경남,경남,국내,5
병역범죄,병역범죄,기타(Top3외),경남 밀양시,경남,경남,국내,11
기타범죄,기타범죄,기타범죄,경남 밀양시,경남,경남,국내,543
강력범죄,살인기수,기타(Top3외),경남 사천시,경남,경남,국내,2
강력범죄,살인미수등,기타(Top3외),경남 사천시,경남,경남,국내,2
강력범죄,강도,기타(Top3외),경남 사천시,경남,경남,국내,2
강력범죄,강간,기타(Top3외),경남 사천시,경남,경남,국내,7
강력범죄,유사강간,기타(Top3외),경남 사천시,경남,경남,국내,2
강력범죄,강제추행,기타(Top3외),경남 사천시,경남,경남,국내,30
강력범죄,기타 강간/강제추행등,기타(Top3외),경남 사천시,경남,경남,국내,1
강력범죄,방화,기타(Top3외),경남 사천시,경남,경남,국내,5
절도범죄,절도범죄,기타(Top3외),경남 사천시,경남,경남,국내,267
폭력범죄,상해,기타(Top3외),경남 사천시,경남,경남,국내,89
폭력범죄,폭행,기타(Top3외),경남 사천시,경남,경남,국내,217
폭력범죄,체포/감금,기타(Top3외),경남 사천시,경남,경남,국내,2
폭력범죄,협박,기타(Top3외),경남 사천시,경남,경남,국내,56
폭력범죄,약취/유인,기타(Top3외),경남 사천시,경남,경남,국내,1
폭력범죄,폭력행위등,기타(Top3외),경남 사천시,경남,경남,국내,17
폭력범죄,공갈,기타(Top3외),경남 사천시,경남,경남,국내,12
폭력범죄,손괴,기타(Top3외),경남 사천시,경남,경남,국내,101
지능범죄,직무유기,지능범죄,경남 사천시,경남,경남,국내,0
지능범죄,직권남용,지능범죄,경남 사천시,경남,경남,국내,1
지능범죄,증수뢰,지능범죄,경남 사천시,경남,경남,국내,0
지능범죄,통화,지능범죄,경남 사천시,경남,경남,국내,0
지능범죄,문서/인장,지능범죄,경남 사천시,경남,경남,국내,16
지능범죄,유가증권인지,지능범죄,경남 사천시,경남,경남,국내,0
지능범죄,사기,지능범죄,경남 사천시,경남,경남,국내,789
지능범죄,횡령,지능범죄,경남 사천시,경남,경남,국내,86
지능범죄,배임,지능범죄,경남 사천시,경남,경남,국내,6
풍속범죄,성풍속범죄,기타(Top3외),경남 사천시,경남,경남,국내,30
풍속범죄,도박범죄,기타(Top3외),경남 사천시,경남,경남,국내,8
특별경제범죄,특별경제범죄,기타(Top3외),경남 사천시,경남,경남,국내,158
마약범죄,마약범죄,기타(Top3외),경남 사천시,경남,경남,국내,21
보건범죄,보건범죄,기타(Top3외),경남 사천시,경남,경남,국내,23
환경범죄,환경범죄,기타(Top3외),경남 사천시,경남,경남,국내,29
교통범죄,교통범죄,교통범죄,경남 사천시,경남,경남,국내,552
노동범죄,노동범죄,기타(Top3외),경남 사천시,경남,경남,국내,0
안보범죄,안보범죄,기타(Top3외),경남 사천시,경남,경남,국내,0
선거범죄,선거범죄,기타(Top3외),경남 사천시,경남,경남,국내,9
병역범죄,병역범죄,기타(Top3외),경남 사천시,경남,경남,국내,19
기타범죄,기타범죄,기타범죄,경남 사천시,경남,경남,국내,469
강력범죄,살인기수,기타(Top3외),경남 양산시,경남,경남,국내,4
강력범죄,살인미수등,기타(Top3외),경남 양산시,경남,경남,국내,3
강력범죄,강도,기타(Top3외),경남 양산시,경남,경남,국내,1
강력범죄,강간,기타(Top3외),경남 양산시,경남,경남,국내,20
강력범죄,유사강간,기타(Top3외),경남 양산시,경남,경남,국내,6
강력범죄,강제추행,기타(Top3외),경남 양산시,경남,경남,국내,63
강력범죄,기타 강간/강제추행등,기타(Top3외),경남 양산시,경남,경남,국내,2
강력범죄,방화,기타(Top3외),경남 양산시,경남,경남,국내,5
절도범죄,절도범죄,기타(Top3외),경남 양산시,경남,경남,국내,1380
폭력범죄,상해,기타(Top3외),경남 양산시,경남,경남,국내,178
폭력범죄,폭행,기타(Top3외),경남 양산시,경남,경남,국내,755
폭력범죄,체포/감금,기타(Top3외),경남 양산시,경남,경남,국내,7
폭력범죄,협박,기타(Top3외),경남 양산시,경남,경남,국내,176
폭력범죄,약취/유인,기타(Top3외),경남 양산시,경남,경남,국내,2
폭력범죄,폭력행위등,기타(Top3외),경남 양산시,경남,경남,국내,37
폭력범죄,공갈,기타(Top3외),경남 양산시,경남,경남,국내,23
폭력범죄,손괴,기타(Top3외),경남 양산시,경남,경남,국내,295
지능범죄,직무유기,지능범죄,경남 양산시,경남,경남,국내,7
지능범죄,직권남용,지능범죄,경남 양산시,경남,경남,국내,4
지능범죄,증수뢰,지능범죄,경남 양산시,경남,경남,국내,1
지능범죄,통화,지능범죄,경남 양산시,경남,경남,국내,0
지능범죄,문서/인장,지능범죄,경남 양산시,경남,경남,국내,75
지능범죄,유가증권인지,지능범죄,경남 양산시,경남,경남,국내,1
지능범죄,사기,지능범죄,경남 양산시,경남,경남,국내,2610
지능범죄,횡령,지능범죄,경남 양산시,경남,경남,국내,262
지능범죄,배임,지능범죄,경남 양산시,경남,경남,국내,21
풍속범죄,성풍속범죄,기타(Top3외),경남 양산시,경남,경남,국내,111
풍속범죄,도박범죄,기타(Top3외),경남 양산시,경남,경남,국내,45
특별경제범죄,특별경제범죄,기타(Top3외),경남 양산시,경남,경남,국내,437
마약범죄,마약범죄,기타(Top3외),경남 양산시,경남,경남,국내,74
보건범죄,보건범죄,기타(Top3외),경남 양산시,경남,경남,국내,58
환경범죄,환경범죄,기타(Top3외),경남 양산시,경남,경남,국내,41
교통범죄,교통범죄,교통범죄,경남 양산시,경남,경남,국내,1538
노동범죄,노동범죄,기타(Top3외),경남 양산시,경남,경남,국내,0
안보범죄,안보범죄,기타(Top3외),경남 양산시,경남,경남,국내,0
선거범죄,선거범죄,기타(Top3외),경남 양산시,경남,경남,국내,12
병역범죄,병역범죄,기타(Top3외),경남 양산시,경남,경남,국내,64
기타범죄,기타범죄,기타범죄,경남 양산시,경남,경남,국내,1621
강력범죄,살인기수,기타(Top3외),경남 진주시,경남,경남,국내,2
강력범죄,살인미수등,기타(Top3외),경남 진주시,경남,경남,국내,2
강력범죄,강도,기타(Top3외),경남 진주시,경남,경남,국내,1
강력범죄,강간,기타(Top3외),경남 진주시,경남,경남,국내,21
강력범죄,유사강간,기타(Top3외),경남 진주시,경남,경남,국내,4
강력범죄,강제추행,기타(Top3외),경남 진주시,경남,경남,국내,77
강력범죄,기타 강간/강제추행등,기타(Top3외),경남 진주시,경남,경남,국내,1
강력범죄,방화,기타(Top3외),경남 진주시,경남,경남,국내,7
절도범죄,절도범죄,기타(Top3외),경남 진주시,경남,경남,국내,3046
폭력범죄,상해,기타(Top3외),경남 진주시,경남,경남,국내,192
폭력범죄,폭행,기타(Top3외),경남 진주시,경남,경남,국내,673
폭력범죄,체포/감금,기타(Top3외),경남 진주시,경남,경남,국내,7
폭력범죄,협박,기타(Top3외),경남 진주시,경남,경남,국내,101
폭력범죄,약취/유인,기타(Top3외),경남 진주시,경남,경남,국내,1
폭력범죄,폭력행위등,기타(Top3외),경남 진주시,경남,경남,국내,28
폭력범죄,공갈,기타(Top3외),경남 진주시,경남,경남,국내,48
폭력범죄,손괴,기타(Top3외),경남 진주시,경남,경남,국내,357
지능범죄,직무유기,지능범죄,경남 진주시,경남,경남,국내,3
지능범죄,직권남용,지능범죄,경남 진주시,경남,경남,국내,5
지능범죄,증수뢰,지능범죄,경남 진주시,경남,경남,국내,0
지능범죄,통화,지능범죄,경남 진주시,경남,경남,국내,1
지능범죄,문서/인장,지능범죄,경남 진주시,경남,경남,국내,131
지능범죄,유가증권인지,지능범죄,경남 진주시,경남,경남,국내,0
지능범죄,사기,지능범죄,경남 진주시,경남,경남,국내,3102
지능범죄,횡령,지능범죄,경남 진주시,경남,경남,국내,328
지능범죄,배임,지능범죄,경남 진주시,경남,경남,국내,16
풍속범죄,성풍속범죄,기타(Top3외),경남 진주시,경남,경남,국내,98
풍속범죄,도박범죄,기타(Top3외),경남 진주시,경남,경남,국내,21
특별경제범죄,특별경제범죄,기타(Top3외),경남 진주시,경남,경남,국내,336
마약범죄,마약범죄,기타(Top3외),경남 진주시,경남,경남,국내,55
보건범죄,보건범죄,기타(Top3외),경남 진주시,경남,경남,국내,59
환경범죄,환경범죄,기타(Top3외),경남 진주시,경남,경남,국내,28
교통범죄,교통범죄,교통범죄,경남 진주시,경남,경남,국내,1391
노동범죄,노동범죄,기타(Top3외),경남 진주시,경남,경남,국내,1
안보범죄,안보범죄,기타(Top3외),경남 진주시,경남,경남,국내,2
선거범죄,선거범죄,기타(Top3외),경남 진주시,경남,경남,국내,15
병역범죄,병역범죄,기타(Top3외),경남 진주시,경남,경남,국내,54
기타범죄,기타범죄,기타범죄,경남 진주시,경남,경남,국내,1536
강력범죄,살인기수,기타(Top3외),경남 창원시,경남,경남,국내,6
강력범죄,살인미수등,기타(Top3외),경남 창원시,경남,경남,국내,8
강력범죄,강도,기타(Top3외),경남 창원시,경남,경남,국내,5
강력범죄,강간,기타(Top3외),경남 창원시,경남,경남,국내,76
강력범죄,유사강간,기타(Top3외),경남 창원시,경남,경남,국내,9
강력범죄,강제추행,기타(Top3외),경남 창원시,경남,경남,국내,229
강력범죄,기타 강간/강제추행등,기타(Top3외),경남 창원시,경남,경남,국내,4
강력범죄,방화,기타(Top3외),경남 창원시,경남,경남,국내,19
절도범죄,절도범죄,기타(Top3외),경남 창원시,경남,경남,국내,3665
폭력범죄,상해,기타(Top3외),경남 창원시,경남,경남,국내,473
폭력범죄,폭행,기타(Top3외),경남 창원시,경남,경남,국내,2150
폭력범죄,체포/감금,기타(Top3외),경남 창원시,경남,경남,국내,13
폭력범죄,협박,기타(Top3외),경남 창원시,경남,경남,국내,459
폭력범죄,약취/유인,기타(Top3외),경남 창원시,경남,경남,국내,2
폭력범죄,폭력행위등,기타(Top3외),경남 창원시,경남,경남,국내,94
폭력범죄,공갈,기타(Top3외),경남 창원시,경남,경남,국내,99
폭력범죄,손괴,기타(Top3외),경남 창원시,경남,경남,국내,1028
지능범죄,직무유기,지능범죄,경남 창원시,경남,경남,국내,16
지능범죄,직권남용,지능범죄,경남 창원시,경남,경남,국내,22
지능범죄,증수뢰,지능범죄,경남 창원시,경남,경남,국내,8
지능범죄,통화,지능범죄,경남 창원시,경남,경남,국내,4
지능범죄,문서/인장,지능범죄,경남 창원시,경남,경남,국내,260
지능범죄,유가증권인지,지능범죄,경남 창원시,경남,경남,국내,1
지능범죄,사기,지능범죄,경남 창원시,경남,경남,국내,7856
지능범죄,횡령,지능범죄,경남 창원시,경남,경남,국내,1135
지능범죄,배임,지능범죄,경남 창원시,경남,경남,국내,86
풍속범죄,성풍속범죄,기타(Top3외),경남 창원시,경남,경남,국내,288
풍속범죄,도박범죄,기타(Top3외),경남 창원시,경남,경남,국내,141
특별경제범죄,특별경제범죄,기타(Top3외),경남 창원시,경남,경남,국내,1786
마약범죄,마약범죄,기타(Top3외),경남 창원시,경남,경남,국내,149
보건범죄,보건범죄,기타(Top3외),경남 창원시,경남,경남,국내,227
환경범죄,환경범죄,기타(Top3외),경남 창원시,경남,경남,국내,65
교통범죄,교통범죄,교통범죄,경남 창원시,경남,경남,국내,3871
노동범죄,노동범죄,기타(Top3외),경남 창원시,경남,경남,국내,2
안보범죄,안보범죄,기타(Top3외),경남 창원시,경남,경남,국내,0
선거범죄,선거범죄,기타(Top3외),경남 창원시,경남,경남,국내,37
병역범죄,병역범죄,기타(Top3외),경남 창원시,경남,경남,국내,149
기타범죄,기타범죄,기타범죄,경남 창원시,경남,경남,국내,4101
강력범죄,살인기수,기타(Top3외),경남 통영시,경남,경남,국내,2
강력범죄,살인미수등,기타(Top3외),경남 통영시,경남,경남,국내,3
강력범죄,강도,기타(Top3외),경남 통영시,경남,경남,국내,3
강력범죄,강간,기타(Top3외),경남 통영시,경남,경남,국내,16
강력범죄,유사강간,기타(Top3외),경남 통영시,경남,경남,국내,1
강력범죄,강제추행,기타(Top3외),경남 통영시,경남,경남,국내,41
강력범죄,기타 강간/강제추행등,기타(Top3외),경남 통영시,경남,경남,국내,1
강력범죄,방화,기타(Top3외),경남 통영시,경남,경남,국내,5
절도범죄,절도범죄,기타(Top3외),경남 통영시,경남,경남,국내,424
폭력범죄,상해,기타(Top3외),경남 통영시,경남,경남,국내,110
폭력범죄,폭행,기타(Top3외),경남 통영시,경남,경남,국내,359
폭력범죄,체포/감금,기타(Top3외),경남 통영시,경남,경남,국내,3
폭력범죄,협박,기타(Top3외),경남 통영시,경남,경남,국내,84
폭력범죄,약취/유인,기타(Top3외),경남 통영시,경남,경남,국내,3
폭력범죄,폭력행위등,기타(Top3외),경남 통영시,경남,경남,국내,23
폭력범죄,공갈,기타(Top3외),경남 통영시,경남,경남,국내,11
폭력범죄,손괴,기타(Top3외),경남 통영시,경남,경남,국내,175
지능범죄,직무유기,지능범죄,경남 통영시,경남,경남,국내,3
지능범죄,직권남용,지능범죄,경남 통영시,경남,경남,국내,3
지능범죄,증수뢰,지능범죄,경남 통영시,경남,경남,국내,0
지능범죄,통화,지능범죄,경남 통영시,경남,경남,국내,0
지능범죄,문서/인장,지능범죄,경남 통영시,경남,경남,국내,21
지능범죄,유가증권인지,지능범죄,경남 통영시,경남,경남,국내,0
지능범죄,사기,지능범죄,경남 통영시,경남,경남,국내,815
지능범죄,횡령,지능범죄,경남 통영시,경남,경남,국내,139
지능범죄,배임,지능범죄,경남 통영시,경남,경남,국내,8
풍속범죄,성풍속범죄,기타(Top3외),경남 통영시,경남,경남,국내,32
풍속범죄,도박범죄,기타(Top3외),경남 통영시,경남,경남,국내,10
특별경제범죄,특별경제범죄,기타(Top3외),경남 통영시,경남,경남,국내,206
마약범죄,마약범죄,기타(Top3외),경남 통영시,경남,경남,국내,14
보건범죄,보건범죄,기타(Top3외),경남 통영시,경남,경남,국내,33
환경범죄,환경범죄,기타(Top3외),경남 통영시,경남,경남,국내,7
교통범죄,교통범죄,교통범죄,경남 통영시,경남,경남,국내,747
노동범죄,노동범죄,기타(Top3외),경남 통영시,경남,경남,국내,1
안보범죄,안보범죄,기타(Top3외),경남 통영시,경남,경남,국내,1
선거범죄,선거범죄,기타(Top3외),경남 통영시,경남,경남,국내,1
병역범죄,병역범죄,기타(Top3외),경남 통영시,경남,경남,국내,15
기타범죄,기타범죄,기타범죄,경남 통영시,경남,경남,국내,590
강력범죄,살인기수,기타(Top3외),경남 함안군,경남,경남,국내,0
강력범죄,살인미수등,기타(Top3외),경남 함안군,경남,경남,국내,0
강력범죄,강도,기타(Top3외),경남 함안군,경남,경남,국내,2
강력범죄,강간,기타(Top3외),경남 함안군,경남,경남,국내,6
강력범죄,유사강간,기타(Top3외),경남 함안군,경남,경남,국내,0
강력범죄,강제추행,기타(Top3외),경남 함안군,경남,경남,국내,6
강력범죄,기타 강간/강제추행등,기타(Top3외),경남 함안군,경남,경남,국내,0
강력범죄,방화,기타(Top3외),경남 함안군,경남,경남,국내,0
절도범죄,절도범죄,기타(Top3외),경남 함안군,경남,경남,국내,89
폭력범죄,상해,기타(Top3외),경남 함안군,경남,경남,국내,13
폭력범죄,폭행,기타(Top3외),경남 함안군,경남,경남,국내,113
폭력범죄,체포/감금,기타(Top3외),경남 함안군,경남,경남,국내,0
폭력범죄,협박,기타(Top3외),경남 함안군,경남,경남,국내,19
폭력범죄,약취/유인,기타(Top3외),경남 함안군,경남,경남,국내,0
폭력범죄,폭력행위등,기타(Top3외),경남 함안군,경남,경남,국내,5
폭력범죄,공갈,기타(Top3외),경남 함안군,경남,경남,국내,3
폭력범죄,손괴,기타(Top3외),경남 함안군,경남,경남,국내,41
지능범죄,직무유기,지능범죄,경남 함안군,경남,경남,국내,1
지능범죄,직권남용,지능범죄,경남 함안군,경남,경남,국내,3
지능범죄,증수뢰,지능범죄,경남 함안군,경남,경남,국내,0
지능범죄,통화,지능범죄,경남 함안군,경남,경남,국내,0
지능범죄,문서/인장,지능범죄,경남 함안군,경남,경남,국내,14
지능범죄,유가증권인지,지능범죄,경남 함안군,경남,경남,국내,0
지능범죄,사기,지능범죄,경남 함안군,경남,경남,국내,552
지능범죄,횡령,지능범죄,경남 함안군,경남,경남,국내,42
지능범죄,배임,지능범죄,경남 함안군,경남,경남,국내,4
풍속범죄,성풍속범죄,기타(Top3외),경남 함안군,경남,경남,국내,12
풍속범죄,도박범죄,기타(Top3외),경남 함안군,경남,경남,국내,4
특별경제범죄,특별경제범죄,기타(Top3외),경남 함안군,경남,경남,국내,58
마약범죄,마약범죄,기타(Top3외),경남 함안군,경남,경남,국내,4
보건범죄,보건범죄,기타(Top3외),경남 함안군,경남,경남,국내,8
환경범죄,환경범죄,기타(Top3외),경남 함안군,경남,경남,국내,50
교통범죄,교통범죄,교통범죄,경남 함안군,경남,경남,국내,357
노동범죄,노동범죄,기타(Top3외),경남 함안군,경남,경남,국내,0
안보범죄,안보범죄,기타(Top3외),경남 함안군,경남,경남,국내,0
선거범죄,선거범죄,기타(Top3외),경남 함안군,경남,경남,국내,2
병역범죄,병역범죄,기타(Top3외),경남 함안군,경남,경남,국내,5
기타범죄,기타범죄,기타범죄,경남 함안군,경남,경남,국내,244
강력범죄,살인기수,기타(Top3외),경남 거창군,경남,경남,국내,0
강력범죄,살인미수등,기타(Top3외),경남 거창군,경남,경남,국내,1
강력범죄,강도,기타(Top3외),경남 거창군,경남,경남,국내,1
강력범죄,강간,기타(Top3외),경남 거창군,경남,경남,국내,5
강력범죄,유사강간,기타(Top3외),경남 거창군,경남,경남,국내,1
강력범죄,강제추행,기타(Top3외),경남 거창군,경남,경남,국내,6
강력범죄,기타 강간/강제추행등,기타(Top3외),경남 거창군,경남,경남,국내,0
강력범죄,방화,기타(Top3외),경남 거창군,경남,경남,국내,2
절도범죄,절도범죄,기타(Top3외),경남 거창군,경남,경남,국내,128
폭력범죄,상해,기타(Top3외),경남 거창군,경남,경남,국내,41
폭력범죄,폭행,기타(Top3외),경남 거창군,경남,경남,국내,87
폭력범죄,체포/감금,기타(Top3외),경남 거창군,경남,경남,국내,0
폭력범죄,협박,기타(Top3외),경남 거창군,경남,경남,국내,30
폭력범죄,약취/유인,기타(Top3외),경남 거창군,경남,경남,국내,0
폭력범죄,폭력행위등,기타(Top3외),경남 거창군,경남,경남,국내,6
폭력범죄,공갈,기타(Top3외),경남 거창군,경남,경남,국내,2
폭력범죄,손괴,기타(Top3외),경남 거창군,경남,경남,국내,55
지능범죄,직무유기,지능범죄,경남 거창군,경남,경남,국내,5
지능범죄,직권남용,지능범죄,경남 거창군,경남,경남,국내,0
지능범죄,증수뢰,지능범죄,경남 거창군,경남,경남,국내,0
지능범죄,통화,지능범죄,경남 거창군,경남,경남,국내,0
지능범죄,문서/인장,지능범죄,경남 거창군,경남,경남,국내,13
지능범죄,유가증권인지,지능범죄,경남 거창군,경남,경남,국내,0
지능범죄,사기,지능범죄,경남 거창군,경남,경남,국내,374
지능범죄,횡령,지능범죄,경남 거창군,경남,경남,국내,34
지능범죄,배임,지능범죄,경남 거창군,경남,경남,국내,6
풍속범죄,성풍속범죄,기타(Top3외),경남 거창군,경남,경남,국내,5
풍속범죄,도박범죄,기타(Top3외),경남 거창군,경남,경남,국내,3
특별경제범죄,특별경제범죄,기타(Top3외),경남 거창군,경남,경남,국내,39
마약범죄,마약범죄,기타(Top3외),경남 거창군,경남,경남,국내,4
보건범죄,보건범죄,기타(Top3외),경남 거창군,경남,경남,국내,5
환경범죄,환경범죄,기타(Top3외),경남 거창군,경남,경남,국내,2
교통범죄,교통범죄,교통범죄,경남 거창군,경남,경남,국내,197
노동범죄,노동범죄,기타(Top3외),경남 거창군,경남,경남,국내,0
안보범죄,안보범죄,기타(Top3외),경남 거창군,경남,경남,국내,1
선거범죄,선거범죄,기타(Top3외),경남 거창군,경남,경남,국내,0
병역범죄,병역범죄,기타(Top3외),경남 거창군,경남,경남,국내,5
기타범죄,기타범죄,기타범죄,경남 거창군,경남,경남,국내,217
강력범죄,살인기수,기타(Top3외),경남 창녕군,경남,경남,국내,2
강력범죄,살인미수등,기타(Top3외),경남 창녕군,경남,경남,국내,1
강력범죄,강도,기타(Top3외),경남 창녕군,경남,경남,국내,1
강력범죄,강간,기타(Top3외),경남 창녕군,경남,경남,국내,3
강력범죄,유사강간,기타(Top3외),경남 창녕군,경남,경남,국내,0
강력범죄,강제추행,기타(Top3외),경남 창녕군,경남,경남,국내,11
강력범죄,기타 강간/강제추행등,기타(Top3외),경남 창녕군,경남,경남,국내,0
강력범죄,방화,기타(Top3외),경남 창녕군,경남,경남,국내,1
절도범죄,절도범죄,기타(Top3외),경남 창녕군,경남,경남,국내,155
폭력범죄,상해,기타(Top3외),경남 창녕군,경남,경남,국내,51
폭력범죄,폭행,기타(Top3외),경남 창녕군,경남,경남,국내,80
폭력범죄,체포/감금,기타(Top3외),경남 창녕군,경남,경남,국내,3
폭력범죄,협박,기타(Top3외),경남 창녕군,경남,경남,국내,26
폭력범죄,약취/유인,기타(Top3외),경남 창녕군,경남,경남,국내,0
폭력범죄,폭력행위등,기타(Top3외),경남 창녕군,경남,경남,국내,5
폭력범죄,공갈,기타(Top3외),경남 창녕군,경남,경남,국내,6
폭력범죄,손괴,기타(Top3외),경남 창녕군,경남,경남,국내,52
지능범죄,직무유기,지능범죄,경남 창녕군,경남,경남,국내,1
지능범죄,직권남용,지능범죄,경남 창녕군,경남,경남,국내,0
지능범죄,증수뢰,지능범죄,경남 창녕군,경남,경남,국내,1
지능범죄,통화,지능범죄,경남 창녕군,경남,경남,국내,1
지능범죄,문서/인장,지능범죄,경남 창녕군,경남,경남,국내,13
지능범죄,유가증권인지,지능범죄,경남 창녕군,경남,경남,국내,0
지능범죄,사기,지능범죄,경남 창녕군,경남,경남,국내,528
지능범죄,횡령,지능범죄,경남 창녕군,경남,경남,국내,34
지능범죄,배임,지능범죄,경남 창녕군,경남,경남,국내,7
풍속범죄,성풍속범죄,기타(Top3외),경남 창녕군,경남,경남,국내,8
풍속범죄,도박범죄,기타(Top3외),경남 창녕군,경남,경남,국내,7
특별경제범죄,특별경제범죄,기타(Top3외),경남 창녕군,경남,경남,국내,83
마약범죄,마약범죄,기타(Top3외),경남 창녕군,경남,경남,국내,12
보건범죄,보건범죄,기타(Top3외),경남 창녕군,경남,경남,국내,9
환경범죄,환경범죄,기타(Top3외),경남 창녕군,경남,경남,국내,33
교통범죄,교통범죄,교통범죄,경남 창녕군,경남,경남,국내,335
노동범죄,노동범죄,기타(Top3외),경남 창녕군,경남,경남,국내,1
안보범죄,안보범죄,기타(Top3외),경남 창녕군,경남,경남,국내,0
선거범죄,선거범죄,기타(Top3외),경남 창녕군,경남,경남,국내,1
병역범죄,병역범죄,기타(Top3외),경남 창녕군,경남,경남,국내,2
기타범죄,기타범죄,기타범죄,경남 창녕군,경남,경남,국내,234
강력범죄,살인기수,기타(Top3외),경남 고성군,경남,경남,국내,0
강력범죄,살인미수등,기타(Top3외),경남 고성군,경남,경남,국내,2
강력범죄,강도,기타(Top3외),경남 고성군,경남,경남,국내,0
강력범죄,강간,기타(Top3외),경남 고성군,경남,경남,국내,6
강력범죄,유사강간,기타(Top3외),경남 고성군,경남,경남,국내,0
강력범죄,강제추행,기타(Top3외),경남 고성군,경남,경남,국내,14
강력범죄,기타 강간/강제추행등,기타(Top3외),경남 고성군,경남,경남,국내,0
강력범죄,방화,기타(Top3외),경남 고성군,경남,경남,국내,1
절도범죄,절도범죄,기타(Top3외),경남 고성군,경남,경남,국내,126
폭력범죄,상해,기타(Top3외),경남 고성군,경남,경남,국내,42
폭력범죄,폭행,기타(Top3외),경남 고성군,경남,경남,국내,59
폭력범죄,체포/감금,기타(Top3외),경남 고성군,경남,경남,국내,0
폭력범죄,협박,기타(Top3외),경남 고성군,경남,경남,국내,19
폭력범죄,약취/유인,기타(Top3외),경남 고성군,경남,경남,국내,0
폭력범죄,폭력행위등,기타(Top3외),경남 고성군,경남,경남,국내,5
폭력범죄,공갈,기타(Top3외),경남 고성군,경남,경남,국내,2
폭력범죄,손괴,기타(Top3외),경남 고성군,경남,경남,국내,48
지능범죄,직무유기,지능범죄,경남 고성군,경남,경남,국내,1
지능범죄,직권남용,지능범죄,경남 고성군,경남,경남,국내,0
지능범죄,증수뢰,지능범죄,경남 고성군,경남,경남,국내,1
지능범죄,통화,지능범죄,경남 고성군,경남,경남,국내,0
지능범죄,문서/인장,지능범죄,경남 고성군,경남,경남,국내,17
지능범죄,유가증권인지,지능범죄,경남 고성군,경남,경남,국내,0
지능범죄,사기,지능범죄,경남 고성군,경남,경남,국내,410
지능범죄,횡령,지능범죄,경남 고성군,경남,경남,국내,24
지능범죄,배임,지능범죄,경남 고성군,경남,경남,국내,3
풍속범죄,성풍속범죄,기타(Top3외),경남 고성군,경남,경남,국내,4
풍속범죄,도박범죄,기타(Top3외),경남 고성군,경남,경남,국내,3
특별경제범죄,특별경제범죄,기타(Top3외),경남 고성군,경남,경남,국내,29
마약범죄,마약범죄,기타(Top3외),경남 고성군,경남,경남,국내,9
보건범죄,보건범죄,기타(Top3외),경남 고성군,경남,경남,국내,5
환경범죄,환경범죄,기타(Top3외),경남 고성군,경남,경남,국내,9
교통범죄,교통범죄,교통범죄,경남 고성군,경남,경남,국내,284
노동범죄,노동범죄,기타(Top3외),경남 고성군,경남,경남,국내,0
안보범죄,안보범죄,기타(Top3외),경남 고성군,경남,경남,국내,0
선거범죄,선거범죄,기타(Top3외),경남 고성군,경남,경남,국내,1
병역범죄,병역범죄,기타(Top3외),경남 고성군,경남,경남,국내,11
기타범죄,기타범죄,기타범죄,경남 고성군,경남,경남,국내,174
강력범죄,살인기수,기타(Top3외),경남 하동군,경남,경남,국내,0
강력범죄,살인미수등,기타(Top3외),경남 하동군,경남,경남,국내,1
강력범죄,강도,기타(Top3외),경남 하동군,경남,경남,국내,1
강력범죄,강간,기타(Top3외),경남 하동군,경남,경남,국내,2
강력범죄,유사강간,기타(Top3외),경남 하동군,경남,경남,국내,2
강력범죄,강제추행,기타(Top3외),경남 하동군,경남,경남,국내,8
강력범죄,기타 강간/강제추행등,기타(Top3외),경남 하동군,경남,경남,국내,0
강력범죄,방화,기타(Top3외),경남 하동군,경남,경남,국내,3
절도범죄,절도범죄,기타(Top3외),경남 하동군,경남,경남,국내,95
폭력범죄,상해,기타(Top3외),경남 하동군,경남,경남,국내,23
폭력범죄,폭행,기타(Top3외),경남 하동군,경남,경남,국내,78
폭력범죄,체포/감금,기타(Top3외),경남 하동군,경남,경남,국내,0
폭력범죄,협박,기타(Top3외),경남 하동군,경남,경남,국내,20
폭력범죄,약취/유인,기타(Top3외),경남 하동군,경남,경남,국내,0
폭력범죄,폭력행위등,기타(Top3외),경남 하동군,경남,경남,국내,2
폭력범죄,공갈,기타(Top3외),경남 하동군,경남,경남,국내,2
폭력범죄,손괴,기타(Top3외),경남 하동군,경남,경남,국내,33
지능범죄,직무유기,지능범죄,경남 하동군,경남,경남,국내,0
지능범죄,직권남용,지능범죄,경남 하동군,경남,경남,국내,0
지능범죄,증수뢰,지능범죄,경남 하동군,경남,경남,국내,0
지능범죄,통화,지능범죄,경남 하동군,경남,경남,국내,0
지능범죄,문서/인장,지능범죄,경남 하동군,경남,경남,국내,7
지능범죄,유가증권인지,지능범죄,경남 하동군,경남,경남,국내,0
지능범죄,사기,지능범죄,경남 하동군,경남,경남,국내,271
지능범죄,횡령,지능범죄,경남 하동군,경남,경남,국내,21
지능범죄,배임,지능범죄,경남 하동군,경남,경남,국내,1
풍속범죄,성풍속범죄,기타(Top3외),경남 하동군,경남,경남,국내,9
풍속범죄,도박범죄,기타(Top3외),경남 하동군,경남,경남,국내,3
특별경제범죄,특별경제범죄,기타(Top3외),경남 하동군,경남,경남,국내,51
마약범죄,마약범죄,기타(Top3외),경남 하동군,경남,경남,국내,6
보건범죄,보건범죄,기타(Top3외),경남 하동군,경남,경남,국내,9
환경범죄,환경범죄,기타(Top3외),경남 하동군,경남,경남,국내,11
교통범죄,교통범죄,교통범죄,경남 하동군,경남,경남,국내,246
노동범죄,노동범죄,기타(Top3외),경남 하동군,경남,경남,국내,0
안보범죄,안보범죄,기타(Top3외),경남 하동군,경남,경남,국내,0
선거범죄,선거범죄,기타(Top3외),경남 하동군,경남,경남,국내,3
병역범죄,병역범죄,기타(Top3외),경남 하동군,경남,경남,국내,5
기타범죄,기타범죄,기타범죄,경남 하동군,경남,경남,국내,126
강력범죄,살인기수,기타(Top3외),경남 합천군,경남,경남,국내,0
강력범죄,살인미수등,기타(Top3외),경남 합천군,경남,경남,국내,0
강력범죄,강도,기타(Top3외),경남 합천군,경남,경남,국내,0
강력범죄,강간,기타(Top3외),경남 합천군,경남,경남,국내,0
강력범죄,유사강간,기타(Top3외),경남 합천군,경남,경남,국내,0
강력범죄,강제추행,기타(Top3외),경남 합천군,경남,경남,국내,3
강력범죄,기타 강간/강제추행등,기타(Top3외),경남 합천군,경남,경남,국내,0
강력범죄,방화,기타(Top3외),경남 합천군,경남,경남,국내,2
절도범죄,절도범죄,기타(Top3외),경남 합천군,경남,경남,국내,99
폭력범죄,상해,기타(Top3외),경남 합천군,경남,경남,국내,35
폭력범죄,폭행,기타(Top3외),경남 합천군,경남,경남,국내,59
폭력범죄,체포/감금,기타(Top3외),경남 합천군,경남,경남,국내,0
폭력범죄,협박,기타(Top3외),경남 합천군,경남,경남,국내,15
폭력범죄,약취/유인,기타(Top3외),경남 합천군,경남,경남,국내,0
폭력범죄,폭력행위등,기타(Top3외),경남 합천군,경남,경남,국내,1
폭력범죄,공갈,기타(Top3외),경남 합천군,경남,경남,국내,2
폭력범죄,손괴,기타(Top3외),경남 합천군,경남,경남,국내,38
지능범죄,직무유기,지능범죄,경남 합천군,경남,경남,국내,2
지능범죄,직권남용,지능범죄,경남 합천군,경남,경남,국내,0
지능범죄,증수뢰,지능범죄,경남 합천군,경남,경남,국내,1
지능범죄,통화,지능범죄,경남 합천군,경남,경남,국내,0
지능범죄,문서/인장,지능범죄,경남 합천군,경남,경남,국내,6
지능범죄,유가증권인지,지능범죄,경남 합천군,경남,경남,국내,0
지능범죄,사기,지능범죄,경남 합천군,경남,경남,국내,195
지능범죄,횡령,지능범죄,경남 합천군,경남,경남,국내,30
지능범죄,배임,지능범죄,경남 합천군,경남,경남,국내,3
풍속범죄,성풍속범죄,기타(Top3외),경남 합천군,경남,경남,국내,6
풍속범죄,도박범죄,기타(Top3외),경남 합천군,경남,경남,국내,3
특별경제범죄,특별경제범죄,기타(Top3외),경남 합천군,경남,경남,국내,36
마약범죄,마약범죄,기타(Top3외),경남 합천군,경남,경남,국내,24
보건범죄,보건범죄,기타(Top3외),경남 합천군,경남,경남,국내,14
환경범죄,환경범죄,기타(Top3외),경남 합천군,경남,경남,국내,2
교통범죄,교통범죄,교통범죄,경남 합천군,경남,경남,국내,166
노동범죄,노동범죄,기타(Top3외),경남 합천군,경남,경남,국내,0
안보범죄,안보범죄,기타(Top3외),경남 합천군,경남,경남,국내,0
선거범죄,선거범죄,기타(Top3외),경남 합천군,경남,경남,국내,2
병역범죄,병역범죄,기타(Top3외),경남 합천군,경남,경남,국내,14
기타범죄,기타범죄,기타범죄,경남 합천군,경남,경남,국내,168
강력범죄,살인기수,기타(Top3외),경남 남해군,경남,경남,국내,0
강력범죄,살인미수등,기타(Top3외),경남 남해군,경남,경남,국내,1
강력범죄,강도,기타(Top3외),경남 남해군,경남,경남,국내,0
강력범죄,강간,기타(Top3외),경남 남해군,경남,경남,국내,1
강력범죄,유사강간,기타(Top3외),경남 남해군,경남,경남,국내,1
강력범죄,강제추행,기타(Top3외),경남 남해군,경남,경남,국내,9
강력범죄,기타 강간/강제추행등,기타(Top3외),경남 남해군,경남,경남,국내,0
강력범죄,방화,기타(Top3외),경남 남해군,경남,경남,국내,2
절도범죄,절도범죄,기타(Top3외),경남 남해군,경남,경남,국내,65
폭력범죄,상해,기타(Top3외),경남 남해군,경남,경남,국내,26
폭력범죄,폭행,기타(Top3외),경남 남해군,경남,경남,국내,47
폭력범죄,체포/감금,기타(Top3외),경남 남해군,경남,경남,국내,2
폭력범죄,협박,기타(Top3외),경남 남해군,경남,경남,국내,7
폭력범죄,약취/유인,기타(Top3외),경남 남해군,경남,경남,국내,0
폭력범죄,폭력행위등,기타(Top3외),경남 남해군,경남,경남,국내,5
폭력범죄,공갈,기타(Top3외),경남 남해군,경남,경남,국내,5
폭력범죄,손괴,기타(Top3외),경남 남해군,경남,경남,국내,24
지능범죄,직무유기,지능범죄,경남 남해군,경남,경남,국내,0
지능범죄,직권남용,지능범죄,경남 남해군,경남,경남,국내,1
지능범죄,증수뢰,지능범죄,경남 남해군,경남,경남,국내,0
지능범죄,통화,지능범죄,경남 남해군,경남,경남,국내,0
지능범죄,문서/인장,지능범죄,경남 남해군,경남,경남,국내,9
지능범죄,유가증권인지,지능범죄,경남 남해군,경남,경남,국내,0
지능범죄,사기,지능범죄,경남 남해군,경남,경남,국내,243
지능범죄,횡령,지능범죄,경남 남해군,경남,경남,국내,28
지능범죄,배임,지능범죄,경남 남해군,경남,경남,국내,2
풍속범죄,성풍속범죄,기타(Top3외),경남 남해군,경남,경남,국내,3
풍속범죄,도박범죄,기타(Top3외),경남 남해군,경남,경남,국내,1
특별경제범죄,특별경제범죄,기타(Top3외),경남 남해군,경남,경남,국내,26
마약범죄,마약범죄,기타(Top3외),경남 남해군,경남,경남,국내,4
보건범죄,보건범죄,기타(Top3외),경남 남해군,경남,경남,국내,0
환경범죄,환경범죄,기타(Top3외),경남 남해군,경남,경남,국내,9
교통범죄,교통범죄,교통범죄,경남 남해군,경남,경남,국내,175
노동범죄,노동범죄,기타(Top3외),경남 남해군,경남,경남,국내,0
안보범죄,안보범죄,기타(Top3외),경남 남해군,경남,경남,국내,0
선거범죄,선거범죄,기타(Top3외),경남 남해군,경남,경남,국내,3
병역범죄,병역범죄,기타(Top3외),경남 남해군,경남,경남,국내,5
기타범죄,기타범죄,기타범죄,경남 남해군,경남,경남,국내,100
강력범죄,살인기수,기타(Top3외),경남 함양군,경남,경남,국내,0
강력범죄,살인미수등,기타(Top3외),경남 함양군,경남,경남,국내,0
강력범죄,강도,기타(Top3외),경남 함양군,경남,경남,국내,0
강력범죄,강간,기타(Top3외),경남 함양군,경남,경남,국내,1
강력범죄,유사강간,기타(Top3외),경남 함양군,경남,경남,국내,1
강력범죄,강제추행,기타(Top3외),경남 함양군,경남,경남,국내,7
강력범죄,기타 강간/강제추행등,기타(Top3외),경남 함양군,경남,경남,국내,0
강력범죄,방화,기타(Top3외),경남 함양군,경남,경남,국내,0
절도범죄,절도범죄,기타(Top3외),경남 함양군,경남,경남,국내,63
폭력범죄,상해,기타(Top3외),경남 함양군,경남,경남,국내,32
폭력범죄,폭행,기타(Top3외),경남 함양군,경남,경남,국내,33
폭력범죄,체포/감금,기타(Top3외),경남 함양군,경남,경남,국내,2
폭력범죄,협박,기타(Top3외),경남 함양군,경남,경남,국내,22
폭력범죄,약취/유인,기타(Top3외),경남 함양군,경남,경남,국내,1
폭력범죄,폭력행위등,기타(Top3외),경남 함양군,경남,경남,국내,1
폭력범죄,공갈,기타(Top3외),경남 함양군,경남,경남,국내,1
폭력범죄,손괴,기타(Top3외),경남 함양군,경남,경남,국내,18
지능범죄,직무유기,지능범죄,경남 함양군,경남,경남,국내,1
지능범죄,직권남용,지능범죄,경남 함양군,경남,경남,국내,1
지능범죄,증수뢰,지능범죄,경남 함양군,경남,경남,국내,1
지능범죄,통화,지능범죄,경남 함양군,경남,경남,국내,0
지능범죄,문서/인장,지능범죄,경남 함양군,경남,경남,국내,9
지능범죄,유가증권인지,지능범죄,경남 함양군,경남,경남,국내,0
지능범죄,사기,지능범죄,경남 함양군,경남,경남,국내,192
지능범죄,횡령,지능범죄,경남 함양군,경남,경남,국내,18
지능범죄,배임,지능범죄,경남 함양군,경남,경남,국내,2
풍속범죄,성풍속범죄,기타(Top3외),경남 함양군,경남,경남,국내,5
풍속범죄,도박범죄,기타(Top3외),경남 함양군,경남,경남,국내,5
특별경제범죄,특별경제범죄,기타(Top3외),경남 함양군,경남,경남,국내,48
마약범죄,마약범죄,기타(Top3외),경남 함양군,경남,경남,국내,2
보건범죄,보건범죄,기타(Top3외),경남 함양군,경남,경남,국내,6
환경범죄,환경범죄,기타(Top3외),경남 함양군,경남,경남,국내,1
교통범죄,교통범죄,교통범죄,경남 함양군,경남,경남,국내,272
노동범죄,노동범죄,기타(Top3외),경남 함양군,경남,경남,국내,0
안보범죄,안보범죄,기타(Top3외),경남 함양군,경남,경남,국내,0
선거범죄,선거범죄,기타(Top3외),경남 함양군,경남,경남,국내,1
병역범죄,병역범죄,기타(Top3외),경남 함양군,경남,경남,국내,1
기타범죄,기타범죄,기타범죄,경남 함양군,경남,경남,국내,143
강력범죄,살인기수,기타(Top3외),경남 산청군,경남,경남,국내,0
강력범죄,살인미수등,기타(Top3외),경남 산청군,경남,경남,국내,2
강력범죄,강도,기타(Top3외),경남 산청군,경남,경남,국내,0
강력범죄,강간,기타(Top3외),경남 산청군,경남,경남,국내,1
강력범죄,유사강간,기타(Top3외),경남 산청군,경남,경남,국내,1
강력범죄,강제추행,기타(Top3외),경남 산청군,경남,경남,국내,6
강력범죄,기타 강간/강제추행등,기타(Top3외),경남 산청군,경남,경남,국내,0
강력범죄,방화,기타(Top3외),경남 산청군,경남,경남,국내,0
절도범죄,절도범죄,기타(Top3외),경남 산청군,경남,경남,국내,45
폭력범죄,상해,기타(Top3외),경남 산청군,경남,경남,국내,6
폭력범죄,폭행,기타(Top3외),경남 산청군,경남,경남,국내,48
폭력범죄,체포/감금,기타(Top3외),경남 산청군,경남,경남,국내,0
폭력범죄,협박,기타(Top3외),경남 산청군,경남,경남,국내,9
폭력범죄,약취/유인,기타(Top3외),경남 산청군,경남,경남,국내,0
폭력범죄,폭력행위등,기타(Top3외),경남 산청군,경남,경남,국내,1
폭력범죄,공갈,기타(Top3외),경남 산청군,경남,경남,국내,4
폭력범죄,손괴,기타(Top3외),경남 산청군,경남,경남,국내,29
지능범죄,직무유기,지능범죄,경남 산청군,경남,경남,국내,1
지능범죄,직권남용,지능범죄,경남 산청군,경남,경남,국내,0
지능범죄,증수뢰,지능범죄,경남 산청군,경남,경남,국내,0
지능범죄,통화,지능범죄,경남 산청군,경남,경남,국내,0
지능범죄,문서/인장,지능범죄,경남 산청군,경남,경남,국내,12
지능범죄,유가증권인지,지능범죄,경남 산청군,경남,경남,국내,0
지능범죄,사기,지능범죄,경남 산청군,경남,경남,국내,124
지능범죄,횡령,지능범죄,경남 산청군,경남,경남,국내,16
지능범죄,배임,지능범죄,경남 산청군,경남,경남,국내,1
풍속범죄,성풍속범죄,기타(Top3외),경남 산청군,경남,경남,국내,1
풍속범죄,도박범죄,기타(Top3외),경남 산청군,경남,경남,국내,1
특별경제범죄,특별경제범죄,기타(Top3외),경남 산청군,경남,경남,국내,30
마약범죄,마약범죄,기타(Top3외),경남 산청군,경남,경남,국내,5
보건범죄,보건범죄,기타(Top3외),경남 산청군,경남,경남,국내,4
환경범죄,환경범죄,기타(Top3외),경남 산청군,경남,경남,국내,3
교통범죄,교통범죄,교통범죄,경남 산청군,경남,경남,국내,187
노동범죄,노동범죄,기타(Top3외),경남 산청군,경남,경남,국내,0
안보범죄,안보범죄,기타(Top3외),경남 산청군,경남,경남,국내,0
선거범죄,선거범죄,기타(Top3외),경남 산청군,경남,경남,국내,1
병역범죄,병역범죄,기타(Top3외),경남 산청군,경남,경남,국내,2
기타범죄,기타범죄,기타범죄,경남 산청군,경남,경남,국내,97
강력범죄,살인기수,기타(Top3외),경남 의령군,경남,경남,국내,0
강력범죄,살인미수등,기타(Top3외),경남 의령군,경남,경남,국내,0
강력범죄,강도,기타(Top3외),경남 의령군,경남,경남,국내,0
강력범죄,강간,기타(Top3외),경남 의령군,경남,경남,국내,2
강력범죄,유사강간,기타(Top3외),경남 의령군,경남,경남,국내,0
강력범죄,강제추행,기타(Top3외),경남 의령군,경남,경남,국내,5
강력범죄,기타 강간/강제추행등,기타(Top3외),경남 의령군,경남,경남,국내,0
강력범죄,방화,기타(Top3외),경남 의령군,경남,경남,국내,2
절도범죄,절도범죄,기타(Top3외),경남 의령군,경남,경남,국내,40
폭력범죄,상해,기타(Top3외),경남 의령군,경남,경남,국내,19
폭력범죄,폭행,기타(Top3외),경남 의령군,경남,경남,국내,52
폭력범죄,체포/감금,기타(Top3외),경남 의령군,경남,경남,국내,0
폭력범죄,협박,기타(Top3외),경남 의령군,경남,경남,국내,18
폭력범죄,약취/유인,기타(Top3외),경남 의령군,경남,경남,국내,0
폭력범죄,폭력행위등,기타(Top3외),경남 의령군,경남,경남,국내,0
폭력범죄,공갈,기타(Top3외),경남 의령군,경남,경남,국내,7
폭력범죄,손괴,기타(Top3외),경남 의령군,경남,경남,국내,30
지능범죄,직무유기,지능범죄,경남 의령군,경남,경남,국내,2
지능범죄,직권남용,지능범죄,경남 의령군,경남,경남,국내,2
지능범죄,증수뢰,지능범죄,경남 의령군,경남,경남,국내,0
지능범죄,통화,지능범죄,경남 의령군,경남,경남,국내,0
지능범죄,문서/인장,지능범죄,경남 의령군,경남,경남,국내,8
지능범죄,유가증권인지,지능범죄,경남 의령군,경남,경남,국내,0
지능범죄,사기,지능범죄,경남 의령군,경남,경남,국내,179
지능범죄,횡령,지능범죄,경남 의령군,경남,경남,국내,19
지능범죄,배임,지능범죄,경남 의령군,경남,경남,국내,5
풍속범죄,성풍속범죄,기타(Top3외),경남 의령군,경남,경남,국내,4
풍속범죄,도박범죄,기타(Top3외),경남 의령군,경남,경남,국내,5
특별경제범죄,특별경제범죄,기타(Top3외),경남 의령군,경남,경남,국내,32
마약범죄,마약범죄,기타(Top3외),경남 의령군,경남,경남,국내,10
보건범죄,보건범죄,기타(Top3외),경남 의령군,경남,경남,국내,5
환경범죄,환경범죄,기타(Top3외),경남 의령군,경남,경남,국내,10
교통범죄,교통범죄,교통범죄,경남 의령군,경남,경남,국내,89
노동범죄,노동범죄,기타(Top3외),경남 의령군,경남,경남,국내,0
안보범죄,안보범죄,기타(Top3외),경남 의령군,경남,경남,국내,0
선거범죄,선거범죄,기타(Top3외),경남 의령군,경남,경남,국내,3
병역범죄,병역범죄,기타(Top3외),경남 의령군,경남,경남,국내,0
기타범죄,기타범죄,기타범죄,경남 의령군,경남,경남,국내,100
강력범죄,살인기수,기타(Top3외),제주 서귀포시,제주,기타(Top5외),국내,0
강력범죄,살인미수등,기타(Top3외),제주 서귀포시,제주,기타(Top5외),국내,4
강력범죄,강도,기타(Top3외),제주 서귀포시,제주,기타(Top5외),국내,5
강력범죄,강간,기타(Top3외),제주 서귀포시,제주,기타(Top5외),국내,21
강력범죄,유사강간,기타(Top3외),제주 서귀포시,제주,기타(Top5외),국내,3
강력범죄,강제추행,기타(Top3외),제주 서귀포시,제주,기타(Top5외),국내,64
강력범죄,기타 강간/강제추행등,기타(Top3외),제주 서귀포시,제주,기타(Top5외),국내,3
강력범죄,방화,기타(Top3외),제주 서귀포시,제주,기타(Top5외),국내,4
절도범죄,절도범죄,기타(Top3외),제주 서귀포시,제주,기타(Top5외),국내,791
폭력범죄,상해,기타(Top3외),제주 서귀포시,제주,기타(Top5외),국내,130
폭력범죄,폭행,기타(Top3외),제주 서귀포시,제주,기타(Top5외),국내,506
폭력범죄,체포/감금,기타(Top3외),제주 서귀포시,제주,기타(Top5외),국내,4
폭력범죄,협박,기타(Top3외),제주 서귀포시,제주,기타(Top5외),국내,139
폭력범죄,약취/유인,기타(Top3외),제주 서귀포시,제주,기타(Top5외),국내,0
폭력범죄,폭력행위등,기타(Top3외),제주 서귀포시,제주,기타(Top5외),국내,26
폭력범죄,공갈,기타(Top3외),제주 서귀포시,제주,기타(Top5외),국내,28
폭력범죄,손괴,기타(Top3외),제주 서귀포시,제주,기타(Top5외),국내,397
지능범죄,직무유기,지능범죄,제주 서귀포시,제주,기타(Top5외),국내,5
지능범죄,직권남용,지능범죄,제주 서귀포시,제주,기타(Top5외),국내,41
지능범죄,증수뢰,지능범죄,제주 서귀포시,제주,기타(Top5외),국내,1
지능범죄,통화,지능범죄,제주 서귀포시,제주,기타(Top5외),국내,1
지능범죄,문서/인장,지능범죄,제주 서귀포시,제주,기타(Top5외),국내,44
지능범죄,유가증권인지,지능범죄,제주 서귀포시,제주,기타(Top5외),국내,0
지능범죄,사기,지능범죄,제주 서귀포시,제주,기타(Top5외),국내,1950
지능범죄,횡령,지능범죄,제주 서귀포시,제주,기타(Top5외),국내,235
지능범죄,배임,지능범죄,제주 서귀포시,제주,기타(Top5외),국내,20
풍속범죄,성풍속범죄,기타(Top3외),제주 서귀포시,제주,기타(Top5외),국내,54
풍속범죄,도박범죄,기타(Top3외),제주 서귀포시,제주,기타(Top5외),국내,29
특별경제범죄,특별경제범죄,기타(Top3외),제주 서귀포시,제주,기타(Top5외),국내,341
마약범죄,마약범죄,기타(Top3외),제주 서귀포시,제주,기타(Top5외),국내,15
보건범죄,보건범죄,기타(Top3외),제주 서귀포시,제주,기타(Top5외),국내,33
환경범죄,환경범죄,기타(Top3외),제주 서귀포시,제주,기타(Top5외),국내,2
교통범죄,교통범죄,교통범죄,제주 서귀포시,제주,기타(Top5외),국내,1344
노동범죄,노동범죄,기타(Top3외),제주 서귀포시,제주,기타(Top5외),국내,11
안보범죄,안보범죄,기타(Top3외),제주 서귀포시,제주,기타(Top5외),국내,0
선거범죄,선거범죄,기타(Top3외),제주 서귀포시,제주,기타(Top5외),국내,6
병역범죄,병역범죄,기타(Top3외),제주 서귀포시,제주,기타(Top5외),국내,53
기타범죄,기타범죄,기타범죄,제주 서귀포시,제주,기타(Top5외),국내,1246
강력범죄,살인기수,기타(Top3외),제주 제주시,제주,기타(Top5외),국내,1
강력범죄,살인미수등,기타(Top3외),제주 제주시,제주,기타(Top5외),국내,8
강력범죄,강도,기타(Top3외),제주 제주시,제주,기타(Top5외),국내,6
강력범죄,강간,기타(Top3외),제주 제주시,제주,기타(Top5외),국내,77
강력범죄,유사강간,기타(Top3외),제주 제주시,제주,기타(Top5외),국내,6
강력범죄,강제추행,기타(Top3외),제주 제주시,제주,기타(Top5외),국내,183
강력범죄,기타 강간/강제추행등,기타(Top3외),제주 제주시,제주,기타(Top5외),국내,1
강력범죄,방화,기타(Top3외),제주 제주시,제주,기타(Top5외),국내,15
절도범죄,절도범죄,기타(Top3외),제주 제주시,제주,기타(Top5외),국내,2257
폭력범죄,상해,기타(Top3외),제주 제주시,제주,기타(Top5외),국내,247
폭력범죄,폭행,기타(Top3외),제주 제주시,제주,기타(Top5외),국내,1683
폭력범죄,체포/감금,기타(Top3외),제주 제주시,제주,기타(Top5외),국내,9
폭력범죄,협박,기타(Top3외),제주 제주시,제주,기타(Top5외),국내,376
폭력범죄,약취/유인,기타(Top3외),제주 제주시,제주,기타(Top5외),국내,4
폭력범죄,폭력행위등,기타(Top3외),제주 제주시,제주,기타(Top5외),국내,78
폭력범죄,공갈,기타(Top3외),제주 제주시,제주,기타(Top5외),국내,95
폭력범죄,손괴,기타(Top3외),제주 제주시,제주,기타(Top5외),국내,809
지능범죄,직무유기,지능범죄,제주 제주시,제주,기타(Top5외),국내,27
지능범죄,직권남용,지능범죄,제주 제주시,제주,기타(Top5외),국내,53
지능범죄,증수뢰,지능범죄,제주 제주시,제주,기타(Top5외),국내,5
지능범죄,통화,지능범죄,제주 제주시,제주,기타(Top5외),국내,6
지능범죄,문서/인장,지능범죄,제주 제주시,제주,기타(Top5외),국내,141
지능범죄,유가증권인지,지능범죄,제주 제주시,제주,기타(Top5외),국내,0
지능범죄,사기,지능범죄,제주 제주시,제주,기타(Top5외),국내,6561
지능범죄,횡령,지능범죄,제주 제주시,제주,기타(Top5외),국내,797
지능범죄,배임,지능범죄,제주 제주시,제주,기타(Top5외),국내,51
풍속범죄,성풍속범죄,기타(Top3외),제주 제주시,제주,기타(Top5외),국내,212
풍속범죄,도박범죄,기타(Top3외),제주 제주시,제주,기타(Top5외),국내,109
특별경제범죄,특별경제범죄,기타(Top3외),제주 제주시,제주,기타(Top5외),국내,1025
마약범죄,마약범죄,기타(Top3외),제주 제주시,제주,기타(Top5외),국내,35
보건범죄,보건범죄,기타(Top3외),제주 제주시,제주,기타(Top5외),국내,58
환경범죄,환경범죄,기타(Top3외),제주 제주시,제주,기타(Top5외),국내,11
교통범죄,교통범죄,교통범죄,제주 제주시,제주,기타(Top5외),국내,3366
노동범죄,노동범죄,기타(Top3외),제주 제주시,제주,기타(Top5외),국내,21
안보범죄,안보범죄,기타(Top3외),제주 제주시,제주,기타(Top5외),국내,3
선거범죄,선거범죄,기타(Top3외),제주 제주시,제주,기타(Top5외),국내,9
병역범죄,병역범죄,기타(Top3외),제주 제주시,제주,기타(Top5외),국내,107
기타범죄,기타범죄,기타범죄,제주 제주시,제주,기타(Top5외),국내,3154
강력범죄,살인기수,기타(Top3외),외국 미국,외국,기타(Top5외),외국,0
강력범죄,살인미수등,기타(Top3외),외국 미국,외국,기타(Top5외),외국,0
강력범죄,강도,기타(Top3외),외국 미국,외국,기타(Top5외),외국,0
강력범죄,강간,기타(Top3외),외국 미국,외국,기타(Top5외),외국,4
강력범죄,유사강간,기타(Top3외),외국 미국,외국,기타(Top5외),외국,0
강력범죄,강제추행,기타(Top3외),외국 미국,외국,기타(Top5외),외국,3
강력범죄,기타 강간/강제추행등,기타(Top3외),외국 미국,외국,기타(Top5외),외국,1
강력범죄,방화,기타(Top3외),외국 미국,외국,기타(Top5외),외국,0
절도범죄,절도범죄,기타(Top3외),외국 미국,외국,기타(Top5외),외국,0
폭력범죄,상해,기타(Top3외),외국 미국,외국,기타(Top5외),외국,1
폭력범죄,폭행,기타(Top3외),외국 미국,외국,기타(Top5외),외국,4
폭력범죄,체포/감금,기타(Top3외),외국 미국,외국,기타(Top5외),외국,0
폭력범죄,협박,기타(Top3외),외국 미국,외국,기타(Top5외),외국,0
폭력범죄,약취/유인,기타(Top3외),외국 미국,외국,기타(Top5외),외국,1
폭력범죄,폭력행위등,기타(Top3외),외국 미국,외국,기타(Top5외),외국,0
폭력범죄,공갈,기타(Top3외),외국 미국,외국,기타(Top5외),외국,0
폭력범죄,손괴,기타(Top3외),외국 미국,외국,기타(Top5외),외국,1
지능범죄,직무유기,지능범죄,외국 미국,외국,기타(Top5외),외국,0
지능범죄,직권남용,지능범죄,외국 미국,외국,기타(Top5외),외국,0
지능범죄,증수뢰,지능범죄,외국 미국,외국,기타(Top5외),외국,0
지능범죄,통화,지능범죄,외국 미국,외국,기타(Top5외),외국,1
지능범죄,문서/인장,지능범죄,외국 미국,외국,기타(Top5외),외국,1
지능범죄,유가증권인지,지능범죄,외국 미국,외국,기타(Top5외),외국,0
지능범죄,사기,지능범죄,외국 미국,외국,기타(Top5외),외국,52
지능범죄,횡령,지능범죄,외국 미국,외국,기타(Top5외),외국,5
지능범죄,배임,지능범죄,외국 미국,외국,기타(Top5외),외국,1
풍속범죄,성풍속범죄,기타(Top3외),외국 미국,외국,기타(Top5외),외국,15
풍속범죄,도박범죄,기타(Top3외),외국 미국,외국,기타(Top5외),외국,0
특별경제범죄,특별경제범죄,기타(Top3외),외국 미국,외국,기타(Top5외),외국,9
마약범죄,마약범죄,기타(Top3외),외국 미국,외국,기타(Top5외),외국,4
보건범죄,보건범죄,기타(Top3외),외국 미국,외국,기타(Top5외),외국,1
환경범죄,환경범죄,기타(Top3외),외국 미국,외국,기타(Top5외),외국,0
교통범죄,교통범죄,교통범죄,외국 미국,외국,기타(Top5외),외국,0
노동범죄,노동범죄,기타(Top3외),외국 미국,외국,기타(Top5외),외국,0
안보범죄,안보범죄,기타(Top3외),외국 미국,외국,기타(Top5외),외국,0
선거범죄,선거범죄,기타(Top3외),외국 미국,외국,기타(Top5외),외국,0
병역범죄,병역범죄,기타(Top3외),외국 미국,외국,기타(Top5외),외국,31
기타범죄,기타범죄,기타범죄,외국 미국,외국,기타(Top5외),외국,30
강력범죄,살인기수,기타(Top3외),외국 캐나다,외국,기타(Top5외),외국,0
강력범죄,살인미수등,기타(Top3외),외국 캐나다,외국,기타(Top5외),외국,0
강력범죄,강도,기타(Top3외),외국 캐나다,외국,기타(Top5외),외국,0
강력범죄,강간,기타(Top3외),외국 캐나다,외국,기타(Top5외),외국,1
강력범죄,유사강간,기타(Top3외),외국 캐나다,외국,기타(Top5외),외국,0
강력범죄,강제추행,기타(Top3외),외국 캐나다,외국,기타(Top5외),외국,0
강력범죄,기타 강간/강제추행등,기타(Top3외),외국 캐나다,외국,기타(Top5외),외국,0
강력범죄,방화,기타(Top3외),외국 캐나다,외국,기타(Top5외),외국,0
절도범죄,절도범죄,기타(Top3외),외국 캐나다,외국,기타(Top5외),외국,2
폭력범죄,상해,기타(Top3외),외국 캐나다,외국,기타(Top5외),외국,3
폭력범죄,폭행,기타(Top3외),외국 캐나다,외국,기타(Top5외),외국,1
폭력범죄,체포/감금,기타(Top3외),외국 캐나다,외국,기타(Top5외),외국,2
폭력범죄,협박,기타(Top3외),외국 캐나다,외국,기타(Top5외),외국,3
폭력범죄,약취/유인,기타(Top3외),외국 캐나다,외국,기타(Top5외),외국,0
폭력범죄,폭력행위등,기타(Top3외),외국 캐나다,외국,기타(Top5외),외국,0
폭력범죄,공갈,기타(Top3외),외국 캐나다,외국,기타(Top5외),외국,1
폭력범죄,손괴,기타(Top3외),외국 캐나다,외국,기타(Top5외),외국,0
지능범죄,직무유기,지능범죄,외국 캐나다,외국,기타(Top5외),외국,0
지능범죄,직권남용,지능범죄,외국 캐나다,외국,기타(Top5외),외국,0
지능범죄,증수뢰,지능범죄,외국 캐나다,외국,기타(Top5외),외국,0
지능범죄,통화,지능범죄,외국 캐나다,외국,기타(Top5외),외국,0
지능범죄,문서/인장,지능범죄,외국 캐나다,외국,기타(Top5외),외국,1
지능범죄,유가증권인지,지능범죄,외국 캐나다,외국,기타(Top5외),외국,0
지능범죄,사기,지능범죄,외국 캐나다,외국,기타(Top5외),외국,16
지능범죄,횡령,지능범죄,외국 캐나다,외국,기타(Top5외),외국,1
지능범죄,배임,지능범죄,외국 캐나다,외국,기타(Top5외),외국,1
풍속범죄,성풍속범죄,기타(Top3외),외국 캐나다,외국,기타(Top5외),외국,1
풍속범죄,도박범죄,기타(Top3외),외국 캐나다,외국,기타(Top5외),외국,0
특별경제범죄,특별경제범죄,기타(Top3외),외국 캐나다,외국,기타(Top5외),외국,0
마약범죄,마약범죄,기타(Top3외),외국 캐나다,외국,기타(Top5외),외국,0
보건범죄,보건범죄,기타(Top3외),외국 캐나다,외국,기타(Top5외),외국,0
환경범죄,환경범죄,기타(Top3외),외국 캐나다,외국,기타(Top5외),외국,0
교통범죄,교통범죄,교통범죄,외국 캐나다,외국,기타(Top5외),외국,0
노동범죄,노동범죄,기타(Top3외),외국 캐나다,외국,기타(Top5외),외국,0
안보범죄,안보범죄,기타(Top3외),외국 캐나다,외국,기타(Top5외),외국,0
선거범죄,선거범죄,기타(Top3외),외국 캐나다,외국,기타(Top5외),외국,0
병역범죄,병역범죄,기타(Top3외),외국 캐나다,외국,기타(Top5외),외국,3
기타범죄,기타범죄,기타범죄,외국 캐나다,외국,기타(Top5외),외국,12
강력범죄,살인기수,기타(Top3외),외국 영국,외국,기타(Top5외),외국,0
강력범죄,살인미수등,기타(Top3외),외국 영국,외국,기타(Top5외),외국,0
강력범죄,강도,기타(Top3외),외국 영국,외국,기타(Top5외),외국,0
강력범죄,강간,기타(Top3외),외국 영국,외국,기타(Top5외),외국,2
강력범죄,유사강간,기타(Top3외),외국 영국,외국,기타(Top5외),외국,0
강력범죄,강제추행,기타(Top3외),외국 영국,외국,기타(Top5외),외국,0
강력범죄,기타 강간/강제추행등,기타(Top3외),외국 영국,외국,기타(Top5외),외국,0
강력범죄,방화,기타(Top3외),외국 영국,외국,기타(Top5외),외국,0
절도범죄,절도범죄,기타(Top3외),외국 영국,외국,기타(Top5외),외국,0
폭력범죄,상해,기타(Top3외),외국 영국,외국,기타(Top5외),외국,0
폭력범죄,폭행,기타(Top3외),외국 영국,외국,기타(Top5외),외국,1
폭력범죄,체포/감금,기타(Top3외),외국 영국,외국,기타(Top5외),외국,0
폭력범죄,협박,기타(Top3외),외국 영국,외국,기타(Top5외),외국,0
폭력범죄,약취/유인,기타(Top3외),외국 영국,외국,기타(Top5외),외국,0
폭력범죄,폭력행위등,기타(Top3외),외국 영국,외국,기타(Top5외),외국,2
폭력범죄,공갈,기타(Top3외),외국 영국,외국,기타(Top5외),외국,0
폭력범죄,손괴,기타(Top3외),외국 영국,외국,기타(Top5외),외국,0
지능범죄,직무유기,지능범죄,외국 영국,외국,기타(Top5외),외국,0
지능범죄,직권남용,지능범죄,외국 영국,외국,기타(Top5외),외국,0
지능범죄,증수뢰,지능범죄,외국 영국,외국,기타(Top5외),외국,0
지능범죄,통화,지능범죄,외국 영국,외국,기타(Top5외),외국,0
지능범죄,문서/인장,지능범죄,외국 영국,외국,기타(Top5외),외국,1
지능범죄,유가증권인지,지능범죄,외국 영국,외국,기타(Top5외),외국,0
지능범죄,사기,지능범죄,외국 영국,외국,기타(Top5외),외국,14
지능범죄,횡령,지능범죄,외국 영국,외국,기타(Top5외),외국,0
지능범죄,배임,지능범죄,외국 영국,외국,기타(Top5외),외국,0
풍속범죄,성풍속범죄,기타(Top3외),외국 영국,외국,기타(Top5외),외국,0
풍속범죄,도박범죄,기타(Top3외),외국 영국,외국,기타(Top5외),외국,0
특별경제범죄,특별경제범죄,기타(Top3외),외국 영국,외국,기타(Top5외),외국,0
마약범죄,마약범죄,기타(Top3외),외국 영국,외국,기타(Top5외),외국,0
보건범죄,보건범죄,기타(Top3외),외국 영국,외국,기타(Top5외),외국,0
환경범죄,환경범죄,기타(Top3외),외국 영국,외국,기타(Top5외),외국,0
교통범죄,교통범죄,교통범죄,외국 영국,외국,기타(Top5외),외국,0
노동범죄,노동범죄,기타(Top3외),외국 영국,외국,기타(Top5외),외국,0
안보범죄,안보범죄,기타(Top3외),외국 영국,외국,기타(Top5외),외국,0
선거범죄,선거범죄,기타(Top3외),외국 영국,외국,기타(Top5외),외국,0
병역범죄,병역범죄,기타(Top3외),외국 영국,외국,기타(Top5외),외국,0
기타범죄,기타범죄,기타범죄,외국 영국,외국,기타(Top5외),외국,1
강력범죄,살인기수,기타(Top3외),외국 프랑스,외국,기타(Top5외),외국,0
강력범죄,살인미수등,기타(Top3외),외국 프랑스,외국,기타(Top5외),외국,0
강력범죄,강도,기타(Top3외),외국 프랑스,외국,기타(Top5외),외국,0
강력범죄,강간,기타(Top3외),외국 프랑스,외국,기타(Top5외),외국,0
강력범죄,유사강간,기타(Top3외),외국 프랑스,외국,기타(Top5외),외국,0
강력범죄,강제추행,기타(Top3외),외국 프랑스,외국,기타(Top5외),외국,0
강력범죄,기타 강간/강제추행등,기타(Top3외),외국 프랑스,외국,기타(Top5외),외국,0
강력범죄,방화,기타(Top3외),외국 프랑스,외국,기타(Top5외),외국,0
절도범죄,절도범죄,기타(Top3외),외국 프랑스,외국,기타(Top5외),외국,0
폭력범죄,상해,기타(Top3외),외국 프랑스,외국,기타(Top5외),외국,0
폭력범죄,폭행,기타(Top3외),외국 프랑스,외국,기타(Top5외),외국,1
폭력범죄,체포/감금,기타(Top3외),외국 프랑스,외국,기타(Top5외),외국,0
폭력범죄,협박,기타(Top3외),외국 프랑스,외국,기타(Top5외),외국,0
폭력범죄,약취/유인,기타(Top3외),외국 프랑스,외국,기타(Top5외),외국,0
폭력범죄,폭력행위등,기타(Top3외),외국 프랑스,외국,기타(Top5외),외국,0
폭력범죄,공갈,기타(Top3외),외국 프랑스,외국,기타(Top5외),외국,0
폭력범죄,손괴,기타(Top3외),외국 프랑스,외국,기타(Top5외),외국,0
지능범죄,직무유기,지능범죄,외국 프랑스,외국,기타(Top5외),외국,0
지능범죄,직권남용,지능범죄,외국 프랑스,외국,기타(Top5외),외국,0
지능범죄,증수뢰,지능범죄,외국 프랑스,외국,기타(Top5외),외국,0
지능범죄,통화,지능범죄,외국 프랑스,외국,기타(Top5외),외국,0
지능범죄,문서/인장,지능범죄,외국 프랑스,외국,기타(Top5외),외국,0
지능범죄,유가증권인지,지능범죄,외국 프랑스,외국,기타(Top5외),외국,0
지능범죄,사기,지능범죄,외국 프랑스,외국,기타(Top5외),외국,8
지능범죄,횡령,지능범죄,외국 프랑스,외국,기타(Top5외),외국,0
지능범죄,배임,지능범죄,외국 프랑스,외국,기타(Top5외),외국,0
풍속범죄,성풍속범죄,기타(Top3외),외국 프랑스,외국,기타(Top5외),외국,1
풍속범죄,도박범죄,기타(Top3외),외국 프랑스,외국,기타(Top5외),외국,0
특별경제범죄,특별경제범죄,기타(Top3외),외국 프랑스,외국,기타(Top5외),외국,2
마약범죄,마약범죄,기타(Top3외),외국 프랑스,외국,기타(Top5외),외국,1
보건범죄,보건범죄,기타(Top3외),외국 프랑스,외국,기타(Top5외),외국,0
환경범죄,환경범죄,기타(Top3외),외국 프랑스,외국,기타(Top5외),외국,0
교통범죄,교통범죄,교통범죄,외국 프랑스,외국,기타(Top5외),외국,0
노동범죄,노동범죄,기타(Top3외),외국 프랑스,외국,기타(Top5외),외국,0
안보범죄,안보범죄,기타(Top3외),외국 프랑스,외국,기타(Top5외),외국,0
선거범죄,선거범죄,기타(Top3외),외국 프랑스,외국,기타(Top5외),외국,0
병역범죄,병역범죄,기타(Top3외),외국 프랑스,외국,기타(Top5외),외국,1
기타범죄,기타범죄,기타범죄,외국 프랑스,외국,기타(Top5외),외국,3
강력범죄,살인기수,기타(Top3외),외국 독일,외국,기타(Top5외),외국,0
강력범죄,살인미수등,기타(Top3외),외국 독일,외국,기타(Top5외),외국,0
강력범죄,강도,기타(Top3외),외국 독일,외국,기타(Top5외),외국,0
강력범죄,강간,기타(Top3외),외국 독일,외국,기타(Top5외),외국,0
강력범죄,유사강간,기타(Top3외),외국 독일,외국,기타(Top5외),외국,0
강력범죄,강제추행,기타(Top3외),외국 독일,외국,기타(Top5외),외국,0
강력범죄,기타 강간/강제추행등,기타(Top3외),외국 독일,외국,기타(Top5외),외국,0
강력범죄,방화,기타(Top3외),외국 독일,외국,기타(Top5외),외국,0
절도범죄,절도범죄,기타(Top3외),외국 독일,외국,기타(Top5외),외국,0
폭력범죄,상해,기타(Top3외),외국 독일,외국,기타(Top5외),외국,0
폭력범죄,폭행,기타(Top3외),외국 독일,외국,기타(Top5외),외국,0
폭력범죄,체포/감금,기타(Top3외),외국 독일,외국,기타(Top5외),외국,0
폭력범죄,협박,기타(Top3외),외국 독일,외국,기타(Top5외),외국,1
폭력범죄,약취/유인,기타(Top3외),외국 독일,외국,기타(Top5외),외국,0
폭력범죄,폭력행위등,기타(Top3외),외국 독일,외국,기타(Top5외),외국,0
폭력범죄,공갈,기타(Top3외),외국 독일,외국,기타(Top5외),외국,0
폭력범죄,손괴,기타(Top3외),외국 독일,외국,기타(Top5외),외국,0
지능범죄,직무유기,지능범죄,외국 독일,외국,기타(Top5외),외국,0
지능범죄,직권남용,지능범죄,외국 독일,외국,기타(Top5외),외국,0
지능범죄,증수뢰,지능범죄,외국 독일,외국,기타(Top5외),외국,0
지능범죄,통화,지능범죄,외국 독일,외국,기타(Top5외),외국,0
지능범죄,문서/인장,지능범죄,외국 독일,외국,기타(Top5외),외국,0
지능범죄,유가증권인지,지능범죄,외국 독일,외국,기타(Top5외),외국,0
지능범죄,사기,지능범죄,외국 독일,외국,기타(Top5외),외국,3
지능범죄,횡령,지능범죄,외국 독일,외국,기타(Top5외),외국,1
지능범죄,배임,지능범죄,외국 독일,외국,기타(Top5외),외국,0
풍속범죄,성풍속범죄,기타(Top3외),외국 독일,외국,기타(Top5외),외국,1
풍속범죄,도박범죄,기타(Top3외),외국 독일,외국,기타(Top5외),외국,0
특별경제범죄,특별경제범죄,기타(Top3외),외국 독일,외국,기타(Top5외),외국,1
마약범죄,마약범죄,기타(Top3외),외국 독일,외국,기타(Top5외),외국,1
보건범죄,보건범죄,기타(Top3외),외국 독일,외국,기타(Top5외),외국,0
환경범죄,환경범죄,기타(Top3외),외국 독일,외국,기타(Top5외),외국,0
교통범죄,교통범죄,교통범죄,외국 독일,외국,기타(Top5외),외국,0
노동범죄,노동범죄,기타(Top3외),외국 독일,외국,기타(Top5외),외국,0
안보범죄,안보범죄,기타(Top3외),외국 독일,외국,기타(Top5외),외국,0
선거범죄,선거범죄,기타(Top3외),외국 독일,외국,기타(Top5외),외국,0
병역범죄,병역범죄,기타(Top3외),외국 독일,외국,기타(Top5외),외국,1
기타범죄,기타범죄,기타범죄,외국 독일,외국,기타(Top5외),외국,3
강력범죄,살인기수,기타(Top3외),외국 이탈리아,외국,기타(Top5외),외국,0
강력범죄,살인미수등,기타(Top3외),외국 이탈리아,외국,기타(Top5외),외국,0
강력범죄,강도,기타(Top3외),외국 이탈리아,외국,기타(Top5외),외국,0
강력범죄,강간,기타(Top3외),외국 이탈리아,외국,기타(Top5외),외국,0
강력범죄,유사강간,기타(Top3외),외국 이탈리아,외국,기타(Top5외),외국,0
강력범죄,강제추행,기타(Top3외),외국 이탈리아,외국,기타(Top5외),외국,1
강력범죄,기타 강간/강제추행등,기타(Top3외),외국 이탈리아,외국,기타(Top5외),외국,0
강력범죄,방화,기타(Top3외),외국 이탈리아,외국,기타(Top5외),외국,0
절도범죄,절도범죄,기타(Top3외),외국 이탈리아,외국,기타(Top5외),외국,3
폭력범죄,상해,기타(Top3외),외국 이탈리아,외국,기타(Top5외),외국,0
폭력범죄,폭행,기타(Top3외),외국 이탈리아,외국,기타(Top5외),외국,0
폭력범죄,체포/감금,기타(Top3외),외국 이탈리아,외국,기타(Top5외),외국,0
폭력범죄,협박,기타(Top3외),외국 이탈리아,외국,기타(Top5외),외국,0
폭력범죄,약취/유인,기타(Top3외),외국 이탈리아,외국,기타(Top5외),외국,0
폭력범죄,폭력행위등,기타(Top3외),외국 이탈리아,외국,기타(Top5외),외국,0
폭력범죄,공갈,기타(Top3외),외국 이탈리아,외국,기타(Top5외),외국,1
폭력범죄,손괴,기타(Top3외),외국 이탈리아,외국,기타(Top5외),외국,0
지능범죄,직무유기,지능범죄,외국 이탈리아,외국,기타(Top5외),외국,0
지능범죄,직권남용,지능범죄,외국 이탈리아,외국,기타(Top5외),외국,0
지능범죄,증수뢰,지능범죄,외국 이탈리아,외국,기타(Top5외),외국,0
지능범죄,통화,지능범죄,외국 이탈리아,외국,기타(Top5외),외국,0
지능범죄,문서/인장,지능범죄,외국 이탈리아,외국,기타(Top5외),외국,0
지능범죄,유가증권인지,지능범죄,외국 이탈리아,외국,기타(Top5외),외국,0
지능범죄,사기,지능범죄,외국 이탈리아,외국,기타(Top5외),외국,2
지능범죄,횡령,지능범죄,외국 이탈리아,외국,기타(Top5외),외국,0
지능범죄,배임,지능범죄,외국 이탈리아,외국,기타(Top5외),외국,0
풍속범죄,성풍속범죄,기타(Top3외),외국 이탈리아,외국,기타(Top5외),외국,0
풍속범죄,도박범죄,기타(Top3외),외국 이탈리아,외국,기타(Top5외),외국,0
특별경제범죄,특별경제범죄,기타(Top3외),외국 이탈리아,외국,기타(Top5외),외국,0
마약범죄,마약범죄,기타(Top3외),외국 이탈리아,외국,기타(Top5외),외국,0
보건범죄,보건범죄,기타(Top3외),외국 이탈리아,외국,기타(Top5외),외국,0
환경범죄,환경범죄,기타(Top3외),외국 이탈리아,외국,기타(Top5외),외국,0
교통범죄,교통범죄,교통범죄,외국 이탈리아,외국,기타(Top5외),외국,0
노동범죄,노동범죄,기타(Top3외),외국 이탈리아,외국,기타(Top5외),외국,0
안보범죄,안보범죄,기타(Top3외),외국 이탈리아,외국,기타(Top5외),외국,0
선거범죄,선거범죄,기타(Top3외),외국 이탈리아,외국,기타(Top5외),외국,0
병역범죄,병역범죄,기타(Top3외),외국 이탈리아,외국,기타(Top5외),외국,0
기타범죄,기타범죄,기타범죄,외국 이탈리아,외국,기타(Top5외),외국,0
강력범죄,살인기수,기타(Top3외),외국 스페인,외국,기타(Top5외),외국,0
강력범죄,살인미수등,기타(Top3외),외국 스페인,외국,기타(Top5외),외국,1
강력범죄,강도,기타(Top3외),외국 스페인,외국,기타(Top5외),외국,0
강력범죄,강간,기타(Top3외),외국 스페인,외국,기타(Top5외),외국,0
강력범죄,유사강간,기타(Top3외),외국 스페인,외국,기타(Top5외),외국,0
강력범죄,강제추행,기타(Top3외),외국 스페인,외국,기타(Top5외),외국,1
강력범죄,기타 강간/강제추행등,기타(Top3외),외국 스페인,외국,기타(Top5외),외국,0
강력범죄,방화,기타(Top3외),외국 스페인,외국,기타(Top5외),외국,0
절도범죄,절도범죄,기타(Top3외),외국 스페인,외국,기타(Top5외),외국,0
폭력범죄,상해,기타(Top3외),외국 스페인,외국,기타(Top5외),외국,0
폭력범죄,폭행,기타(Top3외),외국 스페인,외국,기타(Top5외),외국,2
폭력범죄,체포/감금,기타(Top3외),외국 스페인,외국,기타(Top5외),외국,0
폭력범죄,협박,기타(Top3외),외국 스페인,외국,기타(Top5외),외국,0
폭력범죄,약취/유인,기타(Top3외),외국 스페인,외국,기타(Top5외),외국,0
폭력범죄,폭력행위등,기타(Top3외),외국 스페인,외국,기타(Top5외),외국,0
폭력범죄,공갈,기타(Top3외),외국 스페인,외국,기타(Top5외),외국,0
폭력범죄,손괴,기타(Top3외),외국 스페인,외국,기타(Top5외),외국,0
지능범죄,직무유기,지능범죄,외국 스페인,외국,기타(Top5외),외국,0
지능범죄,직권남용,지능범죄,외국 스페인,외국,기타(Top5외),외국,0
지능범죄,증수뢰,지능범죄,외국 스페인,외국,기타(Top5외),외국,0
지능범죄,통화,지능범죄,외국 스페인,외국,기타(Top5외),외국,0
지능범죄,문서/인장,지능범죄,외국 스페인,외국,기타(Top5외),외국,0
지능범죄,유가증권인지,지능범죄,외국 스페인,외국,기타(Top5외),외국,0
지능범죄,사기,지능범죄,외국 스페인,외국,기타(Top5외),외국,1
지능범죄,횡령,지능범죄,외국 스페인,외국,기타(Top5외),외국,1
지능범죄,배임,지능범죄,외국 스페인,외국,기타(Top5외),외국,0
풍속범죄,성풍속범죄,기타(Top3외),외국 스페인,외국,기타(Top5외),외국,0
풍속범죄,도박범죄,기타(Top3외),외국 스페인,외국,기타(Top5외),외국,0
특별경제범죄,특별경제범죄,기타(Top3외),외국 스페인,외국,기타(Top5외),외국,0
마약범죄,마약범죄,기타(Top3외),외국 스페인,외국,기타(Top5외),외국,0
보건범죄,보건범죄,기타(Top3외),외국 스페인,외국,기타(Top5외),외국,0
환경범죄,환경범죄,기타(Top3외),외국 스페인,외국,기타(Top5외),외국,0
교통범죄,교통범죄,교통범죄,외국 스페인,외국,기타(Top5외),외국,0
노동범죄,노동범죄,기타(Top3외),외국 스페인,외국,기타(Top5외),외국,0
안보범죄,안보범죄,기타(Top3외),외국 스페인,외국,기타(Top5외),외국,0
선거범죄,선거범죄,기타(Top3외),외국 스페인,외국,기타(Top5외),외국,0
병역범죄,병역범죄,기타(Top3외),외국 스페인,외국,기타(Top5외),외국,0
기타범죄,기타범죄,기타범죄,외국 스페인,외국,기타(Top5외),외국,0
강력범죄,살인기수,기타(Top3외),외국 러시아,외국,기타(Top5외),외국,0
강력범죄,살인미수등,기타(Top3외),외국 러시아,외국,기타(Top5외),외국,0
강력범죄,강도,기타(Top3외),외국 러시아,외국,기타(Top5외),외국,0
강력범죄,강간,기타(Top3외),외국 러시아,외국,기타(Top5외),외국,0
강력범죄,유사강간,기타(Top3외),외국 러시아,외국,기타(Top5외),외국,0
강력범죄,강제추행,기타(Top3외),외국 러시아,외국,기타(Top5외),외국,0
강력범죄,기타 강간/강제추행등,기타(Top3외),외국 러시아,외국,기타(Top5외),외국,0
강력범죄,방화,기타(Top3외),외국 러시아,외국,기타(Top5외),외국,0
절도범죄,절도범죄,기타(Top3외),외국 러시아,외국,기타(Top5외),외국,0
폭력범죄,상해,기타(Top3외),외국 러시아,외국,기타(Top5외),외국,0
폭력범죄,폭행,기타(Top3외),외국 러시아,외국,기타(Top5외),외국,0
폭력범죄,체포/감금,기타(Top3외),외국 러시아,외국,기타(Top5외),외국,0
폭력범죄,협박,기타(Top3외),외국 러시아,외국,기타(Top5외),외국,0
폭력범죄,약취/유인,기타(Top3외),외국 러시아,외국,기타(Top5외),외국,0
폭력범죄,폭력행위등,기타(Top3외),외국 러시아,외국,기타(Top5외),외국,0
폭력범죄,공갈,기타(Top3외),외국 러시아,외국,기타(Top5외),외국,0
폭력범죄,손괴,기타(Top3외),외국 러시아,외국,기타(Top5외),외국,0
지능범죄,직무유기,지능범죄,외국 러시아,외국,기타(Top5외),외국,0
지능범죄,직권남용,지능범죄,외국 러시아,외국,기타(Top5외),외국,0
지능범죄,증수뢰,지능범죄,외국 러시아,외국,기타(Top5외),외국,0
지능범죄,통화,지능범죄,외국 러시아,외국,기타(Top5외),외국,0
지능범죄,문서/인장,지능범죄,외국 러시아,외국,기타(Top5외),외국,1
지능범죄,유가증권인지,지능범죄,외국 러시아,외국,기타(Top5외),외국,0
지능범죄,사기,지능범죄,외국 러시아,외국,기타(Top5외),외국,2
지능범죄,횡령,지능범죄,외국 러시아,외국,기타(Top5외),외국,1
지능범죄,배임,지능범죄,외국 러시아,외국,기타(Top5외),외국,0
풍속범죄,성풍속범죄,기타(Top3외),외국 러시아,외국,기타(Top5외),외국,0
풍속범죄,도박범죄,기타(Top3외),외국 러시아,외국,기타(Top5외),외국,0
특별경제범죄,특별경제범죄,기타(Top3외),외국 러시아,외국,기타(Top5외),외국,0
마약범죄,마약범죄,기타(Top3외),외국 러시아,외국,기타(Top5외),외국,0
보건범죄,보건범죄,기타(Top3외),외국 러시아,외국,기타(Top5외),외국,0
환경범죄,환경범죄,기타(Top3외),외국 러시아,외국,기타(Top5외),외국,0
교통범죄,교통범죄,교통범죄,외국 러시아,외국,기타(Top5외),외국,0
노동범죄,노동범죄,기타(Top3외),외국 러시아,외국,기타(Top5외),외국,0
안보범죄,안보범죄,기타(Top3외),외국 러시아,외국,기타(Top5외),외국,0
선거범죄,선거범죄,기타(Top3외),외국 러시아,외국,기타(Top5외),외국,0
병역범죄,병역범죄,기타(Top3외),외국 러시아,외국,기타(Top5외),외국,0
기타범죄,기타범죄,기타범죄,외국 러시아,외국,기타(Top5외),외국,1
강력범죄,살인기수,기타(Top3외),외국 튀르키예,외국,기타(Top5외),외국,0
강력범죄,살인미수등,기타(Top3외),외국 튀르키예,외국,기타(Top5외),외국,0
강력범죄,강도,기타(Top3외),외국 튀르키예,외국,기타(Top5외),외국,0
강력범죄,강간,기타(Top3외),외국 튀르키예,외국,기타(Top5외),외국,0
강력범죄,유사강간,기타(Top3외),외국 튀르키예,외국,기타(Top5외),외국,0
강력범죄,강제추행,기타(Top3외),외국 튀르키예,외국,기타(Top5외),외국,0
강력범죄,기타 강간/강제추행등,기타(Top3외),외국 튀르키예,외국,기타(Top5외),외국,0
강력범죄,방화,기타(Top3외),외국 튀르키예,외국,기타(Top5외),외국,0
절도범죄,절도범죄,기타(Top3외),외국 튀르키예,외국,기타(Top5외),외국,0
폭력범죄,상해,기타(Top3외),외국 튀르키예,외국,기타(Top5외),외국,1
폭력범죄,폭행,기타(Top3외),외국 튀르키예,외국,기타(Top5외),외국,0
폭력범죄,체포/감금,기타(Top3외),외국 튀르키예,외국,기타(Top5외),외국,0
폭력범죄,협박,기타(Top3외),외국 튀르키예,외국,기타(Top5외),외국,0
폭력범죄,약취/유인,기타(Top3외),외국 튀르키예,외국,기타(Top5외),외국,0
폭력범죄,폭력행위등,기타(Top3외),외국 튀르키예,외국,기타(Top5외),외국,0
폭력범죄,공갈,기타(Top3외),외국 튀르키예,외국,기타(Top5외),외국,1
폭력범죄,손괴,기타(Top3외),외국 튀르키예,외국,기타(Top5외),외국,0
지능범죄,직무유기,지능범죄,외국 튀르키예,외국,기타(Top5외),외국,0
지능범죄,직권남용,지능범죄,외국 튀르키예,외국,기타(Top5외),외국,0
지능범죄,증수뢰,지능범죄,외국 튀르키예,외국,기타(Top5외),외국,0
지능범죄,통화,지능범죄,외국 튀르키예,외국,기타(Top5외),외국,1
지능범죄,문서/인장,지능범죄,외국 튀르키예,외국,기타(Top5외),외국,0
지능범죄,유가증권인지,지능범죄,외국 튀르키예,외국,기타(Top5외),외국,0
지능범죄,사기,지능범죄,외국 튀르키예,외국,기타(Top5외),외국,1
지능범죄,횡령,지능범죄,외국 튀르키예,외국,기타(Top5외),외국,0
지능범죄,배임,지능범죄,외국 튀르키예,외국,기타(Top5외),외국,0
풍속범죄,성풍속범죄,기타(Top3외),외국 튀르키예,외국,기타(Top5외),외국,1
풍속범죄,도박범죄,기타(Top3외),외국 튀르키예,외국,기타(Top5외),외국,0
특별경제범죄,특별경제범죄,기타(Top3외),외국 튀르키예,외국,기타(Top5외),외국,0
마약범죄,마약범죄,기타(Top3외),외국 튀르키예,외국,기타(Top5외),외국,0
보건범죄,보건범죄,기타(Top3외),외국 튀르키예,외국,기타(Top5외),외국,0
환경범죄,환경범죄,기타(Top3외),외국 튀르키예,외국,기타(Top5외),외국,0
교통범죄,교통범죄,교통범죄,외국 튀르키예,외국,기타(Top5외),외국,0
노동범죄,노동범죄,기타(Top3외),외국 튀르키예,외국,기타(Top5외),외국,0
안보범죄,안보범죄,기타(Top3외),외국 튀르키예,외국,기타(Top5외),외국,0
선거범죄,선거범죄,기타(Top3외),외국 튀르키예,외국,기타(Top5외),외국,0
병역범죄,병역범죄,기타(Top3외),외국 튀르키예,외국,기타(Top5외),외국,0
기타범죄,기타범죄,기타범죄,외국 튀르키예,외국,기타(Top5외),외국,1
강력범죄,살인기수,기타(Top3외),외국 중국,외국,기타(Top5외),외국,0
강력범죄,살인미수등,기타(Top3외),외국 중국,외국,기타(Top5외),외국,1
강력범죄,강도,기타(Top3외),외국 중국,외국,기타(Top5외),외국,0
강력범죄,강간,기타(Top3외),외국 중국,외국,기타(Top5외),외국,1
강력범죄,유사강간,기타(Top3외),외국 중국,외국,기타(Top5외),외국,0
강력범죄,강제추행,기타(Top3외),외국 중국,외국,기타(Top5외),외국,3
강력범죄,기타 강간/강제추행등,기타(Top3외),외국 중국,외국,기타(Top5외),외국,0
강력범죄,방화,기타(Top3외),외국 중국,외국,기타(Top5외),외국,0
절도범죄,절도범죄,기타(Top3외),외국 중국,외국,기타(Top5외),외국,2
폭력범죄,상해,기타(Top3외),외국 중국,외국,기타(Top5외),외국,1
폭력범죄,폭행,기타(Top3외),외국 중국,외국,기타(Top5외),외국,3
폭력범죄,체포/감금,기타(Top3외),외국 중국,외국,기타(Top5외),외국,0
폭력범죄,협박,기타(Top3외),외국 중국,외국,기타(Top5외),외국,2
폭력범죄,약취/유인,기타(Top3외),외국 중국,외국,기타(Top5외),외국,0
폭력범죄,폭력행위등,기타(Top3외),외국 중국,외국,기타(Top5외),외국,0
폭력범죄,공갈,기타(Top3외),외국 중국,외국,기타(Top5외),외국,5
폭력범죄,손괴,기타(Top3외),외국 중국,외국,기타(Top5외),외국,1
지능범죄,직무유기,지능범죄,외국 중국,외국,기타(Top5외),외국,0
지능범죄,직권남용,지능범죄,외국 중국,외국,기타(Top5외),외국,0
지능범죄,증수뢰,지능범죄,외국 중국,외국,기타(Top5외),외국,0
지능범죄,통화,지능범죄,외국 중국,외국,기타(Top5외),외국,0
지능범죄,문서/인장,지능범죄,외국 중국,외국,기타(Top5외),외국,14
지능범죄,유가증권인지,지능범죄,외국 중국,외국,기타(Top5외),외국,0
지능범죄,사기,지능범죄,외국 중국,외국,기타(Top5외),외국,115
지능범죄,횡령,지능범죄,외국 중국,외국,기타(Top5외),외국,3
지능범죄,배임,지능범죄,외국 중국,외국,기타(Top5외),외국,3
풍속범죄,성풍속범죄,기타(Top3외),외국 중국,외국,기타(Top5외),외국,7
풍속범죄,도박범죄,기타(Top3외),외국 중국,외국,기타(Top5외),외국,7
특별경제범죄,특별경제범죄,기타(Top3외),외국 중국,외국,기타(Top5외),외국,14
마약범죄,마약범죄,기타(Top3외),외국 중국,외국,기타(Top5외),외국,2
보건범죄,보건범죄,기타(Top3외),외국 중국,외국,기타(Top5외),외국,0
환경범죄,환경범죄,기타(Top3외),외국 중국,외국,기타(Top5외),외국,0
교통범죄,교통범죄,교통범죄,외국 중국,외국,기타(Top5외),외국,0
노동범죄,노동범죄,기타(Top3외),외국 중국,외국,기타(Top5외),외국,1
안보범죄,안보범죄,기타(Top3외),외국 중국,외국,기타(Top5외),외국,16
선거범죄,선거범죄,기타(Top3외),외국 중국,외국,기타(Top5외),외국,0
병역범죄,병역범죄,기타(Top3외),외국 중국,외국,기타(Top5외),외국,6
기타범죄,기타범죄,기타범죄,외국 중국,외국,기타(Top5외),외국,43
강력범죄,살인기수,기타(Top3외),외국 일본,외국,기타(Top5외),외국,0
강력범죄,살인미수등,기타(Top3외),외국 일본,외국,기타(Top5외),외국,0
강력범죄,강도,기타(Top3외),외국 일본,외국,기타(Top5외),외국,0
강력범죄,강간,기타(Top3외),외국 일본,외국,기타(Top5외),외국,7
강력범죄,유사강간,기타(Top3외),외국 일본,외국,기타(Top5외),외국,0
강력범죄,강제추행,기타(Top3외),외국 일본,외국,기타(Top5외),외국,2
강력범죄,기타 강간/강제추행등,기타(Top3외),외국 일본,외국,기타(Top5외),외국,0
강력범죄,방화,기타(Top3외),외국 일본,외국,기타(Top5외),외국,0
절도범죄,절도범죄,기타(Top3외),외국 일본,외국,기타(Top5외),외국,4
폭력범죄,상해,기타(Top3외),외국 일본,외국,기타(Top5외),외국,5
폭력범죄,폭행,기타(Top3외),외국 일본,외국,기타(Top5외),외국,5
폭력범죄,체포/감금,기타(Top3외),외국 일본,외국,기타(Top5외),외국,0
폭력범죄,협박,기타(Top3외),외국 일본,외국,기타(Top5외),외국,2
폭력범죄,약취/유인,기타(Top3외),외국 일본,외국,기타(Top5외),외국,0
폭력범죄,폭력행위등,기타(Top3외),외국 일본,외국,기타(Top5외),외국,0
폭력범죄,공갈,기타(Top3외),외국 일본,외국,기타(Top5외),외국,1
폭력범죄,손괴,기타(Top3외),외국 일본,외국,기타(Top5외),외국,0
지능범죄,직무유기,지능범죄,외국 일본,외국,기타(Top5외),외국,0
지능범죄,직권남용,지능범죄,외국 일본,외국,기타(Top5외),외국,0
지능범죄,증수뢰,지능범죄,외국 일본,외국,기타(Top5외),외국,0
지능범죄,통화,지능범죄,외국 일본,외국,기타(Top5외),외국,0
지능범죄,문서/인장,지능범죄,외국 일본,외국,기타(Top5외),외국,2
지능범죄,유가증권인지,지능범죄,외국 일본,외국,기타(Top5외),외국,0
지능범죄,사기,지능범죄,외국 일본,외국,기타(Top5외),외국,43
지능범죄,횡령,지능범죄,외국 일본,외국,기타(Top5외),외국,2
지능범죄,배임,지능범죄,외국 일본,외국,기타(Top5외),외국,2
풍속범죄,성풍속범죄,기타(Top3외),외국 일본,외국,기타(Top5외),외국,4
풍속범죄,도박범죄,기타(Top3외),외국 일본,외국,기타(Top5외),외국,1
특별경제범죄,특별경제범죄,기타(Top3외),외국 일본,외국,기타(Top5외),외국,2
마약범죄,마약범죄,기타(Top3외),외국 일본,외국,기타(Top5외),외국,7
보건범죄,보건범죄,기타(Top3외),외국 일본,외국,기타(Top5외),외국,0
환경범죄,환경범죄,기타(Top3외),외국 일본,외국,기타(Top5외),외국,0
교통범죄,교통범죄,교통범죄,외국 일본,외국,기타(Top5외),외국,0
노동범죄,노동범죄,기타(Top3외),외국 일본,외국,기타(Top5외),외국,0
안보범죄,안보범죄,기타(Top3외),외국 일본,외국,기타(Top5외),외국,0
선거범죄,선거범죄,기타(Top3외),외국 일본,외국,기타(Top5외),외국,1
병역범죄,병역범죄,기타(Top3외),외국 일본,외국,기타(Top5외),외국,5
기타범죄,기타범죄,기타범죄,외국 일본,외국,기타(Top5외),외국,31
강력범죄,살인기수,기타(Top3외),외국 필리핀,외국,기타(Top5외),외국,1
강력범죄,살인미수등,기타(Top3외),외국 필리핀,외국,기타(Top5외),외국,1
강력범죄,강도,기타(Top3외),외국 필리핀,외국,기타(Top5외),외국,2
강력범죄,강간,기타(Top3외),외국 필리핀,외국,기타(Top5외),외국,2
강력범죄,유사강간,기타(Top3외),외국 필리핀,외국,기타(Top5외),외국,0
강력범죄,강제추행,기타(Top3외),외국 필리핀,외국,기타(Top5외),외국,6
강력범죄,기타 강간/강제추행등,기타(Top3외),외국 필리핀,외국,기타(Top5외),외국,0
강력범죄,방화,기타(Top3외),외국 필리핀,외국,기타(Top5외),외국,0
절도범죄,절도범죄,기타(Top3외),외국 필리핀,외국,기타(Top5외),외국,2
폭력범죄,상해,기타(Top3외),외국 필리핀,외국,기타(Top5외),외국,4
폭력범죄,폭행,기타(Top3외),외국 필리핀,외국,기타(Top5외),외국,5
폭력범죄,체포/감금,기타(Top3외),외국 필리핀,외국,기타(Top5외),외국,1
폭력범죄,협박,기타(Top3외),외국 필리핀,외국,기타(Top5외),외국,7
폭력범죄,약취/유인,기타(Top3외),외국 필리핀,외국,기타(Top5외),외국,0
폭력범죄,폭력행위등,기타(Top3외),외국 필리핀,외국,기타(Top5외),외국,0
폭력범죄,공갈,기타(Top3외),외국 필리핀,외국,기타(Top5외),외국,5
폭력범죄,손괴,기타(Top3외),외국 필리핀,외국,기타(Top5외),외국,0
지능범죄,직무유기,지능범죄,외국 필리핀,외국,기타(Top5외),외국,0
지능범죄,직권남용,지능범죄,외국 필리핀,외국,기타(Top5외),외국,0
지능범죄,증수뢰,지능범죄,외국 필리핀,외국,기타(Top5외),외국,0
지능범죄,통화,지능범죄,외국 필리핀,외국,기타(Top5외),외국,0
지능범죄,문서/인장,지능범죄,외국 필리핀,외국,기타(Top5외),외국,2
지능범죄,유가증권인지,지능범죄,외국 필리핀,외국,기타(Top5외),외국,0
지능범죄,사기,지능범죄,외국 필리핀,외국,기타(Top5외),외국,118
지능범죄,횡령,지능범죄,외국 필리핀,외국,기타(Top5외),외국,7
지능범죄,배임,지능범죄,외국 필리핀,외국,기타(Top5외),외국,2
풍속범죄,성풍속범죄,기타(Top3외),외국 필리핀,외국,기타(Top5외),외국,4
풍속범죄,도박범죄,기타(Top3외),외국 필리핀,외국,기타(Top5외),외국,7
특별경제범죄,특별경제범죄,기타(Top3외),외국 필리핀,외국,기타(Top5외),외국,12
마약범죄,마약범죄,기타(Top3외),외국 필리핀,외국,기타(Top5외),외국,2
보건범죄,보건범죄,기타(Top3외),외국 필리핀,외국,기타(Top5외),외국,0
환경범죄,환경범죄,기타(Top3외),외국 필리핀,외국,기타(Top5외),외국,0
교통범죄,교통범죄,교통범죄,외국 필리핀,외국,기타(Top5외),외국,0
노동범죄,노동범죄,기타(Top3외),외국 필리핀,외국,기타(Top5외),외국,1
안보범죄,안보범죄,기타(Top3외),외국 필리핀,외국,기타(Top5외),외국,0
선거범죄,선거범죄,기타(Top3외),외국 필리핀,외국,기타(Top5외),외국,0
병역범죄,병역범죄,기타(Top3외),외국 필리핀,외국,기타(Top5외),외국,3
기타범죄,기타범죄,기타범죄,외국 필리핀,외국,기타(Top5외),외국,13
강력범죄,살인기수,기타(Top3외),외국 베트남,외국,기타(Top5외),외국,0
강력범죄,살인미수등,기타(Top3외),외국 베트남,외국,기타(Top5외),외국,2
강력범죄,강도,기타(Top3외),외국 베트남,외국,기타(Top5외),외국,0
강력범죄,강간,기타(Top3외),외국 베트남,외국,기타(Top5외),외국,1
강력범죄,유사강간,기타(Top3외),외국 베트남,외국,기타(Top5외),외국,1
강력범죄,강제추행,기타(Top3외),외국 베트남,외국,기타(Top5외),외국,3
강력범죄,기타 강간/강제추행등,기타(Top3외),외국 베트남,외국,기타(Top5외),외국,0
강력범죄,방화,기타(Top3외),외국 베트남,외국,기타(Top5외),외국,0
절도범죄,절도범죄,기타(Top3외),외국 베트남,외국,기타(Top5외),외국,7
폭력범죄,상해,기타(Top3외),외국 베트남,외국,기타(Top5외),외국,3
폭력범죄,폭행,기타(Top3외),외국 베트남,외국,기타(Top5외),외국,5
폭력범죄,체포/감금,기타(Top3외),외국 베트남,외국,기타(Top5외),외국,3
폭력범죄,협박,기타(Top3외),외국 베트남,외국,기타(Top5외),외국,2
폭력범죄,약취/유인,기타(Top3외),외국 베트남,외국,기타(Top5외),외국,0
폭력범죄,폭력행위등,기타(Top3외),외국 베트남,외국,기타(Top5외),외국,1
폭력범죄,공갈,기타(Top3외),외국 베트남,외국,기타(Top5외),외국,1
폭력범죄,손괴,기타(Top3외),외국 베트남,외국,기타(Top5외),외국,0
지능범죄,직무유기,지능범죄,외국 베트남,외국,기타(Top5외),외국,0
지능범죄,직권남용,지능범죄,외국 베트남,외국,기타(Top5외),외국,0
지능범죄,증수뢰,지능범죄,외국 베트남,외국,기타(Top5외),외국,0
지능범죄,통화,지능범죄,외국 베트남,외국,기타(Top5외),외국,3
지능범죄,문서/인장,지능범죄,외국 베트남,외국,기타(Top5외),외국,3
지능범죄,유가증권인지,지능범죄,외국 베트남,외국,기타(Top5외),외국,0
지능범죄,사기,지능범죄,외국 베트남,외국,기타(Top5외),외국,149
지능범죄,횡령,지능범죄,외국 베트남,외국,기타(Top5외),외국,13
지능범죄,배임,지능범죄,외국 베트남,외국,기타(Top5외),외국,2
풍속범죄,성풍속범죄,기타(Top3외),외국 베트남,외국,기타(Top5외),외국,3
풍속범죄,도박범죄,기타(Top3외),외국 베트남,외국,기타(Top5외),외국,20
특별경제범죄,특별경제범죄,기타(Top3외),외국 베트남,외국,기타(Top5외),외국,9
마약범죄,마약범죄,기타(Top3외),외국 베트남,외국,기타(Top5외),외국,7
보건범죄,보건범죄,기타(Top3외),외국 베트남,외국,기타(Top5외),외국,2
환경범죄,환경범죄,기타(Top3외),외국 베트남,외국,기타(Top5외),외국,1
교통범죄,교통범죄,교통범죄,외국 베트남,외국,기타(Top5외),외국,0
노동범죄,노동범죄,기타(Top3외),외국 베트남,외국,기타(Top5외),외국,0
안보범죄,안보범죄,기타(Top3외),외국 베트남,외국,기타(Top5외),외국,2
선거범죄,선거범죄,기타(Top3외),외국 베트남,외국,기타(Top5외),외국,0
병역범죄,병역범죄,기타(Top3외),외국 베트남,외국,기타(Top5외),외국,1
기타범죄,기타범죄,기타범죄,외국 베트남,외국,기타(Top5외),외국,31
강력범죄,살인기수,기타(Top3외),외국 태국,외국,기타(Top5외),외국,0
강력범죄,살인미수등,기타(Top3외),외국 태국,외국,기타(Top5외),외국,0
강력범죄,강도,기타(Top3외),외국 태국,외국,기타(Top5외),외국,1
강력범죄,강간,기타(Top3외),외국 태국,외국,기타(Top5외),외국,3
강력범죄,유사강간,기타(Top3외),외국 태국,외국,기타(Top5외),외국,0
강력범죄,강제추행,기타(Top3외),외국 태국,외국,기타(Top5외),외국,1
강력범죄,기타 강간/강제추행등,기타(Top3외),외국 태국,외국,기타(Top5외),외국,0
강력범죄,방화,기타(Top3외),외국 태국,외국,기타(Top5외),외국,0
절도범죄,절도범죄,기타(Top3외),외국 태국,외국,기타(Top5외),외국,1
폭력범죄,상해,기타(Top3외),외국 태국,외국,기타(Top5외),외국,3
폭력범죄,폭행,기타(Top3외),외국 태국,외국,기타(Top5외),외국,3
폭력범죄,체포/감금,기타(Top3외),외국 태국,외국,기타(Top5외),외국,0
폭력범죄,협박,기타(Top3외),외국 태국,외국,기타(Top5외),외국,2
폭력범죄,약취/유인,기타(Top3외),외국 태국,외국,기타(Top5외),외국,0
폭력범죄,폭력행위등,기타(Top3외),외국 태국,외국,기타(Top5외),외국,1
폭력범죄,공갈,기타(Top3외),외국 태국,외국,기타(Top5외),외국,0
폭력범죄,손괴,기타(Top3외),외국 태국,외국,기타(Top5외),외국,0
지능범죄,직무유기,지능범죄,외국 태국,외국,기타(Top5외),외국,0
지능범죄,직권남용,지능범죄,외국 태국,외국,기타(Top5외),외국,0
지능범죄,증수뢰,지능범죄,외국 태국,외국,기타(Top5외),외국,0
지능범죄,통화,지능범죄,외국 태국,외국,기타(Top5외),외국,0
지능범죄,문서/인장,지능범죄,외국 태국,외국,기타(Top5외),외국,1
지능범죄,유가증권인지,지능범죄,외국 태국,외국,기타(Top5외),외국,0
지능범죄,사기,지능범죄,외국 태국,외국,기타(Top5외),외국,39
지능범죄,횡령,지능범죄,외국 태국,외국,기타(Top5외),외국,4
지능범죄,배임,지능범죄,외국 태국,외국,기타(Top5외),외국,0
풍속범죄,성풍속범죄,기타(Top3외),외국 태국,외국,기타(Top5외),외국,4
풍속범죄,도박범죄,기타(Top3외),외국 태국,외국,기타(Top5외),외국,0
특별경제범죄,특별경제범죄,기타(Top3외),외국 태국,외국,기타(Top5외),외국,2
마약범죄,마약범죄,기타(Top3외),외국 태국,외국,기타(Top5외),외국,21
보건범죄,보건범죄,기타(Top3외),외국 태국,외국,기타(Top5외),외국,0
환경범죄,환경범죄,기타(Top3외),외국 태국,외국,기타(Top5외),외국,0
교통범죄,교통범죄,교통범죄,외국 태국,외국,기타(Top5외),외국,0
노동범죄,노동범죄,기타(Top3외),외국 태국,외국,기타(Top5외),외국,0
안보범죄,안보범죄,기타(Top3외),외국 태국,외국,기타(Top5외),외국,0
선거범죄,선거범죄,기타(Top3외),외국 태국,외국,기타(Top5외),외국,0
병역범죄,병역범죄,기타(Top3외),외국 태국,외국,기타(Top5외),외국,0
기타범죄,기타범죄,기타범죄,외국 태국,외국,기타(Top5외),외국,9
강력범죄,살인기수,기타(Top3외),외국 말레이시아,외국,기타(Top5외),외국,0
강력범죄,살인미수등,기타(Top3외),외국 말레이시아,외국,기타(Top5외),외국,0
강력범죄,강도,기타(Top3외),외국 말레이시아,외국,기타(Top5외),외국,0
강력범죄,강간,기타(Top3외),외국 말레이시아,외국,기타(Top5외),외국,0
강력범죄,유사강간,기타(Top3외),외국 말레이시아,외국,기타(Top5외),외국,0
강력범죄,강제추행,기타(Top3외),외국 말레이시아,외국,기타(Top5외),외국,0
강력범죄,기타 강간/강제추행등,기타(Top3외),외국 말레이시아,외국,기타(Top5외),외국,0
강력범죄,방화,기타(Top3외),외국 말레이시아,외국,기타(Top5외),외국,0
절도범죄,절도범죄,기타(Top3외),외국 말레이시아,외국,기타(Top5외),외국,1
폭력범죄,상해,기타(Top3외),외국 말레이시아,외국,기타(Top5외),외국,0
폭력범죄,폭행,기타(Top3외),외국 말레이시아,외국,기타(Top5외),외국,0
폭력범죄,체포/감금,기타(Top3외),외국 말레이시아,외국,기타(Top5외),외국,0
폭력범죄,협박,기타(Top3외),외국 말레이시아,외국,기타(Top5외),외국,0
폭력범죄,약취/유인,기타(Top3외),외국 말레이시아,외국,기타(Top5외),외국,0
폭력범죄,폭력행위등,기타(Top3외),외국 말레이시아,외국,기타(Top5외),외국,1
폭력범죄,공갈,기타(Top3외),외국 말레이시아,외국,기타(Top5외),외국,0
폭력범죄,손괴,기타(Top3외),외국 말레이시아,외국,기타(Top5외),외국,0
지능범죄,직무유기,지능범죄,외국 말레이시아,외국,기타(Top5외),외국,0
지능범죄,직권남용,지능범죄,외국 말레이시아,외국,기타(Top5외),외국,0
지능범죄,증수뢰,지능범죄,외국 말레이시아,외국,기타(Top5외),외국,0
지능범죄,통화,지능범죄,외국 말레이시아,외국,기타(Top5외),외국,0
지능범죄,문서/인장,지능범죄,외국 말레이시아,외국,기타(Top5외),외국,0
지능범죄,유가증권인지,지능범죄,외국 말레이시아,외국,기타(Top5외),외국,0
지능범죄,사기,지능범죄,외국 말레이시아,외국,기타(Top5외),외국,13
지능범죄,횡령,지능범죄,외국 말레이시아,외국,기타(Top5외),외국,2
지능범죄,배임,지능범죄,외국 말레이시아,외국,기타(Top5외),외국,0
풍속범죄,성풍속범죄,기타(Top3외),외국 말레이시아,외국,기타(Top5외),외국,0
풍속범죄,도박범죄,기타(Top3외),외국 말레이시아,외국,기타(Top5외),외국,1
특별경제범죄,특별경제범죄,기타(Top3외),외국 말레이시아,외국,기타(Top5외),외국,0
마약범죄,마약범죄,기타(Top3외),외국 말레이시아,외국,기타(Top5외),외국,0
보건범죄,보건범죄,기타(Top3외),외국 말레이시아,외국,기타(Top5외),외국,2
환경범죄,환경범죄,기타(Top3외),외국 말레이시아,외국,기타(Top5외),외국,0
교통범죄,교통범죄,교통범죄,외국 말레이시아,외국,기타(Top5외),외국,0
노동범죄,노동범죄,기타(Top3외),외국 말레이시아,외국,기타(Top5외),외국,0
안보범죄,안보범죄,기타(Top3외),외국 말레이시아,외국,기타(Top5외),외국,6
선거범죄,선거범죄,기타(Top3외),외국 말레이시아,외국,기타(Top5외),외국,0
병역범죄,병역범죄,기타(Top3외),외국 말레이시아,외국,기타(Top5외),외국,0
기타범죄,기타범죄,기타범죄,외국 말레이시아,외국,기타(Top5외),외국,5
강력범죄,살인기수,기타(Top3외),외국 인도네시아,외국,기타(Top5외),외국,0
강력범죄,살인미수등,기타(Top3외),외국 인도네시아,외국,기타(Top5외),외국,0
강력범죄,강도,기타(Top3외),외국 인도네시아,외국,기타(Top5외),외국,0
강력범죄,강간,기타(Top3외),외국 인도네시아,외국,기타(Top5외),외국,1
강력범죄,유사강간,기타(Top3외),외국 인도네시아,외국,기타(Top5외),외국,0
강력범죄,강제추행,기타(Top3외),외국 인도네시아,외국,기타(Top5외),외국,5
강력범죄,기타 강간/강제추행등,기타(Top3외),외국 인도네시아,외국,기타(Top5외),외국,1
강력범죄,방화,기타(Top3외),외국 인도네시아,외국,기타(Top5외),외국,0
절도범죄,절도범죄,기타(Top3외),외국 인도네시아,외국,기타(Top5외),외국,1
폭력범죄,상해,기타(Top3외),외국 인도네시아,외국,기타(Top5외),외국,2
폭력범죄,폭행,기타(Top3외),외국 인도네시아,외국,기타(Top5외),외국,2
폭력범죄,체포/감금,기타(Top3외),외국 인도네시아,외국,기타(Top5외),외국,0
폭력범죄,협박,기타(Top3외),외국 인도네시아,외국,기타(Top5외),외국,0
폭력범죄,약취/유인,기타(Top3외),외국 인도네시아,외국,기타(Top5외),외국,0
폭력범죄,폭력행위등,기타(Top3외),외국 인도네시아,외국,기타(Top5외),외국,0
폭력범죄,공갈,기타(Top3외),외국 인도네시아,외국,기타(Top5외),외국,0
폭력범죄,손괴,기타(Top3외),외국 인도네시아,외국,기타(Top5외),외국,0
지능범죄,직무유기,지능범죄,외국 인도네시아,외국,기타(Top5외),외국,0
지능범죄,직권남용,지능범죄,외국 인도네시아,외국,기타(Top5외),외국,0
지능범죄,증수뢰,지능범죄,외국 인도네시아,외국,기타(Top5외),외국,0
지능범죄,통화,지능범죄,외국 인도네시아,외국,기타(Top5외),외국,0
지능범죄,문서/인장,지능범죄,외국 인도네시아,외국,기타(Top5외),외국,1
지능범죄,유가증권인지,지능범죄,외국 인도네시아,외국,기타(Top5외),외국,0
지능범죄,사기,지능범죄,외국 인도네시아,외국,기타(Top5외),외국,15
지능범죄,횡령,지능범죄,외국 인도네시아,외국,기타(Top5외),외국,2
지능범죄,배임,지능범죄,외국 인도네시아,외국,기타(Top5외),외국,1
풍속범죄,성풍속범죄,기타(Top3외),외국 인도네시아,외국,기타(Top5외),외국,0
풍속범죄,도박범죄,기타(Top3외),외국 인도네시아,외국,기타(Top5외),외국,0
특별경제범죄,특별경제범죄,기타(Top3외),외국 인도네시아,외국,기타(Top5외),외국,2
마약범죄,마약범죄,기타(Top3외),외국 인도네시아,외국,기타(Top5외),외국,0
보건범죄,보건범죄,기타(Top3외),외국 인도네시아,외국,기타(Top5외),외국,0
환경범죄,환경범죄,기타(Top3외),외국 인도네시아,외국,기타(Top5외),외국,0
교통범죄,교통범죄,교통범죄,외국 인도네시아,외국,기타(Top5외),외국,0
노동범죄,노동범죄,기타(Top3외),외국 인도네시아,외국,기타(Top5외),외국,0
안보범죄,안보범죄,기타(Top3외),외국 인도네시아,외국,기타(Top5외),외국,0
선거범죄,선거범죄,기타(Top3외),외국 인도네시아,외국,기타(Top5외),외국,0
병역범죄,병역범죄,기타(Top3외),외국 인도네시아,외국,기타(Top5외),외국,0
기타범죄,기타범죄,기타범죄,외국 인도네시아,외국,기타(Top5외),외국,7
강력범죄,살인기수,기타(Top3외),외국 기타국가,외국,기타(Top5외),외국,1
강력범죄,살인미수등,기타(Top3외),외국 기타국가,외국,기타(Top5외),외국,0
강력범죄,강도,기타(Top3외),외국 기타국가,외국,기타(Top5외),외국,3
강력범죄,강간,기타(Top3외),외국 기타국가,외국,기타(Top5외),외국,2
강력범죄,유사강간,기타(Top3외),외국 기타국가,외국,기타(Top5외),외국,0
강력범죄,강제추행,기타(Top3외),외국 기타국가,외국,기타(Top5외),외국,6
강력범죄,기타 강간/강제추행등,기타(Top3외),외국 기타국가,외국,기타(Top5외),외국,0
강력범죄,방화,기타(Top3외),외국 기타국가,외국,기타(Top5외),외국,0
절도범죄,절도범죄,기타(Top3외),외국 기타국가,외국,기타(Top5외),외국,12
폭력범죄,상해,기타(Top3외),외국 기타국가,외국,기타(Top5외),외국,4
폭력범죄,폭행,기타(Top3외),외국 기타국가,외국,기타(Top5외),외국,13
폭력범죄,체포/감금,기타(Top3외),외국 기타국가,외국,기타(Top5외),외국,2
폭력범죄,협박,기타(Top3외),외국 기타국가,외국,기타(Top5외),외국,5
폭력범죄,약취/유인,기타(Top3외),외국 기타국가,외국,기타(Top5외),외국,0
폭력범죄,폭력행위등,기타(Top3외),외국 기타국가,외국,기타(Top5외),외국,3
폭력범죄,공갈,기타(Top3외),외국 기타국가,외국,기타(Top5외),외국,2
폭력범죄,손괴,기타(Top3외),외국 기타국가,외국,기타(Top5외),외국,0
지능범죄,직무유기,지능범죄,외국 기타국가,외국,기타(Top5외),외국,0
지능범죄,직권남용,지능범죄,외국 기타국가,외국,기타(Top5외),외국,0
지능범죄,증수뢰,지능범죄,외국 기타국가,외국,기타(Top5외),외국,0
지능범죄,통화,지능범죄,외국 기타국가,외국,기타(Top5외),외국,2
지능범죄,문서/인장,지능범죄,외국 기타국가,외국,기타(Top5외),외국,5
지능범죄,유가증권인지,지능범죄,외국 기타국가,외국,기타(Top5외),외국,0
지능범죄,사기,지능범죄,외국 기타국가,외국,기타(Top5외),외국,214
지능범죄,횡령,지능범죄,외국 기타국가,외국,기타(Top5외),외국,23
지능범죄,배임,지능범죄,외국 기타국가,외국,기타(Top5외),외국,3
풍속범죄,성풍속범죄,기타(Top3외),외국 기타국가,외국,기타(Top5외),외국,15
풍속범죄,도박범죄,기타(Top3외),외국 기타국가,외국,기타(Top5외),외국,13
특별경제범죄,특별경제범죄,기타(Top3외),외국 기타국가,외국,기타(Top5외),외국,20
마약범죄,마약범죄,기타(Top3외),외국 기타국가,외국,기타(Top5외),외국,8
보건범죄,보건범죄,기타(Top3외),외국 기타국가,외국,기타(Top5외),외국,1
환경범죄,환경범죄,기타(Top3외),외국 기타국가,외국,기타(Top5외),외국,0
교통범죄,교통범죄,교통범죄,외국 기타국가,외국,기타(Top5외),외국,0
노동범죄,노동범죄,기타(Top3외),외국 기타국가,외국,기타(Top5외),외국,0
안보범죄,안보범죄,기타(Top3외),외국 기타국가,외국,기타(Top5외),외국,5
선거범죄,선거범죄,기타(Top3외),외국 기타국가,외국,기타(Top5외),외국,0
병역범죄,병역범죄,기타(Top3외),외국 기타국가,외국,기타(Top5외),외국,3
기타범죄,기타범죄,기타범죄,외국 기타국가,외국,기타(Top5외),외국,66
